task_id,split,seed,rank,noise_sd,angle_pi,arm,candidate_id,tree_id,shape,budget_k,resource_cost,channel_cost,cable_cost,parameter_count,decoder_coefficients,encoder_coefficients,utility_actual_step,utility_optimized_step,gradient_alignment,update_mean_square,minibatch_covariance_trace,single_trial_second_moment,actual_update_second_moment,global_calibration_curvature,initial_calibration_loss,exact_expected_calibration_decrease,expected_calibration_decrease_minus_bound,actual_training_first_step_test_decrease,actual_training_first_step_calibration_decrease
s7213_r1_n000_a125,confirmatory,7213,1,0.0,0.125,feedback_only,balanced_contiguous_k1,balanced_contiguous,balanced,1,0.1737418407321983,0.125,0.487418407321983,64,64,8,0.21102093093834404,0.2792479079427019,0.8069603082758787,0.8069603082758778,0.23009842781337947,8.17010999830402,1.0370587360892574,1.1242970452994745,0.48466235172568967,0.22892050484207688,0.01789957390373284,0.22404756893680328,0.22472338539501224
s7213_r1_n000_a125,confirmatory,7213,1,0.0,0.125,feedback_only,balanced_contiguous_k2,balanced_contiguous,balanced,2,0.2987418407321983,0.25,0.487418407321983,64,64,16,0.21161205912934739,0.2800301588309413,0.8092208280504884,0.8092208280504887,0.2307429973675993,8.192996743813666,1.0399638254180879,1.1242970452994745,0.48466235172568967,0.2294114427058408,0.01779938357649341,0.2245252771612951,0.225204246031241
s7213_r1_n000_a125,confirmatory,7213,1,0.0,0.125,feedback_only,balanced_contiguous_k4,balanced_contiguous,balanced,4,0.5487418407321983,0.5,0.487418407321983,64,64,32,0.21946703931466777,0.2904247996560402,0.839258877848018,0.8392588778480179,0.23930811260574392,8.497118481231823,1.0785669904537618,1.1242970452994745,0.48466235172568967,0.235855350451122,0.016388311136454226,0.2307936111040787,0.23151513746402297
s7213_r1_n000_a125,confirmatory,7213,1,0.0,0.125,feedback_only,balanced_contiguous_k8,balanced_contiguous,balanced,8,1.0487418407321982,1.0,0.487418407321983,64,64,64,0.24722639879817157,0.3271592744170426,0.945412808582473,0.945412808582473,0.26957707666470226,9.571879261852946,1.2149898852471752,1.1242970452994745,0.48466235172568967,0.25743987590787487,0.0102134771097033,0.2517609876725071,0.25264286385527446
s7213_r1_n000_a125,confirmatory,7213,1,0.0,0.125,feedback_only,balanced_interleaved_k1,balanced_interleaved,balanced,1,0.19088469787505546,0.125,0.6588469787505544,64,64,8,0.21102093093834404,0.2792479079427019,0.8069603082758787,0.8069603082758778,0.23009842781337947,8.17010999830402,1.0370587360892574,1.1242970452994745,0.48466235172568967,0.22892050484207688,0.01789957390373284,0.22404756893680328,0.22472338539501224
s7213_r1_n000_a125,confirmatory,7213,1,0.0,0.125,feedback_only,balanced_interleaved_k2,balanced_interleaved,balanced,2,0.31588469787505546,0.25,0.6588469787505544,64,64,16,0.21184218133820945,0.28033468381389026,0.8101008331181313,0.8101008331181314,0.23099392393790996,8.20190639913125,1.0410947570560414,1.1242970452994745,0.48466235172568967,0.22960233437333533,0.017760153035125875,0.22471101925541256,0.2253912172404537
s7213_r1_n000_a125,confirmatory,7213,1,0.0,0.125,feedback_only,balanced_interleaved_k4,balanced_interleaved,balanced,4,0.5658846978750555,0.5,0.6588469787505544,64,64,32,0.22843218708278246,0.3022885458138784,0.873542294068992,0.8735422940689919,0.2490837609141126,8.844222643320595,1.1226260549831044,1.1242970452994745,0.48466235172568967,0.24302877057490613,0.014596583492123671,0.23776715033987567,0.23853876699751592
s7213_r1_n000_a125,confirmatory,7213,1,0.0,0.125,feedback_only,balanced_interleaved_k8,balanced_interleaved,balanced,8,1.0658846978750554,1.0,0.6588469787505544,64,64,64,0.24722639879817157,0.3271592744170426,0.945412808582473,0.945412808582473,0.26957707666470226,9.571879261852946,1.2149898852471752,1.1242970452994745,0.48466235172568967,0.25743987590787487,0.0102134771097033,0.2517609876725071,0.25264286385527446
s7213_r1_n000_a125,confirmatory,7213,1,0.0,0.125,feedback_only,balanced_permutation_a_k1,balanced_permutation_a,balanced,1,0.18899250811836066,0.125,0.6399250811836067,64,64,8,0.21102093093834404,0.2792479079427019,0.8069603082758787,0.8069603082758778,0.23009842781337947,8.17010999830402,1.0370587360892574,1.1242970452994745,0.48466235172568967,0.22892050484207688,0.01789957390373284,0.22404756893680328,0.22472338539501224
s7213_r1_n000_a125,confirmatory,7213,1,0.0,0.125,feedback_only,balanced_permutation_a_k2,balanced_permutation_a,balanced,2,0.31399250811836066,0.25,0.6399250811836067,64,64,16,0.22728231154017406,0.3007668942021636,0.8691450813459883,0.8691450813459884,0.24782993005781448,8.799702843196052,1.1169750114038028,1.1242970452994745,0.48466235172568967,0.2421195031706847,0.014837191630510643,0.23688348955400673,0.2376485911315095
s7213_r1_n000_a125,confirmatory,7213,1,0.0,0.125,feedback_only,balanced_permutation_a_k4,balanced_permutation_a,balanced,4,0.5639925081183607,0.5,0.6399250811836067,64,64,32,0.22779595069556702,0.3014466024137763,0.8711092770745134,0.8711092770745135,0.24839000512522025,8.819589441081561,1.1194992821997336,1.1242970452994745,0.48466235172568967,0.24252605755610077,0.014730106860533748,0.23727860459189837,0.23804661310781655
s7213_r1_n000_a125,confirmatory,7213,1,0.0,0.125,feedback_only,balanced_permutation_a_k8,balanced_permutation_a,balanced,8,1.0639925081183608,1.0,0.6399250811836067,64,64,64,0.24722639879817157,0.3271592744170426,0.945412808582473,0.945412808582473,0.26957707666470226,9.571879261852946,1.2149898852471752,1.1242970452994745,0.48466235172568967,0.25743987590787487,0.0102134771097033,0.2517609876725071,0.25264286385527446
s7213_r1_n000_a125,confirmatory,7213,1,0.0,0.125,feedback_only,balanced_permutation_b_k1,balanced_permutation_b,balanced,1,0.18840039778945986,0.125,0.6340039778945984,64,64,8,0.21102093093834404,0.2792479079427019,0.8069603082758787,0.8069603082758778,0.23009842781337947,8.17010999830402,1.0370587360892574,1.1242970452994745,0.48466235172568967,0.22892050484207688,0.01789957390373284,0.22404756893680328,0.22472338539501224
s7213_r1_n000_a125,confirmatory,7213,1,0.0,0.125,feedback_only,balanced_permutation_b_k2,balanced_permutation_b,balanced,2,0.31340039778945983,0.25,0.6340039778945984,64,64,16,0.2138595631370565,0.28300432252861246,0.8178154566441902,0.8178154566441905,0.23319368856860279,8.28001349083948,1.0510091452127934,1.1242970452994745,0.48466235172568967,0.2312703499825382,0.017410786845481696,0.22633390603654222,0.22702492478550573
s7213_r1_n000_a125,confirmatory,7213,1,0.0,0.125,feedback_only,balanced_permutation_b_k4,balanced_permutation_b,balanced,4,0.5634003977894598,0.5,0.6340039778945984,64,64,32,0.24097910885713703,0.31889211988129146,0.9215226902217544,0.9215226902217539,0.26276499604722825,9.330002563733059,1.1842876862689822,1.1242970452994745,0.48466235172568967,0.2527437540272541,0.01176464517011705,0.2472033040741124,0.2480477403559526
s7213_r1_n000_a125,confirmatory,7213,1,0.0,0.125,feedback_only,balanced_permutation_b_k8,balanced_permutation_b,balanced,8,1.06340039778946,1.0,0.6340039778945984,64,64,64,0.24722639879817157,0.3271592744170426,0.945412808582473,0.945412808582473,0.26957707666470226,9.571879261852946,1.2149898852471752,1.1242970452994745,0.48466235172568967,0.25743987590787487,0.0102134771097033,0.2517609876725071,0.25264286385527446
s7213_r1_n000_a125,confirmatory,7213,1,0.0,0.125,feedback_only,comb_contiguous_k1,comb_contiguous,comb,1,0.225,0.125,1.0,64,64,8,0.21102093093834404,0.2792479079427019,0.8069603082758787,0.8069603082758778,0.23009842781337947,8.17010999830402,1.0370587360892574,1.1242970452994745,0.48466235172568967,0.22892050484207688,0.01789957390373284,0.22404756893680328,0.22472338539501224
s7213_r1_n000_a125,confirmatory,7213,1,0.0,0.125,feedback_only,comb_contiguous_k2,comb_contiguous,comb,2,0.35,0.25,1.0,64,64,16,0.2116726738127645,0.2801103713646438,0.8094526232728808,0.809452623272881,0.2308090919644465,8.195343566135168,1.0402617152373275,1.1242970452994745,0.48466235172568967,0.2294617363285012,0.017789062515736698,0.22457421434071811,0.22525350685878304
s7213_r1_n000_a125,confirmatory,7213,1,0.0,0.125,feedback_only,comb_contiguous_k4,comb_contiguous,comb,4,0.6,0.5,1.0,64,64,32,0.2224690325410363,0.2943973929167842,0.8507387313801791,0.8507387313801791,0.2425815031581514,8.613346832441025,1.0933202345383304,1.1242970452994745,0.48466235172568967,0.23827889467943963,0.015809862138403324,0.23315016469539765,0.2338882836565182
s7213_r1_n000_a125,confirmatory,7213,1,0.0,0.125,feedback_only,comb_contiguous_k8,comb_contiguous,comb,8,1.1,1.0,1.0,64,64,64,0.24722639879817157,0.3271592744170426,0.945412808582473,0.945412808582473,0.26957707666470226,9.571879261852946,1.2149898852471752,1.1242970452994745,0.48466235172568967,0.25743987590787487,0.0102134771097033,0.2517609876725071,0.25264286385527446
s7213_r1_n000_a125,confirmatory,7213,1,0.0,0.125,joint_forward_feedback,balanced_contiguous_k1,balanced_contiguous,balanced,1,0.1737418407321983,0.125,0.487418407321983,64,64,8,0.12947635872860339,0.29550006919221916,0.42288633019017174,0.42288633019017186,0.12058273340410915,4.281533799121664,0.543469063594281,0.5567816114989792,0.48466235172568967,0.13331339574541617,0.0038370370168127887,0.13072237770974365,0.1309647286341543
s7213_r1_n000_a125,confirmatory,7213,1,0.0,0.125,joint_forward_feedback,balanced_contiguous_k2,balanced_contiguous,balanced,2,0.2987418407321983,0.25,0.487418407321983,64,64,16,0.1298366856861972,0.2963224327645837,0.4240632040709459,0.4240632040709459,0.12091830979730171,4.293449117584601,0.5449815138682476,0.5567816114989792,0.48466235172568967,0.13364338658509417,0.003806700898896981,0.13104527266807964,0.13128864160336626
s7213_r1_n000_a125,confirmatory,7213,1,0.0,0.125,joint_forward_feedback,balanced_contiguous_k4,balanced_contiguous,balanced,4,0.5487418407321983,0.5,0.487418407321983,64,64,32,0.13429193899893363,0.30649052580573927,0.4386146306170069,0.4386146306170069,0.12506753539904697,4.44077576338651,0.5636821660160538,0.5567816114989792,0.48466235172568967,0.13770474085341225,0.00341280185447862,0.1350189427452915,0.13527505640317777
s7213_r1_n000_a125,confirmatory,7213,1,0.0,0.125,joint_forward_feedback,balanced_contiguous_k8,balanced_contiguous,balanced,8,1.0487418407321982,1.0,0.487418407321983,64,64,64,0.14334816127659314,0.3271592744170432,0.46819340964657086,0.46819340964657086,0.13350169316559626,4.740247590945652,0.6016951028121671,0.5567816114989792,0.48466235172568967,0.1458530085357576,0.002504847259164472,0.1429892744820767,0.14327219300074892
s7213_r1_n000_a125,confirmatory,7213,1,0.0,0.125,joint_forward_feedback,balanced_interleaved_k1,balanced_interleaved,balanced,1,0.19088469787505546,0.125,0.6588469787505544,64,64,8,0.14853685165362632,0.2850173139160357,0.5016472717449191,0.5016472717449191,0.14304080059649585,5.078952890832786,0.6446880723414149,0.6847720656125214,0.48466235172568967,0.1548954760165953,0.006358624362968995,0.15183097991245229,0.1521456665858756
s7213_r1_n000_a125,confirmatory,7213,1,0.0,0.125,joint_forward_feedback,balanced_interleaved_k2,balanced_interleaved,balanced,2,0.31588469787505546,0.25,0.6588469787505544,64,64,16,0.1491104561034501,0.2861179646819499,0.5035844819665674,0.5035844819665676,0.1435931809574304,5.098566272604341,0.647177662923998,0.6847720656125214,0.48466235172568967,0.15541346310071047,0.0063030069972603575,0.1523373572556069,0.15265393072179045
s7213_r1_n000_a125,confirmatory,7213,1,0.0,0.125,joint_forward_feedback,balanced_interleaved_k4,balanced_interleaved,balanced,4,0.5658846978750555,0.5,0.6588469787505544,64,64,32,0.160338501716625,0.30766270166517595,0.5415044889289552,0.5415044889289551,0.15440577470613673,5.48248927952533,0.6959102636350918,0.6847720656125214,0.48466235172568967,0.16542861559446323,0.005090113877838226,0.16212560204490162,0.16248014905724464
s7213_r1_n000_a125,confirmatory,7213,1,0.0,0.125,joint_forward_feedback,balanced_interleaved_k8,balanced_interleaved,balanced,8,1.0658846978750554,1.0,0.6588469787505544,64,64,64,0.1704991459764728,0.32715927441704296,0.5758196061229642,0.5758196061229642,0.1641904622993138,5.829914399701006,0.740010068422278,0.6847720656125214,0.48466235172568967,0.17428796230487514,0.0037888163284023335,0.17078018239538806,0.17117079935041712
s7213_r1_n000_a125,confirmatory,7213,1,0.0,0.125,joint_forward_feedback,balanced_permutation_a_k1,balanced_permutation_a,balanced,1,0.18899250811836066,0.125,0.6399250811836067,64,64,8,0.14839515088986857,0.2858932896726743,0.5007217715444093,0.5007217715444094,0.14277690144446298,5.0695826177672245,0.6434986729888724,0.6814144467761722,0.48466235172568967,0.15464779048147284,0.00625263959160427,0.1515888415286725,0.15190262861265963
s7213_r1_n000_a125,confirmatory,7213,1,0.0,0.125,joint_forward_feedback,balanced_permutation_a_k2,balanced_permutation_a,balanced,2,0.31399250811836066,0.25,0.6399250811836067,64,64,16,0.16093300270158958,0.31004830874429923,0.5430275701697662,0.5430275701697662,0.15484006942342154,5.497909791719255,0.6978676395931878,0.6814144467761722,0.48466235172568967,0.1658259434968759,0.004892940795286321,0.16251382987456747,0.1628699434742336
s7213_r1_n000_a125,confirmatory,7213,1,0.0,0.125,joint_forward_feedback,balanced_permutation_a_k4,balanced_permutation_a,balanced,4,0.5639925081183607,0.5,0.6399250811836067,64,64,32,0.16170041397427085,0.31152677843797244,0.5456170047278084,0.5456170047278084,0.15557842645860723,5.52412665140324,0.7011954311864156,0.6814144467761722,0.48466235172568967,0.1665005770164707,0.004800163042199851,0.16317299454649353,0.16353177887750248
s7213_r1_n000_a125,confirmatory,7213,1,0.0,0.125,joint_forward_feedback,balanced_permutation_a_k8,balanced_permutation_a,balanced,8,1.0639925081183608,1.0,0.6399250811836067,64,64,64,0.16981458343328604,0.3271592744170427,0.5729962100574013,0.5729962100574013,0.163385392968,5.801328785033402,0.7363816030254013,0.6814144467761722,0.48466235172568967,0.17356633571217678,0.003751752278890741,0.1700753832159552,0.17046297118240583
s7213_r1_n000_a125,confirmatory,7213,1,0.0,0.125,joint_forward_feedback,balanced_permutation_b_k1,balanced_permutation_b,balanced,1,0.18840039778945986,0.125,0.6340039778945984,64,64,8,0.14555038512345095,0.2857152178017819,0.48912679078308374,0.48912679078308385,0.1394706832620498,4.952188655168678,0.6285974740451337,0.6660501067716271,0.48466235172568967,0.15153277126413273,0.005982386140681778,0.14854335230314963,0.14884596896351027
s7213_r1_n000_a125,confirmatory,7213,1,0.0,0.125,joint_forward_feedback,balanced_permutation_b_k2,balanced_permutation_b,balanced,2,0.31340039778945983,0.25,0.6340039778945984,64,64,16,0.14733297908356766,0.28921444744061037,0.4951172556124393,0.49511725561243936,0.14117881750975667,5.0128394159246525,0.636296073122196,0.6660501067716271,0.48466235172568967,0.15314488306454593,0.005811903980978278,0.15011953420154342,0.1504278988701885
s7213_r1_n000_a125,confirmatory,7213,1,0.0,0.125,joint_forward_feedback,balanced_permutation_b_k4,balanced_permutation_b,balanced,4,0.5634003977894598,0.5,0.6340039778945984,64,64,32,0.16380356695597745,0.3215461901378047,0.5504672004546297,0.5504672004546296,0.15696142187967477,5.573232700604223,0.7074286223343044,0.6660501067716271,0.48466235172568967,0.16776124832180092,0.003957681365823473,0.16440469989693637,0.16476851153834382
s7213_r1_n000_a125,confirmatory,7213,1,0.0,0.125,joint_forward_feedback,balanced_permutation_b_k8,balanced_permutation_b,balanced,8,1.06340039778946,1.0,0.6340039778945984,64,64,64,0.16666301065260372,0.32715927441704284,0.5600764537559484,0.5600764537559484,0.15970142538965904,5.670522066225038,0.7197778791456074,0.6660501067716271,0.48466235172568967,0.17024748342444526,0.0035844727718415403,0.16683357934093557,0.1672074467862876
s7213_r1_n000_a125,confirmatory,7213,1,0.0,0.125,joint_forward_feedback,comb_contiguous_k1,comb_contiguous,comb,1,0.225,0.125,1.0,64,64,8,0.1581395158704385,0.27813297335271536,0.5454118625310337,0.5454118625310335,0.1555199317637976,5.522049678972557,0.7009317942948311,0.7629409479659143,0.48466235172568967,0.16644717087224914,0.008307655001810632,0.16312081377482474,0.16347938618637037
s7213_r1_n000_a125,confirmatory,7213,1,0.0,0.125,joint_forward_feedback,comb_contiguous_k2,comb_contiguous,comb,2,0.35,0.25,1.0,64,64,16,0.15823530361545943,0.27830144313831445,0.5457422276022302,0.54574222760223,0.15561413278298922,5.525394476657885,0.7013563603852192,0.7629409479659143,0.48466235172568967,0.16653317378862728,0.008297870173167854,0.16320484333640445,0.1635637570557446
s7213_r1_n000_a125,confirmatory,7213,1,0.0,0.125,joint_forward_feedback,comb_contiguous_k4,comb_contiguous,comb,4,0.6,0.5,1.0,64,64,32,0.17050536891503096,0.2998818161792802,0.588060803902284,0.588060803902284,0.1676809442160664,5.953851018816409,0.7557417481183504,0.7629409479659143,0.48466235172568967,0.17740151241507907,0.0068961435000481075,0.17382081750686626,0.17422469397945148
s7213_r1_n000_a125,confirmatory,7213,1,0.0,0.125,joint_forward_feedback,comb_contiguous_k8,comb_contiguous,comb,8,1.1,1.0,1.0,64,64,64,0.18601465567056258,0.3271592744170428,0.641551222974976,0.641551222974976,0.18293331933969822,6.495417441845319,0.8244845423146743,0.7629409479659143,0.48466235172568967,0.19071785440721495,0.00470319873665237,0.18681935131910882,0.18728358838976258
s7213_r1_n000_a375,confirmatory,7213,1,0.0,0.375,feedback_only,balanced_contiguous_k1,balanced_contiguous,balanced,1,0.1737418407321983,0.125,0.487418407321983,64,64,8,0.04341746963970017,0.05821760506084108,0.1649376968199866,0.16493769681998652,0.04287613537293231,1.5369740287538205,0.20781383219291882,1.1242970452994745,0.5295001778105486,0.05575659871609298,0.012339129076392813,0.06015963848484723,0.06456168472033752
s7213_r1_n000_a375,confirmatory,7213,1,0.0,0.375,feedback_only,balanced_contiguous_k2,balanced_contiguous,balanced,2,0.2987418407321983,0.25,0.487418407321983,64,64,16,0.04754911833560513,0.06375764905751825,0.18063332868492482,0.18063332868492474,0.046956270172797285,1.6832339742144378,0.227589598857722,1.1242970452994745,0.5295001778105486,0.060856978036725115,0.013307859701119987,0.06563734083775007,0.07044977412008806
s7213_r1_n000_a375,confirmatory,7213,1,0.0,0.375,feedback_only,balanced_contiguous_k4,balanced_contiguous,balanced,4,0.5487418407321983,0.5,0.487418407321983,64,64,32,0.10245094696260235,0.13737439832108897,0.38919871123919625,0.38919871123919625,0.10117357615509302,3.626753148202173,0.4903722873942893,1.1242970452994745,0.5295001778105486,0.12524161327272604,0.02279066631012369,0.13434836116056262,0.144473572838684
s7213_r1_n000_a375,confirmatory,7213,1,0.0,0.375,feedback_only,balanced_contiguous_k8,balanced_contiguous,balanced,8,1.0487418407321982,1.0,0.487418407321983,64,64,64,0.296473027375573,0.3975346735352083,1.1262650428587606,1.1262650428587606,0.2927765657848208,10.495115147973026,1.4190416086435813,1.1242970452994745,0.5295001778105486,0.3022623748157204,0.005789347440147363,0.31641324109697233,0.34322015601600986
s7213_r1_n000_a375,confirmatory,7213,1,0.0,0.375,feedback_only,balanced_interleaved_k1,balanced_interleaved,balanced,1,0.19088469787505546,0.125,0.6588469787505544,64,64,8,0.04341746963970017,0.05821760506084108,0.1649376968199866,0.16493769681998652,0.04287613537293231,1.5369740287538205,0.20781383219291882,1.1242970452994745,0.5295001778105486,0.05575659871609298,0.012339129076392813,0.06015963848484723,0.06456168472033752
s7213_r1_n000_a375,confirmatory,7213,1,0.0,0.375,feedback_only,balanced_interleaved_k2,balanced_interleaved,balanced,2,0.31588469787505546,0.25,0.6588469787505544,64,64,16,0.04915754124389274,0.06591435073595679,0.18674353207095748,0.18674353207095762,0.04854463906957899,1.7401719822974853,0.2352881711405366,1.1242970452994745,0.5295001778105486,0.0628328650280391,0.013675323784146362,0.06775815864059884,0.07272995261855601
s7213_r1_n000_a375,confirmatory,7213,1,0.0,0.375,feedback_only,balanced_interleaved_k4,balanced_interleaved,balanced,4,0.5658846978750555,0.5,0.6588469787505544,64,64,32,0.165112213416282,0.22139562049928785,0.6272412561977141,0.6272412561977139,0.16305357435403706,5.844955635526899,0.790294830551751,1.1242970452994745,0.5295001778105486,0.1910211631412605,0.02590894972497851,0.20350305935994456,0.2193725914252283
s7213_r1_n000_a375,confirmatory,7213,1,0.0,0.375,feedback_only,balanced_interleaved_k8,balanced_interleaved,balanced,8,1.0658846978750554,1.0,0.6588469787505544,64,64,64,0.296473027375573,0.3975346735352083,1.1262650428587606,1.1262650428587606,0.2927765657848208,10.495115147973026,1.4190416086435813,1.1242970452994745,0.5295001778105486,0.3022623748157204,0.005789347440147363,0.31641324109697233,0.34322015601600986
s7213_r1_n000_a375,confirmatory,7213,1,0.0,0.375,feedback_only,balanced_permutation_a_k1,balanced_permutation_a,balanced,1,0.18899250811836066,0.125,0.6399250811836067,64,64,8,0.04341746963970017,0.05821760506084108,0.1649376968199866,0.16493769681998652,0.04287613537293231,1.5369740287538205,0.20781383219291882,1.1242970452994745,0.5295001778105486,0.05575659871609298,0.012339129076392813,0.06015963848484723,0.06456168472033752
s7213_r1_n000_a375,confirmatory,7213,1,0.0,0.375,feedback_only,balanced_permutation_a_k2,balanced_permutation_a,balanced,2,0.31399250811836066,0.25,0.6399250811836067,64,64,16,0.15707523961198827,0.21061900521734003,0.5967097683039407,0.5967097683039404,0.15511680651193976,5.560447576686013,0.7518265748158801,1.1242970452994745,0.5295001778105486,0.18304339956122012,0.02596815994923185,0.1951855257254252,0.21033731793441726
s7213_r1_n000_a375,confirmatory,7213,1,0.0,0.375,feedback_only,balanced_permutation_a_k4,balanced_permutation_a,balanced,4,0.5639925081183607,0.5,0.6399250811836067,64,64,32,0.16066528417227965,0.21543282320572768,0.6103479118016941,0.6103479118016939,0.1586620899621103,5.687534790589223,0.7690100017638042,1.1242970452994745,0.5295001778105486,0.1866236928395951,0.02595840866731544,0.1989209778656555,0.21439407010545503
s7213_r1_n000_a375,confirmatory,7213,1,0.0,0.375,feedback_only,balanced_permutation_a_k8,balanced_permutation_a,balanced,8,1.0639925081183608,1.0,0.6399250811836067,64,64,64,0.296473027375573,0.3975346735352083,1.1262650428587606,1.1262650428587606,0.2927765657848208,10.495115147973026,1.4190416086435813,1.1242970452994745,0.5295001778105486,0.3022623748157204,0.005789347440147363,0.31641324109697233,0.34322015601600986
s7213_r1_n000_a375,confirmatory,7213,1,0.0,0.375,feedback_only,balanced_permutation_b_k1,balanced_permutation_b,balanced,1,0.18840039778945986,0.125,0.6340039778945984,64,64,8,0.04341746963970017,0.05821760506084108,0.1649376968199866,0.16493769681998652,0.04287613537293231,1.5369740287538205,0.20781383219291882,1.1242970452994745,0.5295001778105486,0.05575659871609298,0.012339129076392813,0.06015963848484723,0.06456168472033752
s7213_r1_n000_a375,confirmatory,7213,1,0.0,0.375,feedback_only,balanced_permutation_b_k2,balanced_permutation_b,balanced,2,0.31340039778945983,0.25,0.6340039778945984,64,64,16,0.06325788869002748,0.08482122084266394,0.24030904041187845,0.24030904041187828,0.0624691816770333,2.239322854076944,0.3027782220889116,1.1242970452994745,0.5295001778105486,0.07992294587301044,0.01666505718298296,0.08607179828205686,0.09243103698561612
s7213_r1_n000_a375,confirmatory,7213,1,0.0,0.375,feedback_only,balanced_permutation_b_k4,balanced_permutation_b,balanced,4,0.5634003977894598,0.5,0.6340039778945984,64,64,32,0.25280803604092567,0.3389851716503468,0.9603870411657274,0.9603870411657269,0.24965599484739434,8.949378876282346,1.2100430360131214,1.1242970452994745,0.5295001778105486,0.26929022596209035,0.01648218992116468,0.2836986193444452,0.3070358828014448
s7213_r1_n000_a375,confirmatory,7213,1,0.0,0.375,feedback_only,balanced_permutation_b_k8,balanced_permutation_b,balanced,8,1.06340039778946,1.0,0.6340039778945984,64,64,64,0.296473027375573,0.3975346735352083,1.1262650428587606,1.1262650428587606,0.2927765657848208,10.495115147973026,1.4190416086435813,1.1242970452994745,0.5295001778105486,0.3022623748157204,0.005789347440147363,0.31641324109697233,0.34322015601600986
s7213_r1_n000_a375,confirmatory,7213,1,0.0,0.375,feedback_only,comb_contiguous_k1,comb_contiguous,comb,1,0.225,0.125,1.0,64,64,8,0.04341746963970017,0.05821760506084108,0.1649376968199866,0.16493769681998652,0.04287613537293231,1.5369740287538205,0.20781383219291882,1.1242970452994745,0.5295001778105486,0.05575659871609298,0.012339129076392813,0.06015963848484723,0.06456168472033752
s7213_r1_n000_a375,confirmatory,7213,1,0.0,0.375,feedback_only,comb_contiguous_k2,comb_contiguous,comb,2,0.35,0.25,1.0,64,64,16,0.04797278037965033,0.06432572890565708,0.18224276936294556,0.18224276936294537,0.0473746499471968,1.698231567673243,0.22961741931014218,1.1242970452994745,0.5295001778105486,0.061377955883872765,0.013405175504222433,0.06619660024833174,0.07105103123767043
s7213_r1_n000_a375,confirmatory,7213,1,0.0,0.375,feedback_only,comb_contiguous_k4,comb_contiguous,comb,4,0.6,0.5,1.0,64,64,32,0.12343316636545948,0.16550903105377365,0.4689076157699761,0.4689076157699761,0.12189418670672367,4.369521590385133,0.5908018024766998,1.1242970452994745,0.5295001778105486,0.14818265087513324,0.024749484509673764,0.15860508509584054,0.17069169963535233
s7213_r1_n000_a375,confirmatory,7213,1,0.0,0.375,feedback_only,comb_contiguous_k8,comb_contiguous,comb,8,1.1,1.0,1.0,64,64,64,0.296473027375573,0.3975346735352083,1.1262650428587606,1.1262650428587606,0.2927765657848208,10.495115147973026,1.4190416086435813,1.1242970452994745,0.5295001778105486,0.3022623748157204,0.005789347440147363,0.31641324109697233,0.34322015601600986
s7213_r1_n000_a375,confirmatory,7213,1,0.0,0.375,joint_forward_feedback,balanced_contiguous_k1,balanced_contiguous,balanced,1,0.1737418407321983,0.125,0.487418407321983,64,64,8,0.027582086907728516,0.08568427723970286,0.08643535078850187,0.08643535078850183,0.022469173953965478,0.8054489173153971,0.10890452474246731,0.40031857330516724,0.5295001778105486,0.029710919866298258,0.0021288329585697416,0.03211806588037876,0.034445332815381174
s7213_r1_n000_a375,confirmatory,7213,1,0.0,0.375,joint_forward_feedback,balanced_contiguous_k2,balanced_contiguous,balanced,2,0.2987418407321983,0.25,0.487418407321983,64,64,16,0.03018965790193134,0.09378474609606334,0.09460682506250577,0.09460682506250567,0.024593377480046093,0.8815949044239807,0.11920020254255176,0.40031857330516724,0.5295001778105486,0.03246372023945967,0.0022740623375283285,0.03508707076756221,0.037632032091461716
s7213_r1_n000_a375,confirmatory,7213,1,0.0,0.375,joint_forward_feedback,balanced_contiguous_k4,balanced_contiguous,balanced,4,0.5487418407321983,0.5,0.487418407321983,64,64,32,0.06243090176472033,0.1939427829746291,0.19564280658415567,0.1956428065841557,0.050858036831918405,1.8230999852055447,0.2465008434160741,0.40031857330516724,0.5295001778105486,0.06570098737547073,0.0032700856107503937,0.07083540367612551,0.07603889911841441
s7213_r1_n000_a375,confirmatory,7213,1,0.0,0.375,joint_forward_feedback,balanced_contiguous_k8,balanced_contiguous,balanced,8,1.0487418407321982,1.0,0.487418407321983,64,64,64,0.12796788707932183,0.39753467353520827,0.4010193009095804,0.4010193009095804,0.10424638008449699,3.7369034636134844,0.5052656809940774,0.40031857330516724,0.5295001778105486,0.12870185817225704,0.000733971092935215,0.13801551418616115,0.14843400639249021
s7213_r1_n000_a375,confirmatory,7213,1,0.0,0.375,joint_forward_feedback,balanced_interleaved_k1,balanced_interleaved,balanced,1,0.19088469787505546,0.125,0.6588469787505544,64,64,8,0.031008867523174558,0.06600491588624438,0.10253360018960173,0.10253360018960167,0.026653970600799395,0.9554606594151823,0.12918757079040105,0.6164607124533489,0.5295001778105486,0.035124838428038284,0.004115970904863726,0.03795604338614761,0.040711796830499344
s7213_r1_n000_a375,confirmatory,7213,1,0.0,0.375,joint_forward_feedback,balanced_interleaved_k2,balanced_interleaved,balanced,2,0.31588469787505546,0.25,0.6588469787505544,64,64,16,0.03507673638864131,0.07466370815270626,0.11598437324875266,0.1159843732487526,0.030150546445338898,1.0808018594995974,0.1461349196940915,0.6164607124533489,0.5295001778105486,0.03961959296029642,0.00454285657165511,0.0427992749226097,0.04591185325314964
s7213_r1_n000_a375,confirmatory,7213,1,0.0,0.375,joint_forward_feedback,balanced_interleaved_k4,balanced_interleaved,balanced,4,0.5658846978750555,0.5,0.6588469787505544,64,64,32,0.11470341498904646,0.2441556194388201,0.3792771240058761,0.3792771240058759,0.09859442459949408,3.5342987111896864,0.47787154860536996,0.6164607124533489,0.5295001778105486,0.12232163023783552,0.007618215248789056,0.13125153935497647,0.14112993868531087
s7213_r1_n000_a375,confirmatory,7213,1,0.0,0.375,joint_forward_feedback,balanced_interleaved_k8,balanced_interleaved,balanced,8,1.0658846978750554,1.0,0.6588469787505544,64,64,64,0.186760332348075,0.3975346735352086,0.6175397806431806,0.6175397806431806,0.1605316416048041,5.754552311996912,0.7780714222479848,0.6164607124533489,0.5295001778105486,0.1885008494024885,0.0017405170544135262,0.20087775306920472,0.2165198280491752
s7213_r1_n000_a375,confirmatory,7213,1,0.0,0.375,joint_forward_feedback,balanced_permutation_a_k1,balanced_permutation_a,balanced,1,0.18899250811836066,0.125,0.6399250811836067,64,64,8,0.03330457701065545,0.07603957620327177,0.10876994901742916,0.10876994901742909,0.028275131449593035,1.0135741554044062,0.13704508046702213,0.5676553252144432,0.5295001778105486,0.03721205794194053,0.003907480931285082,0.040205492959693556,0.043126820695553465
s7213_r1_n000_a375,confirmatory,7213,1,0.0,0.375,joint_forward_feedback,balanced_permutation_a_k2,balanced_permutation_a,balanced,2,0.31399250811836066,0.25,0.6399250811836067,64,64,16,0.11410139938233071,0.26051140209517787,0.3726455793046923,0.37264557930469244,0.09687053119112471,3.4725025774206832,0.46951611049581715,0.5676553252144432,0.5295001778105486,0.12036197099033899,0.006260571608008275,0.12917206828738062,0.13888516961917635
s7213_r1_n000_a375,confirmatory,7213,1,0.0,0.375,joint_forward_feedback,balanced_permutation_a_k4,balanced_permutation_a,balanced,4,0.5639925081183607,0.5,0.6399250811836067,64,64,32,0.1159077380177657,0.2646355566903293,0.378544929451719,0.37854492945171925,0.09840408804557921,3.527475746910254,0.47694901749729846,0.5676553252144432,0.5295001778105486,0.12210557562113461,0.006197837603368908,0.1310223197049858,0.1408824813155405
s7213_r1_n000_a375,confirmatory,7213,1,0.0,0.375,joint_forward_feedback,balanced_permutation_a_k8,balanced_permutation_a,balanced,8,1.0639925081183608,1.0,0.6399250811836067,64,64,64,0.17411622749929856,0.39753467353520805,0.5686489632384939,0.5686489632384939,0.14782230137541744,5.298962607251852,0.7164712646139113,0.5676553252144432,0.5295001778105486,0.17559205944919384,0.0014758319498952843,0.1873977429278449,0.20188493802042495
s7213_r1_n000_a375,confirmatory,7213,1,0.0,0.375,joint_forward_feedback,balanced_permutation_b_k1,balanced_permutation_b,balanced,1,0.18840039778945986,0.125,0.6340039778945984,64,64,8,0.02920333847044773,0.0635125420374592,0.0961833633860474,0.09618336338604738,0.025003204171481948,0.8962858968734697,0.12118656755752932,0.6009743596108916,0.5295001778105486,0.032993709557729095,0.0037903710872813634,0.03565854694143222,0.03824546230324055
s7213_r1_n000_a375,confirmatory,7213,1,0.0,0.375,joint_forward_feedback,balanced_permutation_b_k2,balanced_permutation_b,balanced,2,0.31340039778945983,0.25,0.6340039778945984,64,64,16,0.04063420096401507,0.08837282078202081,0.13383175766628774,0.13383175766628777,0.034790036901994004,1.2471129385300959,0.16862179456828177,0.6009743596108916,0.5295001778105486,0.0455430507284997,0.004908849764484628,0.04917690442975761,0.05276126402180864
s7213_r1_n000_a375,confirmatory,7213,1,0.0,0.375,joint_forward_feedback,balanced_permutation_b_k4,balanced_permutation_b,balanced,4,0.5634003977894598,0.5,0.6340039778945984,64,64,32,0.16253032456002597,0.3534771917062354,0.5353056906226219,0.5353056906226222,0.13915460018873832,4.988252896662249,0.6744602908113606,0.6009743596108916,0.5295001778105486,0.1665896162648488,0.004059291704822832,0.17796542612355867,0.19165676337580057
s7213_r1_n000_a375,confirmatory,7213,1,0.0,0.375,joint_forward_feedback,balanced_permutation_b_k8,balanced_permutation_b,balanced,8,1.06340039778946,1.0,0.6340039778945984,64,64,64,0.18278814313778394,0.39753467353520766,0.6020263201028733,0.6020263201028733,0.15649886288257683,5.609989932345332,0.7585251829854501,0.6009743596108916,0.5295001778105486,0.18444231017384807,0.0016541670360641358,0.1966455721774268,0.21192274953392637
s7213_r1_n000_a375,confirmatory,7213,1,0.0,0.375,joint_forward_feedback,comb_contiguous_k1,comb_contiguous,comb,1,0.225,0.125,1.0,64,64,8,0.03386164158200585,0.06203059054374444,0.1155967759191565,0.11559677591915646,0.030049789153983625,1.0771900288466325,0.14564656507314008,0.7395291288109014,0.5295001778105486,0.03949043911323815,0.005628797531232299,0.04266015379179565,0.045762465068814866
s7213_r1_n000_a375,confirmatory,7213,1,0.0,0.375,joint_forward_feedback,comb_contiguous_k2,comb_contiguous,comb,2,0.35,0.25,1.0,64,64,16,0.03723583796300212,0.06821172602168264,0.1271155979472216,0.12711559794722155,0.03304414752162265,1.1845283186391464,0.1601597454688442,0.7395291288109014,0.5295001778105486,0.04331940889019681,0.0060835709271946856,0.046783451856728546,0.05019049971904685
s7213_r1_n000_a375,confirmatory,7213,1,0.0,0.375,joint_forward_feedback,comb_contiguous_k4,comb_contiguous,comb,4,0.6,0.5,1.0,64,64,32,0.10155000886619414,0.18602780979879946,0.3466711320260342,0.34667113202603433,0.09011838211163122,3.230459359598233,0.43678951413766554,0.7395291288109014,0.5295001778105486,0.11262499455331276,0.011074985687118621,0.12095336358732088,0.13001648149089562
s7213_r1_n000_a375,confirmatory,7213,1,0.0,0.375,joint_forward_feedback,comb_contiguous_k8,comb_contiguous,comb,8,1.1,1.0,1.0,64,64,64,0.21700868093744846,0.39753467353520855,0.740823619022902,0.740823619022902,0.19257970972735536,6.9033743302982735,0.9334033287502573,0.7395291288109014,0.5295001778105486,0.2195135097193388,0.0025048287818903447,0.23301880045354778,0.25150928069951917
s7213_r1_n750_a125,confirmatory,7213,1,0.75,0.125,feedback_only,balanced_contiguous_k1,balanced_contiguous,balanced,1,0.1737418407321983,0.125,0.487418407321983,64,64,8,0.1901337527522342,0.23479781235832647,0.7565236752927373,0.7565236752927375,0.3275029176876087,11.236617041296215,1.084026592980346,1.1242970452994745,0.7204263460140949,0.20885663039363617,0.018722877641401958,0.23146424168678092,0.22546217277323816
s7213_r1_n750_a125,confirmatory,7213,1,0.75,0.125,feedback_only,balanced_contiguous_k2,balanced_contiguous,balanced,2,0.2987418407321983,0.25,0.487418407321983,64,64,16,0.1906663701604376,0.23545554619285022,0.7586429080609666,0.7586429080609666,0.32842034425008315,11.268093924063628,1.0870632523110497,1.1242970452994745,0.7204263460140949,0.20928459082863748,0.018618220668199875,0.23192640315665786,0.22590151148818252
s7213_r1_n750_a125,confirmatory,7213,1,0.75,0.125,feedback_only,balanced_contiguous_k4,balanced_contiguous,balanced,4,0.5487418407321983,0.5,0.487418407321983,64,64,32,0.1977438522556415,0.24419558991946083,0.7868035196776711,0.786803519677671,0.3406112151633692,11.686362404905484,1.1274147348410402,1.1242970452994745,0.7204263460140949,0.21488805499810865,0.01714420274246714,0.23796888540015831,0.23163753515394195
s7213_r1_n750_a125,confirmatory,7213,1,0.75,0.125,feedback_only,balanced_contiguous_k8,balanced_contiguous,balanced,8,1.0487418407321982,1.0,0.487418407321983,64,64,64,0.2227555473947319,0.275082748127949,0.8863226174602917,0.8863226174602917,0.3836935349292837,13.164515735197371,1.2700161523895754,1.1242970452994745,0.7204263460140949,0.23344893878161652,0.010693391386884604,0.2578510327200739,0.25038916967264396
s7213_r1_n750_a125,confirmatory,7213,1,0.75,0.125,feedback_only,balanced_interleaved_k1,balanced_interleaved,balanced,1,0.19088469787505546,0.125,0.6588469787505544,64,64,8,0.1901337527522342,0.23479781235832647,0.7565236752927373,0.7565236752927375,0.3275029176876087,11.236617041296215,1.084026592980346,1.1242970452994745,0.7204263460140949,0.20885663039363617,0.018722877641401958,0.23146424168678092,0.22546217277323816
s7213_r1_n750_a125,confirmatory,7213,1,0.75,0.125,feedback_only,balanced_interleaved_k2,balanced_interleaved,balanced,2,0.31588469787505546,0.25,0.6588469787505544,64,64,16,0.19087371451707574,0.2357115975284956,0.7594679110520952,0.7594679110520953,0.32877749220925456,11.280347661748241,1.0882454032613498,1.1242970452994745,0.7204263460140949,0.20945095557613883,0.018577241059063082,0.23210603812699865,0.22607225263535724
s7213_r1_n750_a125,confirmatory,7213,1,0.75,0.125,feedback_only,balanced_interleaved_k4,balanced_interleaved,balanced,4,0.5658846978750555,0.5,0.6588469787505544,64,64,32,0.2058216158289054,0.25417088987696856,0.8189441538266995,0.8189441538266993,0.35452505792058825,12.163746007285523,1.1734692117472876,1.1242970452994745,0.7204263460140949,0.22109408442857534,0.015272468599669936,0.24464086563330908,0.23795249995055212
s7213_r1_n750_a125,confirmatory,7213,1,0.75,0.125,feedback_only,balanced_interleaved_k8,balanced_interleaved,balanced,8,1.0658846978750554,1.0,0.6588469787505544,64,64,64,0.2227555473947319,0.275082748127949,0.8863226174602917,0.8863226174602917,0.3836935349292837,13.164515735197371,1.2700161523895754,1.1242970452994745,0.7204263460140949,0.23344893878161652,0.010693391386884604,0.2578510327200739,0.25038916967264396
s7213_r1_n750_a125,confirmatory,7213,1,0.75,0.125,feedback_only,balanced_permutation_a_k1,balanced_permutation_a,balanced,1,0.18899250811836066,0.125,0.6399250811836067,64,64,8,0.1901337527522342,0.23479781235832647,0.7565236752927373,0.7565236752927375,0.3275029176876087,11.236617041296215,1.084026592980346,1.1242970452994745,0.7204263460140949,0.20885663039363617,0.018722877641401958,0.23146424168678092,0.22546217277323816
s7213_r1_n750_a125,confirmatory,7213,1,0.75,0.125,feedback_only,balanced_permutation_a_k2,balanced_permutation_a,balanced,2,0.31399250811836066,0.25,0.6399250811836067,64,64,16,0.2047855567463205,0.2528914515734396,0.8148217756921927,0.8148217756921922,0.35274045961791134,12.102516483465354,1.1675622353101036,1.1242970452994745,0.7204263460140949,0.22030938174457393,0.015523824998253416,0.24379849247388755,0.2371563495318008
s7213_r1_n750_a125,confirmatory,7213,1,0.75,0.125,feedback_only,balanced_permutation_a_k4,balanced_permutation_a,balanced,4,0.5639925081183607,0.5,0.6399250811836067,64,64,32,0.2052483551035314,0.2534629652592697,0.8166632052597924,0.8166632052597926,0.35353762377258446,12.129867165982496,1.170200829032377,1.1242970452994745,0.7204263460140949,0.22066031187403912,0.015411956770507718,0.24417525959029213,0.2375124850611749
s7213_r1_n750_a125,confirmatory,7213,1,0.75,0.125,feedback_only,balanced_permutation_a_k8,balanced_permutation_a,balanced,8,1.0639925081183608,1.0,0.6399250811836067,64,64,64,0.2227555473947319,0.275082748127949,0.8863226174602917,0.8863226174602917,0.3836935349292837,13.164515735197371,1.2700161523895754,1.1242970452994745,0.7204263460140949,0.23344893878161652,0.010693391386884604,0.2578510327200739,0.25038916967264396
s7213_r1_n750_a125,confirmatory,7213,1,0.75,0.125,feedback_only,balanced_permutation_b_k1,balanced_permutation_b,balanced,1,0.18840039778945986,0.125,0.6340039778945984,64,64,8,0.1901337527522342,0.23479781235832647,0.7565236752927373,0.7565236752927375,0.3275029176876087,11.236617041296215,1.084026592980346,1.1242970452994745,0.7204263460140949,0.20885663039363617,0.018722877641401958,0.23146424168678092,0.22546217277323816
s7213_r1_n750_a125,confirmatory,7213,1,0.75,0.125,feedback_only,balanced_permutation_b_k2,balanced_permutation_b,balanced,2,0.31340039778945983,0.25,0.6340039778945984,64,64,16,0.19269141274465543,0.2379562887586712,0.7667003551804854,0.7667003551804856,0.3319084537791537,11.387770876113404,1.0986088089596393,1.1242970452994745,0.7204263460140949,0.21090370879810863,0.018212296053453203,0.2336740698176657,0.2275620982118473
s7213_r1_n750_a125,confirmatory,7213,1,0.75,0.125,feedback_only,balanced_permutation_b_k4,balanced_permutation_b,balanced,4,0.5634003977894598,0.5,0.6340039778945984,64,64,32,0.21712662387639514,0.26813154189072663,0.8639256792712943,0.8639256792712942,0.37399778733575667,12.831854874015507,1.2379234666070509,1.1242970452994745,0.7204263460140949,0.22944056909691476,0.012313945220519623,0.25357660582535735,0.24637562273499344
s7213_r1_n750_a125,confirmatory,7213,1,0.75,0.125,feedback_only,balanced_permutation_b_k8,balanced_permutation_b,balanced,8,1.06340039778946,1.0,0.6340039778945984,64,64,64,0.2227555473947319,0.275082748127949,0.8863226174602917,0.8863226174602917,0.3836935349292837,13.164515735197371,1.2700161523895754,1.1242970452994745,0.7204263460140949,0.23344893878161652,0.010693391386884604,0.2578510327200739,0.25038916967264396
s7213_r1_n750_a125,confirmatory,7213,1,0.75,0.125,feedback_only,comb_contiguous_k1,comb_contiguous,comb,1,0.225,0.125,1.0,64,64,8,0.1901337527522342,0.23479781235832647,0.7565236752927373,0.7565236752927375,0.3275029176876087,11.236617041296215,1.084026592980346,1.1242970452994745,0.7204263460140949,0.20885663039363617,0.018722877641401958,0.23146424168678092,0.22546217277323816
s7213_r1_n750_a125,confirmatory,7213,1,0.75,0.125,feedback_only,comb_contiguous_k2,comb_contiguous,comb,2,0.35,0.25,1.0,64,64,16,0.19072098510872132,0.235522990663879,0.7588602156184276,0.7588602156184271,0.3285144177885969,11.271321584853528,1.087374633407024,1.1242970452994745,0.7204263460140949,0.20932842456427958,0.01860743945555826,0.23197373469007426,0.2259465008630922
s7213_r1_n750_a125,confirmatory,7213,1,0.75,0.125,feedback_only,comb_contiguous_k4,comb_contiguous,comb,4,0.6,0.5,1.0,64,64,32,0.20044870354848804,0.24753583412714003,0.7975658594072779,0.797565859407278,0.3452702863566499,11.846215022820076,1.142836145763928,1.1242970452994745,0.7204263460140949,0.2169886362590235,0.01653993271053547,0.24022965960226356,0.2337796221772956
s7213_r1_n750_a125,confirmatory,7213,1,0.75,0.125,feedback_only,comb_contiguous_k8,comb_contiguous,comb,8,1.1,1.0,1.0,64,64,64,0.2227555473947319,0.275082748127949,0.8863226174602917,0.8863226174602917,0.3836935349292837,13.164515735197371,1.2700161523895754,1.1242970452994745,0.7204263460140949,0.23344893878161652,0.010693391386884604,0.2578510327200739,0.25038916967264396
s7213_r1_n750_a125,confirmatory,7213,1,0.75,0.125,joint_forward_feedback,balanced_contiguous_k1,balanced_contiguous,balanced,1,0.1737418407321983,0.125,0.487418407321983,64,64,8,0.11938603542692172,0.24846298870859787,0.3964550888879069,0.39645508888790676,0.17162740913910993,5.888532181339424,0.5680824980270167,0.5567816114989792,0.7204263460140949,0.1234003215006301,0.0040142860737083785,0.1378341787321756,0.1352223677268748
s7213_r1_n750_a125,confirmatory,7213,1,0.75,0.125,joint_forward_feedback,balanced_contiguous_k2,balanced_contiguous,balanced,2,0.2987418407321983,0.25,0.487418407321983,64,64,16,0.11971828146277712,0.24915445017442178,0.3975584057976835,0.3975584057976835,0.17210504059849036,5.904919704949375,0.5696634463961738,0.5567816114989792,0.7204263460140949,0.12370087686102343,0.003982595398246316,0.13816695569562784,0.13554623664684748
s7213_r1_n750_a125,confirmatory,7213,1,0.75,0.125,joint_forward_feedback,balanced_contiguous_k4,balanced_contiguous,balanced,4,0.5487418407321983,0.5,0.487418407321983,64,64,32,0.12382632894768644,0.2577040075176021,0.41120033908545395,0.4112003390854536,0.17801070237823016,6.107542815188819,0.5892110414636837,0.5567816114989792,0.7204263460140949,0.12739742950736233,0.0035711005596758827,0.14225826699979394,0.13952665282128662
s7213_r1_n750_a125,confirmatory,7213,1,0.75,0.125,joint_forward_feedback,balanced_contiguous_k8,balanced_contiguous,balanced,8,1.0487418407321982,1.0,0.487418407321983,64,64,64,0.1321767836893203,0.27508274812794953,0.4389303852756163,0.4389303852756163,0.19001517934502973,6.519416124316567,0.628945564620646,0.5567816114989792,0.7204263460140949,0.1347993295489633,0.0026225458596429996,0.15044180962615059,0.14748049010488462
s7213_r1_n750_a125,confirmatory,7213,1,0.75,0.125,joint_forward_feedback,balanced_interleaved_k1,balanced_interleaved,balanced,1,0.19088469787505546,0.125,0.6588469787505544,64,64,8,0.13633835266307764,0.23964885640419167,0.4702933140935801,0.4702933140935799,0.20359234953886063,6.98524849933712,0.6738856636324405,0.6847720656125214,0.7204263460140949,0.14298984105242865,0.006651488389351007,0.15948278710742989,0.15625474156676739
s7213_r1_n750_a125,confirmatory,7213,1,0.75,0.125,joint_forward_feedback,balanced_interleaved_k2,balanced_interleaved,balanced,2,0.31588469787505546,0.25,0.6588469787505544,64,64,16,0.13686485019482514,0.24057430789248055,0.4721094448024461,0.472109444802446,0.20437856168988905,7.012223418878896,0.6764880064923351,0.6847720656125214,0.7204263460140949,0.14345824013974798,0.0065933899449228395,0.15999934231314883,0.15675562626335154
s7213_r1_n750_a125,confirmatory,7213,1,0.75,0.125,joint_forward_feedback,balanced_interleaved_k4,balanced_interleaved,balanced,4,0.5658846978750555,0.5,0.6588469787505544,64,64,32,0.1471707993615402,0.2586895988852245,0.5076593754992909,0.5076593754992907,0.2197683061315336,7.540245171708365,0.7274276816308243,0.6847720656125214,0.7204263460140949,0.15249713420129052,0.005326334839750313,0.16995680310669187,0.16640137893600443
s7213_r1_n750_a125,confirmatory,7213,1,0.75,0.125,joint_forward_feedback,balanced_interleaved_k8,balanced_interleaved,balanced,8,1.0658846978750554,1.0,0.6588469787505544,64,64,64,0.15649700686466922,0.2750827481279492,0.5398297292471455,0.5398297292471455,0.23369501465309828,8.01807019814629,0.7735247439002437,0.6847720656125214,0.7204263460140949,0.1604638533614547,0.00396684649678547,0.17871529310416936,0.17486965059032156
s7213_r1_n750_a125,confirmatory,7213,1,0.75,0.125,joint_forward_feedback,balanced_permutation_a_k1,balanced_permutation_a,balanced,1,0.18899250811836066,0.125,0.6399250811836067,64,64,8,0.1362251507091102,0.24038539617937918,0.46942565950636805,0.4694256595063682,0.2032167374884552,6.972361259136934,0.6726423969948234,0.6814144467761722,0.7204263460140949,0.14276583632230463,0.00654068561319443,0.1592357336513246,0.15601516597669884
s7213_r1_n750_a125,confirmatory,7213,1,0.75,0.125,joint_forward_feedback,balanced_permutation_a_k2,balanced_permutation_a,balanced,2,0.31399250811836066,0.25,0.6399250811836067,64,64,16,0.14773476367407662,0.2606954700391083,0.5090872611167752,0.5090872611167752,0.22038644502278432,7.5614535018458735,0.7294737061395595,0.6814144467761722,0.7204263460140949,0.15285502763019734,0.005120263956120724,0.17035063471802642,0.16678249323980482
s7213_r1_n750_a125,confirmatory,7213,1,0.75,0.125,joint_forward_feedback,balanced_permutation_a_k4,balanced_permutation_a,balanced,4,0.5639925081183607,0.5,0.6399250811836067,64,64,32,0.14843923895948852,0.26193860003163033,0.5115148508367277,0.5115148508367277,0.22143736086613203,7.597510398552952,0.7329522117028597,0.6814144467761722,0.7204263460140949,0.1534625780296085,0.005023339070119981,0.17101911508663356,0.16742931756202414
s7213_r1_n750_a125,confirmatory,7213,1,0.75,0.125,joint_forward_feedback,balanced_permutation_a_k8,balanced_permutation_a,balanced,8,1.0639925081183608,1.0,0.6399250811836067,64,64,64,0.15588795915556788,0.27508274812794903,0.5371828010817562,0.5371828010817562,0.23254914608958113,7.978755475948352,0.7697319471713373,0.6814144467761722,0.7204263460140949,0.1598160000248914,0.003928040869323524,0.1780037099193122,0.17418223822257872
s7213_r1_n750_a125,confirmatory,7213,1,0.75,0.125,joint_forward_feedback,balanced_permutation_b_k1,balanced_permutation_b,balanced,1,0.18840039778945986,0.125,0.6340039778945984,64,64,8,0.13368899103429796,0.2402356694149564,0.45855538822964537,0.4585553882296455,0.19851094218362883,6.810905538105768,0.6570663304132743,0.6660501067716271,0.7204263460140949,0.13994696075216753,0.0062579697178695715,0.15612578405134359,0.15299842470851646
s7213_r1_n750_a125,confirmatory,7213,1,0.75,0.125,joint_forward_feedback,balanced_permutation_b_k2,balanced_permutation_b,balanced,2,0.31340039778945983,0.25,0.6340039778945984,64,64,16,0.13532631537218753,0.24317789902802447,0.46417143702775604,0.464171437027756,0.2009421580560808,6.894320494822341,0.6651135950838367,0.6660501067716271,0.7204263460140949,0.14140619633965945,0.006079880967471918,0.1577359356057415,0.15456053113000057
s7213_r1_n750_a125,confirmatory,7213,1,0.75,0.125,joint_forward_feedback,balanced_permutation_b_k4,balanced_permutation_b,balanced,4,0.5634003977894598,0.5,0.6340039778945984,64,64,32,0.15045465922738663,0.2703631428171785,0.5160618996314618,0.5160618996314614,0.22340580124120302,7.665047539349958,0.7394677008726644,0.6660501067716271,0.7204263460140949,0.15459746426131266,0.004142805033926028,0.17226755290222884,0.16863707351890556
s7213_r1_n750_a125,confirmatory,7213,1,0.75,0.125,joint_forward_feedback,balanced_permutation_b_k8,balanced_permutation_b,balanced,8,1.06340039778946,1.0,0.6340039778945984,64,64,64,0.1530810771677934,0.2750827481279492,0.5250705553853791,0.5250705553853791,0.22730569378945611,7.798852756647975,0.7523762491748351,0.6660501067716271,0.7204263460140949,0.15683397834466264,0.0037529011768692444,0.1747268238950339,0.1710152887852706
s7213_r1_n750_a125,confirmatory,7213,1,0.75,0.125,joint_forward_feedback,comb_contiguous_k1,comb_contiguous,comb,1,0.225,0.125,1.0,64,64,8,0.1447248090153323,0.2338603507150857,0.511322530437484,0.5113225304374841,0.22135410439453662,7.594653871062656,0.7326766348320207,0.7629409479659143,0.7204263460140949,0.1534144882074572,0.008689679192124905,0.17096620601185242,0.16737812574618155
s7213_r1_n750_a125,confirmatory,7213,1,0.75,0.125,joint_forward_feedback,comb_contiguous_k2,comb_contiguous,comb,2,0.35,0.25,1.0,64,64,16,0.1448124712484424,0.23400200383398823,0.5116322470310841,0.5116322470310842,0.2214881822712417,7.599254079710819,0.7331204293023259,0.7629409479659143,0.7204263460140949,0.15349192945993126,0.008679458211488855,0.17105140762578663,0.16746056171628604
s7213_r1_n750_a125,confirmatory,7213,1,0.75,0.125,joint_forward_feedback,comb_contiguous_k4,comb_contiguous,comb,4,0.6,0.5,1.0,64,64,32,0.1560416877242347,0.2521472584116343,0.5513058276859677,0.5513058276859678,0.23866307559439018,8.188524246706454,0.789968903280358,0.7629409479659143,0.7204263460140949,0.1632568672204249,0.007215179496190188,0.18178167941328166,0.17783063540424776
s7213_r1_n750_a125,confirmatory,7213,1,0.75,0.125,joint_forward_feedback,comb_contiguous_k8,comb_contiguous,comb,8,1.1,1.0,1.0,64,64,64,0.1702353479950634,0.27508274812794903,0.601452988599348,0.601452988599348,0.2603720346782248,8.933358098302541,0.8618250232775728,0.7629409479659143,0.7204263460140949,0.17515954220641028,0.004924194211346877,0.1948229222473172,0.19039975439573578
s7213_r1_n750_a375,confirmatory,7213,1,0.75,0.375,feedback_only,balanced_contiguous_k1,balanced_contiguous,balanced,1,0.1737418407321983,0.125,0.487418407321983,64,64,8,0.04027204628455541,0.05086171242000246,0.15802154750643838,0.15802154750643843,0.06031708106964031,2.0881681417349283,0.21833862857607875,1.1242970452994745,0.7716386533643437,0.05324467059948135,0.012972624314925935,0.07025901018205669,0.07426010524773653
s7213_r1_n750_a375,confirmatory,7213,1,0.75,0.375,feedback_only,balanced_contiguous_k2,balanced_contiguous,balanced,2,0.2987418407321983,0.25,0.487418407321983,64,64,16,0.044104373430605005,0.055701762508952014,0.17305903186694718,0.17305903186694718,0.06605691324802922,2.286880255803882,0.2391159451149764,1.1242970452994745,0.7716386533643437,0.05809649993604405,0.013992126505439045,0.0766150297038398,0.08097425625982518
s7213_r1_n750_a375,confirmatory,7213,1,0.75,0.375,feedback_only,balanced_contiguous_k4,balanced_contiguous,balanced,4,0.5487418407321983,0.5,0.487418407321983,64,64,32,0.09502878247427365,0.1200169112758268,0.3728788738007681,0.3728788738007679,0.14232847111740107,4.927389949557602,0.515207344918169,1.1242970452994745,0.7716386533643437,0.11902144185805576,0.023992659383782103,0.1556320774388103,0.16437707832297827
s7213_r1_n750_a375,confirmatory,7213,1,0.75,0.375,feedback_only,balanced_contiguous_k8,balanced_contiguous,balanced,8,1.0487418407321982,1.0,0.487418407321983,64,64,64,0.27499473321849177,0.34730549669978433,1.0790386212873309,1.0790386212873309,0.4118707924614471,14.258903980053638,1.490909413748778,1.1242970452994745,0.7716386533643437,0.2814771698256072,0.006482436607115449,0.35377531949639957,0.3724595084184076
s7213_r1_n750_a375,confirmatory,7213,1,0.75,0.375,feedback_only,balanced_interleaved_k1,balanced_interleaved,balanced,1,0.19088469787505546,0.125,0.6588469787505544,64,64,8,0.04027204628455541,0.05086171242000246,0.15802154750643838,0.15802154750643843,0.06031708106964031,2.0881681417349283,0.21833862857607875,1.1242970452994745,0.7716386533643437,0.05324467059948135,0.012972624314925935,0.07025901018205669,0.07426010524773653
s7213_r1_n750_a375,confirmatory,7213,1,0.75,0.375,feedback_only,balanced_interleaved_k2,balanced_interleaved,balanced,2,0.31588469787505546,0.25,0.6588469787505544,64,64,16,0.045596272482881145,0.05758596129091567,0.1789130228784364,0.17891302287843647,0.06829139111508437,2.3642375385611363,0.24720441399352083,1.1242970452994745,0.7716386533643437,0.05997518106068327,0.014378908577802128,0.07907388165934517,0.08357146351577238
s7213_r1_n750_a375,confirmatory,7213,1,0.75,0.375,feedback_only,balanced_interleaved_k4,balanced_interleaved,balanced,4,0.5658846978750555,0.5,0.6588469787505544,64,64,32,0.1531504888706317,0.19342191024716265,0.6009398450156742,0.6009398450156741,0.2293797138539649,7.941090688342551,0.830319558869639,1.1242970452994745,0.7716386533643437,0.18049563467600083,0.02734514580536912,0.23344649398499037,0.2463490532895733
s7213_r1_n750_a375,confirmatory,7213,1,0.75,0.375,feedback_only,balanced_interleaved_k8,balanced_interleaved,balanced,8,1.0658846978750554,1.0,0.6588469787505544,64,64,64,0.27499473321849177,0.34730549669978433,1.0790386212873309,1.0790386212873309,0.4118707924614471,14.258903980053638,1.490909413748778,1.1242970452994745,0.7716386533643437,0.2814771698256072,0.006482436607115449,0.35377531949639957,0.3724595084184076
s7213_r1_n750_a375,confirmatory,7213,1,0.75,0.375,feedback_only,balanced_permutation_a_k1,balanced_permutation_a,balanced,1,0.18899250811836066,0.125,0.6399250811836067,64,64,8,0.04027204628455541,0.05086171242000246,0.15802154750643838,0.15802154750643843,0.06031708106964031,2.0881681417349283,0.21833862857607875,1.1242970452994745,0.7716386533643437,0.05324467059948135,0.012972624314925935,0.07025901018205669,0.07426010524773653
s7213_r1_n750_a375,confirmatory,7213,1,0.75,0.375,feedback_only,balanced_permutation_a_k2,balanced_permutation_a,balanced,2,0.31399250811836066,0.25,0.6399250811836067,64,64,16,0.14569576192039224,0.18400693849147776,0.5716886001052172,0.5716886001052172,0.21821446621215168,7.554551518894071,0.7899030663173688,1.1242970452994745,0.7716386533643437,0.17309133608557353,0.02739557416518129,0.22420317544109658,0.23662302422840253
s7213_r1_n750_a375,confirmatory,7213,1,0.75,0.375,feedback_only,balanced_permutation_a_k4,balanced_permutation_a,balanced,4,0.5639925081183607,0.5,0.6399250811836067,64,64,32,0.1490257220008726,0.18821252245378148,0.5847548704738519,0.584754870473852,0.2232018828115915,7.7272151204447805,0.8079567532854435,1.1242970452994745,0.7716386533643437,0.1764162406779922,0.027390518677119585,0.22835889189127817,0.2409962010635111
s7213_r1_n750_a375,confirmatory,7213,1,0.75,0.375,feedback_only,balanced_permutation_a_k8,balanced_permutation_a,balanced,8,1.0639925081183608,1.0,0.6399250811836067,64,64,64,0.27499473321849177,0.34730549669978433,1.0790386212873309,1.0790386212873309,0.4118707924614471,14.258903980053638,1.490909413748778,1.1242970452994745,0.7716386533643437,0.2814771698256072,0.006482436607115449,0.35377531949639957,0.3724595084184076
s7213_r1_n750_a375,confirmatory,7213,1,0.75,0.375,feedback_only,balanced_permutation_b_k1,balanced_permutation_b,balanced,1,0.18840039778945986,0.125,0.6340039778945984,64,64,8,0.04027204628455541,0.05086171242000246,0.15802154750643838,0.15802154750643843,0.06031708106964031,2.0881681417349283,0.21833862857607875,1.1242970452994745,0.7716386533643437,0.05324467059948135,0.012972624314925935,0.07025901018205669,0.07426010524773653
s7213_r1_n750_a375,confirmatory,7213,1,0.75,0.375,feedback_only,balanced_permutation_b_k2,balanced_permutation_b,balanced,2,0.31340039778945983,0.25,0.6340039778945984,64,64,16,0.058675105719625566,0.07410391645455924,0.23023242823086815,0.23023242823086795,0.0878800914026971,3.0423953531171755,0.31811251963356507,1.1242970452994745,0.7716386533643437,0.07620237510754943,0.017527269387923865,0.100257623277057,0.10594260654637175
s7213_r1_n750_a375,confirmatory,7213,1,0.75,0.375,feedback_only,balanced_permutation_b_k4,balanced_permutation_b,balanced,4,0.5634003977894598,0.5,0.6340039778945984,64,64,32,0.23449309720339595,0.2961538231795483,0.920116197668086,0.9201161976680858,0.35120984551789675,12.158831254240782,1.2713260431859825,1.1242970452994745,0.7716386533643437,0.2521008013196357,0.017607704116239742,0.3202076075446024,0.33741078676877706
s7213_r1_n750_a375,confirmatory,7213,1,0.75,0.375,feedback_only,balanced_permutation_b_k8,balanced_permutation_b,balanced,8,1.06340039778946,1.0,0.6340039778945984,64,64,64,0.27499473321849177,0.34730549669978433,1.0790386212873309,1.0790386212873309,0.4118707924614471,14.258903980053638,1.490909413748778,1.1242970452994745,0.7716386533643437,0.2814771698256072,0.006482436607115449,0.35377531949639957,0.3724595084184076
s7213_r1_n750_a375,confirmatory,7213,1,0.75,0.375,feedback_only,comb_contiguous_k1,comb_contiguous,comb,1,0.225,0.125,1.0,64,64,8,0.04027204628455541,0.05086171242000246,0.15802154750643838,0.15802154750643843,0.06031708106964031,2.0881681417349283,0.21833862857607875,1.1242970452994745,0.7716386533643437,0.05324467059948135,0.012972624314925935,0.07025901018205669,0.07426010524773653
s7213_r1_n750_a375,confirmatory,7213,1,0.75,0.375,feedback_only,comb_contiguous_k2,comb_contiguous,comb,2,0.35,0.25,1.0,64,64,16,0.04449734284103786,0.056198064509651674,0.17460098565594814,0.17460098565594814,0.06664547951107642,2.307256330010394,0.24124646516702458,1.1242970452994745,0.7716386533643437,0.05859189785337343,0.014094555012335572,0.07726353945551759,0.08165926687898648
s7213_r1_n750_a375,confirmatory,7213,1,0.75,0.375,feedback_only,comb_contiguous_k4,comb_contiguous,comb,4,0.6,0.5,1.0,64,64,32,0.11449092335804156,0.14459668568593417,0.44924543333714756,0.44924543333714756,0.17147771079547505,5.9365321787923495,0.6207231441326226,1.1242970452994745,0.7716386533643437,0.140563168582575,0.02607224522453344,0.18315687515919551,0.19339471788930185
s7213_r1_n750_a375,confirmatory,7213,1,0.75,0.375,feedback_only,comb_contiguous_k8,comb_contiguous,comb,8,1.1,1.0,1.0,64,64,64,0.27499473321849177,0.34730549669978433,1.0790386212873309,1.0790386212873309,0.4118707924614471,14.258903980053638,1.490909413748778,1.1242970452994745,0.7716386533643437,0.2814771698256072,0.006482436607115449,0.35377531949639957,0.3724595084184076
s7213_r1_n750_a375,confirmatory,7213,1,0.75,0.375,joint_forward_feedback,balanced_contiguous_k1,balanced_contiguous,balanced,1,0.1737418407321983,0.125,0.487418407321983,64,64,8,0.026178310287646334,0.07485792421943652,0.08281095319142227,0.08281095319142237,0.031609075192088575,1.0943013593382567,0.11442002838351095,0.40031857330516724,0.7716386533643437,0.02841731390911821,0.0022390036214718773,0.0376086693401373,0.03975956552855049
s7213_r1_n750_a375,confirmatory,7213,1,0.75,0.375,joint_forward_feedback,balanced_contiguous_k2,balanced_contiguous,balanced,2,0.2987418407321983,0.25,0.487418407321983,64,64,16,0.02865317025062401,0.08193488516636699,0.09063978210732768,0.0906397821073277,0.034597351891389835,1.1977550426318024,0.12523713399871755,0.40031857330516724,0.7716386533643437,0.031045224813008695,0.002392054562384685,0.04107418441925801,0.04342225625554759
s7213_r1_n750_a375,confirmatory,7213,1,0.75,0.375,joint_forward_feedback,balanced_contiguous_k4,balanced_contiguous,balanced,4,0.5487418407321983,0.5,0.487418407321983,64,64,32,0.0592535120131346,0.1694377850700273,0.1874391339941687,0.18743913399416862,0.07154582156138437,2.4769054239584682,0.258984955555553,0.40031857330516724,0.7716386533643437,0.06270127866594019,0.0034477666528055922,0.08263956176977963,0.08733758721799938
s7213_r1_n750_a375,confirmatory,7213,1,0.75,0.375,joint_forward_feedback,balanced_contiguous_k8,balanced_contiguous,balanced,8,1.0487418407321982,1.0,0.487418407321983,64,64,64,0.12145502499588991,0.34730549669978505,0.3842038038086815,0.3842038038086815,0.14665121527586766,5.0770426926364465,0.5308550190845491,0.40031857330516724,0.7716386533643437,0.12227686564902,0.0008218406531300959,0.15980729769462754,0.16878008406192807
s7213_r1_n750_a375,confirmatory,7213,1,0.75,0.375,joint_forward_feedback,balanced_interleaved_k1,balanced_interleaved,balanced,1,0.19088469787505546,0.125,0.6588469787505544,64,64,8,0.029257025467625764,0.05766508338163701,0.09823417257396759,0.09823417257396763,0.037496143054235244,1.2981107503094955,0.13573031562820287,0.6164607124533489,0.7716386533643437,0.03358476526857941,0.004327739800953648,0.04442107453095211,0.04695939953627892
s7213_r1_n750_a375,confirmatory,7213,1,0.75,0.375,joint_forward_feedback,balanced_interleaved_k2,balanced_interleaved,balanced,2,0.31588469787505546,0.25,0.6588469787505544,64,64,16,0.033095080595146216,0.06522982263363954,0.11112092930056798,0.11112092930056802,0.0424150390052537,1.4684021774686864,0.15353596830582172,0.6164607124533489,0.7716386533643437,0.037872252414197845,0.004777171819051629,0.050066881427392296,0.05292574911287025
s7213_r1_n750_a375,confirmatory,7213,1,0.75,0.375,joint_forward_feedback,balanced_interleaved_k4,balanced_interleaved,balanced,4,0.5658846978750555,0.5,0.6588469787505544,64,64,32,0.10822326004166874,0.21330614491350255,0.36337331746915247,0.36337331746915214,0.13870018484307042,4.801779232447406,0.5020735023122226,0.6164607124533489,0.7716386533643437,0.11627265122309,0.008049391181421256,0.152102514394654,0.16065460319119787
s7213_r1_n750_a375,confirmatory,7213,1,0.75,0.375,joint_forward_feedback,balanced_interleaved_k8,balanced_interleaved,balanced,8,1.0658846978750554,1.0,0.6588469787505544,64,64,64,0.17620933095238983,0.34730549669978533,0.5916451706642047,0.5916451706642047,0.22583192157360715,7.818266661019634,0.8174770922378118,0.6164607124533489,0.7716386533643437,0.17815821924860717,0.0019488882962173382,0.23053291475862475,0.2432837033388438
s7213_r1_n750_a375,confirmatory,7213,1,0.75,0.375,joint_forward_feedback,balanced_permutation_a_k1,balanced_permutation_a,balanced,1,0.18899250811836066,0.125,0.6399250811836067,64,64,8,0.03146693157517085,0.06643184743425787,0.10420901951049788,0.10420901951049788,0.03977675182396461,1.3770650778773654,0.1439857713344625,0.5676553252144432,0.7716386533643437,0.03557603778719744,0.004109106212026585,0.04704394523758663,0.0497312463312609
s7213_r1_n750_a375,confirmatory,7213,1,0.75,0.375,joint_forward_feedback,balanced_permutation_a_k2,balanced_permutation_a,balanced,2,0.31399250811836066,0.25,0.6399250811836067,64,64,16,0.1078056306148648,0.22759534683107316,0.3570198459690449,0.35701984596904485,0.13627505446311378,4.717821588788686,0.4932949004321586,0.5676553252144432,0.7716386533643437,0.11442704790513226,0.006621417290267467,0.14973059710132092,0.15815286863736513
s7213_r1_n750_a375,confirmatory,7213,1,0.75,0.375,joint_forward_feedback,balanced_permutation_a_k4,balanced_permutation_a,balanced,4,0.5639925081183607,0.5,0.6399250811836067,64,64,32,0.10951230096905168,0.23119840753367352,0.3626718252162932,0.3626718252162933,0.13843242411199844,4.792509396800243,0.5011042493282918,0.5676553252144432,0.7716386533643437,0.11606920411228173,0.006556903143230056,0.15184113157661033,0.16037892159509218
s7213_r1_n750_a375,confirmatory,7213,1,0.75,0.375,joint_forward_feedback,balanced_permutation_a_k8,balanced_permutation_a,balanced,8,1.0639925081183608,1.0,0.6399250811836067,64,64,64,0.1645090227416606,0.34730549669978467,0.5448044376231992,0.5448044376231992,0.20795273777381199,7.199292046385183,0.7527571753970111,0.5676553252144432,0.7716386533643437,0.16616153835881076,0.0016525156171501576,0.21551653724786732,0.22747962193534305
s7213_r1_n750_a375,confirmatory,7213,1,0.75,0.375,joint_forward_feedback,balanced_permutation_b_k1,balanced_permutation_b,balanced,1,0.18840039778945986,0.125,0.6340039778945984,64,64,8,0.02756581533646025,0.05548762517449218,0.09215021319974898,0.09215021319974907,0.03517388589000772,1.2177145616799963,0.12732409908975678,0.6009743596108916,0.7716386533643437,0.03155106740179304,0.003985252065332789,0.04174100471897546,0.04412699543942154
s7213_r1_n750_a375,confirmatory,7213,1,0.75,0.375,joint_forward_feedback,balanced_permutation_b_k2,balanced_permutation_b,balanced,2,0.31340039778945983,0.25,0.6340039778945984,64,64,16,0.038355713380240825,0.07720676574830274,0.12821993916293584,0.1282199391629359,0.04894175881248127,1.6943562211623366,0.17716169797541717,0.6009743596108916,0.7716386533643437,0.0435188197932187,0.005163106412977875,0.05749311812467099,0.06077284726527621
s7213_r1_n750_a375,confirmatory,7213,1,0.75,0.375,joint_forward_feedback,balanced_permutation_b_k4,balanced_permutation_b,balanced,4,0.5634003977894598,0.5,0.6340039778945984,64,64,32,0.15341673753945745,0.30881475204629283,0.5128593114375237,0.5128593114375232,0.19575923127848563,6.777154712349064,0.7086185427160088,0.6009743596108916,0.7716386533643437,0.15777194886134632,0.004355211321888874,0.204956397561893,0.21636039932892004
s7213_r1_n750_a375,confirmatory,7213,1,0.75,0.375,joint_forward_feedback,balanced_permutation_b_k8,balanced_permutation_b,balanced,8,1.06340039778946,1.0,0.6340039778945984,64,64,64,0.1725386364483472,0.3473054966997846,0.5767822188404328,0.5767822188404328,0.2201587087476661,7.621860898765748,0.7969409275880989,0.6009743596108916,0.7716386533643437,0.1743908370736724,0.0018522006253252066,0.22582834463830748,0.2383333188458749
s7213_r1_n750_a375,confirmatory,7213,1,0.75,0.375,joint_forward_feedback,comb_contiguous_k1,comb_contiguous,comb,1,0.225,0.125,1.0,64,64,8,0.03183100586950598,0.054192920752780864,0.11074958465945178,0.11074958465945177,0.0422732961532412,1.46349506156317,0.15302288081269297,0.7395291288109014,0.7716386533643437,0.03774908817002115,0.005918082300515173,0.04990478107353298,0.05275445239525067
s7213_r1_n750_a375,confirmatory,7213,1,0.75,0.375,joint_forward_feedback,comb_contiguous_k2,comb_contiguous,comb,2,0.35,0.25,1.0,64,64,16,0.03500285637026354,0.059593059332501155,0.12178540071254425,0.12178540071254433,0.04648568504607174,1.60932732218684,0.16827108575861607,0.7395291288109014,0.7716386533643437,0.041399625570317566,0.0063967692000540255,0.05470724553674121,0.05782919642452583
s7213_r1_n750_a375,confirmatory,7213,1,0.75,0.375,joint_forward_feedback,comb_contiguous_k4,comb_contiguous,comb,4,0.6,0.5,1.0,64,64,32,0.09546019558561313,0.16252288211137148,0.3321345563491855,0.33213455634918543,0.12677629903938648,4.3889761256095525,0.4589108553885719,0.7395291288109014,0.7716386533643437,0.10713396437696801,0.011673768791354885,0.14034171955044514,0.14824876650895352
s7213_r1_n750_a375,confirmatory,7213,1,0.75,0.375,joint_forward_feedback,comb_contiguous_k8,comb_contiguous,comb,8,1.1,1.0,1.0,64,64,64,0.20399497112167123,0.34730549669978505,0.7097594847288622,0.7097594847288622,0.27091634688992444,9.379082585206444,0.9806758316187867,0.7395291288109014,0.7716386533643437,0.20679967302601387,0.002804701904342649,0.2659285619776891,0.2804963098166524
s7213_r2_n000_a125,confirmatory,7213,2,0.0,0.125,feedback_only,balanced_contiguous_k1,balanced_contiguous,balanced,1,0.1737418407321983,0.125,0.487418407321983,64,64,8,0.06438614680959699,0.11330520429184165,0.2220304563861044,0.2220304563861043,0.1281777755235265,4.323719273138952,0.3502082319096308,0.6211820521346567,0.47573566365889974,0.0681216202338642,0.0037354734242672077,0.07844607488800777,0.07861017418377486
s7213_r2_n000_a125,confirmatory,7213,2,0.0,0.125,feedback_only,balanced_contiguous_k2,balanced_contiguous,balanced,2,0.2987418407321983,0.25,0.487418407321983,64,64,16,0.11419936783826572,0.19967824450225574,0.39447227103022997,0.39447227103022975,0.23279599401448964,7.843944079493898,0.6272682650447194,0.6211820521346567,0.47573566365889974,0.12173620652268785,0.007536838684422134,0.16544437277183982,0.15644233284047532
s7213_r2_n000_a125,confirmatory,7213,2,0.0,0.125,feedback_only,balanced_contiguous_k4,balanced_contiguous,balanced,4,0.5487418407321983,0.5,0.487418407321983,64,64,32,0.11986416561073307,0.2095361388918971,0.4140644132060951,0.41406441320609505,0.2445450727198995,8.239506740242879,0.6586094859259946,0.6211820521346567,0.47573566365889974,0.1269218841756111,0.007057718564878024,0.17338105487219074,0.16373681783094926
s7213_r2_n000_a125,confirmatory,7213,2,0.0,0.125,feedback_only,balanced_contiguous_k8,balanced_contiguous,balanced,8,1.0487418407321982,1.0,0.487418407321983,64,64,64,0.1334191376986922,0.23328412147087912,0.4608620103872665,0.4608620103872665,0.2719755929394537,9.164080984449786,0.7328376033267202,0.6211820521346567,0.47573566365889974,0.13901371910185822,0.005594581403166016,0.1887073571585021,0.1785262288709158
s7213_r2_n000_a125,confirmatory,7213,2,0.0,0.125,feedback_only,balanced_interleaved_k1,balanced_interleaved,balanced,1,0.19088469787505546,0.125,0.6588469787505544,64,64,8,0.06438614680959699,0.11330520429184165,0.2220304563861044,0.2220304563861043,0.1281777755235265,4.323719273138952,0.3502082319096308,0.6211820521346567,0.47573566365889974,0.0681216202338642,0.0037354734242672077,0.07844607488800777,0.07861017418377486
s7213_r2_n000_a125,confirmatory,7213,2,0.0,0.125,feedback_only,balanced_interleaved_k2,balanced_interleaved,balanced,2,0.31588469787505546,0.25,0.6588469787505544,64,64,16,0.06684461118520854,0.11756590317784002,0.2305418723676944,0.23054187236769427,0.13334748383585807,4.497661355115152,0.36388935620355234,0.6211820521346567,0.47573566365889974,0.07103884526105667,0.0041942340758481245,0.08350799557336794,0.08315735531621143
s7213_r2_n000_a125,confirmatory,7213,2,0.0,0.125,feedback_only,balanced_interleaved_k4,balanced_interleaved,balanced,4,0.5658846978750555,0.5,0.6588469787505544,64,64,32,0.07526648055560739,0.13227699313464206,0.2596401719617887,0.2596401719617886,0.15057391222369224,5.07800536311994,0.4102140841854809,0.6211820521346567,0.47573566365889974,0.07962730830773729,0.004360827752129898,0.09642528501738769,0.09527619256159778
s7213_r2_n000_a125,confirmatory,7213,2,0.0,0.125,feedback_only,balanced_interleaved_k8,balanced_interleaved,balanced,8,1.0658846978750554,1.0,0.6588469787505544,64,64,64,0.1334191376986922,0.23328412147087912,0.4608620103872665,0.4608620103872665,0.2719755929394537,9.164080984449786,0.7328376033267202,0.6211820521346567,0.47573566365889974,0.13901371910185822,0.005594581403166016,0.1887073571585021,0.1785262288709158
s7213_r2_n000_a125,confirmatory,7213,2,0.0,0.125,feedback_only,balanced_permutation_a_k1,balanced_permutation_a,balanced,1,0.18899250811836066,0.125,0.6399250811836067,64,64,8,0.06438614680959699,0.11330520429184165,0.2220304563861044,0.2220304563861043,0.1281777755235265,4.323719273138952,0.3502082319096308,0.6211820521346567,0.47573566365889974,0.0681216202338642,0.0037354734242672077,0.07844607488800777,0.07861017418377486
s7213_r2_n000_a125,confirmatory,7213,2,0.0,0.125,feedback_only,balanced_permutation_a_k2,balanced_permutation_a,balanced,2,0.31399250811836066,0.25,0.6399250811836067,64,64,16,0.07222962127215468,0.1270787191888448,0.2490930077092503,0.2490930077092504,0.14391495482251382,4.8543715620296926,0.39300796253176423,0.6211820521346567,0.47573566365889974,0.07582492057215286,0.0035952992999981753,0.08767659941959294,0.08752811327335117
s7213_r2_n000_a125,confirmatory,7213,2,0.0,0.125,feedback_only,balanced_permutation_a_k4,balanced_permutation_a,balanced,4,0.5639925081183607,0.5,0.6399250811836067,64,64,32,0.07362170165837296,0.12949297642806637,0.25391165515529857,0.25391165515529845,0.14683523867094614,4.952639292625575,0.4007468938262446,0.6211820521346567,0.47573566365889974,0.07746242384975616,0.003840722191383192,0.09046733147911004,0.09004174030622235
s7213_r2_n000_a125,confirmatory,7213,2,0.0,0.125,feedback_only,balanced_permutation_a_k8,balanced_permutation_a,balanced,8,1.0639925081183608,1.0,0.6399250811836067,64,64,64,0.1334191376986922,0.23328412147087912,0.4608620103872665,0.4608620103872665,0.2719755929394537,9.164080984449786,0.7328376033267202,0.6211820521346567,0.47573566365889974,0.13901371910185822,0.005594581403166016,0.1887073571585021,0.1785262288709158
s7213_r2_n000_a125,confirmatory,7213,2,0.0,0.125,feedback_only,balanced_permutation_b_k1,balanced_permutation_b,balanced,1,0.18840039778945986,0.125,0.6340039778945984,64,64,8,0.06438614680959699,0.11330520429184165,0.2220304563861044,0.2220304563861043,0.1281777755235265,4.323719273138952,0.3502082319096308,0.6211820521346567,0.47573566365889974,0.0681216202338642,0.0037354734242672077,0.07844607488800777,0.07861017418377486
s7213_r2_n000_a125,confirmatory,7213,2,0.0,0.125,feedback_only,balanced_permutation_b_k2,balanced_permutation_b,balanced,2,0.31340039778945983,0.25,0.6340039778945984,64,64,16,0.06529591720949114,0.1149019213390115,0.2251699127974695,0.2251699127974695,0.13000684102533322,4.385388825608133,0.3551767538228027,0.6211820521346567,0.47573566365889974,0.06897058021455352,0.0036746630050623758,0.07959849540902308,0.0797386601936482
s7213_r2_n000_a125,confirmatory,7213,2,0.0,0.125,feedback_only,balanced_permutation_b_k4,balanced_permutation_b,balanced,4,0.5634003977894598,0.5,0.6340039778945984,64,64,32,0.07418639937314567,0.13050981788704236,0.2558471421914858,0.25584714219148563,0.14786244411411217,4.987445353843075,0.40370958630559783,0.6211820521346567,0.47573566365889974,0.07711059445711048,0.0029241950839648118,0.09044773308265112,0.09038255996680526
s7213_r2_n000_a125,confirmatory,7213,2,0.0,0.125,feedback_only,balanced_permutation_b_k8,balanced_permutation_b,balanced,8,1.06340039778946,1.0,0.6340039778945984,64,64,64,0.1334191376986922,0.23328412147087912,0.4608620103872665,0.4608620103872665,0.2719755929394537,9.164080984449786,0.7328376033267202,0.6211820521346567,0.47573566365889974,0.13901371910185822,0.005594581403166016,0.1887073571585021,0.1785262288709158
s7213_r2_n000_a125,confirmatory,7213,2,0.0,0.125,feedback_only,comb_contiguous_k1,comb_contiguous,comb,1,0.225,0.125,1.0,64,64,8,0.06438614680959699,0.11330520429184165,0.2220304563861044,0.2220304563861043,0.1281777755235265,4.323719273138952,0.3502082319096308,0.6211820521346567,0.47573566365889974,0.0681216202338642,0.0037354734242672077,0.07844607488800777,0.07861017418377486
s7213_r2_n000_a125,confirmatory,7213,2,0.0,0.125,feedback_only,comb_contiguous_k2,comb_contiguous,comb,2,0.35,0.25,1.0,64,64,16,0.06793582875471829,0.11945631811850138,0.234320161916267,0.23432016191626687,0.13564539839790388,4.5749729106491905,0.3699655603141707,0.6211820521346567,0.47573566365889974,0.07236087947556166,0.004425050720843371,0.08574510083790962,0.08515378676380689
s7213_r2_n000_a125,confirmatory,7213,2,0.0,0.125,feedback_only,comb_contiguous_k4,comb_contiguous,comb,4,0.6,0.5,1.0,64,64,32,0.09494867927162426,0.16649974014302552,0.3277256131458316,0.3277256131458316,0.1915026381791732,6.4558100348793745,0.5192282513250048,0.6211820521346567,0.47573566365889974,0.10147182515365193,0.006523145882027667,0.1286464111854427,0.12419081703066565
s7213_r2_n000_a125,confirmatory,7213,2,0.0,0.125,feedback_only,comb_contiguous_k8,comb_contiguous,comb,8,1.1,1.0,1.0,64,64,64,0.1334191376986922,0.23328412147087912,0.4608620103872665,0.4608620103872665,0.2719755929394537,9.164080984449786,0.7328376033267202,0.6211820521346567,0.47573566365889974,0.13901371910185822,0.005594581403166016,0.1887073571585021,0.1785262288709158
s7213_r2_n000_a125,confirmatory,7213,2,0.0,0.125,joint_forward_feedback,balanced_contiguous_k1,balanced_contiguous,balanced,1,0.1737418407321983,0.125,0.487418407321983,64,64,8,0.03726277066631991,0.11978280322237077,0.11635472516879823,0.11635472516879825,0.06717136957937281,2.265838551708728,0.18352609474817105,0.3079255727558279,0.47573566365889974,0.03809074639583279,0.0008279757295128823,0.04328583558593964,0.043336152950987625
s7213_r2_n000_a125,confirmatory,7213,2,0.0,0.125,joint_forward_feedback,balanced_contiguous_k2,balanced_contiguous,balanced,2,0.2987418407321983,0.25,0.487418407321983,64,64,16,0.06596416489327123,0.21049646904623928,0.20613154105314477,0.20613154105314477,0.12163780255558998,4.098541222832024,0.3277693436087348,0.3079255727558279,0.47573566365889974,0.06768584931941239,0.0017216844261411651,0.09221625725267292,0.08710400085642395
s7213_r2_n000_a125,confirmatory,7213,2,0.0,0.125,joint_forward_feedback,balanced_contiguous_k4,balanced_contiguous,balanced,4,0.5487418407321983,0.5,0.487418407321983,64,64,32,0.06899969096383743,0.2201301207157276,0.2156226238522528,0.21562262385225284,0.12732944555232412,4.290164881526625,0.34295206940457695,0.3079255727558279,0.47573566365889974,0.07058630904079462,0.0015866180769571886,0.0968258826833314,0.09133083511691276
s7213_r2_n000_a125,confirmatory,7213,2,0.0,0.125,joint_forward_feedback,balanced_contiguous_k8,balanced_contiguous,balanced,8,1.0487418407321982,1.0,0.487418407321983,64,64,64,0.07317349752315908,0.23347897475691912,0.22866232738992992,0.22866232738992992,0.13497269805015022,4.547788664994737,0.36363502544008014,0.3079255727558279,0.47573566365889974,0.07454470706467552,0.001371209541516441,0.10181164147877492,0.09612395775321346
s7213_r2_n000_a125,confirmatory,7213,2,0.0,0.125,joint_forward_feedback,balanced_interleaved_k1,balanced_interleaved,balanced,1,0.19088469787505546,0.125,0.6588469787505544,64,64,8,0.043263743135863814,0.11564362343548945,0.13802534219847917,0.13802534219847912,0.07968177707165136,2.6878422084913227,0.21770711927013048,0.37834965940632526,0.47573566365889974,0.04460319185212776,0.001339448716263944,0.050818250751402186,0.05088661871509283
s7213_r2_n000_a125,confirmatory,7213,2,0.0,0.125,joint_forward_feedback,balanced_interleaved_k2,balanced_interleaved,balanced,2,0.31588469787505546,0.25,0.6588469787505544,64,64,16,0.044905748120778737,0.11995862412027969,0.1432755480934953,0.14327554809349533,0.08287067456128469,2.7951371340546056,0.22614622265478002,0.37834965940632526,0.47573566365889974,0.04641712651267124,0.0015113783918925053,0.053979806334444845,0.05372268586649265
s7213_r2_n000_a125,confirmatory,7213,2,0.0,0.125,joint_forward_feedback,balanced_interleaved_k4,balanced_interleaved,balanced,4,0.5658846978750555,0.5,0.6588469787505544,64,64,32,0.05035147096331152,0.13439524250638687,0.16066808140946615,0.1606680814094661,0.09316719476452712,3.142018313874334,0.2538352761739932,0.37834965940632526,0.47573566365889974,0.051913172846710126,0.001561701883398603,0.06212326263888819,0.06136043084892688
s7213_r2_n000_a125,confirmatory,7213,2,0.0,0.125,joint_forward_feedback,balanced_interleaved_k8,balanced_interleaved,balanced,8,1.0658846978750554,1.0,0.6588469787505544,64,64,64,0.08040799103771921,0.2135735193959515,0.2567429601592072,0.2567429601592072,0.15113133944209992,5.092945822306405,0.40787429960130717,0.37834965940632526,0.47573566365889974,0.08279753696117119,0.0023895459234519745,0.11110831421909362,0.10555314956197126
s7213_r2_n000_a125,confirmatory,7213,2,0.0,0.125,joint_forward_feedback,balanced_permutation_a_k1,balanced_permutation_a,balanced,1,0.18899250811836066,0.125,0.6399250811836067,64,64,8,0.043162032916958915,0.11439844698221012,0.13785587978844965,0.13785587978844951,0.07957639317515953,2.684300461393555,0.21743227296360906,0.38201151865747507,0.47573566365889974,0.04455224105417857,0.0013902081372196562,0.050667871594321845,0.05074934007036284
s7213_r2_n000_a125,confirmatory,7213,2,0.0,0.125,joint_forward_feedback,balanced_permutation_a_k2,balanced_permutation_a,balanced,2,0.31399250811836066,0.25,0.6399250811836067,64,64,16,0.04872882692848083,0.1291220413078351,0.15564072054190292,0.15564072054190295,0.08990910407271052,3.0327320508686397,0.24554982461461347,0.38201151865747507,0.47573566365889974,0.050026890851513364,0.0012980639230325344,0.05693501331746622,0.05685922470441799
s7213_r2_n000_a125,confirmatory,7213,2,0.0,0.125,joint_forward_feedback,balanced_permutation_a_k4,balanced_permutation_a,balanced,4,0.5639925081183607,0.5,0.6399250811836067,64,64,32,0.04979433885688275,0.13190665505970975,0.15905023604466625,0.1590502360446662,0.09196233644897456,3.101845002411852,0.25101257249364073,0.38201151865747507,0.47573566365889974,0.051177245865084466,0.0013829070082017128,0.05881771712394443,0.058567333538915835
s7213_r2_n000_a125,confirmatory,7213,2,0.0,0.125,joint_forward_feedback,balanced_permutation_a_k8,balanced_permutation_a,balanced,8,1.0639925081183608,1.0,0.6399250811836067,64,64,64,0.07578335836672191,0.19977097455421358,0.2422221127514033,0.2422221127514033,0.14218262672480286,4.792066167945095,0.3844047394762061,0.38201151865747507,0.47573566365889974,0.07826548345964297,0.0024821250929210614,0.10242771165258585,0.09788750282102629
s7213_r2_n000_a125,confirmatory,7213,2,0.0,0.125,joint_forward_feedback,balanced_permutation_b_k1,balanced_permutation_b,balanced,1,0.18840039778945986,0.125,0.6340039778945984,64,64,8,0.0423421795872727,0.11598649491749144,0.13465673222411226,0.13465673222411223,0.07773028596741637,2.622025883181436,0.2123870181915286,0.3680363834166794,0.47573566365889974,0.043602208132499286,0.0012600285452265825,0.04957507252633981,0.049652488231053456
s7213_r2_n000_a125,confirmatory,7213,2,0.0,0.125,joint_forward_feedback,balanced_permutation_b_k2,balanced_permutation_b,balanced,2,0.31340039778945983,0.25,0.6340039778945984,64,64,16,0.04287854518630591,0.11745202904645158,0.1363630334966599,0.13636303349665982,0.07872291246063554,2.655496232236997,0.21508594595729535,0.3680363834166794,0.47573566365889974,0.0441156552202278,0.0012371100339218857,0.05024359897323545,0.05030793104235815
s7213_r2_n000_a125,confirmatory,7213,2,0.0,0.125,joint_forward_feedback,balanced_permutation_b_k4,balanced_permutation_b,balanced,4,0.5634003977894598,0.5,0.6340039778945984,64,64,32,0.04807490884614775,0.13164932425178488,0.15289399335133014,0.1528939933513301,0.08834164271775025,2.979826560319338,0.24123563606908036,0.3680363834166794,0.47573566365889974,0.049067241509532365,0.0009923326633846166,0.05662008600369156,0.056551426081460035
s7213_r2_n000_a125,confirmatory,7213,2,0.0,0.125,joint_forward_feedback,balanced_permutation_b_k8,balanced_permutation_b,balanced,8,1.06340039778946,1.0,0.6340039778945984,64,64,64,0.07365958771319184,0.20061960445741453,0.2344244436719065,0.2344244436719065,0.13772011061777534,4.641467983440718,0.37214455428968185,0.3680363834166794,0.47573566365889974,0.07598104220352989,0.0023214544903380485,0.10066065563921418,0.09605074445986539
s7213_r2_n000_a125,confirmatory,7213,2,0.0,0.125,joint_forward_feedback,comb_contiguous_k1,comb_contiguous,comb,1,0.225,0.125,1.0,64,64,8,0.04659339438119595,0.11004349388449998,0.15133435209311358,0.1513343520931134,0.08729353462406578,2.944727460063218,0.2386278867171792,0.436073285419062,0.47573566365889974,0.048502189799629065,0.0019087954184331124,0.054436717446428556,0.05463593854849294
s7213_r2_n000_a125,confirmatory,7213,2,0.0,0.125,joint_forward_feedback,comb_contiguous_k2,comb_contiguous,comb,2,0.35,0.25,1.0,64,64,16,0.04912466845282808,0.11592255666898285,0.15957753259630775,0.15957753259630766,0.09229804703020857,3.1131150375629817,0.25187557962651624,0.436073285419062,0.47573566365889974,0.05137456283209118,0.0022498943792631024,0.0593111881166475,0.058999973046731435
s7213_r2_n000_a125,confirmatory,7213,2,0.0,0.125,joint_forward_feedback,comb_contiguous_k4,comb_contiguous,comb,4,0.6,0.5,1.0,64,64,32,0.07002273792400762,0.16476686498012846,0.22756632528814674,0.22756632528814677,0.13281031926145073,4.4774965416545704,0.3603766445495975,0.436073285419062,0.47573566365889974,0.07292279999792253,0.0029000620739149108,0.08991488336031281,0.08706512901311221
s7213_r2_n000_a125,confirmatory,7213,2,0.0,0.125,joint_forward_feedback,comb_contiguous_k8,comb_contiguous,comb,8,1.1,1.0,1.0,64,64,64,0.09522281634423915,0.22337269755276132,0.30961662106565635,0.30961662106565635,0.18245573421813566,6.148200116045997,0.492072355283792,0.436073285419062,0.47573566365889974,0.0982026122228771,0.0029797958786379475,0.1317155547178302,0.12481549809868397
s7213_r2_n000_a375,confirmatory,7213,2,0.0,0.375,feedback_only,balanced_contiguous_k1,balanced_contiguous,balanced,1,0.1737418407321983,0.125,0.487418407321983,64,64,8,0.012620430887007074,0.022519833580016985,0.04336511920208022,0.04336511920208021,0.023850006854477385,0.8065653385453565,0.06721512605655759,0.6211820521346565,0.4834092585453389,0.014830577049059124,0.0022101461620520502,0.01898130183236238,0.01962842365930203
s7213_r2_n000_a375,confirmatory,7213,2,0.0,0.375,feedback_only,balanced_contiguous_k2,balanced_contiguous,balanced,2,0.2987418407321983,0.25,0.487418407321983,64,64,16,0.02198408872393236,0.03831622139722429,0.07600293773503913,0.07600293773503913,0.04534410304061901,1.5270142350348475,0.12134704077565814,0.6211820521346565,0.4834092585453389,0.026006508293783145,0.004022419569850784,0.03308961639654785,0.03237520220452729
s7213_r2_n000_a375,confirmatory,7213,2,0.0,0.375,feedback_only,balanced_contiguous_k4,balanced_contiguous,balanced,4,0.5487418407321983,0.5,0.487418407321983,64,64,32,0.05331585858542165,0.09122272341817464,0.18524707715274327,0.18524707715274338,0.11754938747100321,3.946827476224846,0.3027964646237466,0.6211820521346565,0.4834092585453389,0.0603017252969293,0.006985866711507652,0.08378375544580485,0.0783801538709557
s7213_r2_n000_a375,confirmatory,7213,2,0.0,0.375,feedback_only,balanced_contiguous_k8,balanced_contiguous,balanced,8,1.0487418407321982,1.0,0.487418407321983,64,64,64,0.1370727695112053,0.23890508494921034,0.4738851492619895,0.4738851492619895,0.28272455878568414,9.521071030403881,0.7566097080476737,0.6211820521346565,0.4834092585453389,0.14274704036258815,0.005674270851382834,0.17769689409297007,0.17429232903488695
s7213_r2_n000_a375,confirmatory,7213,2,0.0,0.375,feedback_only,balanced_interleaved_k1,balanced_interleaved,balanced,1,0.19088469787505546,0.125,0.6588469787505544,64,64,8,0.012620430887007074,0.022519833580016985,0.04336511920208022,0.04336511920208021,0.023850006854477385,0.8065653385453565,0.06721512605655759,0.6211820521346565,0.4834092585453389,0.014830577049059124,0.0022101461620520502,0.01898130183236238,0.01962842365930203
s7213_r2_n000_a375,confirmatory,7213,2,0.0,0.375,feedback_only,balanced_interleaved_k2,balanced_interleaved,balanced,2,0.31588469787505546,0.25,0.6588469787505544,64,64,16,0.026780996233498087,0.046438773922429774,0.09271324936149783,0.09271324936149786,0.05627566813982747,1.893534629835977,0.1489889175013253,0.6211820521346565,0.4834092585453389,0.03153488837356625,0.0047538921400681645,0.039870737004551765,0.038522860536090234
s7213_r2_n000_a375,confirmatory,7213,2,0.0,0.375,feedback_only,balanced_interleaved_k4,balanced_interleaved,balanced,4,0.5658846978750555,0.5,0.6588469787505544,64,64,32,0.07490753022116019,0.1291654428771531,0.25971524332373674,0.25971524332373663,0.16062371941086923,5.399674264471551,0.42033896273460586,0.6211820521346565,0.4834092585453389,0.08324634956006381,0.008338819338903625,0.11274531845984731,0.1075484864561988
s7213_r2_n000_a375,confirmatory,7213,2,0.0,0.375,feedback_only,balanced_interleaved_k8,balanced_interleaved,balanced,8,1.0658846978750554,1.0,0.6588469787505544,64,64,64,0.1370727695112053,0.23890508494921034,0.4738851492619895,0.4738851492619895,0.28272455878568414,9.521071030403881,0.7566097080476737,0.6211820521346565,0.4834092585453389,0.14274704036258815,0.005674270851382834,0.17769689409297007,0.17429232903488695
s7213_r2_n000_a375,confirmatory,7213,2,0.0,0.375,feedback_only,balanced_permutation_a_k1,balanced_permutation_a,balanced,1,0.18899250811836066,0.125,0.6399250811836067,64,64,8,0.012620430887007074,0.022519833580016985,0.04336511920208022,0.04336511920208021,0.023850006854477385,0.8065653385453565,0.06721512605655759,0.6211820521346565,0.4834092585453389,0.014830577049059124,0.0022101461620520502,0.01898130183236238,0.01962842365930203
s7213_r2_n000_a375,confirmatory,7213,2,0.0,0.375,feedback_only,balanced_permutation_a_k2,balanced_permutation_a,balanced,2,0.31399250811836066,0.25,0.6399250811836067,64,64,16,0.06422327205396579,0.11539564450834243,0.2202925621854822,0.2202925621854822,0.11820952931846253,4.002997500376283,0.3385020915039447,0.6211820521346565,0.4834092585453389,0.06863371896603596,0.004410446912070168,0.07073840171023092,0.07620134863898509
s7213_r2_n000_a375,confirmatory,7213,2,0.0,0.375,feedback_only,balanced_permutation_a_k4,balanced_permutation_a,balanced,4,0.5639925081183607,0.5,0.6399250811836067,64,64,32,0.07237017177045452,0.12920295544463747,0.24863920739039252,0.24863920739039264,0.1365001332527497,4.616643471478383,0.38513934064314237,0.6211820521346565,0.4834092585453389,0.0779183496345047,0.00554817786405018,0.08236640849470263,0.08681826469046375
s7213_r2_n000_a375,confirmatory,7213,2,0.0,0.375,feedback_only,balanced_permutation_a_k8,balanced_permutation_a,balanced,8,1.0639925081183608,1.0,0.6399250811836067,64,64,64,0.1370727695112053,0.23890508494921034,0.4738851492619895,0.4738851492619895,0.28272455878568414,9.521071030403881,0.7566097080476737,0.6211820521346565,0.4834092585453389,0.14274704036258815,0.005674270851382834,0.17769689409297007,0.17429232903488695
s7213_r2_n000_a375,confirmatory,7213,2,0.0,0.375,feedback_only,balanced_permutation_b_k1,balanced_permutation_b,balanced,1,0.18840039778945986,0.125,0.6340039778945984,64,64,8,0.012620430887007074,0.022519833580016985,0.04336511920208022,0.04336511920208021,0.023850006854477385,0.8065653385453565,0.06721512605655759,0.6211820521346565,0.4834092585453389,0.014830577049059124,0.0022101461620520502,0.01898130183236238,0.01962842365930203
s7213_r2_n000_a375,confirmatory,7213,2,0.0,0.375,feedback_only,balanced_permutation_b_k2,balanced_permutation_b,balanced,2,0.31340039778945983,0.25,0.6340039778945984,64,64,16,0.017670339543996678,0.03122160837117636,0.06087084669202654,0.06087084669202654,0.03465359734332161,1.169785961678318,0.09552444403534815,0.6211820521346565,0.4834092585453389,0.020674985086245316,0.0030046455422486386,0.02867467366827372,0.028864473920028864
s7213_r2_n000_a375,confirmatory,7213,2,0.0,0.375,feedback_only,balanced_permutation_b_k4,balanced_permutation_b,balanced,4,0.5634003977894598,0.5,0.6340039778945984,64,64,32,0.06802109795760865,0.11858192904306429,0.23514664855174938,0.2351466485517493,0.1401806740855091,4.720928219288041,0.37532732263725843,0.6211820521346565,0.4834092585453389,0.07276219181582318,0.004741093858214529,0.10776218145072927,0.10540392175122462
s7213_r2_n000_a375,confirmatory,7213,2,0.0,0.375,feedback_only,balanced_permutation_b_k8,balanced_permutation_b,balanced,8,1.06340039778946,1.0,0.6340039778945984,64,64,64,0.1370727695112053,0.23890508494921034,0.4738851492619895,0.4738851492619895,0.28272455878568414,9.521071030403881,0.7566097080476737,0.6211820521346565,0.4834092585453389,0.14274704036258815,0.005674270851382834,0.17769689409297007,0.17429232903488695
s7213_r2_n000_a375,confirmatory,7213,2,0.0,0.375,feedback_only,comb_contiguous_k1,comb_contiguous,comb,1,0.225,0.125,1.0,64,64,8,0.012620430887007074,0.022519833580016985,0.04336511920208022,0.04336511920208021,0.023850006854477385,0.8065653385453565,0.06721512605655759,0.6211820521346565,0.4834092585453389,0.014830577049059124,0.0022101461620520502,0.01898130183236238,0.01962842365930203
s7213_r2_n000_a375,confirmatory,7213,2,0.0,0.375,feedback_only,comb_contiguous_k2,comb_contiguous,comb,2,0.35,0.25,1.0,64,64,16,0.014869077941454912,0.02656583200941985,0.05107533239689533,0.05107533239689534,0.027965241799074857,0.9459630699672907,0.07904057419597019,0.6211820521346565,0.4834092585453389,0.01741651551220841,0.0025474375707534996,0.021441925526490657,0.022309562447697023
s7213_r2_n000_a375,confirmatory,7213,2,0.0,0.375,feedback_only,comb_contiguous_k4,comb_contiguous,comb,4,0.6,0.5,1.0,64,64,32,0.048327945966511604,0.08653008797038907,0.1659167918991791,0.16591679189917907,0.09015671169577633,3.0509315661640217,0.2560735035949554,0.6211820521346565,0.4834092585453389,0.05364014155784602,0.005312195591334418,0.058317157172412086,0.0617814469219464
s7213_r2_n000_a375,confirmatory,7213,2,0.0,0.375,feedback_only,comb_contiguous_k8,comb_contiguous,comb,8,1.1,1.0,1.0,64,64,64,0.1370727695112053,0.23890508494921034,0.4738851492619895,0.4738851492619895,0.28272455878568414,9.521071030403881,0.7566097080476737,0.6211820521346565,0.4834092585453389,0.14274704036258815,0.005674270851382834,0.17769689409297007,0.17429232903488695
s7213_r2_n000_a375,confirmatory,7213,2,0.0,0.375,joint_forward_feedback,balanced_contiguous_k1,balanced_contiguous,balanced,1,0.1737418407321983,0.125,0.487418407321983,64,64,8,0.007436353553999979,0.03055989057346122,0.022725425190748723,0.022725425190748716,0.0124985600534051,0.4226793468997119,0.035223985244153815,0.23988536552972056,0.4834092585453389,0.007858544356053066,0.0004221908020530865,0.010087927711536286,0.01042496733169378
s7213_r2_n000_a375,confirmatory,7213,2,0.0,0.375,joint_forward_feedback,balanced_contiguous_k2,balanced_contiguous,balanced,2,0.2987418407321983,0.25,0.487418407321983,64,64,16,0.012969448855371704,0.051855549491728575,0.039717356244983806,0.039717356244983806,0.023688836146741294,0.7977601129407053,0.0634061923917251,0.23988536552972056,0.4834092585453389,0.013738696236347148,0.0007692473809754446,0.017510936285200104,0.017133193689143754
s7213_r2_n000_a375,confirmatory,7213,2,0.0,0.375,joint_forward_feedback,balanced_contiguous_k4,balanced_contiguous,balanced,4,0.5487418407321983,0.5,0.487418407321983,64,64,32,0.030200452595093255,0.11822121309896072,0.0926388368683733,0.09263883686837332,0.05866746823864863,1.9699978205051294,0.15130630510702195,0.23988536552972056,0.4834092585453389,0.03130594945018833,0.0011054968550950756,0.04366964523144676,0.04089026060903475
s7213_r2_n000_a375,confirmatory,7213,2,0.0,0.375,joint_forward_feedback,balanced_contiguous_k8,balanced_contiguous,balanced,8,1.0487418407321982,1.0,0.487418407321983,64,64,64,0.056491699579060646,0.2247605462564624,0.17306507916924008,0.17306507916924008,0.10469195230329317,3.5232075528746214,0.2777570314725333,0.23988536552972056,0.4834092585453389,0.057447529947306335,0.0009558303682456887,0.07432831473984171,0.07200729761100827
s7213_r2_n000_a375,confirmatory,7213,2,0.0,0.375,joint_forward_feedback,balanced_interleaved_k1,balanced_interleaved,balanced,1,0.19088469787505546,0.125,0.6588469787505544,64,64,8,0.008557308128797177,0.025349437009173827,0.0269579476382122,0.02695794763821217,0.01482636846812037,0.501401738618064,0.04178431610633254,0.34305364519551557,0.4834092585453389,0.009301100795173763,0.0007437926663765859,0.011932512911966162,0.012332831711900328
s7213_r2_n000_a375,confirmatory,7213,2,0.0,0.375,joint_forward_feedback,balanced_interleaved_k2,balanced_interleaved,balanced,2,0.31588469787505546,0.25,0.6588469787505544,64,64,16,0.01815144195380414,0.05206530685413948,0.05739798774803636,0.057397987748036366,0.034827905039516945,1.1718909490125786,0.0922258927875533,0.34305364519551557,0.4834092585453389,0.019739187925333163,0.001587745971529022,0.024981114085617945,0.02413911804854639
s7213_r2_n000_a375,confirmatory,7213,2,0.0,0.375,joint_forward_feedback,balanced_interleaved_k4,balanced_interleaved,balanced,4,0.5658846978750555,0.5,0.6588469787505544,64,64,32,0.04968043718754367,0.1416011116744637,0.1572178323554279,0.15721783235542786,0.09719845532956121,3.2675684029013867,0.2544162876849891,0.34305364519551557,0.4834092585453389,0.052227007013223185,0.0025465698256795163,0.07129635573041387,0.06796793436422599
s7213_r2_n000_a375,confirmatory,7213,2,0.0,0.375,joint_forward_feedback,balanced_interleaved_k8,balanced_interleaved,balanced,8,1.0658846978750554,1.0,0.6588469787505544,64,64,64,0.08209681071526166,0.23647242611824756,0.2594748632317336,0.2594748632317336,0.15549641856242102,5.235360257229206,0.4149712817941546,0.34305364519551557,0.4834092585453389,0.08387133211390707,0.0017745213986454095,0.10667915643569256,0.10413322255431257
s7213_r2_n000_a375,confirmatory,7213,2,0.0,0.375,joint_forward_feedback,balanced_permutation_a_k1,balanced_permutation_a,balanced,1,0.18899250811836066,0.125,0.6399250811836067,64,64,8,0.009182290229320508,0.026371179016140972,0.0290316633736095,0.029031663373609476,0.015917882020537327,0.538403888030804,0.044949545394146806,0.3555158704748765,0.4834092585453389,0.010005827728904569,0.0008235374995840608,0.012666749040763437,0.013131965723535411
s7213_r2_n000_a375,confirmatory,7213,2,0.0,0.375,joint_forward_feedback,balanced_permutation_a_k2,balanced_permutation_a,balanced,2,0.31399250811836066,0.25,0.6399250811836067,64,64,16,0.04354101231825848,0.12590658814350378,0.13755189275524893,0.1375518927552489,0.07379491756221095,2.4989892547459993,0.21134681031745983,0.3555158704748765,0.4834092585453389,0.0448362139220132,0.0012952016037547226,0.046600383002175984,0.05007838656094159
s7213_r2_n000_a375,confirmatory,7213,2,0.0,0.375,joint_forward_feedback,balanced_permutation_a_k4,balanced_permutation_a,balanced,4,0.5639925081183607,0.5,0.6399250811836067,64,64,32,0.04897699518227745,0.14063617941938764,0.15485378477569536,0.15485378477569534,0.08495086555884335,2.8732814826586823,0.23980465033453868,0.3555158704748765,0.4834092585453389,0.050648531385401714,0.0016715362031242617,0.05363720925790611,0.056516144851787485
s7213_r2_n000_a375,confirmatory,7213,2,0.0,0.375,joint_forward_feedback,balanced_permutation_a_k8,balanced_permutation_a,balanced,8,1.0639925081183608,1.0,0.6399250811836067,64,64,64,0.07280645233136085,0.20578770330274382,0.23063580465990186,0.23063580465990186,0.13289820815736567,4.483378465695603,0.3635340128172675,0.3555158704748765,0.4834092585453389,0.07482036030764264,0.002013907976281787,0.08877258734955096,0.08936557847038412
s7213_r2_n000_a375,confirmatory,7213,2,0.0,0.375,joint_forward_feedback,balanced_permutation_b_k1,balanced_permutation_b,balanced,1,0.18840039778945986,0.125,0.6340039778945984,64,64,8,0.008252526324528324,0.025179330257111148,0.02591190325767748,0.025911903257677452,0.014182443154912789,0.4797500842148867,0.04009434641259024,0.3325380294849896,0.4834092585453389,0.00894564848740666,0.0006931221628783367,0.011241825019080614,0.011674134055161427
s7213_r2_n000_a375,confirmatory,7213,2,0.0,0.375,joint_forward_feedback,balanced_permutation_b_k2,balanced_permutation_b,balanced,2,0.31340039778945983,0.25,0.6340039778945984,64,64,16,0.011006493190851096,0.03326189125321949,0.034595621078342985,0.03459562107834295,0.019507710557997666,0.6588423589342682,0.05410333163634062,0.3325380294849896,0.4834092585453389,0.01190514587100622,0.000898652680155123,0.016135433666069468,0.016354420232731356
s7213_r2_n000_a375,confirmatory,7213,2,0.0,0.375,joint_forward_feedback,balanced_permutation_b_k4,balanced_permutation_b,balanced,4,0.5634003977894598,0.5,0.6340039778945984,64,64,32,0.04204848600851163,0.12489506573975195,0.13242415462478682,0.13242415462478666,0.07869022856618711,2.650511468742774,0.21111438319097375,0.3325380294849896,0.4834092585453389,0.04338762488275906,0.001339138874247428,0.06490468792103281,0.0634865519750445
s7213_r2_n000_a375,confirmatory,7213,2,0.0,0.375,joint_forward_feedback,balanced_permutation_b_k8,balanced_permutation_b,balanced,8,1.06340039778946,1.0,0.6340039778945984,64,64,64,0.07138296221209559,0.21177259350579267,0.2248384916973362,0.2248384916973362,0.1340836549334852,4.515515449568863,0.3589221466308214,0.3325380294849896,0.4834092585453389,0.0733387506395628,0.0019557884274672144,0.09535936431438037,0.09336579614836962
s7213_r2_n000_a375,confirmatory,7213,2,0.0,0.375,joint_forward_feedback,comb_contiguous_k1,comb_contiguous,comb,1,0.225,0.125,1.0,64,64,8,0.009451777841509497,0.02397013602195687,0.03037251285848816,0.030372512858488167,0.016706673524422004,0.5649860656399923,0.04707918638291017,0.40872575639200664,0.4834092585453389,0.01046003596699452,0.0010082581254850231,0.013420556785520739,0.013870423691726698
s7213_r2_n000_a375,confirmatory,7213,2,0.0,0.375,joint_forward_feedback,comb_contiguous_k2,comb_contiguous,comb,2,0.35,0.25,1.0,64,64,16,0.011140754813228205,0.028291658237671106,0.03579301838978858,0.03579301838978858,0.019602705515935313,0.6630795948997186,0.05539572390572389,0.40872575639200664,0.4834092585453389,0.012303054548151705,0.0011622997349235008,0.015153665203022911,0.015758972707384685
s7213_r2_n000_a375,confirmatory,7213,2,0.0,0.375,joint_forward_feedback,comb_contiguous_k4,comb_contiguous,comb,4,0.6,0.5,1.0,64,64,32,0.03816386899646492,0.09713680897577769,0.12257331029331714,0.12257331029331713,0.06663752190868344,2.2549740113711874,0.18921083220200058,0.40872575639200664,0.4834092585453389,0.04049030613139305,0.002326437134928132,0.044264765304991,0.04682221201812781
s7213_r2_n000_a375,confirmatory,7213,2,0.0,0.375,joint_forward_feedback,comb_contiguous_k8,comb_contiguous,comb,8,1.1,1.0,1.0,64,64,64,0.09223707617474562,0.2279691667567048,0.2975068838256856,0.2975068838256856,0.17745190054228263,5.97596770117873,0.47495878436796823,0.40872575639200664,0.4834092585453389,0.09495878504562873,0.002721708870883105,0.12065716267451917,0.11821409461435914
s7213_r2_n750_a125,confirmatory,7213,2,0.75,0.125,feedback_only,balanced_contiguous_k1,balanced_contiguous,balanced,1,0.1737418407321983,0.125,0.487418407321983,64,64,8,0.06308445773993994,0.09965611329274424,0.22448960789791533,0.224489607897915,0.18255278506846945,6.066178730088938,0.40704239296638445,0.6211820521346567,0.7523315031609321,0.0675035284369126,0.004419070696972657,0.1016807669729475,0.10451242866642564
s7213_r2_n750_a125,confirmatory,7213,2,0.75,0.125,feedback_only,balanced_contiguous_k2,balanced_contiguous,balanced,2,0.2987418407321983,0.25,0.487418407321983,64,64,16,0.11139318501430767,0.1723400138558516,0.39916029779578716,0.3991602977957873,0.3449882826154502,11.438785341490194,0.7441485804112375,0.6211820521346567,0.7523315031609321,0.12037099714181337,0.008977812127505702,0.19119523835898347,0.185204698007521
s7213_r2_n750_a125,confirmatory,7213,2,0.75,0.125,feedback_only,balanced_contiguous_k4,balanced_contiguous,balanced,4,0.5487418407321983,0.5,0.487418407321983,64,64,32,0.11680364381832678,0.18057432414099295,0.4186556398161154,0.41865563981611525,0.3626284840843398,12.022767130514989,0.7812841239004551,0.6211820521346567,0.7523315031609321,0.12521515939625588,0.008411515577929102,0.1992010968937326,0.19298982324890362
s7213_r2_n750_a125,confirmatory,7213,2,0.75,0.125,feedback_only,balanced_contiguous_k8,balanced_contiguous,balanced,8,1.0487418407321982,1.0,0.487418407321983,64,64,64,0.13014067390607634,0.20134486271581412,0.46633903272468263,0.46633903272468263,0.4030498596795479,13.363934542470215,0.8693888924042306,0.6211820521346567,0.7523315031609321,0.13682768611022308,0.006687012204146747,0.21590832916290356,0.2093457906578483
s7213_r2_n750_a125,confirmatory,7213,2,0.75,0.125,feedback_only,balanced_interleaved_k1,balanced_interleaved,balanced,1,0.19088469787505546,0.125,0.6588469787505544,64,64,8,0.06308445773993994,0.09965611329274424,0.22448960789791533,0.224489607897915,0.18255278506846945,6.066178730088938,0.40704239296638445,0.6211820521346567,0.7523315031609321,0.0675035284369126,0.004419070696972657,0.1016807669729475,0.10451242866642564
s7213_r2_n750_a125,confirmatory,7213,2,0.75,0.125,feedback_only,balanced_interleaved_k2,balanced_interleaved,balanced,2,0.31588469787505546,0.25,0.6588469787505544,64,64,16,0.0654398105702011,0.10318599522044575,0.23301166001778317,0.23301166001778312,0.19051978082734183,6.329644646492722,0.42353144084512495,0.6211820521346567,0.7523315031609321,0.07041672636997755,0.004976915799776452,0.10737130583714484,0.10977319131280883
s7213_r2_n750_a125,confirmatory,7213,2,0.75,0.125,feedback_only,balanced_interleaved_k4,balanced_interleaved,balanced,4,0.5658846978750555,0.5,0.6588469787505544,64,64,32,0.07357101381895734,0.1157129257600888,0.2621826224813899,0.26218262248138985,0.2159815547828357,7.173592375532133,0.47816417726422555,0.6211820521346567,0.7523315031609321,0.07878772753886283,0.005216713719905494,0.1224409078702885,0.12447428789966032
s7213_r2_n750_a125,confirmatory,7213,2,0.75,0.125,feedback_only,balanced_interleaved_k8,balanced_interleaved,balanced,8,1.0658846978750554,1.0,0.6588469787505544,64,64,64,0.13014067390607634,0.20134486271581412,0.46633903272468263,0.46633903272468263,0.4030498596795479,13.363934542470215,0.8693888924042306,0.6211820521346567,0.7523315031609321,0.13682768611022308,0.006687012204146747,0.21590832916290356,0.2093457906578483
s7213_r2_n750_a125,confirmatory,7213,2,0.75,0.125,feedback_only,balanced_permutation_a_k1,balanced_permutation_a,balanced,1,0.18899250811836066,0.125,0.6399250811836067,64,64,8,0.06308445773993994,0.09965611329274424,0.22448960789791533,0.224489607897915,0.18255278506846945,6.066178730088938,0.40704239296638445,0.6211820521346567,0.7523315031609321,0.0675035284369126,0.004419070696972657,0.1016807669729475,0.10451242866642564
s7213_r2_n750_a125,confirmatory,7213,2,0.75,0.125,feedback_only,balanced_permutation_a_k2,balanced_permutation_a,balanced,2,0.31399250811836066,0.25,0.6399250811836067,64,64,16,0.07092447817296955,0.11196344896035756,0.25244581458613746,0.25244581458613746,0.205707873039418,6.835097751847514,0.4581536876255555,0.6211820521346567,0.7523315031609321,0.075224123636389,0.004299645463419446,0.11240190611367985,0.11467125563144501
s7213_r2_n750_a125,confirmatory,7213,2,0.75,0.125,feedback_only,balanced_permutation_a_k4,balanced_permutation_a,balanced,4,0.5639925081183607,0.5,0.6399250811836067,64,64,32,0.07226342827723413,0.11397560543268019,0.257286350117212,0.2572863501172119,0.21020404185972785,6.9838156896285035,0.46749039197693976,0.6211820521346567,0.7523315031609321,0.07686122227383338,0.00459779399659925,0.11553532981678605,0.11756412506501991
s7213_r2_n750_a125,confirmatory,7213,2,0.75,0.125,feedback_only,balanced_permutation_a_k8,balanced_permutation_a,balanced,8,1.0639925081183608,1.0,0.6399250811836067,64,64,64,0.13014067390607634,0.20134486271581412,0.46633903272468263,0.46633903272468263,0.4030498596795479,13.363934542470215,0.8693888924042306,0.6211820521346567,0.7523315031609321,0.13682768611022308,0.006687012204146747,0.21590832916290356,0.2093457906578483
s7213_r2_n750_a125,confirmatory,7213,2,0.75,0.125,feedback_only,balanced_permutation_b_k1,balanced_permutation_b,balanced,1,0.18840039778945986,0.125,0.6340039778945984,64,64,8,0.06308445773993994,0.09965611329274424,0.22448960789791533,0.224489607897915,0.18255278506846945,6.066178730088938,0.40704239296638445,0.6211820521346567,0.7523315031609321,0.0675035284369126,0.004419070696972657,0.1016807669729475,0.10451242866642564
s7213_r2_n750_a125,confirmatory,7213,2,0.75,0.125,feedback_only,balanced_permutation_b_k2,balanced_permutation_b,balanced,2,0.31340039778945983,0.25,0.6340039778945984,64,64,16,0.06396293765594363,0.10103101689019976,0.2276251512424099,0.22762515124240984,0.18517217505923028,6.1531347531377785,0.4127973263016401,0.6211820521346567,0.7523315031609321,0.06831371976084612,0.004350782104902487,0.10310759940371082,0.10598299072719036
s7213_r2_n750_a125,confirmatory,7213,2,0.75,0.125,feedback_only,balanced_permutation_b_k4,balanced_permutation_b,balanced,4,0.5634003977894598,0.5,0.6340039778945984,64,64,32,0.07258296912602333,0.11453704127336875,0.2583817372463004,0.2583817372463003,0.2107866838529569,7.003555620540921,0.4691684210992572,0.6211820521346567,0.7523315031609321,0.07608922908353319,0.0035062599575098607,0.11639639618839916,0.1196283307210267
s7213_r2_n750_a125,confirmatory,7213,2,0.75,0.125,feedback_only,balanced_permutation_b_k8,balanced_permutation_b,balanced,8,1.06340039778946,1.0,0.6340039778945984,64,64,64,0.13014067390607634,0.20134486271581412,0.46633903272468263,0.46633903272468263,0.4030498596795479,13.363934542470215,0.8693888924042306,0.6211820521346567,0.7523315031609321,0.13682768611022308,0.006687012204146747,0.21590832916290356,0.2093457906578483
s7213_r2_n750_a125,confirmatory,7213,2,0.75,0.125,feedback_only,comb_contiguous_k1,comb_contiguous,comb,1,0.225,0.125,1.0,64,64,8,0.06308445773993994,0.09965611329274424,0.22448960789791533,0.224489607897915,0.18255278506846945,6.066178730088938,0.40704239296638445,0.6211820521346567,0.7523315031609321,0.0675035284369126,0.004419070696972657,0.1016807669729475,0.10451242866642564
s7213_r2_n750_a125,confirmatory,7213,2,0.75,0.125,feedback_only,comb_contiguous_k2,comb_contiguous,comb,2,0.35,0.25,1.0,64,64,16,0.06649749947859776,0.10477075458716802,0.23683910107345119,0.23683910107345113,0.1941019250771207,6.448100703541313,0.43094102615057184,0.6211820521346567,0.7523315031609321,0.07175463225839127,0.005257132779793505,0.10983237479439392,0.11199009592973466
s7213_r2_n750_a125,confirmatory,7213,2,0.75,0.125,feedback_only,comb_contiguous_k4,comb_contiguous,comb,4,0.6,0.5,1.0,64,64,32,0.0932240966200054,0.14560453414591823,0.33298751312958486,0.3329875131295847,0.2799724407809638,9.292105618120425,0.6129599539105485,0.6211820521346567,0.7523315031609321,0.10105189496188134,0.007827798341875941,0.1556198236985017,0.15292311305357964
s7213_r2_n750_a125,confirmatory,7213,2,0.75,0.125,feedback_only,comb_contiguous_k8,comb_contiguous,comb,8,1.1,1.0,1.0,64,64,64,0.13014067390607634,0.20134486271581412,0.46633903272468263,0.46633903272468263,0.4030498596795479,13.363934542470215,0.8693888924042306,0.6211820521346567,0.7523315031609321,0.13682768611022308,0.006687012204146747,0.21590832916290356,0.2093457906578483
s7213_r2_n750_a125,confirmatory,7213,2,0.75,0.125,joint_forward_feedback,balanced_contiguous_k1,balanced_contiguous,balanced,1,0.1737418407321983,0.125,0.487418407321983,64,64,8,0.03715208411526857,0.10535340087031272,0.11764343980264841,0.11764343980264842,0.09566651116774354,3.1789717971704414,0.21330995097039196,0.3079255727558279,0.7523315031609321,0.03813567979898633,0.0009835956837177598,0.05688675265356727,0.05832181928121772
s7213_r2_n750_a125,confirmatory,7213,2,0.75,0.125,joint_forward_feedback,balanced_contiguous_k2,balanced_contiguous,balanced,2,0.2987418407321983,0.25,0.487418407321983,64,64,16,0.06567001640795288,0.18168951463791413,0.20858065476825996,0.20858065476826007,0.18023382905669552,5.976063184582517,0.3888144838249556,0.3079255727558279,0.7523315031609321,0.06772298157215532,0.002052965164202447,0.10936182131412087,0.10569933820634339
s7213_r2_n750_a125,confirmatory,7213,2,0.75,0.125,joint_forward_feedback,balanced_contiguous_k4,balanced_contiguous,balanced,4,0.5487418407321983,0.5,0.487418407321983,64,64,32,0.06863618931835067,0.18973647118228865,0.218024844364832,0.21802484436483183,0.18877932710541956,6.258963311738258,0.4068041714702514,0.3079255727558279,0.7523315031609321,0.07052951839225817,0.0018933290739075043,0.11451483849176708,0.11065867821902789
s7213_r2_n750_a125,confirmatory,7213,2,0.75,0.125,joint_forward_feedback,balanced_contiguous_k8,balanced_contiguous,balanced,8,1.0487418407321982,1.0,0.487418407321983,64,64,64,0.07282345664688798,0.20141167586973144,0.23131136642260264,0.23131136642260264,0.2000423573910574,6.6326668029364395,0.43135372381366005,0.3079255727558279,0.7523315031609321,0.07446289290443463,0.0016394362575466448,0.12031850351011024,0.11630467962511844
s7213_r2_n750_a125,confirmatory,7213,2,0.75,0.125,joint_forward_feedback,balanced_interleaved_k1,balanced_interleaved,balanced,1,0.19088469787505546,0.125,0.6588469787505544,64,64,8,0.04298004231568492,0.10171283932366021,0.13955407494289762,0.13955407494289757,0.11348402844582825,3.7710429852094016,0.2530381033887258,0.37834965940632526,0.7523315031609321,0.04456676903880384,0.0015867267231189225,0.06660568614673962,0.06831991440557408
s7213_r2_n750_a125,confirmatory,7213,2,0.75,0.125,joint_forward_feedback,balanced_interleaved_k2,balanced_interleaved,balanced,2,0.31588469787505546,0.25,0.6588469787505544,64,64,16,0.04458420526467682,0.10528770461073998,0.14481084166351632,0.14481084166351635,0.11839841263164111,3.933560045876032,0.26320925429515746,0.37834965940632526,0.7523315031609321,0.046380038604806294,0.0017958333401294768,0.07018251022180425,0.07162318924148733
s7213_r2_n750_a125,confirmatory,7213,2,0.75,0.125,joint_forward_feedback,balanced_interleaved_k4,balanced_interleaved,balanced,4,0.5658846978750555,0.5,0.6588469787505544,64,64,32,0.04993005142175825,0.11758086236830562,0.16224680677435002,0.16224680677435002,0.13361733462990544,4.438001514931324,0.29586414140425543,0.37834965940632526,0.7523315031609321,0.051801323469282574,0.001871272047524325,0.07989624871524036,0.08108455424587241
s7213_r2_n750_a125,confirmatory,7213,2,0.75,0.125,joint_forward_feedback,balanced_interleaved_k8,balanced_interleaved,balanced,8,1.0658846978750554,1.0,0.6588469787505544,64,64,64,0.07971792608152997,0.18469620600022157,0.25972281888906323,0.25972281888906323,0.22293450244580001,7.393626897154664,0.4826573213348633,0.37834965940632526,0.7523315031609321,0.08259287623160444,0.002874950150074468,0.13247142419193322,0.1289274134690887
s7213_r2_n750_a125,confirmatory,7213,2,0.75,0.125,joint_forward_feedback,balanced_permutation_a_k1,balanced_permutation_a,balanced,1,0.18899250811836066,0.125,0.6399250811836067,64,64,8,0.04288132120615144,0.10065050839464708,0.13941515609454777,0.13941515609454777,0.11333856138386102,3.7662491203781,0.2527537174784088,0.38201151865747507,0.7523315031609321,0.04452720901640034,0.0016458878102488944,0.06640434725423519,0.06810278643141912
s7213_r2_n750_a125,confirmatory,7213,2,0.75,0.125,joint_forward_feedback,balanced_permutation_a_k2,balanced_permutation_a,balanced,2,0.31399250811836066,0.25,0.6399250811836067,64,64,16,0.04852401296073285,0.11381130115404965,0.1577791548180294,0.1577791548180295,0.12851165583793914,4.270152141632082,0.2862908106559686,0.38201151865747507,0.7523315031609321,0.05007949496962059,0.0015554820088877347,0.0738301331039602,0.07521466209947264
s7213_r2_n750_a125,confirmatory,7213,2,0.75,0.125,joint_forward_feedback,balanced_permutation_a_k4,balanced_permutation_a,balanced,4,0.5639925081183607,0.5,0.6399250811836067,64,64,32,0.0495725262845234,0.1161547570163599,0.1612142121877277,0.1612142121877277,0.13164790392528075,4.373947137796712,0.29286211611300844,0.38201151865747507,0.7523315031609321,0.05123174404507557,0.0016592177605521743,0.07597259627529374,0.07720363825562648
s7213_r2_n750_a125,confirmatory,7213,2,0.75,0.125,joint_forward_feedback,balanced_permutation_a_k8,balanced_permutation_a,balanced,8,1.0639925081183608,1.0,0.6399250811836067,64,64,64,0.07529837086115268,0.17356468373708117,0.2455299471702333,0.2455299471702333,0.20908229394160557,6.936163353301612,0.45461224111183884,0.38201151865747507,0.7523315031609321,0.07828466761586604,0.0029862967547133606,0.12329153354204078,0.12031820121465708
s7213_r2_n750_a125,confirmatory,7213,2,0.75,0.125,joint_forward_feedback,balanced_permutation_b_k1,balanced_permutation_b,balanced,1,0.18840039778945986,0.125,0.6340039778945984,64,64,8,0.04209669257691522,0.10204506965600331,0.13617730276096446,0.13617730276096446,0.11070882002434317,3.6788595435399456,0.24688612278530764,0.3680363834166794,0.7523315031609321,0.04358986714915509,0.0014931745722398665,0.0649986961784639,0.06665718557248321
s7213_r2_n750_a125,confirmatory,7213,2,0.75,0.125,joint_forward_feedback,balanced_permutation_b_k2,balanced_permutation_b,balanced,2,0.31340039778945983,0.25,0.6340039778945984,64,64,16,0.04262350046446281,0.10331057204910071,0.1378837985467153,0.1378837985467153,0.11212826351803745,3.725988231123914,0.2500120620647528,0.3680363834166794,0.7523315031609321,0.044090798074254645,0.0014672976097918344,0.06585285166396568,0.06753312716495175
s7213_r2_n750_a125,confirmatory,7213,2,0.75,0.125,joint_forward_feedback,balanced_permutation_b_k4,balanced_permutation_b,balanced,4,0.5634003977894598,0.5,0.6340039778945984,64,64,32,0.04774728840528169,0.11561819221745426,0.1544815451955185,0.15448154519551843,0.12593671148040445,4.184456312568461,0.2804182566759229,0.3680363834166794,0.7523315031609321,0.04893932034458369,0.0011920319393020004,0.07390178204171423,0.07572729429259673
s7213_r2_n750_a125,confirmatory,7213,2,0.75,0.125,joint_forward_feedback,balanced_permutation_b_k8,balanced_permutation_b,balanced,8,1.06340039778946,1.0,0.6340039778945984,64,64,64,0.07308089930582991,0.17377489769912044,0.2371117384268828,0.2371117384268828,0.20242817443010547,6.714813320190258,0.43953991285698824,0.3680363834166794,0.7523315031609321,0.07588066380090837,0.0027997644950784606,0.12140637564233017,0.11872797451200251
s7213_r2_n750_a125,confirmatory,7213,2,0.75,0.125,joint_forward_feedback,comb_contiguous_k1,comb_contiguous,comb,1,0.225,0.125,1.0,64,64,8,0.04625772148185184,0.09708892532785676,0.1533618527461253,0.15336185274612535,0.12440186837020123,4.134221640592565,0.2777637211163266,0.436073285419062,0.7523315031609321,0.048515487780299314,0.0022577662984474764,0.07112452267652689,0.07283717485965188
s7213_r2_n750_a125,confirmatory,7213,2,0.75,0.125,joint_forward_feedback,comb_contiguous_k2,comb_contiguous,comb,2,0.35,0.25,1.0,64,64,16,0.04874416701322104,0.10201334743045389,0.16169452546749924,0.16169452546749916,0.1321679658434752,4.391069432458706,0.29386249131097436,0.436073285419062,0.7523315031609321,0.05141578638936238,0.0026716193761413404,0.07655609154712777,0.07776893129690407
s7213_r2_n750_a125,confirmatory,7213,2,0.75,0.125,joint_forward_feedback,comb_contiguous_k4,comb_contiguous,comb,4,0.6,0.5,1.0,64,64,32,0.06975883490557873,0.1446419326717736,0.23182119154267905,0.23182119154267902,0.19419153556585825,6.445950329650143,0.42601272710853727,0.436073285419062,0.7523315031609321,0.07323854143599295,0.0034797065304142255,0.10961883766443341,0.10747700521579252
s7213_r2_n750_a125,confirmatory,7213,2,0.75,0.125,joint_forward_feedback,comb_contiguous_k8,comb_contiguous,comb,8,1.1,1.0,1.0,64,64,64,0.09428589752099308,0.1934774715881361,0.3139695874571996,0.3139695874571996,0.27022198002798475,8.961072948352712,0.5841915674851843,0.436073285419062,0.7523315031609321,0.09783676622043035,0.0035508686994372707,0.1543961575250786,0.1492588917555068
s7213_r2_n750_a375,confirmatory,7213,2,0.75,0.375,feedback_only,balanced_contiguous_k1,balanced_contiguous,balanced,1,0.1737418407321983,0.125,0.487418407321983,64,64,8,0.013077622138480896,0.021196998021483445,0.04616037340923848,0.04616037340923845,0.0347520804945815,1.1582269492358463,0.08091245390381996,0.6211820521346565,0.779855306722719,0.01574119625578786,0.002663574117306963,0.020093913167662004,0.021923929205809586
s7213_r2_n750_a375,confirmatory,7213,2,0.75,0.375,feedback_only,balanced_contiguous_k2,balanced_contiguous,balanced,2,0.2987418407321983,0.25,0.487418407321983,64,64,16,0.022369182816166396,0.034877817052703465,0.07994655651940671,0.07994655651940663,0.06755660699162751,2.241757980251487,0.14750316351103415,0.6211820521346565,0.779855306722719,0.02726085078081652,0.0048916679646501225,0.03715286859956022,0.03731673881354483
s7213_r2_n750_a375,confirmatory,7213,2,0.75,0.375,feedback_only,balanced_contiguous_k4,balanced_contiguous,balanced,4,0.5487418407321983,0.5,0.487418407321983,64,64,32,0.05320298158213343,0.08064457167010088,0.1920107161930697,0.19201071619306964,0.17597155934581332,5.823100615259096,0.36798227553888296,0.6211820521346565,0.779855306722719,0.06168098465492605,0.008478003072792624,0.09551333890890562,0.09191623925651629
s7213_r2_n750_a375,confirmatory,7213,2,0.75,0.375,feedback_only,balanced_contiguous_k8,balanced_contiguous,balanced,8,1.0487418407321982,1.0,0.487418407321983,64,64,64,0.13947386579533097,0.21746632475671937,0.49847396690450607,0.49847396690450607,0.4212215177716968,13.977562535598803,0.9196954846762029,0.6211820521346565,0.779855306722719,0.14645765813829723,0.006983792342966255,0.19215245891819083,0.19449658260981836
s7213_r2_n750_a375,confirmatory,7213,2,0.75,0.375,feedback_only,balanced_interleaved_k1,balanced_interleaved,balanced,1,0.19088469787505546,0.125,0.6588469787505544,64,64,8,0.013077622138480896,0.021196998021483445,0.04616037340923848,0.04616037340923845,0.0347520804945815,1.1582269492358463,0.08091245390381996,0.6211820521346565,0.779855306722719,0.01574119625578786,0.002663574117306963,0.020093913167662004,0.021923929205809586
s7213_r2_n750_a375,confirmatory,7213,2,0.75,0.375,feedback_only,balanced_interleaved_k2,balanced_interleaved,balanced,2,0.31588469787505546,0.25,0.6588469787505544,64,64,16,0.027143520991488625,0.041964040939600974,0.09728879120874202,0.09728879120874193,0.08426253176499718,2.7936898076886516,0.1815513229737391,0.6211820521346565,0.779855306722719,0.03293445885437861,0.005790937862889985,0.045114729103415574,0.04447966290341862
s7213_r2_n750_a375,confirmatory,7213,2,0.75,0.375,feedback_only,balanced_interleaved_k4,balanced_interleaved,balanced,4,0.5658846978750555,0.5,0.6588469787505544,64,64,32,0.07530395930681802,0.11556413536728012,0.2705938723138931,0.2705938723138929,0.23939881179838002,7.9313558498620536,0.5099926841122729,0.6211820521346565,0.779855306722719,0.08543937554917992,0.010135416242361903,0.12603245215753756,0.1242083235173832
s7213_r2_n750_a375,confirmatory,7213,2,0.75,0.375,feedback_only,balanced_interleaved_k8,balanced_interleaved,balanced,8,1.0658846978750554,1.0,0.6588469787505544,64,64,64,0.13947386579533097,0.21746632475671937,0.49847396690450607,0.49847396690450607,0.4212215177716968,13.977562535598803,0.9196954846762029,0.6211820521346565,0.779855306722719,0.14645765813829723,0.006983792342966255,0.19215245891819083,0.19449658260981836
s7213_r2_n750_a375,confirmatory,7213,2,0.75,0.375,feedback_only,balanced_permutation_a_k1,balanced_permutation_a,balanced,1,0.18899250811836066,0.125,0.6399250811836067,64,64,8,0.013077622138480896,0.021196998021483445,0.04616037340923848,0.04616037340923845,0.0347520804945815,1.1582269492358463,0.08091245390381996,0.6211820521346565,0.779855306722719,0.01574119625578786,0.002663574117306963,0.020093913167662004,0.021923929205809586
s7213_r2_n750_a375,confirmatory,7213,2,0.75,0.375,feedback_only,balanced_permutation_a_k2,balanced_permutation_a,balanced,2,0.31399250811836066,0.25,0.6399250811836067,64,64,16,0.06734846849813968,0.10992995959270277,0.23721291521007692,0.23721291521007692,0.1748008239615789,5.830839281980602,0.41201373917165585,0.6211820521346565,0.779855306722719,0.07277592303639896,0.005427454538259283,0.07154972143167848,0.07997630243900054
s7213_r2_n750_a375,confirmatory,7213,2,0.75,0.375,feedback_only,balanced_permutation_a_k4,balanced_permutation_a,balanced,4,0.5639925081183607,0.5,0.6399250811836067,64,64,32,0.075492988096753,0.12198299786594206,0.26672581111438726,0.2667258111143872,0.2027161341392431,6.753642103570167,0.4694419452536303,0.6211820521346565,0.779855306722719,0.08230937914344676,0.006816391046693751,0.08553538315399356,0.09273056640216971
s7213_r2_n750_a375,confirmatory,7213,2,0.75,0.375,feedback_only,balanced_permutation_a_k8,balanced_permutation_a,balanced,8,1.0639925081183608,1.0,0.6399250811836067,64,64,64,0.13947386579533097,0.21746632475671937,0.49847396690450607,0.49847396690450607,0.4212215177716968,13.977562535598803,0.9196954846762029,0.6211820521346565,0.779855306722719,0.14645765813829723,0.006983792342966255,0.19215245891819083,0.19449658260981836
s7213_r2_n750_a375,confirmatory,7213,2,0.75,0.375,feedback_only,balanced_permutation_b_k1,balanced_permutation_b,balanced,1,0.18840039778945986,0.125,0.6340039778945984,64,64,8,0.013077622138480896,0.021196998021483445,0.04616037340923848,0.04616037340923845,0.0347520804945815,1.1582269492358463,0.08091245390381996,0.6211820521346565,0.779855306722719,0.01574119625578786,0.002663574117306963,0.020093913167662004,0.021923929205809586
s7213_r2_n750_a375,confirmatory,7213,2,0.75,0.375,feedback_only,balanced_permutation_b_k2,balanced_permutation_b,balanced,2,0.31340039778945983,0.25,0.6340039778945984,64,64,16,0.018112326443617516,0.028941596316846285,0.06421729867268733,0.06421729867268722,0.050474585984691796,1.6794040501828247,0.114691884657379,0.6211820521346565,0.779855306722719,0.021726371849957085,0.0036140454063395694,0.031475398307401044,0.033438014573802376
s7213_r2_n750_a375,confirmatory,7213,2,0.75,0.375,feedback_only,balanced_permutation_b_k4,balanced_permutation_b,balanced,4,0.5634003977894598,0.5,0.6340039778945984,64,64,32,0.06867686956831362,0.107586230482233,0.2450632260201883,0.2450632260201882,0.20425155573272627,6.781113009467429,0.4493147817529145,0.6211820521346565,0.779855306722719,0.07444119113300474,0.005764321564691116,0.12080495758008228,0.12560106990102476
s7213_r2_n750_a375,confirmatory,7213,2,0.75,0.375,feedback_only,balanced_permutation_b_k8,balanced_permutation_b,balanced,8,1.06340039778946,1.0,0.6340039778945984,64,64,64,0.13947386579533097,0.21746632475671937,0.49847396690450607,0.49847396690450607,0.4212215177716968,13.977562535598803,0.9196954846762029,0.6211820521346565,0.779855306722719,0.14645765813829723,0.006983792342966255,0.19215245891819083,0.19449658260981836
s7213_r2_n750_a375,confirmatory,7213,2,0.75,0.375,feedback_only,comb_contiguous_k1,comb_contiguous,comb,1,0.225,0.125,1.0,64,64,8,0.013077622138480896,0.021196998021483445,0.04616037340923848,0.04616037340923845,0.0347520804945815,1.1582269492358463,0.08091245390381996,0.6211820521346565,0.779855306722719,0.01574119625578786,0.002663574117306963,0.020093913167662004,0.021923929205809586
s7213_r2_n750_a375,confirmatory,7213,2,0.75,0.375,feedback_only,comb_contiguous_k2,comb_contiguous,comb,2,0.35,0.25,1.0,64,64,16,0.015444107827896401,0.025062518001686476,0.054493486480755325,0.05449348648075528,0.04087735027162067,1.3625686951726168,0.09537083675237595,0.6211820521346565,0.779855306722719,0.01852204510066394,0.003077937272767539,0.02249226170872181,0.024609128336095982
s7213_r2_n750_a375,confirmatory,7213,2,0.75,0.375,feedback_only,comb_contiguous_k4,comb_contiguous,comb,4,0.6,0.5,1.0,64,64,32,0.050475278368570076,0.08199289139633587,0.17804380116395005,0.17804380116395002,0.13314833872154008,4.438790640253233,0.3111921398854901,0.6211820521346565,0.779855306722719,0.056964888962134544,0.006489610593564468,0.06000286779728843,0.06599350706735946
s7213_r2_n750_a375,confirmatory,7213,2,0.75,0.375,feedback_only,comb_contiguous_k8,comb_contiguous,comb,8,1.1,1.0,1.0,64,64,64,0.13947386579533097,0.21746632475671937,0.49847396690450607,0.49847396690450607,0.4212215177716968,13.977562535598803,0.9196954846762029,0.6211820521346565,0.779855306722719,0.14645765813829723,0.006983792342966255,0.19215245891819083,0.19449658260981836
s7213_r2_n750_a375,confirmatory,7213,2,0.75,0.375,joint_forward_feedback,balanced_contiguous_k1,balanced_contiguous,balanced,1,0.1737418407321983,0.125,0.487418407321983,64,64,8,0.007843583473771738,0.02876477473604485,0.024190273934225785,0.0241902739342258,0.018211775270863446,0.6069670826018561,0.04240204920508925,0.23988536552972056,0.779855306722719,0.008352643752427282,0.0005090602786555435,0.010675282313548104,0.011636171203793238
s7213_r2_n750_a375,confirmatory,7213,2,0.75,0.375,joint_forward_feedback,balanced_contiguous_k2,balanced_contiguous,balanced,2,0.2987418407321983,0.25,0.487418407321983,64,64,16,0.013490627489345436,0.04720804122980039,0.04178006760913085,0.041780067609130826,0.03529049797844075,1.1710760029192349,0.07707056558757158,0.23988536552972056,0.779855306722719,0.0144262733576907,0.0009356458683452643,0.019713345208307226,0.019794836221565477
s7213_r2_n750_a375,confirmatory,7213,2,0.75,0.375,joint_forward_feedback,balanced_contiguous_k4,balanced_contiguous,balanced,4,0.5487418407321983,0.5,0.487418407321983,64,64,32,0.03092196599056878,0.10461428983448616,0.09606765947774387,0.09606765947774384,0.08781029291554036,2.9059970327750353,0.1838779523932842,0.23988536552972056,0.779855306722719,0.03226274790804973,0.001340781917480948,0.050917510103973225,0.048998486018229176
s7213_r2_n750_a375,confirmatory,7213,2,0.75,0.375,joint_forward_feedback,balanced_contiguous_k8,balanced_contiguous,balanced,8,1.0487418407321982,1.0,0.487418407321983,64,64,64,0.05855079034459816,0.20329154801577198,0.18146071756573032,0.18146071756573032,0.15614685169484138,5.178159971800654,0.33760756926057167,0.23988536552972056,0.779855306722719,0.05971976998278437,0.0011689796381862058,0.08339814917412053,0.08302676763984435
s7213_r2_n750_a375,confirmatory,7213,2,0.75,0.375,joint_forward_feedback,balanced_interleaved_k1,balanced_interleaved,balanced,1,0.19088469787505546,0.125,0.6588469787505544,64,64,8,0.00898657658513744,0.023860387965121525,0.028695618788172988,0.028695618788172988,0.021603647897892164,0.7200123515207222,0.05029926668606515,0.34305364519551557,0.779855306722719,0.009883115439359122,0.0008965388542216818,0.012628215885984704,0.013767611289209631
s7213_r2_n750_a375,confirmatory,7213,2,0.75,0.375,joint_forward_feedback,balanced_interleaved_k2,balanced_interleaved,balanced,2,0.31588469787505546,0.25,0.6588469787505544,64,64,16,0.018720552989623964,0.047055333588242175,0.06023381655860499,0.06023381655860496,0.05214381462069014,1.7288358844206895,0.11237763117929511,0.34305364519551557,0.779855306722719,0.020654518369535076,0.0019339653799111123,0.02839212685180897,0.027987359240549976
s7213_r2_n750_a375,confirmatory,7213,2,0.75,0.375,joint_forward_feedback,balanced_interleaved_k4,balanced_interleaved,balanced,4,0.5658846978750555,0.5,0.6588469787505544,64,64,32,0.05085113535656291,0.1267131670780987,0.16382112024971598,0.1638211202497159,0.14487132642155234,4.7997035657393905,0.3086924466712683,0.34305364519551557,0.779855306722719,0.05394754686739604,0.003096411510833133,0.08120017743959698,0.0798546242734771
s7213_r2_n750_a375,confirmatory,7213,2,0.75,0.375,joint_forward_feedback,balanced_interleaved_k8,balanced_interleaved,balanced,8,1.0658846978750554,1.0,0.6588469787505544,64,64,64,0.0848219238913294,0.2148032041007847,0.27262418371730734,0.27262418371730734,0.2316839436157129,7.68651037942012,0.5043081273330202,0.34305364519551557,0.779855306722719,0.08700357277561845,0.002181648884289039,0.11811838210456702,0.11867264770796784
s7213_r2_n750_a375,confirmatory,7213,2,0.75,0.375,joint_forward_feedback,balanced_permutation_a_k1,balanced_permutation_a,balanced,1,0.18899250811836066,0.125,0.6399250811836067,64,64,8,0.009648075107332874,0.024856865487211294,0.03093452153106671,0.030934521531066725,0.023209617937076817,0.7736422955175248,0.054144139468143546,0.3555158704748765,0.779855306722719,0.010641424425006657,0.0009933493176737824,0.013345800590379354,0.014586602545219108
s7213_r2_n750_a375,confirmatory,7213,2,0.75,0.375,joint_forward_feedback,balanced_permutation_a_k2,balanced_permutation_a,balanced,2,0.31399250811836066,0.25,0.6399250811836067,64,64,16,0.04624170904887409,0.11995338427697423,0.14812377951596628,0.14812377951596628,0.10912189214130269,3.6400243280376525,0.25724567165726897,0.3555158704748765,0.779855306722719,0.04784130621452523,0.0015995971656511399,0.046808726928321776,0.052201587327706606
s7213_r2_n750_a375,confirmatory,7213,2,0.75,0.375,joint_forward_feedback,balanced_permutation_a_k4,balanced_permutation_a,balanced,4,0.5639925081183607,0.5,0.6399250811836067,64,64,32,0.051788711974012774,0.13282010487741258,0.16615521399187702,0.16615521399187702,0.12617596693850994,4.203786156024195,0.29233118093038696,0.3555158704748765,0.779855306722719,0.05384715027106128,0.0020584382970485066,0.0552686593789901,0.059885184963214405
s7213_r2_n750_a375,confirmatory,7213,2,0.75,0.375,joint_forward_feedback,balanced_permutation_a_k8,balanced_permutation_a,balanced,8,1.0639925081183608,1.0,0.6399250811836067,64,64,64,0.0759769218815759,0.19027303869308096,0.24458746429098266,0.24458746429098266,0.1975956426337769,6.567648028571844,0.4421831069247596,0.3555158704748765,0.779855306722719,0.0784603582157968,0.0024834363342209065,0.09649134718531262,0.09987007847451604
s7213_r2_n750_a375,confirmatory,7213,2,0.75,0.375,joint_forward_feedback,balanced_permutation_b_k1,balanced_permutation_b,balanced,1,0.18840039778945986,0.125,0.6340039778945984,64,64,8,0.008685257447219437,0.023752425080640273,0.027626638427020286,0.02762663842702028,0.02068778664756463,0.6896358111490885,0.04831442507458491,0.3325380294849896,0.779855306722719,0.009521557234293212,0.0008362997870737746,0.01181207888624983,0.012926544870415368
s7213_r2_n750_a375,confirmatory,7213,2,0.75,0.375,joint_forward_feedback,balanced_permutation_b_k2,balanced_permutation_b,balanced,2,0.31340039778945983,0.25,0.6340039778945984,64,64,16,0.011484572408450598,0.030968321537664042,0.03659741279463983,0.03659741279463985,0.02843229268177367,0.9464307786113972,0.06502970547641351,0.3325380294849896,0.779855306722719,0.012566796112563814,0.0010822237041132159,0.017542511292020856,0.01874068504965722
s7213_r2_n750_a375,confirmatory,7213,2,0.75,0.375,joint_forward_feedback,balanced_permutation_b_k4,balanced_permutation_b,balanced,4,0.5634003977894598,0.5,0.6340039778945984,64,64,32,0.043203829572518004,0.11349669049909905,0.1381542866731037,0.13815428667310362,0.11470226856584685,3.808626880780203,0.25285655523895045,0.3325380294849896,0.779855306722719,0.04483678304985033,0.001632953477332326,0.07336392672624266,0.07596273312879026
s7213_r2_n750_a375,confirmatory,7213,2,0.75,0.375,joint_forward_feedback,balanced_permutation_b_k8,balanced_permutation_b,balanced,8,1.06340039778946,1.0,0.6340039778945984,64,64,64,0.07378534861106802,0.19268189158284288,0.23613715308722494,0.23613715308722494,0.19899024539035604,6.603825005578618,0.435127398477581,0.3325380294849896,0.779855306722719,0.07619812476954008,0.0024127761584720603,0.10615422548084277,0.10753381806033478
s7213_r2_n750_a375,confirmatory,7213,2,0.75,0.375,joint_forward_feedback,comb_contiguous_k1,comb_contiguous,comb,1,0.225,0.125,1.0,64,64,8,0.009896333928730428,0.022560658861663616,0.032328785248093246,0.03232878524809327,0.024342751851612325,0.8112968444996876,0.05667153709970559,0.40872575639200664,0.779855306722719,0.011111513921166155,0.0012151799924357276,0.014206730869788435,0.015489327903406014
s7213_r2_n750_a375,confirmatory,7213,2,0.75,0.375,joint_forward_feedback,comb_contiguous_k2,comb_contiguous,comb,2,0.35,0.25,1.0,64,64,16,0.011692819193731179,0.02668856190844647,0.038189671052042753,0.038189671052042774,0.028660829041853846,0.9553362003913658,0.06685050009389662,0.40872575639200664,0.779855306722719,0.013097513843811196,0.0014046946500800173,0.015887563115555697,0.017365803772823107
s7213_r2_n750_a375,confirmatory,7213,2,0.75,0.375,joint_forward_feedback,comb_contiguous_k4,comb_contiguous,comb,4,0.6,0.5,1.0,64,64,32,0.04027447266851722,0.09202426463047957,0.13151602688225958,0.13151602688225955,0.0984125773924644,3.28071850344112,0.22992860427472395,0.40872575639200664,0.779855306722719,0.043120101611080236,0.0028456289425630166,0.04544004896521586,0.049896744291557965
s7213_r2_n750_a375,confirmatory,7213,2,0.75,0.375,joint_forward_feedback,comb_contiguous_k8,comb_contiguous,comb,8,1.1,1.0,1.0,64,64,64,0.09502967360716377,0.20748471828845766,0.31276718581289586,0.31276718581289586,0.263991638123031,8.760499605749889,0.5767588239359269,0.40872575639200664,0.779855306722719,0.09838383662843908,0.003354163021275308,0.13311760881710547,0.1345580781591177
s7213_r4_n000_a125,confirmatory,7213,4,0.0,0.125,feedback_only,balanced_contiguous_k1,balanced_contiguous,balanced,1,0.1737418407321983,0.125,0.487418407321983,64,64,8,0.013800345859264226,0.03006830653949485,0.04543754371645372,0.04543754371645373,0.053960339832084,1.7721684183431419,0.09939788354853774,0.34539304655873243,0.4607168668934668,0.014599649484897467,0.0007993036256332409,0.009201763868170211,0.007557008244386059
s7213_r4_n000_a125,confirmatory,7213,4,0.0,0.125,feedback_only,balanced_contiguous_k2,balanced_contiguous,balanced,2,0.2987418407321983,0.25,0.487418407321983,64,64,16,0.0263740687208647,0.056086342249913906,0.08722361895352737,0.08722361895352736,0.10914292655033778,3.579797268564336,0.19636654550386512,0.34539304655873243,0.4607168668934668,0.02789133212484063,0.0015172634039759304,0.015377928906733828,0.014136106264539712
s7213_r4_n000_a125,confirmatory,7213,4,0.0,0.125,feedback_only,balanced_contiguous_k4,balanced_contiguous,balanced,4,0.5487418407321983,0.5,0.487418407321983,64,64,32,0.06032031702855395,0.12789186710330414,0.19960175289392598,0.19960175289392604,0.2513625735539689,8.243204106620931,0.45096432644789497,0.34539304655873243,0.4607168668934668,0.06358792426085588,0.0032676072323019334,0.08390441161014944,0.08386573764295491
s7213_r4_n000_a125,confirmatory,7213,4,0.0,0.125,feedback_only,balanced_contiguous_k8,balanced_contiguous,balanced,8,1.0487418407321982,1.0,0.487418407321983,64,64,64,0.06619476150006508,0.14073668109574636,0.21892663290328268,0.21892663290328268,0.27407266911330685,8.989252044529103,0.49299930201658954,0.34539304655873243,0.4607168668934668,0.06914819855507252,0.0029534370550074462,0.0898194932303907,0.09016709830760214
s7213_r4_n000_a125,confirmatory,7213,4,0.0,0.125,feedback_only,balanced_interleaved_k1,balanced_interleaved,balanced,1,0.19088469787505546,0.125,0.6588469787505544,64,64,8,0.013800345859264226,0.03006830653949485,0.04543754371645372,0.04543754371645373,0.053960339832084,1.7721684183431419,0.09939788354853774,0.34539304655873243,0.4607168668934668,0.014599649484897467,0.0007993036256332409,0.009201763868170211,0.007557008244386059
s7213_r4_n000_a125,confirmatory,7213,4,0.0,0.125,feedback_only,balanced_interleaved_k2,balanced_interleaved,balanced,2,0.31588469787505546,0.25,0.6588469787505544,64,64,16,0.014316402747012891,0.031077486969672184,0.0471681154593226,0.047168115459322583,0.05646715163505002,1.8541169677809233,0.1036352670943726,0.34539304655873243,0.4607168668934668,0.015196230428564616,0.0008798276815517245,0.009329832714567369,0.007655303685138365
s7213_r4_n000_a125,confirmatory,7213,4,0.0,0.125,feedback_only,balanced_interleaved_k4,balanced_interleaved,balanced,4,0.5658846978750555,0.5,0.6588469787505544,64,64,32,0.030784935614828313,0.0638224195563433,0.10230664835742581,0.10230664835742583,0.13509889958508103,4.425471435080019,0.23740554794250684,0.34539304655873243,0.4607168668934668,0.032487811771995535,0.0017028761571672227,0.05409060728579952,0.049725950213383344
s7213_r4_n000_a125,confirmatory,7213,4,0.0,0.125,feedback_only,balanced_interleaved_k8,balanced_interleaved,balanced,8,1.0658846978750554,1.0,0.6588469787505544,64,64,64,0.06619476150006508,0.14073668109574636,0.21892663290328268,0.21892663290328268,0.27407266911330685,8.989252044529103,0.49299930201658954,0.34539304655873243,0.4607168668934668,0.06914819855507252,0.0029534370550074462,0.0898194932303907,0.09016709830760214
s7213_r4_n000_a125,confirmatory,7213,4,0.0,0.125,feedback_only,balanced_permutation_a_k1,balanced_permutation_a,balanced,1,0.18899250811836066,0.125,0.6399250811836067,64,64,8,0.013800345859264226,0.03006830653949485,0.04543754371645372,0.04543754371645373,0.053960339832084,1.7721684183431419,0.09939788354853774,0.34539304655873243,0.4607168668934668,0.014599649484897467,0.0007993036256332409,0.009201763868170211,0.007557008244386059
s7213_r4_n000_a125,confirmatory,7213,4,0.0,0.125,feedback_only,balanced_permutation_a_k2,balanced_permutation_a,balanced,2,0.31399250811836066,0.25,0.6399250811836067,64,64,16,0.016013303614692245,0.03515288475510937,0.05265299845103573,0.05265299845103576,0.061514283106878204,2.0211100578711383,0.11416728155791396,0.34539304655873243,0.4607168668934668,0.016891290034359054,0.000877986419666809,0.011102486774419353,0.009562377326019934
s7213_r4_n000_a125,confirmatory,7213,4,0.0,0.125,feedback_only,balanced_permutation_a_k4,balanced_permutation_a,balanced,4,0.5639925081183607,0.5,0.6399250811836067,64,64,32,0.027718262739347767,0.05992530510001682,0.0913905609628825,0.09139056096288248,0.11037583964327002,3.623417429547523,0.2017664006061525,0.34539304655873243,0.4607168668934668,0.02996654207612526,0.0022482793367774936,0.036122319905497295,0.034759963523672846
s7213_r4_n000_a125,confirmatory,7213,4,0.0,0.125,feedback_only,balanced_permutation_a_k8,balanced_permutation_a,balanced,8,1.0639925081183608,1.0,0.6399250811836067,64,64,64,0.06619476150006508,0.14073668109574636,0.21892663290328268,0.21892663290328268,0.27407266911330685,8.989252044529103,0.49299930201658954,0.34539304655873243,0.4607168668934668,0.06914819855507252,0.0029534370550074462,0.0898194932303907,0.09016709830760214
s7213_r4_n000_a125,confirmatory,7213,4,0.0,0.125,feedback_only,balanced_permutation_b_k1,balanced_permutation_b,balanced,1,0.18840039778945986,0.125,0.6340039778945984,64,64,8,0.013800345859264226,0.03006830653949485,0.04543754371645372,0.04543754371645373,0.053960339832084,1.7721684183431419,0.09939788354853774,0.34539304655873243,0.4607168668934668,0.014599649484897467,0.0007993036256332409,0.009201763868170211,0.007557008244386059
s7213_r4_n000_a125,confirmatory,7213,4,0.0,0.125,feedback_only,balanced_permutation_b_k2,balanced_permutation_b,balanced,2,0.31340039778945983,0.25,0.6340039778945984,64,64,16,0.01442233286562256,0.031373643685104494,0.047499004193796525,0.04749900419379653,0.056603329177069756,1.8588055378600288,0.10410233337086629,0.34539304655873243,0.4607168668934668,0.015301016588232375,0.0008786837226098156,0.011063760053605109,0.009347613437059227
s7213_r4_n000_a125,confirmatory,7213,4,0.0,0.125,feedback_only,balanced_permutation_b_k4,balanced_permutation_b,balanced,4,0.5634003977894598,0.5,0.6340039778945984,64,64,32,0.030033014179665744,0.06455384948040728,0.09912776193361822,0.09912776193361827,0.12122823330831216,3.9784312277996072,0.22035599524193045,0.34539304655873243,0.4607168668934668,0.03230768443893354,0.002274670259267794,0.0488091785790748,0.04744342046027582
s7213_r4_n000_a125,confirmatory,7213,4,0.0,0.125,feedback_only,balanced_permutation_b_k8,balanced_permutation_b,balanced,8,1.06340039778946,1.0,0.6340039778945984,64,64,64,0.06619476150006508,0.14073668109574636,0.21892663290328268,0.21892663290328268,0.27407266911330685,8.989252044529103,0.49299930201658954,0.34539304655873243,0.4607168668934668,0.06914819855507252,0.0029534370550074462,0.0898194932303907,0.09016709830760214
s7213_r4_n000_a125,confirmatory,7213,4,0.0,0.125,feedback_only,comb_contiguous_k1,comb_contiguous,comb,1,0.225,0.125,1.0,64,64,8,0.013800345859264226,0.03006830653949485,0.04543754371645372,0.04543754371645373,0.053960339832084,1.7721684183431419,0.09939788354853774,0.34539304655873243,0.4607168668934668,0.014599649484897467,0.0007993036256332409,0.009201763868170211,0.007557008244386059
s7213_r4_n000_a125,confirmatory,7213,4,0.0,0.125,feedback_only,comb_contiguous_k2,comb_contiguous,comb,2,0.35,0.25,1.0,64,64,16,0.019371027008124816,0.04159547642301353,0.06394816029656411,0.06394816029656411,0.0783719989784949,2.5718521276084005,0.142320159275059,0.34539304655873243,0.4607168668934668,0.020839675255896424,0.0014686482477716083,0.021806516232890996,0.02048818963989043
s7213_r4_n000_a125,confirmatory,7213,4,0.0,0.125,feedback_only,comb_contiguous_k4,comb_contiguous,comb,4,0.6,0.5,1.0,64,64,32,0.037846431285807544,0.08176879641418006,0.12479912789192055,0.12479912789192057,0.15093588086125342,4.95474731545203,0.275735008753174,0.34539304655873243,0.4607168668934668,0.04006295825038406,0.0022165269645765193,0.041376705854040796,0.04255438891833812
s7213_r4_n000_a125,confirmatory,7213,4,0.0,0.125,feedback_only,comb_contiguous_k8,comb_contiguous,comb,8,1.1,1.0,1.0,64,64,64,0.06619476150006508,0.14073668109574636,0.21892663290328268,0.21892663290328268,0.27407266911330685,8.989252044529103,0.49299930201658954,0.34539304655873243,0.4607168668934668,0.06914819855507252,0.0029534370550074462,0.0898194932303907,0.09016709830760214
s7213_r4_n000_a125,confirmatory,7213,4,0.0,0.125,joint_forward_feedback,balanced_contiguous_k1,balanced_contiguous,balanced,1,0.1737418407321983,0.125,0.487418407321983,64,64,8,0.0077847035080384685,0.03161030970592907,0.02381147612595771,0.02381147612595768,0.028277834551935936,0.9287021817879076,0.052089310677893616,0.17217309299470734,0.4607168668934668,0.007976043108035773,0.00019133959999730488,0.005020423374238097,0.004148820851180056
s7213_r4_n000_a125,confirmatory,7213,4,0.0,0.125,joint_forward_feedback,balanced_contiguous_k2,balanced_contiguous,balanced,2,0.2987418407321983,0.25,0.487418407321983,64,64,16,0.014866466949095622,0.058783572505129396,0.0455661809858559,0.04556618098585591,0.05700704352048365,1.8697915736413326,0.10257322450633956,0.17217309299470734,0.4607168668934668,0.015228760990635349,0.00036229404153972737,0.008373857700329949,0.007718097846563276
s7213_r4_n000_a125,confirmatory,7213,4,0.0,0.125,joint_forward_feedback,balanced_contiguous_k4,balanced_contiguous,balanced,4,0.5487418407321983,0.5,0.487418407321983,64,64,32,0.03261971079308094,0.12856493415983353,0.10000587239190734,0.10000587239190731,0.12590295256682482,4.128900354530302,0.22590882495873213,0.17217309299470734,0.4607168668934668,0.033429607233536274,0.0008098964404553363,0.04425876206514567,0.04408829150619964
s7213_r4_n000_a125,confirmatory,7213,4,0.0,0.125,joint_forward_feedback,balanced_contiguous_k8,balanced_contiguous,balanced,8,1.0487418407321982,1.0,0.487418407321983,64,64,64,0.034380836548091036,0.1357445857798968,0.10539056565399182,0.10539056565399182,0.13223090381311728,4.336779487673745,0.2376214694671091,0.17217309299470734,0.4607168668934668,0.03515022023705084,0.0007693836889598044,0.046148696186622304,0.04608370525660513
s7213_r4_n000_a125,confirmatory,7213,4,0.0,0.125,joint_forward_feedback,balanced_interleaved_k1,balanced_interleaved,balanced,1,0.19088469787505546,0.125,0.6588469787505544,64,64,8,0.009189976691947266,0.03509562071258189,0.02824627135484455,0.028246271354844553,0.033544471743632995,1.1016693671511004,0.06179074309847755,0.18395682796395962,0.4607168668934668,0.009382461818111308,0.00019248512616404194,0.005907230768673232,0.004875648175833411
s7213_r4_n000_a125,confirmatory,7213,4,0.0,0.125,joint_forward_feedback,balanced_interleaved_k2,balanced_interleaved,balanced,2,0.31588469787505546,0.25,0.6588469787505544,64,64,16,0.009534147849693517,0.036264417786629415,0.029313762120871147,0.02931376212087114,0.035090780622683886,1.1522187420467556,0.06440454274355503,0.18395682796395962,0.4607168668934668,0.009752594463950902,0.00021844661425738515,0.005987341518040794,0.004937261315618259
s7213_r4_n000_a125,confirmatory,7213,4,0.0,0.125,joint_forward_feedback,balanced_interleaved_k4,balanced_interleaved,balanced,4,0.5658846978750555,0.5,0.6588469787505544,64,64,32,0.02016827074850884,0.07300872523805943,0.062270972122882844,0.06227097212288285,0.08209027251710051,2.689159692670099,0.14436124463998334,0.18395682796395962,0.4607168668934668,0.020568109484928498,0.0003998387364196575,0.03465882799944521,0.03183450732310114
s7213_r4_n000_a125,confirmatory,7213,4,0.0,0.125,joint_forward_feedback,balanced_interleaved_k8,balanced_interleaved,balanced,8,1.0658846978750554,1.0,0.6588469787505544,64,64,64,0.03828163797795995,0.14195045729347283,0.11795206003417019,0.11795206003417019,0.14844434303596027,4.868171037184899,0.26639640307013046,0.18395682796395962,0.4607168668934668,0.03907822506537576,0.0007965870874158121,0.0529173538243965,0.05240365090459376
s7213_r4_n000_a125,confirmatory,7213,4,0.0,0.125,joint_forward_feedback,balanced_permutation_a_k1,balanced_permutation_a,balanced,1,0.18899250811836066,0.125,0.6399250811836067,64,64,8,0.009278905794999355,0.03444280714965425,0.02858729459251519,0.028587294592515185,0.03377586361722022,1.1094149303435623,0.06236315820973541,0.1902345860996054,0.4607168668934668,0.009492196254189015,0.00021329045918965991,0.00581703599086777,0.004781717280937162
s7213_r4_n000_a125,confirmatory,7213,4,0.0,0.125,joint_forward_feedback,balanced_permutation_a_k2,balanced_permutation_a,balanced,2,0.31399250811836066,0.25,0.6399250811836067,64,64,16,0.010722154165018804,0.04006461923264262,0.03301527359229425,0.03301527359229426,0.038491849881931946,1.2647544698141164,0.0715071234742262,0.1902345860996054,0.4607168668934668,0.010944334989483967,0.00022218082446516345,0.007046995569275653,0.006055773351156996
s7213_r4_n000_a125,confirmatory,7213,4,0.0,0.125,joint_forward_feedback,balanced_permutation_a_k4,balanced_permutation_a,balanced,4,0.5639925081183607,0.5,0.6399250811836067,64,64,32,0.018035989534463313,0.06620143708284591,0.055620307276967845,0.055620307276967804,0.06720274251368064,2.206108067714748,0.12282304979064844,0.1902345860996054,0.4607168668934668,0.018673386110983122,0.0006373965765198095,0.022007446632992353,0.021007933704568674
s7213_r4_n000_a125,confirmatory,7213,4,0.0,0.125,joint_forward_feedback,balanced_permutation_a_k8,balanced_permutation_a,balanced,8,1.0639925081183608,1.0,0.6399250811836067,64,64,64,0.03736921055643776,0.1355274923923589,0.11536130572583878,0.11536130572583878,0.14273004449632165,4.682722729608131,0.25809135022216045,0.1902345860996054,0.4607168668934668,0.03824983473920181,0.0008806241827640504,0.05157980797795387,0.05174076332572492
s7213_r4_n000_a125,confirmatory,7213,4,0.0,0.125,joint_forward_feedback,balanced_permutation_b_k1,balanced_permutation_b,balanced,1,0.18840039778945986,0.125,0.6340039778945984,64,64,8,0.00906250989004881,0.035885678368813075,0.027773742005133547,0.027773742005133537,0.032712045758898856,1.074559206289897,0.06048578776403239,0.17769053567536963,0.4607168668934668,0.009237692269880452,0.00017518237983164126,0.005723431174937354,0.004743318404514019
s7213_r4_n000_a125,confirmatory,7213,4,0.0,0.125,joint_forward_feedback,balanced_permutation_b_k2,balanced_permutation_b,balanced,2,0.31340039778945983,0.25,0.6340039778945984,64,64,16,0.009436983515425499,0.03731178908499505,0.028924830988999364,0.028924830988999367,0.034171091447780036,1.1223997573179605,0.0630959224367794,0.17769053567536963,0.4607168668934668,0.009633007434341223,0.0001960239189157248,0.006716910098999761,0.005708193013763739
s7213_r4_n000_a125,confirmatory,7213,4,0.0,0.125,joint_forward_feedback,balanced_permutation_b_k4,balanced_permutation_b,balanced,4,0.5634003977894598,0.5,0.6340039778945984,64,64,32,0.019120817048136684,0.07462900473397739,0.05866621209363993,0.058666212093639925,0.0711037428606971,2.333985983635947,0.12976995495433702,0.17769053567536963,0.4607168668934668,0.0196937026787989,0.0005728856306622156,0.029191778548539327,0.02839397923577388
s7213_r4_n000_a125,confirmatory,7213,4,0.0,0.125,joint_forward_feedback,balanced_permutation_b_k8,balanced_permutation_b,balanced,8,1.06340039778946,1.0,0.6340039778945984,64,64,64,0.036808777141251255,0.14214260851872837,0.11303283059141911,0.11303283059141911,0.13989151412433767,4.589561282570225,0.25292434471575675,0.17769053567536963,0.4607168668934668,0.0375448060914385,0.000736028950187248,0.05158319332515497,0.05172533616686644
s7213_r4_n000_a125,confirmatory,7213,4,0.0,0.125,joint_forward_feedback,comb_contiguous_k1,comb_contiguous,comb,1,0.225,0.125,1.0,64,64,8,0.009874791914317354,0.030370724325830933,0.030978566397186352,0.030978566397186335,0.03601335932116396,1.183406064674433,0.06699192571835029,0.2358386740555373,0.4607168668934668,0.010250751804340527,0.0003759598900231736,0.006696590608065172,0.005708187795221204
s7213_r4_n000_a125,confirmatory,7213,4,0.0,0.125,joint_forward_feedback,comb_contiguous_k2,comb_contiguous,comb,2,0.35,0.25,1.0,64,64,16,0.014252153488621173,0.04308760760334398,0.04479538857870965,0.04479538857870965,0.05393917602170043,1.7708490212731234,0.09873456460041008,0.2358386740555373,0.4607168668934668,0.014971042099871752,0.0007188886112505788,0.016268217170141614,0.015569451738816756
s7213_r4_n000_a125,confirmatory,7213,4,0.0,0.125,joint_forward_feedback,comb_contiguous_k4,comb_contiguous,comb,4,0.6,0.5,1.0,64,64,32,0.028740010448233367,0.08734555691609559,0.09027903008088417,0.09027903008088418,0.10754904751617508,3.531848550598487,0.19782807759705928,0.2358386740555373,0.4607168668934668,0.029693698558528093,0.0009536881102947259,0.031303176323202814,0.03248995171555416
s7213_r4_n000_a125,confirmatory,7213,4,0.0,0.125,joint_forward_feedback,comb_contiguous_k8,comb_contiguous,comb,8,1.1,1.0,1.0,64,64,64,0.04473327566986987,0.1333268303479383,0.1408244286364685,0.1408244286364685,0.17452599668090732,5.725656322425503,0.3153504253173758,0.2358386740555373,0.4607168668934668,0.04614865221489493,0.0014153765450250558,0.05806065594660639,0.058540229058176046
s7213_r4_n000_a375,confirmatory,7213,4,0.0,0.375,feedback_only,balanced_contiguous_k1,balanced_contiguous,balanced,1,0.1737418407321983,0.125,0.487418407321983,64,64,8,0.006139862507344349,0.01322830951752672,0.020256644848700812,0.020256644848700815,0.02464756863123323,0.8089788410481642,0.04490421347993405,0.34539304655873226,0.4856154033690828,0.006855852698955441,0.0007159901916110921,0.008099525819943013,0.008902129660283618
s7213_r4_n000_a375,confirmatory,7213,4,0.0,0.375,feedback_only,balanced_contiguous_k2,balanced_contiguous,balanced,2,0.2987418407321983,0.25,0.487418407321983,64,64,16,0.015617243695323312,0.03400499743111073,0.0514256438129927,0.05142564381299274,0.06115744060452401,2.008463743157761,0.11258308441751674,0.34539304655873226,0.4856154033690828,0.017082902035868278,0.0014656583405449654,0.020806732101899726,0.021911188147795045
s7213_r4_n000_a375,confirmatory,7213,4,0.0,0.375,feedback_only,balanced_contiguous_k4,balanced_contiguous,balanced,4,0.5487418407321983,0.5,0.487418407321983,64,64,32,0.03936340476288347,0.08753238829316498,0.129137087643257,0.12913708764325701,0.14665995919950228,4.82225578202733,0.2757970468427593,0.34539304655873226,0.4856154033690828,0.041957530557909295,0.0025941257950258256,0.0553087053965864,0.05810217328258388
s7213_r4_n000_a375,confirmatory,7213,4,0.0,0.375,feedback_only,balanced_contiguous_k8,balanced_contiguous,balanced,8,1.0487418407321982,1.0,0.487418407321983,64,64,64,0.0737372758976616,0.16114490543270632,0.24264813327993665,0.24264813327993665,0.2862764389229177,9.403494178813304,0.5289245722028544,0.34539304655873226,0.4856154033690828,0.07665480114582951,0.002917525248167907,0.094534336026525,0.09808672584860469
s7213_r4_n000_a375,confirmatory,7213,4,0.0,0.375,feedback_only,balanced_interleaved_k1,balanced_interleaved,balanced,1,0.19088469787505546,0.125,0.6588469787505544,64,64,8,0.006139862507344349,0.01322830951752672,0.020256644848700812,0.020256644848700815,0.02464756863123323,0.8089788410481642,0.04490421347993405,0.34539304655873226,0.4856154033690828,0.006855852698955441,0.0007159901916110921,0.008099525819943013,0.008902129660283618
s7213_r4_n000_a375,confirmatory,7213,4,0.0,0.375,feedback_only,balanced_interleaved_k2,balanced_interleaved,balanced,2,0.31588469787505546,0.25,0.6588469787505544,64,64,16,0.010210678531808012,0.021886231081737012,0.033718886768811976,0.033718886768812,0.04148354594393732,1.3611923569748063,0.07520243271274932,0.34539304655873226,0.4856154033690828,0.011444333331476932,0.0012336547996689203,0.012239572480278684,0.012515821689582544
s7213_r4_n000_a375,confirmatory,7213,4,0.0,0.375,feedback_only,balanced_interleaved_k4,balanced_interleaved,balanced,4,0.5658846978750555,0.5,0.6588469787505544,64,64,32,0.031946350942920816,0.0699030208491498,0.1051026552438166,0.10510265524381657,0.1236614312407283,4.062268454947122,0.22876408648454488,0.34539304655873226,0.4856154033690828,0.03382785540470517,0.001881504461784353,0.04060862210001056,0.04145555225189193
s7213_r4_n000_a375,confirmatory,7213,4,0.0,0.375,feedback_only,balanced_interleaved_k8,balanced_interleaved,balanced,8,1.0658846978750554,1.0,0.6588469787505544,64,64,64,0.0737372758976616,0.16114490543270632,0.24264813327993665,0.24264813327993665,0.2862764389229177,9.403494178813304,0.5289245722028544,0.34539304655873226,0.4856154033690828,0.07665480114582951,0.002917525248167907,0.094534336026525,0.09808672584860469
s7213_r4_n000_a375,confirmatory,7213,4,0.0,0.375,feedback_only,balanced_permutation_a_k1,balanced_permutation_a,balanced,1,0.18899250811836066,0.125,0.6399250811836067,64,64,8,0.006139862507344349,0.01322830951752672,0.020256644848700812,0.020256644848700815,0.02464756863123323,0.8089788410481642,0.04490421347993405,0.34539304655873226,0.4856154033690828,0.006855852698955441,0.0007159901916110921,0.008099525819943013,0.008902129660283618
s7213_r4_n000_a375,confirmatory,7213,4,0.0,0.375,feedback_only,balanced_permutation_a_k2,balanced_permutation_a,balanced,2,0.31399250811836066,0.25,0.6399250811836067,64,64,16,0.017960555177227538,0.038469987708428376,0.05931935034174371,0.059319350341743696,0.07309258666822632,2.398282123724986,0.13241193700997,0.34539304655873226,0.4856154033690828,0.01932931851983356,0.001368763342606022,0.016596872391308998,0.01623847230607095
s7213_r4_n000_a375,confirmatory,7213,4,0.0,0.375,feedback_only,balanced_permutation_a_k4,balanced_permutation_a,balanced,4,0.5639925081183607,0.5,0.6399250811836067,64,64,32,0.022557001166046666,0.04874182785692653,0.07438021876884385,0.07438021876884386,0.0899318658078078,2.952199924618694,0.16431208457665167,0.34539304655873226,0.4856154033690828,0.02431396099054909,0.0017569598245024236,0.023012211748300294,0.02271884265671483
s7213_r4_n000_a375,confirmatory,7213,4,0.0,0.375,feedback_only,balanced_permutation_a_k8,balanced_permutation_a,balanced,8,1.0639925081183608,1.0,0.6399250811836067,64,64,64,0.0737372758976616,0.16114490543270632,0.24264813327993665,0.24264813327993665,0.2862764389229177,9.403494178813304,0.5289245722028544,0.34539304655873226,0.4856154033690828,0.07665480114582951,0.002917525248167907,0.094534336026525,0.09808672584860469
s7213_r4_n000_a375,confirmatory,7213,4,0.0,0.375,feedback_only,balanced_permutation_b_k1,balanced_permutation_b,balanced,1,0.18840039778945986,0.125,0.6340039778945984,64,64,8,0.006139862507344349,0.01322830951752672,0.020256644848700812,0.020256644848700815,0.02464756863123323,0.8089788410481642,0.04490421347993405,0.34539304655873226,0.4856154033690828,0.006855852698955441,0.0007159901916110921,0.008099525819943013,0.008902129660283618
s7213_r4_n000_a375,confirmatory,7213,4,0.0,0.375,feedback_only,balanced_permutation_b_k2,balanced_permutation_b,balanced,2,0.31340039778945983,0.25,0.6340039778945984,64,64,16,0.010303291185844627,0.02249337838313278,0.03391146471180548,0.03391146471180549,0.04009928812557685,1.3170886847302647,0.07401075283738234,0.34539304655873226,0.4856154033690828,0.01151482835142614,0.0012115371655815124,0.014929709075104436,0.016057668118107694
s7213_r4_n000_a375,confirmatory,7213,4,0.0,0.375,feedback_only,balanced_permutation_b_k4,balanced_permutation_b,balanced,4,0.5634003977894598,0.5,0.6340039778945984,64,64,32,0.02864998370076999,0.061952815027634445,0.09445890257948047,0.09445890257948046,0.11402914425167544,3.7433915186330946,0.2084880468311559,0.34539304655873226,0.4856154033690828,0.03066308801740635,0.0020131043166363577,0.03868895742924022,0.03902718047281159
s7213_r4_n000_a375,confirmatory,7213,4,0.0,0.375,feedback_only,balanced_permutation_b_k8,balanced_permutation_b,balanced,8,1.06340039778946,1.0,0.6340039778945984,64,64,64,0.0737372758976616,0.16114490543270632,0.24264813327993665,0.24264813327993665,0.2862764389229177,9.403494178813304,0.5289245722028544,0.34539304655873226,0.4856154033690828,0.07665480114582951,0.002917525248167907,0.094534336026525,0.09808672584860469
s7213_r4_n000_a375,confirmatory,7213,4,0.0,0.375,feedback_only,comb_contiguous_k1,comb_contiguous,comb,1,0.225,0.125,1.0,64,64,8,0.006139862507344349,0.01322830951752672,0.020256644848700812,0.020256644848700815,0.02464756863123323,0.8089788410481642,0.04490421347993405,0.34539304655873226,0.4856154033690828,0.006855852698955441,0.0007159901916110921,0.008099525819943013,0.008902129660283618
s7213_r4_n000_a375,confirmatory,7213,4,0.0,0.375,feedback_only,comb_contiguous_k2,comb_contiguous,comb,2,0.35,0.25,1.0,64,64,16,0.016634295059641452,0.03606477287632935,0.05481703383308065,0.054817033833080696,0.06579878701974332,2.1603782184648668,0.12061582085282402,0.34539304655873226,0.4856154033690828,0.017756736870001462,0.00112244181036001,0.028714894072847105,0.030807238696145628
s7213_r4_n000_a375,confirmatory,7213,4,0.0,0.375,feedback_only,comb_contiguous_k4,comb_contiguous,comb,4,0.6,0.5,1.0,64,64,32,0.03716145875905908,0.08177278640630627,0.12213812832558393,0.1221381283255839,0.141950766178303,4.664562646031279,0.2640888945038869,0.34539304655873226,0.4856154033690828,0.03963259694129025,0.0024711381822311723,0.047890739068601335,0.05343974035267113
s7213_r4_n000_a375,confirmatory,7213,4,0.0,0.375,feedback_only,comb_contiguous_k8,comb_contiguous,comb,8,1.1,1.0,1.0,64,64,64,0.0737372758976616,0.16114490543270632,0.24264813327993665,0.24264813327993665,0.2862764389229177,9.403494178813304,0.5289245722028544,0.34539304655873226,0.4856154033690828,0.07665480114582951,0.002917525248167907,0.094534336026525,0.09808672584860469
s7213_r4_n000_a375,confirmatory,7213,4,0.0,0.375,joint_forward_feedback,balanced_contiguous_k1,balanced_contiguous,balanced,1,0.1737418407321983,0.125,0.487418407321983,64,64,8,0.0035081851328725515,0.01665355978955707,0.010615464124047295,0.010615464124047302,0.012916521097353901,0.42394413923937213,0.0235319852214012,0.1437746538363823,0.4856154033690828,0.0036511571832742243,0.00014297205040167274,0.004329353847503653,0.0047443329296953775
s7213_r4_n000_a375,confirmatory,7213,4,0.0,0.375,joint_forward_feedback,balanced_contiguous_k2,balanced_contiguous,balanced,2,0.2987418407321983,0.25,0.487418407321983,64,64,16,0.008877429947428973,0.04263892964470168,0.02684269698570252,0.02684269698570251,0.03192432416919921,1.0484210704000771,0.05876702115490172,0.1437746538363823,0.4856154033690828,0.009145503851456243,0.0002680739040272703,0.011195107899885407,0.01175463973066394
s7213_r4_n000_a375,confirmatory,7213,4,0.0,0.375,joint_forward_feedback,balanced_contiguous_k4,balanced_contiguous,balanced,4,0.5487418407321983,0.5,0.487418407321983,64,64,32,0.021357256269156574,0.10493026896170791,0.06448869512162142,0.0644886951216214,0.07334457705593514,2.411515160911546,0.13783327217755653,0.1437746538363823,0.4856154033690828,0.02176482643301292,0.0004075701638563481,0.02899871284764504,0.030378318704289697
s7213_r4_n000_a375,confirmatory,7213,4,0.0,0.375,joint_forward_feedback,balanced_contiguous_k8,balanced_contiguous,balanced,8,1.0487418407321982,1.0,0.487418407321983,64,64,64,0.031806210444588014,0.15419413121724954,0.09611746395827384,0.09611746395827384,0.11224737579407076,3.6880334893685385,0.2083648397523446,0.1437746538363823,0.4856154033690828,0.0323044407954474,0.0004982303508593855,0.04125269409653502,0.04282934196396386
s7213_r4_n000_a375,confirmatory,7213,4,0.0,0.375,joint_forward_feedback,balanced_interleaved_k1,balanced_interleaved,balanced,1,0.19088469787505546,0.125,0.6588469787505544,64,64,8,0.004073582386466537,0.014547981268196517,0.012592553213388678,0.012592553213388667,0.015322173138132491,0.5029020936336284,0.02791472635152116,0.19523671236723641,0.4856154033690828,0.00431697491568392,0.00024339252921738285,0.005115048453785964,0.0056086839380528625
s7213_r4_n000_a375,confirmatory,7213,4,0.0,0.375,joint_forward_feedback,balanced_interleaved_k2,balanced_interleaved,balanced,2,0.31588469787505546,0.25,0.6588469787505544,64,64,16,0.00675652239419144,0.023995985544092904,0.02089664057581806,0.020896640575818057,0.025707324977345573,0.8435310398508764,0.04660396555316363,0.19523671236723641,0.4856154033690828,0.007176470450179126,0.0004199480559876857,0.007691113213803443,0.007859135175884843
s7213_r4_n000_a375,confirmatory,7213,4,0.0,0.375,joint_forward_feedback,balanced_interleaved_k4,balanced_interleaved,balanced,4,0.5658846978750555,0.5,0.6588469787505544,64,64,32,0.020592457899270406,0.07476939877123406,0.06356389566425803,0.06356389566425802,0.07482640161749932,2.4580087474242363,0.13839029728175734,0.19523671236723641,0.4856154033690828,0.021168619605823384,0.000576161706552978,0.02574048294923174,0.02628708088939445
s7213_r4_n000_a375,confirmatory,7213,4,0.0,0.375,joint_forward_feedback,balanced_interleaved_k8,balanced_interleaved,balanced,8,1.0658846978750554,1.0,0.6588469787505544,64,64,64,0.04186391760253317,0.15183866147186542,0.12923601767794018,0.12923601767794018,0.1524681589347132,5.008217103588763,0.28170417661265335,0.19523671236723641,0.4856154033690828,0.04285852660459644,0.0009946090020632736,0.05347846647828214,0.055267977970171675
s7213_r4_n000_a375,confirmatory,7213,4,0.0,0.375,joint_forward_feedback,balanced_permutation_a_k1,balanced_permutation_a,balanced,1,0.18899250811836066,0.125,0.6399250811836067,64,64,8,0.0040790418815335365,0.015124762710023373,0.012568241981688918,0.012568241981688915,0.015318920318026594,0.50277369215854,0.02788716229971551,0.1872518761874137,0.4856154033690828,0.004308166194076837,0.0002291243125433001,0.004923496185062118,0.005404645710736235
s7213_r4_n000_a375,confirmatory,7213,4,0.0,0.375,joint_forward_feedback,balanced_permutation_a_k2,balanced_permutation_a,balanced,2,0.31399250811836066,0.25,0.6399250811836067,64,64,16,0.011781319853918846,0.04343084774311735,0.036318343764473904,0.036318343764473904,0.044777311998130086,1.4691923277046366,0.081095655762604,0.1872518761874137,0.4856154033690828,0.012155120234403106,0.00037380038048426094,0.010095352880791683,0.009887136224956272
s7213_r4_n000_a375,confirmatory,7213,4,0.0,0.375,joint_forward_feedback,balanced_permutation_a_k4,balanced_permutation_a,balanced,4,0.5639925081183607,0.5,0.6399250811836067,64,64,32,0.014627289151049801,0.054428451674748045,0.0450557458731136,0.0450557458731136,0.054534823098188454,1.790170085015144,0.09959056897130206,0.1872518761874137,0.4856154033690828,0.01510509517095551,0.0004778060199057098,0.013810904569922284,0.01362749190326391
s7213_r4_n000_a375,confirmatory,7213,4,0.0,0.375,joint_forward_feedback,balanced_permutation_a_k8,balanced_permutation_a,balanced,8,1.0639925081183608,1.0,0.6399250811836067,64,64,64,0.03946770594902944,0.14864567734928455,0.12144707637037278,0.12144707637037278,0.1435039894519134,4.713574738831602,0.26495106582228617,0.1872518761874137,0.4856154033690828,0.040333878028278654,0.0008661720792492167,0.05174822684903189,0.053539231087303976
s7213_r4_n000_a375,confirmatory,7213,4,0.0,0.375,joint_forward_feedback,balanced_permutation_b_k1,balanced_permutation_b,balanced,1,0.18840039778945986,0.125,0.6340039778945984,64,64,8,0.0037225866902761326,0.014275537942696958,0.011437829887271886,0.011437829887271876,0.013897643066652416,0.4561624080201492,0.02533547295392429,0.18085718707806825,0.4856154033690828,0.0039286232094284685,0.00020603651915233586,0.004517119607612481,0.004956875462316702
s7213_r4_n000_a375,confirmatory,7213,4,0.0,0.375,joint_forward_feedback,balanced_permutation_b_k2,balanced_permutation_b,balanced,2,0.31340039778945983,0.25,0.6340039778945984,64,64,16,0.0063720502262370835,0.02479082516402551,0.019555630761537657,0.019555630761537622,0.02309121417556599,0.7584744843796494,0.04264684493710361,0.18085718707806825,0.4856154033690828,0.006726125667837757,0.00035407544160067327,0.008825828122968277,0.009462572314779587
s7213_r4_n000_a375,confirmatory,7213,4,0.0,0.375,joint_forward_feedback,balanced_permutation_b_k4,balanced_permutation_b,balanced,4,0.5634003977894598,0.5,0.6340039778945984,64,64,32,0.01744535264318997,0.06714006003865804,0.05358609535750429,0.053586095357504256,0.0646518113620094,2.122444058941805,0.11823790671951365,0.18085718707806825,0.4856154033690828,0.017992354190011068,0.0005470015468210972,0.02318066500506459,0.02332751660606225
s7213_r4_n000_a375,confirmatory,7213,4,0.0,0.375,joint_forward_feedback,balanced_permutation_b_k8,balanced_permutation_b,balanced,8,1.06340039778946,1.0,0.6340039778945984,64,64,64,0.0394120784240084,0.1536045342732957,0.12093749062175929,0.12093749062175929,0.14230264303774004,4.674622067829441,0.26324013365949933,0.18085718707806825,0.4856154033690828,0.040247864433933314,0.0008357860099249131,0.0516868665914946,0.053680039036427596
s7213_r4_n000_a375,confirmatory,7213,4,0.0,0.375,joint_forward_feedback,comb_contiguous_k1,comb_contiguous,comb,1,0.225,0.125,1.0,64,64,8,0.0038923327344071307,0.012822900809570478,0.012123976014930213,0.0121239760149302,0.014845312987684796,0.4871739916208437,0.026969289002614995,0.21252222854527988,0.4856154033690828,0.004157944451419222,0.000265611717012091,0.004549807162303684,0.0049938418279169665
s7213_r4_n000_a375,confirmatory,7213,4,0.0,0.375,joint_forward_feedback,comb_contiguous_k2,comb_contiguous,comb,2,0.35,0.25,1.0,64,64,16,0.012049543888120323,0.040072790280382506,0.037497431852819424,0.03749743185281942,0.045052954175366755,1.4791919654645556,0.08255038602818618,0.21252222854527988,0.4856154033690828,0.012467907516670282,0.00041836362854995833,0.020557125665645642,0.02190540796788036
s7213_r4_n000_a375,confirmatory,7213,4,0.0,0.375,joint_forward_feedback,comb_contiguous_k4,comb_contiguous,comb,4,0.6,0.5,1.0,64,64,32,0.02795542247533771,0.09449212579224014,0.08685882463528308,0.08685882463528305,0.10098543158425112,3.318392635331319,0.18784425621953416,0.21252222854527988,0.4856154033690828,0.028843941686236697,0.0008885192108989866,0.03487071951766919,0.03876003284090654
s7213_r4_n000_a375,confirmatory,7213,4,0.0,0.375,joint_forward_feedback,comb_contiguous_k8,comb_contiguous,comb,8,1.1,1.0,1.0,64,64,64,0.048236457528241905,0.16213240328596012,0.14995382935915533,0.14995382935915533,0.17634156535336523,5.792883920666843,0.32629539471252056,0.21252222854527988,0.4856154033690828,0.049288623763142844,0.0010521662349009392,0.05927159564090248,0.06221041749498729
s7213_r4_n750_a125,confirmatory,7213,4,0.75,0.125,feedback_only,balanced_contiguous_k1,balanced_contiguous,balanced,1,0.1737418407321983,0.125,0.487418407321983,64,64,8,0.011160441024004411,0.019303403054502864,0.038662765353306164,0.038662765353306164,0.07343794453180814,2.3886769903711667,0.11210070988511431,0.34539304655873243,0.7020890973635463,0.012054854467968461,0.0008944134439640497,0.008232991171289675,0.007128799987753433
s7213_r4_n750_a125,confirmatory,7213,4,0.75,0.125,feedback_only,balanced_contiguous_k2,balanced_contiguous,balanced,2,0.2987418407321983,0.25,0.487418407321983,64,64,16,0.022462676989282004,0.03772105750321853,0.07845816602202224,0.07845816602202227,0.15777934536731583,5.127397217776129,0.2362375113893381,0.34539304655873243,0.7020890973635463,0.02424583821672527,0.001783161227443264,0.017453869013154304,0.015884431269823838
s7213_r4_n750_a125,confirmatory,7213,4,0.75,0.125,feedback_only,balanced_contiguous_k4,balanced_contiguous,balanced,4,0.5487418407321983,0.5,0.487418407321983,64,64,32,0.05685675268854523,0.10092002497374783,0.19562968610760545,0.1956296861076054,0.35334027498938125,11.502518485767805,0.5489699610969867,0.34539304655873243,0.7020890973635463,0.06076886731117757,0.003912114622632336,0.10744132183884342,0.10797231972688179
s7213_r4_n750_a125,confirmatory,7213,4,0.75,0.125,feedback_only,balanced_contiguous_k8,balanced_contiguous,balanced,8,1.0487418407321982,1.0,0.487418407321983,64,64,64,0.0621203795532368,0.11036156052446223,0.21369146808602266,0.21369146808602266,0.3852893944118236,12.542952089264377,0.5989808624978462,0.34539304655873243,0.7020890973635463,0.06565231383402834,0.0035319342807915363,0.1141169897359249,0.11473579586998728
s7213_r4_n750_a125,confirmatory,7213,4,0.75,0.125,feedback_only,balanced_interleaved_k1,balanced_interleaved,balanced,1,0.19088469787505546,0.125,0.6588469787505544,64,64,8,0.011160441024004411,0.019303403054502864,0.038662765353306164,0.038662765353306164,0.07343794453180814,2.3886769903711667,0.11210070988511431,0.34539304655873243,0.7020890973635463,0.012054854467968461,0.0008944134439640497,0.008232991171289675,0.007128799987753433
s7213_r4_n750_a125,confirmatory,7213,4,0.75,0.125,feedback_only,balanced_interleaved_k2,balanced_interleaved,balanced,2,0.31588469787505546,0.25,0.6588469787505544,64,64,16,0.01159563781699875,0.019942685913435433,0.04023227956243336,0.04023227956243337,0.07726344009191852,2.512662362503826,0.11749571965435189,0.34539304655873243,0.7020890973635463,0.012594704613995155,0.0009990667969964045,0.008614687414986562,0.007382426577787416
s7213_r4_n750_a125,confirmatory,7213,4,0.75,0.125,feedback_only,balanced_interleaved_k4,balanced_interleaved,balanced,4,0.5658846978750555,0.5,0.6588469787505544,64,64,32,0.028856402254920234,0.05033696152579605,0.09973914765218767,0.09973914765218757,0.18634956430721453,6.062925205483053,0.2860887119594021,0.34539304655873243,0.7020890973635463,0.0308895580860114,0.0020331558310911664,0.06706853605898488,0.06328343717632018
s7213_r4_n750_a125,confirmatory,7213,4,0.75,0.125,feedback_only,balanced_interleaved_k8,balanced_interleaved,balanced,8,1.0658846978750554,1.0,0.6588469787505544,64,64,64,0.0621203795532368,0.11036156052446223,0.21369146808602266,0.21369146808602266,0.3852893944118236,12.542952089264377,0.5989808624978462,0.34539304655873243,0.7020890973635463,0.06565231383402834,0.0035319342807915363,0.1141169897359249,0.11473579586998728
s7213_r4_n750_a125,confirmatory,7213,4,0.75,0.125,feedback_only,balanced_permutation_a_k1,balanced_permutation_a,balanced,1,0.18899250811836066,0.125,0.6399250811836067,64,64,8,0.011160441024004411,0.019303403054502864,0.038662765353306164,0.038662765353306164,0.07343794453180814,2.3886769903711667,0.11210070988511431,0.34539304655873243,0.7020890973635463,0.012054854467968461,0.0008944134439640497,0.008232991171289675,0.007128799987753433
s7213_r4_n750_a125,confirmatory,7213,4,0.75,0.125,feedback_only,balanced_permutation_a_k2,balanced_permutation_a,balanced,2,0.31399250811836066,0.25,0.6399250811836067,64,64,16,0.013218925560464261,0.023201034958346415,0.04561588850772283,0.04561588850772281,0.08421598757377434,2.7405274908685016,0.12983187608149716,0.34539304655873243,0.7020890973635463,0.014220357050457958,0.0010014314899936972,0.010095801374562337,0.008971299033537335
s7213_r4_n750_a125,confirmatory,7213,4,0.75,0.125,feedback_only,balanced_permutation_a_k4,balanced_permutation_a,balanced,4,0.5639925081183607,0.5,0.6399250811836067,64,64,32,0.025080833416969747,0.04509502987072756,0.08601550438264663,0.08601550438264657,0.15149412169523965,4.933827398630315,0.23750962607788623,0.34539304655873243,0.7020890973635463,0.027768528544234217,0.00268769512726447,0.04361730975399468,0.043012128495493476
s7213_r4_n750_a125,confirmatory,7213,4,0.75,0.125,feedback_only,balanced_permutation_a_k8,balanced_permutation_a,balanced,8,1.0639925081183608,1.0,0.6399250811836067,64,64,64,0.0621203795532368,0.11036156052446223,0.21369146808602266,0.21369146808602266,0.3852893944118236,12.542952089264377,0.5989808624978462,0.34539304655873243,0.7020890973635463,0.06565231383402834,0.0035319342807915363,0.1141169897359249,0.11473579586998728
s7213_r4_n750_a125,confirmatory,7213,4,0.75,0.125,feedback_only,balanced_permutation_b_k1,balanced_permutation_b,balanced,1,0.18840039778945986,0.125,0.6340039778945984,64,64,8,0.011160441024004411,0.019303403054502864,0.038662765353306164,0.038662765353306164,0.07343794453180814,2.3886769903711667,0.11210070988511431,0.34539304655873243,0.7020890973635463,0.012054854467968461,0.0008944134439640497,0.008232991171289675,0.007128799987753433
s7213_r4_n750_a125,confirmatory,7213,4,0.75,0.125,feedback_only,balanced_permutation_b_k2,balanced_permutation_b,balanced,2,0.31340039778945983,0.25,0.6340039778945984,64,64,16,0.011771391702624905,0.02040457680951456,0.0407553204090407,0.04075532040904071,0.0770859581529065,2.5075059813020486,0.1178412785619472,0.34539304655873243,0.7020890973635463,0.012766116719144203,0.0009947250165192982,0.010696867128988756,0.009444786148287743
s7213_r4_n750_a125,confirmatory,7213,4,0.75,0.125,feedback_only,balanced_permutation_b_k4,balanced_permutation_b,balanced,4,0.5634003977894598,0.5,0.6340039778945984,64,64,32,0.027293704175088945,0.04895831091326975,0.09365997852225763,0.0936599785222576,0.1657209830416675,5.396731435855617,0.2593809615639251,0.34539304655873243,0.7020890973635463,0.030006414856400085,0.0027127106813111396,0.05992086387833334,0.059073770823559274
s7213_r4_n750_a125,confirmatory,7213,4,0.75,0.125,feedback_only,balanced_permutation_b_k8,balanced_permutation_b,balanced,8,1.06340039778946,1.0,0.6340039778945984,64,64,64,0.0621203795532368,0.11036156052446223,0.21369146808602266,0.21369146808602266,0.3852893944118236,12.542952089264377,0.5989808624978462,0.34539304655873243,0.7020890973635463,0.06565231383402834,0.0035319342807915363,0.1141169897359249,0.11473579586998728
s7213_r4_n750_a125,confirmatory,7213,4,0.75,0.125,feedback_only,comb_contiguous_k1,comb_contiguous,comb,1,0.225,0.125,1.0,64,64,8,0.011160441024004411,0.019303403054502864,0.038662765353306164,0.038662765353306164,0.07343794453180814,2.3886769903711667,0.11210070988511431,0.34539304655873243,0.7020890973635463,0.012054854467968461,0.0008944134439640497,0.008232991171289675,0.007128799987753433
s7213_r4_n750_a125,confirmatory,7213,4,0.75,0.125,feedback_only,comb_contiguous_k2,comb_contiguous,comb,2,0.35,0.25,1.0,64,64,16,0.016336465989700465,0.02828266075135991,0.056579517652220176,0.05657951765222015,0.10727357067245268,3.489333779170706,0.16385308832467282,0.34539304655873243,0.7020890973635463,0.018037369496677613,0.001700903506977148,0.025276219777501226,0.02499441149444944
s7213_r4_n750_a125,confirmatory,7213,4,0.75,0.125,feedback_only,comb_contiguous_k4,comb_contiguous,comb,4,0.6,0.5,1.0,64,64,32,0.03425135301845829,0.06125427656710619,0.11762474332094405,0.11762474332094404,0.20935238596392272,6.816901094166471,0.3269771292848668,0.34539304655873243,0.7020890973635463,0.03691329049167776,0.0026619374732194737,0.053825487681022674,0.05565390729563269
s7213_r4_n750_a125,confirmatory,7213,4,0.75,0.125,feedback_only,comb_contiguous_k8,comb_contiguous,comb,8,1.1,1.0,1.0,64,64,64,0.0621203795532368,0.11036156052446223,0.21369146808602266,0.21369146808602266,0.3852893944118236,12.542952089264377,0.5989808624978462,0.34539304655873243,0.7020890973635463,0.06565231383402834,0.0035319342807915363,0.1141169897359249,0.11473579586998728
s7213_r4_n750_a125,confirmatory,7213,4,0.75,0.125,joint_forward_feedback,balanced_contiguous_k1,balanced_contiguous,balanced,1,0.1737418407321983,0.125,0.487418407321983,64,64,8,0.006471893195190779,0.02029334602298704,0.020261163761816282,0.020261163761816282,0.03848504386308488,1.2517825673805323,0.05874620762490116,0.17217309299470734,0.7020890973635463,0.006685752361076241,0.0002138591658854619,0.004577680959355319,0.003990778755681936
s7213_r4_n750_a125,confirmatory,7213,4,0.75,0.125,joint_forward_feedback,balanced_contiguous_k2,balanced_contiguous,balanced,2,0.2987418407321983,0.25,0.487418407321983,64,64,16,0.013041761072495286,0.03952869822443878,0.04097948180000349,0.04097948180000349,0.08239494141237506,2.6776176069960056,0.12337442321237856,0.17217309299470734,0.7020890973635463,0.013466249339646632,0.0004244882671513451,0.00973902137863206,0.008906415996726424
s7213_r4_n750_a125,confirmatory,7213,4,0.75,0.125,joint_forward_feedback,balanced_contiguous_k4,balanced_contiguous,balanced,4,0.5487418407321983,0.5,0.487418407321983,64,64,32,0.031310742153817114,0.10093211577582546,0.0977412482698062,0.09774124826980612,0.1771311350686267,5.76593757046586,0.27487238333843284,0.17217309299470734,0.7020890973635463,0.03227968391343258,0.0009689417596154687,0.057316601990017535,0.05735088599652346
s7213_r4_n750_a125,confirmatory,7213,4,0.75,0.125,joint_forward_feedback,balanced_contiguous_k8,balanced_contiguous,balanced,8,1.0487418407321982,1.0,0.487418407321983,64,64,64,0.03292524862763145,0.10620935882871863,0.10277399132815025,0.10277399132815025,0.1860334520817342,6.055844457943644,0.28880744340988446,0.17217309299470734,0.7020890973635463,0.033845046943536766,0.0009197983159053152,0.059501172326836244,0.05955410079002438
s7213_r4_n750_a125,confirmatory,7213,4,0.75,0.125,joint_forward_feedback,balanced_interleaved_k1,balanced_interleaved,balanced,1,0.19088469787505546,0.125,0.6588469787505544,64,64,8,0.007626961055491412,0.022530863558048165,0.024034727059920404,0.02403472705992038,0.04565273426600999,1.4849222235722401,0.06968746132593037,0.18395682796395962,0.7020890973635463,0.00784132498089223,0.00021436392540081887,0.00536623163107379,0.004672028663926268
s7213_r4_n750_a125,confirmatory,7213,4,0.75,0.125,joint_forward_feedback,balanced_interleaved_k2,balanced_interleaved,balanced,2,0.31588469787505546,0.25,0.6588469787505544,64,64,16,0.007928314979330268,0.023271252660829238,0.025002870641540054,0.025002870641540047,0.04801246376160653,1.561401711012949,0.07301533440314659,0.18395682796395962,0.7020890973635463,0.008176550263105634,0.0002482352837753655,0.005604303562858056,0.004830659880972514
s7213_r4_n750_a125,confirmatory,7213,4,0.75,0.125,joint_forward_feedback,balanced_interleaved_k4,balanced_interleaved,balanced,4,0.5658846978750555,0.5,0.6588469787505544,64,64,32,0.01924177699486703,0.05738124390537584,0.06057110659406953,0.06057110659406949,0.11321503835155758,3.683452333843912,0.17378614494562705,0.18395682796395962,0.7020890973635463,0.019717758704733204,0.0004759817098661731,0.043588818115289654,0.041018236647607544
s7213_r4_n750_a125,confirmatory,7213,4,0.75,0.125,joint_forward_feedback,balanced_interleaved_k8,balanced_interleaved,balanced,8,1.0658846978750554,1.0,0.6588469787505544,64,64,64,0.036601103281414665,0.11118454424091785,0.11497849823007678,0.11497849823007678,0.2082003550813465,6.777389860833164,0.32317885331142326,0.18395682796395962,0.7020890973635463,0.037554899936857525,0.0009537966554428595,0.06772121163780763,0.06735551632135159
s7213_r4_n750_a125,confirmatory,7213,4,0.75,0.125,joint_forward_feedback,balanced_permutation_a_k1,balanced_permutation_a,balanced,1,0.18899250811836066,0.125,0.6399250811836067,64,64,8,0.007695835884161694,0.02212330295499336,0.02432916159933764,0.02432916159933762,0.04599180732826121,1.4960669961036963,0.07032096892759883,0.1902345860996054,0.7020890973635463,0.007934033938755134,0.00023819805459344024,0.005311316077305591,0.004567114965102425
s7213_r4_n750_a125,confirmatory,7213,4,0.75,0.125,joint_forward_feedback,balanced_permutation_a_k2,balanced_permutation_a,balanced,2,0.31399250811836066,0.25,0.6399250811836067,64,64,16,0.009057110562426576,0.02641285767842157,0.028584184653852058,0.02858418465385204,0.05272072147909075,1.715647271984756,0.08130490613294279,0.1902345860996054,0.7020890973635463,0.009310980932330251,0.0002538703699036752,0.006406664817096121,0.005645754693856103
s7213_r4_n750_a125,confirmatory,7213,4,0.75,0.125,joint_forward_feedback,balanced_permutation_a_k4,balanced_permutation_a,balanced,4,0.5639925081183607,0.5,0.6399250811836067,64,64,32,0.016562716257135852,0.04945538313145996,0.052130131253680434,0.052130131253680434,0.09229560581131889,3.005589517215885,0.14442573706499934,0.1902345860996054,0.7020890973635463,0.017328821084686266,0.0007661048275504137,0.026475519900016724,0.02587279256865916
s7213_r4_n750_a125,confirmatory,7213,4,0.75,0.125,joint_forward_feedback,balanced_permutation_a_k8,balanced_permutation_a,balanced,8,1.0639925081183608,1.0,0.6399250811836067,64,64,64,0.035378409943501894,0.10489282588129337,0.1114409909902604,0.1114409909902604,0.1997483203758592,6.503387243017755,0.3111893113661196,0.1902345860996054,0.7020890973635463,0.03644747930249644,0.0010690693589945482,0.06392552843791417,0.06481858662500647
s7213_r4_n750_a125,confirmatory,7213,4,0.75,0.125,joint_forward_feedback,balanced_permutation_b_k1,balanced_permutation_b,balanced,1,0.18840039778945986,0.125,0.6340039778945984,64,64,8,0.007526871380279914,0.02304253492946966,0.023624742006222298,0.02362474200622229,0.04453212239423986,1.448652658621898,0.06815686440046215,0.17769053567536963,0.7020890973635463,0.00772215140344944,0.00019528002316952526,0.005246916537747485,0.004514114360408775
s7213_r4_n750_a125,confirmatory,7213,4,0.75,0.125,joint_forward_feedback,balanced_permutation_b_k2,balanced_permutation_b,balanced,2,0.31340039778945983,0.25,0.6340039778945984,64,64,16,0.00789534226079567,0.024221230649773145,0.024775604002952763,0.024775604002952777,0.04653563862277371,1.5139160399317115,0.0713112426257265,0.17769053567536963,0.7020890973635463,0.008117058042078651,0.00022171578128298182,0.006604303608959756,0.005787114411172588
s7213_r4_n750_a125,confirmatory,7213,4,0.75,0.125,joint_forward_feedback,balanced_permutation_b_k4,balanced_permutation_b,balanced,4,0.5634003977894598,0.5,0.6340039778945984,64,64,32,0.01767059127059595,0.05630811015309216,0.05522698219082538,0.05522698219082538,0.09719141171717867,3.1653521571405427,0.15241839390800405,0.17769053567536963,0.7020890973635463,0.018358646599271444,0.000688055328675493,0.036290886283228935,0.035600123244821626
s7213_r4_n750_a125,confirmatory,7213,4,0.75,0.125,joint_forward_feedback,balanced_permutation_b_k8,balanced_permutation_b,balanced,8,1.06340039778946,1.0,0.6340039778945984,64,64,64,0.034964265193050376,0.1104066810306934,0.10937957821495725,0.10937957821495725,0.1955382668093103,6.366604116112887,0.30491784502426755,0.17769053567536963,0.7020890973635463,0.035860296364944956,0.0008960311718945804,0.06550613781341046,0.06594723667489838
s7213_r4_n750_a125,confirmatory,7213,4,0.75,0.125,joint_forward_feedback,comb_contiguous_k1,comb_contiguous,comb,1,0.225,0.125,1.0,64,64,8,0.008252478033698466,0.019960298867000386,0.026704708136006845,0.026704708136006856,0.049041973502349206,1.5960478602111814,0.07574668163835606,0.2358386740555373,0.7020890973635463,0.008675095790009009,0.0004226177563105421,0.005879087808929053,0.0051321277153936135
s7213_r4_n750_a125,confirmatory,7213,4,0.75,0.125,joint_forward_feedback,comb_contiguous_k2,comb_contiguous,comb,2,0.35,0.25,1.0,64,64,16,0.012405139908727103,0.029978053916080234,0.04014795093052342,0.04014795093052341,0.07384508307368313,2.4031906092883837,0.11399303400420654,0.2358386740555373,0.7020890973635463,0.013241046669419894,0.0008359067606927909,0.018974691050512305,0.01879700264493623
s7213_r4_n750_a125,confirmatory,7213,4,0.75,0.125,joint_forward_feedback,comb_contiguous_k4,comb_contiguous,comb,4,0.6,0.5,1.0,64,64,32,0.02665866716485458,0.06654566203644657,0.08586114329317122,0.08586114329317124,0.1490094062703694,4.8541621439449925,0.23487054956354064,0.2358386740555373,0.7020890973635463,0.027811110675164546,0.0011524435103099674,0.04132308209398096,0.042661508341404974
s7213_r4_n750_a125,confirmatory,7213,4,0.75,0.125,joint_forward_feedback,comb_contiguous_k8,comb_contiguous,comb,8,1.1,1.0,1.0,64,64,64,0.04264091575033444,0.10495126144779408,0.13762160613041063,0.13762160613041063,0.24497451351543442,7.9768060386243125,0.38259611964584506,0.2358386740555373,0.7020890973635463,0.04434804545032327,0.0017071296999888255,0.07594662233739523,0.07589180228541939
s7213_r4_n750_a375,confirmatory,7213,4,0.75,0.375,feedback_only,balanced_contiguous_k1,balanced_contiguous,balanced,1,0.1737418407321983,0.125,0.487418407321983,64,64,8,0.006120857579903012,0.01121385302437338,0.020894846143512925,0.020894846143512922,0.03546631214426948,1.1558168347601363,0.056361158287782404,0.34539304655873226,0.7337717403913621,0.007018051809481034,0.000897194229578022,0.00864873675791496,0.009945287084993303
s7213_r4_n750_a375,confirmatory,7213,4,0.75,0.375,feedback_only,balanced_contiguous_k2,balanced_contiguous,balanced,2,0.2987418407321983,0.25,0.487418407321983,64,64,16,0.015022474762483334,0.027815318735610363,0.051152431954591356,0.05115243195459139,0.0850249391776757,2.7719504856402137,0.13617737113226708,0.34539304655873226,0.7337717403913621,0.01680852908245148,0.0017860543199681445,0.0231837642924127,0.02596875574398537
s7213_r4_n750_a375,confirmatory,7213,4,0.75,0.375,feedback_only,balanced_contiguous_k4,balanced_contiguous,balanced,4,0.5487418407321983,0.5,0.487418407321983,64,64,32,0.03924728431409177,0.0755696091698293,0.13244663144142502,0.13244663144142504,0.20359344320948575,6.647436814144969,0.3360400746509108,0.34539304655873226,0.7337717403913621,0.04241650276602091,0.0031692184519291414,0.06417774580085218,0.06852276991058551
s7213_r4_n750_a375,confirmatory,7213,4,0.75,0.375,feedback_only,balanced_contiguous_k8,balanced_contiguous,balanced,8,1.0487418407321982,1.0,0.487418407321983,64,64,64,0.07097895916474167,0.13174714087146241,0.24154683399889945,0.24154683399889945,0.3995415591479091,13.026876726731992,0.6410883931468085,0.34539304655873226,0.7337717403913621,0.07450061174710403,0.003521652582362353,0.10346552068763111,0.1071371639800261
s7213_r4_n750_a375,confirmatory,7213,4,0.75,0.375,feedback_only,balanced_interleaved_k1,balanced_interleaved,balanced,1,0.19088469787505546,0.125,0.6588469787505544,64,64,8,0.006120857579903012,0.01121385302437338,0.020894846143512925,0.020894846143512922,0.03546631214426948,1.1558168347601363,0.056361158287782404,0.34539304655873226,0.7337717403913621,0.007018051809481034,0.000897194229578022,0.00864873675791496,0.009945287084993303
s7213_r4_n750_a375,confirmatory,7213,4,0.75,0.375,feedback_only,balanced_interleaved_k2,balanced_interleaved,balanced,2,0.31588469787505546,0.25,0.6588469787505544,64,64,16,0.01002941171704653,0.018183117686277634,0.034325255940858466,0.03432525594085846,0.05947750750119964,1.937605495979247,0.0938027634420581,0.34539304655873226,0.7337717403913621,0.011564420775456215,0.0015350090584096854,0.01454667034086234,0.014646021414071793
s7213_r4_n750_a375,confirmatory,7213,4,0.75,0.375,feedback_only,balanced_interleaved_k4,balanced_interleaved,balanced,4,0.5658846978750555,0.5,0.6588469787505544,64,64,32,0.03323865679880523,0.06313871213088279,0.11251031387247151,0.11251031387247154,0.17772173490336904,5.799605830780281,0.2902320487758406,0.34539304655873226,0.7337717403913621,0.03560343898981049,0.002364782191005263,0.04811561570080328,0.04737873277584205
s7213_r4_n750_a375,confirmatory,7213,4,0.75,0.375,feedback_only,balanced_interleaved_k8,balanced_interleaved,balanced,8,1.0658846978750554,1.0,0.6588469787505544,64,64,64,0.07097895916474167,0.13174714087146241,0.24154683399889945,0.24154683399889945,0.3995415591479091,13.026876726731992,0.6410883931468085,0.34539304655873226,0.7337717403913621,0.07450061174710403,0.003521652582362353,0.10346552068763111,0.1071371639800261
s7213_r4_n750_a375,confirmatory,7213,4,0.75,0.375,feedback_only,balanced_permutation_a_k1,balanced_permutation_a,balanced,1,0.18899250811836066,0.125,0.6399250811836067,64,64,8,0.006120857579903012,0.01121385302437338,0.020894846143512925,0.020894846143512922,0.03546631214426948,1.1558168347601363,0.056361158287782404,0.34539304655873226,0.7337717403913621,0.007018051809481034,0.000897194229578022,0.00864873675791496,0.009945287084993303
s7213_r4_n750_a375,confirmatory,7213,4,0.75,0.375,feedback_only,balanced_permutation_a_k2,balanced_permutation_a,balanced,2,0.31399250811836066,0.25,0.6399250811836067,64,64,16,0.01822316770154393,0.033496706400538694,0.06215907001916196,0.06215907001916201,0.10482049447142214,3.4164148931046703,0.16697956449058415,0.34539304655873226,0.7337717403913621,0.019926189110474377,0.0017030214089304475,0.015806385755502382,0.016088555747757763
s7213_r4_n750_a375,confirmatory,7213,4,0.75,0.375,feedback_only,balanced_permutation_a_k4,balanced_permutation_a,balanced,4,0.5639925081183607,0.5,0.6399250811836067,64,64,32,0.023106545596059673,0.04315925361070855,0.0785174490976327,0.07851744909763267,0.12826556056354368,4.1830153871310305,0.20678300966117635,0.34539304655873226,0.7337717403913621,0.025294991486693053,0.00218844589063338,0.023444656451980975,0.023719754083333374
s7213_r4_n750_a375,confirmatory,7213,4,0.75,0.375,feedback_only,balanced_permutation_a_k8,balanced_permutation_a,balanced,8,1.0639925081183608,1.0,0.6399250811836067,64,64,64,0.07097895916474167,0.13174714087146241,0.24154683399889945,0.24154683399889945,0.3995415591479091,13.026876726731992,0.6410883931468085,0.34539304655873226,0.7337717403913621,0.07450061174710403,0.003521652582362353,0.10346552068763111,0.1071371639800261
s7213_r4_n750_a375,confirmatory,7213,4,0.75,0.375,feedback_only,balanced_permutation_b_k1,balanced_permutation_b,balanced,1,0.18840039778945986,0.125,0.6340039778945984,64,64,8,0.006120857579903012,0.01121385302437338,0.020894846143512925,0.020894846143512922,0.03546631214426948,1.1558168347601363,0.056361158287782404,0.34539304655873226,0.7337717403913621,0.007018051809481034,0.000897194229578022,0.00864873675791496,0.009945287084993303
s7213_r4_n750_a375,confirmatory,7213,4,0.75,0.375,feedback_only,balanced_permutation_b_k2,balanced_permutation_b,balanced,2,0.31340039778945983,0.25,0.6340039778945984,64,64,16,0.010385641055533818,0.01945995291721406,0.035265133622381845,0.03526513362238183,0.05724849098053718,1.8672168449995716,0.09251362460291901,0.34539304655873226,0.7337717403913621,0.011899673402535255,0.0015140323470014365,0.01762748261722692,0.01904499946432847
s7213_r4_n750_a375,confirmatory,7213,4,0.75,0.375,feedback_only,balanced_permutation_b_k4,balanced_permutation_b,balanced,4,0.5634003977894598,0.5,0.6340039778945984,64,64,32,0.028496802985832355,0.05232941612914522,0.09722543683027605,0.09722543683027604,0.16427374314748994,5.353985217549954,0.26149917997776595,0.34539304655873226,0.7337717403913621,0.031007244234227307,0.0025104412483949526,0.043872486514943326,0.04421958042884647
s7213_r4_n750_a375,confirmatory,7213,4,0.75,0.375,feedback_only,balanced_permutation_b_k8,balanced_permutation_b,balanced,8,1.06340039778946,1.0,0.6340039778945984,64,64,64,0.07097895916474167,0.13174714087146241,0.24154683399889945,0.24154683399889945,0.3995415591479091,13.026876726731992,0.6410883931468085,0.34539304655873226,0.7337717403913621,0.07450061174710403,0.003521652582362353,0.10346552068763111,0.1071371639800261
s7213_r4_n750_a375,confirmatory,7213,4,0.75,0.375,feedback_only,comb_contiguous_k1,comb_contiguous,comb,1,0.225,0.125,1.0,64,64,8,0.006120857579903012,0.01121385302437338,0.020894846143512925,0.020894846143512922,0.03546631214426948,1.1558168347601363,0.056361158287782404,0.34539304655873226,0.7337717403913621,0.007018051809481034,0.000897194229578022,0.00864873675791496,0.009945287084993303
s7213_r4_n750_a375,confirmatory,7213,4,0.75,0.375,feedback_only,comb_contiguous_k2,comb_contiguous,comb,2,0.35,0.25,1.0,64,64,16,0.01680311299805,0.031222746089304802,0.05716768599401935,0.057167685994019335,0.09435809940369969,3.076626866912409,0.15152578539771902,0.34539304655873226,0.7337717403913621,0.018209899511260168,0.001406786513210169,0.029951618148364202,0.03333071458419211
s7213_r4_n750_a375,confirmatory,7213,4,0.75,0.375,feedback_only,comb_contiguous_k4,comb_contiguous,comb,4,0.6,0.5,1.0,64,64,32,0.03624872854430122,0.06844470807126081,0.122866953733399,0.12286695373339898,0.19642407815575505,6.408437454717561,0.31929103188915403,0.34539304655873226,0.7337717403913621,0.039228141211297085,0.002979412666995862,0.05415911554075596,0.06039448277386886
s7213_r4_n750_a375,confirmatory,7213,4,0.75,0.375,feedback_only,comb_contiguous_k8,comb_contiguous,comb,8,1.1,1.0,1.0,64,64,64,0.07097895916474167,0.13174714087146241,0.24154683399889945,0.24154683399889945,0.3995415591479091,13.026876726731992,0.6410883931468085,0.34539304655873226,0.7337717403913621,0.07450061174710403,0.003521652582362353,0.10346552068763111,0.1071371639800261
s7213_r4_n750_a375,confirmatory,7213,4,0.75,0.375,joint_forward_feedback,balanced_contiguous_k1,balanced_contiguous,balanced,1,0.1737418407321983,0.125,0.487418407321983,64,64,8,0.003572369718689543,0.014117493362645723,0.010949912548235987,0.010949912548235994,0.018586067287638775,0.6057040657526768,0.02953597983587477,0.1437746538363823,0.7337717403913621,0.003751414840506337,0.00017904512181679414,0.0046425864097380115,0.005312250959292272
s7213_r4_n750_a375,confirmatory,7213,4,0.75,0.375,joint_forward_feedback,balanced_contiguous_k2,balanced_contiguous,balanced,2,0.2987418407321983,0.25,0.487418407321983,64,64,16,0.008719893311792591,0.03488091722276685,0.026702644657162086,0.0267026446571621,0.04438732520087239,1.4470970510850787,0.0710899698580345,0.1437746538363823,0.7337717403913621,0.009047764373975793,0.0003278710621832017,0.012668750586485852,0.01408327176426333
s7213_r4_n750_a375,confirmatory,7213,4,0.75,0.375,joint_forward_feedback,balanced_contiguous_k4,balanced_contiguous,balanced,4,0.5487418407321983,0.5,0.487418407321983,64,64,32,0.021650837536576727,0.09044963122813747,0.06608424833739765,0.0660842483373976,0.10182583697926088,3.324511031673746,0.16791008531665846,0.1437746538363823,0.7337717403913621,0.02215043785885167,0.0004996003222749422,0.0341568684329024,0.03632336022582459
s7213_r4_n750_a375,confirmatory,7213,4,0.75,0.375,joint_forward_feedback,balanced_contiguous_k8,balanced_contiguous,balanced,8,1.0487418407321982,1.0,0.487418407321983,64,64,64,0.03154222664363043,0.12800707849458445,0.09648397787356239,0.09648397787356239,0.15642490818181956,5.102081039691789,0.252908886055382,0.1437746538363823,0.7337717403913621,0.032145106073828686,0.0006028794301982526,0.046814694655366945,0.048772067715334225
s7213_r4_n750_a375,confirmatory,7213,4,0.75,0.375,joint_forward_feedback,balanced_interleaved_k1,balanced_interleaved,balanced,1,0.19088469787505546,0.125,0.6588469787505544,64,64,8,0.00412727151620065,0.01233256022069508,0.012989291361576623,0.012989291361576614,0.022047650353509047,0.7185141026738661,0.03503694171508566,0.19523671236723641,0.7337717403913621,0.004432193642993549,0.0003049221267928991,0.005480435842893103,0.006277204505777369
s7213_r4_n750_a375,confirmatory,7213,4,0.75,0.375,joint_forward_feedback,balanced_interleaved_k2,balanced_interleaved,balanced,2,0.31588469787505546,0.25,0.6588469787505544,64,64,16,0.006750646942719184,0.01993779579982455,0.02127374330741299,0.021273743307412978,0.03685878397475514,1.2007548304995774,0.05813252728216811,0.19523671236723641,0.7337717403913621,0.007273031620172284,0.0005223846774531004,0.009156761052666376,0.009216905401529512
s7213_r4_n750_a375,confirmatory,7213,4,0.75,0.375,joint_forward_feedback,balanced_interleaved_k4,balanced_interleaved,balanced,4,0.5658846978750555,0.5,0.6588469787505544,64,64,32,0.02170301493670436,0.06747239640821937,0.06800624121470246,0.06800624121470246,0.10753530779922167,3.509136090789796,0.17554154901392413,0.19523671236723641,0.7337717403913621,0.02242559309201635,0.0007225781553119905,0.030742877186325766,0.030374844548318805
s7213_r4_n750_a375,confirmatory,7213,4,0.75,0.375,joint_forward_feedback,balanced_interleaved_k8,balanced_interleaved,balanced,8,1.0658846978750554,1.0,0.6588469787505544,64,64,64,0.04126309075123561,0.12541599966315684,0.12961569733755945,0.12961569733755945,0.21344484965282962,6.959850886228107,0.34306054699038907,0.19523671236723641,0.7337717403913621,0.04245397041158891,0.0011908796603532987,0.060013090814633005,0.061640872122834554
s7213_r4_n750_a375,confirmatory,7213,4,0.75,0.375,joint_forward_feedback,balanced_permutation_a_k1,balanced_permutation_a,balanced,1,0.18899250811836066,0.125,0.6399250811836067,64,64,8,0.004151594917693507,0.01288317321980796,0.013011556427053017,0.013011556427053003,0.02207812935954953,0.719511695932638,0.035089685786602536,0.1872518761874137,0.7337717403913621,0.004439271305817094,0.0002876763881235868,0.005231906778295423,0.005990886255412483
s7213_r4_n750_a375,confirmatory,7213,4,0.75,0.375,joint_forward_feedback,balanced_permutation_a_k2,balanced_permutation_a,balanced,2,0.31399250811836066,0.25,0.6399250811836067,64,64,16,0.01217445849797791,0.03792458655182605,0.038140452515695034,0.038140452515695034,0.06428187821113855,2.0951605552721286,0.10242233072683359,0.1872518761874137,0.7337717403913621,0.01263773537692083,0.0004632768789429205,0.009655729185939493,0.00980872826560649
s7213_r4_n750_a375,confirmatory,7213,4,0.75,0.375,joint_forward_feedback,balanced_permutation_a_k4,balanced_permutation_a,balanced,4,0.5639925081183607,0.5,0.6399250811836067,64,64,32,0.015252633334184421,0.048367310668396,0.04769410011435798,0.04769410011435796,0.07788610965477703,2.540049609067223,0.12558020976913498,0.1872518761874137,0.7337717403913621,0.015846354142610247,0.0005937208084258253,0.014090838958447878,0.014201995430928175
s7213_r4_n750_a375,confirmatory,7213,4,0.75,0.375,joint_forward_feedback,balanced_permutation_a_k8,balanced_permutation_a,balanced,8,1.0639925081183608,1.0,0.6399250811836067,64,64,64,0.03883258354780532,0.1224142984951637,0.12150252341244755,0.12150252341244755,0.20051705239817097,6.538048200153918,0.3220195758106185,0.1872518761874137,0.7337717403913621,0.039872991571241544,0.0010404080234362248,0.05558872790834794,0.0582482385978165
s7213_r4_n750_a375,confirmatory,7213,4,0.75,0.375,joint_forward_feedback,balanced_permutation_b_k1,balanced_permutation_b,balanced,1,0.18840039778945986,0.125,0.6340039778945984,64,64,8,0.003790784272253367,0.012167449677897095,0.011838712137745264,0.011838712137745264,0.02000645958004475,0.6520454186991772,0.03184517171779001,0.18085718707806825,0.7337717403913621,0.004049259181342916,0.0002584749090895487,0.00483010877303419,0.0055401525610967355
s7213_r4_n750_a375,confirmatory,7213,4,0.75,0.375,joint_forward_feedback,balanced_permutation_b_k2,balanced_permutation_b,balanced,2,0.31340039778945983,0.25,0.6340039778945984,64,64,16,0.006535004300303968,0.02149794219830868,0.020358371525230963,0.020358371525230973,0.03294116259017342,1.0744755744107803,0.05329953411540439,0.18085718707806825,0.7337717403913621,0.006977394151379115,0.0004423898510751466,0.010416670972557348,0.011242616515896888
s7213_r4_n750_a375,confirmatory,7213,4,0.75,0.375,joint_forward_feedback,balanced_permutation_b_k4,balanced_permutation_b,balanced,4,0.5634003977894598,0.5,0.6340039778945984,64,64,32,0.01766816391523589,0.05676023269156468,0.055173128526691775,0.05517312852669179,0.09309414003748177,3.0341856097261086,0.14826726856417355,0.18085718707806825,0.7337717403913621,0.018349308913169698,0.0006811449979338066,0.026574534710432793,0.026749161089858822
s7213_r4_n750_a375,confirmatory,7213,4,0.75,0.375,joint_forward_feedback,balanced_permutation_b_k8,balanced_permutation_b,balanced,8,1.06340039778946,1.0,0.6340039778945984,64,64,64,0.03874324143865878,0.12620433799764963,0.12081482992922143,0.12081482992922143,0.1989277266526672,6.486502082814572,0.31974255658188866,0.18085718707806825,0.7337717403913621,0.039752175821293825,0.0010089343826350447,0.057604900148164065,0.059774695397972664
s7213_r4_n750_a375,confirmatory,7213,4,0.75,0.375,joint_forward_feedback,comb_contiguous_k1,comb_contiguous,comb,1,0.225,0.125,1.0,64,64,8,0.003946657618176545,0.010889340920511689,0.012539675753191383,0.012539675753191381,0.021433540359067093,0.6984129672433383,0.033973216112258474,0.21252222854527988,0.7337717403913621,0.00428059290617708,0.00033393528800053536,0.004793680373751057,0.005486752750858925
s7213_r4_n750_a375,confirmatory,7213,4,0.75,0.375,joint_forward_feedback,comb_contiguous_k2,comb_contiguous,comb,2,0.35,0.25,1.0,64,64,16,0.012363913772823308,0.034788366827266014,0.039188089858914005,0.039188089858914005,0.06466987127233038,2.108623970573486,0.10385796113124439,0.21252222854527988,0.7337717403913621,0.012889062816385964,0.000525149043562656,0.02146136560827109,0.02358772441386364
s7213_r4_n750_a375,confirmatory,7213,4,0.75,0.375,joint_forward_feedback,comb_contiguous_k4,comb_contiguous,comb,4,0.6,0.5,1.0,64,64,32,0.027622831008075825,0.0790870549470495,0.08736741199291936,0.08736741199291939,0.13970228572933194,4.557840555331541,0.22706969772225133,0.21252222854527988,0.7337717403913621,0.02869310745585749,0.0010702764477816644,0.03977280567109273,0.04384608169432929
s7213_r4_n750_a375,confirmatory,7213,4,0.75,0.375,joint_forward_feedback,comb_contiguous_k8,comb_contiguous,comb,8,1.1,1.0,1.0,64,64,64,0.047283086179389866,0.13340767373966453,0.14981568424853148,0.14981568424853148,0.24600583006510007,8.022002246331734,0.39582151431363155,0.21252222854527988,0.7337717403913621,0.048554407708238996,0.00127132152884913,0.0673202052935162,0.06957951546551974
s7213_r8_n000_a125,confirmatory,7213,8,0.0,0.125,feedback_only,balanced_contiguous_k1,balanced_contiguous,balanced,1,0.1737418407321983,0.125,0.487418407321983,64,64,8,0.0048917621481736635,0.011339481962013896,0.015936120121009024,0.015936120121009013,0.040054098520307044,1.2976672727708345,0.05599021864131606,0.19999991713519757,0.5139514923796675,0.005128878460712308,0.00023711631253864416,0.0024853978364063685,0.0026702405706781175
s7213_r8_n000_a125,confirmatory,7213,8,0.0,0.125,feedback_only,balanced_contiguous_k2,balanced_contiguous,balanced,2,0.2987418407321983,0.25,0.487418407321983,64,64,16,0.010690071277647985,0.025384262703802486,0.034691561845523744,0.03469156184552377,0.08383708875642198,2.7174784020510274,0.11852865060194576,0.19999991713519757,0.5139514923796675,0.01115448953405378,0.00046441825640579533,0.006826114184331052,0.006348534983445021
s7213_r8_n000_a125,confirmatory,7213,8,0.0,0.125,feedback_only,balanced_contiguous_k4,balanced_contiguous,balanced,4,0.5487418407321983,0.5,0.487418407321983,64,64,32,0.02546223580115712,0.06478886327917537,0.08178207803732307,0.08178207803732304,0.1762989686392765,5.723349074494171,0.25808104667659953,0.19999991713519757,0.5139514923796675,0.026291985688346592,0.0008297498871894723,0.01089887983557562,0.012083133409224664
s7213_r8_n000_a125,confirmatory,7213,8,0.0,0.125,feedback_only,balanced_contiguous_k8,balanced_contiguous,balanced,8,1.0487418407321982,1.0,0.487418407321983,64,64,64,0.0443092972876065,0.1082655371703198,0.1431623923661958,0.1431623923661958,0.3301063784601776,10.70656650309188,0.4732687708263734,0.19999991713519757,0.5139514923796675,0.0460088480456734,0.001699550758066902,0.028549032279835455,0.030055369584955666
s7213_r8_n000_a125,confirmatory,7213,8,0.0,0.125,feedback_only,balanced_interleaved_k1,balanced_interleaved,balanced,1,0.19088469787505546,0.125,0.6588469787505544,64,64,8,0.0048917621481736635,0.011339481962013896,0.015936120121009024,0.015936120121009013,0.040054098520307044,1.2976672727708345,0.05599021864131606,0.19999991713519757,0.5139514923796675,0.005128878460712308,0.00023711631253864416,0.0024853978364063685,0.0026702405706781175
s7213_r8_n000_a125,confirmatory,7213,8,0.0,0.125,feedback_only,balanced_interleaved_k2,balanced_interleaved,balanced,2,0.31588469787505546,0.25,0.6588469787505544,64,64,16,0.01035010085516511,0.025312427441680982,0.03343639275747637,0.03343639275747638,0.07698296809000753,2.4968913716377172,0.11041936084748391,0.19999991713519757,0.5139514923796675,0.010827402900122319,0.0004773020449572087,0.011219943496890011,0.01216416412017876
s7213_r8_n000_a125,confirmatory,7213,8,0.0,0.125,feedback_only,balanced_interleaved_k4,balanced_interleaved,balanced,4,0.5658846978750555,0.5,0.6588469787505544,64,64,32,0.02147940860948774,0.0512400351048034,0.06965492559014196,0.06965492559014197,0.16706479265684318,5.415728290609124,0.23671971824698515,0.19999991713519757,0.5139514923796675,0.022416527747425675,0.0009371191379379355,0.013226431418265752,0.014960116550188862
s7213_r8_n000_a125,confirmatory,7213,8,0.0,0.125,feedback_only,balanced_interleaved_k8,balanced_interleaved,balanced,8,1.0658846978750554,1.0,0.6588469787505544,64,64,64,0.0443092972876065,0.1082655371703198,0.1431623923661958,0.1431623923661958,0.3301063784601776,10.70656650309188,0.4732687708263734,0.19999991713519757,0.5139514923796675,0.0460088480456734,0.001699550758066902,0.028549032279835455,0.030055369584955666
s7213_r8_n000_a125,confirmatory,7213,8,0.0,0.125,feedback_only,balanced_permutation_a_k1,balanced_permutation_a,balanced,1,0.18899250811836066,0.125,0.6399250811836067,64,64,8,0.0048917621481736635,0.011339481962013896,0.015936120121009024,0.015936120121009013,0.040054098520307044,1.2976672727708345,0.05599021864131606,0.19999991713519757,0.5139514923796675,0.005128878460712308,0.00023711631253864416,0.0024853978364063685,0.0026702405706781175
s7213_r8_n000_a125,confirmatory,7213,8,0.0,0.125,feedback_only,balanced_permutation_a_k2,balanced_permutation_a,balanced,2,0.31399250811836066,0.25,0.6399250811836067,64,64,16,0.009455574264852514,0.021819630809943327,0.030826718500806583,0.030826718500806573,0.07805309889069904,2.528525883003176,0.10887981739150562,0.19999991713519757,0.5139514923796675,0.009934004850557268,0.00047843058570475397,0.004419636267931721,0.006564812614437397
s7213_r8_n000_a125,confirmatory,7213,8,0.0,0.125,feedback_only,balanced_permutation_a_k4,balanced_permutation_a,balanced,4,0.5639925081183607,0.5,0.6399250811836067,64,64,32,0.02152018550279809,0.05250770140695398,0.06954618070472685,0.06954618070472685,0.16073781216511873,5.213156169988526,0.23028399286984558,0.19999991713519757,0.5139514923796675,0.022484992743198262,0.0009648072404001735,0.0163115526655229,0.020217213607808655
s7213_r8_n000_a125,confirmatory,7213,8,0.0,0.125,feedback_only,balanced_permutation_a_k8,balanced_permutation_a,balanced,8,1.0639925081183608,1.0,0.6399250811836067,64,64,64,0.0443092972876065,0.1082655371703198,0.1431623923661958,0.1431623923661958,0.3301063784601776,10.70656650309188,0.4732687708263734,0.19999991713519757,0.5139514923796675,0.0460088480456734,0.001699550758066902,0.028549032279835455,0.030055369584955666
s7213_r8_n000_a125,confirmatory,7213,8,0.0,0.125,feedback_only,balanced_permutation_b_k1,balanced_permutation_b,balanced,1,0.18840039778945986,0.125,0.6340039778945984,64,64,8,0.0048917621481736635,0.011339481962013896,0.015936120121009024,0.015936120121009013,0.040054098520307044,1.2976672727708345,0.05599021864131606,0.19999991713519757,0.5139514923796675,0.005128878460712308,0.00023711631253864416,0.0024853978364063685,0.0026702405706781175
s7213_r8_n000_a125,confirmatory,7213,8,0.0,0.125,feedback_only,balanced_permutation_b_k2,balanced_permutation_b,balanced,2,0.31340039778945983,0.25,0.6340039778945984,64,64,16,0.009003294983621993,0.019551414643355067,0.029661036195728824,0.029661036195728845,0.08283433162874987,2.680359648315725,0.11249536782447872,0.19999991713519757,0.5139514923796675,0.009504855346246257,0.0005015603626242638,0.01013431592028741,0.009179141922768069
s7213_r8_n000_a125,confirmatory,7213,8,0.0,0.125,feedback_only,balanced_permutation_b_k4,balanced_permutation_b,balanced,4,0.5634003977894598,0.5,0.6340039778945984,64,64,32,0.023279521338148795,0.058565551412707584,0.07489300021903644,0.07489300021903647,0.16453801641269394,5.340109525425243,0.23943101663173041,0.19999991713519757,0.5139514923796675,0.024243611175725724,0.0009640898375769293,0.024519461900093166,0.027765952596239103
s7213_r8_n000_a125,confirmatory,7213,8,0.0,0.125,feedback_only,balanced_permutation_b_k8,balanced_permutation_b,balanced,8,1.06340039778946,1.0,0.6340039778945984,64,64,64,0.0443092972876065,0.1082655371703198,0.1431623923661958,0.1431623923661958,0.3301063784601776,10.70656650309188,0.4732687708263734,0.19999991713519757,0.5139514923796675,0.0460088480456734,0.001699550758066902,0.028549032279835455,0.030055369584955666
s7213_r8_n000_a125,confirmatory,7213,8,0.0,0.125,feedback_only,comb_contiguous_k1,comb_contiguous,comb,1,0.225,0.125,1.0,64,64,8,0.0048917621481736635,0.011339481962013896,0.015936120121009024,0.015936120121009013,0.040054098520307044,1.2976672727708345,0.05599021864131606,0.19999991713519757,0.5139514923796675,0.005128878460712308,0.00023711631253864416,0.0024853978364063685,0.0026702405706781175
s7213_r8_n000_a125,confirmatory,7213,8,0.0,0.125,feedback_only,comb_contiguous_k2,comb_contiguous,comb,2,0.35,0.25,1.0,64,64,16,0.009096612302844186,0.02084015830952036,0.029691854348728515,0.029691854348728498,0.0760662889968215,2.463813102247016,0.10575814334554999,0.19999991713519757,0.5139514923796675,0.009547359360070264,0.00045074705722607765,0.007387418202021228,0.006534005046293659
s7213_r8_n000_a125,confirmatory,7213,8,0.0,0.125,feedback_only,comb_contiguous_k4,comb_contiguous,comb,4,0.6,0.5,1.0,64,64,32,0.01871192800670883,0.044402826731205686,0.060730616141366094,0.06073061614136609,0.1469256039992086,4.762349944116041,0.20765622014057467,0.19999991713519757,0.5139514923796675,0.019620158176121,0.0009082301694121678,0.011334014589006578,0.011520295074673195
s7213_r8_n000_a125,confirmatory,7213,8,0.0,0.125,feedback_only,comb_contiguous_k8,comb_contiguous,comb,8,1.1,1.0,1.0,64,64,64,0.0443092972876065,0.1082655371703198,0.1431623923661958,0.1431623923661958,0.3301063784601776,10.70656650309188,0.4732687708263734,0.19999991713519757,0.5139514923796675,0.0460088480456734,0.001699550758066902,0.028549032279835455,0.030055369584955666
s7213_r8_n000_a125,confirmatory,7213,8,0.0,0.125,joint_forward_feedback,balanced_contiguous_k1,balanced_contiguous,balanced,1,0.1737418407321983,0.125,0.487418407321983,64,64,8,0.0027451897931703054,0.01201538672034474,0.008351299669053003,0.008351299669053003,0.02099028980560148,0.6800405734483004,0.029341589474654484,0.09891376888352899,0.5139514923796675,0.0027997123693649256,5.452257619462022e-05,0.0013192916068711976,0.0014188314455823746
s7213_r8_n000_a125,confirmatory,7213,8,0.0,0.125,joint_forward_feedback,balanced_contiguous_k2,balanced_contiguous,balanced,2,0.2987418407321983,0.25,0.487418407321983,64,64,16,0.005965499590347247,0.02679992605106834,0.01811577496181346,0.01811577496181346,0.04378463038596336,1.4192239473126411,0.06190040534777683,0.09891376888352899,0.5139514923796675,0.006071242090297461,0.00010574249995021386,0.003691434222277956,0.003416179432305913
s7213_r8_n000_a125,confirmatory,7213,8,0.0,0.125,joint_forward_feedback,balanced_contiguous_k4,balanced_contiguous,balanced,4,0.5487418407321983,0.5,0.487418407321983,64,64,32,0.013540196270010846,0.06538377861312512,0.04092798121354628,0.040927981213546266,0.0885762284589091,2.8753672918986375,0.12950420967245535,0.09891376888352899,0.5139514923796675,0.013739811497564914,0.0001996152275540678,0.005692125893730934,0.006223610282700935
s7213_r8_n000_a125,confirmatory,7213,8,0.0,0.125,joint_forward_feedback,balanced_contiguous_k8,balanced_contiguous,balanced,8,1.0487418407321982,1.0,0.487418407321983,64,64,64,0.01916299392419068,0.08984759663751851,0.05803101961954301,0.05803101961954301,0.13143319434538633,4.263893238671906,0.18946421396492935,0.09891376888352899,0.5139514923796675,0.019584368246257523,0.0004213743220668441,0.010960949347634034,0.011565793686284746
s7213_r8_n000_a125,confirmatory,7213,8,0.0,0.125,joint_forward_feedback,balanced_interleaved_k1,balanced_interleaved,balanced,1,0.19088469787505546,0.125,0.6588469787505544,64,64,8,0.0032236721597214634,0.012334701939310015,0.009906696895642646,0.009906696895642645,0.024899650006137492,0.8066954970920424,0.03480634690178014,0.11429853176553371,0.5139514923796675,0.0032939195267704773,7.024736704901386e-05,0.0015609122870599785,0.001678340732272493
s7213_r8_n000_a125,confirmatory,7213,8,0.0,0.125,joint_forward_feedback,balanced_interleaved_k2,balanced_interleaved,balanced,2,0.31588469787505546,0.25,0.6588469787505544,64,64,16,0.006766847395589786,0.027416060745631115,0.02070161454026311,0.020701614540263105,0.04767895830577774,1.5464282803251508,0.06838057284604085,0.11429853176553371,0.5139514923796675,0.00690983586758004,0.00014298847199025431,0.007104867795044611,0.00768685189789456
s7213_r8_n000_a125,confirmatory,7213,8,0.0,0.125,joint_forward_feedback,balanced_interleaved_k4,balanced_interleaved,balanced,4,0.5658846978750555,0.5,0.6588469787505544,64,64,32,0.013815290422296293,0.054532994502192504,0.04235002863094663,0.04235002863094659,0.10152234973405617,3.291065220120744,0.14387237836500277,0.11429853176553371,0.5139514923796675,0.014097944539770478,0.00028265411747418513,0.008382124439868518,0.009440658709914389
s7213_r8_n000_a125,confirmatory,7213,8,0.0,0.125,joint_forward_feedback,balanced_interleaved_k8,balanced_interleaved,balanced,8,1.0658846978750554,1.0,0.6588469787505544,64,64,64,0.02530844921974062,0.10216823246477243,0.0774467209828828,0.0774467209828828,0.17936777998054548,5.817215680360338,0.2568145009634283,0.11429853176553371,0.5139514923796675,0.025886226769893453,0.0005777775501528346,0.016026084209415745,0.016934656383334565
s7213_r8_n000_a125,confirmatory,7213,8,0.0,0.125,joint_forward_feedback,balanced_permutation_a_k1,balanced_permutation_a,balanced,1,0.18899250811836066,0.125,0.6399250811836067,64,64,8,0.0031848141499585714,0.011859318623581682,0.009809432614717149,0.009809432614717131,0.024797764806469252,0.8033379064217332,0.034607197421186384,0.11722806942562736,0.5139514923796675,0.0032624136916229304,7.759954166435901e-05,0.0015377083112968208,0.0016732169680248477
s7213_r8_n000_a125,confirmatory,7213,8,0.0,0.125,joint_forward_feedback,balanced_permutation_a_k2,balanced_permutation_a,balanced,2,0.31399250811836066,0.25,0.6399250811836067,64,64,16,0.006152849632410999,0.022900907395394465,0.018951909005098064,0.018951909005098064,0.04794277798069967,1.5531208043874876,0.06689468698579773,0.11722806942562736,0.5139514923796675,0.0063099764147455245,0.00015712678233452577,0.002926721978429166,0.004224181535744272
s7213_r8_n000_a125,confirmatory,7213,8,0.0,0.125,joint_forward_feedback,balanced_permutation_a_k4,balanced_permutation_a,balanced,4,0.5639925081183607,0.5,0.6399250811836067,64,64,32,0.013653347117967151,0.05394831725078991,0.04185027202023879,0.041850272020238805,0.0966201637948259,3.1336955134546676,0.13847043581506469,0.11722806942562736,0.5139514923796675,0.013965863751636519,0.0003125166336693675,0.010107377953742763,0.012360050707786204
s7213_r8_n000_a125,confirmatory,7213,8,0.0,0.125,joint_forward_feedback,balanced_permutation_a_k8,balanced_permutation_a,balanced,8,1.0639925081183608,1.0,0.6399250811836067,64,64,64,0.02529882511029044,0.10095728507322704,0.07748613036587318,0.07748613036587318,0.17617193406952247,5.714988020590592,0.2536580644353956,0.11722806942562736,0.5139514923796675,0.025892470047421273,0.0005936449371308321,0.01515139503112048,0.016563164776270692
s7213_r8_n000_a125,confirmatory,7213,8,0.0,0.125,joint_forward_feedback,balanced_permutation_b_k1,balanced_permutation_b,balanced,1,0.18840039778945986,0.125,0.6340039778945984,64,64,8,0.003113484626787736,0.011734061928624594,0.009580046596903851,0.009580046596903846,0.024470017013448014,0.7926205910272403,0.03405006361035186,0.11485210088378112,0.5139514923796675,0.003186730824394657,7.324619760692118e-05,0.001550604814082007,0.001676724926645367
s7213_r8_n000_a125,confirmatory,7213,8,0.0,0.125,joint_forward_feedback,balanced_permutation_b_k2,balanced_permutation_b,balanced,2,0.31340039778945983,0.25,0.6340039778945984,64,64,16,0.005851951335622296,0.02081451619653458,0.018096540470292452,0.018096540470292452,0.050397984265837206,1.630832036977083,0.06849452473612966,0.11485210088378112,0.5139514923796675,0.006009339409250529,0.00015738807362823334,0.006209279900277599,0.0056753993405167374
s7213_r8_n000_a125,confirmatory,7213,8,0.0,0.125,joint_forward_feedback,balanced_permutation_b_k4,balanced_permutation_b,balanced,4,0.5634003977894598,0.5,0.6340039778945984,64,64,32,0.01456536852578394,0.06049684902496447,0.0444764558091706,0.04447645580917059,0.09787393057259342,3.17644223413216,0.142350386381764,0.11485210088378112,0.5139514923796675,0.014864947885283317,0.00029957935949937765,0.014725112690138834,0.01667802758515622
s7213_r8_n000_a125,confirmatory,7213,8,0.0,0.125,joint_forward_feedback,balanced_permutation_b_k8,balanced_permutation_b,balanced,8,1.06340039778946,1.0,0.6340039778945984,64,64,64,0.024898424385162477,0.10061753249174599,0.07618594593814904,0.07618594593814904,0.1749489863855997,5.674553510277339,0.2511349323237487,0.11485210088378112,0.5139514923796675,0.025471241095530492,0.0005728167103680147,0.016691110293467225,0.017636213613314626
s7213_r8_n000_a125,confirmatory,7213,8,0.0,0.125,joint_forward_feedback,comb_contiguous_k1,comb_contiguous,comb,1,0.225,0.125,1.0,64,64,8,0.0034434411468292625,0.010995380494962466,0.010759696388004836,0.010759696388004827,0.026907640663541718,0.8718041976213398,0.03766733705154655,0.139763850511961,0.5139514923796675,0.003562258379300616,0.0001188172324713536,0.0020936816242853405,0.0021594053858670246
s7213_r8_n000_a125,confirmatory,7213,8,0.0,0.125,joint_forward_feedback,comb_contiguous_k2,comb_contiguous,comb,2,0.35,0.25,1.0,64,64,16,0.006826968339713948,0.02147322753276325,0.02136577390049885,0.021365773900498833,0.05468700332463188,1.771349880288719,0.07605277722513071,0.139763850511961,0.5139514923796675,0.007036413788031207,0.00020944544831725913,0.006113237495811461,0.005376009169518972
s7213_r8_n000_a125,confirmatory,7213,8,0.0,0.125,joint_forward_feedback,comb_contiguous_k4,comb_contiguous,comb,4,0.6,0.5,1.0,64,64,32,0.01406341897783692,0.045816535284823545,0.04385406713190022,0.04385406713190024,0.10631229415382899,3.445847480054428,0.15016636128572924,0.139763850511961,0.5139514923796675,0.014479995889563745,0.00041657691172682434,0.009302156902971204,0.009278777510792018
s7213_r8_n000_a125,confirmatory,7213,8,0.0,0.125,joint_forward_feedback,comb_contiguous_k8,comb_contiguous,comb,8,1.1,1.0,1.0,64,64,64,0.02677386349737897,0.0887426457942488,0.08334604465290521,0.08334604465290521,0.1966892445933794,6.377401871641045,0.2800352892462846,0.139763850511961,0.5139514923796675,0.02766414346353593,0.0008902799661569608,0.018927715289543887,0.01920336844005143
s7213_r8_n000_a375,confirmatory,7213,8,0.0,0.375,feedback_only,balanced_contiguous_k1,balanced_contiguous,balanced,1,0.1737418407321983,0.125,0.487418407321983,64,64,8,0.003989342107459961,0.008911995648910515,0.01307715479241997,0.01307715479241996,0.03489527895204023,1.1297260812577075,0.0479724337444602,0.1999999171351972,0.5172746382439037,0.0042253531895330085,0.00023601108207304752,0.002273476783662929,0.002396284459104902
s7213_r8_n000_a375,confirmatory,7213,8,0.0,0.375,feedback_only,balanced_contiguous_k2,balanced_contiguous,balanced,2,0.2987418407321983,0.25,0.487418407321983,64,64,16,0.010068794762438478,0.023698274844138896,0.03272119201985042,0.03272119201985041,0.0802276257578976,2.6000052162725735,0.11294881777774801,0.1999999171351972,0.5172746382439037,0.010592253644272057,0.0005234588818335793,0.0034232863305863033,0.00427948262465178
s7213_r8_n000_a375,confirmatory,7213,8,0.0,0.375,feedback_only,balanced_contiguous_k4,balanced_contiguous,balanced,4,0.5487418407321983,0.5,0.487418407321983,64,64,32,0.02166681764805979,0.05250555939834232,0.07009261815250672,0.0700926181525067,0.1638339036927515,5.312777536320555,0.2339265218452582,0.1999999171351972,0.5172746382439037,0.022635642831373516,0.0009688251833137249,0.01873567240697275,0.01949560462840233
s7213_r8_n000_a375,confirmatory,7213,8,0.0,0.375,feedback_only,balanced_contiguous_k8,balanced_contiguous,balanced,8,1.0487418407321982,1.0,0.487418407321983,64,64,64,0.0445879777075262,0.10883799361008531,0.14408442414543673,0.14408442414543673,0.3327786912570691,10.793002544371648,0.4768631154025058,0.1999999171351972,0.5172746382439037,0.046335815991528174,0.0017478382840019763,0.040094325059852914,0.04558547067811492
s7213_r8_n000_a375,confirmatory,7213,8,0.0,0.375,feedback_only,balanced_interleaved_k1,balanced_interleaved,balanced,1,0.19088469787505546,0.125,0.6588469787505544,64,64,8,0.003989342107459961,0.008911995648910515,0.01307715479241997,0.01307715479241996,0.03489527895204023,1.1297260812577075,0.0479724337444602,0.1999999171351972,0.5172746382439037,0.0042253531895330085,0.00023601108207304752,0.002273476783662929,0.002396284459104902
s7213_r8_n000_a375,confirmatory,7213,8,0.0,0.375,feedback_only,balanced_interleaved_k2,balanced_interleaved,balanced,2,0.31588469787505546,0.25,0.6588469787505544,64,64,16,0.010092562347333064,0.023364387119801783,0.03288611390533283,0.03288611390533286,0.08283454787997957,2.683591646064679,0.11572066178531243,0.1999999171351972,0.5172746382439037,0.010619739547337966,0.0005271772000049017,0.013053721686112036,0.013796942872144669
s7213_r8_n000_a375,confirmatory,7213,8,0.0,0.375,feedback_only,balanced_interleaved_k4,balanced_interleaved,balanced,4,0.5658846978750555,0.5,0.6588469787505544,64,64,32,0.022320220684047633,0.05376812710327067,0.07227218897557686,0.07227218897557693,0.17058876531320305,5.531112678998075,0.24286095428877996,0.1999999171351972,0.5172746382439037,0.023289374733953604,0.0009691540499059716,0.019323270435272145,0.020775621001398178
s7213_r8_n000_a375,confirmatory,7213,8,0.0,0.375,feedback_only,balanced_interleaved_k8,balanced_interleaved,balanced,8,1.0658846978750554,1.0,0.6588469787505544,64,64,64,0.0445879777075262,0.10883799361008531,0.14408442414543673,0.14408442414543673,0.3327786912570691,10.793002544371648,0.4768631154025058,0.1999999171351972,0.5172746382439037,0.046335815991528174,0.0017478382840019763,0.040094325059852914,0.04558547067811492
s7213_r8_n000_a375,confirmatory,7213,8,0.0,0.375,feedback_only,balanced_permutation_a_k1,balanced_permutation_a,balanced,1,0.18899250811836066,0.125,0.6399250811836067,64,64,8,0.003989342107459961,0.008911995648910515,0.01307715479241997,0.01307715479241996,0.03489527895204023,1.1297260812577075,0.0479724337444602,0.1999999171351972,0.5172746382439037,0.0042253531895330085,0.00023601108207304752,0.002273476783662929,0.002396284459104902
s7213_r8_n000_a375,confirmatory,7213,8,0.0,0.375,feedback_only,balanced_permutation_a_k2,balanced_permutation_a,balanced,2,0.31399250811836066,0.25,0.6399250811836067,64,64,16,0.011863825732804947,0.03022570997915809,0.0380985773334508,0.038098577333450824,0.08195668333917024,2.6607124441868986,0.12005526067262107,0.1999999171351972,0.5172746382439037,0.012389338445705942,0.0005255127129009957,0.010378390185325867,0.013758922581652368
s7213_r8_n000_a375,confirmatory,7213,8,0.0,0.375,feedback_only,balanced_permutation_a_k4,balanced_permutation_a,balanced,4,0.5639925081183607,0.5,0.6399250811836067,64,64,32,0.022711534075042995,0.05680109274503795,0.07312805139490679,0.07312805139490682,0.16224216148579848,5.264877218940458,0.2353702128807053,0.1999999171351972,0.5172746382439037,0.023699890486179008,0.0009883564111360134,0.02416808530440239,0.026725393304607388
s7213_r8_n000_a375,confirmatory,7213,8,0.0,0.375,feedback_only,balanced_permutation_a_k8,balanced_permutation_a,balanced,8,1.0639925081183608,1.0,0.6399250811836067,64,64,64,0.0445879777075262,0.10883799361008531,0.14408442414543673,0.14408442414543673,0.3327786912570691,10.793002544371648,0.4768631154025058,0.1999999171351972,0.5172746382439037,0.046335815991528174,0.0017478382840019763,0.040094325059852914,0.04558547067811492
s7213_r8_n000_a375,confirmatory,7213,8,0.0,0.375,feedback_only,balanced_permutation_b_k1,balanced_permutation_b,balanced,1,0.18840039778945986,0.125,0.6340039778945984,64,64,8,0.003989342107459961,0.008911995648910515,0.01307715479241997,0.01307715479241996,0.03489527895204023,1.1297260812577075,0.0479724337444602,0.1999999171351972,0.5172746382439037,0.0042253531895330085,0.00023601108207304752,0.002273476783662929,0.002396284459104902
s7213_r8_n000_a375,confirmatory,7213,8,0.0,0.375,feedback_only,balanced_permutation_b_k2,balanced_permutation_b,balanced,2,0.31340039778945983,0.25,0.6340039778945984,64,64,16,0.008789865208497161,0.01910242377503291,0.02895393081753642,0.028953930817536423,0.08076126383525326,2.6133143735456406,0.10971519465278967,0.1999999171351972,0.5172746382439037,0.009288286197991024,0.000498420989493863,0.004621532777534023,0.005021159833122512
s7213_r8_n000_a375,confirmatory,7213,8,0.0,0.375,feedback_only,balanced_permutation_b_k4,balanced_permutation_b,balanced,4,0.5634003977894598,0.5,0.6340039778945984,64,64,32,0.02142010320652244,0.05136074109389115,0.06940735859628264,0.06940735859628268,0.16508027342912368,5.35197610832824,0.23448763202540635,0.1999999171351972,0.5172746382439037,0.02239239034132471,0.0009722871348022688,0.025324736162175794,0.027677464935286618
s7213_r8_n000_a375,confirmatory,7213,8,0.0,0.375,feedback_only,balanced_permutation_b_k8,balanced_permutation_b,balanced,8,1.06340039778946,1.0,0.6340039778945984,64,64,64,0.0445879777075262,0.10883799361008531,0.14408442414543673,0.14408442414543673,0.3327786912570691,10.793002544371648,0.4768631154025058,0.1999999171351972,0.5172746382439037,0.046335815991528174,0.0017478382840019763,0.040094325059852914,0.04558547067811492
s7213_r8_n000_a375,confirmatory,7213,8,0.0,0.375,feedback_only,comb_contiguous_k1,comb_contiguous,comb,1,0.225,0.125,1.0,64,64,8,0.003989342107459961,0.008911995648910515,0.01307715479241997,0.01307715479241996,0.03489527895204023,1.1297260812577075,0.0479724337444602,0.1999999171351972,0.5172746382439037,0.0042253531895330085,0.00023601108207304752,0.002273476783662929,0.002396284459104902
s7213_r8_n000_a375,confirmatory,7213,8,0.0,0.375,feedback_only,comb_contiguous_k2,comb_contiguous,comb,2,0.35,0.25,1.0,64,64,16,0.008384242643545132,0.018580324828952673,0.0275221004910673,0.027522100491067285,0.07439569915048953,2.4081844733067324,0.10191779964155681,0.1999999171351972,0.5172746382439037,0.00882282218763282,0.0004385795440876878,0.005731253018230141,0.004963478732271088
s7213_r8_n000_a375,confirmatory,7213,8,0.0,0.375,feedback_only,comb_contiguous_k4,comb_contiguous,comb,4,0.6,0.5,1.0,64,64,32,0.01837804311225542,0.041480278589776126,0.060137513931450906,0.060137513931450906,0.15782884280601212,5.110660483723839,0.217966356737463,0.1999999171351972,0.5172746382439037,0.019347955644137722,0.000969912531882302,0.019730915351191144,0.01814632144396109
s7213_r8_n000_a375,confirmatory,7213,8,0.0,0.375,feedback_only,comb_contiguous_k8,comb_contiguous,comb,8,1.1,1.0,1.0,64,64,64,0.0445879777075262,0.10883799361008531,0.14408442414543673,0.14408442414543673,0.3327786912570691,10.793002544371648,0.4768631154025058,0.1999999171351972,0.5172746382439037,0.046335815991528174,0.0017478382840019763,0.040094325059852914,0.04558547067811492
s7213_r8_n000_a375,confirmatory,7213,8,0.0,0.375,joint_forward_feedback,balanced_contiguous_k1,balanced_contiguous,balanced,1,0.1737418407321983,0.125,0.487418407321983,64,64,8,0.002258111474598876,0.010239786540902502,0.006853063208661156,0.00685306320866115,0.01828681820611388,0.5920312458043053,0.02513988141477503,0.09121900929499545,0.5172746382439037,0.002301999330932472,4.388785633359588e-05,0.001226430800845785,0.001285155643034208
s7213_r8_n000_a375,confirmatory,7213,8,0.0,0.375,joint_forward_feedback,balanced_contiguous_k2,balanced_contiguous,balanced,2,0.2987418407321983,0.25,0.487418407321983,64,64,16,0.005648592363208407,0.0271176790491421,0.017080159908100537,0.017080159908100523,0.04188778622650836,1.357489319156368,0.05896794613460888,0.09121900929499545,0.5172746382439037,0.0057436543248637175,9.506196165531052e-05,0.0019626195215230262,0.0024042408948819873
s7213_r8_n000_a375,confirmatory,7213,8,0.0,0.375,joint_forward_feedback,balanced_contiguous_k4,balanced_contiguous,balanced,4,0.5487418407321983,0.5,0.487418407321983,64,64,32,0.011657538155307725,0.05771229123475146,0.03518411692116927,0.03518411692116924,0.08238943731101532,2.6716461108736596,0.11757355423218456,0.09121900929499545,0.5172746382439037,0.011836427986284558,0.00017888983097683227,0.009680767577058526,0.010044378095816845
s7213_r8_n000_a375,confirmatory,7213,8,0.0,0.375,joint_forward_feedback,balanced_contiguous_k8,balanced_contiguous,balanced,8,1.0487418407321982,1.0,0.487418407321983,64,64,64,0.018495320583379195,0.09212501269874661,0.055801227039663254,0.055801227039663254,0.1294642889438018,4.198658473241321,0.18526551598346505,0.09121900929499545,0.5172746382439037,0.018868703807675948,0.00037338322429675275,0.01596844544325787,0.01766574808959428
s7213_r8_n000_a375,confirmatory,7213,8,0.0,0.375,joint_forward_feedback,balanced_interleaved_k1,balanced_interleaved,balanced,1,0.19088469787505546,0.125,0.6588469787505544,64,64,8,0.00263515820625007,0.009631394529793233,0.008129419695771117,0.008129419695771108,0.021692667289261912,0.7022947729521523,0.029822086985033018,0.11504344790656479,0.5172746382439037,0.0027094016039051023,7.424339765503248e-05,0.0014463301306051842,0.0015173623693512466
s7213_r8_n000_a375,confirmatory,7213,8,0.0,0.375,joint_forward_feedback,balanced_interleaved_k2,balanced_interleaved,balanced,2,0.31588469787505546,0.25,0.6588469787505544,64,64,16,0.006617343640961561,0.025129492513453318,0.02034843403295084,0.020348434032950835,0.05126366145434948,1.6607856005721342,0.07161209548730031,0.11504344790656479,0.5172746382439037,0.006781069610328281,0.0001637259693667197,0.008231525682577678,0.008686927171006886
s7213_r8_n000_a375,confirmatory,7213,8,0.0,0.375,joint_forward_feedback,balanced_interleaved_k4,balanced_interleaved,balanced,4,0.5658846978750555,0.5,0.6588469787505544,64,64,32,0.014321456941071153,0.056720259246109836,0.043890140331953265,0.04389014033195325,0.10371580373121508,3.362795859730836,0.14760594406316835,0.11504344790656479,0.5172746382439037,0.014621279619461273,0.00029982267839012006,0.012148781200232777,0.01302753286112665
s7213_r8_n000_a375,confirmatory,7213,8,0.0,0.375,joint_forward_feedback,balanced_interleaved_k8,balanced_interleaved,balanced,8,1.0658846978750554,1.0,0.6588469787505544,64,64,64,0.02553474091921789,0.10242706894375755,0.0781774316154357,0.0781774316154357,0.1811546025783756,5.875124714123455,0.2593320341938113,0.11504344790656479,0.5172746382439037,0.026136835156737436,0.0006020942375195466,0.022602282385306146,0.025403028467947734
s7213_r8_n000_a375,confirmatory,7213,8,0.0,0.375,joint_forward_feedback,balanced_permutation_a_k1,balanced_permutation_a,balanced,1,0.18899250811836066,0.125,0.6399250811836067,64,64,8,0.0026296365229191427,0.0095447569607994,0.008117286072526413,0.008117286072526412,0.021484895275371695,0.6956339348844206,0.029602181347898104,0.11660122650848305,0.5172746382439037,0.0027074685541253656,7.783203120622284e-05,0.00166280646608703,0.001698109395379722
s7213_r8_n000_a375,confirmatory,7213,8,0.0,0.375,joint_forward_feedback,balanced_permutation_a_k2,balanced_permutation_a,balanced,2,0.31399250811836066,0.25,0.6399250811836067,64,64,16,0.007597908984927349,0.03150368333314725,0.02320372819757111,0.023203728197571112,0.050082284153770265,1.6258368211182197,0.07328601235134138,0.11660122650848305,0.5172746382439037,0.007766799584184222,0.00016889059925687296,0.006942721490452682,0.00880792625730197
s7213_r8_n000_a375,confirmatory,7213,8,0.0,0.375,joint_forward_feedback,balanced_permutation_a_k4,balanced_permutation_a,balanced,4,0.5639925081183607,0.5,0.6399250811836067,64,64,32,0.014328351015389717,0.058319755447457405,0.04381896943283407,0.04381896943283406,0.09736178879716606,3.159396210942148,0.14118075823000012,0.11660122650848305,0.5172746382439037,0.014646437852160486,0.0003180868367707694,0.01542855847942683,0.016584429845849714
s7213_r8_n000_a375,confirmatory,7213,8,0.0,0.375,joint_forward_feedback,balanced_permutation_a_k8,balanced_permutation_a,balanced,8,1.0639925081183608,1.0,0.6399250811836067,64,64,64,0.02490700967792138,0.09940844371453973,0.07628518715209698,0.07628518715209698,0.17474389774905583,5.668089915121883,0.25102908490115283,0.11660122650848305,0.5172746382439037,0.025519237604419875,0.0006122279264984959,0.02355606046328334,0.025839989843211942
s7213_r8_n000_a375,confirmatory,7213,8,0.0,0.375,joint_forward_feedback,balanced_permutation_b_k1,balanced_permutation_b,balanced,1,0.18840039778945986,0.125,0.6340039778945984,64,64,8,0.0025768036029358513,0.009438191717530799,0.00794793165872863,0.007947931658728632,0.021063673112893703,0.6819854712713271,0.029011604771622335,0.1153500282683576,0.5172746382439037,0.0026528601972456256,7.605659430977426e-05,0.0015385610120084766,0.0015724862121451549
s7213_r8_n000_a375,confirmatory,7213,8,0.0,0.375,joint_forward_feedback,balanced_permutation_b_k2,balanced_permutation_b,balanced,2,0.31340039778945983,0.25,0.6340039778945984,64,64,16,0.005697130508765474,0.02025081845644983,0.017618790147951983,0.017618790147952,0.048826145385960765,1.5800554424986966,0.06644493553391276,0.1153500282683576,0.5172746382439037,0.0058562701849984005,0.0001591396762329264,0.0030396943954237605,0.0031881626706485003
s7213_r8_n000_a375,confirmatory,7213,8,0.0,0.375,joint_forward_feedback,balanced_permutation_b_k4,balanced_permutation_b,balanced,4,0.5634003977894598,0.5,0.6340039778945984,64,64,32,0.013429205783987246,0.05295016322591814,0.04117010516686163,0.041170105166861634,0.09758499286395857,3.1638898768135357,0.1387550980308202,0.1153500282683576,0.5172746382439037,0.013743178301928137,0.00031397251794089073,0.015564859716144925,0.016798171781071767
s7213_r8_n000_a375,confirmatory,7213,8,0.0,0.375,joint_forward_feedback,balanced_permutation_b_k8,balanced_permutation_b,balanced,8,1.06340039778946,1.0,0.6340039778945984,64,64,64,0.024703027754204347,0.09917000026679873,0.0756263965973643,0.0756263965973643,0.17436139523902608,5.655191044246199,0.24998779183639036,0.1153500282683576,0.5172746382439037,0.025312574274338938,0.0006095465201345907,0.022248238596769318,0.02469941246168937
s7213_r8_n000_a375,confirmatory,7213,8,0.0,0.375,joint_forward_feedback,comb_contiguous_k1,comb_contiguous,comb,1,0.225,0.125,1.0,64,64,8,0.0028734904729660195,0.009153330144077003,0.00898101845136828,0.008981018451368271,0.023618804024364032,0.7647827472310172,0.0325998224757323,0.13515335148822483,0.5172746382439037,0.0029834793066398743,0.00010998883367385488,0.0016186540738489402,0.0017519795160231956
s7213_r8_n000_a375,confirmatory,7213,8,0.0,0.375,joint_forward_feedback,comb_contiguous_k2,comb_contiguous,comb,2,0.35,0.25,1.0,64,64,16,0.006422542696272679,0.020167050125402486,0.0201036636797935,0.02010366367979349,0.05403610511444017,1.7492590273418789,0.07413976879423366,0.13515335148822483,0.5172746382439037,0.006605877652276107,0.00018333495600342774,0.004470090637513468,0.0038961053883913898
s7213_r8_n000_a375,confirmatory,7213,8,0.0,0.375,joint_forward_feedback,comb_contiguous_k4,comb_contiguous,comb,4,0.6,0.5,1.0,64,64,32,0.014030354576623359,0.0447478960616783,0.04384591190437179,0.04384591190437177,0.11509246655649524,3.7268048417122195,0.158938378460867,0.13515335148822483,0.5172746382439037,0.0144317285967874,0.0004013740201640418,0.01501442496900228,0.01382899528680253
s7213_r8_n000_a375,confirmatory,7213,8,0.0,0.375,joint_forward_feedback,comb_contiguous_k8,comb_contiguous,comb,8,1.1,1.0,1.0,64,64,64,0.027590006059253047,0.0936037307596672,0.08569304316957771,0.08569304316957771,0.20453619234136938,6.6308511980933975,0.2902292355109471,0.13515335148822483,0.5172746382439037,0.02839866696045007,0.0008086609011970225,0.02464821142497964,0.027348985624625552
s7213_r8_n750_a125,confirmatory,7213,8,0.75,0.125,feedback_only,balanced_contiguous_k1,balanced_contiguous,balanced,1,0.1737418407321983,0.125,0.487418407321983,64,64,8,0.004437748325404169,0.00865424738968955,0.014934287135737537,0.014934287135737525,0.04949448830183234,1.5987579127943725,0.06442877543756986,0.19999991713519757,0.7961648737033651,0.0047161995691524985,0.00027845124374832955,0.003415932665940832,0.0033624115848157423
s7213_r8_n750_a125,confirmatory,7213,8,0.75,0.125,feedback_only,balanced_contiguous_k2,balanced_contiguous,balanced,2,0.2987418407321983,0.25,0.487418407321983,64,64,16,0.011839418212520747,0.024156403843594975,0.0394698723383376,0.039469872338337555,0.12175771331089093,3.9357166982868472,0.16122758564922848,0.19999991713519757,0.7961648737033651,0.01246180974704266,0.0006223915345219128,0.006727316456983498,0.008497151054123546
s7213_r8_n750_a125,confirmatory,7213,8,0.75,0.125,feedback_only,balanced_contiguous_k4,balanced_contiguous,balanced,4,0.5487418407321983,0.5,0.487418407321983,64,64,32,0.025725996084130256,0.054269868535883024,0.08520922246874882,0.08520922246874882,0.2492588165119892,8.061491350852403,0.334468038980738,0.19999991713519757,0.7961648737033651,0.02678632418048114,0.0010603280963508849,0.011434458223387227,0.013632606008128939
s7213_r8_n750_a125,confirmatory,7213,8,0.75,0.125,feedback_only,balanced_contiguous_k8,balanced_contiguous,balanced,8,1.0487418407321982,1.0,0.487418407321983,64,64,64,0.042633803977149984,0.08376189159997703,0.14324603040404774,0.14324603040404774,0.46918742042483436,15.157243483998748,0.6124334508288821,0.19999991713519757,0.7961648737033651,0.044829773441984425,0.0021959694648344408,0.02318297335445713,0.020731559213081608
s7213_r8_n750_a125,confirmatory,7213,8,0.75,0.125,feedback_only,balanced_interleaved_k1,balanced_interleaved,balanced,1,0.19088469787505546,0.125,0.6588469787505544,64,64,8,0.004437748325404169,0.00865424738968955,0.014934287135737537,0.014934287135737525,0.04949448830183234,1.5987579127943725,0.06442877543756986,0.19999991713519757,0.7961648737033651,0.0047161995691524985,0.00027845124374832955,0.003415932665940832,0.0033624115848157423
s7213_r8_n750_a125,confirmatory,7213,8,0.75,0.125,feedback_only,balanced_interleaved_k2,balanced_interleaved,balanced,2,0.31588469787505546,0.25,0.6588469787505544,64,64,16,0.009928331214499877,0.02001985112963329,0.03317771324094156,0.03317771324094155,0.10428099022820762,3.3701694005435856,0.13745870346914918,0.19999991713519757,0.7961648737033651,0.010532829333776101,0.0006044981192762245,0.00640380311127453,0.005595047629969445
s7213_r8_n750_a125,confirmatory,7213,8,0.75,0.125,feedback_only,balanced_interleaved_k4,balanced_interleaved,balanced,4,0.5658846978750555,0.5,0.6588469787505544,64,64,32,0.020857744997723318,0.04066469817796196,0.07019632495703067,0.07019632495703063,0.2327400240047251,7.5178770931082335,0.3029363489617557,0.19999991713519757,0.7961648737033651,0.022056485371537357,0.001198740373814039,0.008898342347164207,0.007189973411773718
s7213_r8_n750_a125,confirmatory,7213,8,0.75,0.125,feedback_only,balanced_interleaved_k8,balanced_interleaved,balanced,8,1.0658846978750554,1.0,0.6588469787505544,64,64,64,0.042633803977149984,0.08376189159997703,0.14324603040404774,0.14324603040404774,0.46918742042483436,15.157243483998748,0.6124334508288821,0.19999991713519757,0.7961648737033651,0.044829773441984425,0.0021959694648344408,0.02318297335445713,0.020731559213081608
s7213_r8_n750_a125,confirmatory,7213,8,0.75,0.125,feedback_only,balanced_permutation_a_k1,balanced_permutation_a,balanced,1,0.18899250811836066,0.125,0.6399250811836067,64,64,8,0.004437748325404169,0.00865424738968955,0.014934287135737537,0.014934287135737525,0.04949448830183234,1.5987579127943725,0.06442877543756986,0.19999991713519757,0.7961648737033651,0.0047161995691524985,0.00027845124374832955,0.003415932665940832,0.0033624115848157423
s7213_r8_n750_a125,confirmatory,7213,8,0.75,0.125,feedback_only,balanced_permutation_a_k2,balanced_permutation_a,balanced,2,0.31399250811836066,0.25,0.6399250811836067,64,64,16,0.008623488297261823,0.01606724644410265,0.029320206305274314,0.029320206305274314,0.10444180091832789,3.371457835691767,0.1337620072236022,0.19999991713519757,0.7961648737033651,0.00921900928036589,0.0005955209831040673,-0.0008203773201391943,0.000525305708709302
s7213_r8_n750_a125,confirmatory,7213,8,0.75,0.125,feedback_only,balanced_permutation_a_k4,balanced_permutation_a,balanced,4,0.5639925081183607,0.5,0.6399250811836067,64,64,32,0.020252283118892732,0.04008636945561976,0.06793867608831239,0.06793867608831237,0.21991887273035798,7.105342603459768,0.2878575488186704,0.19999991713519757,0.7961648737033651,0.02147029372521353,0.0012180106063207977,0.01322520564627465,0.013882699509348014
s7213_r8_n750_a125,confirmatory,7213,8,0.75,0.125,feedback_only,balanced_permutation_a_k8,balanced_permutation_a,balanced,8,1.0639925081183608,1.0,0.6399250811836067,64,64,64,0.042633803977149984,0.08376189159997703,0.14324603040404774,0.14324603040404774,0.46918742042483436,15.157243483998748,0.6124334508288821,0.19999991713519757,0.7961648737033651,0.044829773441984425,0.0021959694648344408,0.02318297335445713,0.020731559213081608
s7213_r8_n750_a125,confirmatory,7213,8,0.75,0.125,feedback_only,balanced_permutation_b_k1,balanced_permutation_b,balanced,1,0.18840039778945986,0.125,0.6340039778945984,64,64,8,0.004437748325404169,0.00865424738968955,0.014934287135737537,0.014934287135737525,0.04949448830183234,1.5987579127943725,0.06442877543756986,0.19999991713519757,0.7961648737033651,0.0047161995691524985,0.00027845124374832955,0.003415932665940832,0.0033624115848157423
s7213_r8_n750_a125,confirmatory,7213,8,0.75,0.125,feedback_only,balanced_permutation_b_k2,balanced_permutation_b,balanced,2,0.31340039778945983,0.25,0.6340039778945984,64,64,16,0.008053041508710498,0.014282858391220534,0.02771405100112003,0.027714051001120035,0.10672488973538694,3.442910522533502,0.13443894073650697,0.19999991713519757,0.7961648737033651,0.00865437928792515,0.0006013377792146515,0.01042935501285023,0.008103419735820135
s7213_r8_n750_a125,confirmatory,7213,8,0.75,0.125,feedback_only,balanced_permutation_b_k4,balanced_permutation_b,balanced,4,0.5634003977894598,0.5,0.6340039778945984,64,64,32,0.021481579821902786,0.04372279893118539,0.07164968451324986,0.07164968451324982,0.22188592753292238,7.171999365566766,0.2935356120461722,0.19999991713519757,0.7961648737033651,0.02267665162362234,0.0011950718017195543,0.021675920263426893,0.02134152870969449
s7213_r8_n750_a125,confirmatory,7213,8,0.75,0.125,feedback_only,balanced_permutation_b_k8,balanced_permutation_b,balanced,8,1.06340039778946,1.0,0.6340039778945984,64,64,64,0.042633803977149984,0.08376189159997703,0.14324603040404774,0.14324603040404774,0.46918742042483436,15.157243483998748,0.6124334508288821,0.19999991713519757,0.7961648737033651,0.044829773441984425,0.0021959694648344408,0.02318297335445713,0.020731559213081608
s7213_r8_n750_a125,confirmatory,7213,8,0.75,0.125,feedback_only,comb_contiguous_k1,comb_contiguous,comb,1,0.225,0.125,1.0,64,64,8,0.004437748325404169,0.00865424738968955,0.014934287135737537,0.014934287135737525,0.04949448830183234,1.5987579127943725,0.06442877543756986,0.19999991713519757,0.7961648737033651,0.0047161995691524985,0.00027845124374832955,0.003415932665940832,0.0033624115848157423
s7213_r8_n750_a125,confirmatory,7213,8,0.75,0.125,feedback_only,comb_contiguous_k2,comb_contiguous,comb,2,0.35,0.25,1.0,64,64,16,0.008244103676021271,0.015196237485839282,0.02810171449224346,0.028101714492243454,0.10181641250035947,3.2862269145037466,0.1299181269926029,0.19999991713519757,0.7961648737033651,0.008805442796791628,0.0005613391207703565,0.007100753206342779,0.0031258103502804064
s7213_r8_n750_a125,confirmatory,7213,8,0.75,0.125,feedback_only,comb_contiguous_k4,comb_contiguous,comb,4,0.6,0.5,1.0,64,64,32,0.017459077777591217,0.03290632757228926,0.05920312061716533,0.05920312061716533,0.20708388264390562,6.685887365222145,0.26628700326107096,0.19999991713519757,0.7961648737033651,0.018639944100682884,0.0011808663230916672,0.005947322269320841,0.003440228749916176
s7213_r8_n750_a125,confirmatory,7213,8,0.75,0.125,feedback_only,comb_contiguous_k8,comb_contiguous,comb,8,1.1,1.0,1.0,64,64,64,0.042633803977149984,0.08376189159997703,0.14324603040404774,0.14324603040404774,0.46918742042483436,15.157243483998748,0.6124334508288821,0.19999991713519757,0.7961648737033651,0.044829773441984425,0.0021959694648344408,0.02318297335445713,0.020731559213081608
s7213_r8_n750_a125,confirmatory,7213,8,0.75,0.125,joint_forward_feedback,balanced_contiguous_k1,balanced_contiguous,balanced,1,0.1737418407321983,0.125,0.487418407321983,64,64,8,0.002534644784337591,0.00917009520443612,0.007826290606946694,0.007826290606946694,0.025937511805657017,0.8378266683879713,0.03376380241260371,0.09891376888352899,0.7961648737033651,0.002598922078454812,6.42772941172212e-05,0.0018226461749013844,0.0017988615607426408
s7213_r8_n750_a125,confirmatory,7213,8,0.75,0.125,joint_forward_feedback,balanced_contiguous_k2,balanced_contiguous,balanced,2,0.2987418407321983,0.25,0.487418407321983,64,64,16,0.006700133945279721,0.025488653134832527,0.020600029504872174,0.02060002950487218,0.06355925836542253,2.0544962971983933,0.08415928787029471,0.09891376888352899,0.7961648737033651,0.006841554304858107,0.0001414203595783859,0.0037681111630699505,0.004635877919952342
s7213_r8_n750_a125,confirmatory,7213,8,0.75,0.125,joint_forward_feedback,balanced_contiguous_k4,balanced_contiguous,balanced,4,0.5487418407321983,0.5,0.487418407321983,64,64,32,0.013946866415260897,0.05498175780090409,0.042757686149478426,0.04275768614947842,0.1253250171373224,4.053158234543795,0.1680827032868008,0.09891376888352899,0.7961648737033651,0.014201060483390114,0.0002541940681292168,0.006082094481689995,0.00715589141608605
s7213_r8_n750_a125,confirmatory,7213,8,0.75,0.125,joint_forward_feedback,balanced_contiguous_k8,balanced_contiguous,balanced,8,1.0487418407321982,1.0,0.487418407321983,64,64,64,0.01913761425455684,0.07149227164978456,0.058929088429377774,0.058929088429377774,0.1866060223003944,6.030321802041998,0.24553511072977216,0.09891376888352899,0.7961648737033651,0.019679310204832393,0.000541695950275551,0.009783230495490857,0.009585129586467048
s7213_r8_n750_a125,confirmatory,7213,8,0.75,0.125,joint_forward_feedback,balanced_interleaved_k1,balanced_interleaved,balanced,1,0.19088469787505546,0.125,0.6588469787505544,64,64,8,0.002968970722081066,0.009413795305505627,0.009283906928588033,0.009283906928588031,0.03076827294774039,0.9938686412562805,0.04005217987632842,0.11429853176553371,0.7961648737033651,0.003051968747055524,8.299802497445819e-05,0.002154193274109394,0.0021249418432927737
s7213_r8_n750_a125,confirmatory,7213,8,0.75,0.125,joint_forward_feedback,balanced_interleaved_k2,balanced_interleaved,balanced,2,0.31588469787505546,0.25,0.6588469787505544,64,64,16,0.006592263731325295,0.021681175243136147,0.020537233459685483,0.02053723345968548,0.0645629336720345,2.0865511109647894,0.08510016713171997,0.11429853176553371,0.7961648737033651,0.006774302912536059,0.00018203918121076443,0.0041179824506223164,0.0036186571431842136
s7213_r8_n750_a125,confirmatory,7213,8,0.75,0.125,joint_forward_feedback,balanced_interleaved_k4,balanced_interleaved,balanced,4,0.5658846978750555,0.5,0.6588469787505544,64,64,32,0.013644147115852306,0.04327240310170781,0.042663867887277405,0.042663867887277405,0.14134501564458257,4.56570436851392,0.18400888353185998,0.11429853176553371,0.7961648737033651,0.014006317988430135,0.00036217087257782964,0.005680788623713858,0.004650842576561722
s7213_r8_n750_a125,confirmatory,7213,8,0.75,0.125,joint_forward_feedback,balanced_interleaved_k8,balanced_interleaved,balanced,8,1.0658846978750554,1.0,0.6588469787505544,64,64,64,0.02481697485455573,0.07927793796926086,0.07754199865301761,0.07754199865301761,0.2542386017459095,8.213177254522122,0.3317806003989271,0.11429853176553371,0.7961648737033651,0.025564808887930807,0.0007478340333750763,0.013085141023625565,0.011670122174781031
s7213_r8_n750_a125,confirmatory,7213,8,0.75,0.125,joint_forward_feedback,balanced_permutation_a_k1,balanced_permutation_a,balanced,1,0.18899250811836066,0.125,0.6399250811836067,64,64,8,0.0029134338547344655,0.008970830760834554,0.009138695619089483,0.00913869561908948,0.03056895144959088,0.9873451420059977,0.03970764706868036,0.11722806942562736,0.7961648737033651,0.003004501988135622,9.106813340115658e-05,0.002222695110911996,0.0022142550011363124
s7213_r8_n750_a125,confirmatory,7213,8,0.75,0.125,joint_forward_feedback,balanced_permutation_a_k2,balanced_permutation_a,balanced,2,0.31399250811836066,0.25,0.6399250811836067,64,64,16,0.0057150480244848555,0.016886124241110575,0.018009345730685675,0.01800934573068568,0.06391335893673748,2.063236831706285,0.08192270466742316,0.11722806942562736,0.7961648737033651,0.0059106406143997845,0.00019559258991492905,-0.0003549440779272684,0.00046694220271279943
s7213_r8_n750_a125,confirmatory,7213,8,0.75,0.125,joint_forward_feedback,balanced_permutation_a_k4,balanced_permutation_a,balanced,4,0.5639925081183607,0.5,0.6399250811836067,64,64,32,0.013036668503994436,0.04112471659292548,0.04078721690931533,0.04078721690931533,0.13175032974926332,4.2567977688857415,0.17253754665857865,0.11722806942562736,0.7961648737033651,0.013431649488732973,0.0003949809847385369,0.007901177573169342,0.008326034366142272
s7213_r8_n750_a125,confirmatory,7213,8,0.75,0.125,joint_forward_feedback,balanced_permutation_a_k8,balanced_permutation_a,balanced,8,1.0639925081183608,1.0,0.6399250811836067,64,64,64,0.024879876397716792,0.07918466524412211,0.07776838716193132,0.07776838716193132,0.24799591428380818,8.013637644243794,0.32576430144573953,0.11722806942562736,0.7961648737033651,0.025648936959496816,0.0007690605617800238,0.011816354885935333,0.010591232634237481
s7213_r8_n750_a125,confirmatory,7213,8,0.75,0.125,joint_forward_feedback,balanced_permutation_b_k1,balanced_permutation_b,balanced,1,0.18840039778945986,0.125,0.6340039778945984,64,64,8,0.0028767617688762724,0.008977148081009127,0.009010702856844351,0.009010702856844355,0.030363339864593646,0.980637578523841,0.039374042721438005,0.11485210088378112,0.7961648737033651,0.0029632861767822567,8.652440790598431e-05,0.002244127177630697,0.0022315555509708623
s7213_r8_n750_a125,confirmatory,7213,8,0.75,0.125,joint_forward_feedback,balanced_permutation_b_k2,balanced_permutation_b,balanced,2,0.31340039778945983,0.25,0.6340039778945984,64,64,16,0.005351158918068147,0.015256722628289825,0.016933561645411842,0.016933561645411842,0.06488774979089942,2.0933415549541934,0.08182131143631127,0.11485210088378112,0.7961648737033651,0.0055394254501293675,0.0001882665320612209,0.006684582871611562,0.00524693208049103
s7213_r8_n750_a125,confirmatory,7213,8,0.75,0.125,joint_forward_feedback,balanced_permutation_b_k4,balanced_permutation_b,balanced,4,0.5634003977894598,0.5,0.6340039778945984,64,64,32,0.013663958307799401,0.04520149097859269,0.04254354671398915,0.04254354671398915,0.13177583858249223,4.25937038135374,0.1743193852964814,0.11485210088378112,0.7961648737033651,0.014035619503840168,0.0003716611960407675,0.013650763023852607,0.013343172059886476
s7213_r8_n750_a125,confirmatory,7213,8,0.75,0.125,joint_forward_feedback,balanced_permutation_b_k8,balanced_permutation_b,balanced,8,1.06340039778946,1.0,0.6340039778945984,64,64,64,0.024154724359487748,0.07724921378879987,0.07546400224047203,0.07546400224047203,0.24547068660199775,7.9305259735044,0.3209346888424698,0.11485210088378112,0.7961648737033651,0.024899857842747123,0.0007451334832593755,0.01378023870742749,0.012241511353200837
s7213_r8_n750_a125,confirmatory,7213,8,0.75,0.125,joint_forward_feedback,comb_contiguous_k1,comb_contiguous,comb,1,0.225,0.125,1.0,64,64,8,0.0032503149847807927,0.0087960559258779,0.010352808788733979,0.010352808788733977,0.03323886562074316,1.073996508652515,0.04359167440947714,0.139763850511961,0.7961648737033651,0.0033904098303788955,0.00014009484559810272,0.0028445085153919153,0.0028031251743611714
s7213_r8_n750_a125,confirmatory,7213,8,0.75,0.125,joint_forward_feedback,comb_contiguous_k2,comb_contiguous,comb,2,0.35,0.25,1.0,64,64,16,0.006350304694770617,0.015896736941291713,0.020444359261398124,0.020444359261398128,0.07361763188095442,2.37620857945194,0.09406199114235256,0.139763850511961,0.7961648737033651,0.006609739719161479,0.0002594350243908623,0.006153557465781901,0.0030896331633564443
s7213_r8_n750_a125,confirmatory,7213,8,0.75,0.125,joint_forward_feedback,comb_contiguous_k4,comb_contiguous,comb,4,0.6,0.5,1.0,64,64,32,0.013318411797353168,0.033981363739662165,0.0427608620495017,0.04276086204950169,0.1497375924899797,4.834363821728852,0.1924984545394814,0.139763850511961,0.7961648737033651,0.013860855090127706,0.0005424432927745373,0.005691166672654468,0.0035405364141542217
s7213_r8_n750_a125,confirmatory,7213,8,0.75,0.125,joint_forward_feedback,comb_contiguous_k8,comb_contiguous,comb,8,1.1,1.0,1.0,64,64,64,0.025934472851243673,0.06761679055160896,0.08301688111684655,0.08301688111684655,0.28161397804745686,9.094664178635465,0.3646308591643034,0.139763850511961,0.7961648737033651,0.02709074623033008,0.0011562733790864074,0.016454625261740158,0.014319830865455858
s7213_r8_n750_a375,confirmatory,7213,8,0.75,0.375,feedback_only,balanced_contiguous_k1,balanced_contiguous,balanced,1,0.1737418407321983,0.125,0.487418407321983,64,64,8,0.003680946894505379,0.006211848562668896,0.012838880356192954,0.012838880356192958,0.05350083938808109,1.7248657407747878,0.06633971974427405,0.1999999171351972,0.8168898588200952,0.004006350683207323,0.00032540378870194375,0.0029459828234727216,0.003126031807386998
s7213_r8_n750_a375,confirmatory,7213,8,0.75,0.375,feedback_only,balanced_contiguous_k2,balanced_contiguous,balanced,2,0.2987418407321983,0.25,0.487418407321983,64,64,16,0.011625004827339813,0.024024424047937837,0.03865694638707402,0.03865694638707402,0.11684731462461398,3.7777710143747214,0.15550426101168802,0.1999999171351972,0.8168898588200952,0.012346187724386356,0.0007211828970465437,0.005436861515087937,0.008200472030352964
s7213_r8_n750_a375,confirmatory,7213,8,0.75,0.375,feedback_only,balanced_contiguous_k4,balanced_contiguous,balanced,4,0.5487418407321983,0.5,0.487418407321983,64,64,32,0.02185798354941131,0.04314070027778777,0.0733696496352011,0.0733696496352011,0.23858099576928535,7.707961514252332,0.31195064540448647,0.1999999171351972,0.8168898588200952,0.02315774428670758,0.0012997607372962697,0.02414880858529488,0.02505639245149665
s7213_r8_n750_a375,confirmatory,7213,8,0.75,0.375,feedback_only,balanced_contiguous_k8,balanced_contiguous,balanced,8,1.0487418407321982,1.0,0.487418407321983,64,64,64,0.04380794618874252,0.0863576735889284,0.14708603862365294,0.14708603862365294,0.47921359470699904,15.481921069247623,0.626299633330652,0.1999999171351972,0.8168898588200952,0.04613797438263242,0.002330028193889895,0.039400080334881946,0.04459824831715116
s7213_r8_n750_a375,confirmatory,7213,8,0.75,0.375,feedback_only,balanced_interleaved_k1,balanced_interleaved,balanced,1,0.19088469787505546,0.125,0.6588469787505544,64,64,8,0.003680946894505379,0.006211848562668896,0.012838880356192954,0.012838880356192958,0.05350083938808109,1.7248657407747878,0.06633971974427405,0.1999999171351972,0.8168898588200952,0.004006350683207323,0.00032540378870194375,0.0029459828234727216,0.003126031807386998
s7213_r8_n750_a375,confirmatory,7213,8,0.75,0.375,feedback_only,balanced_interleaved_k2,balanced_interleaved,balanced,2,0.31588469787505546,0.25,0.6588469787505544,64,64,16,0.009440834917072892,0.016840574724617172,0.032442438963413686,0.0324424389634137,0.12380405190565934,3.9941720999445125,0.15624649086907305,0.1999999171351972,0.8168898588200952,0.01015739180284563,0.0007165568857727383,0.007865446950332408,0.00923701820032
s7213_r8_n750_a375,confirmatory,7213,8,0.75,0.375,feedback_only,balanced_interleaved_k4,balanced_interleaved,balanced,4,0.5658846978750555,0.5,0.6588469787505544,64,64,32,0.020220102452177136,0.037288373009291574,0.06891686396132828,0.06891686396132823,0.24951591566997902,8.053426165400657,0.31843277963130723,0.1999999171351972,0.8168898588200952,0.02151064321947241,0.0012905407672952722,0.01466502240165532,0.01839944730175149
s7213_r8_n750_a375,confirmatory,7213,8,0.75,0.375,feedback_only,balanced_interleaved_k8,balanced_interleaved,balanced,8,1.0658846978750554,1.0,0.6588469787505544,64,64,64,0.04380794618874252,0.0863576735889284,0.14708603862365294,0.14708603862365294,0.47921359470699904,15.481921069247623,0.626299633330652,0.1999999171351972,0.8168898588200952,0.04613797438263242,0.002330028193889895,0.039400080334881946,0.04459824831715116
s7213_r8_n750_a375,confirmatory,7213,8,0.75,0.375,feedback_only,balanced_permutation_a_k1,balanced_permutation_a,balanced,1,0.18899250811836066,0.125,0.6399250811836067,64,64,8,0.003680946894505379,0.006211848562668896,0.012838880356192954,0.012838880356192958,0.05350083938808109,1.7248657407747878,0.06633971974427405,0.1999999171351972,0.8168898588200952,0.004006350683207323,0.00032540378870194375,0.0029459828234727216,0.003126031807386998
s7213_r8_n750_a375,confirmatory,7213,8,0.75,0.375,feedback_only,balanced_permutation_a_k2,balanced_permutation_a,balanced,2,0.31399250811836066,0.25,0.6399250811836067,64,64,16,0.011466703744323894,0.023162327518338393,0.03830486973940161,0.038304869739401615,0.1200625970569954,3.8803079755632544,0.15836746679639702,0.1999999171351972,0.8168898588200952,0.012163434952152068,0.0006967312078281739,0.0066432809772462974,0.010008358893995596
s7213_r8_n750_a375,confirmatory,7213,8,0.75,0.375,feedback_only,balanced_permutation_a_k4,balanced_permutation_a,balanced,4,0.5639925081183607,0.5,0.6399250811836067,64,64,32,0.021722736469016186,0.042722966589873596,0.07297029133521993,0.0729702913352199,0.2386106947652271,7.7085125238224865,0.311580986100447,0.1999999171351972,0.8168898588200952,0.02305104383752449,0.0013283073685083045,0.022005661526433767,0.021399095895177297
s7213_r8_n750_a375,confirmatory,7213,8,0.75,0.375,feedback_only,balanced_permutation_a_k8,balanced_permutation_a,balanced,8,1.0639925081183608,1.0,0.6399250811836067,64,64,64,0.04380794618874252,0.0863576735889284,0.14708603862365294,0.14708603862365294,0.47921359470699904,15.481921069247623,0.626299633330652,0.1999999171351972,0.8168898588200952,0.04613797438263242,0.002330028193889895,0.039400080334881946,0.04459824831715116
s7213_r8_n750_a375,confirmatory,7213,8,0.75,0.375,feedback_only,balanced_permutation_b_k1,balanced_permutation_b,balanced,1,0.18840039778945986,0.125,0.6340039778945984,64,64,8,0.003680946894505379,0.006211848562668896,0.012838880356192954,0.012838880356192958,0.05350083938808109,1.7248657407747878,0.06633971974427405,0.1999999171351972,0.8168898588200952,0.004006350683207323,0.00032540378870194375,0.0029459828234727216,0.003126031807386998
s7213_r8_n750_a375,confirmatory,7213,8,0.75,0.375,feedback_only,balanced_permutation_b_k2,balanced_permutation_b,balanced,2,0.31340039778945983,0.25,0.6340039778945984,64,64,16,0.008338616911052588,0.014570902562776584,0.028808417387890365,0.02880841738789037,0.11358585995307338,3.6635559358862384,0.14239427734096374,0.1999999171351972,0.8168898588200952,0.008986926577868135,0.0006483096668155469,0.0027661490680488967,0.003497423030337817
s7213_r8_n750_a375,confirmatory,7213,8,0.75,0.375,feedback_only,balanced_permutation_b_k4,balanced_permutation_b,balanced,4,0.5634003977894598,0.5,0.6340039778945984,64,64,32,0.019092988981482758,0.03542002254978901,0.06498327195568232,0.06498327195568232,0.23307041912745013,7.523236684034087,0.29805369108313245,0.1999999171351972,0.8168898588200952,0.020331557563632644,0.0012385685821498862,0.02159031445397917,0.021214887274773185
s7213_r8_n750_a375,confirmatory,7213,8,0.75,0.375,feedback_only,balanced_permutation_b_k8,balanced_permutation_b,balanced,8,1.06340039778946,1.0,0.6340039778945984,64,64,64,0.04380794618874252,0.0863576735889284,0.14708603862365294,0.14708603862365294,0.47921359470699904,15.481921069247623,0.626299633330652,0.1999999171351972,0.8168898588200952,0.04613797438263242,0.002330028193889895,0.039400080334881946,0.04459824831715116
s7213_r8_n750_a375,confirmatory,7213,8,0.75,0.375,feedback_only,comb_contiguous_k1,comb_contiguous,comb,1,0.225,0.125,1.0,64,64,8,0.003680946894505379,0.006211848562668896,0.012838880356192954,0.012838880356192958,0.05350083938808109,1.7248657407747878,0.06633971974427405,0.1999999171351972,0.8168898588200952,0.004006350683207323,0.00032540378870194375,0.0029459828234727216,0.003126031807386998
s7213_r8_n750_a375,confirmatory,7213,8,0.75,0.375,feedback_only,comb_contiguous_k2,comb_contiguous,comb,2,0.35,0.25,1.0,64,64,16,0.0073941589323048085,0.012121047313732421,0.02600978262073808,0.02600978262073807,0.11352211069708576,3.6587173249274825,0.13953189331782384,0.1999999171351972,0.8168898588200952,0.007988149547690428,0.0005939906153856192,0.006039476768872761,0.004039033494494489
s7213_r8_n750_a375,confirmatory,7213,8,0.75,0.375,feedback_only,comb_contiguous_k4,comb_contiguous,comb,4,0.6,0.5,1.0,64,64,32,0.017216512252477636,0.03064391228056601,0.059195637552155775,0.059195637552155775,0.2266788393232712,7.3129184958968345,0.285874476875427,0.1999999171351972,0.8168898588200952,0.018473345643454334,0.0012568333909766978,0.017071949129653777,0.015236778407958625
s7213_r8_n750_a375,confirmatory,7213,8,0.75,0.375,feedback_only,comb_contiguous_k8,comb_contiguous,comb,8,1.1,1.0,1.0,64,64,64,0.04380794618874252,0.0863576735889284,0.14708603862365294,0.14708603862365294,0.47921359470699904,15.481921069247623,0.626299633330652,0.1999999171351972,0.8168898588200952,0.04613797438263242,0.002330028193889895,0.039400080334881946,0.04459824831715116
s7213_r8_n750_a375,confirmatory,7213,8,0.75,0.375,joint_forward_feedback,balanced_contiguous_k1,balanced_contiguous,balanced,1,0.1737418407321983,0.125,0.487418407321983,64,64,8,0.002160629495652134,0.007137346764068219,0.006728195850402283,0.006728195850402279,0.02803703403858687,0.9039132850851821,0.03476522988898915,0.09121900929499545,0.8168898588200952,0.0022210545865729956,6.042509092086135e-05,0.0016097649351457335,0.001691120164168186
s7213_r8_n750_a375,confirmatory,7213,8,0.75,0.375,joint_forward_feedback,balanced_contiguous_k2,balanced_contiguous,balanced,2,0.2987418407321983,0.25,0.487418407321983,64,64,16,0.006605766993401188,0.02746617340628139,0.02016962109478266,0.020169621094782653,0.06101653414399395,1.972698713702589,0.0811861552387766,0.09121900929499545,0.8168898588200952,0.006736780475678258,0.00013101348227706998,0.0030651148593285465,0.004495711839535194
s7213_r8_n750_a375,confirmatory,7213,8,0.75,0.375,joint_forward_feedback,balanced_contiguous_k4,balanced_contiguous,balanced,4,0.5487418407321983,0.5,0.487418407321983,64,64,32,0.012067922279899128,0.047766394915787935,0.03698560465347153,0.03698560465347152,0.1199883625848664,3.8766132073691963,0.15697396723833792,0.09121900929499545,0.8168898588200952,0.012307788388872155,0.00023986610897302682,0.012590474474769946,0.013090233091857213
s7213_r8_n750_a375,confirmatory,7213,8,0.75,0.375,joint_forward_feedback,balanced_contiguous_k8,balanced_contiguous,balanced,8,1.0487418407321982,1.0,0.487418407321983,64,64,64,0.018767669368385025,0.07416850249728767,0.05752597245389887,0.05752597245389887,0.18703833823855265,6.0427527960875835,0.24456431069245152,0.09121900929499545,0.8168898588200952,0.01926175362099283,0.000494084252607805,0.01729898034593563,0.01905479011170968
s7213_r8_n750_a375,confirmatory,7213,8,0.75,0.375,joint_forward_feedback,balanced_interleaved_k1,balanced_interleaved,balanced,1,0.19088469787505546,0.125,0.6588469787505544,64,64,8,0.002502858858259243,0.006713284725818659,0.00798129627553101,0.00798129627553101,0.03325882306706781,1.072263634421701,0.041240119342598816,0.11504344790656479,0.8168898588200952,0.0026051533832877963,0.00010229452502855335,0.0018935399932939374,0.001993209497425392
s7213_r8_n750_a375,confirmatory,7213,8,0.75,0.375,joint_forward_feedback,balanced_interleaved_k2,balanced_interleaved,balanced,2,0.31588469787505546,0.25,0.6588469787505544,64,64,16,0.006344386620706808,0.0181108789542666,0.020073610784132646,0.02007361078413266,0.07662485541664753,2.4720689841168535,0.09669846620078018,0.11504344790656479,0.8168898588200952,0.006567243349403466,0.00022285672869665814,0.004976065000606385,0.005811567726826509
s7213_r8_n750_a375,confirmatory,7213,8,0.75,0.375,joint_forward_feedback,balanced_interleaved_k4,balanced_interleaved,balanced,4,0.5658846978750555,0.5,0.6588469787505544,64,64,32,0.013291775296650241,0.039357041006207405,0.04187497584004349,0.04187497584004349,0.15176490858928995,4.898352050697322,0.19363988442933344,0.11504344790656479,0.8168898588200952,0.013691957085986854,0.0004001817893366129,0.009292509769904722,0.011549979956598407
s7213_r8_n750_a375,confirmatory,7213,8,0.75,0.375,joint_forward_feedback,balanced_interleaved_k8,balanced_interleaved,balanced,8,1.0658846978750554,1.0,0.6588469787505544,64,64,64,0.02531886069684134,0.08002825468353295,0.07919743565064462,0.07919743565064462,0.2614357914082618,8.445142760715022,0.3406332270589064,0.11504344790656479,0.8168898588200952,0.026120714899581104,0.0008018542027397636,0.021984659457638278,0.024989508246648404
s7213_r8_n750_a375,confirmatory,7213,8,0.75,0.375,joint_forward_feedback,balanced_permutation_a_k1,balanced_permutation_a,balanced,1,0.18899250811836066,0.125,0.6399250811836067,64,64,8,0.0024473236026421536,0.006437460764295037,0.007824516244019628,0.00782451624401962,0.03295736761931455,1.0624602800620853,0.04078188386333417,0.11660122650848305,0.8168898588200952,0.002554076831031036,0.00010675322838888225,0.0022772220637579266,0.0023562088192186294
s7213_r8_n750_a375,confirmatory,7213,8,0.75,0.375,joint_forward_feedback,balanced_permutation_a_k2,balanced_permutation_a,balanced,2,0.31399250811836066,0.25,0.6399250811836067,64,64,16,0.00744666522638067,0.023963288436951405,0.02325000770060386,0.023250007700603863,0.07348121392277498,2.3746488532294032,0.09673122162337885,0.11660122650848305,0.8168898588200952,0.007670780015581937,0.00022411478920126692,0.004541920909924531,0.006401553805738919
s7213_r8_n750_a375,confirmatory,7213,8,0.75,0.375,joint_forward_feedback,balanced_permutation_a_k4,balanced_permutation_a,balanced,4,0.5639925081183607,0.5,0.6399250811836067,64,64,32,0.013870829694555104,0.043372922554337945,0.04343735713546612,0.043437357135466106,0.14310393725262321,4.622763349219409,0.1865412943880893,0.11660122650848305,0.8168898588200952,0.014297868886448887,0.0004270391918937827,0.013915445839892876,0.013331253690001661
s7213_r8_n750_a375,confirmatory,7213,8,0.75,0.375,joint_forward_feedback,balanced_permutation_a_k8,balanced_permutation_a,balanced,8,1.0639925081183608,1.0,0.6399250811836067,64,64,64,0.02469693258184794,0.07768928655060567,0.0772909462534343,0.0772909462534343,0.25244249948127784,8.155450929654325,0.32973344573471214,0.11660122650848305,0.8168898588200952,0.025506323583026156,0.0008093910011782168,0.02276438982035225,0.024039054214038826
s7213_r8_n750_a375,confirmatory,7213,8,0.75,0.375,joint_forward_feedback,balanced_permutation_b_k1,balanced_permutation_b,balanced,1,0.18840039778945986,0.125,0.6340039778945984,64,64,8,0.0024510092550094013,0.00656222864518699,0.007817830204671678,0.007817830204671684,0.03255353244143205,1.0495308683304971,0.040371362646103734,0.1153500282683576,0.8168898588200952,0.002556226102049077,0.0001052168470396758,0.002063634419026375,0.002140257277527241
s7213_r8_n750_a375,confirmatory,7213,8,0.75,0.375,joint_forward_feedback,balanced_permutation_b_k2,balanced_permutation_b,balanced,2,0.31340039778945983,0.25,0.6340039778945984,64,64,16,0.005508669332967869,0.01533888935057502,0.017482565291150158,0.01748256529115016,0.06888858471562459,2.221917276191137,0.08637115000677476,0.1153500282683576,0.8168898588200952,0.00571564795593059,0.0002069786229627205,0.0022251222744658393,0.002503599592846611
s7213_r8_n750_a375,confirmatory,7213,8,0.75,0.375,joint_forward_feedback,balanced_permutation_b_k4,balanced_permutation_b,balanced,4,0.5634003977894598,0.5,0.6340039778945984,64,64,32,0.012219197637167917,0.03632510600271173,0.0384784433419091,0.038478443341909085,0.1381987115948737,4.460837214377868,0.1766771549367828,0.1153500282683576,0.8168898588200952,0.012618555762539879,0.0003993581253719618,0.013996241940771852,0.013528999198513313
s7213_r8_n750_a375,confirmatory,7213,8,0.75,0.375,joint_forward_feedback,balanced_permutation_b_k8,balanced_permutation_b,balanced,8,1.06340039778946,1.0,0.6340039778945984,64,64,64,0.02406485493503967,0.0755229493776768,0.07533153062699655,0.07533153062699655,0.2503753554914816,8.087342906354408,0.32570688611847814,0.1153500282683576,0.8168898588200952,0.024874164996567312,0.0008093100615276412,0.02152447654287444,0.02296446589556044
s7213_r8_n750_a375,confirmatory,7213,8,0.75,0.375,joint_forward_feedback,comb_contiguous_k1,comb_contiguous,comb,1,0.225,0.125,1.0,64,64,8,0.0027878119194402083,0.006677976742005203,0.009034701482420781,0.009034701482420788,0.036184813258534294,1.1669487257555182,0.045219514740955084,0.13515335148822483,0.8168898588200952,0.0029403101939549764,0.00015249827451476817,0.0021190136209691406,0.0023674051192016923
s7213_r8_n750_a375,confirmatory,7213,8,0.75,0.375,joint_forward_feedback,comb_contiguous_k2,comb_contiguous,comb,2,0.35,0.25,1.0,64,64,16,0.005850275386975828,0.01329099992088883,0.019122400175645433,0.019122400175645433,0.08265944836563983,2.66422474787612,0.10178184854128527,0.13515335148822483,0.8168898588200952,0.0060985603319978696,0.0002482849450220412,0.0048077569871953696,0.0033092229594882086
s7213_r8_n750_a375,confirmatory,7213,8,0.75,0.375,joint_forward_feedback,comb_contiguous_k4,comb_contiguous,comb,4,0.6,0.5,1.0,64,64,32,0.01333114583501674,0.03286142254272754,0.04301597246673635,0.04301597246673635,0.16529699995356034,5.332519970980667,0.2083129724202967,0.13515335148822483,0.8168898588200952,0.013851593307678704,0.0005204474726619637,0.013182839657679812,0.011823359306671014
s7213_r8_n750_a375,confirmatory,7213,8,0.75,0.375,joint_forward_feedback,comb_contiguous_k8,comb_contiguous,comb,8,1.1,1.0,1.0,64,64,64,0.027267168333739718,0.07337207984759933,0.08691498736202721,0.08691498736202721,0.29397687779164106,9.49417507669454,0.38089186515366824,0.13515335148822483,0.8168898588200952,0.02833808208617151,0.0010709137524317937,0.02587999574255778,0.028888225340308785
