seed,somata,streams,active_parameters,stored_parameters,task,forward,rule,rate,steps,best_step,validation_nmse,final_validation_nmse,test_nmse,bound_steps,clip_steps,elapsed_seconds,protocol_sha256,job_id,phase,torch_version,checkpoint_sha256,ood_1.0,ood_2.0,ood_3.0
2026091900,16,2,529,1713,mixture,current,broadcast,0.03,1024,896,0.10215052464595764,0.12209454492918667,0.10151341113618982,0,0,6.229167979909107,21f7581e517b4ce1e89b61151531362996867945fba67c74ac7696003fee6ce6,46950530,Exploratory development; not preregistered or confirmatory,2.9.1+cu128,036d9f4a89989912aeb48e5f38a80ee060d1942fa3cbeccea1a817967bf01960,0.10074867119434647,,
2026091900,16,2,529,1713,mixture,current,exact,0.03,1024,896,0.1144569356079181,0.11657217574362444,0.11483653302708814,0,0,5.866223928052932,21f7581e517b4ce1e89b61151531362996867945fba67c74ac7696003fee6ce6,46950530,Exploratory development; not preregistered or confirmatory,2.9.1+cu128,3ac4493405fd34b9e93f6510c942eea55d897b322195c284c7b802995f39ca04,0.11459220837760416,,
2026091900,16,2,529,1713,mixture,current,resistance,0.03,1024,1024,0.12883392083496434,0.12883392083496434,0.12890985570046495,0,0,6.561056609963998,21f7581e517b4ce1e89b61151531362996867945fba67c74ac7696003fee6ce6,46950530,Exploratory development; not preregistered or confirmatory,2.9.1+cu128,481a83bfc0787e01d67fe0076aaecc7583238747ccb295e3ad5e7d970f944a11,0.1260280146697587,,
2026091900,16,2,529,1713,mixture,current,swapped,0.03,1024,896,0.0712177178582077,0.07233534676728427,0.07165589841754212,0,0,6.726324124028906,21f7581e517b4ce1e89b61151531362996867945fba67c74ac7696003fee6ce6,46950530,Exploratory development; not preregistered or confirmatory,2.9.1+cu128,e0df3068da049a97e80534d85137f812b715ac1bf46410399e299f0e03998ec2,0.07076117356506084,,
2026091900,16,2,529,1713,mixture,current,uniform_rms,0.03,1024,896,0.10282141803275119,0.1340821521564334,0.10072675027096224,0,0,6.662070621969178,21f7581e517b4ce1e89b61151531362996867945fba67c74ac7696003fee6ce6,46950530,Exploratory development; not preregistered or confirmatory,2.9.1+cu128,dd1967cb1fa777f0b07309f78314fee068687badb90f0d0120a1786aebb00f4d,0.10073610152508085,,
2026091900,16,2,529,1713,mixture,shunt,broadcast,0.03,1024,896,0.09507947459025727,0.10904180527555961,0.09291310041746276,0,0,5.454503055894747,21f7581e517b4ce1e89b61151531362996867945fba67c74ac7696003fee6ce6,46950528,Exploratory development; not preregistered or confirmatory,2.9.1+cu128,23541f062d0228c19820576c790216eb3a5b60f8beefac0a103503dbccee3162,0.09286360581262292,,
2026091900,16,2,529,1713,mixture,shunt,exact,0.03,1024,256,0.10209741678845442,0.10441432843013981,0.09982556714753132,0,0,5.080216991947964,21f7581e517b4ce1e89b61151531362996867945fba67c74ac7696003fee6ce6,46950528,Exploratory development; not preregistered or confirmatory,2.9.1+cu128,f3e635996a318dad87c23bc5f68c05c6ac21904a0992955366773d32d24a0a9d,0.10093440091924465,,
2026091900,16,2,529,1713,mixture,shunt,resistance,0.03,1024,256,0.10227690685571221,0.10425853046518163,0.09996486228218238,0,0,5.739595104940236,21f7581e517b4ce1e89b61151531362996867945fba67c74ac7696003fee6ce6,46950528,Exploratory development; not preregistered or confirmatory,2.9.1+cu128,e49b7435b4f15ce7392ef065d96a95b21921fdc29b8ff21a68cece083a620462,0.10104904335021776,,
2026091900,16,2,529,1713,mixture,shunt,swapped,0.03,1024,896,0.08966046032672216,0.1094856287436051,0.08925262772167773,0,0,5.807238806039095,21f7581e517b4ce1e89b61151531362996867945fba67c74ac7696003fee6ce6,46950528,Exploratory development; not preregistered or confirmatory,2.9.1+cu128,5dcc64810961b281721cd9f570df71e6d9a3336d81e34e632c20075747517dc5,0.08974333489762816,,
2026091900,16,2,529,1713,mixture,shunt,uniform_rms,0.03,1024,896,0.09782792962689832,0.11970818750187645,0.09639888493041118,0,0,5.914994799066335,21f7581e517b4ce1e89b61151531362996867945fba67c74ac7696003fee6ce6,46950528,Exploratory development; not preregistered or confirmatory,2.9.1+cu128,f890cc144f0a0e65327703dc32d7240390b394e1e963ff73615c23ccdbb9d352,0.0964156615286571,,
2026091900,16,2,529,1713,mixture,tonic,broadcast,0.03,1024,896,0.10667032145556134,0.1226389864401481,0.10526618031606289,0,0,5.443237647879869,21f7581e517b4ce1e89b61151531362996867945fba67c74ac7696003fee6ce6,46950529,Exploratory development; not preregistered or confirmatory,2.9.1+cu128,c7d8b8b615da95888360806e50f981ed71caa5354496ec6804d3ad7ca314c66d,0.10551237613367033,,
2026091900,16,2,529,1713,mixture,tonic,exact,0.03,1024,1024,0.11343388014222727,0.11343388014222727,0.11143222047229272,0,0,5.09157893108204,21f7581e517b4ce1e89b61151531362996867945fba67c74ac7696003fee6ce6,46950529,Exploratory development; not preregistered or confirmatory,2.9.1+cu128,34d58f138fe7b55a9f18a8303247753a54f00226ff2e3e22c8e8f2c7458132c2,0.11172794461307663,,
2026091900,16,2,529,1713,mixture,tonic,resistance,0.03,1024,896,0.10883265368735087,0.11008627130715316,0.10998528318732473,0,0,5.7526378750335425,21f7581e517b4ce1e89b61151531362996867945fba67c74ac7696003fee6ce6,46950529,Exploratory development; not preregistered or confirmatory,2.9.1+cu128,d3c368ebb3291bcfaf58fdb6955d92fb8662146af954273be9477da5920ab2d5,0.11150016945745844,,
2026091900,16,2,529,1713,mixture,tonic,swapped,0.03,1024,896,0.07012429720280769,0.07188027310904245,0.07107575697314034,0,0,5.814703250071034,21f7581e517b4ce1e89b61151531362996867945fba67c74ac7696003fee6ce6,46950529,Exploratory development; not preregistered or confirmatory,2.9.1+cu128,54c7c5e40ad4f521f1862ecaeedd5ec6cdb909bd3fa30151161ecba8b1d31d4f,0.07035954313750023,,
2026091900,16,2,529,1713,mixture,tonic,uniform_rms,0.03,1024,896,0.10131453507726995,0.13269525688964665,0.09970976221221177,0,0,5.950450892094523,21f7581e517b4ce1e89b61151531362996867945fba67c74ac7696003fee6ce6,46950529,Exploratory development; not preregistered or confirmatory,2.9.1+cu128,b50a103ed3c566d8159aa292e2157f075086e5f4d30c4cb6f39ff305330ff24a,0.10022864182634919,,
2026091900,16,2,529,1713,selection,current,broadcast,0.03,1024,896,0.058985568560195344,0.060272600648625066,0.06319517038521279,0,0,6.4718262639362365,21f7581e517b4ce1e89b61151531362996867945fba67c74ac7696003fee6ce6,46950527,Exploratory development; not preregistered or confirmatory,2.9.1+cu128,05780917e8ebbe79f993a86f68c6767889d309e0325bbaf539bc872d26d9b8e7,0.06493434989702838,0.10951108860785008,0.3963839170840473
2026091900,16,2,529,1713,selection,current,exact,0.03,1024,896,0.0585968565006007,0.06035022295126387,0.06277034508467312,0,0,6.300074016908184,21f7581e517b4ce1e89b61151531362996867945fba67c74ac7696003fee6ce6,46950527,Exploratory development; not preregistered or confirmatory,2.9.1+cu128,bd0175423c2bdacf4287c962118014ec3dc3947f65b47f509aee711ffe8d4f17,0.06438102595220765,0.09766869352875689,0.3403240386835638
2026091900,16,2,529,1713,selection,current,resistance,0.03,1024,896,0.057433249511487636,0.05870564908136666,0.061840018978385994,0,0,6.9960928140208125,21f7581e517b4ce1e89b61151531362996867945fba67c74ac7696003fee6ce6,46950527,Exploratory development; not preregistered or confirmatory,2.9.1+cu128,df8a1a1e241ee27a27bca8ab36acba548b33ad0465a9eb9fca279d02c914d7f2,0.06354063533588947,0.116722098326402,0.40104547224519144
2026091900,16,2,529,1713,selection,current,swapped,0.03,1024,768,0.05880504974577589,0.060544542188589796,0.06440189287517288,0,0,6.938007969176397,21f7581e517b4ce1e89b61151531362996867945fba67c74ac7696003fee6ce6,46950527,Exploratory development; not preregistered or confirmatory,2.9.1+cu128,879190bec69a6291159843da3c99998da57c8ff5826e7fcb39f188cea1ea4802,0.06641143393235513,0.1896701726066239,0.5848296110267612
2026091900,16,2,529,1713,selection,current,uniform_rms,0.03,1024,768,0.05907196661510209,0.06083980989768119,0.06429272415229252,0,0,7.002007449045777,21f7581e517b4ce1e89b61151531362996867945fba67c74ac7696003fee6ce6,46950527,Exploratory development; not preregistered or confirmatory,2.9.1+cu128,f9eb7c5ef22061a4c30d11f746f19aedd8010004aabc687b38d03a8dedb78d68,0.06560310969258266,0.10939388168131327,0.396709319617375
2026091900,16,2,529,1713,selection,shunt,broadcast,0.03,1024,768,0.0577771262650391,0.058782778169152776,0.06287737874681633,0,0,5.511503562098369,21f7581e517b4ce1e89b61151531362996867945fba67c74ac7696003fee6ce6,46950474,Exploratory development; not preregistered or confirmatory,2.9.1+cu128,7488328b1f225128c3d34b57f088e13850ccfe50bc67abb38de09ec5dfc0af23,0.06466339161487109,0.0667083636954291,0.07044937432106012
2026091900,16,2,529,1713,selection,shunt,exact,0.03,1024,896,0.05844498645360133,0.06036787869137749,0.06203129816124306,0,0,5.203243247931823,21f7581e517b4ce1e89b61151531362996867945fba67c74ac7696003fee6ce6,46950474,Exploratory development; not preregistered or confirmatory,2.9.1+cu128,216b99a19688bdd389632e316fe885f8e3ed8754ccc6463db662674a8319d5f6,0.06337381267003211,0.06399686295547054,0.06449190205684076
2026091900,16,2,529,1713,selection,shunt,resistance,0.03,1024,896,0.05852094329253669,0.060312631897503785,0.06209835564989449,0,0,6.050222011050209,21f7581e517b4ce1e89b61151531362996867945fba67c74ac7696003fee6ce6,46950474,Exploratory development; not preregistered or confirmatory,2.9.1+cu128,5426d9f860f8fbde2965e19ee7798fb2e1014d02caf6b3ecbda7a71a2232632f,0.06342710792203551,0.06403437703989302,0.06448336046043616
2026091900,16,2,529,1713,selection,shunt,swapped,0.01,1024,896,0.05844273189702819,0.059224115899745126,0.06374949989255825,0,0,6.092997639905661,21f7581e517b4ce1e89b61151531362996867945fba67c74ac7696003fee6ce6,46950474,Exploratory development; not preregistered or confirmatory,2.9.1+cu128,aea316d4f8f83f049abe34d432dd6742637c0e526f54adcb12280f034b59c493,0.06472857232710587,0.0889987749417452,0.16149953861043778
2026091900,16,2,529,1713,selection,shunt,uniform_rms,0.03,1024,768,0.05778309326624235,0.058770231044441845,0.06292223091705859,0,0,6.202062405878678,21f7581e517b4ce1e89b61151531362996867945fba67c74ac7696003fee6ce6,46950474,Exploratory development; not preregistered or confirmatory,2.9.1+cu128,b2da8a9fbb0f41f77e9ce22a9d0cf2f781ddb7bee04fb646775b9c0023e9a87f,0.06471351977740188,0.06669908968087791,0.0703498453120221
2026091900,16,2,529,1713,selection,tonic,broadcast,0.03,1024,768,0.059004900105899025,0.06072349308072879,0.0641712509420812,0,0,5.580206134123728,21f7581e517b4ce1e89b61151531362996867945fba67c74ac7696003fee6ce6,46950475,Exploratory development; not preregistered or confirmatory,2.9.1+cu128,3f2bcc45016dfa15f990d3067835a88e1c80bd5e2f86ffa8152675347838e6ee,0.06549329422531854,0.11251613931521162,0.40855499817345714
2026091900,16,2,529,1713,selection,tonic,exact,0.03,1024,896,0.05895838104292923,0.060407414871481116,0.06309817719594119,0,0,5.281443540938199,21f7581e517b4ce1e89b61151531362996867945fba67c74ac7696003fee6ce6,46950475,Exploratory development; not preregistered or confirmatory,2.9.1+cu128,01e9d3356a7850dac126cff09b3eb6953f7277d3665fad49d73be832c149a9e1,0.0647840747701727,0.09932453445995852,0.3495908410698727
2026091900,16,2,529,1713,selection,tonic,resistance,0.03,1024,896,0.057532333361050104,0.05899024679844386,0.06180224531122357,0,0,6.22108134184964,21f7581e517b4ce1e89b61151531362996867945fba67c74ac7696003fee6ce6,46950475,Exploratory development; not preregistered or confirmatory,2.9.1+cu128,99525986985930477c9616a5f740938984694db5e1974213af3b221efca6879c,0.06352989276975367,0.11643646236912103,0.3967309080160656
2026091900,16,2,529,1713,selection,tonic,swapped,0.03,1024,768,0.05867282913875482,0.06037372433611043,0.06433031956164478,0,0,6.234338933834806,21f7581e517b4ce1e89b61151531362996867945fba67c74ac7696003fee6ce6,46950475,Exploratory development; not preregistered or confirmatory,2.9.1+cu128,d10e98153974ea673dd3a32fa0050ae5b4bac38dd3125dc77100e2676331ce33,0.0661621167425976,0.19235943150094226,0.5944716559601588
2026091900,16,2,529,1713,selection,tonic,uniform_rms,0.03,1024,768,0.05897583680816261,0.06125986720020159,0.0643132987948912,0,0,6.375246668001637,21f7581e517b4ce1e89b61151531362996867945fba67c74ac7696003fee6ce6,46950475,Exploratory development; not preregistered or confirmatory,2.9.1+cu128,2775bb17089ae1270871c8adf5fe4abac2842619a5dc4b443c1da4207c8b5a8c,0.06567231750995352,0.1097858609412357,0.3978676734939875
2026091900,16,4,1297,6609,mixture,current,broadcast,0.03,1024,1024,0.2257015414833386,0.2257015414833386,0.23370518003331292,0,0,8.020588873885572,21f7581e517b4ce1e89b61151531362996867945fba67c74ac7696003fee6ce6,46950645,Exploratory development; not preregistered or confirmatory,2.9.1+cu128,ff4bfd02eb298c33cfc47cf1b1a8afbb833c92a5000e8c474a9904b5191ba783,0.2314841115324448,,
2026091900,16,4,1297,6609,mixture,current,exact,0.03,1024,1024,0.23803854970022464,0.23803854970022464,0.24527966505577636,464,0,7.693260537926108,21f7581e517b4ce1e89b61151531362996867945fba67c74ac7696003fee6ce6,46950645,Exploratory development; not preregistered or confirmatory,2.9.1+cu128,915c4951f98db778dea9ef1c0d9d7f182274036cab471ae345b0955d5594e7a5,0.24220525090152728,,
2026091900,16,4,1297,6609,mixture,current,resistance,0.03,1024,896,0.36109185916233616,0.36294033012152893,0.3657561969757866,0,0,8.505755997961387,21f7581e517b4ce1e89b61151531362996867945fba67c74ac7696003fee6ce6,46950645,Exploratory development; not preregistered or confirmatory,2.9.1+cu128,794cd96f52406f290a1d56a57ab312fd6f1232f87e58bb495fc5e0a7d2419b65,0.3670582081515049,,
2026091900,16,4,1297,6609,mixture,current,swapped,0.03,1024,1024,0.18292783910101407,0.18292783910101407,0.1807472192810402,0,0,8.523102649953216,21f7581e517b4ce1e89b61151531362996867945fba67c74ac7696003fee6ce6,46950645,Exploratory development; not preregistered or confirmatory,2.9.1+cu128,5b312912d33b2c11c972f78eb8d54acf04282d68c0cc56d4ee25a2c92bfa417f,0.1804246610947573,,
2026091900,16,4,1297,6609,mixture,current,uniform_rms,0.03,1024,1024,0.19849473307428322,0.19849473307428322,0.20594085583257296,147,0,8.594886936014518,21f7581e517b4ce1e89b61151531362996867945fba67c74ac7696003fee6ce6,46950645,Exploratory development; not preregistered or confirmatory,2.9.1+cu128,99ea02911c7c3cdf0d8120b12f55b46f4feeed9d4622c24b04c84eed2baf5655,0.20251438167311345,,
2026091900,16,4,1297,6609,mixture,shunt,broadcast,0.03,1024,1024,0.1465200962075469,0.1465200962075469,0.15867721241348176,0,0,5.957489561056718,21f7581e517b4ce1e89b61151531362996867945fba67c74ac7696003fee6ce6,46950585,Exploratory development; not preregistered or confirmatory,2.9.1+cu128,0d73031c071fc1e6f3f0d82d8dca2ddbe851a1a54567dd9271f2214cb7ebd548,0.1566367521156087,,
2026091900,16,4,1297,6609,mixture,shunt,exact,0.03,1024,896,0.16593847710548187,0.17783307085695918,0.16913213671394836,152,0,5.601138134021312,21f7581e517b4ce1e89b61151531362996867945fba67c74ac7696003fee6ce6,46950585,Exploratory development; not preregistered or confirmatory,2.9.1+cu128,e0cbcdd3c73815eaef91a6809647ed9e6ed8e8c839db41811bfa05f5da38ce27,0.16671122947827136,,
2026091900,16,4,1297,6609,mixture,shunt,resistance,0.03,1024,896,0.16644504982956465,0.17727933017057368,0.16964007055937366,0,0,6.5428610988892615,21f7581e517b4ce1e89b61151531362996867945fba67c74ac7696003fee6ce6,46950585,Exploratory development; not preregistered or confirmatory,2.9.1+cu128,6792d5b3534bad2ff01db68a1be966b698c6467719679e2339beab38d93cba1a,0.16720923818813416,,
2026091900,16,4,1297,6609,mixture,shunt,swapped,0.03,1024,1024,0.153533098989969,0.153533098989969,0.15912461506013872,0,0,6.428038573823869,21f7581e517b4ce1e89b61151531362996867945fba67c74ac7696003fee6ce6,46950585,Exploratory development; not preregistered or confirmatory,2.9.1+cu128,7cb7c8f4731e08861342f355422a0fddb80fb402c6b823366d59ec61357dd30a,0.15963298784246405,,
2026091900,16,4,1297,6609,mixture,shunt,uniform_rms,0.03,1024,1024,0.13488993083804035,0.13488993083804035,0.1453063799604191,0,0,6.485834429040551,21f7581e517b4ce1e89b61151531362996867945fba67c74ac7696003fee6ce6,46950585,Exploratory development; not preregistered or confirmatory,2.9.1+cu128,8c76b3ca05ab50c23bfbbd8695015db0f654d3b86e3733b1eafa7e83d07591dd,0.14344283111645761,,
2026091900,16,4,1297,6609,mixture,tonic,broadcast,0.03,1024,1024,0.2170303954962435,0.2170303954962435,0.22538134684016606,50,0,6.836232543922961,21f7581e517b4ce1e89b61151531362996867945fba67c74ac7696003fee6ce6,46950644,Exploratory development; not preregistered or confirmatory,2.9.1+cu128,abd4c54d660dca279eade9144b9cc974d238cfc35acdacd4a6517e256fd863d6,0.22289599311777789,,
2026091900,16,4,1297,6609,mixture,tonic,exact,0.03,1024,1024,0.23821970174514986,0.23821970174514986,0.24572383959833324,476,0,6.412974489154294,21f7581e517b4ce1e89b61151531362996867945fba67c74ac7696003fee6ce6,46950644,Exploratory development; not preregistered or confirmatory,2.9.1+cu128,11d3591d40c6068599d4ad259c2e6f757064f71dbaca01ec33e344c19b05df82,0.24264264084173096,,
2026091900,16,4,1297,6609,mixture,tonic,resistance,0.03,1024,896,0.361557412365837,0.36280636812752504,0.3659774503562147,0,0,7.259505538968369,21f7581e517b4ce1e89b61151531362996867945fba67c74ac7696003fee6ce6,46950644,Exploratory development; not preregistered or confirmatory,2.9.1+cu128,e5f716d4a5f1952a3f500a6fa089b1cd1a1e012813e3704452482ef8c14b1957,0.3671873594634563,,
2026091900,16,4,1297,6609,mixture,tonic,swapped,0.03,1024,1024,0.1826744069960109,0.1826744069960109,0.18118895924839068,25,0,7.524876145878807,21f7581e517b4ce1e89b61151531362996867945fba67c74ac7696003fee6ce6,46950644,Exploratory development; not preregistered or confirmatory,2.9.1+cu128,aa3082b90018028b0a8fd211485f89e81fbfb94d2d6350f35fe5b1e8f91009ba,0.1809150215464107,,
2026091900,16,4,1297,6609,mixture,tonic,uniform_rms,0.03,1024,1024,0.20326077832628922,0.20326077832628922,0.21750543754298865,202,0,7.337315683020279,21f7581e517b4ce1e89b61151531362996867945fba67c74ac7696003fee6ce6,46950644,Exploratory development; not preregistered or confirmatory,2.9.1+cu128,f011b959b35440322473f50dfb8860c3d3a26e3da748a5a9cf3e2c491c3ef418,0.2116694753129227,,
2026091900,16,4,1297,6609,selection,current,broadcast,0.03,1024,1024,0.06710244755496131,0.06710244755496131,0.07075420215754816,0,0,8.955057543935254,21f7581e517b4ce1e89b61151531362996867945fba67c74ac7696003fee6ce6,46950584,Exploratory development; not preregistered or confirmatory,2.9.1+cu128,9b3773676d60b2002d9c390e59691d5a01b5d43b54e1e0e14f3038339aee42e8,0.07011300399807403,0.19281717776183308,1.031030163885243
2026091900,16,4,1297,6609,selection,current,exact,0.03,1024,1024,0.06691903043585243,0.06691903043585243,0.07086151485491515,175,0,8.36479836399667,21f7581e517b4ce1e89b61151531362996867945fba67c74ac7696003fee6ce6,46950584,Exploratory development; not preregistered or confirmatory,2.9.1+cu128,0c37fbd36424ebceeb193db7ea07bdb52b43e1c8fe6fd6946ec15af4fa94a007,0.07016571534310669,0.16083647532207468,0.8827155613029259
2026091900,16,4,1297,6609,selection,current,resistance,0.03,1024,1024,0.06301986165212017,0.06301986165212017,0.06631808141900963,529,0,9.330918230116367,21f7581e517b4ce1e89b61151531362996867945fba67c74ac7696003fee6ce6,46950584,Exploratory development; not preregistered or confirmatory,2.9.1+cu128,8bcdb0aa56a8b6af050998af40956c6557721e3ffc8c259caa2dc5770151aeb8,0.06623564475941252,0.11895373447118734,0.6286361712233852
2026091900,16,4,1297,6609,selection,current,swapped,0.03,1024,1024,0.06733386268720717,0.06733386268720717,0.07063222914259985,0,0,9.208683541975915,21f7581e517b4ce1e89b61151531362996867945fba67c74ac7696003fee6ce6,46950584,Exploratory development; not preregistered or confirmatory,2.9.1+cu128,a683cefbe89fedd712c88d6ed0568202e1ce06e01ad739d1b5230059da6ac038,0.07064469317166747,0.33105577471068137,1.338057253551717
2026091900,16,4,1297,6609,selection,current,uniform_rms,0.03,1024,1024,0.06740253136978269,0.06740253136978269,0.07145133639779919,0,0,9.327830363065004,21f7581e517b4ce1e89b61151531362996867945fba67c74ac7696003fee6ce6,46950584,Exploratory development; not preregistered or confirmatory,2.9.1+cu128,e9e9ddad94a9186028d685ceb9f82787929012edbb183fafb89bf5f7532f9c23,0.07092561037301982,0.18412150349198705,1.007089368865166
2026091900,16,4,1297,6609,selection,shunt,broadcast,0.03,1024,768,0.06519239013089811,0.07705084342868575,0.06684415451922648,0,0,6.5273680640384555,21f7581e517b4ce1e89b61151531362996867945fba67c74ac7696003fee6ce6,46950582,Exploratory development; not preregistered or confirmatory,2.9.1+cu128,79c4a16e8bf72a3c177f1568611d3edcfe928b23637a862e3a1f73591dd8e26a,0.0667595539752317,0.07311578390584832,0.08787165764735896
2026091900,16,4,1297,6609,selection,shunt,exact,0.03,1024,896,0.06287468425956402,0.06363248474088606,0.06502567722188045,0,0,6.24567784788087,21f7581e517b4ce1e89b61151531362996867945fba67c74ac7696003fee6ce6,46950582,Exploratory development; not preregistered or confirmatory,2.9.1+cu128,dbb530eb1f61e4d2551d7aacd28915b84e4cae57834f27a549f5b65c3a3dcfc4,0.0653670062352544,0.06602070613226561,0.06644341703440294
2026091900,16,4,1297,6609,selection,shunt,resistance,0.03,1024,896,0.06281582958912052,0.06353614899072817,0.06496402418958484,0,0,6.984786806860939,21f7581e517b4ce1e89b61151531362996867945fba67c74ac7696003fee6ce6,46950582,Exploratory development; not preregistered or confirmatory,2.9.1+cu128,d719b22d5cb61057254cf46cc18ac49bf4d926393652131ad4253a38a7bcd28d,0.0653546114474295,0.06605383513043235,0.06651405966232601
2026091900,16,4,1297,6609,selection,shunt,swapped,0.03,1024,768,0.06855110846755282,0.07005497863033995,0.07250352877558316,157,0,7.075557441916317,21f7581e517b4ce1e89b61151531362996867945fba67c74ac7696003fee6ce6,46950582,Exploratory development; not preregistered or confirmatory,2.9.1+cu128,7df5b877213a442d026603078afb4928433d54def13f6d32ff2033d5a7e2fc5d,0.0720687292542567,0.10714614938267451,0.2065303589486327
2026091900,16,4,1297,6609,selection,shunt,uniform_rms,0.03,1024,768,0.06512068360324366,0.07701396511915624,0.06681004753742595,0,0,7.148903727065772,21f7581e517b4ce1e89b61151531362996867945fba67c74ac7696003fee6ce6,46950582,Exploratory development; not preregistered or confirmatory,2.9.1+cu128,4a275e25f6a628ff6f629baf3ac7b6e0749a358fdc0059bcd4ff53b70a5db450,0.06674026400221489,0.07294150237818975,0.08731699203665115
2026091900,16,4,1297,6609,selection,tonic,broadcast,0.03,1024,1024,0.0670824857765076,0.0670824857765076,0.0708764997363511,0,0,6.627091631991789,21f7581e517b4ce1e89b61151531362996867945fba67c74ac7696003fee6ce6,46950583,Exploratory development; not preregistered or confirmatory,2.9.1+cu128,77f31597cd75fa22e5088ffa38cc5d0ca4f92bb1b29d5e41b0039099e3c66f48,0.07035703385487949,0.18899097399334627,1.0183970503528956
2026091900,16,4,1297,6609,selection,tonic,exact,0.03,1024,1024,0.06663097047440669,0.06663097047440669,0.07082199808659982,21,0,6.290121322032064,21f7581e517b4ce1e89b61151531362996867945fba67c74ac7696003fee6ce6,46950583,Exploratory development; not preregistered or confirmatory,2.9.1+cu128,48efebf8a5169b6d828177e166672f05765c509494c666f8307b54a36dc2a61a,0.07028110065637108,0.17451496039843264,0.9360488580094531
2026091900,16,4,1297,6609,selection,tonic,resistance,0.03,1024,1024,0.06395252264592322,0.06395252264592322,0.0672096960464873,5,0,7.071307505946606,21f7581e517b4ce1e89b61151531362996867945fba67c74ac7696003fee6ce6,46950583,Exploratory development; not preregistered or confirmatory,2.9.1+cu128,334924bed1b52a5bc2d3ad1e5560e51b9dcdbd11ab2b554b945b87f1ad962ee5,0.06727265611673745,0.16454733535823998,0.8664808021515954
2026091900,16,4,1297,6609,selection,tonic,swapped,0.03,1024,1024,0.06775283869353488,0.06775283869353488,0.07091277881649648,12,0,7.110012316843495,21f7581e517b4ce1e89b61151531362996867945fba67c74ac7696003fee6ce6,46950583,Exploratory development; not preregistered or confirmatory,2.9.1+cu128,37f2dc9265ca50ce3fc70830bc4b881667c8fd0b93a6be8df6b954e54276e5d8,0.07098922989100603,0.337185275678411,1.3430182222981981
2026091900,16,4,1297,6609,selection,tonic,uniform_rms,0.03,1024,1024,0.06741316243283288,0.06741316243283288,0.07148674558215022,0,0,7.174615086056292,21f7581e517b4ce1e89b61151531362996867945fba67c74ac7696003fee6ce6,46950583,Exploratory development; not preregistered or confirmatory,2.9.1+cu128,488672503111a8fb4a45dfe5d65d15cd0f24ac037dc7acd2f5498bb19c121e21,0.07108784266320796,0.18790912696247575,1.0207253664530962
2026091900,1,2,34,108,mixture,current,broadcast,0.03,1024,896,0.2302221895006919,0.23431850628168563,0.21676361876447972,0,0,5.653767629060894,21f7581e517b4ce1e89b61151531362996867945fba67c74ac7696003fee6ce6,46950473,Exploratory development; not preregistered or confirmatory,2.9.1+cu128,9cbcc004f404a6738dc5de5954cef0ff8a3a435f7d0b50aead0dc978ba0faf70,0.20868805783716607,,
2026091900,1,2,34,108,mixture,current,exact,0.03,1024,896,0.22713718002046684,0.23161933046345679,0.21284339853998627,0,0,5.418563561979681,21f7581e517b4ce1e89b61151531362996867945fba67c74ac7696003fee6ce6,46950473,Exploratory development; not preregistered or confirmatory,2.9.1+cu128,899dc83ee6e4a612ff1ea553a250b8bbe2feb5b399577ec1b3ed167ea36f9ff6,0.20510372163407706,,
2026091900,1,2,34,108,mixture,current,resistance,0.03,1024,896,0.24006270469488988,0.2435641882535021,0.2313715413656405,0,0,6.010557390050963,21f7581e517b4ce1e89b61151531362996867945fba67c74ac7696003fee6ce6,46950473,Exploratory development; not preregistered or confirmatory,2.9.1+cu128,64dcde523615ec838fec4fd06f06ef63037fe3acda97481fb501cfe319d999e5,0.22191171336593601,,
2026091900,1,2,34,108,mixture,current,swapped,0.03,1024,1024,0.20527329505581593,0.20527329505581593,0.19711719309469025,0,0,6.025957678910345,21f7581e517b4ce1e89b61151531362996867945fba67c74ac7696003fee6ce6,46950473,Exploratory development; not preregistered or confirmatory,2.9.1+cu128,21257288a582ff9e8c757520b0927ff3c772ca392a3c69aa629ff37e803af77d,0.19249450914553604,,
2026091900,1,2,34,108,mixture,current,uniform_rms,0.03,1024,896,0.22671194971205152,0.23229917789506407,0.21093205460796674,0,0,6.117985658114776,21f7581e517b4ce1e89b61151531362996867945fba67c74ac7696003fee6ce6,46950473,Exploratory development; not preregistered or confirmatory,2.9.1+cu128,31ae28f9e581d922e16a73fccd0b078934b361ccdf2b8a69dd489003ea52bc10,0.2036785667166257,,
2026091900,1,2,34,108,mixture,shunt,broadcast,0.03,1024,896,0.1112433164363067,0.11264163613591052,0.11606263490116153,0,0,4.73540865490213,21f7581e517b4ce1e89b61151531362996867945fba67c74ac7696003fee6ce6,46950427,Exploratory development; not preregistered or confirmatory,2.9.1+cu128,907b6065d82bf63ca264b9ba4dcbd3680747d45c6fd0b9bfef0295f5c0fb7b73,0.11577642866827159,,
2026091900,1,2,34,108,mixture,shunt,exact,0.03,1024,896,0.10573988354858335,0.10975485359488278,0.11003675820244026,0,0,4.440604089992121,21f7581e517b4ce1e89b61151531362996867945fba67c74ac7696003fee6ce6,46950427,Exploratory development; not preregistered or confirmatory,2.9.1+cu128,60424cd5dda1a6b8e9b41718f2decbf1e7e47a485d25429d2bc2865a406e3d0c,0.11047618009913235,,
2026091900,1,2,34,108,mixture,shunt,resistance,0.03,1024,896,0.10619929414112914,0.10993362627001285,0.11058934510341921,0,0,5.122631296981126,21f7581e517b4ce1e89b61151531362996867945fba67c74ac7696003fee6ce6,46950427,Exploratory development; not preregistered or confirmatory,2.9.1+cu128,9485d0b11675f7025e25a0a134a37276b77677af9a18454d093ce359dffc1745,0.1110471670730073,,
2026091900,1,2,34,108,mixture,shunt,swapped,0.03,1024,896,0.13208457944877386,0.13931564128637364,0.1460457301974061,0,0,5.1789506040513515,21f7581e517b4ce1e89b61151531362996867945fba67c74ac7696003fee6ce6,46950427,Exploratory development; not preregistered or confirmatory,2.9.1+cu128,5c743b17944f8d6a9bdecec3b42f406d7ef7a548bf87de03563f722449cb5eaa,0.13739348922012024,,
2026091900,1,2,34,108,mixture,shunt,uniform_rms,0.03,1024,896,0.15155404356840663,0.1593567235355285,0.164672360179212,0,0,5.240204236935824,21f7581e517b4ce1e89b61151531362996867945fba67c74ac7696003fee6ce6,46950427,Exploratory development; not preregistered or confirmatory,2.9.1+cu128,987f8960442bb60600188dcdd8c38fd6eb46aeb843070901f8c7f3cfe5525c30,0.16214997153812286,,
2026091900,1,2,34,108,mixture,tonic,broadcast,0.03,1024,896,0.23018411017101503,0.2342561452945115,0.2173797608290876,0,0,4.874820357887074,21f7581e517b4ce1e89b61151531362996867945fba67c74ac7696003fee6ce6,46950472,Exploratory development; not preregistered or confirmatory,2.9.1+cu128,7c63ade8d5a239e24809c78073146ba7669c29f17ceb8797fdf526907a1ad851,0.20939294645842366,,
2026091900,1,2,34,108,mixture,tonic,exact,0.03,1024,896,0.22705086458203705,0.23150929788767435,0.21334415943294674,0,0,4.670249135000631,21f7581e517b4ce1e89b61151531362996867945fba67c74ac7696003fee6ce6,46950472,Exploratory development; not preregistered or confirmatory,2.9.1+cu128,1cccd8234b0f2c96ffad896a25746e823ac6ace206fa265aba06d1fd351636ca,0.20571596576210738,,
2026091900,1,2,34,108,mixture,tonic,resistance,0.03,1024,896,0.24047039986931565,0.24387376554998372,0.23266017230419123,0,0,5.288933445932344,21f7581e517b4ce1e89b61151531362996867945fba67c74ac7696003fee6ce6,46950472,Exploratory development; not preregistered or confirmatory,2.9.1+cu128,d940c7a966f5e1b19def6252018a72b53efb9c99a679991286102758421b0d3e,0.2231464154737168,,
2026091900,1,2,34,108,mixture,tonic,swapped,0.03,1024,1024,0.16822104407755345,0.16822104407755345,0.1651970046423128,0,0,5.254284589085728,21f7581e517b4ce1e89b61151531362996867945fba67c74ac7696003fee6ce6,46950472,Exploratory development; not preregistered or confirmatory,2.9.1+cu128,fa1dfee2ff9905537749df7f6de2490c54667195ca664150fd67c7a5d7ebd08a,0.15905444644060157,,
2026091900,1,2,34,108,mixture,tonic,uniform_rms,0.03,1024,896,0.22662597437601406,0.2321799752453176,0.2113199196621908,0,0,5.29982267995365,21f7581e517b4ce1e89b61151531362996867945fba67c74ac7696003fee6ce6,46950472,Exploratory development; not preregistered or confirmatory,2.9.1+cu128,73b5906bd8d57642d67666a6e40c59359b7898fee1c1627edd39bd1867fea800,0.20422617868110887,,
2026091900,1,2,34,108,selection,current,broadcast,0.03,1024,896,0.05951908228225066,0.060928805141857154,0.06250066861272632,0,0,5.604869734030217,21f7581e517b4ce1e89b61151531362996867945fba67c74ac7696003fee6ce6,46950426,Exploratory development; not preregistered or confirmatory,2.9.1+cu128,28a5bf08a533c726cbe2c0844ebf1c38a2606fe41bf6674d5f8d1973ec48a016,0.06470314377419459,0.11089983486362494,0.549033821548295
2026091900,1,2,34,108,selection,current,exact,0.03,1024,896,0.05850259950215388,0.05984643074185123,0.0617178939821473,156,0,5.347265866119415,21f7581e517b4ce1e89b61151531362996867945fba67c74ac7696003fee6ce6,46950426,Exploratory development; not preregistered or confirmatory,2.9.1+cu128,2c0a431fa22d86b44cda7ccf8c9b1b86a0c80d68b80be1e5477a2c5a9c12afec,0.06366477776003328,0.09169511120784575,0.40792876906738146
2026091900,1,2,34,108,selection,current,resistance,0.03,1024,896,0.059545815599823894,0.06081817025366117,0.0626572092817139,498,0,6.124399265041575,21f7581e517b4ce1e89b61151531362996867945fba67c74ac7696003fee6ce6,46950426,Exploratory development; not preregistered or confirmatory,2.9.1+cu128,03df906a0e037a372ff1ba071c4f71caba00bab9e403391ed18787c57042b969,0.06501820933759803,0.1250245204793337,0.6007854365414038
2026091900,1,2,34,108,selection,current,swapped,0.03,1024,1024,0.06659370029731648,0.06659370029731648,0.06816343264721875,0,0,6.13465289096348,21f7581e517b4ce1e89b61151531362996867945fba67c74ac7696003fee6ce6,46950426,Exploratory development; not preregistered or confirmatory,2.9.1+cu128,79c5d59c1c9149030f517935c5f39811a415e96f3ad54c5985c28be15db53d65,0.06974888885023242,0.11513209421128721,0.40881876651702237
2026091900,1,2,34,108,selection,current,uniform_rms,0.03,1024,896,0.0594190393654879,0.06080862035051793,0.06236620925762659,0,0,6.18105615186505,21f7581e517b4ce1e89b61151531362996867945fba67c74ac7696003fee6ce6,46950426,Exploratory development; not preregistered or confirmatory,2.9.1+cu128,d92861a3d526e0137f6bad1dfc507b91ade7d9027bd3ccd7dba2c91755e200b3,0.06455395025345746,0.10677658492157308,0.5229191840252753
2026091900,1,2,34,108,selection,shunt,broadcast,0.03,1024,896,0.05992459886906925,0.06301939237528376,0.06401617277566722,0,0,4.659062010934576,21f7581e517b4ce1e89b61151531362996867945fba67c74ac7696003fee6ce6,46950424,Exploratory development; not preregistered or confirmatory,2.9.1+cu128,1b5c3f0cd17d02f44c8adaa14ec29a393362241071cb02d5092e4f9fb7055ed7,0.06556042386239234,0.06638077060808695,0.06671940997230967
2026091900,1,2,34,108,selection,shunt,exact,0.03,1024,768,0.05905245860102814,0.06064458175561277,0.062280501614331914,0,0,4.35806777398102,21f7581e517b4ce1e89b61151531362996867945fba67c74ac7696003fee6ce6,46950424,Exploratory development; not preregistered or confirmatory,2.9.1+cu128,fade1f50cc74aaf63107bd02f4670e46a796eb3a729b98d38c1d9c6e3cad3b4c,0.06415643063304736,0.06468621536117086,0.06487292396569419
2026091900,1,2,34,108,selection,shunt,resistance,0.03,1024,768,0.059239418205610114,0.0607652424649172,0.06245114612357317,0,0,5.009487672941759,21f7581e517b4ce1e89b61151531362996867945fba67c74ac7696003fee6ce6,46950424,Exploratory development; not preregistered or confirmatory,2.9.1+cu128,e9e952bb659c68972eda585d1bd050accaeec96dc2f7a742772d03ec9467bb1b,0.0642737075338393,0.0648613992470904,0.06506958532301044
2026091900,1,2,34,108,selection,shunt,swapped,0.03,1024,512,0.18705467760240688,0.23837213582260958,0.18930234633658824,0,0,5.042651173193008,21f7581e517b4ce1e89b61151531362996867945fba67c74ac7696003fee6ce6,46950424,Exploratory development; not preregistered or confirmatory,2.9.1+cu128,a6ae816146e89358e00e435e359045d4d1251a1210f245365710201042f1c212,0.186283467804217,0.19037984004492198,0.19211751978506178
2026091900,1,2,34,108,selection,shunt,uniform_rms,0.03,1024,896,0.05995157218144229,0.06304690670040056,0.06404347317968373,0,0,5.108039094833657,21f7581e517b4ce1e89b61151531362996867945fba67c74ac7696003fee6ce6,46950424,Exploratory development; not preregistered or confirmatory,2.9.1+cu128,b646d829abc58567ec946ca34ef2d00376e58f3bba0c359f7503e84e646a0690,0.06558138411516994,0.06640269468165423,0.06674095896077219
2026091900,1,2,34,108,selection,tonic,broadcast,0.03,1024,896,0.059359030920828774,0.06093187209276195,0.062465285271777325,0,0,4.833471499849111,21f7581e517b4ce1e89b61151531362996867945fba67c74ac7696003fee6ce6,46950425,Exploratory development; not preregistered or confirmatory,2.9.1+cu128,a6a1ab4fe323391f201c504a7504fb7ce72dcd77035045f02309511bd0984e17,0.06462414160685584,0.11134986838589582,0.5528866739966488
2026091900,1,2,34,108,selection,tonic,exact,0.03,1024,896,0.058446769319964675,0.0598104456180514,0.06174239019115083,131,0,4.561323800124228,21f7581e517b4ce1e89b61151531362996867945fba67c74ac7696003fee6ce6,46950425,Exploratory development; not preregistered or confirmatory,2.9.1+cu128,511019b63ce18a80a65641d7beab80f688d0162c179a9edecf44d451afbd4904,0.06366240923811674,0.09140596795292531,0.4048681636946567
2026091900,1,2,34,108,selection,tonic,resistance,0.03,1024,896,0.05963388908323787,0.06103999968104746,0.06271793634957917,485,0,5.269731200067326,21f7581e517b4ce1e89b61151531362996867945fba67c74ac7696003fee6ce6,46950425,Exploratory development; not preregistered or confirmatory,2.9.1+cu128,ec9a736bd38fc9015f6d1f4b1aa289eebd9bfa368e935c492a70a370471685bf,0.06505140782359638,0.1276021439165106,0.611421051751422
2026091900,1,2,34,108,selection,tonic,swapped,0.03,1024,1024,0.06499488605336802,0.06499488605336802,0.06728784794028486,0,0,5.314760466106236,21f7581e517b4ce1e89b61151531362996867945fba67c74ac7696003fee6ce6,46950425,Exploratory development; not preregistered or confirmatory,2.9.1+cu128,57c470f973a7fb061eef37adc1db2360b8864612d8c9ec8f867171dd76378f66,0.06886840111744746,0.11287484312477589,0.4800466582640505
2026091900,1,2,34,108,selection,tonic,uniform_rms,0.03,1024,896,0.05923131201370326,0.060793057293087024,0.06230183793509969,0,0,5.416481469990686,21f7581e517b4ce1e89b61151531362996867945fba67c74ac7696003fee6ce6,46950425,Exploratory development; not preregistered or confirmatory,2.9.1+cu128,5eb590c9c61ce02d96d433343a9e61fbf747b3f2524b8a39d14ed98b383a5194,0.06444620970903613,0.10671549225439039,0.5237352495710422
2026091901,16,2,529,1713,mixture,current,broadcast,0.03,1024,896,0.09744594612063247,0.13015518140406562,0.10709620514852883,0,0,6.64946165913716,21f7581e517b4ce1e89b61151531362996867945fba67c74ac7696003fee6ce6,46950775,Exploratory development; not preregistered or confirmatory,2.9.1+cu128,e5b952ec9f80a9c5620d23088502b8a16bc7793a05be25e8b3a02390be82c130,0.10247649627831715,,
2026091901,16,2,529,1713,mixture,current,exact,0.03,1024,896,0.09891643917581354,0.1314554488092434,0.10871297230172562,0,0,6.3045081240125,21f7581e517b4ce1e89b61151531362996867945fba67c74ac7696003fee6ce6,46950775,Exploratory development; not preregistered or confirmatory,2.9.1+cu128,e626890bbbf2fe2ff9818cb0af427bb99d63082e238cad3eb6639dde8fa98ca2,0.10374342423710244,,
2026091901,16,2,529,1713,mixture,current,resistance,0.03,1024,1024,0.07196029548602499,0.07196029548602499,0.07904294031331999,0,0,7.2839526750613,21f7581e517b4ce1e89b61151531362996867945fba67c74ac7696003fee6ce6,46950775,Exploratory development; not preregistered or confirmatory,2.9.1+cu128,3eeea67893aef2dca561044c0031b6b998187192e41e6af5dc08021df4ebb37b,0.07622305137911098,,
2026091901,16,2,529,1713,mixture,current,swapped,0.03,1024,1024,0.06197655674082622,0.06197655674082622,0.06900691922908946,0,0,7.13497861311771,21f7581e517b4ce1e89b61151531362996867945fba67c74ac7696003fee6ce6,46950775,Exploratory development; not preregistered or confirmatory,2.9.1+cu128,4bacb44e272fc7d2cabe5af5c462b96a8980b71e33573bc330a296bc9862263a,0.06770742272335324,,
2026091901,16,2,529,1713,mixture,current,uniform_rms,0.03,1024,896,0.08496228549512463,0.09467366974367213,0.09435669322896124,0,0,7.281641945941374,21f7581e517b4ce1e89b61151531362996867945fba67c74ac7696003fee6ce6,46950775,Exploratory development; not preregistered or confirmatory,2.9.1+cu128,227ce8111c69186f0912f3cc1fb6764d5b477b5b220141a151bbc475b3dc37f2,0.08975638106817435,,
2026091901,16,2,529,1713,mixture,shunt,broadcast,0.03,1024,896,0.08661744041566861,0.08794676726732968,0.0944590294027629,0,0,5.51965582696721,21f7581e517b4ce1e89b61151531362996867945fba67c74ac7696003fee6ce6,46950737,Exploratory development; not preregistered or confirmatory,2.9.1+cu128,eb898f0a41300bc86b04b9358c7b03e5bb6baa1a1ae2c1354eb6e5df38173d67,0.09127139862659445,,
2026091901,16,2,529,1713,mixture,shunt,exact,0.03,1024,512,0.09042032665870046,0.09122779289742933,0.09585862341652822,0,0,5.107104415073991,21f7581e517b4ce1e89b61151531362996867945fba67c74ac7696003fee6ce6,46950737,Exploratory development; not preregistered or confirmatory,2.9.1+cu128,3346b428630124a122e0ba7883f12d57a366fa51b33f15060cbd6f96f4f4a396,0.09525530816551732,,
2026091901,16,2,529,1713,mixture,shunt,resistance,0.03,1024,512,0.0904910657425761,0.09098782248634853,0.09594304341474316,0,0,6.116159901954234,21f7581e517b4ce1e89b61151531362996867945fba67c74ac7696003fee6ce6,46950737,Exploratory development; not preregistered or confirmatory,2.9.1+cu128,1bad59db0825162a6ffc0f712fad31e82c83d41d05ff5915ba71bd93ee991da5,0.09533292368016756,,
2026091901,16,2,529,1713,mixture,shunt,swapped,0.03,1024,1024,0.06463212446725505,0.06463212446725505,0.07239257703676856,0,0,6.042185942875221,21f7581e517b4ce1e89b61151531362996867945fba67c74ac7696003fee6ce6,46950737,Exploratory development; not preregistered or confirmatory,2.9.1+cu128,cc889f2492d99cfc493435fd934440b85a157ebfa689138ca6c36d7c54f6a7ee,0.06984776923070686,,
2026091901,16,2,529,1713,mixture,shunt,uniform_rms,0.03,1024,896,0.08419438429175562,0.0852638093115513,0.09224495370312966,0,0,6.0382367661222816,21f7581e517b4ce1e89b61151531362996867945fba67c74ac7696003fee6ce6,46950737,Exploratory development; not preregistered or confirmatory,2.9.1+cu128,41501f34f01621abacaee51d9c0760e6765d32d7c8632ee140318b0f35429d77,0.08816799366936376,,
2026091901,16,2,529,1713,mixture,tonic,broadcast,0.03,1024,896,0.10088542208924488,0.13843825499522208,0.10965555416359614,0,0,5.766871080966666,21f7581e517b4ce1e89b61151531362996867945fba67c74ac7696003fee6ce6,46950774,Exploratory development; not preregistered or confirmatory,2.9.1+cu128,3ffa14fcccb2631eec9ebda2823ec3a0d4e6919e75086ff1dd46a3310d3b8e41,0.10530173052392652,,
2026091901,16,2,529,1713,mixture,tonic,exact,0.03,1024,896,0.09975701359391642,0.13689811386273212,0.10900637879274024,0,0,5.45778027898632,21f7581e517b4ce1e89b61151531362996867945fba67c74ac7696003fee6ce6,46950774,Exploratory development; not preregistered or confirmatory,2.9.1+cu128,407a6ad07e91dea3aab1f1608be1a7e9f1004ea7b3825032b6d3cc9000da7637,0.10435839531584871,,
2026091901,16,2,529,1713,mixture,tonic,resistance,0.03,1024,1024,0.06910415866932998,0.06910415866932998,0.07532721230811447,0,0,6.371928796870634,21f7581e517b4ce1e89b61151531362996867945fba67c74ac7696003fee6ce6,46950774,Exploratory development; not preregistered or confirmatory,2.9.1+cu128,7904061258fab2d21f8d1aea9305c71a82f8b827284af334f70c058bc7ea4e67,0.07334494360527463,,
2026091901,16,2,529,1713,mixture,tonic,swapped,0.03,1024,1024,0.06264752542649414,0.06264752542649414,0.06972020432915464,0,0,6.233578803949058,21f7581e517b4ce1e89b61151531362996867945fba67c74ac7696003fee6ce6,46950774,Exploratory development; not preregistered or confirmatory,2.9.1+cu128,2cdc751fcfa7e6cb8560d6131185086792c8f7a0d7b20df14cf60ca6b51cce8d,0.0683811668035902,,
2026091901,16,2,529,1713,mixture,tonic,uniform_rms,0.03,1024,896,0.08386699022301584,0.09384910796617067,0.09282421657512904,0,0,6.341140792006627,21f7581e517b4ce1e89b61151531362996867945fba67c74ac7696003fee6ce6,46950774,Exploratory development; not preregistered or confirmatory,2.9.1+cu128,24810d3253920cedc467a213b9e16851a4d0053e393adc20f4999f0239f8d66a,0.08852161259561635,,
2026091901,16,2,529,1713,selection,current,broadcast,0.03,1024,896,0.06383679440832117,0.06570213998128058,0.06286471237508877,0,0,6.484547530999407,21f7581e517b4ce1e89b61151531362996867945fba67c74ac7696003fee6ce6,46950736,Exploratory development; not preregistered or confirmatory,2.9.1+cu128,e9c100ca42edb99987fbd222f7fb30b79df2216f0ecbb7f2ef21bc62c13f0937,0.0611435959754264,0.0987830765458115,0.3574510449957752
2026091901,16,2,529,1713,selection,current,exact,0.03,1024,1024,0.06367754065468995,0.06367754065468995,0.06340756286959388,0,0,6.1055406557861716,21f7581e517b4ce1e89b61151531362996867945fba67c74ac7696003fee6ce6,46950736,Exploratory development; not preregistered or confirmatory,2.9.1+cu128,650bbcc704447d92849b4d905b82c65510bc48fdc55aab5f8c0ad28f9cfd0c1b,0.061451472261733545,0.09142092760115136,0.3272152368358254
2026091901,16,2,529,1713,selection,current,resistance,0.03,1024,1024,0.06487966451752276,0.06487966451752276,0.06403827327438301,228,0,6.94507382507436,21f7581e517b4ce1e89b61151531362996867945fba67c74ac7696003fee6ce6,46950736,Exploratory development; not preregistered or confirmatory,2.9.1+cu128,4308a923fe8c49a12d915b315baebf4dbf44c00fe4948f841e3704f6a4c20e7f,0.06213043389455934,0.07818470930626333,0.22511558762173436
2026091901,16,2,529,1713,selection,current,swapped,0.03,1024,1024,0.06281030301402551,0.06281030301402551,0.06355791042756212,0,0,6.927297454094514,21f7581e517b4ce1e89b61151531362996867945fba67c74ac7696003fee6ce6,46950736,Exploratory development; not preregistered or confirmatory,2.9.1+cu128,5afca0411d37e1a82e4bd97a01e0edc4ec5addd6f57ec022006015b4a4cfaaac,0.061612410125815885,0.1405799361903873,0.48586892331052045
2026091901,16,2,529,1713,selection,current,uniform_rms,0.03,1024,896,0.06397271551537448,0.06634088996708919,0.06299527888828119,0,0,7.035541426856071,21f7581e517b4ce1e89b61151531362996867945fba67c74ac7696003fee6ce6,46950736,Exploratory development; not preregistered or confirmatory,2.9.1+cu128,dddbcddb350a8ba7d35d76c77860112d902eae443a5fe246346212198f871ab2,0.0612839106701604,0.09679347089329027,0.35047059875501635
2026091901,16,2,529,1713,selection,shunt,broadcast,0.03,1024,768,0.0649489924228961,0.06623722284883493,0.06416510514077833,0,0,5.996067874832079,21f7581e517b4ce1e89b61151531362996867945fba67c74ac7696003fee6ce6,46950734,Exploratory development; not preregistered or confirmatory,2.9.1+cu128,057699edaaa003395920a57c3eefceef1f67bf7142cc71d3935335fdd92a6721,0.06282153944575598,0.06388161307292803,0.06633515045315651
2026091901,16,2,529,1713,selection,shunt,exact,0.03,1024,384,0.06457154275343957,0.06756064272831061,0.06386729474023144,0,0,5.6108337140176445,21f7581e517b4ce1e89b61151531362996867945fba67c74ac7696003fee6ce6,46950734,Exploratory development; not preregistered or confirmatory,2.9.1+cu128,a0a20f0b83ae4f68bdbe1bdf0bfa285986fcf5d6786356e50364aa35e7f0e1cc,0.06208586066189104,0.06304878539506256,0.06363469850016072
2026091901,16,2,529,1713,selection,shunt,resistance,0.03,1024,384,0.06482721316075098,0.0673265278691508,0.06416991361451999,0,0,6.348130722064525,21f7581e517b4ce1e89b61151531362996867945fba67c74ac7696003fee6ce6,46950734,Exploratory development; not preregistered or confirmatory,2.9.1+cu128,b2151873f851caf7211cd9d554d0a66f0274fd4ad6273d87293046e811764b87,0.06238877914749083,0.06334957157756016,0.06393159044581068
2026091901,16,2,529,1713,selection,shunt,swapped,0.01,1024,768,0.06357603130406803,0.06567320234373933,0.06365491032065881,0,0,6.391412466065958,21f7581e517b4ce1e89b61151531362996867945fba67c74ac7696003fee6ce6,46950734,Exploratory development; not preregistered or confirmatory,2.9.1+cu128,fdbf313416906888ab96814274dfd4187e14e2a4432ccddc582aed8ced1e9370,0.06130436600802804,0.07037454165907846,0.0896937438754917
2026091901,16,2,529,1713,selection,shunt,uniform_rms,0.03,1024,768,0.06505654201970898,0.06615047113598913,0.06428305762048951,0,0,6.719857819145545,21f7581e517b4ce1e89b61151531362996867945fba67c74ac7696003fee6ce6,46950734,Exploratory development; not preregistered or confirmatory,2.9.1+cu128,9dc838c86801b79382880060df4e4f3c367c1907e80058284fc5da152c696721,0.06293111466102307,0.06398557630890471,0.06638826682557729
2026091901,16,2,529,1713,selection,tonic,broadcast,0.03,1024,896,0.06389206746020852,0.06585997037479065,0.0629394810747588,0,0,5.535887202946469,21f7581e517b4ce1e89b61151531362996867945fba67c74ac7696003fee6ce6,46950735,Exploratory development; not preregistered or confirmatory,2.9.1+cu128,d80674d641e9750a0dfc35a9efa7b3bf76fba000a0d8c04ac742a06107e06dfc,0.061229471059862824,0.09927888758990083,0.357965798795826
2026091901,16,2,529,1713,selection,tonic,exact,0.03,1024,1024,0.06350218162244994,0.06350218162244994,0.06331241104799182,0,0,5.2100288269575685,21f7581e517b4ce1e89b61151531362996867945fba67c74ac7696003fee6ce6,46950735,Exploratory development; not preregistered or confirmatory,2.9.1+cu128,e6be1cff4a5ae68e6af5b912a6899136206f4967aa0fadcbee3feb82365178ae,0.06139183635542936,0.08972061753526694,0.3201642484531771
2026091901,16,2,529,1713,selection,tonic,resistance,0.03,1024,1024,0.06499358238246886,0.06499358238246886,0.06416975358809367,216,0,6.15755851007998,21f7581e517b4ce1e89b61151531362996867945fba67c74ac7696003fee6ce6,46950735,Exploratory development; not preregistered or confirmatory,2.9.1+cu128,9bd36e99e808d43b173a096f5910daec568f1849da0932bed498fe846d050f87,0.06224433759452547,0.07832284302074093,0.22520373074754663
2026091901,16,2,529,1713,selection,tonic,swapped,0.03,1024,1024,0.06252968126513898,0.06252968126513898,0.06344741445062811,0,0,6.051173117943108,21f7581e517b4ce1e89b61151531362996867945fba67c74ac7696003fee6ce6,46950735,Exploratory development; not preregistered or confirmatory,2.9.1+cu128,12a42039a91144294f2fc9c2f701feab55a702af5b034f492a31f75ac74b6587,0.061291567866289615,0.13873525053890093,0.481896715750753
2026091901,16,2,529,1713,selection,tonic,uniform_rms,0.03,1024,896,0.06409408524058083,0.06675156834284306,0.06307002246027586,0,0,6.055440731113777,21f7581e517b4ce1e89b61151531362996867945fba67c74ac7696003fee6ce6,46950735,Exploratory development; not preregistered or confirmatory,2.9.1+cu128,76bf8b82c5a5f68841798e9822581e1fdd53ac1bdfc2cf5b47b85b55f81757a7,0.06139810855066619,0.09678746436740882,0.35025483055556644
2026091901,16,4,1297,6609,mixture,current,broadcast,0.03,1024,1024,0.2520104768284629,0.2520104768284629,0.2535401510273772,0,0,5.809449309017509,21f7581e517b4ce1e89b61151531362996867945fba67c74ac7696003fee6ce6,46950936,Exploratory development; not preregistered or confirmatory,2.9.1+cu128,f81b0d3158d24068d0209c8e160bf2d9f94ae860357a90069ae9271a3ca2a76b,0.2564215608650713,,
2026091901,16,4,1297,6609,mixture,current,exact,0.03,1024,1024,0.25971784755194394,0.25971784755194394,0.25471592071008375,296,0,5.504164472222328,21f7581e517b4ce1e89b61151531362996867945fba67c74ac7696003fee6ce6,46950936,Exploratory development; not preregistered or confirmatory,2.9.1+cu128,6b60d70f34f781e423a9509c7b0fdc8f84422f407f77feba05f138fc9702acdd,0.25847741285824966,,
2026091901,16,4,1297,6609,mixture,current,resistance,0.03,1024,1024,0.3821977894586307,0.3821977894586307,0.3876881642562875,0,0,6.111792478011921,21f7581e517b4ce1e89b61151531362996867945fba67c74ac7696003fee6ce6,46950936,Exploratory development; not preregistered or confirmatory,2.9.1+cu128,ae8b70d6e45f99ccac799510e440f294fcaaae50d072ec65e11b7bc3baa3ca18,0.38980862768175445,,
2026091901,16,4,1297,6609,mixture,current,swapped,0.03,1024,1024,0.24488434535245807,0.24488434535245807,0.23854474508482285,0,0,6.33707544580102,21f7581e517b4ce1e89b61151531362996867945fba67c74ac7696003fee6ce6,46950936,Exploratory development; not preregistered or confirmatory,2.9.1+cu128,301d0f4cae4b0aa4be4691451424f77eb0d4782fbc934a16110829be1c4a3470,0.24140994896216544,,
2026091901,16,4,1297,6609,mixture,current,uniform_rms,0.03,1024,1024,0.26967422781710726,0.26967422781710726,0.26512798041956925,0,0,6.09005815605633,21f7581e517b4ce1e89b61151531362996867945fba67c74ac7696003fee6ce6,46950936,Exploratory development; not preregistered or confirmatory,2.9.1+cu128,67868f173e3d883c107ab0fa185117c06dbf5b1dab81d662edebe9807cdf08fd,0.268083404667173,,
2026091901,16,4,1297,6609,mixture,shunt,broadcast,0.03,1024,1024,0.17276344822278408,0.17276344822278408,0.16990951972833981,0,0,5.036510408855975,21f7581e517b4ce1e89b61151531362996867945fba67c74ac7696003fee6ce6,46950814,Exploratory development; not preregistered or confirmatory,2.9.1+cu128,f76a2a09afb52d5498a06401431ad101e6115b85564af0bd06c49065096dcfc1,0.1705334771327127,,
2026091901,16,4,1297,6609,mixture,shunt,exact,0.03,1024,896,0.16314171233226477,0.1727517977812307,0.16240554820015796,308,0,4.688684609951451,21f7581e517b4ce1e89b61151531362996867945fba67c74ac7696003fee6ce6,46950814,Exploratory development; not preregistered or confirmatory,2.9.1+cu128,1c54c837fc03fc85df87eaf03200f28c6448e576673ed7984b93a2e551a6e648,0.1598393385708416,,
2026091901,16,4,1297,6609,mixture,shunt,resistance,0.03,1024,896,0.16381087835752242,0.1731333794822874,0.16324527915160822,0,0,5.252368967980146,21f7581e517b4ce1e89b61151531362996867945fba67c74ac7696003fee6ce6,46950814,Exploratory development; not preregistered or confirmatory,2.9.1+cu128,442a19eaed448d91504aed3ab8bf83a28a6d63bb203360d55f0b84c31e216e15,0.1608920627884004,,
2026091901,16,4,1297,6609,mixture,shunt,swapped,0.03,1024,1024,0.1553872602162468,0.1553872602162468,0.15562818429238812,0,0,5.352412404958159,21f7581e517b4ce1e89b61151531362996867945fba67c74ac7696003fee6ce6,46950814,Exploratory development; not preregistered or confirmatory,2.9.1+cu128,4c0a5bfc691d9191eafb519c94ffaa8f77cd27ca55cf91a80cdb63b0b52ed1c5,0.15485409618489945,,
2026091901,16,4,1297,6609,mixture,shunt,uniform_rms,0.03,1024,1024,0.17559076124160913,0.17559076124160913,0.17279151356837924,0,0,5.516983757028356,21f7581e517b4ce1e89b61151531362996867945fba67c74ac7696003fee6ce6,46950814,Exploratory development; not preregistered or confirmatory,2.9.1+cu128,acdb81772c7de249564c1cab9b677f90a67423bd0a3039b3e57f0699f4db56df,0.17347784424558466,,
2026091901,16,4,1297,6609,mixture,tonic,broadcast,0.03,1024,1024,0.26386372458225243,0.26386372458225243,0.2669748918993182,0,0,6.110146066872403,21f7581e517b4ce1e89b61151531362996867945fba67c74ac7696003fee6ce6,46950935,Exploratory development; not preregistered or confirmatory,2.9.1+cu128,cca772ba3c64d44577913cbf68a7b4930cad2ffc8479348b1efa70e9ae7f646a,0.2700539562471803,,
2026091901,16,4,1297,6609,mixture,tonic,exact,0.03,1024,1024,0.2597988681201971,0.2597988681201971,0.25437786928899403,470,0,5.769139137817547,21f7581e517b4ce1e89b61151531362996867945fba67c74ac7696003fee6ce6,46950935,Exploratory development; not preregistered or confirmatory,2.9.1+cu128,8fb1720016835980ca8f7ae388a1b1d7103cdc369bdf57d68de76d8ead028220,0.2580895119238973,,
2026091901,16,4,1297,6609,mixture,tonic,resistance,0.03,1024,1024,0.38050821170674326,0.38050821170674326,0.38536203432720056,0,0,6.561096087098122,21f7581e517b4ce1e89b61151531362996867945fba67c74ac7696003fee6ce6,46950935,Exploratory development; not preregistered or confirmatory,2.9.1+cu128,3c50534644db9b709d44726818c4e4a38aa578e985e5ff4e8199d33e58019f7a,0.38797338505689627,,
2026091901,16,4,1297,6609,mixture,tonic,swapped,0.03,1024,1024,0.2310347145577366,0.2310347145577366,0.22681913064593281,0,0,6.576601362088695,21f7581e517b4ce1e89b61151531362996867945fba67c74ac7696003fee6ce6,46950935,Exploratory development; not preregistered or confirmatory,2.9.1+cu128,46c18ce8b62215dca67108c773a44d84bd5cf1a6d3948ef029b9bf302182dd55,0.22851859913030276,,
2026091901,16,4,1297,6609,mixture,tonic,uniform_rms,0.03,1024,1024,0.26585787748322814,0.26585787748322814,0.26034957433003597,0,0,6.68589141801931,21f7581e517b4ce1e89b61151531362996867945fba67c74ac7696003fee6ce6,46950935,Exploratory development; not preregistered or confirmatory,2.9.1+cu128,9646d5ecd2d69f92d8b1cf5eddd93325519fdc1860b48556163a352095413d11,0.2646728627106721,,
2026091901,16,4,1297,6609,selection,current,broadcast,0.03,1024,1024,0.06847592280856991,0.06847592280856991,0.06645269365682938,0,0,7.9703922821208835,21f7581e517b4ce1e89b61151531362996867945fba67c74ac7696003fee6ce6,46950813,Exploratory development; not preregistered or confirmatory,2.9.1+cu128,b8b688c7e22a2a9bdab171bdc3d942d92fa6417ce0ee790e23f9dd276b44dc02,0.07004010929511917,0.1969228334992954,1.0484252976466695
2026091901,16,4,1297,6609,selection,current,exact,0.03,1024,1024,0.06739167482318238,0.06739167482318238,0.06532496110120431,340,0,7.629048052011058,21f7581e517b4ce1e89b61151531362996867945fba67c74ac7696003fee6ce6,46950813,Exploratory development; not preregistered or confirmatory,2.9.1+cu128,bc1fc2e1afe2078fa6bec1318b14953b70c850e50b7791bbde765282b7997ff3,0.06884316354832828,0.1559349530412144,0.8242016926863363
2026091901,16,4,1297,6609,selection,current,resistance,0.03,1024,1024,0.06612633050386896,0.06612633050386896,0.0640561702270089,272,0,8.459223296958953,21f7581e517b4ce1e89b61151531362996867945fba67c74ac7696003fee6ce6,46950813,Exploratory development; not preregistered or confirmatory,2.9.1+cu128,1d907bf1c8161f3abd906e4c07d239b011650a4da7ec2f396f336b87423df264,0.06699891674986863,0.1738835811532587,0.8549839721697811
2026091901,16,4,1297,6609,selection,current,swapped,0.03,1024,1024,0.07052337476078804,0.07052337476078804,0.06880548682172034,0,0,8.589893745956942,21f7581e517b4ce1e89b61151531362996867945fba67c74ac7696003fee6ce6,46950813,Exploratory development; not preregistered or confirmatory,2.9.1+cu128,96bd200bc374e1ffa3e0c7b670a271f7bad7d9bdc4190ac31df5cfa2de7d9806,0.07177116197617518,0.30960819940746276,1.2787810120986678
2026091901,16,4,1297,6609,selection,current,uniform_rms,0.03,1024,1024,0.06807207279759186,0.06807207279759186,0.06611885708914411,0,0,8.405377475079149,21f7581e517b4ce1e89b61151531362996867945fba67c74ac7696003fee6ce6,46950813,Exploratory development; not preregistered or confirmatory,2.9.1+cu128,fa8b2cd143cef3c89e8ecdf955133922200b6332e01ebe9c40e72fa61ea9f3e2,0.06969292356891085,0.18554767157129573,1.0050638381465729
2026091901,16,4,1297,6609,selection,shunt,broadcast,0.03,1024,1024,0.0648231662974395,0.0648231662974395,0.06422063397989101,0,0,6.57989737810567,21f7581e517b4ce1e89b61151531362996867945fba67c74ac7696003fee6ce6,46950776,Exploratory development; not preregistered or confirmatory,2.9.1+cu128,aeb2d580a8de8c5e249ed636a1be0161f54b59e91a032079d80ddf1f4e845a5a,0.06704899010967964,0.07072117469360098,0.07987346981969083
2026091901,16,4,1297,6609,selection,shunt,exact,0.03,1024,1024,0.06381174668301902,0.06381174668301902,0.06143318388273427,0,0,6.195793620077893,21f7581e517b4ce1e89b61151531362996867945fba67c74ac7696003fee6ce6,46950776,Exploratory development; not preregistered or confirmatory,2.9.1+cu128,e58feef4e9c9a2b76ab0dd4c5484ebc5489884a4e055a5e6bf54df15eb75697c,0.06513864766413319,0.0656451200682676,0.06598930932239612
2026091901,16,4,1297,6609,selection,shunt,resistance,0.03,1024,768,0.06397396493722737,0.0640082649547832,0.061676941677673826,0,0,7.009480752050877,21f7581e517b4ce1e89b61151531362996867945fba67c74ac7696003fee6ce6,46950776,Exploratory development; not preregistered or confirmatory,2.9.1+cu128,553eb139080171096f11222e3d24ebdaeaa9717b41d5f68d7530549fab5cf552,0.06541935655290373,0.06605974256849156,0.06646037458668742
2026091901,16,4,1297,6609,selection,shunt,swapped,0.03,1024,1024,0.0647422120894145,0.0647422120894145,0.06390555969262507,0,0,7.053120149997994,21f7581e517b4ce1e89b61151531362996867945fba67c74ac7696003fee6ce6,46950776,Exploratory development; not preregistered or confirmatory,2.9.1+cu128,73f3aa15b566f5e5150fd8e3037cca35b36f89e91b70af4ba0eccbe3069a00e6,0.06694956102596832,0.08086898743862711,0.1332112487502193
2026091901,16,4,1297,6609,selection,shunt,uniform_rms,0.03,1024,1024,0.06543310034975436,0.06543310034975436,0.06481260775538067,0,0,7.136224614921957,21f7581e517b4ce1e89b61151531362996867945fba67c74ac7696003fee6ce6,46950776,Exploratory development; not preregistered or confirmatory,2.9.1+cu128,0f579136e5236164259f4da4e61f3b7bca3df67bdf28b386f043106aea7e957b,0.06764828459615474,0.07133369960800735,0.08030044677503068
2026091901,16,4,1297,6609,selection,tonic,broadcast,0.03,1024,1024,0.06838728624358643,0.06838728624358643,0.06630514902579138,0,0,6.835743286879733,21f7581e517b4ce1e89b61151531362996867945fba67c74ac7696003fee6ce6,46950812,Exploratory development; not preregistered or confirmatory,2.9.1+cu128,f2d233c3255d796c7c485c4ff1e59006f600735ce0392549e20400c3290350ee,0.06999979357775185,0.19287961802250111,1.0054226420373982
2026091901,16,4,1297,6609,selection,tonic,exact,0.03,1024,1024,0.06821660344836794,0.06821660344836794,0.06617215547957517,4,0,6.479927601059899,21f7581e517b4ce1e89b61151531362996867945fba67c74ac7696003fee6ce6,46950812,Exploratory development; not preregistered or confirmatory,2.9.1+cu128,69368c89278230443a9afcf644a2b8bb54572325bfea27fb7a9c92e289a69b88,0.06971481382852873,0.16734731760353347,0.8856772222791305
2026091901,16,4,1297,6609,selection,tonic,resistance,0.03,1024,1024,0.06616642038896206,0.06616642038896206,0.06406645730778197,252,0,7.30946010700427,21f7581e517b4ce1e89b61151531362996867945fba67c74ac7696003fee6ce6,46950812,Exploratory development; not preregistered or confirmatory,2.9.1+cu128,647bc99a31133c64de5af82fe65d3c401f16a7e62914fb26509bdfb717df3102,0.06706315837687127,0.17194978789841178,0.8476416030171794
2026091901,16,4,1297,6609,selection,tonic,swapped,0.03,1024,1024,0.06982173596432295,0.06982173596432295,0.06790352625756028,29,0,7.499388361116871,21f7581e517b4ce1e89b61151531362996867945fba67c74ac7696003fee6ce6,46950812,Exploratory development; not preregistered or confirmatory,2.9.1+cu128,5824bf53de696ea712d7f55d3e1f23cd83b2e964aecd4c68322dd734d680ece7,0.0710492964788054,0.3293237812526684,1.3433497334386295
2026091901,16,4,1297,6609,selection,tonic,uniform_rms,0.03,1024,1024,0.06821927426077296,0.06821927426077296,0.06603247048914862,0,0,7.438121932093054,21f7581e517b4ce1e89b61151531362996867945fba67c74ac7696003fee6ce6,46950812,Exploratory development; not preregistered or confirmatory,2.9.1+cu128,156a7e6ebfe4fecca1362e75ec936f89295e8581b4aef006443268662f1fafef,0.06978286254950165,0.18870417607966647,0.9874089239332089
2026091901,1,2,34,108,mixture,current,broadcast,0.03,1024,768,0.20358614443434864,0.21356705893158173,0.20194703110045592,0,0,5.4895310329739,21f7581e517b4ce1e89b61151531362996867945fba67c74ac7696003fee6ce6,46950699,Exploratory development; not preregistered or confirmatory,2.9.1+cu128,dfae7a5ea229b1cd3a43cd0f0198ebbcddb226c140bb20c704f497e37b07d7de,0.2008880212394523,,
2026091901,1,2,34,108,mixture,current,exact,0.03,1024,768,0.20115982320157338,0.212794125140942,0.19975602017827918,0,0,5.177683089859784,21f7581e517b4ce1e89b61151531362996867945fba67c74ac7696003fee6ce6,46950699,Exploratory development; not preregistered or confirmatory,2.9.1+cu128,edb855309289a093a78dd935e5b1a3a0717bd81c81837a3239ffd6487df1be82,0.198864137478158,,
2026091901,1,2,34,108,mixture,current,resistance,0.03,1024,768,0.205162422750505,0.21523847799726575,0.20251200861964141,0,0,5.788178269984201,21f7581e517b4ce1e89b61151531362996867945fba67c74ac7696003fee6ce6,46950699,Exploratory development; not preregistered or confirmatory,2.9.1+cu128,0729fbd7fcd0f934b4407480efe1efdbb473b02727832a95d29ac5a84e8413c1,0.2020639983538102,,
2026091901,1,2,34,108,mixture,current,swapped,0.03,1024,768,0.1999781184155245,0.21095222209414666,0.19955618043680443,0,0,5.903302977094427,21f7581e517b4ce1e89b61151531362996867945fba67c74ac7696003fee6ce6,46950699,Exploratory development; not preregistered or confirmatory,2.9.1+cu128,b3ff3a97a687fc49a71b28b7bbda043c911e14a38deb9a152d577cfcc8ffcd4a,0.1982095874907027,,
2026091901,1,2,34,108,mixture,current,uniform_rms,0.03,1024,768,0.2017407931808941,0.21284723352049545,0.20026640019739983,0,0,5.808662825031206,21f7581e517b4ce1e89b61151531362996867945fba67c74ac7696003fee6ce6,46950699,Exploratory development; not preregistered or confirmatory,2.9.1+cu128,6d666537b84c2b7acf16a836cc7a71bd5edfc9e40e50f549f3acd17819fb73a8,0.19942158368796736,,
2026091901,1,2,34,108,mixture,shunt,broadcast,0.03,1024,896,0.09708957738787763,0.09943680449480437,0.10307326561192717,0,0,4.646737932926044,21f7581e517b4ce1e89b61151531362996867945fba67c74ac7696003fee6ce6,46950697,Exploratory development; not preregistered or confirmatory,2.9.1+cu128,aad2b8f8771365c4f88c128ab02ded493ba2e778d6c06254917fee38afb1e096,0.10230172313091423,,
2026091901,1,2,34,108,mixture,shunt,exact,0.03,1024,896,0.09691975103319661,0.09974852386910728,0.10168799578902268,0,0,4.314159271772951,21f7581e517b4ce1e89b61151531362996867945fba67c74ac7696003fee6ce6,46950697,Exploratory development; not preregistered or confirmatory,2.9.1+cu128,173d13f2b79343cf5a0addff67b8a159462ae686f06c7ee1b100830709def004,0.10139859757160631,,
2026091901,1,2,34,108,mixture,shunt,resistance,0.03,1024,896,0.09714963169434661,0.09989569131283368,0.10185822715776349,0,0,4.916238758945838,21f7581e517b4ce1e89b61151531362996867945fba67c74ac7696003fee6ce6,46950697,Exploratory development; not preregistered or confirmatory,2.9.1+cu128,eabedc04f2ec2bed2c25b2ccdc59e1c3f83c2976335e752d0a6bbf6741763e58,0.10157451014517835,,
2026091901,1,2,34,108,mixture,shunt,swapped,0.03,1024,1024,0.1373686178126249,0.1373686178126249,0.1378702242958655,0,0,5.008253362029791,21f7581e517b4ce1e89b61151531362996867945fba67c74ac7696003fee6ce6,46950697,Exploratory development; not preregistered or confirmatory,2.9.1+cu128,bf26bc3cd318d47abd5efd1b245a88dda1dd8d0c64d3776a6ae68ecc08a3d1c0,0.13865238786922035,,
2026091901,1,2,34,108,mixture,shunt,uniform_rms,0.03,1024,896,0.09776791381528946,0.10012195730321255,0.10395776393763775,0,0,5.06463133986108,21f7581e517b4ce1e89b61151531362996867945fba67c74ac7696003fee6ce6,46950697,Exploratory development; not preregistered or confirmatory,2.9.1+cu128,ffc917013c4593a6267b517e8844a2bfdf4bd10b549ff2a3980cef34c8d541c2,0.1031061455740685,,
2026091901,1,2,34,108,mixture,tonic,broadcast,0.03,1024,768,0.20372420784171555,0.213770034435383,0.2021531563891563,0,0,4.705749934073538,21f7581e517b4ce1e89b61151531362996867945fba67c74ac7696003fee6ce6,46950698,Exploratory development; not preregistered or confirmatory,2.9.1+cu128,38c2d77f64a697d3ec3976da4d8ecf33575280315063acf87fcf61c618737c5a,0.2009596622401819,,
2026091901,1,2,34,108,mixture,tonic,exact,0.03,1024,768,0.20109485658177,0.21304020325046197,0.19965274645483375,0,0,4.365129362093285,21f7581e517b4ce1e89b61151531362996867945fba67c74ac7696003fee6ce6,46950698,Exploratory development; not preregistered or confirmatory,2.9.1+cu128,ec0cb562766606f1f13deb76349740d82f7405c6f3c170aa2f476f632ba5cb15,0.1986945693258287,,
2026091901,1,2,34,108,mixture,tonic,resistance,0.03,1024,768,0.20507937453853695,0.21532522804907875,0.2024794176026195,0,0,5.009418167872354,21f7581e517b4ce1e89b61151531362996867945fba67c74ac7696003fee6ce6,46950698,Exploratory development; not preregistered or confirmatory,2.9.1+cu128,fed8b27d21c5e8a73c33d7c9f72a3511b67f07ebd0e8f6737df3154ccd5fc33e,0.20190503522448425,,
2026091901,1,2,34,108,mixture,tonic,swapped,0.03,1024,768,0.20005717106819837,0.2112852011594586,0.199658887153563,0,0,5.09432945610024,21f7581e517b4ce1e89b61151531362996867945fba67c74ac7696003fee6ce6,46950698,Exploratory development; not preregistered or confirmatory,2.9.1+cu128,9d1a7041c5377743709f572bb6c17f6829f99a3d069d303bfb6062117a540d4d,0.19816345335709784,,
2026091901,1,2,34,108,mixture,tonic,uniform_rms,0.03,1024,768,0.20180821284083283,0.21308709104604281,0.20037835672481621,0,0,5.151103975949809,21f7581e517b4ce1e89b61151531362996867945fba67c74ac7696003fee6ce6,46950698,Exploratory development; not preregistered or confirmatory,2.9.1+cu128,ee194e5b1bd1eb331bcc80f4a3a9c5cf17322a9e366a09cbabd1ab304131cb25,0.19937274438091032,,
2026091901,1,2,34,108,selection,current,broadcast,0.03,1024,896,0.06359942548038541,0.06925761244088939,0.06220536982963718,208,0,5.556541132973507,21f7581e517b4ce1e89b61151531362996867945fba67c74ac7696003fee6ce6,46950696,Exploratory development; not preregistered or confirmatory,2.9.1+cu128,bbd3338a60ceb65c3b58340cf494f65b3e52bcf629da7a1ad127bebee580c5e1,0.06050170201311752,0.09167247311390325,0.4208549965359252
2026091901,1,2,34,108,selection,current,exact,0.03,1024,896,0.06327413860518294,0.0706437911370416,0.0620180465876262,408,0,5.271977815078571,21f7581e517b4ce1e89b61151531362996867945fba67c74ac7696003fee6ce6,46950696,Exploratory development; not preregistered or confirmatory,2.9.1+cu128,49ffa2b02ef5300eb2876efe99786051fc4e8408b53f8e5d21b7223c22143dfe,0.06037628619279192,0.08492515526205191,0.36527937992706544
2026091901,1,2,34,108,selection,current,resistance,0.03,1024,896,0.06355870184835406,0.07032702898208895,0.06215548235558516,509,0,5.891857438953593,21f7581e517b4ce1e89b61151531362996867945fba67c74ac7696003fee6ce6,46950696,Exploratory development; not preregistered or confirmatory,2.9.1+cu128,bb202a2c18075d015e29cd17b327e0a83c2ad9a71a0bc548c75f197d1603c631,0.06046971578386417,0.09533604927520299,0.44214818344386264
2026091901,1,2,34,108,selection,current,swapped,0.03,1024,896,0.06480210151251725,0.0688109080632433,0.06328573775981332,0,0,5.929441611049697,21f7581e517b4ce1e89b61151531362996867945fba67c74ac7696003fee6ce6,46950696,Exploratory development; not preregistered or confirmatory,2.9.1+cu128,9cc34064c09e38eb7274c6453f299d98b4cc4bb432c500a36950c72fc06d295f,0.06124309651888998,0.10829295170847947,0.5212629464419378
2026091901,1,2,34,108,selection,current,uniform_rms,0.03,1024,896,0.06343252176391952,0.06979239207709996,0.06211430110749949,254,0,5.980406858026981,21f7581e517b4ce1e89b61151531362996867945fba67c74ac7696003fee6ce6,46950696,Exploratory development; not preregistered or confirmatory,2.9.1+cu128,8dc8e23fc4056e4f82efd0ae2d677bb0b7307b16883a375b88244c68f30a7f2a,0.060445547678425554,0.0891798755628984,0.40239152068698236
2026091901,1,2,34,108,selection,shunt,broadcast,0.03,1024,896,0.063866832392166,0.06574317568345907,0.06215825453579706,0,0,4.744866078021005,21f7581e517b4ce1e89b61151531362996867945fba67c74ac7696003fee6ce6,46950646,Exploratory development; not preregistered or confirmatory,2.9.1+cu128,2f6d742d7b19b7172f91975f56561a133224df651bf8161806195f40f3bffd46,0.06091032446781651,0.06114103101726872,0.06137978786254272
2026091901,1,2,34,108,selection,shunt,exact,0.03,1024,512,0.06330265414860252,0.06537401350338863,0.06172292591622376,0,0,4.4594782220665365,21f7581e517b4ce1e89b61151531362996867945fba67c74ac7696003fee6ce6,46950646,Exploratory development; not preregistered or confirmatory,2.9.1+cu128,f1bbcce33209d591c2f96857907e1eb566ea52ca2ab15dcae8adc72fd15568e7,0.06014540522854646,0.060419685968310294,0.060532166903804356
2026091901,1,2,34,108,selection,shunt,resistance,0.03,1024,896,0.06333963139288605,0.065365669991106,0.06161599580255935,0,0,5.064332735026255,21f7581e517b4ce1e89b61151531362996867945fba67c74ac7696003fee6ce6,46950646,Exploratory development; not preregistered or confirmatory,2.9.1+cu128,80238e8dacdb92f7b942d63c90e89ea672d8d72095b34a05b129e823079804e7,0.06035534393958852,0.06051501843404326,0.060581945421077144
2026091901,1,2,34,108,selection,shunt,swapped,0.03,1024,768,0.06874985246401637,0.06916365857850139,0.06864562770775015,0,0,5.174079749034718,21f7581e517b4ce1e89b61151531362996867945fba67c74ac7696003fee6ce6,46950646,Exploratory development; not preregistered or confirmatory,2.9.1+cu128,8d14fafb92bd58e22efb185916ed2c99a778e92e0f04994690c89391231d4520,0.06554145875078855,0.07494609861959128,0.10265762821270112
2026091901,1,2,34,108,selection,shunt,uniform_rms,0.03,1024,896,0.06386434359868587,0.06572299108709155,0.06214895793967299,0,0,5.310672640101984,21f7581e517b4ce1e89b61151531362996867945fba67c74ac7696003fee6ce6,46950646,Exploratory development; not preregistered or confirmatory,2.9.1+cu128,f08bbd1460667c7d40d723ec5518dbbc41da7865a12ffef85467ade1f68cdf25,0.06090100600052291,0.06113111949427328,0.061360939589495775
2026091901,1,2,34,108,selection,tonic,broadcast,0.03,1024,896,0.06353749647541344,0.06935608122040873,0.06222039143792176,211,0,4.757638815091923,21f7581e517b4ce1e89b61151531362996867945fba67c74ac7696003fee6ce6,46950647,Exploratory development; not preregistered or confirmatory,2.9.1+cu128,bd55459101b98f10d712debf8b9908e238f62b96a7e2425aa90bb17237c92739,0.06048502384915678,0.09157305041994268,0.4192283897132358
2026091901,1,2,34,108,selection,tonic,exact,0.03,1024,896,0.06327446758139073,0.07066152001653178,0.06205723100542445,407,0,4.461340361973271,21f7581e517b4ce1e89b61151531362996867945fba67c74ac7696003fee6ce6,46950647,Exploratory development; not preregistered or confirmatory,2.9.1+cu128,3ec95c595c9d21b8aac662ebac4901dadf94f4cd1d201acea5e684af0a36b3ed,0.06038019073793437,0.08581707494666337,0.37112914166388933
2026091901,1,2,34,108,selection,tonic,resistance,0.03,1024,896,0.06354148213431825,0.07033851458159694,0.06215945712618966,498,0,5.066403260920197,21f7581e517b4ce1e89b61151531362996867945fba67c74ac7696003fee6ce6,46950647,Exploratory development; not preregistered or confirmatory,2.9.1+cu128,af0c1e779a51575183804febe9ee9be5d84a5038feb5ac23d4a32ce7796601c0,0.060487845489415736,0.0956354918667624,0.4432495192338087
2026091901,1,2,34,108,selection,tonic,swapped,0.03,1024,896,0.0646930475354271,0.06890486403239468,0.06326177335757775,0,0,5.155022776918486,21f7581e517b4ce1e89b61151531362996867945fba67c74ac7696003fee6ce6,46950647,Exploratory development; not preregistered or confirmatory,2.9.1+cu128,0e4fc252d3981b1587e8fc17742888246f894b2825d44e5a201472cc5adf2b06,0.061176653026461636,0.10757073781896122,0.5150029173140255
2026091901,1,2,34,108,selection,tonic,uniform_rms,0.03,1024,896,0.0633805156119081,0.06985251463475046,0.06212970660766944,248,0,5.309288382064551,21f7581e517b4ce1e89b61151531362996867945fba67c74ac7696003fee6ce6,46950647,Exploratory development; not preregistered or confirmatory,2.9.1+cu128,72922458fed10df346bbd79d218bebecc483f6969ef901f00380e3dc4d040828,0.060435781898820776,0.08904155084686972,0.40061030037744527
2026091902,16,2,529,1713,mixture,current,broadcast,0.03,1024,896,0.12829555906440135,0.15598386286634838,0.12538482490702807,0,0,6.513618753058836,21f7581e517b4ce1e89b61151531362996867945fba67c74ac7696003fee6ce6,46951618,Exploratory development; not preregistered or confirmatory,2.9.1+cu128,422fc314d5da44b9721268647e2030cc04b4ddc5d0e83483c6efd42fba1915e8,0.11860046353486475,,
2026091902,16,2,529,1713,mixture,current,exact,0.03,1024,896,0.12437665162505639,0.1707654534365637,0.12165760994672592,0,0,6.096135891973972,21f7581e517b4ce1e89b61151531362996867945fba67c74ac7696003fee6ce6,46951618,Exploratory development; not preregistered or confirmatory,2.9.1+cu128,42a4ae9546c324157d18b6e050950e93a318baf6fb1255b26d317a5eb337d101,0.11508916669793542,,
2026091902,16,2,529,1713,mixture,current,resistance,0.03,1024,896,0.10055735191383729,0.10308282286101215,0.09868027177061575,0,0,6.919997745193541,21f7581e517b4ce1e89b61151531362996867945fba67c74ac7696003fee6ce6,46951618,Exploratory development; not preregistered or confirmatory,2.9.1+cu128,d0f58983427f1b407328ebe2542b00dc2390225de341946239f2b18bbdccb9fb,0.09168075797489939,,
2026091902,16,2,529,1713,mixture,current,swapped,0.03,1024,896,0.07306954462386574,0.08841331525384545,0.07283944873229445,0,0,6.916929105995223,21f7581e517b4ce1e89b61151531362996867945fba67c74ac7696003fee6ce6,46951618,Exploratory development; not preregistered or confirmatory,2.9.1+cu128,c18d44a386f861641867cac6350058cebc17f396b837fd9bcfd5386d3f2c8073,0.07031873598493052,,
2026091902,16,2,529,1713,mixture,current,uniform_rms,0.03,1024,896,0.10772685426688368,0.1281942064418086,0.10463708971156538,0,0,7.051935629919171,21f7581e517b4ce1e89b61151531362996867945fba67c74ac7696003fee6ce6,46951618,Exploratory development; not preregistered or confirmatory,2.9.1+cu128,b3ebd8011708ef841edd7c9d52877fbe917a7f780c11562a7a0e83f479755a0c,0.1007440157907274,,
2026091902,16,2,529,1713,mixture,shunt,broadcast,0.03,1024,896,0.0958281002180064,0.14990092694196766,0.09566579613569082,0,0,5.448393285041675,21f7581e517b4ce1e89b61151531362996867945fba67c74ac7696003fee6ce6,46951420,Exploratory development; not preregistered or confirmatory,2.9.1+cu128,f6b5eac42c418f0aaf83cdd9505b1520405072e6e02a9319a7332c5985ec0338,0.09155389847501523,,
2026091902,16,2,529,1713,mixture,shunt,exact,0.03,1024,768,0.09688199427506983,0.10248799531933854,0.09688795191754297,0,0,5.043388604186475,21f7581e517b4ce1e89b61151531362996867945fba67c74ac7696003fee6ce6,46951420,Exploratory development; not preregistered or confirmatory,2.9.1+cu128,6b8c1c15d29b7ee79d25b6e580af9d62ab08e22146671f23a875abf9104241d7,0.09257870766808464,,
2026091902,16,2,529,1713,mixture,shunt,resistance,0.03,1024,768,0.09680678492268635,0.1022517030871301,0.09695883255218826,0,0,5.818531811004505,21f7581e517b4ce1e89b61151531362996867945fba67c74ac7696003fee6ce6,46951420,Exploratory development; not preregistered or confirmatory,2.9.1+cu128,5848b4c9e037ba10b9c8f1a46eaed720b7094241bcf564e15da591059b931398,0.09258416653537502,,
2026091902,16,2,529,1713,mixture,shunt,swapped,0.03,1024,896,0.07830823270817329,0.09332517366528258,0.07822020407742641,0,0,5.899929390987381,21f7581e517b4ce1e89b61151531362996867945fba67c74ac7696003fee6ce6,46951420,Exploratory development; not preregistered or confirmatory,2.9.1+cu128,2252a6de36f55444c3dc7328595efdcee6ab210cac8f720287f1253467b7eb05,0.07514105876773583,,
2026091902,16,2,529,1713,mixture,shunt,uniform_rms,0.03,1024,896,0.08843451986437038,0.11238637360921956,0.08749785662008756,0,0,6.014417681843042,21f7581e517b4ce1e89b61151531362996867945fba67c74ac7696003fee6ce6,46951420,Exploratory development; not preregistered or confirmatory,2.9.1+cu128,ffd4331c7e8d4a5795e12d58f4c14a9d91319b8e7673ffe0ff8a2f950e520b61,0.08498459460251377,,
2026091902,16,2,529,1713,mixture,tonic,broadcast,0.03,1024,896,0.128509385011335,0.15583483123183012,0.12535960934152032,0,0,5.549577831057832,21f7581e517b4ce1e89b61151531362996867945fba67c74ac7696003fee6ce6,46951617,Exploratory development; not preregistered or confirmatory,2.9.1+cu128,66afe6dc45009019b1157a2fd8b81b81b2f751484087ee2dd830c3cf19912674,0.11856118382288432,,
2026091902,16,2,529,1713,mixture,tonic,exact,0.03,1024,896,0.12176038681101496,0.16766128856183274,0.1187196961460016,0,0,5.161351474933326,21f7581e517b4ce1e89b61151531362996867945fba67c74ac7696003fee6ce6,46951617,Exploratory development; not preregistered or confirmatory,2.9.1+cu128,cda9e97c0bded713a1518795c0a4ec1bb7292984e5ba880edbcdcf6f483243a3,0.11274626814935443,,
2026091902,16,2,529,1713,mixture,tonic,resistance,0.03,1024,896,0.09963704349160842,0.10326004591346834,0.09828640313612654,0,0,5.94552815402858,21f7581e517b4ce1e89b61151531362996867945fba67c74ac7696003fee6ce6,46951617,Exploratory development; not preregistered or confirmatory,2.9.1+cu128,9bee36f6411e5cd412a918bbcae7aa46a9c94b33a71d0f5efb93372466b522d0,0.09110398587763041,,
2026091902,16,2,529,1713,mixture,tonic,swapped,0.03,1024,896,0.0726937511678532,0.08720529350732205,0.07242928781770436,0,0,5.979483136208728,21f7581e517b4ce1e89b61151531362996867945fba67c74ac7696003fee6ce6,46951617,Exploratory development; not preregistered or confirmatory,2.9.1+cu128,91b05a3d2c848ac4034d80cd7ea8ae5a023a68e97a7201b1fd9bbd993bc383d2,0.06992690072287844,,
2026091902,16,2,529,1713,mixture,tonic,uniform_rms,0.03,1024,896,0.10469253942285615,0.12872686342735573,0.1027380375405274,0,0,6.1025731361005455,21f7581e517b4ce1e89b61151531362996867945fba67c74ac7696003fee6ce6,46951617,Exploratory development; not preregistered or confirmatory,2.9.1+cu128,8e12f9cecd12e5f2fa88db10901a8591e167c3f789623076107f241b329af037,0.09905243912092883,,
2026091902,16,2,529,1713,selection,current,broadcast,0.03,1024,1024,0.06814014001902279,0.06814014001902279,0.06723267860435327,0,0,6.966656870907173,21f7581e517b4ce1e89b61151531362996867945fba67c74ac7696003fee6ce6,46951419,Exploratory development; not preregistered or confirmatory,2.9.1+cu128,2d4acb9b23f9a411087b3382b2b1b3cdaab42eac29614426dcdc94c0a6c6e97d,0.06388259302334184,0.089129170267907,0.3224881296414675
2026091902,16,2,529,1713,selection,current,exact,0.03,1024,1024,0.06801915794103916,0.06801915794103916,0.06690345586378729,0,0,6.583648158004507,21f7581e517b4ce1e89b61151531362996867945fba67c74ac7696003fee6ce6,46951419,Exploratory development; not preregistered or confirmatory,2.9.1+cu128,60a5b3a7feaf8554ddd13833c512f7830d21c3250f997b760d1f201646c494a5,0.0636001338975566,0.08479726710485531,0.29290447350251475
2026091902,16,2,529,1713,selection,current,resistance,0.03,1024,768,0.06655154497114107,0.06677227945849099,0.06409929562772015,161,0,7.4187571299262345,21f7581e517b4ce1e89b61151531362996867945fba67c74ac7696003fee6ce6,46951419,Exploratory development; not preregistered or confirmatory,2.9.1+cu128,26913048223e9d57ed6a60741c77b036dece8a8beee44f30be4a902dad5047cf,0.06241782716821101,0.08994748091023294,0.3127052999491395
2026091902,16,2,529,1713,selection,current,swapped,0.03,1024,1024,0.06802237390513272,0.06802237390513272,0.0662093820252547,0,0,7.485416729934514,21f7581e517b4ce1e89b61151531362996867945fba67c74ac7696003fee6ce6,46951419,Exploratory development; not preregistered or confirmatory,2.9.1+cu128,fd23d61416874d0e9d4155e92892a1baa0fb185276f05bb9b05bce8aae31b897,0.06327945819548714,0.16813665884161547,0.548279187337966
2026091902,16,2,529,1713,selection,current,uniform_rms,0.03,1024,1024,0.06819164694617318,0.06819164694617318,0.06725730027733619,0,0,7.547412249958143,21f7581e517b4ce1e89b61151531362996867945fba67c74ac7696003fee6ce6,46951419,Exploratory development; not preregistered or confirmatory,2.9.1+cu128,f48fa45799c0ed67092d3601007c2416affd57342d2644ffa2d35715e2d2ae70,0.06389880139923634,0.08955912770011211,0.3219487510883962
2026091902,16,2,529,1713,selection,shunt,broadcast,0.03,1024,640,0.06690153375675642,0.06827540595078736,0.06466851266542632,0,0,5.368021202972159,21f7581e517b4ce1e89b61151531362996867945fba67c74ac7696003fee6ce6,46951252,Exploratory development; not preregistered or confirmatory,2.9.1+cu128,aca3341ebacb5a4d63691ab7790df8cfdb2d7afdd54f00bbe38ff68754916290,0.06298464601580275,0.06454944371317164,0.06880088968548727
2026091902,16,2,529,1713,selection,shunt,exact,0.03,1024,896,0.0648626241807626,0.06931638144652247,0.06353369077552518,0,0,5.185766050126404,21f7581e517b4ce1e89b61151531362996867945fba67c74ac7696003fee6ce6,46951252,Exploratory development; not preregistered or confirmatory,2.9.1+cu128,c519147187eb1a27edd4cd0c4863efb25c5190eaf9aeef545f7e1395b1676bc0,0.06111024735479924,0.06149037025260055,0.061867840972630816
2026091902,16,2,529,1713,selection,shunt,resistance,0.03,1024,896,0.06496234773167871,0.06953827368869779,0.06372058741377679,0,0,5.785263008903712,21f7581e517b4ce1e89b61151531362996867945fba67c74ac7696003fee6ce6,46951252,Exploratory development; not preregistered or confirmatory,2.9.1+cu128,509682abd611801f7ad62a71d1922b551ed272d5016edd1e47e7ef8e183f3a4e,0.06121474460938315,0.06159735782677921,0.06194913217814225
2026091902,16,2,529,1713,selection,shunt,swapped,0.01,1024,896,0.06676608762500774,0.06988300568337229,0.0658369381702651,0,0,5.861743496963754,21f7581e517b4ce1e89b61151531362996867945fba67c74ac7696003fee6ce6,46951252,Exploratory development; not preregistered or confirmatory,2.9.1+cu128,e45786c46a6faacba9012f9c9f05f817a0a21cd3a107db729aa5e9ae27bd96a9,0.062465129251999436,0.07736717691192556,0.11302501291254002
2026091902,16,2,529,1713,selection,shunt,uniform_rms,0.03,1024,640,0.06694059986050414,0.0682710800117047,0.06468554016050708,0,0,5.983328351052478,21f7581e517b4ce1e89b61151531362996867945fba67c74ac7696003fee6ce6,46951252,Exploratory development; not preregistered or confirmatory,2.9.1+cu128,7fffb958d3462b538aee704a64159fd8c529b7be13386accdfe8babc637d9f0a,0.06299559783489958,0.0645372542102936,0.06871443429301453
2026091902,16,2,529,1713,selection,tonic,broadcast,0.03,1024,1024,0.06771347763198922,0.06771347763198922,0.06686550274421636,0,0,5.813925364986062,21f7581e517b4ce1e89b61151531362996867945fba67c74ac7696003fee6ce6,46951418,Exploratory development; not preregistered or confirmatory,2.9.1+cu128,8814275e0baa97b333238bb741147cd3a3fd85a3d9577053d656045c8ef3af25,0.06363179875068042,0.09467455197229603,0.35427031407537996
2026091902,16,2,529,1713,selection,tonic,exact,0.03,1024,1024,0.06795815488286133,0.06795815488286133,0.06676907125603303,0,0,5.4386902949772775,21f7581e517b4ce1e89b61151531362996867945fba67c74ac7696003fee6ce6,46951418,Exploratory development; not preregistered or confirmatory,2.9.1+cu128,0cbf8ec24022fce7c1c435b49b53c88ad65a90575c2374e0459dfd4266868a9b,0.06341619598114673,0.08374552454337345,0.2850376398919802
2026091902,16,2,529,1713,selection,tonic,resistance,0.03,1024,768,0.0665783443875689,0.06661762580451847,0.06398381660291863,485,0,6.290077459067106,21f7581e517b4ce1e89b61151531362996867945fba67c74ac7696003fee6ce6,46951418,Exploratory development; not preregistered or confirmatory,2.9.1+cu128,ee420510f4e753bbd8e243bf2095c9eb9f8c9b73b6cc56c4536348764dd205eb,0.06230690713708914,0.0834675590154025,0.27840863487008904
2026091902,16,2,529,1713,selection,tonic,swapped,0.03,1024,1024,0.06802413159243936,0.06802413159243936,0.06618834273709133,0,0,6.357320677023381,21f7581e517b4ce1e89b61151531362996867945fba67c74ac7696003fee6ce6,46951418,Exploratory development; not preregistered or confirmatory,2.9.1+cu128,9f23bea90fa84663366898412c0c04465e2e2065de6cc08f748c104a9426a13e,0.06335029238663238,0.1723363622163834,0.5578324173887232
2026091902,16,2,529,1713,selection,tonic,uniform_rms,0.03,1024,1024,0.06777140218634119,0.06777140218634119,0.06691568626655013,0,0,6.536610376089811,21f7581e517b4ce1e89b61151531362996867945fba67c74ac7696003fee6ce6,46951418,Exploratory development; not preregistered or confirmatory,2.9.1+cu128,ae143c7d4c8db53a69adc88a64c23a6c484e2cdce6e9c7e8e167d300d430325d,0.06366143067232742,0.09381406619576489,0.3501515242774928
2026091902,16,4,1297,6609,mixture,current,broadcast,0.03,1024,1024,0.2548672147809449,0.2548672147809449,0.26468559332656405,0,0,7.470714308787137,21f7581e517b4ce1e89b61151531362996867945fba67c74ac7696003fee6ce6,46950068,Exploratory development; not preregistered or confirmatory,2.9.1+cu128,caddd586eaef84bc538548461aac449ffc170b51d7643d500448b205f50f64d7,0.24562960239131218,,
2026091902,16,4,1297,6609,mixture,current,exact,0.03,1024,1024,0.25397315401580983,0.25397315401580983,0.26333821054806694,0,0,7.201930932002142,21f7581e517b4ce1e89b61151531362996867945fba67c74ac7696003fee6ce6,46950068,Exploratory development; not preregistered or confirmatory,2.9.1+cu128,e1adc33422a0036c2f83f1d5b4518c4a15cd8227657c9022b11323a6a366f06f,0.24427941737051342,,
2026091902,16,4,1297,6609,mixture,current,resistance,0.03,1024,896,0.3543710011087643,0.3733136327171938,0.37217530894470696,0,0,7.985446234932169,21f7581e517b4ce1e89b61151531362996867945fba67c74ac7696003fee6ce6,46950068,Exploratory development; not preregistered or confirmatory,2.9.1+cu128,95e97aa21cdeebe282a39f24ee313e77b813cdd492eb3631bd67ef571ab92605,0.34872697209135045,,
2026091902,16,4,1297,6609,mixture,current,swapped,0.03,1024,1024,0.21065567262576354,0.21065567262576354,0.20906200760465615,0,0,7.939667087048292,21f7581e517b4ce1e89b61151531362996867945fba67c74ac7696003fee6ce6,46950068,Exploratory development; not preregistered or confirmatory,2.9.1+cu128,62258633d45058061616c6a54658353781554fd7ebeae9f48a1c2068002b3b5c,0.20551281749632055,,
2026091902,16,4,1297,6609,mixture,current,uniform_rms,0.03,1024,1024,0.2541098045642406,0.2541098045642406,0.26362726910800327,0,0,7.989631382981315,21f7581e517b4ce1e89b61151531362996867945fba67c74ac7696003fee6ce6,46950068,Exploratory development; not preregistered or confirmatory,2.9.1+cu128,11471c62215aa62c2ae0a0fd829440ac1068e7c07dbfc5dac7a66c12d8e93f0e,0.24439241953750682,,
2026091902,16,4,1297,6609,mixture,shunt,broadcast,0.03,1024,896,0.15758631519402974,0.17181005374397074,0.1581417278583842,0,0,6.639370582997799,21f7581e517b4ce1e89b61151531362996867945fba67c74ac7696003fee6ce6,46951744,Exploratory development; not preregistered or confirmatory,2.9.1+cu128,28970b0367e1f682fc981adc7b35b462687241c625fbb0c3f6a50e04fe9e84cd,0.1507186981286967,,
2026091902,16,4,1297,6609,mixture,shunt,exact,0.03,1024,1024,0.169066019537204,0.169066019537204,0.16744220016016237,0,0,6.497409459901974,21f7581e517b4ce1e89b61151531362996867945fba67c74ac7696003fee6ce6,46951744,Exploratory development; not preregistered or confirmatory,2.9.1+cu128,a1402a76b837e5282e3cbb58a4745e12baef74c2e2690cc8372eb82bdac9a25d,0.16154001213914773,,
2026091902,16,4,1297,6609,mixture,shunt,resistance,0.03,1024,1024,0.16933227172631973,0.16933227172631973,0.16766656290824294,0,0,7.211810280103236,21f7581e517b4ce1e89b61151531362996867945fba67c74ac7696003fee6ce6,46951744,Exploratory development; not preregistered or confirmatory,2.9.1+cu128,afc99e84d67cfc394fd8cb79f51915a42756dfec8f4bd37cec9b31b25d9f06b2,0.16187831920024792,,
2026091902,16,4,1297,6609,mixture,shunt,swapped,0.03,1024,896,0.1615459574433355,0.17020587007236984,0.15913578064441075,0,0,7.259366360027343,21f7581e517b4ce1e89b61151531362996867945fba67c74ac7696003fee6ce6,46951744,Exploratory development; not preregistered or confirmatory,2.9.1+cu128,ff110fedab91401929a5b99846e73b51e045ab7202fcf6b66e16cf41107acdc1,0.1520236145472029,,
2026091902,16,4,1297,6609,mixture,shunt,uniform_rms,0.03,1024,896,0.1550197835611419,0.16681529114651436,0.1531752787750874,0,0,7.224491996923462,21f7581e517b4ce1e89b61151531362996867945fba67c74ac7696003fee6ce6,46951744,Exploratory development; not preregistered or confirmatory,2.9.1+cu128,abe9eb7aec1ccb50b5f64c14f750bc317da789edbbb911488ed106c998267364,0.14627112319248556,,
2026091902,16,4,1297,6609,mixture,tonic,broadcast,0.03,1024,1024,0.25437042995662784,0.25437042995662784,0.2642726630204236,0,0,7.029919035034254,21f7581e517b4ce1e89b61151531362996867945fba67c74ac7696003fee6ce6,46951862,Exploratory development; not preregistered or confirmatory,2.9.1+cu128,730bf9b1e31a980673dcde4e8bf630ec60199692c25b17f232f80a91c8d6b72f,0.24535972164694658,,
2026091902,16,4,1297,6609,mixture,tonic,exact,0.03,1024,1024,0.25341211163006727,0.25341211163006727,0.26289077423313123,0,0,6.732674807077274,21f7581e517b4ce1e89b61151531362996867945fba67c74ac7696003fee6ce6,46951862,Exploratory development; not preregistered or confirmatory,2.9.1+cu128,7e0a5e0e89a29d8755aaf50a9e7a9fe3b2c72dd10cb061c19c315c5a01dd1f23,0.243963994442927,,
2026091902,16,4,1297,6609,mixture,tonic,resistance,0.03,1024,896,0.3544924674816104,0.3735706769453024,0.3717201885352484,0,0,7.557153220986947,21f7581e517b4ce1e89b61151531362996867945fba67c74ac7696003fee6ce6,46951862,Exploratory development; not preregistered or confirmatory,2.9.1+cu128,6110753fc3db52d2c70a639c71d57467c56ebdcb743854dd6189a03d09d7e16d,0.348723258824493,,
2026091902,16,4,1297,6609,mixture,tonic,swapped,0.03,1024,1024,0.18595878188088025,0.18595878188088025,0.1856744940950346,0,0,7.673771830974147,21f7581e517b4ce1e89b61151531362996867945fba67c74ac7696003fee6ce6,46951862,Exploratory development; not preregistered or confirmatory,2.9.1+cu128,b0265f3c6fd2a65a75d9aa1217450bcb14b50d0a353569d2f0442e50cd76efb9,0.18209749876785977,,
2026091902,16,4,1297,6609,mixture,tonic,uniform_rms,0.03,1024,1024,0.2534889821438661,0.2534889821438661,0.2629986538707502,0,0,7.7631183550693095,21f7581e517b4ce1e89b61151531362996867945fba67c74ac7696003fee6ce6,46951862,Exploratory development; not preregistered or confirmatory,2.9.1+cu128,aad130c0989f36ac87ee9f503495be5c36e301ca972b028b65b3afd2cabf5088,0.24386303756510552,,
2026091902,16,4,1297,6609,selection,current,broadcast,0.03,1024,896,0.06626218659090877,0.07413274074370926,0.06819397910536325,0,0,7.8075232149567455,21f7581e517b4ce1e89b61151531362996867945fba67c74ac7696003fee6ce6,46951743,Exploratory development; not preregistered or confirmatory,2.9.1+cu128,08605c18b3f71bfa0ea2d8343fbeff72f5c4850aa9247bf3e368d6e60edc82cb,0.06639277770754164,0.1368202932078622,0.8132832792504987
2026091902,16,4,1297,6609,selection,current,exact,0.03,1024,896,0.06602763483708435,0.07385432153258,0.06798543498546943,0,0,7.6377451829612255,21f7581e517b4ce1e89b61151531362996867945fba67c74ac7696003fee6ce6,46951743,Exploratory development; not preregistered or confirmatory,2.9.1+cu128,9b624df8ac26cf7a6e8dc8b91f169af41ed624f637ae3713178d96d596c804dc,0.06616937179209072,0.12598686735757103,0.724812914185376
2026091902,16,4,1297,6609,selection,current,resistance,0.03,1024,896,0.06502636996927477,0.06850842091596457,0.06687254825557916,503,0,8.337083769030869,21f7581e517b4ce1e89b61151531362996867945fba67c74ac7696003fee6ce6,46951743,Exploratory development; not preregistered or confirmatory,2.9.1+cu128,3f78481c257b935d9e13df32fce57872f31ce1d485e86152f0e0a5fd77b09511,0.06429008475669291,0.10211178137846477,0.49760693927384786
2026091902,16,4,1297,6609,selection,current,swapped,0.03,1024,896,0.06796033961764598,0.07655606651524693,0.06855932795486051,201,0,8.343610521173105,21f7581e517b4ce1e89b61151531362996867945fba67c74ac7696003fee6ce6,46951743,Exploratory development; not preregistered or confirmatory,2.9.1+cu128,58c5d348509e250327fbd594ed70874873d5a260575413a85409ba274ae43d3a,0.06786866379671577,0.28507962281854665,1.2268011067027427
2026091902,16,4,1297,6609,selection,current,uniform_rms,0.03,1024,896,0.06639802919475066,0.07405392569467506,0.06820940667296531,0,0,8.354594910051674,21f7581e517b4ce1e89b61151531362996867945fba67c74ac7696003fee6ce6,46951743,Exploratory development; not preregistered or confirmatory,2.9.1+cu128,2484a2fe44fb6193ae0bccc93b3e920fe6c1aec1b5b51a5a873c9df7662d0b28,0.06647659065009569,0.13704403692540662,0.8151261932144226
2026091902,16,4,1297,6609,selection,shunt,broadcast,0.03,1024,1024,0.06178926336458296,0.06178926336458296,0.06755013730729452,0,0,6.466773160966113,21f7581e517b4ce1e89b61151531362996867945fba67c74ac7696003fee6ce6,46951619,Exploratory development; not preregistered or confirmatory,2.9.1+cu128,f353bf8de612188ddcb42bed4b998d8072b8ab2a4f105d723f7574cf79b68df6,0.0663167440193285,0.06935892974257936,0.08139232363598745
2026091902,16,4,1297,6609,selection,shunt,exact,0.03,1024,512,0.061074560890010045,0.064192506566168,0.06497947242676858,0,0,6.0947753340005875,21f7581e517b4ce1e89b61151531362996867945fba67c74ac7696003fee6ce6,46951619,Exploratory development; not preregistered or confirmatory,2.9.1+cu128,310ae5484c20d04ada2b11320ac178398cc19f23ab8d98ae1a9e8fb60b76fa3d,0.06273105974885233,0.06320984830697636,0.0635164879581963
2026091902,16,4,1297,6609,selection,shunt,resistance,0.03,1024,512,0.06116924674392164,0.0643145579228671,0.06512316355753366,0,0,6.938964647008106,21f7581e517b4ce1e89b61151531362996867945fba67c74ac7696003fee6ce6,46951619,Exploratory development; not preregistered or confirmatory,2.9.1+cu128,f3545e16128e11dce896f566162d72cde0bf9dced188ead1253128901a2ab9fe,0.06282786135608699,0.06332360958567222,0.06363711628696535
2026091902,16,4,1297,6609,selection,shunt,swapped,0.03,1024,1024,0.06487735295280765,0.06487735295280765,0.06831982616841445,159,0,7.009249927010387,21f7581e517b4ce1e89b61151531362996867945fba67c74ac7696003fee6ce6,46951619,Exploratory development; not preregistered or confirmatory,2.9.1+cu128,03b738053063c856fc6d2338f6f0962706c96acd9c4b4624c954f6dd05eed598,0.06773871646536518,0.07566578657891916,0.10277124954604641
2026091902,16,4,1297,6609,selection,shunt,uniform_rms,0.03,1024,1024,0.06171847752131675,0.06171847752131675,0.0675118659884168,0,0,7.025152147049084,21f7581e517b4ce1e89b61151531362996867945fba67c74ac7696003fee6ce6,46951619,Exploratory development; not preregistered or confirmatory,2.9.1+cu128,575de87a410d8cd7ae29a4f2451595cbc036906370a911fe64fd546f4cad7f6c,0.06626346228244034,0.06916915091246793,0.08028868197107271
2026091902,16,4,1297,6609,selection,tonic,broadcast,0.03,1024,896,0.06624528557468104,0.07382892270700474,0.06829840543106253,0,0,6.485337459016591,21f7581e517b4ce1e89b61151531362996867945fba67c74ac7696003fee6ce6,46951742,Exploratory development; not preregistered or confirmatory,2.9.1+cu128,4d642deeb83778afb43c1de72dc0dcb53d3c662b716a6b0a4ba5d779379a757b,0.06656575497031232,0.13866187229788007,0.8363439218470142
2026091902,16,4,1297,6609,selection,tonic,exact,0.03,1024,896,0.06582307060213272,0.073294601589226,0.06801561883381156,0,0,6.089542352128774,21f7581e517b4ce1e89b61151531362996867945fba67c74ac7696003fee6ce6,46951742,Exploratory development; not preregistered or confirmatory,2.9.1+cu128,9aa4b2ba966298e3922f0f6ae7c0c1a1f8b6581e6366639e371fdb61ac047bfd,0.0662228861996033,0.12297190194989667,0.7195431955117426
2026091902,16,4,1297,6609,selection,tonic,resistance,0.03,1024,896,0.06516669857997177,0.06842320339018289,0.06694424218607217,517,0,6.961657634936273,21f7581e517b4ce1e89b61151531362996867945fba67c74ac7696003fee6ce6,46951742,Exploratory development; not preregistered or confirmatory,2.9.1+cu128,71c32635a284649fab732538915cfe5eaae1084a1182280830b7b0502b4ee763,0.06439232469956341,0.10168928718304057,0.4922846808286017
2026091902,16,4,1297,6609,selection,tonic,swapped,0.03,1024,896,0.06725832099034883,0.07525527612523492,0.06841956959968533,155,0,6.975563280051574,21f7581e517b4ce1e89b61151531362996867945fba67c74ac7696003fee6ce6,46951742,Exploratory development; not preregistered or confirmatory,2.9.1+cu128,cee4e2d3559b4e69316fb50316d92b4b538fc8ac932c5e9d74a48f22f4c75d85,0.06771452144265333,0.28071828243062386,1.2148555774995973
2026091902,16,4,1297,6609,selection,tonic,uniform_rms,0.03,1024,896,0.06645621136369113,0.07383046622301408,0.06822206933822206,0,0,7.136529729003087,21f7581e517b4ce1e89b61151531362996867945fba67c74ac7696003fee6ce6,46951742,Exploratory development; not preregistered or confirmatory,2.9.1+cu128,1ec3cdb53c6c5dc378698452d915a42408f9d677ca80e3e22faf9737e5e35f51,0.06660414176659547,0.1391354759191412,0.8397259899939871
2026091902,1,2,34,108,mixture,current,broadcast,0.03,1024,768,0.22273995485611522,0.23956782758224904,0.2093213240057275,0,0,5.503584332996979,21f7581e517b4ce1e89b61151531362996867945fba67c74ac7696003fee6ce6,46951251,Exploratory development; not preregistered or confirmatory,2.9.1+cu128,208c27caaa5853e163c2ff7bfcf47669e16b1477b416b5780b798acd747de1e0,0.1997129605230016,,
2026091902,1,2,34,108,mixture,current,exact,0.03,1024,768,0.2218272775809929,0.23881006674078567,0.2084386457750876,0,0,5.301090793916956,21f7581e517b4ce1e89b61151531362996867945fba67c74ac7696003fee6ce6,46951251,Exploratory development; not preregistered or confirmatory,2.9.1+cu128,5caf1c12e0cf9b881356b463041a1bf025498ce12f33843d40f5d4efced51e09,0.19898434111445365,,
2026091902,1,2,34,108,mixture,current,resistance,0.03,1024,768,0.22297752574104415,0.23945079243008796,0.20976399479363184,0,0,5.880118035012856,21f7581e517b4ce1e89b61151531362996867945fba67c74ac7696003fee6ce6,46951251,Exploratory development; not preregistered or confirmatory,2.9.1+cu128,48e7a5433f07c38f3c0b230e333af0a1d256e7f3fd0be9c02580e286bb95afe1,0.19980325865067786,,
2026091902,1,2,34,108,mixture,current,swapped,0.03,1024,768,0.22176266067826952,0.23930153488176423,0.20814843028233773,0,0,5.965076257009059,21f7581e517b4ce1e89b61151531362996867945fba67c74ac7696003fee6ce6,46951251,Exploratory development; not preregistered or confirmatory,2.9.1+cu128,5a7027e186c34586bfa07ac2b983fc4e96730c9f8a73d7ad4aee7f9fafb2269b,0.1989933710255835,,
2026091902,1,2,34,108,mixture,current,uniform_rms,0.03,1024,768,0.22233016818689377,0.23936113372377812,0.20892026121190357,0,0,5.986203974112868,21f7581e517b4ce1e89b61151531362996867945fba67c74ac7696003fee6ce6,46951251,Exploratory development; not preregistered or confirmatory,2.9.1+cu128,a915df2bc7a9a9642d769ea6f869abf218e41d6ed5d465cc49038e8ee92150c5,0.1993794261326763,,
2026091902,1,2,34,108,mixture,shunt,broadcast,0.03,1024,896,0.10264355630119384,0.10632226827871165,0.10662177546381253,0,0,5.122893429128453,21f7581e517b4ce1e89b61151531362996867945fba67c74ac7696003fee6ce6,46951104,Exploratory development; not preregistered or confirmatory,2.9.1+cu128,5caf0575c697aed970197554941f7d73cebc45b008590312b27b78ba61459265,0.10221412313545124,,
2026091902,1,2,34,108,mixture,shunt,exact,0.03,1024,896,0.10193401885829803,0.10539605587993231,0.10689072079246108,0,0,4.880756106926128,21f7581e517b4ce1e89b61151531362996867945fba67c74ac7696003fee6ce6,46951104,Exploratory development; not preregistered or confirmatory,2.9.1+cu128,504a0c855336ca91839979c45e67771f3f6fa1a78e1a88bbf0e3166ac2851b5d,0.10123982416217436,,
2026091902,1,2,34,108,mixture,shunt,resistance,0.03,1024,896,0.10202613585848304,0.10539164573661912,0.10698901372473983,0,0,5.580743924016133,21f7581e517b4ce1e89b61151531362996867945fba67c74ac7696003fee6ce6,46951104,Exploratory development; not preregistered or confirmatory,2.9.1+cu128,b2e353a218aba2a6bf65c634a252c307d6bd1c2ddebb6a7fe6c95c4766a96940,0.10130398283694678,,
2026091902,1,2,34,108,mixture,shunt,swapped,0.03,1024,768,0.12428599429032348,0.1351146430443195,0.12190010378633011,0,0,5.5942024879623204,21f7581e517b4ce1e89b61151531362996867945fba67c74ac7696003fee6ce6,46951104,Exploratory development; not preregistered or confirmatory,2.9.1+cu128,ee8dc881070a15cb9a03e5f85790b65bd2dc29e282ef234b7195fec8f64cf033,0.11670785965344393,,
2026091902,1,2,34,108,mixture,shunt,uniform_rms,0.03,1024,896,0.10327383773125086,0.10757391832537386,0.10709993898264342,0,0,5.387167138978839,21f7581e517b4ce1e89b61151531362996867945fba67c74ac7696003fee6ce6,46951104,Exploratory development; not preregistered or confirmatory,2.9.1+cu128,7ab9ad115f00d16dcbf6468359f184f2ece0220dc8bbe958d2cdc215a6d3cc85,0.10301750889079515,,
2026091902,1,2,34,108,mixture,tonic,broadcast,0.03,1024,768,0.22279153567346396,0.23957202123673674,0.2093554718930404,0,0,4.700025306083262,21f7581e517b4ce1e89b61151531362996867945fba67c74ac7696003fee6ce6,46951250,Exploratory development; not preregistered or confirmatory,2.9.1+cu128,a1ab1434fa8ca5c3ec402b599804aa2de79ba32b1498884043b9b9d97c92b85a,0.19976375199916774,,
2026091902,1,2,34,108,mixture,tonic,exact,0.03,1024,768,0.22191672418346617,0.23888138909158071,0.2084765729331319,0,0,4.451450448017567,21f7581e517b4ce1e89b61151531362996867945fba67c74ac7696003fee6ce6,46951250,Exploratory development; not preregistered or confirmatory,2.9.1+cu128,bff9e1889a5701b15f362211c037397ab2cf9e661828658845c3c11710bce0d7,0.19904771579904126,,
2026091902,1,2,34,108,mixture,tonic,resistance,0.03,1024,768,0.22304123991744612,0.23939346238322037,0.2098101874724084,0,0,5.029891930986196,21f7581e517b4ce1e89b61151531362996867945fba67c74ac7696003fee6ce6,46951250,Exploratory development; not preregistered or confirmatory,2.9.1+cu128,112effe82fe9e8edf20ddce4c719e8b28007e36ee335a9604b2664325a59d275,0.19986171397611757,,
2026091902,1,2,34,108,mixture,tonic,swapped,0.03,1024,768,0.22182604345172285,0.2392375760569192,0.20819243096689555,0,0,5.05622404278256,21f7581e517b4ce1e89b61151531362996867945fba67c74ac7696003fee6ce6,46951250,Exploratory development; not preregistered or confirmatory,2.9.1+cu128,7daec06b0887f092a4a2565314d4f983aefe1f2b919cff8279b5ac38191249cb,0.1990513217357344,,
2026091902,1,2,34,108,mixture,tonic,uniform_rms,0.03,1024,768,0.22239164357578325,0.23930608025129155,0.20896317100089815,0,0,5.131049125920981,21f7581e517b4ce1e89b61151531362996867945fba67c74ac7696003fee6ce6,46951250,Exploratory development; not preregistered or confirmatory,2.9.1+cu128,75496e0a1d69e758e32af4ace5da724afba2645ee31f79f2c511bfda71b97253,0.199435890843747,,
2026091902,1,2,34,108,selection,current,broadcast,0.03,1024,896,0.06531849286000936,0.06580416506338779,0.06391467774985396,303,0,5.657866813009605,21f7581e517b4ce1e89b61151531362996867945fba67c74ac7696003fee6ce6,46951103,Exploratory development; not preregistered or confirmatory,2.9.1+cu128,1a286131f6d0108bdd3b27ff33fad17cffe89e129e887945a8551b71d425428f,0.061852679865925984,0.07859291598435943,0.322070159553087
2026091902,1,2,34,108,selection,current,exact,0.03,1024,896,0.06531876462049398,0.06585158135061935,0.06385946584822011,323,0,5.445703361881897,21f7581e517b4ce1e89b61151531362996867945fba67c74ac7696003fee6ce6,46951103,Exploratory development; not preregistered or confirmatory,2.9.1+cu128,c2ef030d029220c2733c5815f2ad20fa3d6e42dad83b3cd94cfc20f4f4b9c9ab,0.061750349969778205,0.07752282730138377,0.31053840950326306
2026091902,1,2,34,108,selection,current,resistance,0.03,1024,896,0.06537047543682135,0.06591343359674003,0.06391102274423822,399,0,5.989269190002233,21f7581e517b4ce1e89b61151531362996867945fba67c74ac7696003fee6ce6,46951103,Exploratory development; not preregistered or confirmatory,2.9.1+cu128,d83beea8a9e09e23c23294525710f97e0b7d1023e0569b3a31b0841b8ab3b5da,0.061941628657660494,0.08247781787904075,0.35464485906112875
2026091902,1,2,34,108,selection,current,swapped,0.03,1024,896,0.06554861653244748,0.06600261233157267,0.06415833613888167,0,0,6.0638997501228005,21f7581e517b4ce1e89b61151531362996867945fba67c74ac7696003fee6ce6,46951103,Exploratory development; not preregistered or confirmatory,2.9.1+cu128,4b96a46baa5d78cf8cbd443bd6e818e26e6943e2a10cdc474cdc2c00c804f674,0.061886288912043605,0.078862156530832,0.3237661110580582
2026091902,1,2,34,108,selection,current,uniform_rms,0.03,1024,896,0.06530854078071156,0.06583402742058764,0.06389856111854045,282,0,6.080832723993808,21f7581e517b4ce1e89b61151531362996867945fba67c74ac7696003fee6ce6,46951103,Exploratory development; not preregistered or confirmatory,2.9.1+cu128,5ef0957327ff550a7b512a21dc0a2ff6bd1b47104089c005d8495a0e5617a727,0.06181299737991795,0.07808876128853294,0.31694853612717233
2026091902,1,2,34,108,selection,shunt,broadcast,0.03,1024,1024,0.06494616987117288,0.06494616987117288,0.06385487390185637,0,0,3.778583212988451,21f7581e517b4ce1e89b61151531362996867945fba67c74ac7696003fee6ce6,46950937,Exploratory development; not preregistered or confirmatory,2.9.1+cu128,ef42e8e389c6a0a3931782f2aabf39f679fd655cce06cda307b5287e13a632c1,0.06085162579944492,0.060794199526147036,0.060906345763925236
2026091902,1,2,34,108,selection,shunt,exact,0.03,1024,1024,0.06447065964454964,0.06447065964454964,0.0633384834341094,0,0,3.48641999787651,21f7581e517b4ce1e89b61151531362996867945fba67c74ac7696003fee6ce6,46950937,Exploratory development; not preregistered or confirmatory,2.9.1+cu128,979dbbe0fbbf510170b5c0260636fce3c9b45c6d12dbbf37e985893f8a926109,0.060566983693758604,0.06056665514179104,0.0605739790284738
2026091902,1,2,34,108,selection,shunt,resistance,0.03,1024,1024,0.06449899913423211,0.06449899913423211,0.06331608888544273,0,0,4.014608116820455,21f7581e517b4ce1e89b61151531362996867945fba67c74ac7696003fee6ce6,46950937,Exploratory development; not preregistered or confirmatory,2.9.1+cu128,ab5cc478b46a89374ec5bf0aff54de8b06634e92d6362d3c36f455402b87c3ac,0.06060421575078494,0.060623365420651075,0.060623424939722066
2026091902,1,2,34,108,selection,shunt,swapped,0.03,1024,1024,0.07554984249360146,0.07554984249360146,0.07119613593274626,0,0,4.039280476979911,21f7581e517b4ce1e89b61151531362996867945fba67c74ac7696003fee6ce6,46950937,Exploratory development; not preregistered or confirmatory,2.9.1+cu128,67b4e938cacc2fa050ca1f2bda2d92aed7599c814959a288707ee56842b12496,0.06875650901418331,0.07118272385011311,0.08527178247419247
2026091902,1,2,34,108,selection,shunt,uniform_rms,0.03,1024,1024,0.06494399732808186,0.06494399732808186,0.0638516146150784,0,0,4.054357004119083,21f7581e517b4ce1e89b61151531362996867945fba67c74ac7696003fee6ce6,46950937,Exploratory development; not preregistered or confirmatory,2.9.1+cu128,0e71a3705d6b7a1c03215d0bc2ec6dee3316615464816afc2e5ea0d449fc1073,0.0608495390532255,0.06079222666385954,0.060901777393583954
2026091902,1,2,34,108,selection,tonic,broadcast,0.03,1024,896,0.0653216367954014,0.06579995012392903,0.06390774574107683,305,0,4.9411124649923295,21f7581e517b4ce1e89b61151531362996867945fba67c74ac7696003fee6ce6,46951102,Exploratory development; not preregistered or confirmatory,2.9.1+cu128,f4b1041ce63168943a6ab1ad1a4b56eb9b2e44084c6d81bb4df813d89c79bbcc,0.06184261162042137,0.07868649399502249,0.32298471558108244
2026091902,1,2,34,108,selection,tonic,exact,0.03,1024,896,0.06531978445085075,0.06584547047179912,0.06386366922863716,325,0,4.675586486933753,21f7581e517b4ce1e89b61151531362996867945fba67c74ac7696003fee6ce6,46951102,Exploratory development; not preregistered or confirmatory,2.9.1+cu128,b1f7f6ab3626e0a5d28dbcf4a9d64820d71422b359d186bf314491ed9a82c064,0.06175106479682661,0.0776218881220427,0.31156212135982003
2026091902,1,2,34,108,selection,tonic,resistance,0.03,1024,896,0.06536675642012021,0.06590518054641074,0.0639016106246463,398,0,5.338072383077815,21f7581e517b4ce1e89b61151531362996867945fba67c74ac7696003fee6ce6,46951102,Exploratory development; not preregistered or confirmatory,2.9.1+cu128,622f2ba1ee76febe07cd2e3803a16ace76faa16fdbac35e8d706754697a1698c,0.06192694397577729,0.0824539154492664,0.3546020302169619
2026091902,1,2,34,108,selection,tonic,swapped,0.03,1024,896,0.06556444245384276,0.06600887239040369,0.06416385397150698,0,0,5.348807679023594,21f7581e517b4ce1e89b61151531362996867945fba67c74ac7696003fee6ce6,46951102,Exploratory development; not preregistered or confirmatory,2.9.1+cu128,f04dc491df48777263bc0b012407a1b0c809989b207ba649b623224a537c62ef,0.061879999413553904,0.07898380808889822,0.3250109949846943
2026091902,1,2,34,108,selection,tonic,uniform_rms,0.03,1024,896,0.06531207561810609,0.06582697782547542,0.06389276041784765,283,0,5.380557665135711,21f7581e517b4ce1e89b61151531362996867945fba67c74ac7696003fee6ce6,46951102,Exploratory development; not preregistered or confirmatory,2.9.1+cu128,cfda03cbfb93ba876ee20ad4ea63b6e1cb5cc4d7d80a74e99962470afd06c604,0.06180292291344773,0.07817883654414548,0.3178221580152392
