task_id,split,seed,rank,noise_sd,angle_pi,arm,candidate_id,tree_id,shape,budget_k,resource_cost,channel_cost,cable_cost,parameter_count,decoder_coefficients,encoder_coefficients,checkpoint,test_loss,penalized_test_loss,weight_norm
s7204_r1_n000_a125,confirmatory,7204,1,0.0,0.125,feedback_only,balanced_contiguous_k1,balanced_contiguous,balanced,1,0.1737418407321983,0.125,0.487418407321983,64,64,8,16,5.4714908968022756e-05,0.013954062167543888,1.0751024646155678
s7204_r1_n000_a125,confirmatory,7204,1,0.0,0.125,feedback_only,balanced_contiguous_k2,balanced_contiguous,balanced,2,0.2987418407321983,0.25,0.487418407321983,64,64,16,16,4.381982529017842e-05,0.02394316708386604,1.0634231449554112
s7204_r1_n000_a125,confirmatory,7204,1,0.0,0.125,feedback_only,balanced_contiguous_k4,balanced_contiguous,balanced,4,0.5487418407321983,0.5,0.487418407321983,64,64,32,16,2.180120649463317e-05,0.0439211484650705,1.0289655790344894
s7204_r1_n000_a125,confirmatory,7204,1,0.0,0.125,feedback_only,balanced_contiguous_k8,balanced_contiguous,balanced,8,1.0487418407321982,1.0,0.487418407321983,64,64,64,16,1.0768749546082881e-05,0.08391011600812194,0.9974192716836637
s7204_r1_n000_a125,confirmatory,7204,1,0.0,0.125,feedback_only,balanced_interleaved_k1,balanced_interleaved,balanced,1,0.19088469787505546,0.125,0.6588469787505544,64,64,8,16,5.4714908968022756e-05,0.01532549073897246,1.0751024646155678
s7204_r1_n000_a125,confirmatory,7204,1,0.0,0.125,feedback_only,balanced_interleaved_k2,balanced_interleaved,balanced,2,0.31588469787505546,0.25,0.6588469787505544,64,64,16,16,5.2125502194696215e-05,0.025322901332199135,1.0725218521836337
s7204_r1_n000_a125,confirmatory,7204,1,0.0,0.125,feedback_only,balanced_interleaved_k4,balanced_interleaved,balanced,4,0.5658846978750555,0.5,0.6588469787505544,64,64,32,16,1.6904399513083073e-05,0.04528768022951752,1.017224333842254
s7204_r1_n000_a125,confirmatory,7204,1,0.0,0.125,feedback_only,balanced_interleaved_k8,balanced_interleaved,balanced,8,1.0658846978750554,1.0,0.6588469787505544,64,64,64,16,1.0768749546082881e-05,0.08528154457955052,0.9974192716836637
s7204_r1_n000_a125,confirmatory,7204,1,0.0,0.125,feedback_only,balanced_permutation_a_k1,balanced_permutation_a,balanced,1,0.18899250811836066,0.125,0.6399250811836067,64,64,8,16,5.4714908968022756e-05,0.015174115558436877,1.0751024646155678
s7204_r1_n000_a125,confirmatory,7204,1,0.0,0.125,feedback_only,balanced_permutation_a_k2,balanced_permutation_a,balanced,2,0.31399250811836066,0.25,0.6399250811836067,64,64,16,16,4.7309222629661306e-05,0.025166709872098514,1.067412773698941
s7204_r1_n000_a125,confirmatory,7204,1,0.0,0.125,feedback_only,balanced_permutation_a_k4,balanced_permutation_a,balanced,4,0.5639925081183607,0.5,0.6399250811836067,64,64,32,16,2.376638294807118e-05,0.04514316703241692,1.0330454054539253
s7204_r1_n000_a125,confirmatory,7204,1,0.0,0.125,feedback_only,balanced_permutation_a_k8,balanced_permutation_a,balanced,8,1.0639925081183608,1.0,0.6399250811836067,64,64,64,16,1.0768749546082881e-05,0.08513016939901495,0.9974192716836637
s7204_r1_n000_a125,confirmatory,7204,1,0.0,0.125,feedback_only,balanced_permutation_b_k1,balanced_permutation_b,balanced,1,0.18840039778945986,0.125,0.6340039778945984,64,64,8,16,5.4714908968022756e-05,0.015126746732124812,1.0751024646155678
s7204_r1_n000_a125,confirmatory,7204,1,0.0,0.125,feedback_only,balanced_permutation_b_k2,balanced_permutation_b,balanced,2,0.31340039778945983,0.25,0.6340039778945984,64,64,16,16,5.3350081952343284e-05,0.025125381905109132,1.0737557330256198
s7204_r1_n000_a125,confirmatory,7204,1,0.0,0.125,feedback_only,balanced_permutation_b_k4,balanced_permutation_b,balanced,4,0.5634003977894598,0.5,0.6340039778945984,64,64,32,16,5.0137274738157854e-05,0.04512216909789494,1.0704642255185097
s7204_r1_n000_a125,confirmatory,7204,1,0.0,0.125,feedback_only,balanced_permutation_b_k8,balanced_permutation_b,balanced,8,1.06340039778946,1.0,0.6340039778945984,64,64,64,16,1.0768749546082881e-05,0.08508280057270289,0.9974192716836637
s7204_r1_n000_a125,confirmatory,7204,1,0.0,0.125,feedback_only,comb_contiguous_k1,comb_contiguous,comb,1,0.225,0.125,1.0,64,64,8,16,5.4714908968022756e-05,0.018054714908968025,1.0751024646155678
s7204_r1_n000_a125,confirmatory,7204,1,0.0,0.125,feedback_only,comb_contiguous_k2,comb_contiguous,comb,2,0.35,0.25,1.0,64,64,16,16,4.629403763933666e-05,0.028046294037639335,1.0662789536709072
s7204_r1_n000_a125,confirmatory,7204,1,0.0,0.125,feedback_only,comb_contiguous_k4,comb_contiguous,comb,4,0.6,0.5,1.0,64,64,32,16,3.922276564068297e-05,0.04803922276564068,1.0577265256917665
s7204_r1_n000_a125,confirmatory,7204,1,0.0,0.125,feedback_only,comb_contiguous_k8,comb_contiguous,comb,8,1.1,1.0,1.0,64,64,64,16,1.0768749546082881e-05,0.0880107687495461,0.9974192716836637
s7204_r1_n000_a125,confirmatory,7204,1,0.0,0.125,feedback_only,balanced_contiguous_k1,balanced_contiguous,balanced,1,0.1737418407321983,0.125,0.487418407321983,64,64,8,64,1.726466758141083e-17,0.013899347258575882,1.082392197673356
s7204_r1_n000_a125,confirmatory,7204,1,0.0,0.125,feedback_only,balanced_contiguous_k2,balanced_contiguous,balanced,2,0.2987418407321983,0.25,0.487418407321983,64,64,16,64,6.271491320284734e-18,0.02389934725857587,1.0697460956435796
s7204_r1_n000_a125,confirmatory,7204,1,0.0,0.125,feedback_only,balanced_contiguous_k4,balanced_contiguous,balanced,4,0.5487418407321983,0.5,0.487418407321983,64,64,32,64,2.503379065773708e-19,0.04389934725857587,1.0330112284357236
s7204_r1_n000_a125,confirmatory,7204,1,0.0,0.125,feedback_only,balanced_contiguous_k8,balanced_contiguous,balanced,8,1.0487418407321982,1.0,0.487418407321983,64,64,64,64,9.069260668297921e-21,0.08389934725857585,0.9999999999442318
s7204_r1_n000_a125,confirmatory,7204,1,0.0,0.125,feedback_only,balanced_interleaved_k1,balanced_interleaved,balanced,1,0.19088469787505546,0.125,0.6588469787505544,64,64,8,64,1.726466758141083e-17,0.015270775830004454,1.082392197673356
s7204_r1_n000_a125,confirmatory,7204,1,0.0,0.125,feedback_only,balanced_interleaved_k2,balanced_interleaved,balanced,2,0.31588469787505546,0.25,0.6588469787505544,64,64,16,64,1.3846474198219916e-17,0.025270775830004453,1.07958854623728
s7204_r1_n000_a125,confirmatory,7204,1,0.0,0.125,feedback_only,balanced_interleaved_k4,balanced_interleaved,balanced,4,0.5658846978750555,0.5,0.6588469787505544,64,64,32,64,7.625411294583832e-20,0.04527077583000444,1.0206636859072373
s7204_r1_n000_a125,confirmatory,7204,1,0.0,0.125,feedback_only,balanced_interleaved_k8,balanced_interleaved,balanced,8,1.0658846978750554,1.0,0.6588469787505544,64,64,64,64,9.069260668297921e-21,0.08527077583000443,0.9999999999442318
s7204_r1_n000_a125,confirmatory,7204,1,0.0,0.125,feedback_only,balanced_permutation_a_k1,balanced_permutation_a,balanced,1,0.18899250811836066,0.125,0.6399250811836067,64,64,8,64,1.726466758141083e-17,0.015119400649468871,1.082392197673356
s7204_r1_n000_a125,confirmatory,7204,1,0.0,0.125,feedback_only,balanced_permutation_a_k2,balanced_permutation_a,balanced,2,0.31399250811836066,0.25,0.6399250811836067,64,64,16,64,8.900016817625589e-18,0.025119400649468864,1.0740538133184878
s7204_r1_n000_a125,confirmatory,7204,1,0.0,0.125,feedback_only,balanced_permutation_a_k4,balanced_permutation_a,balanced,4,0.5639925081183607,0.5,0.6399250811836067,64,64,32,64,3.739831191612477e-19,0.04511940064946885,1.0373203582840789
s7204_r1_n000_a125,confirmatory,7204,1,0.0,0.125,feedback_only,balanced_permutation_a_k8,balanced_permutation_a,balanced,8,1.0639925081183608,1.0,0.6399250811836067,64,64,64,64,9.069260668297921e-21,0.08511940064946887,0.9999999999442318
s7204_r1_n000_a125,confirmatory,7204,1,0.0,0.125,feedback_only,balanced_permutation_b_k1,balanced_permutation_b,balanced,1,0.18840039778945986,0.125,0.6340039778945984,64,64,8,64,1.726466758141083e-17,0.015072031823156806,1.082392197673356
s7204_r1_n000_a125,confirmatory,7204,1,0.0,0.125,feedback_only,balanced_permutation_b_k2,balanced_permutation_b,balanced,2,0.31340039778945983,0.25,0.6340039778945984,64,64,16,64,1.5390309016605005e-17,0.0250720318231568,1.0809283863499828
s7204_r1_n000_a125,confirmatory,7204,1,0.0,0.125,feedback_only,balanced_permutation_b_k4,balanced_permutation_b,balanced,4,0.5634003977894598,0.5,0.6340039778945984,64,64,32,64,1.1598362922795082e-17,0.0450720318231568,1.0773569762395727
s7204_r1_n000_a125,confirmatory,7204,1,0.0,0.125,feedback_only,balanced_permutation_b_k8,balanced_permutation_b,balanced,8,1.06340039778946,1.0,0.6340039778945984,64,64,64,64,9.069260668297921e-21,0.0850720318231568,0.9999999999442318
s7204_r1_n000_a125,confirmatory,7204,1,0.0,0.125,feedback_only,comb_contiguous_k1,comb_contiguous,comb,1,0.225,0.125,1.0,64,64,8,64,1.726466758141083e-17,0.01800000000000002,1.082392197673356
s7204_r1_n000_a125,confirmatory,7204,1,0.0,0.125,feedback_only,comb_contiguous_k2,comb_contiguous,comb,2,0.35,0.25,1.0,64,64,16,64,8.060843776264642e-18,0.028000000000000004,1.0728283385507376
s7204_r1_n000_a125,confirmatory,7204,1,0.0,0.125,feedback_only,comb_contiguous_k4,comb_contiguous,comb,4,0.6,0.5,1.0,64,64,32,64,3.77540722711238e-18,0.04800000000000001,1.0636162647207086
s7204_r1_n000_a125,confirmatory,7204,1,0.0,0.125,feedback_only,comb_contiguous_k8,comb_contiguous,comb,8,1.1,1.0,1.0,64,64,64,64,9.069260668297921e-21,0.08800000000000001,0.9999999999442318
s7204_r1_n000_a125,confirmatory,7204,1,0.0,0.125,feedback_only,balanced_contiguous_k1,balanced_contiguous,balanced,1,0.1737418407321983,0.125,0.487418407321983,64,64,8,256,4.12760732144794e-32,0.013899347258575865,1.082392200292394
s7204_r1_n000_a125,confirmatory,7204,1,0.0,0.125,feedback_only,balanced_contiguous_k2,balanced_contiguous,balanced,2,0.2987418407321983,0.25,0.487418407321983,64,64,16,256,3.9770601436333975e-32,0.023899347258575863,1.0697460972001651
s7204_r1_n000_a125,confirmatory,7204,1,0.0,0.125,feedback_only,balanced_contiguous_k4,balanced_contiguous,balanced,4,0.5487418407321983,0.5,0.487418407321983,64,64,32,256,3.5754909961149524e-32,0.04389934725857587,1.0330112287360385
s7204_r1_n000_a125,confirmatory,7204,1,0.0,0.125,feedback_only,balanced_contiguous_k8,balanced_contiguous,balanced,8,1.0487418407321982,1.0,0.487418407321983,64,64,64,256,4.0690784291629416e-32,0.08389934725857585,1.0
s7204_r1_n000_a125,confirmatory,7204,1,0.0,0.125,feedback_only,balanced_interleaved_k1,balanced_interleaved,balanced,1,0.19088469787505546,0.125,0.6588469787505544,64,64,8,256,4.12760732144794e-32,0.015270775830004437,1.082392200292394
s7204_r1_n000_a125,confirmatory,7204,1,0.0,0.125,feedback_only,balanced_interleaved_k2,balanced_interleaved,balanced,2,0.31588469787505546,0.25,0.6588469787505544,64,64,16,256,3.565687667102682e-32,0.02527077583000444,1.0795885485753034
s7204_r1_n000_a125,confirmatory,7204,1,0.0,0.125,feedback_only,balanced_interleaved_k4,balanced_interleaved,balanced,4,0.5658846978750555,0.5,0.6588469787505544,64,64,32,256,3.6464022520179254e-32,0.04527077583000444,1.0206636860713543
s7204_r1_n000_a125,confirmatory,7204,1,0.0,0.125,feedback_only,balanced_interleaved_k8,balanced_interleaved,balanced,8,1.0658846978750554,1.0,0.6588469787505544,64,64,64,256,4.0690784291629416e-32,0.08527077583000443,1.0
s7204_r1_n000_a125,confirmatory,7204,1,0.0,0.125,feedback_only,balanced_permutation_a_k1,balanced_permutation_a,balanced,1,0.18899250811836066,0.125,0.6399250811836067,64,64,8,256,4.12760732144794e-32,0.015119400649468854,1.082392200292394
s7204_r1_n000_a125,confirmatory,7204,1,0.0,0.125,feedback_only,balanced_permutation_a_k2,balanced_permutation_a,balanced,2,0.31399250811836066,0.25,0.6399250811836067,64,64,16,256,3.8517118912806383e-32,0.025119400649468854,1.074053815181452
s7204_r1_n000_a125,confirmatory,7204,1,0.0,0.125,feedback_only,balanced_permutation_a_k4,balanced_permutation_a,balanced,4,0.5639925081183607,0.5,0.6399250811836067,64,64,32,256,4.2895105093753956e-32,0.04511940064946885,1.037320358652487
s7204_r1_n000_a125,confirmatory,7204,1,0.0,0.125,feedback_only,balanced_permutation_a_k8,balanced_permutation_a,balanced,8,1.0639925081183608,1.0,0.6399250811836067,64,64,64,256,4.0690784291629416e-32,0.08511940064946887,1.0
s7204_r1_n000_a125,confirmatory,7204,1,0.0,0.125,feedback_only,balanced_permutation_b_k1,balanced_permutation_b,balanced,1,0.18840039778945986,0.125,0.6340039778945984,64,64,8,256,4.12760732144794e-32,0.015072031823156789,1.082392200292394
s7204_r1_n000_a125,confirmatory,7204,1,0.0,0.125,feedback_only,balanced_permutation_b_k2,balanced_permutation_b,balanced,2,0.31340039778945983,0.25,0.6340039778945984,64,64,16,256,4.3198394391209614e-32,0.025072031823156787,1.080928388818644
s7204_r1_n000_a125,confirmatory,7204,1,0.0,0.125,feedback_only,balanced_permutation_b_k4,balanced_permutation_b,balanced,4,0.5634003977894598,0.5,0.6340039778945984,64,64,32,256,4.029719351814359e-32,0.045072031823156784,1.0773569783740486
s7204_r1_n000_a125,confirmatory,7204,1,0.0,0.125,feedback_only,balanced_permutation_b_k8,balanced_permutation_b,balanced,8,1.06340039778946,1.0,0.6340039778945984,64,64,64,256,4.0690784291629416e-32,0.0850720318231568,1.0
s7204_r1_n000_a125,confirmatory,7204,1,0.0,0.125,feedback_only,comb_contiguous_k1,comb_contiguous,comb,1,0.225,0.125,1.0,64,64,8,256,4.12760732144794e-32,0.018000000000000002,1.082392200292394
s7204_r1_n000_a125,confirmatory,7204,1,0.0,0.125,feedback_only,comb_contiguous_k2,comb_contiguous,comb,2,0.35,0.25,1.0,64,64,16,256,3.892037224985597e-32,0.027999999999999997,1.0728283403213323
s7204_r1_n000_a125,confirmatory,7204,1,0.0,0.125,feedback_only,comb_contiguous_k4,comb_contiguous,comb,4,0.6,0.5,1.0,64,64,32,256,3.8671583278608247e-32,0.048,1.0636162659207042
s7204_r1_n000_a125,confirmatory,7204,1,0.0,0.125,feedback_only,comb_contiguous_k8,comb_contiguous,comb,8,1.1,1.0,1.0,64,64,64,256,4.0690784291629416e-32,0.08800000000000001,1.0
s7204_r1_n000_a125,confirmatory,7204,1,0.0,0.125,joint_forward_feedback,balanced_contiguous_k1,balanced_contiguous,balanced,1,0.1737418407321983,0.125,0.487418407321983,64,64,8,16,0.0042072167875638,0.018106564046139667,1.374727937980545
s7204_r1_n000_a125,confirmatory,7204,1,0.0,0.125,joint_forward_feedback,balanced_contiguous_k2,balanced_contiguous,balanced,2,0.2987418407321983,0.25,0.487418407321983,64,64,16,16,0.0037612169118561405,0.027660564170432004,1.3659130893000704
s7204_r1_n000_a125,confirmatory,7204,1,0.0,0.125,joint_forward_feedback,balanced_contiguous_k4,balanced_contiguous,balanced,4,0.5487418407321983,0.5,0.487418407321983,64,64,32,16,0.0027179324236095,0.04661727968218537,1.340239306884951
s7204_r1_n000_a125,confirmatory,7204,1,0.0,0.125,joint_forward_feedback,balanced_contiguous_k8,balanced_contiguous,balanced,8,1.0487418407321982,1.0,0.487418407321983,64,64,64,16,0.002257102824482925,0.08615645008305878,1.325570607349229
s7204_r1_n000_a125,confirmatory,7204,1,0.0,0.125,joint_forward_feedback,balanced_interleaved_k1,balanced_interleaved,balanced,1,0.19088469787505546,0.125,0.6588469787505544,64,64,8,16,0.0017393614979415778,0.017010137327946016,1.305130792061627
s7204_r1_n000_a125,confirmatory,7204,1,0.0,0.125,joint_forward_feedback,balanced_interleaved_k2,balanced_interleaved,balanced,2,0.31588469787505546,0.25,0.6588469787505544,64,64,16,16,0.0016895766237392204,0.02696035245374366,1.3028666070740205
s7204_r1_n000_a125,confirmatory,7204,1,0.0,0.125,joint_forward_feedback,balanced_interleaved_k4,balanced_interleaved,balanced,4,0.5658846978750555,0.5,0.6588469787505544,64,64,32,16,0.0008850376845084891,0.04615581351451293,1.2535063882548814
s7204_r1_n000_a125,confirmatory,7204,1,0.0,0.125,joint_forward_feedback,balanced_interleaved_k8,balanced_interleaved,balanced,8,1.0658846978750554,1.0,0.6588469787505544,64,64,64,16,0.0007221617844056266,0.08599293761441006,1.2384905431671522
s7204_r1_n000_a125,confirmatory,7204,1,0.0,0.125,joint_forward_feedback,balanced_permutation_a_k1,balanced_permutation_a,balanced,1,0.18899250811836066,0.125,0.6399250811836067,64,64,8,16,0.0015849431175640597,0.016704343767032913,1.2978939430527385
s7204_r1_n000_a125,confirmatory,7204,1,0.0,0.125,joint_forward_feedback,balanced_permutation_a_k2,balanced_permutation_a,balanced,2,0.31399250811836066,0.25,0.6399250811836067,64,64,16,16,0.0014399667768606012,0.026559367426329455,1.2904650386127308
s7204_r1_n000_a125,confirmatory,7204,1,0.0,0.125,joint_forward_feedback,balanced_permutation_a_k4,balanced_permutation_a,balanced,4,0.5639925081183607,0.5,0.6399250811836067,64,64,32,16,0.0008594538061065892,0.04597885445557544,1.2513239035220076
s7204_r1_n000_a125,confirmatory,7204,1,0.0,0.125,joint_forward_feedback,balanced_permutation_a_k8,balanced_permutation_a,balanced,8,1.0639925081183608,1.0,0.6399250811836067,64,64,64,16,0.0005588290266207033,0.08567822967608957,1.2199656184314196
s7204_r1_n000_a125,confirmatory,7204,1,0.0,0.125,joint_forward_feedback,balanced_permutation_b_k1,balanced_permutation_b,balanced,1,0.18840039778945986,0.125,0.6340039778945984,64,64,8,16,0.001932902298171456,0.017004934121328245,1.3133822610674544
s7204_r1_n000_a125,confirmatory,7204,1,0.0,0.125,joint_forward_feedback,balanced_permutation_b_k2,balanced_permutation_b,balanced,2,0.31340039778945983,0.25,0.6340039778945984,64,64,16,16,0.0019123022770904633,0.02698433410024725,1.3125425552355396
s7204_r1_n000_a125,confirmatory,7204,1,0.0,0.125,joint_forward_feedback,balanced_permutation_b_k4,balanced_permutation_b,balanced,4,0.5634003977894598,0.5,0.6340039778945984,64,64,32,16,0.0018356752748610434,0.04690770709801783,1.3093410553015417
s7204_r1_n000_a125,confirmatory,7204,1,0.0,0.125,joint_forward_feedback,balanced_permutation_b_k8,balanced_permutation_b,balanced,8,1.06340039778946,1.0,0.6340039778945984,64,64,64,16,0.0009803112800079042,0.0860523431031647,1.2611558674221608
s7204_r1_n000_a125,confirmatory,7204,1,0.0,0.125,joint_forward_feedback,comb_contiguous_k1,comb_contiguous,comb,1,0.225,0.125,1.0,64,64,8,16,0.0014234798440476704,0.019423479844047672,1.2895760601891093
s7204_r1_n000_a125,confirmatory,7204,1,0.0,0.125,joint_forward_feedback,comb_contiguous_k2,comb_contiguous,comb,2,0.35,0.25,1.0,64,64,16,16,0.0013369661399400504,0.029336966139940048,1.2847468051227857
s7204_r1_n000_a125,confirmatory,7204,1,0.0,0.125,joint_forward_feedback,comb_contiguous_k4,comb_contiguous,comb,4,0.6,0.5,1.0,64,64,32,16,0.0011515429598917676,0.04915154295989177,1.2733286095817258
s7204_r1_n000_a125,confirmatory,7204,1,0.0,0.125,joint_forward_feedback,comb_contiguous_k8,comb_contiguous,comb,8,1.1,1.0,1.0,64,64,64,16,0.0007040324619602579,0.08870403246196026,1.2366329801899418
s7204_r1_n000_a125,confirmatory,7204,1,0.0,0.125,joint_forward_feedback,balanced_contiguous_k1,balanced_contiguous,balanced,1,0.1737418407321983,0.125,0.487418407321983,64,64,8,64,2.3872814495908373e-09,0.013899349645857314,1.4951399982999651
s7204_r1_n000_a125,confirmatory,7204,1,0.0,0.125,joint_forward_feedback,balanced_contiguous_k2,balanced_contiguous,balanced,2,0.2987418407321983,0.25,0.487418407321983,64,64,16,64,1.5100662363464464e-09,0.0238993487686421,1.4777963988832583
s7204_r1_n000_a125,confirmatory,7204,1,0.0,0.125,joint_forward_feedback,balanced_contiguous_k4,balanced_contiguous,balanced,4,0.5487418407321983,0.5,0.487418407321983,64,64,32,64,3.9718664860911107e-10,0.04389934765576252,1.4307195888906854
s7204_r1_n000_a125,confirmatory,7204,1,0.0,0.125,joint_forward_feedback,balanced_contiguous_k8,balanced_contiguous,balanced,8,1.0487418407321982,1.0,0.487418407321983,64,64,64,64,1.8409121897876058e-10,0.08389934744266707,1.405735580929271
s7204_r1_n000_a125,confirmatory,7204,1,0.0,0.125,joint_forward_feedback,balanced_interleaved_k1,balanced_interleaved,balanced,1,0.19088469787505546,0.125,0.6588469787505544,64,64,8,64,6.220996072102783e-11,0.015270775892214398,1.3728056003241278
s7204_r1_n000_a125,confirmatory,7204,1,0.0,0.125,joint_forward_feedback,balanced_interleaved_k2,balanced_interleaved,balanced,2,0.31588469787505546,0.25,0.6588469787505544,64,64,16,64,5.509906987857454e-11,0.02527077588510351,1.3692775857906487
s7204_r1_n000_a125,confirmatory,7204,1,0.0,0.125,joint_forward_feedback,balanced_interleaved_k4,balanced_interleaved,balanced,4,0.5658846978750555,0.5,0.6588469787505544,64,64,32,64,3.60483298729038e-12,0.04527077583360927,1.29719810887631
s7204_r1_n000_a125,confirmatory,7204,1,0.0,0.125,joint_forward_feedback,balanced_interleaved_k8,balanced_interleaved,balanced,8,1.0658846978750554,1.0,0.6588469787505544,64,64,64,64,1.5145051248355984e-12,0.08527077583151894,1.276803685701392
s7204_r1_n000_a125,confirmatory,7204,1,0.0,0.125,joint_forward_feedback,balanced_permutation_a_k1,balanced_permutation_a,balanced,1,0.18899250811836066,0.125,0.6399250811836067,64,64,8,64,4.216495362913228e-11,0.015119400691633807,1.3616062893680143
s7204_r1_n000_a125,confirmatory,7204,1,0.0,0.125,joint_forward_feedback,balanced_permutation_a_k2,balanced_permutation_a,balanced,2,0.31399250811836066,0.25,0.6399250811836067,64,64,16,64,2.8198804918297835e-11,0.025119400677667658,1.3503347202019507
s7204_r1_n000_a125,confirmatory,7204,1,0.0,0.125,joint_forward_feedback,balanced_permutation_a_k4,balanced_permutation_a,balanced,4,0.5639925081183607,0.5,0.6399250811836067,64,64,32,64,3.1819086095648883e-12,0.04511940065265076,1.294195257780273
s7204_r1_n000_a125,confirmatory,7204,1,0.0,0.125,joint_forward_feedback,balanced_permutation_a_k8,balanced_permutation_a,balanced,8,1.0639925081183608,1.0,0.6399250811836067,64,64,64,64,5.043077198014597e-13,0.08511940064997317,1.2524366681414458
s7204_r1_n000_a125,confirmatory,7204,1,0.0,0.125,joint_forward_feedback,balanced_permutation_b_k1,balanced_permutation_b,balanced,1,0.18840039778945986,0.125,0.6340039778945984,64,64,8,64,9.661324943092748e-11,0.015072031919770038,1.3858574265066492
s7204_r1_n000_a125,confirmatory,7204,1,0.0,0.125,joint_forward_feedback,balanced_permutation_b_k2,balanced_permutation_b,balanced,2,0.31340039778945983,0.25,0.6340039778945984,64,64,16,64,9.239443361342447e-11,0.02507203191555122,1.3845148485925576
s7204_r1_n000_a125,confirmatory,7204,1,0.0,0.125,joint_forward_feedback,balanced_permutation_b_k4,balanced_permutation_b,balanced,4,0.5634003977894598,0.5,0.6340039778945984,64,64,32,64,7.790849946405785e-11,0.04507203190106528,1.3794263237938043
s7204_r1_n000_a125,confirmatory,7204,1,0.0,0.125,joint_forward_feedback,balanced_permutation_b_k8,balanced_permutation_b,balanced,8,1.06340039778946,1.0,0.6340039778945984,64,64,64,64,5.56505675075069e-12,0.08507203182872186,1.3078327158247887
s7204_r1_n000_a125,confirmatory,7204,1,0.0,0.125,joint_forward_feedback,comb_contiguous_k1,comb_contiguous,comb,1,0.225,0.125,1.0,64,64,8,64,2.686747315243996e-11,0.018000000026867476,1.3490005043626783
s7204_r1_n000_a125,confirmatory,7204,1,0.0,0.125,joint_forward_feedback,comb_contiguous_k2,comb_contiguous,comb,2,0.35,0.25,1.0,64,64,16,64,2.0641925581470856e-11,0.028000000020641923,1.3418050627650748
s7204_r1_n000_a125,confirmatory,7204,1,0.0,0.125,joint_forward_feedback,comb_contiguous_k4,comb_contiguous,comb,4,0.6,0.5,1.0,64,64,32,64,1.1000354893559558e-11,0.048000000011000354,1.3251287522950508
s7204_r1_n000_a125,confirmatory,7204,1,0.0,0.125,joint_forward_feedback,comb_contiguous_k8,comb_contiguous,comb,8,1.1,1.0,1.0,64,64,64,64,1.3584788223923351e-12,0.08800000000135849,1.2743224155549282
s7204_r1_n000_a125,confirmatory,7204,1,0.0,0.125,joint_forward_feedback,balanced_contiguous_k1,balanced_contiguous,balanced,1,0.1737418407321983,0.125,0.487418407321983,64,64,8,256,4.143555253305546e-32,0.013899347258575865,1.495198723316995
s7204_r1_n000_a125,confirmatory,7204,1,0.0,0.125,joint_forward_feedback,balanced_contiguous_k2,balanced_contiguous,balanced,2,0.2987418407321983,0.25,0.487418407321983,64,64,16,256,5.160343613897821e-32,0.023899347258575863,1.4778418812167142
s7204_r1_n000_a125,confirmatory,7204,1,0.0,0.125,joint_forward_feedback,balanced_contiguous_k4,balanced_contiguous,balanced,4,0.5487418407321983,0.5,0.487418407321983,64,64,32,256,3.79122844576381e-32,0.04389934725857587,1.430741259797509
s7204_r1_n000_a125,confirmatory,7204,1,0.0,0.125,joint_forward_feedback,balanced_contiguous_k8,balanced_contiguous,balanced,8,1.0487418407321982,1.0,0.487418407321983,64,64,64,256,3.5933950975091205e-32,0.08389934725857585,1.405749757100649
s7204_r1_n000_a125,confirmatory,7204,1,0.0,0.125,joint_forward_feedback,balanced_interleaved_k1,balanced_interleaved,balanced,1,0.19088469787505546,0.125,0.6588469787505544,64,64,8,256,3.7126991048467454e-32,0.015270775830004437,1.3728134125213296
s7204_r1_n000_a125,confirmatory,7204,1,0.0,0.125,joint_forward_feedback,balanced_interleaved_k2,balanced_interleaved,balanced,2,0.31588469787505546,0.25,0.6588469787505544,64,64,16,256,3.7561228947236777e-32,0.02527077583000444,1.3692848956468389
s7204_r1_n000_a125,confirmatory,7204,1,0.0,0.125,joint_forward_feedback,balanced_interleaved_k4,balanced_interleaved,balanced,4,0.5658846978750555,0.5,0.6588469787505544,64,64,32,256,3.7091736503518355e-32,0.04527077583000444,1.2971997682082292
s7204_r1_n000_a125,confirmatory,7204,1,0.0,0.125,joint_forward_feedback,balanced_interleaved_k8,balanced_interleaved,balanced,8,1.0658846978750554,1.0,0.6588469787505544,64,64,64,256,3.73247944216162e-32,0.08527077583000443,1.2768047252544337
s7204_r1_n000_a125,confirmatory,7204,1,0.0,0.125,joint_forward_feedback,balanced_permutation_a_k1,balanced_permutation_a,balanced,1,0.18899250811836066,0.125,0.6399250811836067,64,64,8,256,3.467311720376716e-32,0.015119400649468854,1.3616126040229912
s7204_r1_n000_a125,confirmatory,7204,1,0.0,0.125,joint_forward_feedback,balanced_permutation_a_k2,balanced_permutation_a,balanced,2,0.31399250811836066,0.25,0.6399250811836067,64,64,16,256,3.7671184688812693e-32,0.025119400649468854,1.3503397893257976
s7204_r1_n000_a125,confirmatory,7204,1,0.0,0.125,joint_forward_feedback,balanced_permutation_a_k4,balanced_permutation_a,balanced,4,0.5639925081183607,0.5,0.6399250811836067,64,64,32,256,3.6953098699782374e-32,0.04511940064946885,1.2941968089472944
s7204_r1_n000_a125,confirmatory,7204,1,0.0,0.125,joint_forward_feedback,balanced_permutation_a_k8,balanced_permutation_a,balanced,8,1.0639925081183608,1.0,0.6399250811836067,64,64,64,256,3.8402371562382927e-32,0.08511940064946887,1.2524372441700424
s7204_r1_n000_a125,confirmatory,7204,1,0.0,0.125,joint_forward_feedback,balanced_permutation_b_k1,balanced_permutation_b,balanced,1,0.18840039778945986,0.125,0.6340039778945984,64,64,8,256,4.112302385000234e-32,0.015072031823156789,1.385867371408667
s7204_r1_n000_a125,confirmatory,7204,1,0.0,0.125,joint_forward_feedback,balanced_permutation_b_k2,balanced_permutation_b,balanced,2,0.31340039778945983,0.25,0.6340039778945984,64,64,16,256,3.666911689703897e-32,0.025072031823156787,1.3845245527370826
s7204_r1_n000_a125,confirmatory,7204,1,0.0,0.125,joint_forward_feedback,balanced_permutation_b_k4,balanced_permutation_b,balanced,4,0.5634003977894598,0.5,0.6340039778945984,64,64,32,256,3.515437487656937e-32,0.045072031823156784,1.3794351612865086
s7204_r1_n000_a125,confirmatory,7204,1,0.0,0.125,joint_forward_feedback,balanced_permutation_b_k8,balanced_permutation_b,balanced,8,1.06340039778946,1.0,0.6340039778945984,64,64,64,256,3.764617751586689e-32,0.0850720318231568,1.307834814414285
s7204_r1_n000_a125,confirmatory,7204,1,0.0,0.125,joint_forward_feedback,comb_contiguous_k1,comb_contiguous,comb,1,0.225,0.125,1.0,64,64,8,256,3.9460664718324417e-32,0.018000000000000002,1.3490054414995243
s7204_r1_n000_a125,confirmatory,7204,1,0.0,0.125,joint_forward_feedback,comb_contiguous_k2,comb_contiguous,comb,2,0.35,0.25,1.0,64,64,16,256,3.792725437819582e-32,0.027999999999999997,1.341809339131026
s7204_r1_n000_a125,confirmatory,7204,1,0.0,0.125,joint_forward_feedback,comb_contiguous_k4,comb_contiguous,comb,4,0.6,0.5,1.0,64,64,32,256,3.7091736503518355e-32,0.048,1.3251317889608287
s7204_r1_n000_a125,confirmatory,7204,1,0.0,0.125,joint_forward_feedback,comb_contiguous_k8,comb_contiguous,comb,8,1.1,1.0,1.0,64,64,64,256,3.856490422753525e-32,0.08800000000000001,1.2743233960389637
s7204_r1_n000_a375,confirmatory,7204,1,0.0,0.375,feedback_only,balanced_contiguous_k1,balanced_contiguous,balanced,1,0.1737418407321983,0.125,0.487418407321983,64,64,8,16,0.11608451672220581,0.12998386398078168,1.3346393564184942
s7204_r1_n000_a375,confirmatory,7204,1,0.0,0.375,feedback_only,balanced_contiguous_k2,balanced_contiguous,balanced,2,0.2987418407321983,0.25,0.487418407321983,64,64,16,16,0.035400360146049796,0.05929970740462566,1.4227397327346927
s7204_r1_n000_a375,confirmatory,7204,1,0.0,0.375,feedback_only,balanced_contiguous_k4,balanced_contiguous,balanced,4,0.5487418407321983,0.5,0.487418407321983,64,64,32,16,0.0006837742812027443,0.044583121539778614,1.2124333932652713
s7204_r1_n000_a375,confirmatory,7204,1,0.0,0.375,feedback_only,balanced_contiguous_k8,balanced_contiguous,balanced,8,1.0487418407321982,1.0,0.487418407321983,64,64,64,16,9.755865028778456e-06,0.08390910312360464,0.9964496578216857
s7204_r1_n000_a375,confirmatory,7204,1,0.0,0.375,feedback_only,balanced_interleaved_k1,balanced_interleaved,balanced,1,0.19088469787505546,0.125,0.6588469787505544,64,64,8,16,0.11608451672220581,0.13135529255221023,1.3346393564184942
s7204_r1_n000_a375,confirmatory,7204,1,0.0,0.375,feedback_only,balanced_interleaved_k2,balanced_interleaved,balanced,2,0.31588469787505546,0.25,0.6588469787505544,64,64,16,16,0.08982790042809963,0.11509867625810406,1.3737785505452522
s7204_r1_n000_a375,confirmatory,7204,1,0.0,0.375,feedback_only,balanced_interleaved_k4,balanced_interleaved,balanced,4,0.5658846978750555,0.5,0.6588469787505544,64,64,32,16,0.00015119974992891972,0.04542197557993336,1.1242666399628238
s7204_r1_n000_a375,confirmatory,7204,1,0.0,0.375,feedback_only,balanced_interleaved_k8,balanced_interleaved,balanced,8,1.0658846978750554,1.0,0.6588469787505544,64,64,64,16,9.755865028778456e-06,0.08528053169503322,0.9964496578216857
s7204_r1_n000_a375,confirmatory,7204,1,0.0,0.375,feedback_only,balanced_permutation_a_k1,balanced_permutation_a,balanced,1,0.18899250811836066,0.125,0.6399250811836067,64,64,8,16,0.11608451672220581,0.13120391737167467,1.3346393564184942
s7204_r1_n000_a375,confirmatory,7204,1,0.0,0.375,feedback_only,balanced_permutation_a_k2,balanced_permutation_a,balanced,2,0.31399250811836066,0.25,0.6399250811836067,64,64,16,16,0.053533697425805965,0.07865309807527482,1.4144600062867672
s7204_r1_n000_a375,confirmatory,7204,1,0.0,0.375,feedback_only,balanced_permutation_a_k4,balanced_permutation_a,balanced,4,0.5639925081183607,0.5,0.6399250811836067,64,64,32,16,0.0011322264310746118,0.046251627080543464,1.2444590256075116
s7204_r1_n000_a375,confirmatory,7204,1,0.0,0.375,feedback_only,balanced_permutation_a_k8,balanced_permutation_a,balanced,8,1.0639925081183608,1.0,0.6399250811836067,64,64,64,16,9.755865028778456e-06,0.08512915651449765,0.9964496578216857
s7204_r1_n000_a375,confirmatory,7204,1,0.0,0.375,feedback_only,balanced_permutation_b_k1,balanced_permutation_b,balanced,1,0.18840039778945986,0.125,0.6340039778945984,64,64,8,16,0.11608451672220581,0.1311565485453626,1.3346393564184942
s7204_r1_n000_a375,confirmatory,7204,1,0.0,0.375,feedback_only,balanced_permutation_b_k2,balanced_permutation_b,balanced,2,0.31340039778945983,0.25,0.6340039778945984,64,64,16,16,0.10158682124426974,0.12665885306742652,1.356970721461579
s7204_r1_n000_a375,confirmatory,7204,1,0.0,0.375,feedback_only,balanced_permutation_b_k4,balanced_permutation_b,balanced,4,0.5634003977894598,0.5,0.6340039778945984,64,64,32,16,0.07304286154633251,0.1181148933694893,1.3951747902047884
s7204_r1_n000_a375,confirmatory,7204,1,0.0,0.375,feedback_only,balanced_permutation_b_k8,balanced_permutation_b,balanced,8,1.06340039778946,1.0,0.6340039778945984,64,64,64,16,9.755865028778456e-06,0.08508178768818558,0.9964496578216857
s7204_r1_n000_a375,confirmatory,7204,1,0.0,0.375,feedback_only,comb_contiguous_k1,comb_contiguous,comb,1,0.225,0.125,1.0,64,64,8,16,0.11608451672220581,0.1340845167222058,1.3346393564184942
s7204_r1_n000_a375,confirmatory,7204,1,0.0,0.375,feedback_only,comb_contiguous_k2,comb_contiguous,comb,2,0.35,0.25,1.0,64,64,16,16,0.047637677719696334,0.07563767771969633,1.4185197572259909
s7204_r1_n000_a375,confirmatory,7204,1,0.0,0.375,feedback_only,comb_contiguous_k4,comb_contiguous,comb,4,0.6,0.5,1.0,64,64,32,16,0.019324886548482918,0.06732488654848293,1.4118043217826421
s7204_r1_n000_a375,confirmatory,7204,1,0.0,0.375,feedback_only,comb_contiguous_k8,comb_contiguous,comb,8,1.1,1.0,1.0,64,64,64,16,9.755865028778456e-06,0.0880097558650288,0.9964496578216857
s7204_r1_n000_a375,confirmatory,7204,1,0.0,0.375,feedback_only,balanced_contiguous_k1,balanced_contiguous,balanced,1,0.1737418407321983,0.125,0.487418407321983,64,64,8,64,0.001148894651820167,0.015048241910396032,2.4919918935674543
s7204_r1_n000_a375,confirmatory,7204,1,0.0,0.375,feedback_only,balanced_contiguous_k2,balanced_contiguous,balanced,2,0.2987418407321983,0.25,0.487418407321983,64,64,16,64,8.254757623349312e-06,0.023907602016199212,1.936392605934042
s7204_r1_n000_a375,confirmatory,7204,1,0.0,0.375,feedback_only,balanced_contiguous_k4,balanced_contiguous,balanced,4,0.5487418407321983,0.5,0.487418407321983,64,64,32,64,6.202145872705732e-13,0.04389934725919608,1.2564530183404516
s7204_r1_n000_a375,confirmatory,7204,1,0.0,0.375,feedback_only,balanced_contiguous_k8,balanced_contiguous,balanced,8,1.0487418407321982,1.0,0.487418407321983,64,64,64,64,6.5037259563539875e-21,0.08389934725857585,0.9999999999305075
s7204_r1_n000_a375,confirmatory,7204,1,0.0,0.375,feedback_only,balanced_interleaved_k1,balanced_interleaved,balanced,1,0.19088469787505546,0.125,0.6588469787505544,64,64,8,64,0.001148894651820167,0.016419670481824605,2.4919918935674543
s7204_r1_n000_a375,confirmatory,7204,1,0.0,0.375,feedback_only,balanced_interleaved_k2,balanced_interleaved,balanced,2,0.31588469787505546,0.25,0.6588469787505544,64,64,16,64,0.00039371644196110954,0.025664492271965548,2.344628917121323
s7204_r1_n000_a375,confirmatory,7204,1,0.0,0.375,feedback_only,balanced_interleaved_k4,balanced_interleaved,balanced,4,0.5658846978750555,0.5,0.6588469787505544,64,64,32,64,1.0528014210707978e-15,0.045270775830005494,1.1422851500512714
s7204_r1_n000_a375,confirmatory,7204,1,0.0,0.375,feedback_only,balanced_interleaved_k8,balanced_interleaved,balanced,8,1.0658846978750554,1.0,0.6588469787505544,64,64,64,64,6.5037259563539875e-21,0.08527077583000443,0.9999999999305075
s7204_r1_n000_a375,confirmatory,7204,1,0.0,0.375,feedback_only,balanced_permutation_a_k1,balanced_permutation_a,balanced,1,0.18899250811836066,0.125,0.6399250811836067,64,64,8,64,0.001148894651820167,0.01626829530128902,2.4919918935674543
s7204_r1_n000_a375,confirmatory,7204,1,0.0,0.375,feedback_only,balanced_permutation_a_k2,balanced_permutation_a,balanced,2,0.31399250811836066,0.25,0.6399250811836067,64,64,16,64,4.578927578142959e-05,0.025165189925250284,2.0943415766088225
s7204_r1_n000_a375,confirmatory,7204,1,0.0,0.375,feedback_only,balanced_permutation_a_k4,balanced_permutation_a,balanced,4,0.5639925081183607,0.5,0.6399250811836067,64,64,32,64,5.134315351293895e-12,0.04511940065460317,1.3039232656734852
s7204_r1_n000_a375,confirmatory,7204,1,0.0,0.375,feedback_only,balanced_permutation_a_k8,balanced_permutation_a,balanced,8,1.0639925081183608,1.0,0.6399250811836067,64,64,64,64,6.5037259563539875e-21,0.08511940064946887,0.9999999999305075
s7204_r1_n000_a375,confirmatory,7204,1,0.0,0.375,feedback_only,balanced_permutation_b_k1,balanced_permutation_b,balanced,1,0.18840039778945986,0.125,0.6340039778945984,64,64,8,64,0.001148894651820167,0.016220926474976957,2.4919918935674543
s7204_r1_n000_a375,confirmatory,7204,1,0.0,0.375,feedback_only,balanced_permutation_b_k2,balanced_permutation_b,balanced,2,0.31340039778945983,0.25,0.6340039778945984,64,64,16,64,0.0006577970662416038,0.02572982888939839,2.4135402214239687
s7204_r1_n000_a375,confirmatory,7204,1,0.0,0.375,feedback_only,balanced_permutation_b_k4,balanced_permutation_b,balanced,4,0.5634003977894598,0.5,0.6340039778945984,64,64,32,64,0.00016640300063182616,0.04523843482378861,2.236928058232013
s7204_r1_n000_a375,confirmatory,7204,1,0.0,0.375,feedback_only,balanced_permutation_b_k8,balanced_permutation_b,balanced,8,1.06340039778946,1.0,0.6340039778945984,64,64,64,64,6.5037259563539875e-21,0.0850720318231568,0.9999999999305075
s7204_r1_n000_a375,confirmatory,7204,1,0.0,0.375,feedback_only,comb_contiguous_k1,comb_contiguous,comb,1,0.225,0.125,1.0,64,64,8,64,0.001148894651820167,0.01914889465182017,2.4919918935674543
s7204_r1_n000_a375,confirmatory,7204,1,0.0,0.375,feedback_only,comb_contiguous_k2,comb_contiguous,comb,2,0.35,0.25,1.0,64,64,16,64,2.8227466513993593e-05,0.02802822746651399,2.0463621708950264
s7204_r1_n000_a375,confirmatory,7204,1,0.0,0.375,feedback_only,comb_contiguous_k4,comb_contiguous,comb,4,0.6,0.5,1.0,64,64,32,64,6.750930369587325e-07,0.04800067509303696,1.7560570885920417
s7204_r1_n000_a375,confirmatory,7204,1,0.0,0.375,feedback_only,comb_contiguous_k8,comb_contiguous,comb,8,1.1,1.0,1.0,64,64,64,64,6.5037259563539875e-21,0.08800000000000001,0.9999999999305075
s7204_r1_n000_a375,confirmatory,7204,1,0.0,0.375,feedback_only,balanced_contiguous_k1,balanced_contiguous,balanced,1,0.1737418407321983,0.125,0.487418407321983,64,64,8,256,1.109244884223031e-11,0.013899347269668313,2.6131186409688656
s7204_r1_n000_a375,confirmatory,7204,1,0.0,0.375,feedback_only,balanced_contiguous_k2,balanced_contiguous,balanced,2,0.2987418407321983,0.25,0.487418407321983,64,64,16,256,2.4981971320068014e-20,0.023899347258575863,1.943438344921747
s7204_r1_n000_a375,confirmatory,7204,1,0.0,0.375,feedback_only,balanced_contiguous_k4,balanced_contiguous,balanced,4,0.5487418407321983,0.5,0.487418407321983,64,64,32,256,3.110659584943858e-32,0.04389934725857587,1.256453981676848
s7204_r1_n000_a375,confirmatory,7204,1,0.0,0.375,feedback_only,balanced_contiguous_k8,balanced_contiguous,balanced,8,1.0487418407321982,1.0,0.487418407321983,64,64,64,256,3.75768286297094e-32,0.08389934725857585,1.0000000000000002
s7204_r1_n000_a375,confirmatory,7204,1,0.0,0.375,feedback_only,balanced_interleaved_k1,balanced_interleaved,balanced,1,0.19088469787505546,0.125,0.6588469787505544,64,64,8,256,1.109244884223031e-11,0.015270775841096885,2.6131186409688656
s7204_r1_n000_a375,confirmatory,7204,1,0.0,0.375,feedback_only,balanced_interleaved_k2,balanced_interleaved,balanced,2,0.31588469787505546,0.25,0.6588469787505544,64,64,16,256,1.5286288959047147e-13,0.025270775830157303,2.4089784900218754
s7204_r1_n000_a375,confirmatory,7204,1,0.0,0.375,feedback_only,balanced_interleaved_k4,balanced_interleaved,balanced,4,0.5658846978750555,0.5,0.6588469787505544,64,64,32,256,3.003850632561543e-32,0.04527077583000444,1.142285183779607
s7204_r1_n000_a375,confirmatory,7204,1,0.0,0.375,feedback_only,balanced_interleaved_k8,balanced_interleaved,balanced,8,1.0658846978750554,1.0,0.6588469787505544,64,64,64,256,3.75768286297094e-32,0.08527077583000443,1.0000000000000002
s7204_r1_n000_a375,confirmatory,7204,1,0.0,0.375,feedback_only,balanced_permutation_a_k1,balanced_permutation_a,balanced,1,0.18899250811836066,0.125,0.6399250811836067,64,64,8,256,1.109244884223031e-11,0.015119400660561302,2.6131186409688656
s7204_r1_n000_a375,confirmatory,7204,1,0.0,0.375,feedback_only,balanced_permutation_a_k2,balanced_permutation_a,balanced,2,0.31399250811836066,0.25,0.6399250811836067,64,64,16,256,2.6204937729411608e-17,0.02511940064946888,2.1129279669868355
s7204_r1_n000_a375,confirmatory,7204,1,0.0,0.375,feedback_only,balanced_permutation_a_k4,balanced_permutation_a,balanced,4,0.5639925081183607,0.5,0.6399250811836067,64,64,32,256,3.127143615693836e-32,0.04511940064946885,1.3039262223544539
s7204_r1_n000_a375,confirmatory,7204,1,0.0,0.375,feedback_only,balanced_permutation_a_k8,balanced_permutation_a,balanced,8,1.0639925081183608,1.0,0.6399250811836067,64,64,64,256,3.75768286297094e-32,0.08511940064946887,1.0000000000000002
s7204_r1_n000_a375,confirmatory,7204,1,0.0,0.375,feedback_only,balanced_permutation_b_k1,balanced_permutation_b,balanced,1,0.18840039778945986,0.125,0.6340039778945984,64,64,8,256,1.109244884223031e-11,0.015072031834249237,2.6131186409688656
s7204_r1_n000_a375,confirmatory,7204,1,0.0,0.375,feedback_only,balanced_permutation_b_k2,balanced_permutation_b,balanced,2,0.31340039778945983,0.25,0.6340039778945984,64,64,16,256,1.1947411638883e-12,0.02507203182435153,2.5005460481374415
s7204_r1_n000_a375,confirmatory,7204,1,0.0,0.375,feedback_only,balanced_permutation_b_k4,balanced_permutation_b,balanced,4,0.5634003977894598,0.5,0.6340039778945984,64,64,32,256,4.7987315485205256e-15,0.045072031823161586,2.275919833746272
s7204_r1_n000_a375,confirmatory,7204,1,0.0,0.375,feedback_only,balanced_permutation_b_k8,balanced_permutation_b,balanced,8,1.06340039778946,1.0,0.6340039778945984,64,64,64,256,3.75768286297094e-32,0.0850720318231568,1.0000000000000002
s7204_r1_n000_a375,confirmatory,7204,1,0.0,0.375,feedback_only,comb_contiguous_k1,comb_contiguous,comb,1,0.225,0.125,1.0,64,64,8,256,1.109244884223031e-11,0.018000000011092452,2.6131186409688656
s7204_r1_n000_a375,confirmatory,7204,1,0.0,0.375,feedback_only,comb_contiguous_k2,comb_contiguous,comb,2,0.35,0.25,1.0,64,64,16,256,3.691251381753847e-18,0.028,2.0604755710336478
s7204_r1_n000_a375,confirmatory,7204,1,0.0,0.375,feedback_only,comb_contiguous_k4,comb_contiguous,comb,4,0.6,0.5,1.0,64,64,32,256,9.077335359169305e-25,0.048,1.7578004151590287
s7204_r1_n000_a375,confirmatory,7204,1,0.0,0.375,feedback_only,comb_contiguous_k8,comb_contiguous,comb,8,1.1,1.0,1.0,64,64,64,256,3.75768286297094e-32,0.08800000000000001,1.0000000000000002
s7204_r1_n000_a375,confirmatory,7204,1,0.0,0.375,joint_forward_feedback,balanced_contiguous_k1,balanced_contiguous,balanced,1,0.1737418407321983,0.125,0.487418407321983,64,64,8,16,0.22955141267449047,0.24345075993306634,1.117791522809757
s7204_r1_n000_a375,confirmatory,7204,1,0.0,0.375,joint_forward_feedback,balanced_contiguous_k2,balanced_contiguous,balanced,2,0.2987418407321983,0.25,0.487418407321983,64,64,16,16,0.12574481630213669,0.14964416356071256,1.318919600238454
s7204_r1_n000_a375,confirmatory,7204,1,0.0,0.375,joint_forward_feedback,balanced_contiguous_k4,balanced_contiguous,balanced,4,0.5487418407321983,0.5,0.487418407321983,64,64,32,16,0.020712111449800667,0.06461145870837653,1.414052097267709
s7204_r1_n000_a375,confirmatory,7204,1,0.0,0.375,joint_forward_feedback,balanced_contiguous_k8,balanced_contiguous,balanced,8,1.0487418407321982,1.0,0.487418407321983,64,64,64,16,0.007097148363160132,0.09099649562173599,1.3626416870982767
s7204_r1_n000_a375,confirmatory,7204,1,0.0,0.375,joint_forward_feedback,balanced_interleaved_k1,balanced_interleaved,balanced,1,0.19088469787505546,0.125,0.6588469787505544,64,64,8,16,0.1998113863205148,0.21508216215051923,1.1809645240786906
s7204_r1_n000_a375,confirmatory,7204,1,0.0,0.375,joint_forward_feedback,balanced_interleaved_k2,balanced_interleaved,balanced,2,0.31588469787505546,0.25,0.6588469787505544,64,64,16,16,0.17102382552871287,0.19629460135871732,1.2379370569383668
s7204_r1_n000_a375,confirmatory,7204,1,0.0,0.375,joint_forward_feedback,balanced_interleaved_k4,balanced_interleaved,balanced,4,0.5658846978750555,0.5,0.6588469787505544,64,64,32,16,0.004482337610955877,0.04975311344096032,1.334196137633009
s7204_r1_n000_a375,confirmatory,7204,1,0.0,0.375,joint_forward_feedback,balanced_interleaved_k8,balanced_interleaved,balanced,8,1.0658846978750554,1.0,0.6588469787505544,64,64,64,16,0.0013297012496892883,0.08660047707969372,1.2548648464224263
s7204_r1_n000_a375,confirmatory,7204,1,0.0,0.375,joint_forward_feedback,balanced_permutation_a_k1,balanced_permutation_a,balanced,1,0.18899250811836066,0.125,0.6399250811836067,64,64,8,16,0.1712967869301586,0.18641618757962744,1.2374160527871993
s7204_r1_n000_a375,confirmatory,7204,1,0.0,0.375,joint_forward_feedback,balanced_permutation_a_k2,balanced_permutation_a,balanced,2,0.31399250811836066,0.25,0.6399250811836067,64,64,16,16,0.11430407765703275,0.1394234783065016,1.3374669682074145
s7204_r1_n000_a375,confirmatory,7204,1,0.0,0.375,joint_forward_feedback,balanced_permutation_a_k4,balanced_permutation_a,balanced,4,0.5639925081183607,0.5,0.6399250811836067,64,64,32,16,0.013177502542093702,0.058296903191562555,1.3961067696044491
s7204_r1_n000_a375,confirmatory,7204,1,0.0,0.375,joint_forward_feedback,balanced_permutation_a_k8,balanced_permutation_a,balanced,8,1.0639925081183608,1.0,0.6399250811836067,64,64,64,16,0.0010342099053930929,0.08615361055486195,1.2386352611433513
s7204_r1_n000_a375,confirmatory,7204,1,0.0,0.375,joint_forward_feedback,balanced_permutation_b_k1,balanced_permutation_b,balanced,1,0.18840039778945986,0.125,0.6340039778945984,64,64,8,16,0.2044924236199605,0.21956445544311728,1.1713153403676406
s7204_r1_n000_a375,confirmatory,7204,1,0.0,0.375,joint_forward_feedback,balanced_permutation_b_k2,balanced_permutation_b,balanced,2,0.31340039778945983,0.25,0.6340039778945984,64,64,16,16,0.19026668894542964,0.21533872076858643,1.2003052931408051
s7204_r1_n000_a375,confirmatory,7204,1,0.0,0.375,joint_forward_feedback,balanced_permutation_b_k4,balanced_permutation_b,balanced,4,0.5634003977894598,0.5,0.6340039778945984,64,64,32,16,0.15917821412719924,0.204250245950356,1.2601850451773098
s7204_r1_n000_a375,confirmatory,7204,1,0.0,0.375,joint_forward_feedback,balanced_permutation_b_k8,balanced_permutation_b,balanced,8,1.06340039778946,1.0,0.6340039778945984,64,64,64,16,0.004638251979789353,0.08971028380294616,1.3363742796985358
s7204_r1_n000_a375,confirmatory,7204,1,0.0,0.375,joint_forward_feedback,comb_contiguous_k1,comb_contiguous,comb,1,0.225,0.125,1.0,64,64,8,16,0.23045066408387083,0.24845066408387084,1.1158108962226714
s7204_r1_n000_a375,confirmatory,7204,1,0.0,0.375,joint_forward_feedback,comb_contiguous_k2,comb_contiguous,comb,2,0.35,0.25,1.0,64,64,16,16,0.13032705420948004,0.15832705420948004,1.3112518629680627
s7204_r1_n000_a375,confirmatory,7204,1,0.0,0.375,joint_forward_feedback,comb_contiguous_k4,comb_contiguous,comb,4,0.6,0.5,1.0,64,64,32,16,0.0660941437350655,0.1140941437350655,1.4028824399416875
s7204_r1_n000_a375,confirmatory,7204,1,0.0,0.375,joint_forward_feedback,comb_contiguous_k8,comb_contiguous,comb,8,1.1,1.0,1.0,64,64,64,16,0.0017957948265011378,0.08979579482650114,1.2744901899509682
s7204_r1_n000_a375,confirmatory,7204,1,0.0,0.375,joint_forward_feedback,balanced_contiguous_k1,balanced_contiguous,balanced,1,0.1737418407321983,0.125,0.487418407321983,64,64,8,64,0.02031837179478919,0.034217719053365056,2.881678562982788
s7204_r1_n000_a375,confirmatory,7204,1,0.0,0.375,joint_forward_feedback,balanced_contiguous_k2,balanced_contiguous,balanced,2,0.2987418407321983,0.25,0.487418407321983,64,64,16,64,0.0016056587730344423,0.025505006031610305,2.5405452424511026
s7204_r1_n000_a375,confirmatory,7204,1,0.0,0.375,joint_forward_feedback,balanced_contiguous_k4,balanced_contiguous,balanced,4,0.5487418407321983,0.5,0.487418407321983,64,64,32,64,8.992140671448125e-07,0.04390024647264301,1.7742270627685672
s7204_r1_n000_a375,confirmatory,7204,1,0.0,0.375,joint_forward_feedback,balanced_contiguous_k8,balanced_contiguous,balanced,8,1.0487418407321982,1.0,0.487418407321983,64,64,64,64,1.0686002886247288e-08,0.08389935794457874,1.5445443585378908
s7204_r1_n000_a375,confirmatory,7204,1,0.0,0.375,joint_forward_feedback,balanced_interleaved_k1,balanced_interleaved,balanced,1,0.19088469787505546,0.125,0.6588469787505544,64,64,8,64,0.011282790565190399,0.026553566395194836,2.8190437063036455
s7204_r1_n000_a375,confirmatory,7204,1,0.0,0.375,joint_forward_feedback,balanced_interleaved_k2,balanced_interleaved,balanced,2,0.31588469787505546,0.25,0.6588469787505544,64,64,16,64,0.005848204423133052,0.03111898025313749,2.730620808347899
s7204_r1_n000_a375,confirmatory,7204,1,0.0,0.375,joint_forward_feedback,balanced_interleaved_k4,balanced_interleaved,balanced,4,0.5658846978750555,0.5,0.6588469787505544,64,64,32,64,1.5879461254184009e-09,0.04527077741795057,1.4710255634524143
s7204_r1_n000_a375,confirmatory,7204,1,0.0,0.375,joint_forward_feedback,balanced_interleaved_k8,balanced_interleaved,balanced,8,1.0658846978750554,1.0,0.6588469787505544,64,64,64,64,1.0056896208549296e-11,0.08527077584006133,1.3203387250784104
s7204_r1_n000_a375,confirmatory,7204,1,0.0,0.375,joint_forward_feedback,balanced_permutation_a_k1,balanced_permutation_a,balanced,1,0.18899250811836066,0.125,0.6399250811836067,64,64,8,64,0.005887662429466414,0.021007063078935267,2.73158027143878
s7204_r1_n000_a375,confirmatory,7204,1,0.0,0.375,joint_forward_feedback,balanced_permutation_a_k2,balanced_permutation_a,balanced,2,0.31399250811836066,0.25,0.6399250811836067,64,64,16,64,0.001076945915435278,0.026196346564904133,2.4827247275064446
s7204_r1_n000_a375,confirmatory,7204,1,0.0,0.375,joint_forward_feedback,balanced_permutation_a_k4,balanced_permutation_a,balanced,4,0.5639925081183607,0.5,0.6399250811836067,64,64,32,64,1.385516371013365e-07,0.04511953920110595,1.6650025368534525
s7204_r1_n000_a375,confirmatory,7204,1,0.0,0.375,joint_forward_feedback,balanced_permutation_a_k8,balanced_permutation_a,balanced,8,1.0639925081183608,1.0,0.6399250811836067,64,64,64,64,3.514795768307989e-12,0.08511940065298366,1.2949662247872764
s7204_r1_n000_a375,confirmatory,7204,1,0.0,0.375,joint_forward_feedback,balanced_permutation_b_k1,balanced_permutation_b,balanced,1,0.18840039778945986,0.125,0.6340039778945984,64,64,8,64,0.012444858731192457,0.027516890554349246,2.830910840440041
s7204_r1_n000_a375,confirmatory,7204,1,0.0,0.375,joint_forward_feedback,balanced_permutation_b_k2,balanced_permutation_b,balanced,2,0.31340039778945983,0.25,0.6340039778945984,64,64,16,64,0.009172954384999156,0.03424498620815594,2.7926289999965483
s7204_r1_n000_a375,confirmatory,7204,1,0.0,0.375,joint_forward_feedback,balanced_permutation_b_k4,balanced_permutation_b,balanced,4,0.5634003977894598,0.5,0.6340039778945984,64,64,32,64,0.004322030240924538,0.049394062064081326,2.6868133764685234
s7204_r1_n000_a375,confirmatory,7204,1,0.0,0.375,joint_forward_feedback,balanced_permutation_b_k8,balanced_permutation_b,balanced,8,1.06340039778946,1.0,0.6340039778945984,64,64,64,64,1.8301969044593855e-09,0.08507203365335371,1.4761142485718248
s7204_r1_n000_a375,confirmatory,7204,1,0.0,0.375,joint_forward_feedback,comb_contiguous_k1,comb_contiguous,comb,1,0.225,0.125,1.0,64,64,8,64,0.020658610997761156,0.03865861099776116,2.883084143651219
s7204_r1_n000_a375,confirmatory,7204,1,0.0,0.375,joint_forward_feedback,comb_contiguous_k2,comb_contiguous,comb,2,0.35,0.25,1.0,64,64,16,64,0.0018655735371942992,0.029865573537194295,2.5625731386485504
s7204_r1_n000_a375,confirmatory,7204,1,0.0,0.375,joint_forward_feedback,comb_contiguous_k4,comb_contiguous,comb,4,0.6,0.5,1.0,64,64,32,64,0.00010982635883094791,0.048109826358830945,2.188598839623029
s7204_r1_n000_a375,confirmatory,7204,1,0.0,0.375,joint_forward_feedback,comb_contiguous_k8,comb_contiguous,comb,8,1.1,1.0,1.0,64,64,64,64,3.527293213738237e-11,0.08800000003527295,1.352923222172636
s7204_r1_n000_a375,confirmatory,7204,1,0.0,0.375,joint_forward_feedback,balanced_contiguous_k1,balanced_contiguous,balanced,1,0.1737418407321983,0.125,0.487418407321983,64,64,8,256,1.0186532270258471e-06,0.013900365911802891,3.605595262090571
s7204_r1_n000_a375,confirmatory,7204,1,0.0,0.375,joint_forward_feedback,balanced_contiguous_k2,balanced_contiguous,balanced,2,0.2987418407321983,0.25,0.487418407321983,64,64,16,256,4.214485732136258e-11,0.02389934730072072,2.6885505944762285
s7204_r1_n000_a375,confirmatory,7204,1,0.0,0.375,joint_forward_feedback,balanced_contiguous_k4,balanced_contiguous,balanced,4,0.5487418407321983,0.5,0.487418407321983,64,64,32,256,2.9345658467846654e-24,0.04389934725857587,1.776270553893995
s7204_r1_n000_a375,confirmatory,7204,1,0.0,0.375,joint_forward_feedback,balanced_contiguous_k8,balanced_contiguous,balanced,8,1.0487418407321982,1.0,0.487418407321983,64,64,64,256,6.880832745791407e-32,0.08389934725857585,1.5447238041333458
s7204_r1_n000_a375,confirmatory,7204,1,0.0,0.375,joint_forward_feedback,balanced_interleaved_k1,balanced_interleaved,balanced,1,0.19088469787505546,0.125,0.6588469787505544,64,64,8,256,9.788003847884504e-08,0.015270873710042916,3.313167159422668
s7204_r1_n000_a375,confirmatory,7204,1,0.0,0.375,joint_forward_feedback,balanced_interleaved_k2,balanced_interleaved,balanced,2,0.31588469787505546,0.25,0.6588469787505544,64,64,16,256,7.1945769831322836e-09,0.025270783024581422,3.0568633141821913
s7204_r1_n000_a375,confirmatory,7204,1,0.0,0.375,joint_forward_feedback,balanced_interleaved_k4,balanced_interleaved,balanced,4,0.5658846978750555,0.5,0.6588469787505544,64,64,32,256,4.2529692894320507e-32,0.04527077583000444,1.4710894225575764
s7204_r1_n000_a375,confirmatory,7204,1,0.0,0.375,joint_forward_feedback,balanced_interleaved_k8,balanced_interleaved,balanced,8,1.0658846978750554,1.0,0.6588469787505544,64,64,64,256,2.997016308405862e-32,0.08527077583000443,1.3203429539914529
s7204_r1_n000_a375,confirmatory,7204,1,0.0,0.375,joint_forward_feedback,balanced_permutation_a_k1,balanced_permutation_a,balanced,1,0.18899250811836066,0.125,0.6399250811836067,64,64,8,256,7.389286831011891e-09,0.015119408038755685,3.059194284076606
s7204_r1_n000_a375,confirmatory,7204,1,0.0,0.375,joint_forward_feedback,balanced_permutation_a_k2,balanced_permutation_a,balanced,2,0.31399250811836066,0.25,0.6399250811836067,64,64,16,256,8.568920450121836e-12,0.025119400658037774,2.599270348615567
s7204_r1_n000_a375,confirmatory,7204,1,0.0,0.375,joint_forward_feedback,balanced_permutation_a_k4,balanced_permutation_a,balanced,4,0.5639925081183607,0.5,0.6399250811836067,64,64,32,256,1.3729072023884995e-27,0.04511940064946885,1.6657304137611837
s7204_r1_n000_a375,confirmatory,7204,1,0.0,0.375,joint_forward_feedback,balanced_permutation_a_k8,balanced_permutation_a,balanced,8,1.0639925081183608,1.0,0.6399250811836067,64,64,64,256,3.488848406963837e-32,0.08511940064946887,1.2949686419501814
s7204_r1_n000_a375,confirmatory,7204,1,0.0,0.375,joint_forward_feedback,balanced_permutation_b_k1,balanced_permutation_b,balanced,1,0.18840039778945986,0.125,0.6340039778945984,64,64,8,256,1.445363997272288e-07,0.015072176359556516,3.3571180534378473
s7204_r1_n000_a375,confirmatory,7204,1,0.0,0.375,joint_forward_feedback,balanced_permutation_b_k2,balanced_permutation_b,balanced,2,0.31340039778945983,0.25,0.6340039778945984,64,64,16,256,4.299325871323064e-08,0.0250720748164155,3.2256615980444043
s7204_r1_n000_a375,confirmatory,7204,1,0.0,0.375,joint_forward_feedback,balanced_permutation_b_k4,balanced_permutation_b,balanced,4,0.5634003977894598,0.5,0.6340039778945984,64,64,32,256,2.164628957709534e-09,0.04507203398778574,2.9572341783137923
s7204_r1_n000_a375,confirmatory,7204,1,0.0,0.375,joint_forward_feedback,balanced_permutation_b_k8,balanced_permutation_b,balanced,8,1.06340039778946,1.0,0.6340039778945984,64,64,64,256,2.982343870570845e-32,0.0850720318231568,1.476183199671309
s7204_r1_n000_a375,confirmatory,7204,1,0.0,0.375,joint_forward_feedback,comb_contiguous_k1,comb_contiguous,comb,1,0.225,0.125,1.0,64,64,8,256,1.088463333720224e-06,0.018001088463333724,3.614965033941507
s7204_r1_n000_a375,confirmatory,7204,1,0.0,0.375,joint_forward_feedback,comb_contiguous_k2,comb_contiguous,comb,2,0.35,0.25,1.0,64,64,16,256,7.661593633603713e-11,0.028000000076615933,2.7245690401802145
s7204_r1_n000_a375,confirmatory,7204,1,0.0,0.375,joint_forward_feedback,comb_contiguous_k4,comb_contiguous,comb,4,0.6,0.5,1.0,64,64,32,256,8.991035913344644e-16,0.0480000000000009,2.2192791087302677
s7204_r1_n000_a375,confirmatory,7204,1,0.0,0.375,joint_forward_feedback,comb_contiguous_k8,comb_contiguous,comb,8,1.1,1.0,1.0,64,64,64,256,3.012499929178443e-32,0.08800000000000001,1.3529314827915715
s7204_r1_n750_a125,confirmatory,7204,1,0.75,0.125,feedback_only,balanced_contiguous_k1,balanced_contiguous,balanced,1,0.1737418407321983,0.125,0.487418407321983,64,64,8,16,0.28888020315157764,0.30277955041015353,0.9990756665608381
s7204_r1_n750_a125,confirmatory,7204,1,0.75,0.125,feedback_only,balanced_contiguous_k2,balanced_contiguous,balanced,2,0.2987418407321983,0.25,0.487418407321983,64,64,16,16,0.28895275394162845,0.3128521012002043,0.9880374149445629
s7204_r1_n750_a125,confirmatory,7204,1,0.75,0.125,feedback_only,balanced_contiguous_k4,balanced_contiguous,balanced,4,0.5487418407321983,0.5,0.487418407321983,64,64,32,16,0.289272104055427,0.3331714513140029,0.9555241155570303
s7204_r1_n750_a125,confirmatory,7204,1,0.75,0.125,feedback_only,balanced_contiguous_k8,balanced_contiguous,balanced,8,1.0487418407321982,1.0,0.487418407321983,64,64,64,16,0.2897131889831559,0.37361253624173174,0.9258341407547271
s7204_r1_n750_a125,confirmatory,7204,1,0.75,0.125,feedback_only,balanced_interleaved_k1,balanced_interleaved,balanced,1,0.19088469787505546,0.125,0.6588469787505544,64,64,8,16,0.28888020315157764,0.30415097898158205,0.9990756665608381
s7204_r1_n750_a125,confirmatory,7204,1,0.75,0.125,feedback_only,balanced_interleaved_k2,balanced_interleaved,balanced,2,0.31588469787505546,0.25,0.6588469787505544,64,64,16,16,0.2888947200312164,0.31416549586122083,0.9966359464273218
s7204_r1_n750_a125,confirmatory,7204,1,0.75,0.125,feedback_only,balanced_interleaved_k4,balanced_interleaved,balanced,4,0.5658846978750555,0.5,0.6588469787505544,64,64,32,16,0.2894187189127826,0.33468949474278703,0.9444646296220794
s7204_r1_n750_a125,confirmatory,7204,1,0.75,0.125,feedback_only,balanced_interleaved_k8,balanced_interleaved,balanced,8,1.0658846978750554,1.0,0.6588469787505544,64,64,64,16,0.2897131889831559,0.3749839648131603,0.9258341407547271
s7204_r1_n750_a125,confirmatory,7204,1,0.75,0.125,feedback_only,balanced_permutation_a_k1,balanced_permutation_a,balanced,1,0.18899250811836066,0.125,0.6399250811836067,64,64,8,16,0.28888020315157764,0.3039996038010465,0.9990756665608381
s7204_r1_n750_a125,confirmatory,7204,1,0.75,0.125,feedback_only,balanced_permutation_a_k2,balanced_permutation_a,balanced,2,0.31399250811836066,0.25,0.6399250811836067,64,64,16,16,0.2889259886419726,0.31404538929144143,0.9918070666408746
s7204_r1_n750_a125,confirmatory,7204,1,0.75,0.125,feedback_only,balanced_permutation_a_k4,balanced_permutation_a,balanced,4,0.5639925081183607,0.5,0.6399250811836067,64,64,32,16,0.28922580208995674,0.3343452027394256,0.9593694326039576
s7204_r1_n750_a125,confirmatory,7204,1,0.75,0.125,feedback_only,balanced_permutation_a_k8,balanced_permutation_a,balanced,8,1.0639925081183608,1.0,0.6399250811836067,64,64,64,16,0.2897131889831559,0.3748325896326248,0.9258341407547271
s7204_r1_n750_a125,confirmatory,7204,1,0.75,0.125,feedback_only,balanced_permutation_b_k1,balanced_permutation_b,balanced,1,0.18840039778945986,0.125,0.6340039778945984,64,64,8,16,0.28888020315157764,0.30395223497473445,0.9990756665608381
s7204_r1_n750_a125,confirmatory,7204,1,0.75,0.125,feedback_only,balanced_permutation_b_k2,balanced_permutation_b,balanced,2,0.31340039778945983,0.25,0.6340039778945984,64,64,16,16,0.2888876723342051,0.31395970415736185,0.9978024085684626
s7204_r1_n750_a125,confirmatory,7204,1,0.75,0.125,feedback_only,balanced_permutation_b_k4,balanced_permutation_b,balanced,4,0.5634003977894598,0.5,0.6340039778945984,64,64,32,16,0.28890690832559085,0.3339789401487476,0.9946909647728551
s7204_r1_n750_a125,confirmatory,7204,1,0.75,0.125,feedback_only,balanced_permutation_b_k8,balanced_permutation_b,balanced,8,1.06340039778946,1.0,0.6340039778945984,64,64,64,16,0.2897131889831559,0.3747852208063127,0.9258341407547271
s7204_r1_n750_a125,confirmatory,7204,1,0.75,0.125,feedback_only,comb_contiguous_k1,comb_contiguous,comb,1,0.225,0.125,1.0,64,64,8,16,0.28888020315157764,0.30688020315157766,0.9990756665608381
s7204_r1_n750_a125,confirmatory,7204,1,0.75,0.125,feedback_only,comb_contiguous_k2,comb_contiguous,comb,2,0.35,0.25,1.0,64,64,16,16,0.28893338506008864,0.3169333850600886,0.9907356573095976
s7204_r1_n750_a125,confirmatory,7204,1,0.75,0.125,feedback_only,comb_contiguous_k4,comb_contiguous,comb,4,0.6,0.5,1.0,64,64,32,16,0.2889945675412501,0.33699456754125007,0.9826566911357263
s7204_r1_n750_a125,confirmatory,7204,1,0.75,0.125,feedback_only,comb_contiguous_k8,comb_contiguous,comb,8,1.1,1.0,1.0,64,64,64,16,0.2897131889831559,0.3777131889831559,0.9258341407547271
s7204_r1_n750_a125,confirmatory,7204,1,0.75,0.125,feedback_only,balanced_contiguous_k1,balanced_contiguous,balanced,1,0.1737418407321983,0.125,0.487418407321983,64,64,8,64,0.2925787753794,0.3064781226379759,1.1133174158946906
s7204_r1_n750_a125,confirmatory,7204,1,0.75,0.125,feedback_only,balanced_contiguous_k2,balanced_contiguous,balanced,2,0.2987418407321983,0.25,0.487418407321983,64,64,16,64,0.292983410029904,0.31688275728847987,1.1016565561764333
s7204_r1_n750_a125,confirmatory,7204,1,0.75,0.125,feedback_only,balanced_contiguous_k4,balanced_contiguous,balanced,4,0.5487418407321983,0.5,0.487418407321983,64,64,32,64,0.2942506416701606,0.33814998892873643,1.0678424931246562
s7204_r1_n750_a125,confirmatory,7204,1,0.75,0.125,feedback_only,balanced_contiguous_k8,balanced_contiguous,balanced,8,1.0487418407321982,1.0,0.487418407321983,64,64,64,64,0.29552023357221247,0.3794195808307883,1.037536339779379
s7204_r1_n750_a125,confirmatory,7204,1,0.75,0.125,feedback_only,balanced_interleaved_k1,balanced_interleaved,balanced,1,0.19088469787505546,0.125,0.6588469787505544,64,64,8,64,0.2925787753794,0.30784955120940444,1.1133174158946906
s7204_r1_n750_a125,confirmatory,7204,1,0.75,0.125,feedback_only,balanced_interleaved_k2,balanced_interleaved,balanced,2,0.31588469787505546,0.25,0.6588469787505544,64,64,16,64,0.29266716614556104,0.31793794197556546,1.1107313058827235
s7204_r1_n750_a125,confirmatory,7204,1,0.75,0.125,feedback_only,balanced_interleaved_k4,balanced_interleaved,balanced,4,0.5658846978750555,0.5,0.6588469787505544,64,64,32,64,0.2947099359634393,0.33998071179344375,1.056497213613757
s7204_r1_n750_a125,confirmatory,7204,1,0.75,0.125,feedback_only,balanced_interleaved_k8,balanced_interleaved,balanced,8,1.0658846978750554,1.0,0.6588469787505544,64,64,64,64,0.29552023357221247,0.3807910094022169,1.037536339779379
s7204_r1_n750_a125,confirmatory,7204,1,0.75,0.125,feedback_only,balanced_permutation_a_k1,balanced_permutation_a,balanced,1,0.18899250811836066,0.125,0.6399250811836067,64,64,8,64,0.2925787753794,0.3076981760288689,1.1133174158946906
s7204_r1_n750_a125,confirmatory,7204,1,0.75,0.125,feedback_only,balanced_permutation_a_k2,balanced_permutation_a,balanced,2,0.31399250811836066,0.25,0.6399250811836067,64,64,16,64,0.2928438512143845,0.3179632518638533,1.1056275103470672
s7204_r1_n750_a125,confirmatory,7204,1,0.75,0.125,feedback_only,balanced_permutation_a_k4,balanced_permutation_a,balanced,4,0.5639925081183607,0.5,0.6399250811836067,64,64,32,64,0.2940944868248613,0.3392138874743301,1.0718043609428014
s7204_r1_n750_a125,confirmatory,7204,1,0.75,0.125,feedback_only,balanced_permutation_a_k8,balanced_permutation_a,balanced,8,1.0639925081183608,1.0,0.6399250811836067,64,64,64,64,0.29552023357221247,0.38063963422168134,1.037536339779379
s7204_r1_n750_a125,confirmatory,7204,1,0.75,0.125,feedback_only,balanced_permutation_b_k1,balanced_permutation_b,balanced,1,0.18840039778945986,0.125,0.6340039778945984,64,64,8,64,0.2925787753794,0.30765080720255683,1.1133174158946906
s7204_r1_n750_a125,confirmatory,7204,1,0.75,0.125,feedback_only,balanced_permutation_b_k2,balanced_permutation_b,balanced,2,0.31340039778945983,0.25,0.6340039778945984,64,64,16,64,0.292624832601185,0.31769686442434175,1.1119671216627836
s7204_r1_n750_a125,confirmatory,7204,1,0.75,0.125,feedback_only,balanced_permutation_b_k4,balanced_permutation_b,balanced,4,0.5634003977894598,0.5,0.6340039778945984,64,64,32,64,0.2927380523756722,0.33781008419882896,1.1086732501469392
s7204_r1_n750_a125,confirmatory,7204,1,0.75,0.125,feedback_only,balanced_permutation_b_k8,balanced_permutation_b,balanced,8,1.06340039778946,1.0,0.6340039778945984,64,64,64,64,0.29552023357221247,0.3805922653953693,1.037536339779379
s7204_r1_n750_a125,confirmatory,7204,1,0.75,0.125,feedback_only,comb_contiguous_k1,comb_contiguous,comb,1,0.225,0.125,1.0,64,64,8,64,0.2925787753794,0.31057877537940004,1.1133174158946906
s7204_r1_n750_a125,confirmatory,7204,1,0.75,0.125,feedback_only,comb_contiguous_k2,comb_contiguous,comb,2,0.35,0.25,1.0,64,64,16,64,0.29288336985156926,0.3208833698515693,1.1044977179561584
s7204_r1_n750_a125,confirmatory,7204,1,0.75,0.125,feedback_only,comb_contiguous_k4,comb_contiguous,comb,4,0.6,0.5,1.0,64,64,32,64,0.29318514488803904,0.341185144888039,1.0960079911149307
s7204_r1_n750_a125,confirmatory,7204,1,0.75,0.125,feedback_only,comb_contiguous_k8,comb_contiguous,comb,8,1.1,1.0,1.0,64,64,64,64,0.29552023357221247,0.3835202335722125,1.037536339779379
s7204_r1_n750_a125,confirmatory,7204,1,0.75,0.125,feedback_only,balanced_contiguous_k1,balanced_contiguous,balanced,1,0.1737418407321983,0.125,0.487418407321983,64,64,8,256,0.3043830497531686,0.3182823970117445,1.0395559800602585
s7204_r1_n750_a125,confirmatory,7204,1,0.75,0.125,feedback_only,balanced_contiguous_k2,balanced_contiguous,balanced,2,0.2987418407321983,0.25,0.487418407321983,64,64,16,256,0.30511228212678776,0.3290116293853636,1.0278424436129796
s7204_r1_n750_a125,confirmatory,7204,1,0.75,0.125,feedback_only,balanced_contiguous_k4,balanced_contiguous,balanced,4,0.5487418407321983,0.5,0.487418407321983,64,64,32,256,0.30745173058181985,0.3513510778403957,0.9939634503001392
s7204_r1_n750_a125,confirmatory,7204,1,0.75,0.125,feedback_only,balanced_contiguous_k8,balanced_contiguous,balanced,8,1.0487418407321982,1.0,0.487418407321983,64,64,64,256,0.30988509553072496,0.3937844427893008,0.9637433304712635
s7204_r1_n750_a125,confirmatory,7204,1,0.75,0.125,feedback_only,balanced_interleaved_k1,balanced_interleaved,balanced,1,0.19088469787505546,0.125,0.6588469787505544,64,64,8,256,0.3043830497531686,0.319653825583173,1.0395559800602585
s7204_r1_n750_a125,confirmatory,7204,1,0.75,0.125,feedback_only,balanced_interleaved_k2,balanced_interleaved,balanced,2,0.31588469787505546,0.25,0.6588469787505544,64,64,16,256,0.30454164581511206,0.3298124216451165,1.0369570476379684
s7204_r1_n750_a125,confirmatory,7204,1,0.75,0.125,feedback_only,balanced_interleaved_k4,balanced_interleaved,balanced,4,0.5658846978750555,0.5,0.6588469787505544,64,64,32,256,0.30832145762306457,0.353592233453069,0.9826319932758427
s7204_r1_n750_a125,confirmatory,7204,1,0.75,0.125,feedback_only,balanced_interleaved_k8,balanced_interleaved,balanced,8,1.0658846978750554,1.0,0.6588469787505544,64,64,64,256,0.30988509553072496,0.3951558713607294,0.9637433304712635
s7204_r1_n750_a125,confirmatory,7204,1,0.75,0.125,feedback_only,balanced_permutation_a_k1,balanced_permutation_a,balanced,1,0.18899250811836066,0.125,0.6399250811836067,64,64,8,256,0.3043830497531686,0.3195024504026375,1.0395559800602585
s7204_r1_n750_a125,confirmatory,7204,1,0.75,0.125,feedback_only,balanced_permutation_a_k2,balanced_permutation_a,balanced,2,0.31399250811836066,0.25,0.6399250811836067,64,64,16,256,0.3048598352012709,0.32997923585073974,1.0318298237324577
s7204_r1_n750_a125,confirmatory,7204,1,0.75,0.125,feedback_only,balanced_permutation_a_k4,balanced_permutation_a,balanced,4,0.5639925081183607,0.5,0.6399250811836067,64,64,32,256,0.3071587283368421,0.35227812898631095,0.9979251291286851
s7204_r1_n750_a125,confirmatory,7204,1,0.75,0.125,feedback_only,balanced_permutation_a_k8,balanced_permutation_a,balanced,8,1.0639925081183608,1.0,0.6399250811836067,64,64,64,256,0.30988509553072496,0.39500449618019384,0.9637433304712635
s7204_r1_n750_a125,confirmatory,7204,1,0.75,0.125,feedback_only,balanced_permutation_b_k1,balanced_permutation_b,balanced,1,0.18840039778945986,0.125,0.6340039778945984,64,64,8,256,0.3043830497531686,0.3194550815763254,1.0395559800602585
s7204_r1_n750_a125,confirmatory,7204,1,0.75,0.125,feedback_only,balanced_permutation_b_k2,balanced_permutation_b,balanced,2,0.31340039778945983,0.25,0.6340039778945984,64,64,16,256,0.3044656400485398,0.3295376718716966,1.0381989129574594
s7204_r1_n750_a125,confirmatory,7204,1,0.75,0.125,feedback_only,balanced_permutation_b_k4,balanced_permutation_b,balanced,4,0.5634003977894598,0.5,0.6340039778945984,64,64,32,256,0.3046691153086053,0.3497411471317621,1.034889239438593
s7204_r1_n750_a125,confirmatory,7204,1,0.75,0.125,feedback_only,balanced_permutation_b_k8,balanced_permutation_b,balanced,8,1.06340039778946,1.0,0.6340039778945984,64,64,64,256,0.30988509553072496,0.3949571273538818,0.9637433304712635
s7204_r1_n750_a125,confirmatory,7204,1,0.75,0.125,feedback_only,comb_contiguous_k1,comb_contiguous,comb,1,0.225,0.125,1.0,64,64,8,256,0.3043830497531686,0.3223830497531686,1.0395559800602585
s7204_r1_n750_a125,confirmatory,7204,1,0.75,0.125,feedback_only,comb_contiguous_k2,comb_contiguous,comb,2,0.35,0.25,1.0,64,64,16,256,0.30493121937230705,0.3329312193723071,1.0306951935908186
s7204_r1_n750_a125,confirmatory,7204,1,0.75,0.125,feedback_only,comb_contiguous_k4,comb_contiguous,comb,4,0.6,0.5,1.0,64,64,32,256,0.30547897045559286,0.35347897045559284,1.022173384565902
s7204_r1_n750_a125,confirmatory,7204,1,0.75,0.125,feedback_only,comb_contiguous_k8,comb_contiguous,comb,8,1.1,1.0,1.0,64,64,64,256,0.30988509553072496,0.397885095530725,0.9637433304712635
s7204_r1_n750_a125,confirmatory,7204,1,0.75,0.125,joint_forward_feedback,balanced_contiguous_k1,balanced_contiguous,balanced,1,0.1737418407321983,0.125,0.487418407321983,64,64,8,16,0.29557168887249297,0.30947103613106886,1.286064277499325
s7204_r1_n750_a125,confirmatory,7204,1,0.75,0.125,joint_forward_feedback,balanced_contiguous_k2,balanced_contiguous,balanced,2,0.2987418407321983,0.25,0.487418407321983,64,64,16,16,0.2949165987135369,0.31881594597211277,1.2774579960858323
s7204_r1_n750_a125,confirmatory,7204,1,0.75,0.125,joint_forward_feedback,balanced_contiguous_k4,balanced_contiguous,balanced,4,0.5487418407321983,0.5,0.487418407321983,64,64,32,16,0.29331882910529994,0.3372181763638758,1.2524814243899047
s7204_r1_n750_a125,confirmatory,7204,1,0.75,0.125,joint_forward_feedback,balanced_contiguous_k8,balanced_contiguous,balanced,8,1.0487418407321982,1.0,0.487418407321983,64,64,64,16,0.29257563785603885,0.3764749851146147,1.2382637190795245
s7204_r1_n750_a125,confirmatory,7204,1,0.75,0.125,joint_forward_feedback,balanced_interleaved_k1,balanced_interleaved,balanced,1,0.19088469787505546,0.125,0.6588469787505544,64,64,8,16,0.291703902465152,0.3069746782951564,1.2185075745174976
s7204_r1_n750_a125,confirmatory,7204,1,0.75,0.125,joint_forward_feedback,balanced_interleaved_k2,balanced_interleaved,balanced,2,0.31588469787505546,0.25,0.6588469787505544,64,64,16,16,0.2916176493608662,0.3168884251908706,1.2163227710914966
s7204_r1_n750_a125,confirmatory,7204,1,0.75,0.125,joint_forward_feedback,balanced_interleaved_k4,balanced_interleaved,balanced,4,0.5658846978750555,0.5,0.6588469787505544,64,64,32,16,0.29014821248794315,0.3354189883179476,1.1688506802251248
s7204_r1_n750_a125,confirmatory,7204,1,0.75,0.125,joint_forward_feedback,balanced_interleaved_k8,balanced_interleaved,balanced,8,1.0658846978750554,1.0,0.6588469787505544,64,64,64,16,0.28983086913065276,0.3751016449606572,1.1544623799709774
s7204_r1_n750_a125,confirmatory,7204,1,0.75,0.125,joint_forward_feedback,balanced_permutation_a_k1,balanced_permutation_a,balanced,1,0.18899250811836066,0.125,0.6399250811836067,64,64,8,16,0.29143480804438593,0.3065542086938548,1.211526860489113
s7204_r1_n750_a125,confirmatory,7204,1,0.75,0.125,joint_forward_feedback,balanced_permutation_a_k2,balanced_permutation_a,balanced,2,0.31399250811836066,0.25,0.6399250811836067,64,64,16,16,0.29117777377676535,0.3162971744262342,1.2043680216298653
s7204_r1_n750_a125,confirmatory,7204,1,0.75,0.125,joint_forward_feedback,balanced_permutation_a_k4,balanced_permutation_a,balanced,4,0.5639925081183607,0.5,0.6399250811836067,64,64,32,16,0.29009882118582064,0.3352182218352895,1.166757997056914
s7204_r1_n750_a125,confirmatory,7204,1,0.75,0.125,joint_forward_feedback,balanced_permutation_a_k8,balanced_permutation_a,balanced,8,1.0639925081183608,1.0,0.6399250811836067,64,64,64,16,0.28950678991054435,0.37462619056001323,1.1367414357839558
s7204_r1_n750_a125,confirmatory,7204,1,0.75,0.125,joint_forward_feedback,balanced_permutation_b_k1,balanced_permutation_b,balanced,1,0.18840039778945986,0.125,0.6340039778945984,64,64,8,16,0.2920349380756424,0.3071069698987992,1.2264757529422337
s7204_r1_n750_a125,confirmatory,7204,1,0.75,0.125,joint_forward_feedback,balanced_permutation_b_k2,balanced_permutation_b,balanced,2,0.31340039778945983,0.25,0.6340039778945984,64,64,16,16,0.29200001436576833,0.31707204618892515,1.225664436851259
s7204_r1_n750_a125,confirmatory,7204,1,0.75,0.125,joint_forward_feedback,balanced_permutation_b_k4,balanced_permutation_b,balanced,4,0.5634003977894598,0.5,0.6340039778945984,64,64,32,16,0.29186946765471317,0.33694149947786994,1.2225720977280257
s7204_r1_n750_a125,confirmatory,7204,1,0.75,0.125,joint_forward_feedback,balanced_permutation_b_k8,balanced_permutation_b,balanced,8,1.06340039778946,1.0,0.6340039778945984,64,64,64,16,0.29033060011487155,0.37540263193802836,1.1761893350283485
s7204_r1_n750_a125,confirmatory,7204,1,0.75,0.125,joint_forward_feedback,comb_contiguous_k1,comb_contiguous,comb,1,0.225,0.125,1.0,64,64,8,16,0.2911482580581178,0.3091482580581178,1.2035118303784889
s7204_r1_n750_a125,confirmatory,7204,1,0.75,0.125,joint_forward_feedback,comb_contiguous_k2,comb_contiguous,comb,2,0.35,0.25,1.0,64,64,16,16,0.2909923778794933,0.3189923778794933,1.1988623989299592
s7204_r1_n750_a125,confirmatory,7204,1,0.75,0.125,joint_forward_feedback,comb_contiguous_k4,comb_contiguous,comb,4,0.6,0.5,1.0,64,64,32,16,0.2906523358303945,0.3386523358303945,1.1878805208450107
s7204_r1_n750_a125,confirmatory,7204,1,0.75,0.125,joint_forward_feedback,comb_contiguous_k8,comb_contiguous,comb,8,1.1,1.0,1.0,64,64,64,16,0.28979514199760215,0.37779514199760217,1.1526839894800003
s7204_r1_n750_a125,confirmatory,7204,1,0.75,0.125,joint_forward_feedback,balanced_contiguous_k1,balanced_contiguous,balanced,1,0.1737418407321983,0.125,0.487418407321983,64,64,8,64,0.28523062647995145,0.29912997373852734,1.5018165463981843
s7204_r1_n750_a125,confirmatory,7204,1,0.75,0.125,joint_forward_feedback,balanced_contiguous_k2,balanced_contiguous,balanced,2,0.2987418407321983,0.25,0.487418407321983,64,64,16,64,0.2853796401478086,0.30927898740638443,1.4851167359996402
s7204_r1_n750_a125,confirmatory,7204,1,0.75,0.125,joint_forward_feedback,balanced_contiguous_k4,balanced_contiguous,balanced,4,0.5487418407321983,0.5,0.487418407321983,64,64,32,64,0.28583419831835793,0.3297335455769338,1.4399594864398024
s7204_r1_n750_a125,confirmatory,7204,1,0.75,0.125,joint_forward_feedback,balanced_contiguous_k8,balanced_contiguous,balanced,8,1.0487418407321982,1.0,0.487418407321983,64,64,64,64,0.2861077549267663,0.37000710218534216,1.4160983279297281
s7204_r1_n750_a125,confirmatory,7204,1,0.75,0.125,joint_forward_feedback,balanced_interleaved_k1,balanced_interleaved,balanced,1,0.19088469787505546,0.125,0.6588469787505544,64,64,8,64,0.2865059962965163,0.3017767721265207,1.384759839646916
s7204_r1_n750_a125,confirmatory,7204,1,0.75,0.125,joint_forward_feedback,balanced_interleaved_k2,balanced_interleaved,balanced,2,0.31588469787505546,0.25,0.6588469787505544,64,64,16,64,0.28655134827703166,0.3118221241070361,1.3814098560550903
s7204_r1_n750_a125,confirmatory,7204,1,0.75,0.125,joint_forward_feedback,balanced_interleaved_k4,balanced_interleaved,balanced,4,0.5658846978750555,0.5,0.6588469787505544,64,64,32,64,0.28760327893033366,0.3328740547603381,1.3132816827751592
s7204_r1_n750_a125,confirmatory,7204,1,0.75,0.125,joint_forward_feedback,balanced_interleaved_k8,balanced_interleaved,balanced,8,1.0658846978750554,1.0,0.6588469787505544,64,64,64,64,0.2879480831986383,0.3732188590286427,1.2941109658980063
s7204_r1_n750_a125,confirmatory,7204,1,0.75,0.125,joint_forward_feedback,balanced_permutation_a_k1,balanced_permutation_a,balanced,1,0.18899250811836066,0.125,0.6399250811836067,64,64,8,64,0.286651826959302,0.3017712276087709,1.3741306794751322
s7204_r1_n750_a125,confirmatory,7204,1,0.75,0.125,joint_forward_feedback,balanced_permutation_a_k2,balanced_permutation_a,balanced,2,0.31399250811836066,0.25,0.6399250811836067,64,64,16,64,0.28680419183814937,0.31192359248761825,1.3634476752300966
s7204_r1_n750_a125,confirmatory,7204,1,0.75,0.125,joint_forward_feedback,balanced_permutation_a_k4,balanced_permutation_a,balanced,4,0.5639925081183607,0.5,0.6399250811836067,64,64,32,64,0.28765265608800467,0.3327720567374735,1.3104561658736278
s7204_r1_n750_a125,confirmatory,7204,1,0.75,0.125,joint_forward_feedback,balanced_permutation_a_k8,balanced_permutation_a,balanced,8,1.0639925081183608,1.0,0.6399250811836067,64,64,64,64,0.2883901642954761,0.37350956494494497,1.2712640706234903
s7204_r1_n750_a125,confirmatory,7204,1,0.75,0.125,joint_forward_feedback,balanced_permutation_b_k1,balanced_permutation_b,balanced,1,0.18840039778945986,0.125,0.6340039778945984,64,64,8,64,0.28634281614461266,0.30141484796776946,1.3971656904557874
s7204_r1_n750_a125,confirmatory,7204,1,0.75,0.125,joint_forward_feedback,balanced_permutation_b_k2,balanced_permutation_b,balanced,2,0.31340039778945983,0.25,0.6340039778945984,64,64,16,64,0.2863592721376713,0.3114313039608281,1.3958886412368088
s7204_r1_n750_a125,confirmatory,7204,1,0.75,0.125,joint_forward_feedback,balanced_permutation_b_k4,balanced_permutation_b,balanced,4,0.5634003977894598,0.5,0.6340039778945984,64,64,32,64,0.28642232419673447,0.33149435601989125,1.3910503928057771
s7204_r1_n750_a125,confirmatory,7204,1,0.75,0.125,joint_forward_feedback,balanced_permutation_b_k8,balanced_permutation_b,balanced,8,1.06340039778946,1.0,0.6340039778945984,64,64,64,64,0.2874321725915631,0.37250420441471993,1.3232962698218809
s7204_r1_n750_a125,confirmatory,7204,1,0.75,0.125,joint_forward_feedback,comb_contiguous_k1,comb_contiguous,comb,1,0.225,0.125,1.0,64,64,8,64,0.2868226065625319,0.3048226065625319,1.362184102850424
s7204_r1_n750_a125,confirmatory,7204,1,0.75,0.125,joint_forward_feedback,comb_contiguous_k2,comb_contiguous,comb,2,0.35,0.25,1.0,64,64,16,64,0.28692332576516755,0.31492332576516757,1.3553731873004338
s7204_r1_n750_a125,confirmatory,7204,1,0.75,0.125,joint_forward_feedback,comb_contiguous_k4,comb_contiguous,comb,4,0.6,0.5,1.0,64,64,32,64,0.2871660941668801,0.3351660941668801,1.3396109259666718
s7204_r1_n750_a125,confirmatory,7204,1,0.75,0.125,joint_forward_feedback,comb_contiguous_k8,comb_contiguous,comb,8,1.1,1.0,1.0,64,64,64,64,0.2879915715755289,0.3759915715755289,1.29178163557367
s7204_r1_n750_a125,confirmatory,7204,1,0.75,0.125,joint_forward_feedback,balanced_contiguous_k1,balanced_contiguous,balanced,1,0.1737418407321983,0.125,0.487418407321983,64,64,8,256,0.29196888183991315,0.30586822909848904,1.4300700341557402
s7204_r1_n750_a125,confirmatory,7204,1,0.75,0.125,joint_forward_feedback,balanced_contiguous_k2,balanced_contiguous,balanced,2,0.2987418407321983,0.25,0.487418407321983,64,64,16,256,0.2922278756106667,0.31612722286924255,1.4134496191274708
s7204_r1_n750_a125,confirmatory,7204,1,0.75,0.125,joint_forward_feedback,balanced_contiguous_k4,balanced_contiguous,balanced,4,0.5487418407321983,0.5,0.487418407321983,64,64,32,256,0.2930036717205708,0.33690301897914665,1.3683977167872996
s7204_r1_n750_a125,confirmatory,7204,1,0.75,0.125,joint_forward_feedback,balanced_contiguous_k8,balanced_contiguous,balanced,8,1.0487418407321982,1.0,0.487418407321983,64,64,64,256,0.2934631738093689,0.37736252106794477,1.3445287938094
s7204_r1_n750_a125,confirmatory,7204,1,0.75,0.125,joint_forward_feedback,balanced_interleaved_k1,balanced_interleaved,balanced,1,0.19088469787505546,0.125,0.6588469787505544,64,64,8,256,0.29412575992467005,0.30939653575467446,1.3131167621807087
s7204_r1_n750_a125,confirmatory,7204,1,0.75,0.125,joint_forward_feedback,balanced_interleaved_k2,balanced_interleaved,balanced,2,0.31588469787505546,0.25,0.6588469787505544,64,64,16,256,0.29420086285080693,0.31947163868081135,1.3097548609603789
s7204_r1_n750_a125,confirmatory,7204,1,0.75,0.125,joint_forward_feedback,balanced_interleaved_k4,balanced_interleaved,balanced,4,0.5658846978750555,0.5,0.6588469787505544,64,64,32,256,0.29593300527594646,0.3412037811059509,1.2412354343838914
s7204_r1_n750_a125,confirmatory,7204,1,0.75,0.125,joint_forward_feedback,balanced_interleaved_k8,balanced_interleaved,balanced,8,1.0658846978750554,1.0,0.6588469787505544,64,64,64,256,0.29649967330415217,0.3817704491341566,1.2219117301319162
s7204_r1_n750_a125,confirmatory,7204,1,0.75,0.125,joint_forward_feedback,balanced_permutation_a_k1,balanced_permutation_a,balanced,1,0.18899250811836066,0.125,0.6399250811836067,64,64,8,256,0.2943670557258101,0.309486456375279,1.3024472046422786
s7204_r1_n750_a125,confirmatory,7204,1,0.75,0.125,joint_forward_feedback,balanced_permutation_a_k2,balanced_permutation_a,balanced,2,0.31399250811836066,0.25,0.6399250811836067,64,64,16,256,0.29461861415934726,0.31973801480881614,1.2917161635392171
s7204_r1_n750_a125,confirmatory,7204,1,0.75,0.125,joint_forward_feedback,balanced_permutation_a_k4,balanced_permutation_a,balanced,4,0.5639925081183607,0.5,0.6399250811836067,64,64,32,256,0.29601412934846455,0.3411335299979334,1.2383883490485983
s7204_r1_n750_a125,confirmatory,7204,1,0.75,0.125,joint_forward_feedback,balanced_permutation_a_k8,balanced_permutation_a,balanced,8,1.0639925081183608,1.0,0.6399250811836067,64,64,64,256,0.297227521850692,0.3823469225001609,1.1988649068329016
s7204_r1_n750_a125,confirmatory,7204,1,0.75,0.125,joint_forward_feedback,balanced_permutation_b_k1,balanced_permutation_b,balanced,1,0.18840039778945986,0.125,0.6340039778945984,64,64,8,256,0.29385499784173363,0.30892702966489044,1.3255600488110155
s7204_r1_n750_a125,confirmatory,7204,1,0.75,0.125,joint_forward_feedback,balanced_permutation_b_k2,balanced_permutation_b,balanced,2,0.31340039778945983,0.25,0.6340039778945984,64,64,16,256,0.2938823443432489,0.31895437616640565,1.3242796403306658
s7204_r1_n750_a125,confirmatory,7204,1,0.75,0.125,joint_forward_feedback,balanced_permutation_b_k4,balanced_permutation_b,balanced,4,0.5634003977894598,0.5,0.6340039778945984,64,64,32,256,0.2939870350320507,0.3390590668552075,1.3194276293252554
s7204_r1_n750_a125,confirmatory,7204,1,0.75,0.125,joint_forward_feedback,balanced_permutation_b_k8,balanced_permutation_b,balanced,8,1.06340039778946,1.0,0.6340039778945984,64,64,64,256,0.29565188917686774,0.38072392100002456,1.2513234831746392
s7204_r1_n750_a125,confirmatory,7204,1,0.75,0.125,joint_forward_feedback,comb_contiguous_k1,comb_contiguous,comb,1,0.225,0.125,1.0,64,64,8,256,0.2946489851694706,0.3126489851694706,1.290446431210097
s7204_r1_n750_a125,confirmatory,7204,1,0.75,0.125,joint_forward_feedback,comb_contiguous_k2,comb_contiguous,comb,2,0.35,0.25,1.0,64,64,16,256,0.294814993959239,0.32281499395923896,1.2836006177499923
s7204_r1_n750_a125,confirmatory,7204,1,0.75,0.125,joint_forward_feedback,comb_contiguous_k4,comb_contiguous,comb,4,0.6,0.5,1.0,64,64,32,256,0.2952145500673798,0.3432145500673798,1.2677470521025611
s7204_r1_n750_a125,confirmatory,7204,1,0.75,0.125,joint_forward_feedback,comb_contiguous_k8,comb_contiguous,comb,8,1.1,1.0,1.0,64,64,64,256,0.2965711896642004,0.3845711896642004,1.2195628152608438
s7204_r1_n750_a375,confirmatory,7204,1,0.75,0.375,feedback_only,balanced_contiguous_k1,balanced_contiguous,balanced,1,0.1737418407321983,0.125,0.487418407321983,64,64,8,16,0.41576714458239017,0.42966649184096606,1.2133063208218715
s7204_r1_n750_a375,confirmatory,7204,1,0.75,0.375,feedback_only,balanced_contiguous_k2,balanced_contiguous,balanced,2,0.2987418407321983,0.25,0.487418407321983,64,64,16,16,0.3347367003198231,0.35863604757839895,1.2894426356309692
s7204_r1_n750_a375,confirmatory,7204,1,0.75,0.375,feedback_only,balanced_contiguous_k4,balanced_contiguous,balanced,4,0.5487418407321983,0.5,0.487418407321983,64,64,32,16,0.290285292080738,0.33418463933931386,1.099915498978707
s7204_r1_n750_a375,confirmatory,7204,1,0.75,0.375,feedback_only,balanced_contiguous_k8,balanced_contiguous,balanced,8,1.0487418407321982,1.0,0.487418407321983,64,64,64,16,0.2897438429610647,0.37364319021964054,0.9151785160729752
s7204_r1_n750_a375,confirmatory,7204,1,0.75,0.375,feedback_only,balanced_interleaved_k1,balanced_interleaved,balanced,1,0.19088469787505546,0.125,0.6588469787505544,64,64,8,16,0.41576714458239017,0.4310379204123946,1.2133063208218715
s7204_r1_n750_a375,confirmatory,7204,1,0.75,0.375,feedback_only,balanced_interleaved_k2,balanced_interleaved,balanced,2,0.31588469787505546,0.25,0.6588469787505544,64,64,16,16,0.3902740573406252,0.4155448331706296,1.24784766121436
s7204_r1_n750_a375,confirmatory,7204,1,0.75,0.375,feedback_only,balanced_interleaved_k4,balanced_interleaved,balanced,4,0.5658846978750555,0.5,0.6588469787505544,64,64,32,16,0.2890335486937766,0.33430432452378106,1.023407128227165
s7204_r1_n750_a375,confirmatory,7204,1,0.75,0.375,feedback_only,balanced_interleaved_k8,balanced_interleaved,balanced,8,1.0658846978750554,1.0,0.6588469787505544,64,64,64,16,0.2897438429610647,0.3750146187910691,0.9151785160729752
s7204_r1_n750_a375,confirmatory,7204,1,0.75,0.375,feedback_only,balanced_permutation_a_k1,balanced_permutation_a,balanced,1,0.18899250811836066,0.125,0.6399250811836067,64,64,8,16,0.41576714458239017,0.43088654523185904,1.2133063208218715
s7204_r1_n750_a375,confirmatory,7204,1,0.75,0.375,feedback_only,balanced_permutation_a_k2,balanced_permutation_a,balanced,2,0.31399250811836066,0.25,0.6399250811836067,64,64,16,16,0.35386355340152365,0.37898295405099247,1.2830194590384714
s7204_r1_n750_a375,confirmatory,7204,1,0.75,0.375,feedback_only,balanced_permutation_a_k4,balanced_permutation_a,balanced,4,0.5639925081183607,0.5,0.6399250811836067,64,64,32,16,0.29128115783378516,0.336400558483254,1.1280212656357769
s7204_r1_n750_a375,confirmatory,7204,1,0.75,0.375,feedback_only,balanced_permutation_a_k8,balanced_permutation_a,balanced,8,1.0639925081183608,1.0,0.6399250811836067,64,64,64,16,0.2897438429610647,0.3748632436105336,0.9151785160729752
s7204_r1_n750_a375,confirmatory,7204,1,0.75,0.375,feedback_only,balanced_permutation_b_k1,balanced_permutation_b,balanced,1,0.18840039778945986,0.125,0.6340039778945984,64,64,8,16,0.41576714458239017,0.430839176405547,1.2133063208218715
s7204_r1_n750_a375,confirmatory,7204,1,0.75,0.375,feedback_only,balanced_permutation_b_k2,balanced_permutation_b,balanced,2,0.31340039778945983,0.25,0.6340039778945984,64,64,16,16,0.40175534385995193,0.4268273756831087,1.2330577682793282
s7204_r1_n750_a375,confirmatory,7204,1,0.75,0.375,feedback_only,balanced_permutation_b_k4,balanced_permutation_b,balanced,4,0.5634003977894598,0.5,0.6340039778945984,64,64,32,16,0.37365451577402264,0.4187265475971794,1.2665220720349932
s7204_r1_n750_a375,confirmatory,7204,1,0.75,0.375,feedback_only,balanced_permutation_b_k8,balanced_permutation_b,balanced,8,1.06340039778946,1.0,0.6340039778945984,64,64,64,16,0.2897438429610647,0.3748158747842215,0.9151785160729752
s7204_r1_n750_a375,confirmatory,7204,1,0.75,0.375,feedback_only,comb_contiguous_k1,comb_contiguous,comb,1,0.225,0.125,1.0,64,64,8,16,0.41576714458239017,0.4337671445823902,1.2133063208218715
s7204_r1_n750_a375,confirmatory,7204,1,0.75,0.375,feedback_only,comb_contiguous_k2,comb_contiguous,comb,2,0.35,0.25,1.0,64,64,16,16,0.3477423754371569,0.37574237543715694,1.2863664055397086
s7204_r1_n750_a375,confirmatory,7204,1,0.75,0.375,feedback_only,comb_contiguous_k4,comb_contiguous,comb,4,0.6,0.5,1.0,64,64,32,16,0.3166498451626073,0.3646498451626073,1.2784529304945327
s7204_r1_n750_a375,confirmatory,7204,1,0.75,0.375,feedback_only,comb_contiguous_k8,comb_contiguous,comb,8,1.1,1.0,1.0,64,64,64,16,0.2897438429610647,0.3777438429610647,0.9151785160729752
s7204_r1_n750_a375,confirmatory,7204,1,0.75,0.375,feedback_only,balanced_contiguous_k1,balanced_contiguous,balanced,1,0.1737418407321983,0.125,0.487418407321983,64,64,8,64,0.2847691509927446,0.29866849825132047,2.4861958114449787
s7204_r1_n750_a375,confirmatory,7204,1,0.75,0.375,feedback_only,balanced_contiguous_k2,balanced_contiguous,balanced,2,0.2987418407321983,0.25,0.487418407321983,64,64,16,64,0.2835722589624383,0.30747160622101416,1.9290310317782104
s7204_r1_n750_a375,confirmatory,7204,1,0.75,0.375,feedback_only,balanced_contiguous_k4,balanced_contiguous,balanced,4,0.5487418407321983,0.5,0.487418407321983,64,64,32,64,0.28831495047422767,0.33221429773280353,1.2615825413763253
s7204_r1_n750_a375,confirmatory,7204,1,0.75,0.375,feedback_only,balanced_contiguous_k8,balanced_contiguous,balanced,8,1.0487418407321982,1.0,0.487418407321983,64,64,64,64,0.2955202335720716,0.3794195808306474,1.0233313624770164
s7204_r1_n750_a375,confirmatory,7204,1,0.75,0.375,feedback_only,balanced_interleaved_k1,balanced_interleaved,balanced,1,0.19088469787505546,0.125,0.6588469787505544,64,64,8,64,0.2847691509927446,0.300039926822749,2.4861958114449787
s7204_r1_n750_a375,confirmatory,7204,1,0.75,0.375,feedback_only,balanced_interleaved_k2,balanced_interleaved,balanced,2,0.31588469787505546,0.25,0.6588469787505544,64,64,16,64,0.28397175537568586,0.3092425312056903,2.3384096333722786
s7204_r1_n750_a375,confirmatory,7204,1,0.75,0.375,feedback_only,balanced_interleaved_k4,balanced_interleaved,balanced,4,0.5658846978750555,0.5,0.6588469787505544,64,64,32,64,0.29085613011187705,0.3361269059418815,1.1544301868135107
s7204_r1_n750_a375,confirmatory,7204,1,0.75,0.375,feedback_only,balanced_interleaved_k8,balanced_interleaved,balanced,8,1.0658846978750554,1.0,0.6588469787505544,64,64,64,64,0.2955202335720716,0.380791009402076,1.0233313624770164
s7204_r1_n750_a375,confirmatory,7204,1,0.75,0.375,feedback_only,balanced_permutation_a_k1,balanced_permutation_a,balanced,1,0.18899250811836066,0.125,0.6399250811836067,64,64,8,64,0.2847691509927446,0.29988855164221345,2.4861958114449787
s7204_r1_n750_a375,confirmatory,7204,1,0.75,0.375,feedback_only,balanced_permutation_a_k2,balanced_permutation_a,balanced,2,0.31399250811836066,0.25,0.6399250811836067,64,64,16,64,0.2835491705909216,0.3086685712403905,2.0873003303931577
s7204_r1_n750_a375,confirmatory,7204,1,0.75,0.375,feedback_only,balanced_permutation_a_k4,balanced_permutation_a,balanced,4,0.5639925081183607,0.5,0.6399250811836067,64,64,32,64,0.2874943667354084,0.33261376738487725,1.3066953742251546
s7204_r1_n750_a375,confirmatory,7204,1,0.75,0.375,feedback_only,balanced_permutation_a_k8,balanced_permutation_a,balanced,8,1.0639925081183608,1.0,0.6399250811836067,64,64,64,64,0.2955202335720716,0.38063963422154046,1.0233313624770164
s7204_r1_n750_a375,confirmatory,7204,1,0.75,0.375,feedback_only,balanced_permutation_b_k1,balanced_permutation_b,balanced,1,0.18840039778945986,0.125,0.6340039778945984,64,64,8,64,0.2847691509927446,0.2998411828159014,2.4861958114449787
s7204_r1_n750_a375,confirmatory,7204,1,0.75,0.375,feedback_only,balanced_permutation_b_k2,balanced_permutation_b,balanced,2,0.31340039778945983,0.25,0.6340039778945984,64,64,16,64,0.2842609516068849,0.3093329834300417,2.4075330729377122
s7204_r1_n750_a375,confirmatory,7204,1,0.75,0.375,feedback_only,balanced_permutation_b_k4,balanced_permutation_b,balanced,4,0.5634003977894598,0.5,0.6340039778945984,64,64,32,64,0.28370125999995,0.3287732918231068,2.2303487308100456
s7204_r1_n750_a375,confirmatory,7204,1,0.75,0.375,feedback_only,balanced_permutation_b_k8,balanced_permutation_b,balanced,8,1.06340039778946,1.0,0.6340039778945984,64,64,64,64,0.2955202335720716,0.3805922653952284,1.0233313624770164
s7204_r1_n750_a375,confirmatory,7204,1,0.75,0.375,feedback_only,comb_contiguous_k1,comb_contiguous,comb,1,0.225,0.125,1.0,64,64,8,64,0.2847691509927446,0.3027691509927446,2.4861958114449787
s7204_r1_n750_a375,confirmatory,7204,1,0.75,0.375,feedback_only,comb_contiguous_k2,comb_contiguous,comb,2,0.35,0.25,1.0,64,64,16,64,0.2835358961159262,0.31153589611592625,2.0391911525692925
s7204_r1_n750_a375,confirmatory,7204,1,0.75,0.375,feedback_only,comb_contiguous_k4,comb_contiguous,comb,4,0.6,0.5,1.0,64,64,32,64,0.28387655107454024,0.3318765510745402,1.7489926071446305
s7204_r1_n750_a375,confirmatory,7204,1,0.75,0.375,feedback_only,comb_contiguous_k8,comb_contiguous,comb,8,1.1,1.0,1.0,64,64,64,64,0.2955202335720716,0.3835202335720716,1.0233313624770164
s7204_r1_n750_a375,confirmatory,7204,1,0.75,0.375,feedback_only,balanced_contiguous_k1,balanced_contiguous,balanced,1,0.1737418407321983,0.125,0.487418407321983,64,64,8,256,0.2868479257777755,0.3007472730363514,2.5739029237464246
s7204_r1_n750_a375,confirmatory,7204,1,0.75,0.375,feedback_only,balanced_contiguous_k2,balanced_contiguous,balanced,2,0.2987418407321983,0.25,0.487418407321983,64,64,16,256,0.2883084508960621,0.31220779815463795,1.9160787337165686
s7204_r1_n750_a375,confirmatory,7204,1,0.75,0.375,feedback_only,balanced_contiguous_k4,balanced_contiguous,balanced,4,0.5487418407321983,0.5,0.487418407321983,64,64,32,256,0.297103542488353,0.3410028897469289,1.2732142179393424
s7204_r1_n750_a375,confirmatory,7204,1,0.75,0.375,feedback_only,balanced_contiguous_k8,balanced_contiguous,balanced,8,1.0487418407321982,1.0,0.487418407321983,64,64,64,256,0.30988509553072496,0.3937844427893008,1.052838449807352
s7204_r1_n750_a375,confirmatory,7204,1,0.75,0.375,feedback_only,balanced_interleaved_k1,balanced_interleaved,balanced,1,0.19088469787505546,0.125,0.6588469787505544,64,64,8,256,0.2868479257777755,0.3021187016077799,2.5739029237464246
s7204_r1_n750_a375,confirmatory,7204,1,0.75,0.375,feedback_only,balanced_interleaved_k2,balanced_interleaved,balanced,2,0.31588469787505546,0.25,0.6588469787505544,64,64,16,256,0.28711546987841996,0.3123862457084244,2.372492323581837
s7204_r1_n750_a375,confirmatory,7204,1,0.75,0.375,feedback_only,balanced_interleaved_k4,balanced_interleaved,balanced,4,0.5658846978750555,0.5,0.6588469787505544,64,64,32,256,0.301364212201488,0.34663498803149245,1.1730861299448059
s7204_r1_n750_a375,confirmatory,7204,1,0.75,0.375,feedback_only,balanced_interleaved_k8,balanced_interleaved,balanced,8,1.0658846978750554,1.0,0.6588469787505544,64,64,64,256,0.30988509553072496,0.3951558713607294,1.052838449807352
s7204_r1_n750_a375,confirmatory,7204,1,0.75,0.375,feedback_only,balanced_permutation_a_k1,balanced_permutation_a,balanced,1,0.18899250811836066,0.125,0.6399250811836067,64,64,8,256,0.2868479257777755,0.3019673264272444,2.5739029237464246
s7204_r1_n750_a375,confirmatory,7204,1,0.75,0.375,feedback_only,balanced_permutation_a_k2,balanced_permutation_a,balanced,2,0.31399250811836066,0.25,0.6399250811836067,64,64,16,256,0.28772729416093223,0.31284669481040106,2.0813932376423785
s7204_r1_n750_a375,confirmatory,7204,1,0.75,0.375,feedback_only,balanced_permutation_a_k4,balanced_permutation_a,balanced,4,0.5639925081183607,0.5,0.6399250811836067,64,64,32,256,0.2957540964362507,0.34087349708571957,1.3155572063186165
s7204_r1_n750_a375,confirmatory,7204,1,0.75,0.375,feedback_only,balanced_permutation_a_k8,balanced_permutation_a,balanced,8,1.0639925081183608,1.0,0.6399250811836067,64,64,64,256,0.30988509553072496,0.39500449618019384,1.052838449807352
s7204_r1_n750_a375,confirmatory,7204,1,0.75,0.375,feedback_only,balanced_permutation_b_k1,balanced_permutation_b,balanced,1,0.18840039778945986,0.125,0.6340039778945984,64,64,8,256,0.2868479257777755,0.3019199576009323,2.5739029237464246
s7204_r1_n750_a375,confirmatory,7204,1,0.75,0.375,feedback_only,balanced_permutation_b_k2,balanced_permutation_b,balanced,2,0.31340039778945983,0.25,0.6340039778945984,64,64,16,256,0.28698537063072505,0.3120574024538818,2.462810138077639
s7204_r1_n750_a375,confirmatory,7204,1,0.75,0.375,feedback_only,balanced_permutation_b_k4,balanced_permutation_b,balanced,4,0.5634003977894598,0.5,0.6340039778945984,64,64,32,256,0.28734585882681213,0.3324178906499689,2.2414213686552094
s7204_r1_n750_a375,confirmatory,7204,1,0.75,0.375,feedback_only,balanced_permutation_b_k8,balanced_permutation_b,balanced,8,1.06340039778946,1.0,0.6340039778945984,64,64,64,256,0.30988509553072496,0.3949571273538818,1.052838449807352
s7204_r1_n750_a375,confirmatory,7204,1,0.75,0.375,feedback_only,comb_contiguous_k1,comb_contiguous,comb,1,0.225,0.125,1.0,64,64,8,256,0.2868479257777755,0.30484792577777553,2.5739029237464246
s7204_r1_n750_a375,confirmatory,7204,1,0.75,0.375,feedback_only,comb_contiguous_k2,comb_contiguous,comb,2,0.35,0.25,1.0,64,64,16,256,0.2878826434919804,0.31588264349198036,2.0300857667386767
s7204_r1_n750_a375,confirmatory,7204,1,0.75,0.375,feedback_only,comb_contiguous_k4,comb_contiguous,comb,4,0.6,0.5,1.0,64,64,32,256,0.28930751626451734,0.3373075162645173,1.7371090541112075
s7204_r1_n750_a375,confirmatory,7204,1,0.75,0.375,feedback_only,comb_contiguous_k8,comb_contiguous,comb,8,1.1,1.0,1.0,64,64,64,256,0.30988509553072496,0.397885095530725,1.052838449807352
s7204_r1_n750_a375,confirmatory,7204,1,0.75,0.375,joint_forward_feedback,balanced_contiguous_k1,balanced_contiguous,balanced,1,0.1737418407321983,0.125,0.487418407321983,64,64,8,16,0.5222490664122016,0.5361484136707775,1.018941201761661
s7204_r1_n750_a375,confirmatory,7204,1,0.75,0.375,joint_forward_feedback,balanced_contiguous_k2,balanced_contiguous,balanced,2,0.2987418407321983,0.25,0.487418407321983,64,64,16,16,0.4250301395363232,0.448929486794899,1.199351758404546
s7204_r1_n750_a375,confirmatory,7204,1,0.75,0.375,joint_forward_feedback,balanced_contiguous_k4,balanced_contiguous,balanced,4,0.5487418407321983,0.5,0.487418407321983,64,64,32,16,0.3182799741057683,0.36217932136434416,1.2805836298741264
s7204_r1_n750_a375,confirmatory,7204,1,0.75,0.375,joint_forward_feedback,balanced_contiguous_k8,balanced_contiguous,balanced,8,1.0487418407321982,1.0,0.487418407321983,64,64,64,16,0.30109315851542895,0.3849925057740048,1.2333277825059745
s7204_r1_n750_a375,confirmatory,7204,1,0.75,0.375,joint_forward_feedback,balanced_interleaved_k1,balanced_interleaved,balanced,1,0.19088469787505546,0.125,0.6588469787505544,64,64,8,16,0.49471894509785275,0.5099897209278572,1.0758647734701536
s7204_r1_n750_a375,confirmatory,7204,1,0.75,0.375,joint_forward_feedback,balanced_interleaved_k2,balanced_interleaved,balanced,2,0.31588469787505546,0.25,0.6588469787505544,64,64,16,16,0.4678600307295439,0.49313080655954833,1.127031899655916
s7204_r1_n750_a375,confirmatory,7204,1,0.75,0.375,joint_forward_feedback,balanced_interleaved_k4,balanced_interleaved,balanced,4,0.5658846978750555,0.5,0.6588469787505544,64,64,32,16,0.29721299576143445,0.3424837715914389,1.2077108506163483
s7204_r1_n750_a375,confirmatory,7204,1,0.75,0.375,joint_forward_feedback,balanced_interleaved_k8,balanced_interleaved,balanced,8,1.0658846978750554,1.0,0.6588469787505544,64,64,64,16,0.2916936209438086,0.376964396773813,1.1371891990816965
s7204_r1_n750_a375,confirmatory,7204,1,0.75,0.375,joint_forward_feedback,balanced_permutation_a_k1,balanced_permutation_a,balanced,1,0.18899250811836066,0.125,0.6399250811836067,64,64,8,16,0.4681158560726658,0.4832352567221347,1.126564872932981
s7204_r1_n750_a375,confirmatory,7204,1,0.75,0.375,joint_forward_feedback,balanced_permutation_a_k2,balanced_permutation_a,balanced,2,0.31399250811836066,0.25,0.6399250811836067,64,64,16,16,0.4140538982231705,0.43917329887263934,1.2158123759187056
s7204_r1_n750_a375,confirmatory,7204,1,0.75,0.375,joint_forward_feedback,balanced_permutation_a_k4,balanced_permutation_a,balanced,4,0.5639925081183607,0.5,0.6399250811836067,64,64,32,16,0.30916710291750016,0.354286503566969,1.263842322517981
s7204_r1_n750_a375,confirmatory,7204,1,0.75,0.375,joint_forward_feedback,balanced_permutation_a_k8,balanced_permutation_a,balanced,8,1.0639925081183608,1.0,0.6399250811836067,64,64,64,16,0.29107102278501906,0.37619042343448794,1.122898010320166
s7204_r1_n750_a375,confirmatory,7204,1,0.75,0.375,joint_forward_feedback,balanced_permutation_b_k1,balanced_permutation_b,balanced,1,0.18840039778945986,0.125,0.6340039778945984,64,64,8,16,0.49906541738351373,0.5141374492066705,1.0671815844576664
s7204_r1_n750_a375,confirmatory,7204,1,0.75,0.375,joint_forward_feedback,balanced_permutation_b_k2,balanced_permutation_b,balanced,2,0.31340039778945983,0.25,0.6340039778945984,64,64,16,16,0.48583931073939424,0.510911342562551,1.093255247729531
s7204_r1_n750_a375,confirmatory,7204,1,0.75,0.375,joint_forward_feedback,balanced_permutation_b_k4,balanced_permutation_b,balanced,4,0.5634003977894598,0.5,0.6340039778945984,64,64,32,16,0.4567339119680626,0.5018059437912195,1.1469570454923272
s7204_r1_n750_a375,confirmatory,7204,1,0.75,0.375,joint_forward_feedback,balanced_permutation_b_k8,balanced_permutation_b,balanced,8,1.06340039778946,1.0,0.6340039778945984,64,64,64,16,0.29745598354099223,0.38252801536414904,1.2096649231462373
s7204_r1_n750_a375,confirmatory,7204,1,0.75,0.375,joint_forward_feedback,comb_contiguous_k1,comb_contiguous,comb,1,0.225,0.125,1.0,64,64,8,16,0.5230785878774764,0.5410785878774764,1.0171538645345295
s7204_r1_n750_a375,confirmatory,7204,1,0.75,0.375,joint_forward_feedback,comb_contiguous_k2,comb_contiguous,comb,2,0.35,0.25,1.0,64,64,16,16,0.42940592526291654,0.45740592526291657,1.1925326622400063
s7204_r1_n750_a375,confirmatory,7204,1,0.75,0.375,joint_forward_feedback,comb_contiguous_k4,comb_contiguous,comb,4,0.6,0.5,1.0,64,64,32,16,0.3666745826433865,0.41467458264338647,1.273177883011125
s7204_r1_n750_a375,confirmatory,7204,1,0.75,0.375,joint_forward_feedback,comb_contiguous_k8,comb_contiguous,comb,8,1.1,1.0,1.0,64,64,64,16,0.29261899429464866,0.3806189942946487,1.1545288155381037
s7204_r1_n750_a375,confirmatory,7204,1,0.75,0.375,joint_forward_feedback,balanced_contiguous_k1,balanced_contiguous,balanced,1,0.1737418407321983,0.125,0.487418407321983,64,64,8,64,0.3030837499267893,0.3169830971853652,2.8760193892601835
s7204_r1_n750_a375,confirmatory,7204,1,0.75,0.375,joint_forward_feedback,balanced_contiguous_k2,balanced_contiguous,balanced,2,0.2987418407321983,0.25,0.487418407321983,64,64,16,64,0.2852260027414471,0.30912535000002295,2.5348590368269037
s7204_r1_n750_a375,confirmatory,7204,1,0.75,0.375,joint_forward_feedback,balanced_contiguous_k4,balanced_contiguous,balanced,4,0.5487418407321983,0.5,0.487418407321983,64,64,32,64,0.28382866120844485,0.3277280084670207,1.7670819886563962
s7204_r1_n750_a375,confirmatory,7204,1,0.75,0.375,joint_forward_feedback,balanced_contiguous_k8,balanced_contiguous,balanced,8,1.0487418407321982,1.0,0.487418407321983,64,64,64,64,0.28485440643939725,0.3687537536979731,1.539784808602256
s7204_r1_n750_a375,confirmatory,7204,1,0.75,0.375,joint_forward_feedback,balanced_interleaved_k1,balanced_interleaved,balanced,1,0.19088469787505546,0.125,0.6588469787505544,64,64,8,64,0.29447964916674463,0.30975042499674904,2.8135329296350307
s7204_r1_n750_a375,confirmatory,7204,1,0.75,0.375,joint_forward_feedback,balanced_interleaved_k2,balanced_interleaved,balanced,2,0.31588469787505546,0.25,0.6588469787505544,64,64,16,64,0.28931012843645265,0.3145809042664571,2.725159879913707
s7204_r1_n750_a375,confirmatory,7204,1,0.75,0.375,joint_forward_feedback,balanced_interleaved_k4,balanced_interleaved,balanced,4,0.5658846978750555,0.5,0.6588469787505544,64,64,32,64,0.28544007609607686,0.3307108519260813,1.4678777944153587
s7204_r1_n750_a375,confirmatory,7204,1,0.75,0.375,joint_forward_feedback,balanced_interleaved_k8,balanced_interleaved,balanced,8,1.0658846978750554,1.0,0.6588469787505544,64,64,64,64,0.2872382574722329,0.37250903330223734,1.3223699061896905
s7204_r1_n750_a375,confirmatory,7204,1,0.75,0.375,joint_forward_feedback,balanced_permutation_a_k1,balanced_permutation_a,balanced,1,0.18899250811836066,0.125,0.6399250811836067,64,64,8,64,0.28934772184085533,0.3044671224903242,2.7261194576183443
s7204_r1_n750_a375,confirmatory,7204,1,0.75,0.375,joint_forward_feedback,balanced_permutation_a_k2,balanced_permutation_a,balanced,2,0.31399250811836066,0.25,0.6399250811836067,64,64,16,64,0.28469612512100584,0.30981552577047466,2.4769057395968366
s7204_r1_n750_a375,confirmatory,7204,1,0.75,0.375,joint_forward_feedback,balanced_permutation_a_k4,balanced_permutation_a,balanced,4,0.5639925081183607,0.5,0.6399250811836067,64,64,32,64,0.2841920656712017,0.32931146632067054,1.6585832144939885
s7204_r1_n750_a375,confirmatory,7204,1,0.75,0.375,joint_forward_feedback,balanced_permutation_a_k8,balanced_permutation_a,balanced,8,1.0639925081183608,1.0,0.6399250811836067,64,64,64,64,0.28763990774795567,0.37275930839742455,1.298158517820955
s7204_r1_n750_a375,confirmatory,7204,1,0.75,0.375,joint_forward_feedback,balanced_permutation_b_k1,balanced_permutation_b,balanced,1,0.18840039778945986,0.125,0.6340039778945984,64,64,8,64,0.29558491011680865,0.31065694193996546,2.8253819064895347
s7204_r1_n750_a375,confirmatory,7204,1,0.75,0.375,joint_forward_feedback,balanced_permutation_b_k2,balanced_permutation_b,balanced,2,0.31340039778945983,0.25,0.6340039778945984,64,64,16,64,0.29247344268357645,0.3175454745067332,2.7871474235781872
s7204_r1_n750_a375,confirmatory,7204,1,0.75,0.375,joint_forward_feedback,balanced_permutation_b_k4,balanced_permutation_b,balanced,4,0.5634003977894598,0.5,0.6340039778945984,64,64,32,64,0.28785366165563303,0.3329256934787898,2.6813346684641584
s7204_r1_n750_a375,confirmatory,7204,1,0.75,0.375,joint_forward_feedback,balanced_permutation_b_k8,balanced_permutation_b,balanced,8,1.06340039778946,1.0,0.6340039778945984,64,64,64,64,0.285394249102204,0.3704662809253608,1.4728377222216604
s7204_r1_n750_a375,confirmatory,7204,1,0.75,0.375,joint_forward_feedback,comb_contiguous_k1,comb_contiguous,comb,1,0.225,0.125,1.0,64,64,8,64,0.3034082444446081,0.32140824444460814,2.877419501689556
s7204_r1_n750_a375,confirmatory,7204,1,0.75,0.375,joint_forward_feedback,comb_contiguous_k2,comb_contiguous,comb,2,0.35,0.25,1.0,64,64,16,64,0.2854823047648096,0.31348230476480965,2.5569307432403026
s7204_r1_n750_a375,confirmatory,7204,1,0.75,0.375,joint_forward_feedback,comb_contiguous_k4,comb_contiguous,comb,4,0.6,0.5,1.0,64,64,32,64,0.2836286474312907,0.33162864743129067,2.181856013258531
s7204_r1_n750_a375,confirmatory,7204,1,0.75,0.375,joint_forward_feedback,comb_contiguous_k8,comb_contiguous,comb,8,1.1,1.0,1.0,64,64,64,64,0.2867686241321299,0.3747686241321299,1.353592844495304
s7204_r1_n750_a375,confirmatory,7204,1,0.75,0.375,joint_forward_feedback,balanced_contiguous_k1,balanced_contiguous,balanced,1,0.1737418407321983,0.125,0.487418407321983,64,64,8,256,0.2860846846980256,0.2999840319566015,3.552052037128846
s7204_r1_n750_a375,confirmatory,7204,1,0.75,0.375,joint_forward_feedback,balanced_contiguous_k2,balanced_contiguous,balanced,2,0.2987418407321983,0.25,0.487418407321983,64,64,16,256,0.28676625778617315,0.310665605044749,2.648350389524236
s7204_r1_n750_a375,confirmatory,7204,1,0.75,0.375,joint_forward_feedback,balanced_contiguous_k4,balanced_contiguous,balanced,4,0.5487418407321983,0.5,0.487418407321983,64,64,32,256,0.2891846147531271,0.333083962011703,1.7547884503789732
s7204_r1_n750_a375,confirmatory,7204,1,0.75,0.375,joint_forward_feedback,balanced_contiguous_k8,balanced_contiguous,balanced,8,1.0487418407321982,1.0,0.487418407321983,64,64,64,256,0.2913000291816528,0.37519937644022866,1.5357904287210848
s7204_r1_n750_a375,confirmatory,7204,1,0.75,0.375,joint_forward_feedback,balanced_interleaved_k1,balanced_interleaved,balanced,1,0.19088469787505546,0.125,0.6588469787505544,64,64,8,256,0.2862575794646143,0.3015283552946187,3.26408445364722
s7204_r1_n750_a375,confirmatory,7204,1,0.75,0.375,joint_forward_feedback,balanced_interleaved_k2,balanced_interleaved,balanced,2,0.31588469787505546,0.25,0.6588469787505544,64,64,16,256,0.2864403200445008,0.31171109587450524,3.0116080924710467
s7204_r1_n750_a375,confirmatory,7204,1,0.75,0.375,joint_forward_feedback,balanced_interleaved_k4,balanced_interleaved,balanced,4,0.5658846978750555,0.5,0.6588469787505544,64,64,32,256,0.2923323715157561,0.3376031473457605,1.4675368472869708
s7204_r1_n750_a375,confirmatory,7204,1,0.75,0.375,joint_forward_feedback,balanced_interleaved_k8,balanced_interleaved,balanced,8,1.0658846978750554,1.0,0.6588469787505544,64,64,64,256,0.29533323433023234,0.38060401016023676,1.3302882984291469
s7204_r1_n750_a375,confirmatory,7204,1,0.75,0.375,joint_forward_feedback,balanced_permutation_a_k1,balanced_permutation_a,balanced,1,0.18899250811836066,0.125,0.6399250811836067,64,64,8,256,0.28643852433524497,0.30155792498471384,3.013905252524542
s7204_r1_n750_a375,confirmatory,7204,1,0.75,0.375,joint_forward_feedback,balanced_permutation_a_k2,balanced_permutation_a,balanced,2,0.31399250811836066,0.25,0.6399250811836067,64,64,16,256,0.28686373746310967,0.3119831381125785,2.560235270914394
s7204_r1_n750_a375,confirmatory,7204,1,0.75,0.375,joint_forward_feedback,balanced_permutation_a_k4,balanced_permutation_a,balanced,4,0.5639925081183607,0.5,0.6399250811836067,64,64,32,256,0.29002307742914735,0.3351424780786162,1.649486704210775
s7204_r1_n750_a375,confirmatory,7204,1,0.75,0.375,joint_forward_feedback,balanced_permutation_a_k8,balanced_permutation_a,balanced,8,1.0639925081183608,1.0,0.6399250811836067,64,64,64,256,0.295993203923439,0.38111260457290785,1.3075381950306268
s7204_r1_n750_a375,confirmatory,7204,1,0.75,0.375,joint_forward_feedback,balanced_permutation_b_k1,balanced_permutation_b,balanced,1,0.18840039778945986,0.125,0.6340039778945984,64,64,8,256,0.28622911214081803,0.30130114396397484,3.307363977694521
s7204_r1_n750_a375,confirmatory,7204,1,0.75,0.375,joint_forward_feedback,balanced_permutation_b_k2,balanced_permutation_b,balanced,2,0.31340039778945983,0.25,0.6340039778945984,64,64,16,256,0.2863167370831774,0.31138876890633416,3.17790640233225
s7204_r1_n750_a375,confirmatory,7204,1,0.75,0.375,joint_forward_feedback,balanced_permutation_b_k4,balanced_permutation_b,balanced,4,0.5634003977894598,0.5,0.6340039778945984,64,64,32,256,0.28651965584168315,0.33159168766483993,2.913402250847991
s7204_r1_n750_a375,confirmatory,7204,1,0.75,0.375,joint_forward_feedback,balanced_permutation_b_k8,balanced_permutation_b,balanced,8,1.06340039778946,1.0,0.6340039778945984,64,64,64,256,0.29225334600070346,0.3773253778238603,1.47223397616155
s7204_r1_n750_a375,confirmatory,7204,1,0.75,0.375,joint_forward_feedback,comb_contiguous_k1,comb_contiguous,comb,1,0.225,0.125,1.0,64,64,8,256,0.2860798257645065,0.30407982576450654,3.5612808828005194
s7204_r1_n750_a375,confirmatory,7204,1,0.75,0.375,joint_forward_feedback,comb_contiguous_k2,comb_contiguous,comb,2,0.35,0.25,1.0,64,64,16,256,0.28672960930289026,0.3147296093028903,2.683896086025966
s7204_r1_n750_a375,confirmatory,7204,1,0.75,0.375,joint_forward_feedback,comb_contiguous_k4,comb_contiguous,comb,4,0.6,0.5,1.0,64,64,32,256,0.28746361554645716,0.33546361554645715,2.185726573638084
s7204_r1_n750_a375,confirmatory,7204,1,0.75,0.375,joint_forward_feedback,comb_contiguous_k8,comb_contiguous,comb,8,1.1,1.0,1.0,64,64,64,256,0.29455998787447746,0.3825599878744775,1.3596604533254235
s7204_r2_n000_a125,confirmatory,7204,2,0.0,0.125,feedback_only,balanced_contiguous_k1,balanced_contiguous,balanced,1,0.1737418407321983,0.125,0.487418407321983,64,64,8,16,0.2584596135856383,0.2723589608442142,1.042641787992062
s7204_r2_n000_a125,confirmatory,7204,2,0.0,0.125,feedback_only,balanced_contiguous_k2,balanced_contiguous,balanced,2,0.2987418407321983,0.25,0.487418407321983,64,64,16,16,0.0029578142060461866,0.02685716146462205,1.4288662029325552
s7204_r2_n000_a125,confirmatory,7204,2,0.0,0.125,feedback_only,balanced_contiguous_k4,balanced_contiguous,balanced,4,0.5487418407321983,0.5,0.487418407321983,64,64,32,16,0.0022045963828553634,0.04610394364143123,1.4054567638894164
s7204_r2_n000_a125,confirmatory,7204,2,0.0,0.125,feedback_only,balanced_contiguous_k8,balanced_contiguous,balanced,8,1.0487418407321982,1.0,0.487418407321983,64,64,64,16,0.001516358848585047,0.0854157061071609,1.3624740180903006
s7204_r2_n000_a125,confirmatory,7204,2,0.0,0.125,feedback_only,balanced_interleaved_k1,balanced_interleaved,balanced,1,0.19088469787505546,0.125,0.6588469787505544,64,64,8,16,0.2584596135856383,0.2737303894156427,1.042641787992062
s7204_r2_n000_a125,confirmatory,7204,2,0.0,0.125,feedback_only,balanced_interleaved_k2,balanced_interleaved,balanced,2,0.31588469787505546,0.25,0.6588469787505544,64,64,16,16,0.16142666000338096,0.1866974358333854,1.2888158307697395
s7204_r2_n000_a125,confirmatory,7204,2,0.0,0.125,feedback_only,balanced_interleaved_k4,balanced_interleaved,balanced,4,0.5658846978750555,0.5,0.6588469787505544,64,64,32,16,0.13951034362810988,0.18478111945811432,1.3097840525342128
s7204_r2_n000_a125,confirmatory,7204,2,0.0,0.125,feedback_only,balanced_interleaved_k8,balanced_interleaved,balanced,8,1.0658846978750554,1.0,0.6588469787505544,64,64,64,16,0.001516358848585047,0.08678713467858948,1.3624740180903006
s7204_r2_n000_a125,confirmatory,7204,2,0.0,0.125,feedback_only,balanced_permutation_a_k1,balanced_permutation_a,balanced,1,0.18899250811836066,0.125,0.6399250811836067,64,64,8,16,0.2584596135856383,0.27357901423510717,1.042641787992062
s7204_r2_n000_a125,confirmatory,7204,2,0.0,0.125,feedback_only,balanced_permutation_a_k2,balanced_permutation_a,balanced,2,0.31399250811836066,0.25,0.6399250811836067,64,64,16,16,0.25830946619825423,0.28342886684772306,1.0382837407277992
s7204_r2_n000_a125,confirmatory,7204,2,0.0,0.125,feedback_only,balanced_permutation_a_k4,balanced_permutation_a,balanced,4,0.5639925081183607,0.5,0.6399250811836067,64,64,32,16,0.20956785708980313,0.254687257739272,1.1437905882556667
s7204_r2_n000_a125,confirmatory,7204,2,0.0,0.125,feedback_only,balanced_permutation_a_k8,balanced_permutation_a,balanced,8,1.0639925081183608,1.0,0.6399250811836067,64,64,64,16,0.001516358848585047,0.08663575949805391,1.3624740180903006
s7204_r2_n000_a125,confirmatory,7204,2,0.0,0.125,feedback_only,balanced_permutation_b_k1,balanced_permutation_b,balanced,1,0.18840039778945986,0.125,0.6340039778945984,64,64,8,16,0.2584596135856383,0.2735316454087951,1.042641787992062
s7204_r2_n000_a125,confirmatory,7204,2,0.0,0.125,feedback_only,balanced_permutation_b_k2,balanced_permutation_b,balanced,2,0.31340039778945983,0.25,0.6340039778945984,64,64,16,16,0.20485040968486054,0.22992244150801733,1.187267544355346
s7204_r2_n000_a125,confirmatory,7204,2,0.0,0.125,feedback_only,balanced_permutation_b_k4,balanced_permutation_b,balanced,4,0.5634003977894598,0.5,0.6340039778945984,64,64,32,16,0.19064292855905604,0.23571496038221282,1.2211686105184654
s7204_r2_n000_a125,confirmatory,7204,2,0.0,0.125,feedback_only,balanced_permutation_b_k8,balanced_permutation_b,balanced,8,1.06340039778946,1.0,0.6340039778945984,64,64,64,16,0.001516358848585047,0.08658839067174184,1.3624740180903006
s7204_r2_n000_a125,confirmatory,7204,2,0.0,0.125,feedback_only,comb_contiguous_k1,comb_contiguous,comb,1,0.225,0.125,1.0,64,64,8,16,0.2584596135856383,0.2764596135856383,1.042641787992062
s7204_r2_n000_a125,confirmatory,7204,2,0.0,0.125,feedback_only,comb_contiguous_k2,comb_contiguous,comb,2,0.35,0.25,1.0,64,64,16,16,0.21609554278468573,0.24409554278468573,1.150070743992726
s7204_r2_n000_a125,confirmatory,7204,2,0.0,0.125,feedback_only,comb_contiguous_k4,comb_contiguous,comb,4,0.6,0.5,1.0,64,64,32,16,0.03723673198595212,0.08523673198595212,1.5154348614682494
s7204_r2_n000_a125,confirmatory,7204,2,0.0,0.125,feedback_only,comb_contiguous_k8,comb_contiguous,comb,8,1.1,1.0,1.0,64,64,64,16,0.001516358848585047,0.08951635884858505,1.3624740180903006
s7204_r2_n000_a125,confirmatory,7204,2,0.0,0.125,feedback_only,balanced_contiguous_k1,balanced_contiguous,balanced,1,0.1737418407321983,0.125,0.487418407321983,64,64,8,64,0.2582150569142643,0.27211440417284016,1.052461127873834
s7204_r2_n000_a125,confirmatory,7204,2,0.0,0.125,feedback_only,balanced_contiguous_k2,balanced_contiguous,balanced,2,0.2987418407321983,0.25,0.487418407321983,64,64,16,64,3.4896453784090657e-09,0.02389935074822124,1.512792199044917
s7204_r2_n000_a125,confirmatory,7204,2,0.0,0.125,feedback_only,balanced_contiguous_k4,balanced_contiguous,balanced,4,0.5487418407321983,0.5,0.487418407321983,64,64,32,64,1.1301202936181942e-09,0.04389934838869616,1.4753775053567453
s7204_r2_n000_a125,confirmatory,7204,2,0.0,0.125,feedback_only,balanced_contiguous_k8,balanced_contiguous,balanced,8,1.0487418407321982,1.0,0.487418407321983,64,64,64,64,2.588228448175554e-10,0.08389934751739869,1.4142000490069295
s7204_r2_n000_a125,confirmatory,7204,2,0.0,0.125,feedback_only,balanced_interleaved_k1,balanced_interleaved,balanced,1,0.19088469787505546,0.125,0.6588469787505544,64,64,8,64,0.2582150569142643,0.2734858327442687,1.052461127873834
s7204_r2_n000_a125,confirmatory,7204,2,0.0,0.125,feedback_only,balanced_interleaved_k2,balanced_interleaved,balanced,2,0.31588469787505546,0.25,0.6588469787505544,64,64,16,64,0.037777664815534774,0.06304844064553922,2.469319317727843
s7204_r2_n000_a125,confirmatory,7204,2,0.0,0.125,feedback_only,balanced_interleaved_k4,balanced_interleaved,balanced,4,0.5658846978750555,0.5,0.6588469787505544,64,64,32,64,0.021029917136289662,0.0663006929662941,2.4688269787522774
s7204_r2_n000_a125,confirmatory,7204,2,0.0,0.125,feedback_only,balanced_interleaved_k8,balanced_interleaved,balanced,8,1.0658846978750554,1.0,0.6588469787505544,64,64,64,64,2.588228448175554e-10,0.08527077608882727,1.4142000490069295
s7204_r2_n000_a125,confirmatory,7204,2,0.0,0.125,feedback_only,balanced_permutation_a_k1,balanced_permutation_a,balanced,1,0.18899250811836066,0.125,0.6399250811836067,64,64,8,64,0.2582150569142643,0.27333445756373315,1.052461127873834
s7204_r2_n000_a125,confirmatory,7204,2,0.0,0.125,feedback_only,balanced_permutation_a_k2,balanced_permutation_a,balanced,2,0.31399250811836066,0.25,0.6399250811836067,64,64,16,64,0.2578023254264423,0.28292172607591115,1.049344571751512
s7204_r2_n000_a125,confirmatory,7204,2,0.0,0.125,feedback_only,balanced_permutation_a_k4,balanced_permutation_a,balanced,4,0.5639925081183607,0.5,0.6399250811836067,64,64,32,64,0.11115454025850308,0.15627394090797192,2.1337992667733174
s7204_r2_n000_a125,confirmatory,7204,2,0.0,0.125,feedback_only,balanced_permutation_a_k8,balanced_permutation_a,balanced,8,1.0639925081183608,1.0,0.6399250811836067,64,64,64,64,2.588228448175554e-10,0.0851194009082917,1.4142000490069295
s7204_r2_n000_a125,confirmatory,7204,2,0.0,0.125,feedback_only,balanced_permutation_b_k1,balanced_permutation_b,balanced,1,0.18840039778945986,0.125,0.6340039778945984,64,64,8,64,0.2582150569142643,0.2732870887374211,1.052461127873834
s7204_r2_n000_a125,confirmatory,7204,2,0.0,0.125,feedback_only,balanced_permutation_b_k2,balanced_permutation_b,balanced,2,0.31340039778945983,0.25,0.6340039778945984,64,64,16,64,0.09924010264625625,0.12431213446941304,2.212719353759652
s7204_r2_n000_a125,confirmatory,7204,2,0.0,0.125,feedback_only,balanced_permutation_b_k4,balanced_permutation_b,balanced,4,0.5634003977894598,0.5,0.6340039778945984,64,64,32,64,0.07385127788390317,0.11892330970705994,2.33055373015262
s7204_r2_n000_a125,confirmatory,7204,2,0.0,0.125,feedback_only,balanced_permutation_b_k8,balanced_permutation_b,balanced,8,1.06340039778946,1.0,0.6340039778945984,64,64,64,64,2.588228448175554e-10,0.08507203208197964,1.4142000490069295
s7204_r2_n000_a125,confirmatory,7204,2,0.0,0.125,feedback_only,comb_contiguous_k1,comb_contiguous,comb,1,0.225,0.125,1.0,64,64,8,64,0.2582150569142643,0.2762150569142643,1.052461127873834
s7204_r2_n000_a125,confirmatory,7204,2,0.0,0.125,feedback_only,comb_contiguous_k2,comb_contiguous,comb,2,0.35,0.25,1.0,64,64,16,64,0.12468114072809028,0.15268114072809028,2.0752988753124635
s7204_r2_n000_a125,confirmatory,7204,2,0.0,0.125,feedback_only,comb_contiguous_k4,comb_contiguous,comb,4,0.6,0.5,1.0,64,64,32,64,0.00011573999010975963,0.04811573999010976,2.030608688301474
s7204_r2_n000_a125,confirmatory,7204,2,0.0,0.125,feedback_only,comb_contiguous_k8,comb_contiguous,comb,8,1.1,1.0,1.0,64,64,64,64,2.588228448175554e-10,0.08800000025882285,1.4142000490069295
s7204_r2_n000_a125,confirmatory,7204,2,0.0,0.125,feedback_only,balanced_contiguous_k1,balanced_contiguous,balanced,1,0.1737418407321983,0.125,0.487418407321983,64,64,8,256,0.2571333363834898,0.2710326836420657,1.0714708030250801
s7204_r2_n000_a125,confirmatory,7204,2,0.0,0.125,feedback_only,balanced_contiguous_k2,balanced_contiguous,balanced,2,0.2987418407321983,0.25,0.487418407321983,64,64,16,256,5.637313372590049e-32,0.023899347258575863,1.5128494389561602
s7204_r2_n000_a125,confirmatory,7204,2,0.0,0.125,feedback_only,balanced_contiguous_k4,balanced_contiguous,balanced,4,0.5487418407321983,0.5,0.487418407321983,64,64,32,256,4.722310627025094e-32,0.04389934725857587,1.4754101041742247
s7204_r2_n000_a125,confirmatory,7204,2,0.0,0.125,feedback_only,balanced_contiguous_k8,balanced_contiguous,balanced,8,1.0487418407321982,1.0,0.487418407321983,64,64,64,256,4.377871386577375e-32,0.08389934725857585,1.4142135623730951
s7204_r2_n000_a125,confirmatory,7204,2,0.0,0.125,feedback_only,balanced_interleaved_k1,balanced_interleaved,balanced,1,0.19088469787505546,0.125,0.6588469787505544,64,64,8,256,0.2571333363834898,0.2724041122134942,1.0714708030250801
s7204_r2_n000_a125,confirmatory,7204,2,0.0,0.125,feedback_only,balanced_interleaved_k2,balanced_interleaved,balanced,2,0.31588469787505546,0.25,0.6588469787505544,64,64,16,256,0.00015220377683324148,0.02542297960683768,3.6677179131516278
s7204_r2_n000_a125,confirmatory,7204,2,0.0,0.125,feedback_only,balanced_interleaved_k4,balanced_interleaved,balanced,4,0.5658846978750555,0.5,0.6588469787505544,64,64,32,256,1.7791042337970403e-05,0.04528856687234241,3.273170203362214
s7204_r2_n000_a125,confirmatory,7204,2,0.0,0.125,feedback_only,balanced_interleaved_k8,balanced_interleaved,balanced,8,1.0658846978750554,1.0,0.6588469787505544,64,64,64,256,4.377871386577375e-32,0.08527077583000443,1.4142135623730951
s7204_r2_n000_a125,confirmatory,7204,2,0.0,0.125,feedback_only,balanced_permutation_a_k1,balanced_permutation_a,balanced,1,0.18899250811836066,0.125,0.6399250811836067,64,64,8,256,0.2571333363834898,0.27225273703295866,1.0714708030250801
s7204_r2_n000_a125,confirmatory,7204,2,0.0,0.125,feedback_only,balanced_permutation_a_k2,balanced_permutation_a,balanced,2,0.31399250811836066,0.25,0.6399250811836067,64,64,16,256,0.2553688867010233,0.28048828735049214,1.1410850518487905
s7204_r2_n000_a125,confirmatory,7204,2,0.0,0.125,feedback_only,balanced_permutation_a_k4,balanced_permutation_a,balanced,4,0.5639925081183607,0.5,0.6399250811836067,64,64,32,256,0.009427469036986252,0.0545468696864551,4.530603679661114
s7204_r2_n000_a125,confirmatory,7204,2,0.0,0.125,feedback_only,balanced_permutation_a_k8,balanced_permutation_a,balanced,8,1.0639925081183608,1.0,0.6399250811836067,64,64,64,256,4.377871386577375e-32,0.08511940064946887,1.4142135623730951
s7204_r2_n000_a125,confirmatory,7204,2,0.0,0.125,feedback_only,balanced_permutation_b_k1,balanced_permutation_b,balanced,1,0.18840039778945986,0.125,0.6340039778945984,64,64,8,256,0.2571333363834898,0.2722053682066466,1.0714708030250801
s7204_r2_n000_a125,confirmatory,7204,2,0.0,0.125,feedback_only,balanced_permutation_b_k2,balanced_permutation_b,balanced,2,0.31340039778945983,0.25,0.6340039778945984,64,64,16,256,0.0060047908799216575,0.031076822703078447,4.446794572200999
s7204_r2_n000_a125,confirmatory,7204,2,0.0,0.125,feedback_only,balanced_permutation_b_k4,balanced_permutation_b,balanced,4,0.5634003977894598,0.5,0.6340039778945984,64,64,32,256,0.0019192487633971438,0.04699128058655393,4.200591525845461
s7204_r2_n000_a125,confirmatory,7204,2,0.0,0.125,feedback_only,balanced_permutation_b_k8,balanced_permutation_b,balanced,8,1.06340039778946,1.0,0.6340039778945984,64,64,64,256,4.377871386577375e-32,0.0850720318231568,1.4142135623730951
s7204_r2_n000_a125,confirmatory,7204,2,0.0,0.125,feedback_only,comb_contiguous_k1,comb_contiguous,comb,1,0.225,0.125,1.0,64,64,8,256,0.2571333363834898,0.2751333363834898,1.0714708030250801
s7204_r2_n000_a125,confirmatory,7204,2,0.0,0.125,feedback_only,comb_contiguous_k2,comb_contiguous,comb,2,0.35,0.25,1.0,64,64,16,256,0.014712729397953782,0.04271272939795378,4.585137046319328
s7204_r2_n000_a125,confirmatory,7204,2,0.0,0.125,feedback_only,comb_contiguous_k4,comb_contiguous,comb,4,0.6,0.5,1.0,64,64,32,256,3.747722367432268e-13,0.04800000000037477,2.0581156222112775
s7204_r2_n000_a125,confirmatory,7204,2,0.0,0.125,feedback_only,comb_contiguous_k8,comb_contiguous,comb,8,1.1,1.0,1.0,64,64,64,256,4.377871386577375e-32,0.08800000000000001,1.4142135623730951
s7204_r2_n000_a125,confirmatory,7204,2,0.0,0.125,joint_forward_feedback,balanced_contiguous_k1,balanced_contiguous,balanced,1,0.1737418407321983,0.125,0.487418407321983,64,64,8,16,0.2713941163864975,0.2852934636450734,1.1683688121508475
s7204_r2_n000_a125,confirmatory,7204,2,0.0,0.125,joint_forward_feedback,balanced_contiguous_k2,balanced_contiguous,balanced,2,0.2987418407321983,0.25,0.487418407321983,64,64,16,16,0.031048366044973325,0.05494771330354919,1.6230731583465903
s7204_r2_n000_a125,confirmatory,7204,2,0.0,0.125,joint_forward_feedback,balanced_contiguous_k4,balanced_contiguous,balanced,4,0.5487418407321983,0.5,0.487418407321983,64,64,32,16,0.027249427804473363,0.07114877506304923,1.6174174347204102
s7204_r2_n000_a125,confirmatory,7204,2,0.0,0.125,joint_forward_feedback,balanced_contiguous_k8,balanced_contiguous,balanced,8,1.0487418407321982,1.0,0.487418407321983,64,64,64,16,0.023823299002697848,0.1077226462612737,1.611261472847274
s7204_r2_n000_a125,confirmatory,7204,2,0.0,0.125,joint_forward_feedback,balanced_interleaved_k1,balanced_interleaved,balanced,1,0.19088469787505546,0.125,0.6588469787505544,64,64,8,16,0.2655113878923181,0.2807821637223225,1.1517843880820846
s7204_r2_n000_a125,confirmatory,7204,2,0.0,0.125,joint_forward_feedback,balanced_interleaved_k2,balanced_interleaved,balanced,2,0.31588469787505546,0.25,0.6588469787505544,64,64,16,16,0.20047900009050884,0.2257497759205133,1.3097755776254267
s7204_r2_n000_a125,confirmatory,7204,2,0.0,0.125,joint_forward_feedback,balanced_interleaved_k4,balanced_interleaved,balanced,4,0.5658846978750555,0.5,0.6588469787505544,64,64,32,16,0.1818299356669935,0.22710071149699793,1.3317884383697596
s7204_r2_n000_a125,confirmatory,7204,2,0.0,0.125,joint_forward_feedback,balanced_interleaved_k8,balanced_interleaved,balanced,8,1.0658846978750554,1.0,0.6588469787505544,64,64,64,16,0.018598867656864165,0.1038696434868686,1.588712150897651
s7204_r2_n000_a125,confirmatory,7204,2,0.0,0.125,joint_forward_feedback,balanced_permutation_a_k1,balanced_permutation_a,balanced,1,0.18899250811836066,0.125,0.6399250811836067,64,64,8,16,0.26500653295750976,0.2801259336069786,1.148525332794687
s7204_r2_n000_a125,confirmatory,7204,2,0.0,0.125,joint_forward_feedback,balanced_permutation_a_k2,balanced_permutation_a,balanced,2,0.31399250811836066,0.25,0.6399250811836067,64,64,16,16,0.2642344188541787,0.2893538195036476,1.147234196219918
s7204_r2_n000_a125,confirmatory,7204,2,0.0,0.125,joint_forward_feedback,balanced_permutation_a_k4,balanced_permutation_a,balanced,4,0.5639925081183607,0.5,0.6399250811836067,64,64,32,16,0.23511687693537403,0.2802362775848429,1.1979678431144658
s7204_r2_n000_a125,confirmatory,7204,2,0.0,0.125,joint_forward_feedback,balanced_permutation_a_k8,balanced_permutation_a,balanced,8,1.0639925081183608,1.0,0.6399250811836067,64,64,64,16,0.02759078677696921,0.11271018742643807,1.5890842592917154
s7204_r2_n000_a125,confirmatory,7204,2,0.0,0.125,joint_forward_feedback,balanced_permutation_b_k1,balanced_permutation_b,balanced,1,0.18840039778945986,0.125,0.6340039778945984,64,64,8,16,0.2660636632701994,0.28113569509335623,1.1543515939224716
s7204_r2_n000_a125,confirmatory,7204,2,0.0,0.125,joint_forward_feedback,balanced_permutation_b_k2,balanced_permutation_b,balanced,2,0.31340039778945983,0.25,0.6340039778945984,64,64,16,16,0.2332916760229844,0.25836370784614116,1.2378794636050696
s7204_r2_n000_a125,confirmatory,7204,2,0.0,0.125,joint_forward_feedback,balanced_permutation_b_k4,balanced_permutation_b,balanced,4,0.5634003977894598,0.5,0.6340039778945984,64,64,32,16,0.22503166721009382,0.2701036990332506,1.2570915854605913
s7204_r2_n000_a125,confirmatory,7204,2,0.0,0.125,joint_forward_feedback,balanced_permutation_b_k8,balanced_permutation_b,balanced,8,1.06340039778946,1.0,0.6340039778945984,64,64,64,16,0.024331939729699187,0.10940397155285599,1.600841358880959
s7204_r2_n000_a125,confirmatory,7204,2,0.0,0.125,joint_forward_feedback,comb_contiguous_k1,comb_contiguous,comb,1,0.225,0.125,1.0,64,64,8,16,0.2649893546042301,0.28298935460423014,1.1510879945251558
s7204_r2_n000_a125,confirmatory,7204,2,0.0,0.125,joint_forward_feedback,comb_contiguous_k2,comb_contiguous,comb,2,0.35,0.25,1.0,64,64,16,16,0.23551605023232064,0.2635160502323206,1.2219942167517919
s7204_r2_n000_a125,confirmatory,7204,2,0.0,0.125,joint_forward_feedback,comb_contiguous_k4,comb_contiguous,comb,4,0.6,0.5,1.0,64,64,32,16,0.07998882643011199,0.127988826430112,1.5391026340622886
s7204_r2_n000_a125,confirmatory,7204,2,0.0,0.125,joint_forward_feedback,comb_contiguous_k8,comb_contiguous,comb,8,1.1,1.0,1.0,64,64,64,16,0.010927848326829158,0.09892784832682916,1.5504788834585372
s7204_r2_n000_a125,confirmatory,7204,2,0.0,0.125,joint_forward_feedback,balanced_contiguous_k1,balanced_contiguous,balanced,1,0.1737418407321983,0.125,0.487418407321983,64,64,8,64,0.25801274510937144,0.27191209236794733,1.450433385194318
s7204_r2_n000_a125,confirmatory,7204,2,0.0,0.125,joint_forward_feedback,balanced_contiguous_k2,balanced_contiguous,balanced,2,0.2987418407321983,0.25,0.487418407321983,64,64,16,64,1.8988394027870335e-05,0.023918335652603734,2.0842557600555325
s7204_r2_n000_a125,confirmatory,7204,2,0.0,0.125,joint_forward_feedback,balanced_contiguous_k4,balanced_contiguous,balanced,4,0.5487418407321983,0.5,0.487418407321983,64,64,32,64,1.181219918363556e-05,0.0439111594577595,2.038302960443706
s7204_r2_n000_a125,confirmatory,7204,2,0.0,0.125,joint_forward_feedback,balanced_contiguous_k8,balanced_contiguous,balanced,8,1.0487418407321982,1.0,0.487418407321983,64,64,64,64,7.303335406922043e-06,0.08390665059398278,1.9928915297272676
s7204_r2_n000_a125,confirmatory,7204,2,0.0,0.125,joint_forward_feedback,balanced_interleaved_k1,balanced_interleaved,balanced,1,0.19088469787505546,0.125,0.6588469787505544,64,64,8,64,0.25804775767154414,0.27331853350154856,1.3345666223954575
s7204_r2_n000_a125,confirmatory,7204,2,0.0,0.125,joint_forward_feedback,balanced_interleaved_k2,balanced_interleaved,balanced,2,0.31588469787505546,0.25,0.6588469787505544,64,64,16,64,0.07870009731722526,0.10397087314722969,2.456782178396964
s7204_r2_n000_a125,confirmatory,7204,2,0.0,0.125,joint_forward_feedback,balanced_interleaved_k4,balanced_interleaved,balanced,4,0.5658846978750555,0.5,0.6588469787505544,64,64,32,64,0.05539368334110614,0.10066445917111058,2.5109718974505495
s7204_r2_n000_a125,confirmatory,7204,2,0.0,0.125,joint_forward_feedback,balanced_interleaved_k8,balanced_interleaved,balanced,8,1.0658846978750554,1.0,0.6588469787505544,64,64,64,64,2.8432541702492716e-06,0.08527361908417468,1.909560090123042
s7204_r2_n000_a125,confirmatory,7204,2,0.0,0.125,joint_forward_feedback,balanced_permutation_a_k1,balanced_permutation_a,balanced,1,0.18899250811836066,0.125,0.6399250811836067,64,64,8,64,0.2577539117894481,0.272873312438917,1.3267408517535177
s7204_r2_n000_a125,confirmatory,7204,2,0.0,0.125,joint_forward_feedback,balanced_permutation_a_k2,balanced_permutation_a,balanced,2,0.31399250811836066,0.25,0.6399250811836067,64,64,16,64,0.2564557283369203,0.28157512898638914,1.327862362279385
s7204_r2_n000_a125,confirmatory,7204,2,0.0,0.125,joint_forward_feedback,balanced_permutation_a_k4,balanced_permutation_a,balanced,4,0.5639925081183607,0.5,0.6399250811836067,64,64,32,64,0.16256181982612883,0.20768122047559767,1.9791056584818343
s7204_r2_n000_a125,confirmatory,7204,2,0.0,0.125,joint_forward_feedback,balanced_permutation_a_k8,balanced_permutation_a,balanced,8,1.0639925081183608,1.0,0.6399250811836067,64,64,64,64,1.7230725495668454e-05,0.08513663137496454,2.0133580385545486
s7204_r2_n000_a125,confirmatory,7204,2,0.0,0.125,joint_forward_feedback,balanced_permutation_b_k1,balanced_permutation_b,balanced,1,0.18840039778945986,0.125,0.6340039778945984,64,64,8,64,0.25806898704495945,0.27314101886811626,1.3468203049545806
s7204_r2_n000_a125,confirmatory,7204,2,0.0,0.125,joint_forward_feedback,balanced_permutation_b_k2,balanced_permutation_b,balanced,2,0.31340039778945983,0.25,0.6340039778945984,64,64,16,64,0.14820009575296883,0.17327212757612562,2.11401089354735
s7204_r2_n000_a125,confirmatory,7204,2,0.0,0.125,joint_forward_feedback,balanced_permutation_b_k4,balanced_permutation_b,balanced,4,0.5634003977894598,0.5,0.6340039778945984,64,64,32,64,0.12783158254676635,0.17290361436992313,2.220771753620309
s7204_r2_n000_a125,confirmatory,7204,2,0.0,0.125,joint_forward_feedback,balanced_permutation_b_k8,balanced_permutation_b,balanced,8,1.06340039778946,1.0,0.6340039778945984,64,64,64,64,7.758244200593607e-06,0.08507979006735739,1.9893511759783418
s7204_r2_n000_a125,confirmatory,7204,2,0.0,0.125,joint_forward_feedback,comb_contiguous_k1,comb_contiguous,comb,1,0.225,0.125,1.0,64,64,8,64,0.26004737803798905,0.27804737803798907,1.2922968442394551
s7204_r2_n000_a125,confirmatory,7204,2,0.0,0.125,joint_forward_feedback,comb_contiguous_k2,comb_contiguous,comb,2,0.35,0.25,1.0,64,64,16,64,0.15920978952265774,0.18720978952265774,2.020940499627337
s7204_r2_n000_a125,confirmatory,7204,2,0.0,0.125,joint_forward_feedback,comb_contiguous_k4,comb_contiguous,comb,4,0.6,0.5,1.0,64,64,32,64,0.0018583415620023764,0.049858341562002376,2.4010733685924777
s7204_r2_n000_a125,confirmatory,7204,2,0.0,0.125,joint_forward_feedback,comb_contiguous_k8,comb_contiguous,comb,8,1.1,1.0,1.0,64,64,64,64,9.177253099652634e-07,0.08800091772530998,1.7696337072126014
s7204_r2_n000_a125,confirmatory,7204,2,0.0,0.125,joint_forward_feedback,balanced_contiguous_k1,balanced_contiguous,balanced,1,0.1737418407321983,0.125,0.487418407321983,64,64,8,256,0.2569995755583724,0.2708989228169483,1.4798835167551643
s7204_r2_n000_a125,confirmatory,7204,2,0.0,0.125,joint_forward_feedback,balanced_contiguous_k2,balanced_contiguous,balanced,2,0.2987418407321983,0.25,0.487418407321983,64,64,16,256,2.545979475919177e-17,0.023899347258575888,2.093262070676007
s7204_r2_n000_a125,confirmatory,7204,2,0.0,0.125,joint_forward_feedback,balanced_contiguous_k4,balanced_contiguous,balanced,4,0.5487418407321983,0.5,0.487418407321983,64,64,32,256,5.699608106205919e-18,0.043899347258575874,2.0451360287902585
s7204_r2_n000_a125,confirmatory,7204,2,0.0,0.125,joint_forward_feedback,balanced_contiguous_k8,balanced_contiguous,balanced,8,1.0487418407321982,1.0,0.487418407321983,64,64,64,256,6.506658842414089e-19,0.08389934725857585,1.9979553076740884
s7204_r2_n000_a125,confirmatory,7204,2,0.0,0.125,joint_forward_feedback,balanced_interleaved_k1,balanced_interleaved,balanced,1,0.19088469787505546,0.125,0.6588469787505544,64,64,8,256,0.25701812080155806,0.27228889663156247,1.358326258876269
s7204_r2_n000_a125,confirmatory,7204,2,0.0,0.125,joint_forward_feedback,balanced_interleaved_k2,balanced_interleaved,balanced,2,0.31588469787505546,0.25,0.6588469787505544,64,64,16,256,0.002472101743057435,0.027742877573061875,4.350827782874636
s7204_r2_n000_a125,confirmatory,7204,2,0.0,0.125,joint_forward_feedback,balanced_interleaved_k4,balanced_interleaved,balanced,4,0.5658846978750555,0.5,0.6588469787505544,64,64,32,256,0.0006452620490297449,0.045916037879034186,4.0264893028255555
s7204_r2_n000_a125,confirmatory,7204,2,0.0,0.125,joint_forward_feedback,balanced_interleaved_k8,balanced_interleaved,balanced,8,1.0658846978750554,1.0,0.6588469787505544,64,64,64,256,3.001382881905017e-19,0.08527077583000443,1.9124584063450925
s7204_r2_n000_a125,confirmatory,7204,2,0.0,0.125,joint_forward_feedback,balanced_permutation_a_k1,balanced_permutation_a,balanced,1,0.18899250811836066,0.125,0.6399250811836067,64,64,8,256,0.2568560062053024,0.2719754068547713,1.3492757604610628
s7204_r2_n000_a125,confirmatory,7204,2,0.0,0.125,joint_forward_feedback,balanced_permutation_a_k2,balanced_permutation_a,balanced,2,0.31399250811836066,0.25,0.6399250811836067,64,64,16,256,0.2515060491915092,0.27662544984097803,1.5192480283103398
s7204_r2_n000_a125,confirmatory,7204,2,0.0,0.125,joint_forward_feedback,balanced_permutation_a_k4,balanced_permutation_a,balanced,4,0.5639925081183607,0.5,0.6399250811836067,64,64,32,256,0.042063058973632314,0.08718245962310117,4.586742822577767
s7204_r2_n000_a125,confirmatory,7204,2,0.0,0.125,joint_forward_feedback,balanced_permutation_a_k8,balanced_permutation_a,balanced,8,1.0639925081183608,1.0,0.6399250811836067,64,64,64,256,5.495925662098253e-16,0.08511940064946942,2.0218207570355857
s7204_r2_n000_a125,confirmatory,7204,2,0.0,0.125,joint_forward_feedback,balanced_permutation_b_k1,balanced_permutation_b,balanced,1,0.18840039778945986,0.125,0.6340039778945984,64,64,8,256,0.2570298559904093,0.2721018878135661,1.3710861357981046
s7204_r2_n000_a125,confirmatory,7204,2,0.0,0.125,joint_forward_feedback,balanced_permutation_b_k2,balanced_permutation_b,balanced,2,0.31340039778945983,0.25,0.6340039778945984,64,64,16,256,0.028769739081208577,0.053841770904365364,4.6598012627496255
s7204_r2_n000_a125,confirmatory,7204,2,0.0,0.125,joint_forward_feedback,balanced_permutation_b_k4,balanced_permutation_b,balanced,4,0.5634003977894598,0.5,0.6340039778945984,64,64,32,256,0.016098228168213394,0.06117025999137018,4.657964880784552
s7204_r2_n000_a125,confirmatory,7204,2,0.0,0.125,joint_forward_feedback,balanced_permutation_b_k8,balanced_permutation_b,balanced,8,1.06340039778946,1.0,0.6340039778945984,64,64,64,256,1.8690976781251972e-17,0.08507203182315681,1.9947067826622713
s7204_r2_n000_a125,confirmatory,7204,2,0.0,0.125,joint_forward_feedback,comb_contiguous_k1,comb_contiguous,comb,1,0.225,0.125,1.0,64,64,8,256,0.2580026008187042,0.2760026008187042,1.3190560153353963
s7204_r2_n000_a125,confirmatory,7204,2,0.0,0.125,joint_forward_feedback,comb_contiguous_k2,comb_contiguous,comb,2,0.35,0.25,1.0,64,64,16,256,0.037679131842790245,0.06567913184279024,4.598517908895553
s7204_r2_n000_a125,confirmatory,7204,2,0.0,0.125,joint_forward_feedback,comb_contiguous_k4,comb_contiguous,comb,4,0.6,0.5,1.0,64,64,32,256,3.923745176581966e-09,0.04800000392374518,2.5527263852061215
s7204_r2_n000_a125,confirmatory,7204,2,0.0,0.125,joint_forward_feedback,comb_contiguous_k8,comb_contiguous,comb,8,1.1,1.0,1.0,64,64,64,256,6.709219683939968e-22,0.08800000000000001,1.7710993399042827
s7204_r2_n000_a375,confirmatory,7204,2,0.0,0.375,feedback_only,balanced_contiguous_k1,balanced_contiguous,balanced,1,0.1737418407321983,0.125,0.487418407321983,64,64,8,16,0.3111427843591549,0.32504213161773077,1.1192893982837782
s7204_r2_n000_a375,confirmatory,7204,2,0.0,0.375,feedback_only,balanced_contiguous_k2,balanced_contiguous,balanced,2,0.2987418407321983,0.25,0.487418407321983,64,64,16,16,0.10281040251123687,0.12670974976981272,1.5538181615122504
s7204_r2_n000_a375,confirmatory,7204,2,0.0,0.375,feedback_only,balanced_contiguous_k4,balanced_contiguous,balanced,4,0.5487418407321983,0.5,0.487418407321983,64,64,32,16,0.043921055001312284,0.08782040225988816,1.5469981871565532
s7204_r2_n000_a375,confirmatory,7204,2,0.0,0.375,feedback_only,balanced_contiguous_k8,balanced_contiguous,balanced,8,1.0487418407321982,1.0,0.487418407321983,64,64,64,16,0.001506213944695753,0.08540556120327161,1.3621427432291653
s7204_r2_n000_a375,confirmatory,7204,2,0.0,0.375,feedback_only,balanced_interleaved_k1,balanced_interleaved,balanced,1,0.19088469787505546,0.125,0.6588469787505544,64,64,8,16,0.3111427843591549,0.3264135601891593,1.1192893982837782
s7204_r2_n000_a375,confirmatory,7204,2,0.0,0.375,feedback_only,balanced_interleaved_k2,balanced_interleaved,balanced,2,0.31588469787505546,0.25,0.6588469787505544,64,64,16,16,0.1032647050603639,0.12853548089036834,1.4955154062594467
s7204_r2_n000_a375,confirmatory,7204,2,0.0,0.375,feedback_only,balanced_interleaved_k4,balanced_interleaved,balanced,4,0.5658846978750555,0.5,0.6588469787505544,64,64,32,16,0.009699408897086233,0.05497018472709067,1.4978903823931389
s7204_r2_n000_a375,confirmatory,7204,2,0.0,0.375,feedback_only,balanced_interleaved_k8,balanced_interleaved,balanced,8,1.0658846978750554,1.0,0.6588469787505544,64,64,64,16,0.001506213944695753,0.08677698977470019,1.3621427432291653
s7204_r2_n000_a375,confirmatory,7204,2,0.0,0.375,feedback_only,balanced_permutation_a_k1,balanced_permutation_a,balanced,1,0.18899250811836066,0.125,0.6399250811836067,64,64,8,16,0.3111427843591549,0.32626218500862375,1.1192893982837782
s7204_r2_n000_a375,confirmatory,7204,2,0.0,0.375,feedback_only,balanced_permutation_a_k2,balanced_permutation_a,balanced,2,0.31399250811836066,0.25,0.6399250811836067,64,64,16,16,0.2696591866487774,0.29477858729824624,1.21656179272904
s7204_r2_n000_a375,confirmatory,7204,2,0.0,0.375,feedback_only,balanced_permutation_a_k4,balanced_permutation_a,balanced,4,0.5639925081183607,0.5,0.6399250811836067,64,64,32,16,0.06148212446351531,0.10660152511298415,1.5490697920043193
s7204_r2_n000_a375,confirmatory,7204,2,0.0,0.375,feedback_only,balanced_permutation_a_k8,balanced_permutation_a,balanced,8,1.0639925081183608,1.0,0.6399250811836067,64,64,64,16,0.001506213944695753,0.08662561459416462,1.3621427432291653
s7204_r2_n000_a375,confirmatory,7204,2,0.0,0.375,feedback_only,balanced_permutation_b_k1,balanced_permutation_b,balanced,1,0.18840039778945986,0.125,0.6340039778945984,64,64,8,16,0.3111427843591549,0.3262148161823117,1.1192893982837782
s7204_r2_n000_a375,confirmatory,7204,2,0.0,0.375,feedback_only,balanced_permutation_b_k2,balanced_permutation_b,balanced,2,0.31340039778945983,0.25,0.6340039778945984,64,64,16,16,0.21319220731322397,0.23826423913638076,1.2887994029711523
s7204_r2_n000_a375,confirmatory,7204,2,0.0,0.375,feedback_only,balanced_permutation_b_k4,balanced_permutation_b,balanced,4,0.5634003977894598,0.5,0.6340039778945984,64,64,32,16,0.2005531227721808,0.24562515459533757,1.2767545138103058
s7204_r2_n000_a375,confirmatory,7204,2,0.0,0.375,feedback_only,balanced_permutation_b_k8,balanced_permutation_b,balanced,8,1.06340039778946,1.0,0.6340039778945984,64,64,64,16,0.001506213944695753,0.08657824576785256,1.3621427432291653
s7204_r2_n000_a375,confirmatory,7204,2,0.0,0.375,feedback_only,comb_contiguous_k1,comb_contiguous,comb,1,0.225,0.125,1.0,64,64,8,16,0.3111427843591549,0.3291427843591549,1.1192893982837782
s7204_r2_n000_a375,confirmatory,7204,2,0.0,0.375,feedback_only,comb_contiguous_k2,comb_contiguous,comb,2,0.35,0.25,1.0,64,64,16,16,0.27642751031759577,0.30442751031759574,1.1707711171757675
s7204_r2_n000_a375,confirmatory,7204,2,0.0,0.375,feedback_only,comb_contiguous_k4,comb_contiguous,comb,4,0.6,0.5,1.0,64,64,32,16,0.11563404386999857,0.16363404386999858,1.5072575088131084
s7204_r2_n000_a375,confirmatory,7204,2,0.0,0.375,feedback_only,comb_contiguous_k8,comb_contiguous,comb,8,1.1,1.0,1.0,64,64,64,16,0.001506213944695753,0.08950621394469577,1.3621427432291653
s7204_r2_n000_a375,confirmatory,7204,2,0.0,0.375,feedback_only,balanced_contiguous_k1,balanced_contiguous,balanced,1,0.1737418407321983,0.125,0.487418407321983,64,64,8,64,0.26420904349469887,0.27810839075327476,1.8277000978641411
s7204_r2_n000_a375,confirmatory,7204,2,0.0,0.375,feedback_only,balanced_contiguous_k2,balanced_contiguous,balanced,2,0.2987418407321983,0.25,0.487418407321983,64,64,16,64,0.0012544942595208441,0.025153841518096708,2.6237862709968898
s7204_r2_n000_a375,confirmatory,7204,2,0.0,0.375,feedback_only,balanced_contiguous_k4,balanced_contiguous,balanced,4,0.5487418407321983,0.5,0.487418407321983,64,64,32,64,0.0002056007078164295,0.0441049479663923,2.105036735124041
s7204_r2_n000_a375,confirmatory,7204,2,0.0,0.375,feedback_only,balanced_contiguous_k8,balanced_contiguous,balanced,8,1.0487418407321982,1.0,0.487418407321983,64,64,64,64,3.711720389725167e-10,0.08389934762974789,1.4142054817792342
s7204_r2_n000_a375,confirmatory,7204,2,0.0,0.375,feedback_only,balanced_interleaved_k1,balanced_interleaved,balanced,1,0.19088469787505546,0.125,0.6588469787505544,64,64,8,64,0.26420904349469887,0.2794798193247033,1.8277000978641411
s7204_r2_n000_a375,confirmatory,7204,2,0.0,0.375,feedback_only,balanced_interleaved_k2,balanced_interleaved,balanced,2,0.31588469787505546,0.25,0.6588469787505544,64,64,16,64,0.006004920463216737,0.031275696293221175,2.4679817726301985
s7204_r2_n000_a375,confirmatory,7204,2,0.0,0.375,feedback_only,balanced_interleaved_k4,balanced_interleaved,balanced,4,0.5658846978750555,0.5,0.6588469787505544,64,64,32,64,6.504461909280754e-07,0.04527142627619537,1.6936070737732567
s7204_r2_n000_a375,confirmatory,7204,2,0.0,0.375,feedback_only,balanced_interleaved_k8,balanced_interleaved,balanced,8,1.0658846978750554,1.0,0.6588469787505544,64,64,64,64,3.711720389725167e-10,0.08527077620117647,1.4142054817792342
s7204_r2_n000_a375,confirmatory,7204,2,0.0,0.375,feedback_only,balanced_permutation_a_k1,balanced_permutation_a,balanced,1,0.18899250811836066,0.125,0.6399250811836067,64,64,8,64,0.26420904349469887,0.27932844414416774,1.8277000978641411
s7204_r2_n000_a375,confirmatory,7204,2,0.0,0.375,feedback_only,balanced_permutation_a_k2,balanced_permutation_a,balanced,2,0.31399250811836066,0.25,0.6399250811836067,64,64,16,64,0.18307105041038818,0.20819045105985703,2.1421016246883724
s7204_r2_n000_a375,confirmatory,7204,2,0.0,0.375,feedback_only,balanced_permutation_a_k4,balanced_permutation_a,balanced,4,0.5639925081183607,0.5,0.6399250811836067,64,64,32,64,0.0006850252136858654,0.04580442586315472,2.2995958320027188
s7204_r2_n000_a375,confirmatory,7204,2,0.0,0.375,feedback_only,balanced_permutation_a_k8,balanced_permutation_a,balanced,8,1.0639925081183608,1.0,0.6399250811836067,64,64,64,64,3.711720389725167e-10,0.0851194010206409,1.4142054817792342
s7204_r2_n000_a375,confirmatory,7204,2,0.0,0.375,feedback_only,balanced_permutation_b_k1,balanced_permutation_b,balanced,1,0.18840039778945986,0.125,0.6340039778945984,64,64,8,64,0.26420904349469887,0.2792810753178557,1.8277000978641411
s7204_r2_n000_a375,confirmatory,7204,2,0.0,0.375,feedback_only,balanced_permutation_b_k2,balanced_permutation_b,balanced,2,0.31340039778945983,0.25,0.6340039778945984,64,64,16,64,0.0886947987228551,0.11376683054601189,2.4042076969658526
s7204_r2_n000_a375,confirmatory,7204,2,0.0,0.375,feedback_only,balanced_permutation_b_k4,balanced_permutation_b,balanced,4,0.5634003977894598,0.5,0.6340039778945984,64,64,32,64,0.07887010408654699,0.12394213590970377,2.3606380203627513
s7204_r2_n000_a375,confirmatory,7204,2,0.0,0.375,feedback_only,balanced_permutation_b_k8,balanced_permutation_b,balanced,8,1.06340039778946,1.0,0.6340039778945984,64,64,64,64,3.711720389725167e-10,0.08507203219432884,1.4142054817792342
s7204_r2_n000_a375,confirmatory,7204,2,0.0,0.375,feedback_only,comb_contiguous_k1,comb_contiguous,comb,1,0.225,0.125,1.0,64,64,8,64,0.26420904349469887,0.2822090434946989,1.8277000978641411
s7204_r2_n000_a375,confirmatory,7204,2,0.0,0.375,feedback_only,comb_contiguous_k2,comb_contiguous,comb,2,0.35,0.25,1.0,64,64,16,64,0.2589870589610773,0.28698705896107735,1.4923746918978031
s7204_r2_n000_a375,confirmatory,7204,2,0.0,0.375,feedback_only,comb_contiguous_k4,comb_contiguous,comb,4,0.6,0.5,1.0,64,64,32,64,0.006508586075070805,0.05450858607507081,2.5783112536580166
s7204_r2_n000_a375,confirmatory,7204,2,0.0,0.375,feedback_only,comb_contiguous_k8,comb_contiguous,comb,8,1.1,1.0,1.0,64,64,64,64,3.711720389725167e-10,0.08800000037117205,1.4142054817792342
s7204_r2_n000_a375,confirmatory,7204,2,0.0,0.375,feedback_only,balanced_contiguous_k1,balanced_contiguous,balanced,1,0.1737418407321983,0.125,0.487418407321983,64,64,8,256,0.2577879215552083,0.2716872688137842,2.0045977182951926
s7204_r2_n000_a375,confirmatory,7204,2,0.0,0.375,feedback_only,balanced_contiguous_k2,balanced_contiguous,balanced,2,0.2987418407321983,0.25,0.487418407321983,64,64,16,256,7.336015637575811e-11,0.023899347331936018,2.7484251000252136
s7204_r2_n000_a375,confirmatory,7204,2,0.0,0.375,feedback_only,balanced_contiguous_k4,balanced_contiguous,balanced,4,0.5487418407321983,0.5,0.487418407321983,64,64,32,256,9.813157272789667e-13,0.043899347259557187,2.1461902319152304
s7204_r2_n000_a375,confirmatory,7204,2,0.0,0.375,feedback_only,balanced_contiguous_k8,balanced_contiguous,balanced,8,1.0487418407321982,1.0,0.487418407321983,64,64,64,256,4.783867271333574e-32,0.08389934725857585,1.4142135623730951
s7204_r2_n000_a375,confirmatory,7204,2,0.0,0.375,feedback_only,balanced_interleaved_k1,balanced_interleaved,balanced,1,0.19088469787505546,0.125,0.6588469787505544,64,64,8,256,0.2577879215552083,0.2730586973852127,2.0045977182951926
s7204_r2_n000_a375,confirmatory,7204,2,0.0,0.375,feedback_only,balanced_interleaved_k2,balanced_interleaved,balanced,2,0.31588469787505546,0.25,0.6588469787505544,64,64,16,256,7.498466085012621e-08,0.025270850814665288,2.770694244355447
s7204_r2_n000_a375,confirmatory,7204,2,0.0,0.375,feedback_only,balanced_interleaved_k4,balanced_interleaved,balanced,4,0.5658846978750555,0.5,0.6588469787505544,64,64,32,256,4.017780007108046e-22,0.04527077583000444,1.695038066723713
s7204_r2_n000_a375,confirmatory,7204,2,0.0,0.375,feedback_only,balanced_interleaved_k8,balanced_interleaved,balanced,8,1.0658846978750554,1.0,0.6588469787505544,64,64,64,256,4.783867271333574e-32,0.08527077583000443,1.4142135623730951
s7204_r2_n000_a375,confirmatory,7204,2,0.0,0.375,feedback_only,balanced_permutation_a_k1,balanced_permutation_a,balanced,1,0.18899250811836066,0.125,0.6399250811836067,64,64,8,256,0.2577879215552083,0.27290732220467717,2.0045977182951926
s7204_r2_n000_a375,confirmatory,7204,2,0.0,0.375,feedback_only,balanced_permutation_a_k2,balanced_permutation_a,balanced,2,0.31399250811836066,0.25,0.6399250811836067,64,64,16,256,0.060917788002297114,0.08603718865176596,4.507161260023922
s7204_r2_n000_a375,confirmatory,7204,2,0.0,0.375,feedback_only,balanced_permutation_a_k4,balanced_permutation_a,balanced,4,0.5639925081183607,0.5,0.6399250811836067,64,64,32,256,6.456080510698903e-11,0.04511940071402966,2.3830800510335926
s7204_r2_n000_a375,confirmatory,7204,2,0.0,0.375,feedback_only,balanced_permutation_a_k8,balanced_permutation_a,balanced,8,1.0639925081183608,1.0,0.6399250811836067,64,64,64,256,4.783867271333574e-32,0.08511940064946887,1.4142135623730951
s7204_r2_n000_a375,confirmatory,7204,2,0.0,0.375,feedback_only,balanced_permutation_b_k1,balanced_permutation_b,balanced,1,0.18840039778945986,0.125,0.6340039778945984,64,64,8,256,0.2577879215552083,0.2728599533783651,2.0045977182951926
s7204_r2_n000_a375,confirmatory,7204,2,0.0,0.375,feedback_only,balanced_permutation_b_k2,balanced_permutation_b,balanced,2,0.31340039778945983,0.25,0.6340039778945984,64,64,16,256,0.002838154474976199,0.027910186298132987,4.349094006289432
s7204_r2_n000_a375,confirmatory,7204,2,0.0,0.375,feedback_only,balanced_permutation_b_k4,balanced_permutation_b,balanced,4,0.5634003977894598,0.5,0.6340039778945984,64,64,32,256,0.00175909732991861,0.04683112915307539,4.200316775561834
s7204_r2_n000_a375,confirmatory,7204,2,0.0,0.375,feedback_only,balanced_permutation_b_k8,balanced_permutation_b,balanced,8,1.06340039778946,1.0,0.6340039778945984,64,64,64,256,4.783867271333574e-32,0.0850720318231568,1.4142135623730951
s7204_r2_n000_a375,confirmatory,7204,2,0.0,0.375,feedback_only,comb_contiguous_k1,comb_contiguous,comb,1,0.225,0.125,1.0,64,64,8,256,0.2577879215552083,0.2757879215552083,2.0045977182951926
s7204_r2_n000_a375,confirmatory,7204,2,0.0,0.375,feedback_only,comb_contiguous_k2,comb_contiguous,comb,2,0.35,0.25,1.0,64,64,16,256,0.23557148615593643,0.2635714861559364,2.1006335162477856
s7204_r2_n000_a375,confirmatory,7204,2,0.0,0.375,feedback_only,comb_contiguous_k4,comb_contiguous,comb,4,0.6,0.5,1.0,64,64,32,256,1.4867284715192867e-07,0.04800014867284715,2.911411743269985
s7204_r2_n000_a375,confirmatory,7204,2,0.0,0.375,feedback_only,comb_contiguous_k8,comb_contiguous,comb,8,1.1,1.0,1.0,64,64,64,256,4.783867271333574e-32,0.08800000000000001,1.4142135623730951
s7204_r2_n000_a375,confirmatory,7204,2,0.0,0.375,joint_forward_feedback,balanced_contiguous_k1,balanced_contiguous,balanced,1,0.1737418407321983,0.125,0.487418407321983,64,64,8,16,0.3684125714842595,0.3823119187428354,0.9512319583461284
s7204_r2_n000_a375,confirmatory,7204,2,0.0,0.375,joint_forward_feedback,balanced_contiguous_k2,balanced_contiguous,balanced,2,0.2987418407321983,0.25,0.487418407321983,64,64,16,16,0.22044505626913058,0.24434440352770645,1.33280514810046
s7204_r2_n000_a375,confirmatory,7204,2,0.0,0.375,joint_forward_feedback,balanced_contiguous_k4,balanced_contiguous,balanced,4,0.5487418407321983,0.5,0.487418407321983,64,64,32,16,0.12492257798031431,0.16882192523889017,1.506067738197397
s7204_r2_n000_a375,confirmatory,7204,2,0.0,0.375,joint_forward_feedback,balanced_contiguous_k8,balanced_contiguous,balanced,8,1.0487418407321982,1.0,0.487418407321983,64,64,64,16,0.047447289145660446,0.1313466364042363,1.6058451581696975
s7204_r2_n000_a375,confirmatory,7204,2,0.0,0.375,joint_forward_feedback,balanced_interleaved_k1,balanced_interleaved,balanced,1,0.19088469787505546,0.125,0.6588469787505544,64,64,8,16,0.352896973508611,0.3681677493386154,1.001729802051476
s7204_r2_n000_a375,confirmatory,7204,2,0.0,0.375,joint_forward_feedback,balanced_interleaved_k2,balanced_interleaved,balanced,2,0.31588469787505546,0.25,0.6588469787505544,64,64,16,16,0.16962100478149578,0.19489178061150023,1.4220240953094494
s7204_r2_n000_a375,confirmatory,7204,2,0.0,0.375,joint_forward_feedback,balanced_interleaved_k4,balanced_interleaved,balanced,4,0.5658846978750555,0.5,0.6588469787505544,64,64,32,16,0.04148769374211953,0.08675846957212396,1.589313135598228
s7204_r2_n000_a375,confirmatory,7204,2,0.0,0.375,joint_forward_feedback,balanced_interleaved_k8,balanced_interleaved,balanced,8,1.0658846978750554,1.0,0.6588469787505544,64,64,64,16,0.016210938027763196,0.10148171385776764,1.5720818067086588
s7204_r2_n000_a375,confirmatory,7204,2,0.0,0.375,joint_forward_feedback,balanced_permutation_a_k1,balanced_permutation_a,balanced,1,0.18899250811836066,0.125,0.6399250811836067,64,64,8,16,0.3482330899528456,0.36335249060231445,1.0152653702041066
s7204_r2_n000_a375,confirmatory,7204,2,0.0,0.375,joint_forward_feedback,balanced_permutation_a_k2,balanced_permutation_a,balanced,2,0.31399250811836066,0.25,0.6399250811836067,64,64,16,16,0.321283865431374,0.3464032660808428,1.0916188297528495
s7204_r2_n000_a375,confirmatory,7204,2,0.0,0.375,joint_forward_feedback,balanced_permutation_a_k4,balanced_permutation_a,balanced,4,0.5639925081183607,0.5,0.6399250811836067,64,64,32,16,0.13614963314685063,0.18126903379631948,1.4727228807170465
s7204_r2_n000_a375,confirmatory,7204,2,0.0,0.375,joint_forward_feedback,balanced_permutation_a_k8,balanced_permutation_a,balanced,8,1.0639925081183608,1.0,0.6399250811836067,64,64,64,16,0.03241896198660667,0.11753836263607553,1.5886363075124308
s7204_r2_n000_a375,confirmatory,7204,2,0.0,0.375,joint_forward_feedback,balanced_permutation_b_k1,balanced_permutation_b,balanced,1,0.18840039778945986,0.125,0.6340039778945984,64,64,8,16,0.3545671377528671,0.3696391695760239,0.9965043224081181
s7204_r2_n000_a375,confirmatory,7204,2,0.0,0.375,joint_forward_feedback,balanced_permutation_b_k2,balanced_permutation_b,balanced,2,0.31340039778945983,0.25,0.6340039778945984,64,64,16,16,0.2674736393280157,0.29254567115117247,1.215337775505663
s7204_r2_n000_a375,confirmatory,7204,2,0.0,0.375,joint_forward_feedback,balanced_permutation_b_k4,balanced_permutation_b,balanced,4,0.5634003977894598,0.5,0.6340039778945984,64,64,32,16,0.2513786939457445,0.2964507257689013,1.2399134673725618
s7204_r2_n000_a375,confirmatory,7204,2,0.0,0.375,joint_forward_feedback,balanced_permutation_b_k8,balanced_permutation_b,balanced,8,1.06340039778946,1.0,0.6340039778945984,64,64,64,16,0.029395739318660456,0.11446777114181725,1.5969257838781552
s7204_r2_n000_a375,confirmatory,7204,2,0.0,0.375,joint_forward_feedback,comb_contiguous_k1,comb_contiguous,comb,1,0.225,0.125,1.0,64,64,8,16,0.35702226840044093,0.37502226840044095,0.9889977831188479
s7204_r2_n000_a375,confirmatory,7204,2,0.0,0.375,joint_forward_feedback,comb_contiguous_k2,comb_contiguous,comb,2,0.35,0.25,1.0,64,64,16,16,0.3041256362515144,0.33212563625151437,1.131414319410339
s7204_r2_n000_a375,confirmatory,7204,2,0.0,0.375,joint_forward_feedback,comb_contiguous_k4,comb_contiguous,comb,4,0.6,0.5,1.0,64,64,32,16,0.1685554054425734,0.2165554054425734,1.4345870363940412
s7204_r2_n000_a375,confirmatory,7204,2,0.0,0.375,joint_forward_feedback,comb_contiguous_k8,comb_contiguous,comb,8,1.1,1.0,1.0,64,64,64,16,0.014663762155969925,0.10266376215596994,1.5508641783674035
s7204_r2_n000_a375,confirmatory,7204,2,0.0,0.375,joint_forward_feedback,balanced_contiguous_k1,balanced_contiguous,balanced,1,0.1737418407321983,0.125,0.487418407321983,64,64,8,64,0.272814426403339,0.2867137736619149,2.127825989977061
s7204_r2_n000_a375,confirmatory,7204,2,0.0,0.375,joint_forward_feedback,balanced_contiguous_k2,balanced_contiguous,balanced,2,0.2987418407321983,0.25,0.487418407321983,64,64,16,64,0.021536234106061,0.045435581364636865,3.0420459723718642
s7204_r2_n000_a375,confirmatory,7204,2,0.0,0.375,joint_forward_feedback,balanced_contiguous_k4,balanced_contiguous,balanced,4,0.5487418407321983,0.5,0.487418407321983,64,64,32,64,0.006630999993656066,0.05053034725223193,2.6631478659035537
s7204_r2_n000_a375,confirmatory,7204,2,0.0,0.375,joint_forward_feedback,balanced_contiguous_k8,balanced_contiguous,balanced,8,1.0487418407321982,1.0,0.487418407321983,64,64,64,64,8.728238750919348e-05,0.08398662964608505,2.2304985933500188
s7204_r2_n000_a375,confirmatory,7204,2,0.0,0.375,joint_forward_feedback,balanced_interleaved_k1,balanced_interleaved,balanced,1,0.19088469787505546,0.125,0.6588469787505544,64,64,8,64,0.26849875522353006,0.2837695310535345,2.0782207430301494
s7204_r2_n000_a375,confirmatory,7204,2,0.0,0.375,joint_forward_feedback,balanced_interleaved_k2,balanced_interleaved,balanced,2,0.31588469787505546,0.25,0.6588469787505544,64,64,16,64,0.024977812359591574,0.050248588189596016,2.726094236261827
s7204_r2_n000_a375,confirmatory,7204,2,0.0,0.375,joint_forward_feedback,balanced_interleaved_k4,balanced_interleaved,balanced,4,0.5658846978750555,0.5,0.6588469787505544,64,64,32,64,0.00010483236122376774,0.045375608191228205,2.1460004456893604
s7204_r2_n000_a375,confirmatory,7204,2,0.0,0.375,joint_forward_feedback,balanced_interleaved_k8,balanced_interleaved,balanced,8,1.0658846978750554,1.0,0.6588469787505544,64,64,64,64,1.619761550507948e-06,0.08527239559155494,1.8644777257390024
s7204_r2_n000_a375,confirmatory,7204,2,0.0,0.375,joint_forward_feedback,balanced_permutation_a_k1,balanced_permutation_a,balanced,1,0.18899250811836066,0.125,0.6399250811836067,64,64,8,64,0.2672531098555838,0.2823725105050527,2.0539162860400992
s7204_r2_n000_a375,confirmatory,7204,2,0.0,0.375,joint_forward_feedback,balanced_permutation_a_k2,balanced_permutation_a,balanced,2,0.31399250811836066,0.25,0.6399250811836067,64,64,16,64,0.2404281916830497,0.26554759233251857,2.0773792986509725
s7204_r2_n000_a375,confirmatory,7204,2,0.0,0.375,joint_forward_feedback,balanced_permutation_a_k4,balanced_permutation_a,balanced,4,0.5639925081183607,0.5,0.6399250811836067,64,64,32,64,0.009297850887340585,0.05441725153680944,2.722256258895441
s7204_r2_n000_a375,confirmatory,7204,2,0.0,0.375,joint_forward_feedback,balanced_permutation_a_k8,balanced_permutation_a,balanced,8,1.0639925081183608,1.0,0.6399250811836067,64,64,64,64,3.792792408095838e-05,0.08515732857354982,2.070271169616073
s7204_r2_n000_a375,confirmatory,7204,2,0.0,0.375,joint_forward_feedback,balanced_permutation_b_k1,balanced_permutation_b,balanced,1,0.18840039778945986,0.125,0.6340039778945984,64,64,8,64,0.2688801863986343,0.2839522182217911,2.085119994440541
s7204_r2_n000_a375,confirmatory,7204,2,0.0,0.375,joint_forward_feedback,balanced_permutation_b_k2,balanced_permutation_b,balanced,2,0.31340039778945983,0.25,0.6340039778945984,64,64,16,64,0.13876889246317214,0.16384092428632893,2.4452681279612163
s7204_r2_n000_a375,confirmatory,7204,2,0.0,0.375,joint_forward_feedback,balanced_permutation_b_k4,balanced_permutation_b,balanced,4,0.5634003977894598,0.5,0.6340039778945984,64,64,32,64,0.13250894851524786,0.17758098033840464,2.3682051583467767
s7204_r2_n000_a375,confirmatory,7204,2,0.0,0.375,joint_forward_feedback,balanced_permutation_b_k8,balanced_permutation_b,balanced,8,1.06340039778946,1.0,0.6340039778945984,64,64,64,64,1.9759434978597695e-05,0.0850917912581354,2.039386559729114
s7204_r2_n000_a375,confirmatory,7204,2,0.0,0.375,joint_forward_feedback,comb_contiguous_k1,comb_contiguous,comb,1,0.225,0.125,1.0,64,64,8,64,0.26946729757992893,0.28746729757992895,2.100683737214405
s7204_r2_n000_a375,confirmatory,7204,2,0.0,0.375,joint_forward_feedback,comb_contiguous_k2,comb_contiguous,comb,2,0.35,0.25,1.0,64,64,16,64,0.26308057121406436,0.2910805712140644,1.7740664397450363
s7204_r2_n000_a375,confirmatory,7204,2,0.0,0.375,joint_forward_feedback,comb_contiguous_k4,comb_contiguous,comb,4,0.6,0.5,1.0,64,64,32,64,0.017498386418096538,0.06549838641809654,2.8006557101477774
s7204_r2_n000_a375,confirmatory,7204,2,0.0,0.375,joint_forward_feedback,comb_contiguous_k8,comb_contiguous,comb,8,1.1,1.0,1.0,64,64,64,64,2.167932651511667e-06,0.08800216793265152,1.8144411795226782
s7204_r2_n000_a375,confirmatory,7204,2,0.0,0.375,joint_forward_feedback,balanced_contiguous_k1,balanced_contiguous,balanced,1,0.1737418407321983,0.125,0.487418407321983,64,64,8,256,0.25784393649253456,0.27174328375111045,2.7661829579740007
s7204_r2_n000_a375,confirmatory,7204,2,0.0,0.375,joint_forward_feedback,balanced_contiguous_k2,balanced_contiguous,balanced,2,0.2987418407321983,0.25,0.487418407321983,64,64,16,256,1.9031153613170692e-06,0.023901250373937182,3.797681561370932
s7204_r2_n000_a375,confirmatory,7204,2,0.0,0.375,joint_forward_feedback,balanced_contiguous_k4,balanced_contiguous,balanced,4,0.5487418407321983,0.5,0.487418407321983,64,64,32,256,2.0325360855554698e-07,0.04389955051218442,3.0009872967721174
s7204_r2_n000_a375,confirmatory,7204,2,0.0,0.375,joint_forward_feedback,balanced_contiguous_k8,balanced_contiguous,balanced,8,1.0487418407321982,1.0,0.487418407321983,64,64,64,256,1.6614869855385285e-14,0.08389934725859247,2.255333148560784
s7204_r2_n000_a375,confirmatory,7204,2,0.0,0.375,joint_forward_feedback,balanced_interleaved_k1,balanced_interleaved,balanced,1,0.19088469787505546,0.125,0.6588469787505544,64,64,8,256,0.2578062681715743,0.27307704400157873,2.5417408007992943
s7204_r2_n000_a375,confirmatory,7204,2,0.0,0.375,joint_forward_feedback,balanced_interleaved_k2,balanced_interleaved,balanced,2,0.31588469787505546,0.25,0.6588469787505544,64,64,16,256,1.5152817034066106e-05,0.025285928647038505,3.5038021240233457
s7204_r2_n000_a375,confirmatory,7204,2,0.0,0.375,joint_forward_feedback,balanced_interleaved_k4,balanced_interleaved,balanced,4,0.5658846978750555,0.5,0.6588469787505544,64,64,32,256,4.0508680493805e-14,0.04527077583004495,2.1727099686484923
s7204_r2_n000_a375,confirmatory,7204,2,0.0,0.375,joint_forward_feedback,balanced_interleaved_k8,balanced_interleaved,balanced,8,1.0658846978750554,1.0,0.6588469787505544,64,64,64,256,2.1139942737895254e-21,0.08527077583000443,1.8666680826023472
s7204_r2_n000_a375,confirmatory,7204,2,0.0,0.375,joint_forward_feedback,balanced_permutation_a_k1,balanced_permutation_a,balanced,1,0.18899250811836066,0.125,0.6399250811836067,64,64,8,256,0.25748543064331986,0.27260483129278873,2.48536074720356
s7204_r2_n000_a375,confirmatory,7204,2,0.0,0.375,joint_forward_feedback,balanced_permutation_a_k2,balanced_permutation_a,balanced,2,0.31399250811836066,0.25,0.6399250811836067,64,64,16,256,0.1772625429444254,0.20238194359389425,3.4921522493816886
s7204_r2_n000_a375,confirmatory,7204,2,0.0,0.375,joint_forward_feedback,balanced_permutation_a_k4,balanced_permutation_a,balanced,4,0.5639925081183607,0.5,0.6399250811836067,64,64,32,256,7.449948634031796e-07,0.045120145644332255,3.1522430959188754
s7204_r2_n000_a375,confirmatory,7204,2,0.0,0.375,joint_forward_feedback,balanced_permutation_a_k8,balanced_permutation_a,balanced,8,1.0639925081183608,1.0,0.6399250811836067,64,64,64,256,3.955193611000655e-15,0.08511940064947282,2.0846698092801637
s7204_r2_n000_a375,confirmatory,7204,2,0.0,0.375,joint_forward_feedback,balanced_permutation_b_k1,balanced_permutation_b,balanced,1,0.18840039778945986,0.125,0.6340039778945984,64,64,8,256,0.2578289406850818,0.2729009725082386,2.5644194113524765
s7204_r2_n000_a375,confirmatory,7204,2,0.0,0.375,joint_forward_feedback,balanced_permutation_b_k2,balanced_permutation_b,balanced,2,0.31340039778945983,0.25,0.6340039778945984,64,64,16,256,0.017856837828481756,0.04292886965163854,4.783306471153503
s7204_r2_n000_a375,confirmatory,7204,2,0.0,0.375,joint_forward_feedback,balanced_permutation_b_k4,balanced_permutation_b,balanced,4,0.5634003977894598,0.5,0.6340039778945984,64,64,32,256,0.014834948354923792,0.05990698017808058,4.7041863045374805
s7204_r2_n000_a375,confirmatory,7204,2,0.0,0.375,joint_forward_feedback,balanced_permutation_b_k8,balanced_permutation_b,balanced,8,1.06340039778946,1.0,0.6340039778945984,64,64,64,256,4.657280752828044e-17,0.08507203182315684,2.0489335232249597
s7204_r2_n000_a375,confirmatory,7204,2,0.0,0.375,joint_forward_feedback,comb_contiguous_k1,comb_contiguous,comb,1,0.225,0.125,1.0,64,64,8,256,0.25806934308216894,0.27606934308216896,2.590617892530939
s7204_r2_n000_a375,confirmatory,7204,2,0.0,0.375,joint_forward_feedback,comb_contiguous_k2,comb_contiguous,comb,2,0.35,0.25,1.0,64,64,16,256,0.2526980909566472,0.2806980909566472,2.024709739202709
s7204_r2_n000_a375,confirmatory,7204,2,0.0,0.375,joint_forward_feedback,comb_contiguous_k4,comb_contiguous,comb,4,0.6,0.5,1.0,64,64,32,256,4.949317835154923e-06,0.04800494931783516,3.4241209212445223
s7204_r2_n000_a375,confirmatory,7204,2,0.0,0.375,joint_forward_feedback,comb_contiguous_k8,comb_contiguous,comb,8,1.1,1.0,1.0,64,64,64,256,1.2511923656400472e-20,0.08800000000000001,1.8165730660894617
s7204_r2_n750_a125,confirmatory,7204,2,0.75,0.125,feedback_only,balanced_contiguous_k1,balanced_contiguous,balanced,1,0.1737418407321983,0.125,0.487418407321983,64,64,8,16,0.5335243869453186,0.5474237342038945,1.064497231308372
s7204_r2_n750_a125,confirmatory,7204,2,0.75,0.125,feedback_only,balanced_contiguous_k2,balanced_contiguous,balanced,2,0.2987418407321983,0.25,0.487418407321983,64,64,16,16,0.29813190971292786,0.3220312569715037,1.3972370705175352
s7204_r2_n750_a125,confirmatory,7204,2,0.75,0.125,feedback_only,balanced_contiguous_k4,balanced_contiguous,balanced,4,0.5487418407321983,0.5,0.487418407321983,64,64,32,16,0.2979406703033216,0.34184001756189747,1.3739011685938456
s7204_r2_n750_a125,confirmatory,7204,2,0.75,0.125,feedback_only,balanced_contiguous_k8,balanced_contiguous,balanced,8,1.0487418407321982,1.0,0.487418407321983,64,64,64,16,0.2982942027735646,0.38219355003214045,1.3313024864080072
s7204_r2_n750_a125,confirmatory,7204,2,0.75,0.125,feedback_only,balanced_interleaved_k1,balanced_interleaved,balanced,1,0.19088469787505546,0.125,0.6588469787505544,64,64,8,16,0.5335243869453186,0.548795162775323,1.064497231308372
s7204_r2_n750_a125,confirmatory,7204,2,0.75,0.125,feedback_only,balanced_interleaved_k2,balanced_interleaved,balanced,2,0.31588469787505546,0.25,0.6588469787505544,64,64,16,16,0.44302354784521636,0.4682943236752208,1.2877474060875325
s7204_r2_n750_a125,confirmatory,7204,2,0.75,0.125,feedback_only,balanced_interleaved_k4,balanced_interleaved,balanced,4,0.5658846978750555,0.5,0.6588469787505544,64,64,32,16,0.4233257800309945,0.46859655586099896,1.301103039176036
s7204_r2_n750_a125,confirmatory,7204,2,0.75,0.125,feedback_only,balanced_interleaved_k8,balanced_interleaved,balanced,8,1.0658846978750554,1.0,0.6588469787505544,64,64,64,16,0.2982942027735646,0.38356497860356903,1.3313024864080072
s7204_r2_n750_a125,confirmatory,7204,2,0.75,0.125,feedback_only,balanced_permutation_a_k1,balanced_permutation_a,balanced,1,0.18899250811836066,0.125,0.6399250811836067,64,64,8,16,0.5335243869453186,0.5486437875947874,1.064497231308372
s7204_r2_n750_a125,confirmatory,7204,2,0.75,0.125,feedback_only,balanced_permutation_a_k2,balanced_permutation_a,balanced,2,0.31399250811836066,0.25,0.6399250811836067,64,64,16,16,0.533474178790748,0.5585935794402168,1.0598117906996685
s7204_r2_n750_a125,confirmatory,7204,2,0.75,0.125,feedback_only,balanced_permutation_a_k4,balanced_permutation_a,balanced,4,0.5639925081183607,0.5,0.6399250811836067,64,64,32,16,0.48821681468192607,0.533336215331395,1.1535659427299096
s7204_r2_n750_a125,confirmatory,7204,2,0.75,0.125,feedback_only,balanced_permutation_a_k8,balanced_permutation_a,balanced,8,1.0639925081183608,1.0,0.6399250811836067,64,64,64,16,0.2982942027735646,0.3834136034230335,1.3313024864080072
s7204_r2_n750_a125,confirmatory,7204,2,0.75,0.125,feedback_only,balanced_permutation_b_k1,balanced_permutation_b,balanced,1,0.18840039778945986,0.125,0.6340039778945984,64,64,8,16,0.5335243869453186,0.5485964187684753,1.064497231308372
s7204_r2_n750_a125,confirmatory,7204,2,0.75,0.125,feedback_only,balanced_permutation_b_k2,balanced_permutation_b,balanced,2,0.31340039778945983,0.25,0.6340039778945984,64,64,16,16,0.48353058962953605,0.5086026214526929,1.1946931426498033
s7204_r2_n750_a125,confirmatory,7204,2,0.75,0.125,feedback_only,balanced_permutation_b_k4,balanced_permutation_b,balanced,4,0.5634003977894598,0.5,0.6340039778945984,64,64,32,16,0.47034480286082403,0.5154168346839808,1.2246879056548012
s7204_r2_n750_a125,confirmatory,7204,2,0.75,0.125,feedback_only,balanced_permutation_b_k8,balanced_permutation_b,balanced,8,1.06340039778946,1.0,0.6340039778945984,64,64,64,16,0.2982942027735646,0.3833662345967214,1.3313024864080072
s7204_r2_n750_a125,confirmatory,7204,2,0.75,0.125,feedback_only,comb_contiguous_k1,comb_contiguous,comb,1,0.225,0.125,1.0,64,64,8,16,0.5335243869453186,0.5515243869453186,1.064497231308372
s7204_r2_n750_a125,confirmatory,7204,2,0.75,0.125,feedback_only,comb_contiguous_k2,comb_contiguous,comb,2,0.35,0.25,1.0,64,64,16,16,0.49398485795814273,0.5219848579581428,1.1616755976625104
s7204_r2_n750_a125,confirmatory,7204,2,0.75,0.125,feedback_only,comb_contiguous_k4,comb_contiguous,comb,4,0.6,0.5,1.0,64,64,32,16,0.32820524590083844,0.3762052459008384,1.485745107262245
s7204_r2_n750_a125,confirmatory,7204,2,0.75,0.125,feedback_only,comb_contiguous_k8,comb_contiguous,comb,8,1.1,1.0,1.0,64,64,64,16,0.2982942027735646,0.38629420277356463,1.3313024864080072
s7204_r2_n750_a125,confirmatory,7204,2,0.75,0.125,feedback_only,balanced_contiguous_k1,balanced_contiguous,balanced,1,0.1737418407321983,0.125,0.487418407321983,64,64,8,64,0.5343095101686713,0.5482088574272472,1.1422915986819444
s7204_r2_n750_a125,confirmatory,7204,2,0.75,0.125,feedback_only,balanced_contiguous_k2,balanced_contiguous,balanced,2,0.2987418407321983,0.25,0.487418407321983,64,64,16,64,0.2968941818273953,0.32079352908597114,1.5874073683422707
s7204_r2_n750_a125,confirmatory,7204,2,0.75,0.125,feedback_only,balanced_contiguous_k4,balanced_contiguous,balanced,4,0.5487418407321983,0.5,0.487418407321983,64,64,32,64,0.2978558914680799,0.34175523872665575,1.5499612807649892
s7204_r2_n750_a125,confirmatory,7204,2,0.75,0.125,feedback_only,balanced_contiguous_k8,balanced_contiguous,balanced,8,1.0487418407321982,1.0,0.487418407321983,64,64,64,64,0.2988652737677731,0.38276462102634895,1.49088788730249
s7204_r2_n750_a125,confirmatory,7204,2,0.75,0.125,feedback_only,balanced_interleaved_k1,balanced_interleaved,balanced,1,0.19088469787505546,0.125,0.6588469787505544,64,64,8,64,0.5343095101686713,0.5495802859986758,1.1422915986819444
s7204_r2_n750_a125,confirmatory,7204,2,0.75,0.125,feedback_only,balanced_interleaved_k2,balanced_interleaved,balanced,2,0.31588469787505546,0.25,0.6588469787505544,64,64,16,64,0.3190177437775403,0.3442885196075447,2.5378636363894036
s7204_r2_n750_a125,confirmatory,7204,2,0.75,0.125,feedback_only,balanced_interleaved_k4,balanced_interleaved,balanced,4,0.5658846978750555,0.5,0.6588469787505544,64,64,32,64,0.3045683535875529,0.34983912941755735,2.5378828406677547
s7204_r2_n750_a125,confirmatory,7204,2,0.75,0.125,feedback_only,balanced_interleaved_k8,balanced_interleaved,balanced,8,1.0658846978750554,1.0,0.6588469787505544,64,64,64,64,0.2988652737677731,0.38413604959777753,1.49088788730249
s7204_r2_n750_a125,confirmatory,7204,2,0.75,0.125,feedback_only,balanced_permutation_a_k1,balanced_permutation_a,balanced,1,0.18899250811836066,0.125,0.6399250811836067,64,64,8,64,0.5343095101686713,0.5494289108181402,1.1422915986819444
s7204_r2_n750_a125,confirmatory,7204,2,0.75,0.125,feedback_only,balanced_permutation_a_k2,balanced_permutation_a,balanced,2,0.31399250811836066,0.25,0.6399250811836067,64,64,16,64,0.5339611561835274,0.5590805568329962,1.1390985976035337
s7204_r2_n750_a125,confirmatory,7204,2,0.75,0.125,feedback_only,balanced_permutation_a_k4,balanced_permutation_a,balanced,4,0.5639925081183607,0.5,0.6399250811836067,64,64,32,64,0.3895837790632631,0.4347031797127319,2.1988492883148405
s7204_r2_n750_a125,confirmatory,7204,2,0.75,0.125,feedback_only,balanced_permutation_a_k8,balanced_permutation_a,balanced,8,1.0639925081183608,1.0,0.6399250811836067,64,64,64,64,0.2988652737677731,0.383984674417242,1.49088788730249
s7204_r2_n750_a125,confirmatory,7204,2,0.75,0.125,feedback_only,balanced_permutation_b_k1,balanced_permutation_b,balanced,1,0.18840039778945986,0.125,0.6340039778945984,64,64,8,64,0.5343095101686713,0.5493815419918281,1.1422915986819444
s7204_r2_n750_a125,confirmatory,7204,2,0.75,0.125,feedback_only,balanced_permutation_b_k2,balanced_permutation_b,balanced,2,0.31340039778945983,0.25,0.6340039778945984,64,64,16,64,0.37786916204400267,0.40294119386715943,2.280578643702296
s7204_r2_n750_a125,confirmatory,7204,2,0.75,0.125,feedback_only,balanced_permutation_b_k4,balanced_permutation_b,balanced,4,0.5634003977894598,0.5,0.6340039778945984,64,64,32,64,0.35343923879028083,0.3985112706134376,2.3990181457664654
s7204_r2_n750_a125,confirmatory,7204,2,0.75,0.125,feedback_only,balanced_permutation_b_k8,balanced_permutation_b,balanced,8,1.06340039778946,1.0,0.6340039778945984,64,64,64,64,0.2988652737677731,0.3839373055909299,1.49088788730249
s7204_r2_n750_a125,confirmatory,7204,2,0.75,0.125,feedback_only,comb_contiguous_k1,comb_contiguous,comb,1,0.225,0.125,1.0,64,64,8,64,0.5343095101686713,0.5523095101686714,1.1422915986819444
s7204_r2_n750_a125,confirmatory,7204,2,0.75,0.125,feedback_only,comb_contiguous_k2,comb_contiguous,comb,2,0.35,0.25,1.0,64,64,16,64,0.40259594645781754,0.4305959464578175,2.1418073761980088
s7204_r2_n750_a125,confirmatory,7204,2,0.75,0.125,feedback_only,comb_contiguous_k4,comb_contiguous,comb,4,0.6,0.5,1.0,64,64,32,64,0.29057469768690614,0.3385746976869061,2.098455093636923
s7204_r2_n750_a125,confirmatory,7204,2,0.75,0.125,feedback_only,comb_contiguous_k8,comb_contiguous,comb,8,1.1,1.0,1.0,64,64,64,64,0.2988652737677731,0.38686527376777313,1.49088788730249
s7204_r2_n750_a125,confirmatory,7204,2,0.75,0.125,feedback_only,balanced_contiguous_k1,balanced_contiguous,balanced,1,0.1737418407321983,0.125,0.487418407321983,64,64,8,256,0.5472649019281093,0.5611642491866852,1.1343906063667024
s7204_r2_n750_a125,confirmatory,7204,2,0.75,0.125,feedback_only,balanced_contiguous_k2,balanced_contiguous,balanced,2,0.2987418407321983,0.25,0.487418407321983,64,64,16,256,0.3056908705362819,0.32959021779485775,1.5946740400452444
s7204_r2_n750_a125,confirmatory,7204,2,0.75,0.125,feedback_only,balanced_contiguous_k4,balanced_contiguous,balanced,4,0.5487418407321983,0.5,0.487418407321983,64,64,32,256,0.3059788768645336,0.3498782241231095,1.5481339860288674
s7204_r2_n750_a125,confirmatory,7204,2,0.75,0.125,feedback_only,balanced_contiguous_k8,balanced_contiguous,balanced,8,1.0487418407321982,1.0,0.487418407321983,64,64,64,256,0.3066879252114646,0.39058727247004044,1.4886635643931658
s7204_r2_n750_a125,confirmatory,7204,2,0.75,0.125,feedback_only,balanced_interleaved_k1,balanced_interleaved,balanced,1,0.19088469787505546,0.125,0.6588469787505544,64,64,8,256,0.5472649019281093,0.5625356777581138,1.1343906063667024
s7204_r2_n750_a125,confirmatory,7204,2,0.75,0.125,feedback_only,balanced_interleaved_k2,balanced_interleaved,balanced,2,0.31588469787505546,0.25,0.6588469787505544,64,64,16,256,0.29838111191720607,0.3236518877472105,3.7491843840245602
s7204_r2_n750_a125,confirmatory,7204,2,0.75,0.125,feedback_only,balanced_interleaved_k4,balanced_interleaved,balanced,4,0.5658846978750555,0.5,0.6588469787505544,64,64,32,256,0.29958095791943096,0.3448517337494354,3.363734116462241
s7204_r2_n750_a125,confirmatory,7204,2,0.75,0.125,feedback_only,balanced_interleaved_k8,balanced_interleaved,balanced,8,1.0658846978750554,1.0,0.6588469787505544,64,64,64,256,0.3066879252114646,0.391958701041469,1.4886635643931658
s7204_r2_n750_a125,confirmatory,7204,2,0.75,0.125,feedback_only,balanced_permutation_a_k1,balanced_permutation_a,balanced,1,0.18899250811836066,0.125,0.6399250811836067,64,64,8,256,0.5472649019281093,0.5623843025775781,1.1343906063667024
s7204_r2_n750_a125,confirmatory,7204,2,0.75,0.125,feedback_only,balanced_permutation_a_k2,balanced_permutation_a,balanced,2,0.31399250811836066,0.25,0.6399250811836067,64,64,16,256,0.5456618215933765,0.5707812222428453,1.2001222040815318
s7204_r2_n750_a125,confirmatory,7204,2,0.75,0.125,feedback_only,balanced_permutation_a_k4,balanced_permutation_a,balanced,4,0.5639925081183607,0.5,0.6399250811836067,64,64,32,256,0.3050181698580081,0.35013757050747696,4.583440083182663
s7204_r2_n750_a125,confirmatory,7204,2,0.75,0.125,feedback_only,balanced_permutation_a_k8,balanced_permutation_a,balanced,8,1.0639925081183608,1.0,0.6399250811836067,64,64,64,256,0.3066879252114646,0.3918073258609335,1.4886635643931658
s7204_r2_n750_a125,confirmatory,7204,2,0.75,0.125,feedback_only,balanced_permutation_b_k1,balanced_permutation_b,balanced,1,0.18840039778945986,0.125,0.6340039778945984,64,64,8,256,0.5472649019281093,0.562336933751266,1.1343906063667024
s7204_r2_n750_a125,confirmatory,7204,2,0.75,0.125,feedback_only,balanced_permutation_b_k2,balanced_permutation_b,balanced,2,0.31340039778945983,0.25,0.6340039778945984,64,64,16,256,0.30253275969231797,0.3276047915154747,4.489745139272019
s7204_r2_n750_a125,confirmatory,7204,2,0.75,0.125,feedback_only,balanced_permutation_b_k4,balanced_permutation_b,balanced,4,0.5634003977894598,0.5,0.6340039778945984,64,64,32,256,0.29934594600338876,0.34441797782654554,4.25109666156573
s7204_r2_n750_a125,confirmatory,7204,2,0.75,0.125,feedback_only,balanced_permutation_b_k8,balanced_permutation_b,balanced,8,1.06340039778946,1.0,0.6340039778945984,64,64,64,256,0.3066879252114646,0.3917599570346214,1.4886635643931658
s7204_r2_n750_a125,confirmatory,7204,2,0.75,0.125,feedback_only,comb_contiguous_k1,comb_contiguous,comb,1,0.225,0.125,1.0,64,64,8,256,0.5472649019281093,0.5652649019281093,1.1343906063667024
s7204_r2_n750_a125,confirmatory,7204,2,0.75,0.125,feedback_only,comb_contiguous_k2,comb_contiguous,comb,2,0.35,0.25,1.0,64,64,16,256,0.3099232456146511,0.33792324561465115,4.629313918456361
s7204_r2_n750_a125,confirmatory,7204,2,0.75,0.125,feedback_only,comb_contiguous_k4,comb_contiguous,comb,4,0.6,0.5,1.0,64,64,32,256,0.3027181921585547,0.3507181921585547,2.17162575575055
s7204_r2_n750_a125,confirmatory,7204,2,0.75,0.125,feedback_only,comb_contiguous_k8,comb_contiguous,comb,8,1.1,1.0,1.0,64,64,64,256,0.3066879252114646,0.3946879252114646,1.4886635643931658
s7204_r2_n750_a125,confirmatory,7204,2,0.75,0.125,joint_forward_feedback,balanced_contiguous_k1,balanced_contiguous,balanced,1,0.1737418407321983,0.125,0.487418407321983,64,64,8,16,0.5419686237384345,0.5558679709970104,1.1927010686887336
s7204_r2_n750_a125,confirmatory,7204,2,0.75,0.125,joint_forward_feedback,balanced_contiguous_k2,balanced_contiguous,balanced,2,0.2987418407321983,0.25,0.487418407321983,64,64,16,16,0.3193112889697861,0.34321063622836195,1.5942016656700075
s7204_r2_n750_a125,confirmatory,7204,2,0.75,0.125,joint_forward_feedback,balanced_contiguous_k4,balanced_contiguous,balanced,4,0.5487418407321983,0.5,0.487418407321983,64,64,32,16,0.31603581736639114,0.359935164624967,1.587917762880575
s7204_r2_n750_a125,confirmatory,7204,2,0.75,0.125,joint_forward_feedback,balanced_contiguous_k8,balanced_contiguous,balanced,8,1.0487418407321982,1.0,0.487418407321983,64,64,64,16,0.313080556342346,0.39697990360092184,1.581460328372689
s7204_r2_n750_a125,confirmatory,7204,2,0.75,0.125,joint_forward_feedback,balanced_interleaved_k1,balanced_interleaved,balanced,1,0.19088469787505546,0.125,0.6588469787505544,64,64,8,16,0.5373080941527948,0.5525788699827993,1.1765940974326883
s7204_r2_n750_a125,confirmatory,7204,2,0.75,0.125,joint_forward_feedback,balanced_interleaved_k2,balanced_interleaved,balanced,2,0.31588469787505546,0.25,0.6588469787505544,64,64,16,16,0.4765612001326729,0.5018319759626774,1.3196471679907986
s7204_r2_n750_a125,confirmatory,7204,2,0.75,0.125,joint_forward_feedback,balanced_interleaved_k4,balanced_interleaved,balanced,4,0.5658846978750555,0.5,0.6588469787505544,64,64,32,16,0.4599105903091353,0.5051813661391398,1.3372973815874762
s7204_r2_n750_a125,confirmatory,7204,2,0.75,0.125,joint_forward_feedback,balanced_interleaved_k8,balanced_interleaved,balanced,8,1.0658846978750554,1.0,0.6588469787505544,64,64,64,16,0.3091344410888998,0.39440521691890423,1.5582131364089435
s7204_r2_n750_a125,confirmatory,7204,2,0.75,0.125,joint_forward_feedback,balanced_permutation_a_k1,balanced_permutation_a,balanced,1,0.18899250811836066,0.125,0.6399250811836067,64,64,8,16,0.5368593117687561,0.5519787124182249,1.1736137462080267
s7204_r2_n750_a125,confirmatory,7204,2,0.75,0.125,joint_forward_feedback,balanced_permutation_a_k2,balanced_permutation_a,balanced,2,0.31399250811836066,0.25,0.6399250811836067,64,64,16,16,0.5362462402872805,0.5613656409367493,1.172185844228821
s7204_r2_n750_a125,confirmatory,7204,2,0.75,0.125,joint_forward_feedback,balanced_permutation_a_k4,balanced_permutation_a,balanced,4,0.5639925081183607,0.5,0.6399250811836067,64,64,32,16,0.5092088525835531,0.5543282532330219,1.217214221827597
s7204_r2_n750_a125,confirmatory,7204,2,0.75,0.125,joint_forward_feedback,balanced_permutation_a_k8,balanced_permutation_a,balanced,8,1.0639925081183608,1.0,0.6399250811836067,64,64,64,16,0.3174408950871166,0.40256029573658547,1.561215785185491
s7204_r2_n750_a125,confirmatory,7204,2,0.75,0.125,joint_forward_feedback,balanced_permutation_b_k1,balanced_permutation_b,balanced,1,0.18840039778945986,0.125,0.6340039778945984,64,64,8,16,0.537728572610147,0.5528006044333037,1.1791122992074712
s7204_r2_n750_a125,confirmatory,7204,2,0.75,0.125,joint_forward_feedback,balanced_permutation_b_k2,balanced_permutation_b,balanced,2,0.31340039778945983,0.25,0.6340039778945984,64,64,16,16,0.5072194496569593,0.5322914814801161,1.254228307644876
s7204_r2_n750_a125,confirmatory,7204,2,0.75,0.125,joint_forward_feedback,balanced_permutation_b_k4,balanced_permutation_b,balanced,4,0.5634003977894598,0.5,0.6340039778945984,64,64,32,16,0.49962236023103984,0.5446943920541967,1.2711869328616843
s7204_r2_n750_a125,confirmatory,7204,2,0.75,0.125,joint_forward_feedback,balanced_permutation_b_k8,balanced_permutation_b,balanced,8,1.06340039778946,1.0,0.6340039778945984,64,64,64,16,0.3140812006076567,0.3991532324308135,1.5717876162826963
s7204_r2_n750_a125,confirmatory,7204,2,0.75,0.125,joint_forward_feedback,comb_contiguous_k1,comb_contiguous,comb,1,0.225,0.125,1.0,64,64,8,16,0.5374176906365097,0.5554176906365097,1.1734689322247107
s7204_r2_n750_a125,confirmatory,7204,2,0.75,0.125,joint_forward_feedback,comb_contiguous_k2,comb_contiguous,comb,2,0.35,0.25,1.0,64,64,16,16,0.5098491347635511,0.5378491347635511,1.2378639943857306
s7204_r2_n750_a125,confirmatory,7204,2,0.75,0.125,joint_forward_feedback,comb_contiguous_k4,comb_contiguous,comb,4,0.6,0.5,1.0,64,64,32,16,0.3654250720311407,0.4134250720311407,1.5186287252202826
s7204_r2_n750_a125,confirmatory,7204,2,0.75,0.125,joint_forward_feedback,comb_contiguous_k8,comb_contiguous,comb,8,1.1,1.0,1.0,64,64,64,16,0.3022319859329872,0.39023198593298725,1.5200306570941564
s7204_r2_n750_a125,confirmatory,7204,2,0.75,0.125,joint_forward_feedback,balanced_contiguous_k1,balanced_contiguous,balanced,1,0.1737418407321983,0.125,0.487418407321983,64,64,8,64,0.5330159853643158,0.5469153326228917,1.5442432187922714
s7204_r2_n750_a125,confirmatory,7204,2,0.75,0.125,joint_forward_feedback,balanced_contiguous_k2,balanced_contiguous,balanced,2,0.2987418407321983,0.25,0.487418407321983,64,64,16,64,0.2902717852636589,0.3141711325222347,2.1609415483440437
s7204_r2_n750_a125,confirmatory,7204,2,0.75,0.125,joint_forward_feedback,balanced_contiguous_k4,balanced_contiguous,balanced,4,0.5487418407321983,0.5,0.487418407321983,64,64,32,64,0.290739929858898,0.3346392771174739,2.114156370409478
s7204_r2_n750_a125,confirmatory,7204,2,0.75,0.125,joint_forward_feedback,balanced_contiguous_k8,balanced_contiguous,balanced,8,1.0487418407321982,1.0,0.487418407321983,64,64,64,64,0.2910407008948825,0.3749400481534583,2.0678227691617845
s7204_r2_n750_a125,confirmatory,7204,2,0.75,0.125,joint_forward_feedback,balanced_interleaved_k1,balanced_interleaved,balanced,1,0.19088469787505546,0.125,0.6588469787505544,64,64,8,64,0.5331421457375167,0.5484129215675212,1.4256483087390217
s7204_r2_n750_a125,confirmatory,7204,2,0.75,0.125,joint_forward_feedback,balanced_interleaved_k2,balanced_interleaved,balanced,2,0.31588469787505546,0.25,0.6588469787505544,64,64,16,64,0.3566847380365201,0.38195551386652454,2.5306321480540084
s7204_r2_n750_a125,confirmatory,7204,2,0.75,0.125,joint_forward_feedback,balanced_interleaved_k4,balanced_interleaved,balanced,4,0.5658846978750555,0.5,0.6588469787505544,64,64,32,64,0.3345555611929304,0.37982633702293483,2.583810432638973
s7204_r2_n750_a125,confirmatory,7204,2,0.75,0.125,joint_forward_feedback,balanced_interleaved_k8,balanced_interleaved,balanced,8,1.0658846978750554,1.0,0.6588469787505544,64,64,64,64,0.2912409718663411,0.37651174769634554,1.9805848625421534
s7204_r2_n750_a125,confirmatory,7204,2,0.75,0.125,joint_forward_feedback,balanced_permutation_a_k1,balanced_permutation_a,balanced,1,0.18899250811836066,0.125,0.6399250811836067,64,64,8,64,0.5328852218017889,0.5480046224512577,1.416781912225115
s7204_r2_n750_a125,confirmatory,7204,2,0.75,0.125,joint_forward_feedback,balanced_permutation_a_k2,balanced_permutation_a,balanced,2,0.31399250811836066,0.25,0.6399250811836067,64,64,16,64,0.5316033857168385,0.5567227863663073,1.4174038715245436
s7204_r2_n750_a125,confirmatory,7204,2,0.75,0.125,joint_forward_feedback,balanced_permutation_a_k4,balanced_permutation_a,balanced,4,0.5639925081183607,0.5,0.6399250811836067,64,64,32,64,0.4386964778195895,0.4838158784690583,2.0500678821883374
s7204_r2_n750_a125,confirmatory,7204,2,0.75,0.125,joint_forward_feedback,balanced_permutation_a_k8,balanced_permutation_a,balanced,8,1.0639925081183608,1.0,0.6399250811836067,64,64,64,64,0.28943587226182926,0.37455527291129814,2.082050682217924
s7204_r2_n750_a125,confirmatory,7204,2,0.75,0.125,joint_forward_feedback,balanced_permutation_b_k1,balanced_permutation_b,balanced,1,0.18840039778945986,0.125,0.6340039778945984,64,64,8,64,0.533148501655575,0.5482205334787318,1.438224283560784
s7204_r2_n750_a125,confirmatory,7204,2,0.75,0.125,joint_forward_feedback,balanced_permutation_b_k2,balanced_permutation_b,balanced,2,0.31340039778945983,0.25,0.6340039778945984,64,64,16,64,0.4244973615925675,0.4495693934157243,2.1899584072205696
s7204_r2_n750_a125,confirmatory,7204,2,0.75,0.125,joint_forward_feedback,balanced_permutation_b_k4,balanced_permutation_b,balanced,4,0.5634003977894598,0.5,0.6340039778945984,64,64,32,64,0.4045241394542627,0.44959617127741947,2.296218939240835
s7204_r2_n750_a125,confirmatory,7204,2,0.75,0.125,joint_forward_feedback,balanced_permutation_b_k8,balanced_permutation_b,balanced,8,1.06340039778946,1.0,0.6340039778945984,64,64,64,64,0.2902762478178703,0.3753482796410271,2.060462247828778
s7204_r2_n750_a125,confirmatory,7204,2,0.75,0.125,joint_forward_feedback,comb_contiguous_k1,comb_contiguous,comb,1,0.225,0.125,1.0,64,64,8,64,0.5348813028595572,0.5528813028595572,1.3872136062390004
s7204_r2_n750_a125,confirmatory,7204,2,0.75,0.125,joint_forward_feedback,comb_contiguous_k2,comb_contiguous,comb,2,0.35,0.25,1.0,64,64,16,64,0.4353415833656147,0.4633415833656147,2.0971446247382093
s7204_r2_n750_a125,confirmatory,7204,2,0.75,0.125,joint_forward_feedback,comb_contiguous_k4,comb_contiguous,comb,4,0.6,0.5,1.0,64,64,32,64,0.289025994601171,0.337025994601171,2.4794998007563103
s7204_r2_n750_a125,confirmatory,7204,2,0.75,0.125,joint_forward_feedback,comb_contiguous_k8,comb_contiguous,comb,8,1.1,1.0,1.0,64,64,64,64,0.29464309356024443,0.38264309356024445,1.8448640305400967
s7204_r2_n750_a125,confirmatory,7204,2,0.75,0.125,joint_forward_feedback,balanced_contiguous_k1,balanced_contiguous,balanced,1,0.1737418407321983,0.125,0.487418407321983,64,64,8,256,0.5419266768737163,0.5558260241322922,1.564363982779004
s7204_r2_n750_a125,confirmatory,7204,2,0.75,0.125,joint_forward_feedback,balanced_contiguous_k2,balanced_contiguous,balanced,2,0.2987418407321983,0.25,0.487418407321983,64,64,16,256,0.3000812797081441,0.3239806269667199,2.2169471073794127
s7204_r2_n750_a125,confirmatory,7204,2,0.75,0.125,joint_forward_feedback,balanced_contiguous_k4,balanced_contiguous,balanced,4,0.5487418407321983,0.5,0.487418407321983,64,64,32,256,0.300716009550648,0.34461535680922384,2.161150504015738
s7204_r2_n750_a125,confirmatory,7204,2,0.75,0.125,joint_forward_feedback,balanced_contiguous_k8,balanced_contiguous,balanced,8,1.0487418407321982,1.0,0.487418407321983,64,64,64,256,0.30106492762528464,0.3849642748838605,2.1136100916594396
s7204_r2_n750_a125,confirmatory,7204,2,0.75,0.125,joint_forward_feedback,balanced_interleaved_k1,balanced_interleaved,balanced,1,0.19088469787505546,0.125,0.6588469787505544,64,64,8,256,0.5434090613973408,0.5586798372273453,1.4362949755009888
s7204_r2_n750_a125,confirmatory,7204,2,0.75,0.125,joint_forward_feedback,balanced_interleaved_k2,balanced_interleaved,balanced,2,0.31588469787505546,0.25,0.6588469787505544,64,64,16,256,0.2966006061691421,0.3218713819991465,4.416952502506268
s7204_r2_n750_a125,confirmatory,7204,2,0.75,0.125,joint_forward_feedback,balanced_interleaved_k4,balanced_interleaved,balanced,4,0.5658846978750555,0.5,0.6588469787505544,64,64,32,256,0.29649308232866367,0.3417638581586681,4.098567494963355
s7204_r2_n750_a125,confirmatory,7204,2,0.75,0.125,joint_forward_feedback,balanced_interleaved_k8,balanced_interleaved,balanced,8,1.0658846978750554,1.0,0.6588469787505544,64,64,64,256,0.3022297550299793,0.3875005308599837,2.0247546643717524
s7204_r2_n750_a125,confirmatory,7204,2,0.75,0.125,joint_forward_feedback,balanced_permutation_a_k1,balanced_permutation_a,balanced,1,0.18899250811836066,0.125,0.6399250811836067,64,64,8,256,0.5432015659030981,0.5583209665525669,1.423475016668787
s7204_r2_n750_a125,confirmatory,7204,2,0.75,0.125,joint_forward_feedback,balanced_permutation_a_k2,balanced_permutation_a,balanced,2,0.31399250811836066,0.25,0.6399250811836067,64,64,16,256,0.5381169157755727,0.5632363164250416,1.586045222281958
s7204_r2_n750_a125,confirmatory,7204,2,0.75,0.125,joint_forward_feedback,balanced_permutation_a_k4,balanced_permutation_a,balanced,4,0.5639925081183607,0.5,0.6399250811836067,64,64,32,256,0.3329816579622379,0.37810105861170673,4.635058806099224
s7204_r2_n750_a125,confirmatory,7204,2,0.75,0.125,joint_forward_feedback,balanced_permutation_a_k8,balanced_permutation_a,balanced,8,1.0639925081183608,1.0,0.6399250811836067,64,64,64,256,0.3015691466176347,0.38668854726710356,2.152614546512605
s7204_r2_n750_a125,confirmatory,7204,2,0.75,0.125,joint_forward_feedback,balanced_permutation_b_k1,balanced_permutation_b,balanced,1,0.18840039778945986,0.125,0.6340039778945984,64,64,8,256,0.5432755025190728,0.5583475343422295,1.4500368414141722
s7204_r2_n750_a125,confirmatory,7204,2,0.75,0.125,joint_forward_feedback,balanced_permutation_b_k2,balanced_permutation_b,balanced,2,0.31340039778945983,0.25,0.6340039778945984,64,64,16,256,0.3206401006792524,0.3457121325024092,4.70066663101842
s7204_r2_n750_a125,confirmatory,7204,2,0.75,0.125,joint_forward_feedback,balanced_permutation_b_k4,balanced_permutation_b,balanced,4,0.5634003977894598,0.5,0.6340039778945984,64,64,32,256,0.3089371441232631,0.3540091759464199,4.700712060979592
s7204_r2_n750_a125,confirmatory,7204,2,0.75,0.125,joint_forward_feedback,balanced_permutation_b_k8,balanced_permutation_b,balanced,8,1.06340039778946,1.0,0.6340039778945984,64,64,64,256,0.30154885545438315,0.38662088727753996,2.1155240681980625
s7204_r2_n750_a125,confirmatory,7204,2,0.75,0.125,joint_forward_feedback,comb_contiguous_k1,comb_contiguous,comb,1,0.225,0.125,1.0,64,64,8,256,0.5457804638168582,0.5637804638168582,1.4143181093679276
s7204_r2_n750_a125,confirmatory,7204,2,0.75,0.125,joint_forward_feedback,comb_contiguous_k2,comb_contiguous,comb,2,0.35,0.25,1.0,64,64,16,256,0.3301802198370378,0.35818021983703785,4.630365835897186
s7204_r2_n750_a125,confirmatory,7204,2,0.75,0.125,joint_forward_feedback,comb_contiguous_k4,comb_contiguous,comb,4,0.6,0.5,1.0,64,64,32,256,0.299853412086595,0.347853412086595,2.658327227618455
s7204_r2_n750_a125,confirmatory,7204,2,0.75,0.125,joint_forward_feedback,comb_contiguous_k8,comb_contiguous,comb,8,1.1,1.0,1.0,64,64,64,256,0.3032051492283199,0.39120514922831995,1.8492444075028576
s7204_r2_n750_a375,confirmatory,7204,2,0.75,0.375,feedback_only,balanced_contiguous_k1,balanced_contiguous,balanced,1,0.1737418407321983,0.125,0.487418407321983,64,64,8,16,0.5789296408121664,0.5928289880707422,1.136774097303496
s7204_r2_n750_a375,confirmatory,7204,2,0.75,0.375,feedback_only,balanced_contiguous_k2,balanced_contiguous,balanced,2,0.2987418407321983,0.25,0.487418407321983,64,64,16,16,0.3875301461663146,0.41142949342489044,1.5185846477635712
s7204_r2_n750_a375,confirmatory,7204,2,0.75,0.375,feedback_only,balanced_contiguous_k4,balanced_contiguous,balanced,4,0.5487418407321983,0.5,0.487418407321983,64,64,32,16,0.3353069776441614,0.37920632490273726,1.4857648245304518
s7204_r2_n750_a375,confirmatory,7204,2,0.75,0.375,feedback_only,balanced_contiguous_k8,balanced_contiguous,balanced,8,1.0487418407321982,1.0,0.487418407321983,64,64,64,16,0.2987435657349506,0.38264291299352643,1.2957768993452665
s7204_r2_n750_a375,confirmatory,7204,2,0.75,0.375,feedback_only,balanced_interleaved_k1,balanced_interleaved,balanced,1,0.19088469787505546,0.125,0.6588469787505544,64,64,8,16,0.5789296408121664,0.5942004166421708,1.136774097303496
s7204_r2_n750_a375,confirmatory,7204,2,0.75,0.375,feedback_only,balanced_interleaved_k2,balanced_interleaved,balanced,2,0.31588469787505546,0.25,0.6588469787505544,64,64,16,16,0.39058136685213796,0.4158521426821424,1.445819661814347
s7204_r2_n750_a375,confirmatory,7204,2,0.75,0.375,feedback_only,balanced_interleaved_k4,balanced_interleaved,balanced,4,0.5658846978750555,0.5,0.6588469787505544,64,64,32,16,0.3049549932416026,0.350225769071607,1.4242354881836186
s7204_r2_n750_a375,confirmatory,7204,2,0.75,0.375,feedback_only,balanced_interleaved_k8,balanced_interleaved,balanced,8,1.0658846978750554,1.0,0.6588469787505544,64,64,64,16,0.2987435657349506,0.384014341564955,1.2957768993452665
s7204_r2_n750_a375,confirmatory,7204,2,0.75,0.375,feedback_only,balanced_permutation_a_k1,balanced_permutation_a,balanced,1,0.18899250811836066,0.125,0.6399250811836067,64,64,8,16,0.5789296408121664,0.5940490414616352,1.136774097303496
s7204_r2_n750_a375,confirmatory,7204,2,0.75,0.375,feedback_only,balanced_permutation_a_k2,balanced_permutation_a,balanced,2,0.31399250811836066,0.25,0.6399250811836067,64,64,16,16,0.5407854788046049,0.5659048794540738,1.2263466440456872
s7204_r2_n750_a375,confirmatory,7204,2,0.75,0.375,feedback_only,balanced_permutation_a_k4,balanced_permutation_a,balanced,4,0.5639925081183607,0.5,0.6399250811836067,64,64,32,16,0.3475000346715744,0.39261943532104326,1.50892182037832
s7204_r2_n750_a375,confirmatory,7204,2,0.75,0.375,feedback_only,balanced_permutation_a_k8,balanced_permutation_a,balanced,8,1.0639925081183608,1.0,0.6399250811836067,64,64,64,16,0.2987435657349506,0.38386296638441947,1.2957768993452665
s7204_r2_n750_a375,confirmatory,7204,2,0.75,0.375,feedback_only,balanced_permutation_b_k1,balanced_permutation_b,balanced,1,0.18840039778945986,0.125,0.6340039778945984,64,64,8,16,0.5789296408121664,0.5940016726353231,1.136774097303496
s7204_r2_n750_a375,confirmatory,7204,2,0.75,0.375,feedback_only,balanced_permutation_b_k2,balanced_permutation_b,balanced,2,0.31340039778945983,0.25,0.6340039778945984,64,64,16,16,0.49078774722456314,0.51585977904772,1.2569594919070581
s7204_r2_n750_a375,confirmatory,7204,2,0.75,0.375,feedback_only,balanced_permutation_b_k4,balanced_permutation_b,balanced,4,0.5634003977894598,0.5,0.6340039778945984,64,64,32,16,0.47960785395847694,0.5246798857816337,1.235187491287569
s7204_r2_n750_a375,confirmatory,7204,2,0.75,0.375,feedback_only,balanced_permutation_b_k8,balanced_permutation_b,balanced,8,1.06340039778946,1.0,0.6340039778945984,64,64,64,16,0.2987435657349506,0.3838155975581074,1.2957768993452665
s7204_r2_n750_a375,confirmatory,7204,2,0.75,0.375,feedback_only,comb_contiguous_k1,comb_contiguous,comb,1,0.225,0.125,1.0,64,64,8,16,0.5789296408121664,0.5969296408121664,1.136774097303496
s7204_r2_n750_a375,confirmatory,7204,2,0.75,0.375,feedback_only,comb_contiguous_k2,comb_contiguous,comb,2,0.35,0.25,1.0,64,64,16,16,0.5473865043986511,0.5753865043986511,1.1675363725624794
s7204_r2_n750_a375,confirmatory,7204,2,0.75,0.375,feedback_only,comb_contiguous_k4,comb_contiguous,comb,4,0.6,0.5,1.0,64,64,32,16,0.4001754712420035,0.44817547124200346,1.4723948341751996
s7204_r2_n750_a375,confirmatory,7204,2,0.75,0.375,feedback_only,comb_contiguous_k8,comb_contiguous,comb,8,1.1,1.0,1.0,64,64,64,16,0.2987435657349506,0.3867435657349506,1.2957768993452665
s7204_r2_n750_a375,confirmatory,7204,2,0.75,0.375,feedback_only,balanced_contiguous_k1,balanced_contiguous,balanced,1,0.1737418407321983,0.125,0.487418407321983,64,64,8,64,0.5336267305059202,0.5475260777644961,1.9311277445384891
s7204_r2_n750_a375,confirmatory,7204,2,0.75,0.375,feedback_only,balanced_contiguous_k2,balanced_contiguous,balanced,2,0.2987418407321983,0.25,0.487418407321983,64,64,16,64,0.28810249686134587,0.3120018441199217,2.6731554511506324
s7204_r2_n750_a375,confirmatory,7204,2,0.75,0.375,feedback_only,balanced_contiguous_k4,balanced_contiguous,balanced,4,0.5487418407321983,0.5,0.487418407321983,64,64,32,64,0.2934718325567226,0.33737117981529846,2.1478769960452486
s7204_r2_n750_a375,confirmatory,7204,2,0.75,0.375,feedback_only,balanced_contiguous_k8,balanced_contiguous,balanced,8,1.0487418407321982,1.0,0.487418407321983,64,64,64,64,0.2988652952257673,0.38276464248434316,1.4806782749284215
s7204_r2_n750_a375,confirmatory,7204,2,0.75,0.375,feedback_only,balanced_interleaved_k1,balanced_interleaved,balanced,1,0.19088469787505546,0.125,0.6588469787505544,64,64,8,64,0.5336267305059202,0.5488975063359247,1.9311277445384891
s7204_r2_n750_a375,confirmatory,7204,2,0.75,0.375,feedback_only,balanced_interleaved_k2,balanced_interleaved,balanced,2,0.31588469787505546,0.25,0.6588469787505544,64,64,16,64,0.29705894298320573,0.32232971881321015,2.5139393579372604
s7204_r2_n750_a375,confirmatory,7204,2,0.75,0.375,feedback_only,balanced_interleaved_k4,balanced_interleaved,balanced,4,0.5658846978750555,0.5,0.6588469787505544,64,64,32,64,0.29712847800061537,0.3423992538306198,1.7510648459430094
s7204_r2_n750_a375,confirmatory,7204,2,0.75,0.375,feedback_only,balanced_interleaved_k8,balanced_interleaved,balanced,8,1.0658846978750554,1.0,0.6588469787505544,64,64,64,64,0.2988652952257673,0.38413607105577174,1.4806782749284215
s7204_r2_n750_a375,confirmatory,7204,2,0.75,0.375,feedback_only,balanced_permutation_a_k1,balanced_permutation_a,balanced,1,0.18899250811836066,0.125,0.6399250811836067,64,64,8,64,0.5336267305059202,0.5487461311553891,1.9311277445384891
s7204_r2_n750_a375,confirmatory,7204,2,0.75,0.375,feedback_only,balanced_permutation_a_k2,balanced_permutation_a,balanced,2,0.31399250811836066,0.25,0.6399250811836067,64,64,16,64,0.45794942279463413,0.48306882344410296,2.2093433991846023
s7204_r2_n750_a375,confirmatory,7204,2,0.75,0.375,feedback_only,balanced_permutation_a_k4,balanced_permutation_a,balanced,4,0.5639925081183607,0.5,0.6399250811836067,64,64,32,64,0.28662092014339424,0.3317403207928631,2.356493917014729
s7204_r2_n750_a375,confirmatory,7204,2,0.75,0.375,feedback_only,balanced_permutation_a_k8,balanced_permutation_a,balanced,8,1.0639925081183608,1.0,0.6399250811836067,64,64,64,64,0.2988652952257673,0.3839846958752362,1.4806782749284215
s7204_r2_n750_a375,confirmatory,7204,2,0.75,0.375,feedback_only,balanced_permutation_b_k1,balanced_permutation_b,balanced,1,0.18840039778945986,0.125,0.6340039778945984,64,64,8,64,0.5336267305059202,0.548698762329077,1.9311277445384891
s7204_r2_n750_a375,confirmatory,7204,2,0.75,0.375,feedback_only,balanced_permutation_b_k2,balanced_permutation_b,balanced,2,0.31340039778945983,0.25,0.6340039778945984,64,64,16,64,0.371657207476138,0.3967292392992948,2.4286589490554973
s7204_r2_n750_a375,confirmatory,7204,2,0.75,0.375,feedback_only,balanced_permutation_b_k4,balanced_permutation_b,balanced,4,0.5634003977894598,0.5,0.6340039778945984,64,64,32,64,0.3640039435763037,0.4090759753994605,2.381119667618497
s7204_r2_n750_a375,confirmatory,7204,2,0.75,0.375,feedback_only,balanced_permutation_b_k8,balanced_permutation_b,balanced,8,1.06340039778946,1.0,0.6340039778945984,64,64,64,64,0.2988652952257673,0.38393732704892414,1.4806782749284215
s7204_r2_n750_a375,confirmatory,7204,2,0.75,0.375,feedback_only,comb_contiguous_k1,comb_contiguous,comb,1,0.225,0.125,1.0,64,64,8,64,0.5336267305059202,0.5516267305059203,1.9311277445384891
s7204_r2_n750_a375,confirmatory,7204,2,0.75,0.375,feedback_only,comb_contiguous_k2,comb_contiguous,comb,2,0.35,0.25,1.0,64,64,16,64,0.5292675320068073,0.5572675320068073,1.5939904190198553
s7204_r2_n750_a375,confirmatory,7204,2,0.75,0.375,feedback_only,comb_contiguous_k4,comb_contiguous,comb,4,0.6,0.5,1.0,64,64,32,64,0.2952905597207548,0.3432905597207548,2.608104972194947
s7204_r2_n750_a375,confirmatory,7204,2,0.75,0.375,feedback_only,comb_contiguous_k8,comb_contiguous,comb,8,1.1,1.0,1.0,64,64,64,64,0.2988652952257673,0.38686529522576735,1.4806782749284215
s7204_r2_n750_a375,confirmatory,7204,2,0.75,0.375,feedback_only,balanced_contiguous_k1,balanced_contiguous,balanced,1,0.1737418407321983,0.125,0.487418407321983,64,64,8,256,0.538035477058868,0.5519348243174439,2.1602465357942475
s7204_r2_n750_a375,confirmatory,7204,2,0.75,0.375,feedback_only,balanced_contiguous_k2,balanced_contiguous,balanced,2,0.2987418407321983,0.25,0.487418407321983,64,64,16,256,0.29454314176142055,0.3184424890199964,2.846869571024738
s7204_r2_n750_a375,confirmatory,7204,2,0.75,0.375,feedback_only,balanced_contiguous_k4,balanced_contiguous,balanced,4,0.5487418407321983,0.5,0.487418407321983,64,64,32,256,0.3019369695753823,0.34583631683395816,2.205283183015152
s7204_r2_n750_a375,confirmatory,7204,2,0.75,0.375,feedback_only,balanced_contiguous_k8,balanced_contiguous,balanced,8,1.0487418407321982,1.0,0.487418407321983,64,64,64,256,0.3066879252114646,0.39058727247004044,1.4542682898758448
s7204_r2_n750_a375,confirmatory,7204,2,0.75,0.375,feedback_only,balanced_interleaved_k1,balanced_interleaved,balanced,1,0.19088469787505546,0.125,0.6588469787505544,64,64,8,256,0.538035477058868,0.5533062528888725,2.1602465357942475
s7204_r2_n750_a375,confirmatory,7204,2,0.75,0.375,feedback_only,balanced_interleaved_k2,balanced_interleaved,balanced,2,0.31588469787505546,0.25,0.6588469787505544,64,64,16,256,0.29574049807151387,0.3210112739015183,2.81134585235807
s7204_r2_n750_a375,confirmatory,7204,2,0.75,0.375,feedback_only,balanced_interleaved_k4,balanced_interleaved,balanced,4,0.5658846978750555,0.5,0.6588469787505544,64,64,32,256,0.3039944039468132,0.34926517977681765,1.7313202527351388
s7204_r2_n750_a375,confirmatory,7204,2,0.75,0.375,feedback_only,balanced_interleaved_k8,balanced_interleaved,balanced,8,1.0658846978750554,1.0,0.6588469787505544,64,64,64,256,0.3066879252114646,0.391958701041469,1.4542682898758448
s7204_r2_n750_a375,confirmatory,7204,2,0.75,0.375,feedback_only,balanced_permutation_a_k1,balanced_permutation_a,balanced,1,0.18899250811836066,0.125,0.6399250811836067,64,64,8,256,0.538035477058868,0.5531548777083368,2.1602465357942475
s7204_r2_n750_a375,confirmatory,7204,2,0.75,0.375,feedback_only,balanced_permutation_a_k2,balanced_permutation_a,balanced,2,0.31399250811836066,0.25,0.6399250811836067,64,64,16,256,0.35128748215333894,0.37640688280280776,4.458915167841601
s7204_r2_n750_a375,confirmatory,7204,2,0.75,0.375,feedback_only,balanced_permutation_a_k4,balanced_permutation_a,balanced,4,0.5639925081183607,0.5,0.6399250811836067,64,64,32,256,0.2986013543247731,0.3437207549742419,2.51091341893828
s7204_r2_n750_a375,confirmatory,7204,2,0.75,0.375,feedback_only,balanced_permutation_a_k8,balanced_permutation_a,balanced,8,1.0639925081183608,1.0,0.6399250811836067,64,64,64,256,0.3066879252114646,0.3918073258609335,1.4542682898758448
s7204_r2_n750_a375,confirmatory,7204,2,0.75,0.375,feedback_only,balanced_permutation_b_k1,balanced_permutation_b,balanced,1,0.18840039778945986,0.125,0.6340039778945984,64,64,8,256,0.538035477058868,0.5531075088820248,2.1602465357942475
s7204_r2_n750_a375,confirmatory,7204,2,0.75,0.375,feedback_only,balanced_permutation_b_k2,balanced_permutation_b,balanced,2,0.31340039778945983,0.25,0.6340039778945984,64,64,16,256,0.29852280101999473,0.3235948328431515,4.294288912875936
s7204_r2_n750_a375,confirmatory,7204,2,0.75,0.375,feedback_only,balanced_permutation_b_k4,balanced_permutation_b,balanced,4,0.5634003977894598,0.5,0.6340039778945984,64,64,32,256,0.29863147682626257,0.34370350864941934,4.13839676343448
s7204_r2_n750_a375,confirmatory,7204,2,0.75,0.375,feedback_only,balanced_permutation_b_k8,balanced_permutation_b,balanced,8,1.06340039778946,1.0,0.6340039778945984,64,64,64,256,0.3066879252114646,0.3917599570346214,1.4542682898758448
s7204_r2_n750_a375,confirmatory,7204,2,0.75,0.375,feedback_only,comb_contiguous_k1,comb_contiguous,comb,1,0.225,0.125,1.0,64,64,8,256,0.538035477058868,0.556035477058868,2.1602465357942475
s7204_r2_n750_a375,confirmatory,7204,2,0.75,0.375,feedback_only,comb_contiguous_k2,comb_contiguous,comb,2,0.35,0.25,1.0,64,64,16,256,0.5223960338378801,0.5503960338378802,2.176008302119389
s7204_r2_n750_a375,confirmatory,7204,2,0.75,0.375,feedback_only,comb_contiguous_k4,comb_contiguous,comb,4,0.6,0.5,1.0,64,64,32,256,0.2975923760077719,0.3455923760077719,2.9526345569159673
s7204_r2_n750_a375,confirmatory,7204,2,0.75,0.375,feedback_only,comb_contiguous_k8,comb_contiguous,comb,8,1.1,1.0,1.0,64,64,64,256,0.3066879252114646,0.3946879252114646,1.4542682898758448
s7204_r2_n750_a375,confirmatory,7204,2,0.75,0.375,joint_forward_feedback,balanced_contiguous_k1,balanced_contiguous,balanced,1,0.1737418407321983,0.125,0.487418407321983,64,64,8,16,0.6338574469738634,0.6477567942324393,0.9757585209975311
s7204_r2_n750_a375,confirmatory,7204,2,0.75,0.375,joint_forward_feedback,balanced_contiguous_k2,balanced_contiguous,balanced,2,0.2987418407321983,0.25,0.487418407321983,64,64,16,16,0.49820193656176426,0.5221012838203402,1.3116348838772662
s7204_r2_n750_a375,confirmatory,7204,2,0.75,0.375,joint_forward_feedback,balanced_contiguous_k4,balanced_contiguous,balanced,4,0.5487418407321983,0.5,0.487418407321983,64,64,32,16,0.4081668591969186,0.45206620645549445,1.4790957418132518
s7204_r2_n750_a375,confirmatory,7204,2,0.75,0.375,joint_forward_feedback,balanced_contiguous_k8,balanced_contiguous,balanced,8,1.0487418407321982,1.0,0.487418407321983,64,64,64,16,0.3368487649652039,0.4207481122237797,1.5589643065494565
s7204_r2_n750_a375,confirmatory,7204,2,0.75,0.375,joint_forward_feedback,balanced_interleaved_k1,balanced_interleaved,balanced,1,0.19088469787505546,0.125,0.6588469787505544,64,64,8,16,0.6187511857269656,0.6340219615569701,1.0254886206460159
s7204_r2_n750_a375,confirmatory,7204,2,0.75,0.375,joint_forward_feedback,balanced_interleaved_k2,balanced_interleaved,balanced,2,0.31588469787505546,0.25,0.6588469787505544,64,64,16,16,0.4517781084432254,0.47704888427322983,1.382618780584546
s7204_r2_n750_a375,confirmatory,7204,2,0.75,0.375,joint_forward_feedback,balanced_interleaved_k4,balanced_interleaved,balanced,4,0.5658846978750555,0.5,0.6588469787505544,64,64,32,16,0.3324876212179222,0.37775839704792663,1.5352499976645761
s7204_r2_n750_a375,confirmatory,7204,2,0.75,0.375,joint_forward_feedback,balanced_interleaved_k8,balanced_interleaved,balanced,8,1.0658846978750554,1.0,0.6588469787505544,64,64,64,16,0.30883224203193166,0.3941030178619361,1.5139191940846435
s7204_r2_n750_a375,confirmatory,7204,2,0.75,0.375,joint_forward_feedback,balanced_permutation_a_k1,balanced_permutation_a,balanced,1,0.18899250811836066,0.125,0.6399250811836067,64,64,8,16,0.6142515268702884,0.6293709275197572,1.040597595227424
s7204_r2_n750_a375,confirmatory,7204,2,0.75,0.375,joint_forward_feedback,balanced_permutation_a_k2,balanced_permutation_a,balanced,2,0.31399250811836066,0.25,0.6399250811836067,64,64,16,16,0.5887808537623924,0.6139002544118612,1.1142900250455345
s7204_r2_n750_a375,confirmatory,7204,2,0.75,0.375,joint_forward_feedback,balanced_permutation_a_k4,balanced_permutation_a,balanced,4,0.5639925081183607,0.5,0.6399250811836067,64,64,32,16,0.4181661452643577,0.46328554591382654,1.4457463543275413
s7204_r2_n750_a375,confirmatory,7204,2,0.75,0.375,joint_forward_feedback,balanced_permutation_a_k8,balanced_permutation_a,balanced,8,1.0639925081183608,1.0,0.6399250811836067,64,64,64,16,0.3225078585729297,0.40762725922239856,1.5386793891759627
s7204_r2_n750_a375,confirmatory,7204,2,0.75,0.375,joint_forward_feedback,balanced_permutation_b_k1,balanced_permutation_b,balanced,1,0.18840039778945986,0.125,0.6340039778945984,64,64,8,16,0.6203742578237579,0.6354462896469146,1.0202218696267378
s7204_r2_n750_a375,confirmatory,7204,2,0.75,0.375,joint_forward_feedback,balanced_permutation_b_k2,balanced_permutation_b,balanced,2,0.31340039778945983,0.25,0.6340039778945984,64,64,16,16,0.5402257223564186,0.5652977541795754,1.2049855372549498
s7204_r2_n750_a375,confirmatory,7204,2,0.75,0.375,joint_forward_feedback,balanced_permutation_b_k4,balanced_permutation_b,balanced,4,0.5634003977894598,0.5,0.6340039778945984,64,64,32,16,0.525467543971376,0.5705395757945327,1.2231202842646511
s7204_r2_n750_a375,confirmatory,7204,2,0.75,0.375,joint_forward_feedback,balanced_permutation_b_k8,balanced_permutation_b,balanced,8,1.06340039778946,1.0,0.6340039778945984,64,64,64,16,0.3209891463505074,0.4060611781736642,1.5422347815832915
s7204_r2_n750_a375,confirmatory,7204,2,0.75,0.375,joint_forward_feedback,comb_contiguous_k1,comb_contiguous,comb,1,0.225,0.125,1.0,64,64,8,16,0.6228692173294355,0.6408692173294355,1.0104334820772942
s7204_r2_n750_a375,confirmatory,7204,2,0.75,0.375,joint_forward_feedback,comb_contiguous_k2,comb_contiguous,comb,2,0.35,0.25,1.0,64,64,16,16,0.572697737151046,0.600697737151046,1.1409465396417777
s7204_r2_n750_a375,confirmatory,7204,2,0.75,0.375,joint_forward_feedback,comb_contiguous_k4,comb_contiguous,comb,4,0.6,0.5,1.0,64,64,32,16,0.4483213811178655,0.4963213811178655,1.4138773530869
s7204_r2_n750_a375,confirmatory,7204,2,0.75,0.375,joint_forward_feedback,comb_contiguous_k8,comb_contiguous,comb,8,1.1,1.0,1.0,64,64,64,16,0.3076943268124942,0.3956943268124942,1.4932879019744463
s7204_r2_n750_a375,confirmatory,7204,2,0.75,0.375,joint_forward_feedback,balanced_contiguous_k1,balanced_contiguous,balanced,1,0.1737418407321983,0.125,0.487418407321983,64,64,8,64,0.5400588219391801,0.553958169197756,2.2246540022811594
s7204_r2_n750_a375,confirmatory,7204,2,0.75,0.375,joint_forward_feedback,balanced_contiguous_k2,balanced_contiguous,balanced,2,0.2987418407321983,0.25,0.487418407321983,64,64,16,64,0.30363732360633655,0.3275366708649124,3.0785487040925013
s7204_r2_n750_a375,confirmatory,7204,2,0.75,0.375,joint_forward_feedback,balanced_contiguous_k4,balanced_contiguous,balanced,4,0.5487418407321983,0.5,0.487418407321983,64,64,32,64,0.29373571988259034,0.3376350671411662,2.697455988853929
s7204_r2_n750_a375,confirmatory,7204,2,0.75,0.375,joint_forward_feedback,balanced_contiguous_k8,balanced_contiguous,balanced,8,1.0487418407321982,1.0,0.487418407321983,64,64,64,64,0.2897859591116603,0.3736853063702361,2.2847787058909663
s7204_r2_n750_a375,confirmatory,7204,2,0.75,0.375,joint_forward_feedback,balanced_interleaved_k1,balanced_interleaved,balanced,1,0.19088469787505546,0.125,0.6588469787505544,64,64,8,64,0.5364676506036772,0.5517384264336817,2.1771360897149843
s7204_r2_n750_a375,confirmatory,7204,2,0.75,0.375,joint_forward_feedback,balanced_interleaved_k2,balanced_interleaved,balanced,2,0.31588469787505546,0.25,0.6588469787505544,64,64,16,64,0.31073797781168633,0.33600875364169075,2.761267589198087
s7204_r2_n750_a375,confirmatory,7204,2,0.75,0.375,joint_forward_feedback,balanced_interleaved_k4,balanced_interleaved,balanced,4,0.5658846978750555,0.5,0.6588469787505544,64,64,32,64,0.2919891526687271,0.33725992849873154,2.1963824763724142
s7204_r2_n750_a375,confirmatory,7204,2,0.75,0.375,joint_forward_feedback,balanced_interleaved_k8,balanced_interleaved,balanced,8,1.0658846978750554,1.0,0.6588469787505544,64,64,64,64,0.2925364137622609,0.37780718959226534,1.9286099504641139
s7204_r2_n750_a375,confirmatory,7204,2,0.75,0.375,joint_forward_feedback,balanced_permutation_a_k1,balanced_permutation_a,balanced,1,0.18899250811836066,0.125,0.6399250811836067,64,64,8,64,0.535715280389693,0.5508346810391618,2.1547558450933235
s7204_r2_n750_a375,confirmatory,7204,2,0.75,0.375,joint_forward_feedback,balanced_permutation_a_k2,balanced_permutation_a,balanced,2,0.31399250811836066,0.25,0.6399250811836067,64,64,16,64,0.5113338777859139,0.5364532784353827,2.1693588894469356
s7204_r2_n750_a375,confirmatory,7204,2,0.75,0.375,joint_forward_feedback,balanced_permutation_a_k4,balanced_permutation_a,balanced,4,0.5639925081183607,0.5,0.6399250811836067,64,64,32,64,0.29289611994043696,0.3380155205899058,2.771748383833362
s7204_r2_n750_a375,confirmatory,7204,2,0.75,0.375,joint_forward_feedback,balanced_permutation_a_k8,balanced_permutation_a,balanced,8,1.0639925081183608,1.0,0.6399250811836067,64,64,64,64,0.2892835117459298,0.3744029123953987,2.1280488600423313
s7204_r2_n750_a375,confirmatory,7204,2,0.75,0.375,joint_forward_feedback,balanced_permutation_b_k1,balanced_permutation_b,balanced,1,0.18840039778945986,0.125,0.6340039778945984,64,64,8,64,0.5367591839067498,0.5518312157299066,2.183688343155311
s7204_r2_n750_a375,confirmatory,7204,2,0.75,0.375,joint_forward_feedback,balanced_permutation_b_k2,balanced_permutation_b,balanced,2,0.31340039778945983,0.25,0.6340039778945984,64,64,16,64,0.41622613128979247,0.4412981631129492,2.4850272676512972
s7204_r2_n750_a375,confirmatory,7204,2,0.75,0.375,joint_forward_feedback,balanced_permutation_b_k4,balanced_permutation_b,balanced,4,0.5634003977894598,0.5,0.6340039778945984,64,64,32,64,0.41104910769008696,0.45612113951324373,2.4043284190864003
s7204_r2_n750_a375,confirmatory,7204,2,0.75,0.375,joint_forward_feedback,balanced_permutation_b_k8,balanced_permutation_b,balanced,8,1.06340039778946,1.0,0.6340039778945984,64,64,64,64,0.2919202032659518,0.3769922350891086,2.0985286606134337
s7204_r2_n750_a375,confirmatory,7204,2,0.75,0.375,joint_forward_feedback,comb_contiguous_k1,comb_contiguous,comb,1,0.225,0.125,1.0,64,64,8,64,0.5370973727675221,0.5550973727675221,2.196377335082166
s7204_r2_n750_a375,confirmatory,7204,2,0.75,0.375,joint_forward_feedback,comb_contiguous_k2,comb_contiguous,comb,2,0.35,0.25,1.0,64,64,16,64,0.5325457494999706,0.5605457494999706,1.8718072686165181
s7204_r2_n750_a375,confirmatory,7204,2,0.75,0.375,joint_forward_feedback,comb_contiguous_k4,comb_contiguous,comb,4,0.6,0.5,1.0,64,64,32,64,0.30314703451989555,0.35114703451989554,2.8309540420630106
s7204_r2_n750_a375,confirmatory,7204,2,0.75,0.375,joint_forward_feedback,comb_contiguous_k8,comb_contiguous,comb,8,1.1,1.0,1.0,64,64,64,64,0.2935925307892365,0.38159253078923655,1.881689159945394
s7204_r2_n750_a375,confirmatory,7204,2,0.75,0.375,joint_forward_feedback,balanced_contiguous_k1,balanced_contiguous,balanced,1,0.1737418407321983,0.125,0.487418407321983,64,64,8,256,0.533831604473377,0.5477309517319529,2.9309215521889023
s7204_r2_n750_a375,confirmatory,7204,2,0.75,0.375,joint_forward_feedback,balanced_contiguous_k2,balanced_contiguous,balanced,2,0.2987418407321983,0.25,0.487418407321983,64,64,16,256,0.2894755919602201,0.31337493921879594,3.8879396375633184
s7204_r2_n750_a375,confirmatory,7204,2,0.75,0.375,joint_forward_feedback,balanced_contiguous_k4,balanced_contiguous,balanced,4,0.5487418407321983,0.5,0.487418407321983,64,64,32,256,0.29624539836099145,0.3401447456195673,3.0632065253181353
s7204_r2_n750_a375,confirmatory,7204,2,0.75,0.375,joint_forward_feedback,balanced_contiguous_k8,balanced_contiguous,balanced,8,1.0487418407321982,1.0,0.487418407321983,64,64,64,256,0.2992118467654127,0.3831111940239885,2.3359562143066275
s7204_r2_n750_a375,confirmatory,7204,2,0.75,0.375,joint_forward_feedback,balanced_interleaved_k1,balanced_interleaved,balanced,1,0.19088469787505546,0.125,0.6588469787505544,64,64,8,256,0.5346681424819038,0.5499389183119082,2.705327793009467
s7204_r2_n750_a375,confirmatory,7204,2,0.75,0.375,joint_forward_feedback,balanced_interleaved_k2,balanced_interleaved,balanced,2,0.31588469787505546,0.25,0.6588469787505544,64,64,16,256,0.2927916381110069,0.3180624139410113,3.5563082237148373
s7204_r2_n750_a375,confirmatory,7204,2,0.75,0.375,joint_forward_feedback,balanced_interleaved_k4,balanced_interleaved,balanced,4,0.5658846978750555,0.5,0.6588469787505544,64,64,32,256,0.300571042112316,0.34584181794232044,2.231573054548341
s7204_r2_n750_a375,confirmatory,7204,2,0.75,0.375,joint_forward_feedback,balanced_interleaved_k8,balanced_interleaved,balanced,8,1.0658846978750554,1.0,0.6588469787505544,64,64,64,256,0.30234893524211304,0.38761971107211746,1.9294914936743535
s7204_r2_n750_a375,confirmatory,7204,2,0.75,0.375,joint_forward_feedback,balanced_permutation_a_k1,balanced_permutation_a,balanced,1,0.18899250811836066,0.125,0.6399250811836067,64,64,8,256,0.5347587140541177,0.5498781147035865,2.6334533503660023
s7204_r2_n750_a375,confirmatory,7204,2,0.75,0.375,joint_forward_feedback,balanced_permutation_a_k2,balanced_permutation_a,balanced,2,0.31399250811836066,0.25,0.6399250811836067,64,64,16,256,0.459471664202054,0.4845910648515228,3.5214974813738547
s7204_r2_n750_a375,confirmatory,7204,2,0.75,0.375,joint_forward_feedback,balanced_permutation_a_k4,balanced_permutation_a,balanced,4,0.5639925081183607,0.5,0.6399250811836067,64,64,32,256,0.2935918662664974,0.33871126691596626,3.267757453807422
s7204_r2_n750_a375,confirmatory,7204,2,0.75,0.375,joint_forward_feedback,balanced_permutation_a_k8,balanced_permutation_a,balanced,8,1.0639925081183608,1.0,0.6399250811836067,64,64,64,256,0.30108694231261746,0.38620634296208634,2.181804162554079
s7204_r2_n750_a375,confirmatory,7204,2,0.75,0.375,joint_forward_feedback,balanced_permutation_b_k1,balanced_permutation_b,balanced,1,0.18840039778945986,0.125,0.6340039778945984,64,64,8,256,0.5345799466954282,0.5496519785185849,2.7291168766519744
s7204_r2_n750_a375,confirmatory,7204,2,0.75,0.375,joint_forward_feedback,balanced_permutation_b_k2,balanced_permutation_b,balanced,2,0.31340039778945983,0.25,0.6340039778945984,64,64,16,256,0.30948455694506,0.3345565887682168,4.743474360602731
s7204_r2_n750_a375,confirmatory,7204,2,0.75,0.375,joint_forward_feedback,balanced_permutation_b_k4,balanced_permutation_b,balanced,4,0.5634003977894598,0.5,0.6340039778945984,64,64,32,256,0.3079633787174233,0.3530354105405801,4.653486044475755
s7204_r2_n750_a375,confirmatory,7204,2,0.75,0.375,joint_forward_feedback,balanced_permutation_b_k8,balanced_permutation_b,balanced,8,1.06340039778946,1.0,0.6340039778945984,64,64,64,256,0.3007415347949352,0.385813566618092,2.1106261173033
s7204_r2_n750_a375,confirmatory,7204,2,0.75,0.375,joint_forward_feedback,comb_contiguous_k1,comb_contiguous,comb,1,0.225,0.125,1.0,64,64,8,256,0.5345204241320366,0.5525204241320366,2.767644235423902
s7204_r2_n750_a375,confirmatory,7204,2,0.75,0.375,joint_forward_feedback,comb_contiguous_k2,comb_contiguous,comb,2,0.35,0.25,1.0,64,64,16,256,0.5337840245678247,0.5617840245678247,2.1791864090573267
s7204_r2_n750_a375,confirmatory,7204,2,0.75,0.375,joint_forward_feedback,comb_contiguous_k4,comb_contiguous,comb,4,0.6,0.5,1.0,64,64,32,256,0.2939324043253263,0.3419324043253263,3.4649017181890103
s7204_r2_n750_a375,confirmatory,7204,2,0.75,0.375,joint_forward_feedback,comb_contiguous_k8,comb_contiguous,comb,8,1.1,1.0,1.0,64,64,64,256,0.3024905168322301,0.39049051683223013,1.8688682358270918
s7204_r4_n000_a125,confirmatory,7204,4,0.0,0.125,feedback_only,balanced_contiguous_k1,balanced_contiguous,balanced,1,0.1737418407321983,0.125,0.487418407321983,64,64,8,16,0.3866558374562718,0.4005551847148477,0.8175635024687532
s7204_r4_n000_a125,confirmatory,7204,4,0.0,0.125,feedback_only,balanced_contiguous_k2,balanced_contiguous,balanced,2,0.2987418407321983,0.25,0.487418407321983,64,64,16,16,0.27551213314765394,0.2994114804062298,1.0929562377525817
s7204_r4_n000_a125,confirmatory,7204,4,0.0,0.125,feedback_only,balanced_contiguous_k4,balanced_contiguous,balanced,4,0.5487418407321983,0.5,0.487418407321983,64,64,32,16,0.04096257485264065,0.08486192211121651,1.5558287478822703
s7204_r4_n000_a125,confirmatory,7204,4,0.0,0.125,feedback_only,balanced_contiguous_k8,balanced_contiguous,balanced,8,1.0487418407321982,1.0,0.487418407321983,64,64,64,16,0.03223240212363328,0.11613174938220913,1.550892519052865
s7204_r4_n000_a125,confirmatory,7204,4,0.0,0.125,feedback_only,balanced_interleaved_k1,balanced_interleaved,balanced,1,0.19088469787505546,0.125,0.6588469787505544,64,64,8,16,0.3866558374562718,0.4019266132862762,0.8175635024687532
s7204_r4_n000_a125,confirmatory,7204,4,0.0,0.125,feedback_only,balanced_interleaved_k2,balanced_interleaved,balanced,2,0.31588469787505546,0.25,0.6588469787505544,64,64,16,16,0.35514614989125975,0.3804169257212642,0.9255874078941618
s7204_r4_n000_a125,confirmatory,7204,4,0.0,0.125,feedback_only,balanced_interleaved_k4,balanced_interleaved,balanced,4,0.5658846978750555,0.5,0.6588469787505544,64,64,32,16,0.232150876557065,0.27742165238706945,1.2100518608981015
s7204_r4_n000_a125,confirmatory,7204,4,0.0,0.125,feedback_only,balanced_interleaved_k8,balanced_interleaved,balanced,8,1.0658846978750554,1.0,0.6588469787505544,64,64,64,16,0.03223240212363328,0.11750317795363771,1.550892519052865
s7204_r4_n000_a125,confirmatory,7204,4,0.0,0.125,feedback_only,balanced_permutation_a_k1,balanced_permutation_a,balanced,1,0.18899250811836066,0.125,0.6399250811836067,64,64,8,16,0.3866558374562718,0.4017752381057407,0.8175635024687532
s7204_r4_n000_a125,confirmatory,7204,4,0.0,0.125,feedback_only,balanced_permutation_a_k2,balanced_permutation_a,balanced,2,0.31399250811836066,0.25,0.6399250811836067,64,64,16,16,0.3700575563155704,0.3951769569650393,0.8781342252232254
s7204_r4_n000_a125,confirmatory,7204,4,0.0,0.125,feedback_only,balanced_permutation_a_k4,balanced_permutation_a,balanced,4,0.5639925081183607,0.5,0.6399250811836067,64,64,32,16,0.22179675514522484,0.2669161557946937,1.2676036679209588
s7204_r4_n000_a125,confirmatory,7204,4,0.0,0.125,feedback_only,balanced_permutation_a_k8,balanced_permutation_a,balanced,8,1.0639925081183608,1.0,0.6399250811836067,64,64,64,16,0.03223240212363328,0.11735180277310214,1.550892519052865
s7204_r4_n000_a125,confirmatory,7204,4,0.0,0.125,feedback_only,balanced_permutation_b_k1,balanced_permutation_b,balanced,1,0.18840039778945986,0.125,0.6340039778945984,64,64,8,16,0.3866558374562718,0.4017278692794286,0.8175635024687532
s7204_r4_n000_a125,confirmatory,7204,4,0.0,0.125,feedback_only,balanced_permutation_b_k2,balanced_permutation_b,balanced,2,0.31340039778945983,0.25,0.6340039778945984,64,64,16,16,0.36438619551171747,0.38945822733487423,0.895611999845118
s7204_r4_n000_a125,confirmatory,7204,4,0.0,0.125,feedback_only,balanced_permutation_b_k4,balanced_permutation_b,balanced,4,0.5634003977894598,0.5,0.6340039778945984,64,64,32,16,0.22079915584724424,0.265871187670401,1.2683662754645795
s7204_r4_n000_a125,confirmatory,7204,4,0.0,0.125,feedback_only,balanced_permutation_b_k8,balanced_permutation_b,balanced,8,1.06340039778946,1.0,0.6340039778945984,64,64,64,16,0.03223240212363328,0.11730443394679008,1.550892519052865
s7204_r4_n000_a125,confirmatory,7204,4,0.0,0.125,feedback_only,comb_contiguous_k1,comb_contiguous,comb,1,0.225,0.125,1.0,64,64,8,16,0.3866558374562718,0.4046558374562718,0.8175635024687532
s7204_r4_n000_a125,confirmatory,7204,4,0.0,0.125,feedback_only,comb_contiguous_k2,comb_contiguous,comb,2,0.35,0.25,1.0,64,64,16,16,0.33792564135575115,0.3659256413557511,0.9398310345665931
s7204_r4_n000_a125,confirmatory,7204,4,0.0,0.125,feedback_only,comb_contiguous_k4,comb_contiguous,comb,4,0.6,0.5,1.0,64,64,32,16,0.22986961346183582,0.2778696134618358,1.18598200495742
s7204_r4_n000_a125,confirmatory,7204,4,0.0,0.125,feedback_only,comb_contiguous_k8,comb_contiguous,comb,8,1.1,1.0,1.0,64,64,64,16,0.03223240212363328,0.12023240212363329,1.550892519052865
s7204_r4_n000_a125,confirmatory,7204,4,0.0,0.125,feedback_only,balanced_contiguous_k1,balanced_contiguous,balanced,1,0.1737418407321983,0.125,0.487418407321983,64,64,8,64,0.3814352814460174,0.3953346287045933,1.060035556895395
s7204_r4_n000_a125,confirmatory,7204,4,0.0,0.125,feedback_only,balanced_contiguous_k2,balanced_contiguous,balanced,2,0.2987418407321983,0.25,0.487418407321983,64,64,16,64,0.2558952050566238,0.2797945523151996,1.4408587536400832
s7204_r4_n000_a125,confirmatory,7204,4,0.0,0.125,feedback_only,balanced_contiguous_k4,balanced_contiguous,balanced,4,0.5487418407321983,0.5,0.487418407321983,64,64,32,64,5.004561997615851e-05,0.04394939287855203,2.080251337479729
s7204_r4_n000_a125,confirmatory,7204,4,0.0,0.125,feedback_only,balanced_contiguous_k8,balanced_contiguous,balanced,8,1.0487418407321982,1.0,0.487418407321983,64,64,64,64,1.7615166516505696e-05,0.08391696242509236,1.991601342654961
s7204_r4_n000_a125,confirmatory,7204,4,0.0,0.125,feedback_only,balanced_interleaved_k1,balanced_interleaved,balanced,1,0.19088469787505546,0.125,0.6588469787505544,64,64,8,64,0.3814352814460174,0.3967060572760218,1.060035556895395
s7204_r4_n000_a125,confirmatory,7204,4,0.0,0.125,feedback_only,balanced_interleaved_k2,balanced_interleaved,balanced,2,0.31588469787505546,0.25,0.6588469787505544,64,64,16,64,0.300821947548693,0.32609272337869744,1.6297804552110784
s7204_r4_n000_a125,confirmatory,7204,4,0.0,0.125,feedback_only,balanced_interleaved_k4,balanced_interleaved,balanced,4,0.5658846978750555,0.5,0.6588469787505544,64,64,32,64,0.16772765043032772,0.21299842626033216,1.945211726331638
s7204_r4_n000_a125,confirmatory,7204,4,0.0,0.125,feedback_only,balanced_interleaved_k8,balanced_interleaved,balanced,8,1.0658846978750554,1.0,0.6588469787505544,64,64,64,64,1.7615166516505696e-05,0.08528839099652094,1.991601342654961
s7204_r4_n000_a125,confirmatory,7204,4,0.0,0.125,feedback_only,balanced_permutation_a_k1,balanced_permutation_a,balanced,1,0.18899250811836066,0.125,0.6399250811836067,64,64,8,64,0.3814352814460174,0.3965546820954863,1.060035556895395
s7204_r4_n000_a125,confirmatory,7204,4,0.0,0.125,feedback_only,balanced_permutation_a_k2,balanced_permutation_a,balanced,2,0.31399250811836066,0.25,0.6399250811836067,64,64,16,64,0.33005086205535905,0.3551702627048279,1.5268208344415775
s7204_r4_n000_a125,confirmatory,7204,4,0.0,0.125,feedback_only,balanced_permutation_a_k4,balanced_permutation_a,balanced,4,0.5639925081183607,0.5,0.6399250811836067,64,64,32,64,0.12968146060163283,0.17480086125110167,2.2639880165921356
s7204_r4_n000_a125,confirmatory,7204,4,0.0,0.125,feedback_only,balanced_permutation_a_k8,balanced_permutation_a,balanced,8,1.0639925081183608,1.0,0.6399250811836067,64,64,64,64,1.7615166516505696e-05,0.08513701581598537,1.991601342654961
s7204_r4_n000_a125,confirmatory,7204,4,0.0,0.125,feedback_only,balanced_permutation_b_k1,balanced_permutation_b,balanced,1,0.18840039778945986,0.125,0.6340039778945984,64,64,8,64,0.3814352814460174,0.3965073132691742,1.060035556895395
s7204_r4_n000_a125,confirmatory,7204,4,0.0,0.125,feedback_only,balanced_permutation_b_k2,balanced_permutation_b,balanced,2,0.31340039778945983,0.25,0.6340039778945984,64,64,16,64,0.32154619363948334,0.3466182254626401,1.515881337154629
s7204_r4_n000_a125,confirmatory,7204,4,0.0,0.125,feedback_only,balanced_permutation_b_k4,balanced_permutation_b,balanced,4,0.5634003977894598,0.5,0.6340039778945984,64,64,32,64,0.11700917135773507,0.16208120318089186,2.2735843237010003
s7204_r4_n000_a125,confirmatory,7204,4,0.0,0.125,feedback_only,balanced_permutation_b_k8,balanced_permutation_b,balanced,8,1.06340039778946,1.0,0.6340039778945984,64,64,64,64,1.7615166516505696e-05,0.0850896469896733,1.991601342654961
s7204_r4_n000_a125,confirmatory,7204,4,0.0,0.125,feedback_only,comb_contiguous_k1,comb_contiguous,comb,1,0.225,0.125,1.0,64,64,8,64,0.3814352814460174,0.3994352814460174,1.060035556895395
s7204_r4_n000_a125,confirmatory,7204,4,0.0,0.125,feedback_only,comb_contiguous_k2,comb_contiguous,comb,2,0.35,0.25,1.0,64,64,16,64,0.27004782400539434,0.2980478240053943,1.777930477928527
s7204_r4_n000_a125,confirmatory,7204,4,0.0,0.125,feedback_only,comb_contiguous_k4,comb_contiguous,comb,4,0.6,0.5,1.0,64,64,32,64,0.15230527553883888,0.20030527553883887,2.0228148482477932
s7204_r4_n000_a125,confirmatory,7204,4,0.0,0.125,feedback_only,comb_contiguous_k8,comb_contiguous,comb,8,1.1,1.0,1.0,64,64,64,64,1.7615166516505696e-05,0.08801761516651652,1.991601342654961
s7204_r4_n000_a125,confirmatory,7204,4,0.0,0.125,feedback_only,balanced_contiguous_k1,balanced_contiguous,balanced,1,0.1737418407321983,0.125,0.487418407321983,64,64,8,256,0.3814531634201685,0.3953525106787444,1.089543134209477
s7204_r4_n000_a125,confirmatory,7204,4,0.0,0.125,feedback_only,balanced_contiguous_k2,balanced_contiguous,balanced,2,0.2987418407321983,0.25,0.487418407321983,64,64,16,256,0.25512583677607237,0.2790251840346482,1.522390717473077
s7204_r4_n000_a125,confirmatory,7204,4,0.0,0.125,feedback_only,balanced_contiguous_k4,balanced_contiguous,balanced,4,0.5487418407321983,0.5,0.487418407321983,64,64,32,256,4.762939424867366e-15,0.04389934725858063,2.0956515609048663
s7204_r4_n000_a125,confirmatory,7204,4,0.0,0.125,feedback_only,balanced_contiguous_k8,balanced_contiguous,balanced,8,1.0487418407321982,1.0,0.487418407321983,64,64,64,256,5.862730096328024e-17,0.08389934725857591,1.9999999897765872
s7204_r4_n000_a125,confirmatory,7204,4,0.0,0.125,feedback_only,balanced_interleaved_k1,balanced_interleaved,balanced,1,0.19088469787505546,0.125,0.6588469787505544,64,64,8,256,0.3814531634201685,0.3967239392501729,1.089543134209477
s7204_r4_n000_a125,confirmatory,7204,4,0.0,0.125,feedback_only,balanced_interleaved_k2,balanced_interleaved,balanced,2,0.31588469787505546,0.25,0.6588469787505544,64,64,16,256,0.25974155587016856,0.285012331700173,2.789715654446232
s7204_r4_n000_a125,confirmatory,7204,4,0.0,0.125,feedback_only,balanced_interleaved_k4,balanced_interleaved,balanced,4,0.5658846978750555,0.5,0.6588469787505544,64,64,32,256,0.1280831280954312,0.17335390392543565,3.1170349786302243
s7204_r4_n000_a125,confirmatory,7204,4,0.0,0.125,feedback_only,balanced_interleaved_k8,balanced_interleaved,balanced,8,1.0658846978750554,1.0,0.6588469787505544,64,64,64,256,5.862730096328024e-17,0.08527077583000449,1.9999999897765872
s7204_r4_n000_a125,confirmatory,7204,4,0.0,0.125,feedback_only,balanced_permutation_a_k1,balanced_permutation_a,balanced,1,0.18899250811836066,0.125,0.6399250811836067,64,64,8,256,0.3814531634201685,0.39657256406963737,1.089543134209477
s7204_r4_n000_a125,confirmatory,7204,4,0.0,0.125,feedback_only,balanced_permutation_a_k2,balanced_permutation_a,balanced,2,0.31399250811836066,0.25,0.6399250811836067,64,64,16,256,0.2718361734459976,0.29695557409546647,3.2275133101645057
s7204_r4_n000_a125,confirmatory,7204,4,0.0,0.125,feedback_only,balanced_permutation_a_k4,balanced_permutation_a,balanced,4,0.5639925081183607,0.5,0.6399250811836067,64,64,32,256,0.1148425409213526,0.15996194157082144,2.7056767220444784
s7204_r4_n000_a125,confirmatory,7204,4,0.0,0.125,feedback_only,balanced_permutation_a_k8,balanced_permutation_a,balanced,8,1.0639925081183608,1.0,0.6399250811836067,64,64,64,256,5.862730096328024e-17,0.08511940064946892,1.9999999897765872
s7204_r4_n000_a125,confirmatory,7204,4,0.0,0.125,feedback_only,balanced_permutation_b_k1,balanced_permutation_b,balanced,1,0.18840039778945986,0.125,0.6340039778945984,64,64,8,256,0.3814531634201685,0.3965251952433253,1.089543134209477
s7204_r4_n000_a125,confirmatory,7204,4,0.0,0.125,feedback_only,balanced_permutation_b_k2,balanced_permutation_b,balanced,2,0.31340039778945983,0.25,0.6340039778945984,64,64,16,256,0.26543618438388283,0.2905082162070396,2.9638731939549556
s7204_r4_n000_a125,confirmatory,7204,4,0.0,0.125,feedback_only,balanced_permutation_b_k4,balanced_permutation_b,balanced,4,0.5634003977894598,0.5,0.6340039778945984,64,64,32,256,0.041103368124087714,0.08617539994724449,3.8256721378742062
s7204_r4_n000_a125,confirmatory,7204,4,0.0,0.125,feedback_only,balanced_permutation_b_k8,balanced_permutation_b,balanced,8,1.06340039778946,1.0,0.6340039778945984,64,64,64,256,5.862730096328024e-17,0.08507203182315685,1.9999999897765872
s7204_r4_n000_a125,confirmatory,7204,4,0.0,0.125,feedback_only,comb_contiguous_k1,comb_contiguous,comb,1,0.225,0.125,1.0,64,64,8,256,0.3814531634201685,0.3994531634201685,1.089543134209477
s7204_r4_n000_a125,confirmatory,7204,4,0.0,0.125,feedback_only,comb_contiguous_k2,comb_contiguous,comb,2,0.35,0.25,1.0,64,64,16,256,0.25735770727510865,0.2853577072751087,2.2167168643539874
s7204_r4_n000_a125,confirmatory,7204,4,0.0,0.125,feedback_only,comb_contiguous_k4,comb_contiguous,comb,4,0.6,0.5,1.0,64,64,32,256,0.11425506273598524,0.16225506273598522,3.041057915476041
s7204_r4_n000_a125,confirmatory,7204,4,0.0,0.125,feedback_only,comb_contiguous_k8,comb_contiguous,comb,8,1.1,1.0,1.0,64,64,64,256,5.862730096328024e-17,0.08800000000000006,1.9999999897765872
s7204_r4_n000_a125,confirmatory,7204,4,0.0,0.125,joint_forward_feedback,balanced_contiguous_k1,balanced_contiguous,balanced,1,0.1737418407321983,0.125,0.487418407321983,64,64,8,16,0.40870146324362433,0.4226008105022002,0.7889781092026196
s7204_r4_n000_a125,confirmatory,7204,4,0.0,0.125,joint_forward_feedback,balanced_contiguous_k2,balanced_contiguous,balanced,2,0.2987418407321983,0.25,0.487418407321983,64,64,16,16,0.32412601208627867,0.3480253593448545,1.026240668355706
s7204_r4_n000_a125,confirmatory,7204,4,0.0,0.125,joint_forward_feedback,balanced_contiguous_k4,balanced_contiguous,balanced,4,0.5487418407321983,0.5,0.487418407321983,64,64,32,16,0.14298034515437824,0.1868796924129541,1.444657337308859
s7204_r4_n000_a125,confirmatory,7204,4,0.0,0.125,joint_forward_feedback,balanced_contiguous_k8,balanced_contiguous,balanced,8,1.0487418407321982,1.0,0.487418407321983,64,64,64,16,0.13362186585720293,0.21752121311577877,1.4605296277441138
s7204_r4_n000_a125,confirmatory,7204,4,0.0,0.125,joint_forward_feedback,balanced_interleaved_k1,balanced_interleaved,balanced,1,0.19088469787505546,0.125,0.6588469787505544,64,64,8,16,0.4013599474108021,0.4166307232408065,0.8081111698614287
s7204_r4_n000_a125,confirmatory,7204,4,0.0,0.125,joint_forward_feedback,balanced_interleaved_k2,balanced_interleaved,balanced,2,0.31588469787505546,0.25,0.6588469787505544,64,64,16,16,0.38081470011695107,0.4060854759469555,0.881020197356494
s7204_r4_n000_a125,confirmatory,7204,4,0.0,0.125,joint_forward_feedback,balanced_interleaved_k4,balanced_interleaved,balanced,4,0.5658846978750555,0.5,0.6588469787505544,64,64,32,16,0.274144453263393,0.3194152290933974,1.1545601083059656
s7204_r4_n000_a125,confirmatory,7204,4,0.0,0.125,joint_forward_feedback,balanced_interleaved_k8,balanced_interleaved,balanced,8,1.0658846978750554,1.0,0.6588469787505544,64,64,64,16,0.1138721801100753,0.19914295594007975,1.4895709947355555
s7204_r4_n000_a125,confirmatory,7204,4,0.0,0.125,joint_forward_feedback,balanced_permutation_a_k1,balanced_permutation_a,balanced,1,0.18899250811836066,0.125,0.6399250811836067,64,64,8,16,0.4008960023019542,0.4160154029514231,0.8105370690852358
s7204_r4_n000_a125,confirmatory,7204,4,0.0,0.125,joint_forward_feedback,balanced_permutation_a_k2,balanced_permutation_a,balanced,2,0.31399250811836066,0.25,0.6399250811836067,64,64,16,16,0.3867657589486563,0.4118851595981251,0.863531774372407
s7204_r4_n000_a125,confirmatory,7204,4,0.0,0.125,joint_forward_feedback,balanced_permutation_a_k4,balanced_permutation_a,balanced,4,0.5639925081183607,0.5,0.6399250811836067,64,64,32,16,0.2799471500249881,0.32506655067445694,1.1651710187949473
s7204_r4_n000_a125,confirmatory,7204,4,0.0,0.125,joint_forward_feedback,balanced_permutation_a_k8,balanced_permutation_a,balanced,8,1.0639925081183608,1.0,0.6399250811836067,64,64,64,16,0.12900030180959132,0.2141197024590602,1.4652457145030202
s7204_r4_n000_a125,confirmatory,7204,4,0.0,0.125,joint_forward_feedback,balanced_permutation_b_k1,balanced_permutation_b,balanced,1,0.18840039778945986,0.125,0.6340039778945984,64,64,8,16,0.40212561324773877,0.4171976450708956,0.807469023047686
s7204_r4_n000_a125,confirmatory,7204,4,0.0,0.125,joint_forward_feedback,balanced_permutation_b_k2,balanced_permutation_b,balanced,2,0.31340039778945983,0.25,0.6340039778945984,64,64,16,16,0.3899912995559999,0.41506333137915674,0.8508029886109334
s7204_r4_n000_a125,confirmatory,7204,4,0.0,0.125,joint_forward_feedback,balanced_permutation_b_k4,balanced_permutation_b,balanced,4,0.5634003977894598,0.5,0.6340039778945984,64,64,32,16,0.2793272574427999,0.3243992892659567,1.1715646834123652
s7204_r4_n000_a125,confirmatory,7204,4,0.0,0.125,joint_forward_feedback,balanced_permutation_b_k8,balanced_permutation_b,balanced,8,1.06340039778946,1.0,0.6340039778945984,64,64,64,16,0.1250186093691345,0.21009064119229132,1.472880561487923
s7204_r4_n000_a125,confirmatory,7204,4,0.0,0.125,joint_forward_feedback,comb_contiguous_k1,comb_contiguous,comb,1,0.225,0.125,1.0,64,64,8,16,0.3991190517456479,0.4171190517456479,0.8113730343158139
s7204_r4_n000_a125,confirmatory,7204,4,0.0,0.125,joint_forward_feedback,comb_contiguous_k2,comb_contiguous,comb,2,0.35,0.25,1.0,64,64,16,16,0.36052632549143626,0.3885263254914363,0.910536234519076
s7204_r4_n000_a125,confirmatory,7204,4,0.0,0.125,joint_forward_feedback,comb_contiguous_k4,comb_contiguous,comb,4,0.6,0.5,1.0,64,64,32,16,0.2693187391097581,0.3173187391097581,1.123289934978205
s7204_r4_n000_a125,confirmatory,7204,4,0.0,0.125,joint_forward_feedback,comb_contiguous_k8,comb_contiguous,comb,8,1.1,1.0,1.0,64,64,64,16,0.09015672467003324,0.17815672467003324,1.5171887422929358
s7204_r4_n000_a125,confirmatory,7204,4,0.0,0.125,joint_forward_feedback,balanced_contiguous_k1,balanced_contiguous,balanced,1,0.1737418407321983,0.125,0.487418407321983,64,64,8,64,0.3818964374781286,0.3957957847367045,1.3770307681346488
s7204_r4_n000_a125,confirmatory,7204,4,0.0,0.125,joint_forward_feedback,balanced_contiguous_k2,balanced_contiguous,balanced,2,0.2987418407321983,0.25,0.487418407321983,64,64,16,64,0.25792042491256606,0.2818197721711419,1.8662153194554403
s7204_r4_n000_a125,confirmatory,7204,4,0.0,0.125,joint_forward_feedback,balanced_contiguous_k4,balanced_contiguous,balanced,4,0.5487418407321983,0.5,0.487418407321983,64,64,32,64,0.004409363403708283,0.04830871066228415,2.7090697463459983
s7204_r4_n000_a125,confirmatory,7204,4,0.0,0.125,joint_forward_feedback,balanced_contiguous_k8,balanced_contiguous,balanced,8,1.0487418407321982,1.0,0.487418407321983,64,64,64,64,0.0033013847902836303,0.08720073204885949,2.6707387307564825
s7204_r4_n000_a125,confirmatory,7204,4,0.0,0.125,joint_forward_feedback,balanced_interleaved_k1,balanced_interleaved,balanced,1,0.19088469787505546,0.125,0.6588469787505544,64,64,8,64,0.3816007514228744,0.39687152725287883,1.2988723020684705
s7204_r4_n000_a125,confirmatory,7204,4,0.0,0.125,joint_forward_feedback,balanced_interleaved_k2,balanced_interleaved,balanced,2,0.31588469787505546,0.25,0.6588469787505544,64,64,16,64,0.3223406765170038,0.34761145234700824,1.6841586249500575
s7204_r4_n000_a125,confirmatory,7204,4,0.0,0.125,joint_forward_feedback,balanced_interleaved_k4,balanced_interleaved,balanced,4,0.5658846978750555,0.5,0.6588469787505544,64,64,32,64,0.19048443251197977,0.2357552083419842,2.111770425896147
s7204_r4_n000_a125,confirmatory,7204,4,0.0,0.125,joint_forward_feedback,balanced_interleaved_k8,balanced_interleaved,balanced,8,1.0658846978750554,1.0,0.6588469787505544,64,64,64,64,0.0021423618798017893,0.08741313770980622,2.572958888801097
s7204_r4_n000_a125,confirmatory,7204,4,0.0,0.125,joint_forward_feedback,balanced_permutation_a_k1,balanced_permutation_a,balanced,1,0.18899250811836066,0.125,0.6399250811836067,64,64,8,64,0.38129664641039146,0.39641604705986033,1.2919604607064568
s7204_r4_n000_a125,confirmatory,7204,4,0.0,0.125,joint_forward_feedback,balanced_permutation_a_k2,balanced_permutation_a,balanced,2,0.31399250811836066,0.25,0.6399250811836067,64,64,16,64,0.33771339121849075,0.3628327918679596,1.6410304610422912
s7204_r4_n000_a125,confirmatory,7204,4,0.0,0.125,joint_forward_feedback,balanced_permutation_a_k4,balanced_permutation_a,balanced,4,0.5639925081183607,0.5,0.6399250811836067,64,64,32,64,0.14829776983523935,0.1934171704847082,2.471024937389187
s7204_r4_n000_a125,confirmatory,7204,4,0.0,0.125,joint_forward_feedback,balanced_permutation_a_k8,balanced_permutation_a,balanced,8,1.0639925081183608,1.0,0.6399250811836067,64,64,64,64,0.005967080438243832,0.0910864810877127,2.6010423459213037
s7204_r4_n000_a125,confirmatory,7204,4,0.0,0.125,joint_forward_feedback,balanced_permutation_b_k1,balanced_permutation_b,balanced,1,0.18840039778945986,0.125,0.6340039778945984,64,64,8,64,0.38163889770938203,0.39671092953253884,1.3076565159967575
s7204_r4_n000_a125,confirmatory,7204,4,0.0,0.125,joint_forward_feedback,balanced_permutation_b_k2,balanced_permutation_b,balanced,2,0.31340039778945983,0.25,0.6340039778945984,64,64,16,64,0.34591495707114833,0.37098698889430515,1.5497395103756673
s7204_r4_n000_a125,confirmatory,7204,4,0.0,0.125,joint_forward_feedback,balanced_permutation_b_k4,balanced_permutation_b,balanced,4,0.5634003977894598,0.5,0.6340039778945984,64,64,32,64,0.15435568310406306,0.19942771492721983,2.40330355556417
s7204_r4_n000_a125,confirmatory,7204,4,0.0,0.125,joint_forward_feedback,balanced_permutation_b_k8,balanced_permutation_b,balanced,8,1.06340039778946,1.0,0.6340039778945984,64,64,64,64,0.0036284913114091803,0.08870052313456597,2.612898738579415
s7204_r4_n000_a125,confirmatory,7204,4,0.0,0.125,joint_forward_feedback,comb_contiguous_k1,comb_contiguous,comb,1,0.225,0.125,1.0,64,64,8,64,0.3831946279801755,0.4011946279801755,1.2722413709699174
s7204_r4_n000_a125,confirmatory,7204,4,0.0,0.125,joint_forward_feedback,comb_contiguous_k2,comb_contiguous,comb,2,0.35,0.25,1.0,64,64,16,64,0.28126484633488347,0.3092648463348835,1.87867584339031
s7204_r4_n000_a125,confirmatory,7204,4,0.0,0.125,joint_forward_feedback,comb_contiguous_k4,comb_contiguous,comb,4,0.6,0.5,1.0,64,64,32,64,0.17626148033600436,0.22426148033600435,2.1120271744603323
s7204_r4_n000_a125,confirmatory,7204,4,0.0,0.125,joint_forward_feedback,comb_contiguous_k8,comb_contiguous,comb,8,1.1,1.0,1.0,64,64,64,64,0.001029898564632538,0.08902989856463255,2.450868958776852
s7204_r4_n000_a125,confirmatory,7204,4,0.0,0.125,joint_forward_feedback,balanced_contiguous_k1,balanced_contiguous,balanced,1,0.1737418407321983,0.125,0.487418407321983,64,64,8,256,0.3806051218982463,0.3945044691568222,1.4785160449855095
s7204_r4_n000_a125,confirmatory,7204,4,0.0,0.125,joint_forward_feedback,balanced_contiguous_k2,balanced_contiguous,balanced,2,0.2987418407321983,0.25,0.487418407321983,64,64,16,256,0.2544782120771258,0.27837755933570163,2.076887765517955
s7204_r4_n000_a125,confirmatory,7204,4,0.0,0.125,joint_forward_feedback,balanced_contiguous_k4,balanced_contiguous,balanced,4,0.5487418407321983,0.5,0.487418407321983,64,64,32,256,4.5906753671777416e-08,0.04389939316532954,2.95577434911378
s7204_r4_n000_a125,confirmatory,7204,4,0.0,0.125,joint_forward_feedback,balanced_contiguous_k8,balanced_contiguous,balanced,8,1.0487418407321982,1.0,0.487418407321983,64,64,64,256,1.4178380880930073e-08,0.08389936143695674,2.8772685114577343
s7204_r4_n000_a125,confirmatory,7204,4,0.0,0.125,joint_forward_feedback,balanced_interleaved_k1,balanced_interleaved,balanced,1,0.19088469787505546,0.125,0.6588469787505544,64,64,8,256,0.38077671803249036,0.39604749386249477,1.3621171096150162
s7204_r4_n000_a125,confirmatory,7204,4,0.0,0.125,joint_forward_feedback,balanced_interleaved_k2,balanced_interleaved,balanced,2,0.31588469787505546,0.25,0.6588469787505544,64,64,16,256,0.26721113044211153,0.29248190627211595,3.048978908264093
s7204_r4_n000_a125,confirmatory,7204,4,0.0,0.125,joint_forward_feedback,balanced_interleaved_k4,balanced_interleaved,balanced,4,0.5658846978750555,0.5,0.6588469787505544,64,64,32,256,0.13570938223011197,0.18098015806011641,3.466668460771768
s7204_r4_n000_a125,confirmatory,7204,4,0.0,0.125,joint_forward_feedback,balanced_interleaved_k8,balanced_interleaved,balanced,8,1.0658846978750554,1.0,0.6588469787505544,64,64,64,256,3.249303360523745e-09,0.08527077907930779,2.726636409142203
s7204_r4_n000_a125,confirmatory,7204,4,0.0,0.125,joint_forward_feedback,balanced_permutation_a_k1,balanced_permutation_a,balanced,1,0.18899250811836066,0.125,0.6399250811836067,64,64,8,256,0.38059871366853837,0.39571811431800724,1.3552271866332555
s7204_r4_n000_a125,confirmatory,7204,4,0.0,0.125,joint_forward_feedback,balanced_permutation_a_k2,balanced_permutation_a,balanced,2,0.31399250811836066,0.25,0.6399250811836067,64,64,16,256,0.27925315984278076,0.3043725604922496,3.262282606899165
s7204_r4_n000_a125,confirmatory,7204,4,0.0,0.125,joint_forward_feedback,balanced_permutation_a_k4,balanced_permutation_a,balanced,4,0.5639925081183607,0.5,0.6399250811836067,64,64,32,256,0.12031218193841148,0.16543158258788032,3.281442021419515
s7204_r4_n000_a125,confirmatory,7204,4,0.0,0.125,joint_forward_feedback,balanced_permutation_a_k8,balanced_permutation_a,balanced,8,1.0639925081183608,1.0,0.6399250811836067,64,64,64,256,2.1959257804574275e-07,0.08511962024204692,2.864662102440179
s7204_r4_n000_a125,confirmatory,7204,4,0.0,0.125,joint_forward_feedback,balanced_permutation_b_k1,balanced_permutation_b,balanced,1,0.18840039778945986,0.125,0.6340039778945984,64,64,8,256,0.3808319729287682,0.395904004751925,1.3750152780100555
s7204_r4_n000_a125,confirmatory,7204,4,0.0,0.125,joint_forward_feedback,balanced_permutation_b_k2,balanced_permutation_b,balanced,2,0.31340039778945983,0.25,0.6340039778945984,64,64,16,256,0.28887067741916506,0.3139427092423218,2.921665750232231
s7204_r4_n000_a125,confirmatory,7204,4,0.0,0.125,joint_forward_feedback,balanced_permutation_b_k4,balanced_permutation_b,balanced,4,0.5634003977894598,0.5,0.6340039778945984,64,64,32,256,0.06587593756055336,0.11094796938371015,4.091912063919372
s7204_r4_n000_a125,confirmatory,7204,4,0.0,0.125,joint_forward_feedback,balanced_permutation_b_k8,balanced_permutation_b,balanced,8,1.06340039778946,1.0,0.6340039778945984,64,64,64,256,2.1443500020531036e-08,0.08507205326665682,2.817184707827979
s7204_r4_n000_a125,confirmatory,7204,4,0.0,0.125,joint_forward_feedback,comb_contiguous_k1,comb_contiguous,comb,1,0.225,0.125,1.0,64,64,8,256,0.3822203506729245,0.4002203506729245,1.3170718042800946
s7204_r4_n000_a125,confirmatory,7204,4,0.0,0.125,joint_forward_feedback,comb_contiguous_k2,comb_contiguous,comb,2,0.35,0.25,1.0,64,64,16,256,0.257726521121764,0.285726521121764,2.5457155057279386
s7204_r4_n000_a125,confirmatory,7204,4,0.0,0.125,joint_forward_feedback,comb_contiguous_k4,comb_contiguous,comb,4,0.6,0.5,1.0,64,64,32,256,0.12055629410254737,0.16855629410254735,3.3989870006934737
s7204_r4_n000_a125,confirmatory,7204,4,0.0,0.125,joint_forward_feedback,comb_contiguous_k8,comb_contiguous,comb,8,1.1,1.0,1.0,64,64,64,256,4.944612759151969e-10,0.08800000049446129,2.546858702858869
s7204_r4_n000_a375,confirmatory,7204,4,0.0,0.375,feedback_only,balanced_contiguous_k1,balanced_contiguous,balanced,1,0.1737418407321983,0.125,0.487418407321983,64,64,8,16,0.42571517828360245,0.43961452554217834,0.732074124322856
s7204_r4_n000_a375,confirmatory,7204,4,0.0,0.375,feedback_only,balanced_contiguous_k2,balanced_contiguous,balanced,2,0.2987418407321983,0.25,0.487418407321983,64,64,16,16,0.3480861579138446,0.37198550517242046,0.9368568428960053
s7204_r4_n000_a375,confirmatory,7204,4,0.0,0.375,feedback_only,balanced_contiguous_k4,balanced_contiguous,balanced,4,0.5487418407321983,0.5,0.487418407321983,64,64,32,16,0.1889776408051413,0.23287698806371715,1.2998701149964873
s7204_r4_n000_a375,confirmatory,7204,4,0.0,0.375,feedback_only,balanced_contiguous_k8,balanced_contiguous,balanced,8,1.0487418407321982,1.0,0.487418407321983,64,64,64,16,0.04166213529242032,0.12556148255099617,1.494219978489486
s7204_r4_n000_a375,confirmatory,7204,4,0.0,0.375,feedback_only,balanced_interleaved_k1,balanced_interleaved,balanced,1,0.19088469787505546,0.125,0.6588469787505544,64,64,8,16,0.42571517828360245,0.44098595411360686,0.732074124322856
s7204_r4_n000_a375,confirmatory,7204,4,0.0,0.375,feedback_only,balanced_interleaved_k2,balanced_interleaved,balanced,2,0.31588469787505546,0.25,0.6588469787505544,64,64,16,16,0.3220405701479997,0.3473113459780041,1.026895676448345
s7204_r4_n000_a375,confirmatory,7204,4,0.0,0.375,feedback_only,balanced_interleaved_k4,balanced_interleaved,balanced,4,0.5658846978750555,0.5,0.6588469787505544,64,64,32,16,0.18003743725215393,0.22530821308215837,1.3321800958913812
s7204_r4_n000_a375,confirmatory,7204,4,0.0,0.375,feedback_only,balanced_interleaved_k8,balanced_interleaved,balanced,8,1.0658846978750554,1.0,0.6588469787505544,64,64,64,16,0.04166213529242032,0.12693291112242475,1.494219978489486
s7204_r4_n000_a375,confirmatory,7204,4,0.0,0.375,feedback_only,balanced_permutation_a_k1,balanced_permutation_a,balanced,1,0.18899250811836066,0.125,0.6399250811836067,64,64,8,16,0.42571517828360245,0.4408345789330713,0.732074124322856
s7204_r4_n000_a375,confirmatory,7204,4,0.0,0.375,feedback_only,balanced_permutation_a_k2,balanced_permutation_a,balanced,2,0.31399250811836066,0.25,0.6399250811836067,64,64,16,16,0.38169964653643973,0.40681904718590856,0.8727547267839452
s7204_r4_n000_a375,confirmatory,7204,4,0.0,0.375,feedback_only,balanced_permutation_a_k4,balanced_permutation_a,balanced,4,0.5639925081183607,0.5,0.6399250811836067,64,64,32,16,0.2781825207944623,0.32330192144393116,1.123963367396944
s7204_r4_n000_a375,confirmatory,7204,4,0.0,0.375,feedback_only,balanced_permutation_a_k8,balanced_permutation_a,balanced,8,1.0639925081183608,1.0,0.6399250811836067,64,64,64,16,0.04166213529242032,0.12678153594188918,1.494219978489486
s7204_r4_n000_a375,confirmatory,7204,4,0.0,0.375,feedback_only,balanced_permutation_b_k1,balanced_permutation_b,balanced,1,0.18840039778945986,0.125,0.6340039778945984,64,64,8,16,0.42571517828360245,0.44078721010675925,0.732074124322856
s7204_r4_n000_a375,confirmatory,7204,4,0.0,0.375,feedback_only,balanced_permutation_b_k2,balanced_permutation_b,balanced,2,0.31340039778945983,0.25,0.6340039778945984,64,64,16,16,0.3346203098267895,0.35969234164994623,1.020655017350561
s7204_r4_n000_a375,confirmatory,7204,4,0.0,0.375,feedback_only,balanced_permutation_b_k4,balanced_permutation_b,balanced,4,0.5634003977894598,0.5,0.6340039778945984,64,64,32,16,0.27112116937821695,0.31619320120137373,1.1484110374114394
s7204_r4_n000_a375,confirmatory,7204,4,0.0,0.375,feedback_only,balanced_permutation_b_k8,balanced_permutation_b,balanced,8,1.06340039778946,1.0,0.6340039778945984,64,64,64,16,0.04166213529242032,0.1267341671155771,1.494219978489486
s7204_r4_n000_a375,confirmatory,7204,4,0.0,0.375,feedback_only,comb_contiguous_k1,comb_contiguous,comb,1,0.225,0.125,1.0,64,64,8,16,0.42571517828360245,0.44371517828360246,0.732074124322856
s7204_r4_n000_a375,confirmatory,7204,4,0.0,0.375,feedback_only,comb_contiguous_k2,comb_contiguous,comb,2,0.35,0.25,1.0,64,64,16,16,0.3627154539206757,0.39071545392067575,0.9367002997459333
s7204_r4_n000_a375,confirmatory,7204,4,0.0,0.375,feedback_only,comb_contiguous_k4,comb_contiguous,comb,4,0.6,0.5,1.0,64,64,32,16,0.25420880068014784,0.3022088006801478,1.1627472571599111
s7204_r4_n000_a375,confirmatory,7204,4,0.0,0.375,feedback_only,comb_contiguous_k8,comb_contiguous,comb,8,1.1,1.0,1.0,64,64,64,16,0.04166213529242032,0.12966213529242032,1.494219978489486
s7204_r4_n000_a375,confirmatory,7204,4,0.0,0.375,feedback_only,balanced_contiguous_k1,balanced_contiguous,balanced,1,0.1737418407321983,0.125,0.487418407321983,64,64,8,64,0.40154784545734423,0.4154471927159201,1.118509914795168
s7204_r4_n000_a375,confirmatory,7204,4,0.0,0.375,feedback_only,balanced_contiguous_k2,balanced_contiguous,balanced,2,0.2987418407321983,0.25,0.487418407321983,64,64,16,64,0.27115544761470733,0.2950547948732832,1.805442677110468
s7204_r4_n000_a375,confirmatory,7204,4,0.0,0.375,feedback_only,balanced_contiguous_k4,balanced_contiguous,balanced,4,0.5487418407321983,0.5,0.487418407321983,64,64,32,64,0.02708033036141344,0.0709796776199893,2.622969122367081
s7204_r4_n000_a375,confirmatory,7204,4,0.0,0.375,feedback_only,balanced_contiguous_k8,balanced_contiguous,balanced,8,1.0487418407321982,1.0,0.487418407321983,64,64,64,64,1.619169554655093e-05,0.0839155389541224,1.9916156502558424
s7204_r4_n000_a375,confirmatory,7204,4,0.0,0.375,feedback_only,balanced_interleaved_k1,balanced_interleaved,balanced,1,0.19088469787505546,0.125,0.6588469787505544,64,64,8,64,0.40154784545734423,0.41681862128734865,1.118509914795168
s7204_r4_n000_a375,confirmatory,7204,4,0.0,0.375,feedback_only,balanced_interleaved_k2,balanced_interleaved,balanced,2,0.31588469787505546,0.25,0.6588469787505544,64,64,16,64,0.26110456825608247,0.2863753440860869,1.7743620129562676
s7204_r4_n000_a375,confirmatory,7204,4,0.0,0.375,feedback_only,balanced_interleaved_k4,balanced_interleaved,balanced,4,0.5658846978750555,0.5,0.6588469787505544,64,64,32,64,0.10352913972801371,0.14879991555801814,2.1633427164917363
s7204_r4_n000_a375,confirmatory,7204,4,0.0,0.375,feedback_only,balanced_interleaved_k8,balanced_interleaved,balanced,8,1.0658846978750554,1.0,0.6588469787505544,64,64,64,64,1.619169554655093e-05,0.08528696752555098,1.9916156502558424
s7204_r4_n000_a375,confirmatory,7204,4,0.0,0.375,feedback_only,balanced_permutation_a_k1,balanced_permutation_a,balanced,1,0.18899250811836066,0.125,0.6399250811836067,64,64,8,64,0.40154784545734423,0.4166672461068131,1.118509914795168
s7204_r4_n000_a375,confirmatory,7204,4,0.0,0.375,feedback_only,balanced_permutation_a_k2,balanced_permutation_a,balanced,2,0.31399250811836066,0.25,0.6399250811836067,64,64,16,64,0.31042687343440434,0.33554627408387316,1.6583401723605096
s7204_r4_n000_a375,confirmatory,7204,4,0.0,0.375,feedback_only,balanced_permutation_a_k4,balanced_permutation_a,balanced,4,0.5639925081183607,0.5,0.6399250811836067,64,64,32,64,0.1491305991656371,0.19424999981510593,2.23371319188263
s7204_r4_n000_a375,confirmatory,7204,4,0.0,0.375,feedback_only,balanced_permutation_a_k8,balanced_permutation_a,balanced,8,1.0639925081183608,1.0,0.6399250811836067,64,64,64,64,1.619169554655093e-05,0.08513559234501542,1.9916156502558424
s7204_r4_n000_a375,confirmatory,7204,4,0.0,0.375,feedback_only,balanced_permutation_b_k1,balanced_permutation_b,balanced,1,0.18840039778945986,0.125,0.6340039778945984,64,64,8,64,0.40154784545734423,0.41661987728050104,1.118509914795168
s7204_r4_n000_a375,confirmatory,7204,4,0.0,0.375,feedback_only,balanced_permutation_b_k2,balanced_permutation_b,balanced,2,0.31340039778945983,0.25,0.6340039778945984,64,64,16,64,0.26705903874973114,0.2921310705728879,1.8769937736433382
s7204_r4_n000_a375,confirmatory,7204,4,0.0,0.375,feedback_only,balanced_permutation_b_k4,balanced_permutation_b,balanced,4,0.5634003977894598,0.5,0.6340039778945984,64,64,32,64,0.16187416887708928,0.20694620070024605,2.1817315120075507
s7204_r4_n000_a375,confirmatory,7204,4,0.0,0.375,feedback_only,balanced_permutation_b_k8,balanced_permutation_b,balanced,8,1.06340039778946,1.0,0.6340039778945984,64,64,64,64,1.619169554655093e-05,0.08508822351870335,1.9916156502558424
s7204_r4_n000_a375,confirmatory,7204,4,0.0,0.375,feedback_only,comb_contiguous_k1,comb_contiguous,comb,1,0.225,0.125,1.0,64,64,8,64,0.40154784545734423,0.41954784545734425,1.118509914795168
s7204_r4_n000_a375,confirmatory,7204,4,0.0,0.375,feedback_only,comb_contiguous_k2,comb_contiguous,comb,2,0.35,0.25,1.0,64,64,16,64,0.28179032157268674,0.3097903215726867,1.898562734428382
s7204_r4_n000_a375,confirmatory,7204,4,0.0,0.375,feedback_only,comb_contiguous_k4,comb_contiguous,comb,4,0.6,0.5,1.0,64,64,32,64,0.11135869508918862,0.15935869508918862,2.420425123337172
s7204_r4_n000_a375,confirmatory,7204,4,0.0,0.375,feedback_only,comb_contiguous_k8,comb_contiguous,comb,8,1.1,1.0,1.0,64,64,64,64,1.619169554655093e-05,0.08801619169554656,1.9916156502558424
s7204_r4_n000_a375,confirmatory,7204,4,0.0,0.375,feedback_only,balanced_contiguous_k1,balanced_contiguous,balanced,1,0.1737418407321983,0.125,0.487418407321983,64,64,8,256,0.40162197678717787,0.41552132404575376,1.2110290839101316
s7204_r4_n000_a375,confirmatory,7204,4,0.0,0.375,feedback_only,balanced_contiguous_k2,balanced_contiguous,balanced,2,0.2987418407321983,0.25,0.487418407321983,64,64,16,256,0.26514615350801074,0.2890455007665866,2.0965221617993746
s7204_r4_n000_a375,confirmatory,7204,4,0.0,0.375,feedback_only,balanced_contiguous_k4,balanced_contiguous,balanced,4,0.5487418407321983,0.5,0.487418407321983,64,64,32,256,5.3935427138572116e-05,0.04395328268571444,3.4356218299310255
s7204_r4_n000_a375,confirmatory,7204,4,0.0,0.375,feedback_only,balanced_contiguous_k8,balanced_contiguous,balanced,8,1.0487418407321982,1.0,0.487418407321983,64,64,64,256,2.310525952248771e-17,0.08389934725857588,1.9999999943131357
s7204_r4_n000_a375,confirmatory,7204,4,0.0,0.375,feedback_only,balanced_interleaved_k1,balanced_interleaved,balanced,1,0.19088469787505546,0.125,0.6588469787505544,64,64,8,256,0.40162197678717787,0.4168927526171823,1.2110290839101316
s7204_r4_n000_a375,confirmatory,7204,4,0.0,0.375,feedback_only,balanced_interleaved_k2,balanced_interleaved,balanced,2,0.31588469787505546,0.25,0.6588469787505544,64,64,16,256,0.26378040758562826,0.2890511834156327,1.885285554688899
s7204_r4_n000_a375,confirmatory,7204,4,0.0,0.375,feedback_only,balanced_interleaved_k4,balanced_interleaved,balanced,4,0.5658846978750555,0.5,0.6588469787505544,64,64,32,256,0.06003986008039944,0.10531063591040388,3.093576594056529
s7204_r4_n000_a375,confirmatory,7204,4,0.0,0.375,feedback_only,balanced_interleaved_k8,balanced_interleaved,balanced,8,1.0658846978750554,1.0,0.6588469787505544,64,64,64,256,2.310525952248771e-17,0.08527077583000446,1.9999999943131357
s7204_r4_n000_a375,confirmatory,7204,4,0.0,0.375,feedback_only,balanced_permutation_a_k1,balanced_permutation_a,balanced,1,0.18899250811836066,0.125,0.6399250811836067,64,64,8,256,0.40162197678717787,0.41674137743664674,1.2110290839101316
s7204_r4_n000_a375,confirmatory,7204,4,0.0,0.375,feedback_only,balanced_permutation_a_k2,balanced_permutation_a,balanced,2,0.31399250811836066,0.25,0.6399250811836067,64,64,16,256,0.2738718730030366,0.29899127365250544,2.899210100499555
s7204_r4_n000_a375,confirmatory,7204,4,0.0,0.375,feedback_only,balanced_permutation_a_k4,balanced_permutation_a,balanced,4,0.5639925081183607,0.5,0.6399250811836067,64,64,32,256,0.05949732523557774,0.10461672588504659,4.080719478135589
s7204_r4_n000_a375,confirmatory,7204,4,0.0,0.375,feedback_only,balanced_permutation_a_k8,balanced_permutation_a,balanced,8,1.0639925081183608,1.0,0.6399250811836067,64,64,64,256,2.310525952248771e-17,0.0851194006494689,1.9999999943131357
s7204_r4_n000_a375,confirmatory,7204,4,0.0,0.375,feedback_only,balanced_permutation_b_k1,balanced_permutation_b,balanced,1,0.18840039778945986,0.125,0.6340039778945984,64,64,8,256,0.40162197678717787,0.4166940086103347,1.2110290839101316
s7204_r4_n000_a375,confirmatory,7204,4,0.0,0.375,feedback_only,balanced_permutation_b_k2,balanced_permutation_b,balanced,2,0.31340039778945983,0.25,0.6340039778945984,64,64,16,256,0.26730185105807647,0.2923738828812332,2.059831463233531
s7204_r4_n000_a375,confirmatory,7204,4,0.0,0.375,feedback_only,balanced_permutation_b_k4,balanced_permutation_b,balanced,4,0.5634003977894598,0.5,0.6340039778945984,64,64,32,256,0.08149589338823218,0.12656792521138896,3.861005597120985
s7204_r4_n000_a375,confirmatory,7204,4,0.0,0.375,feedback_only,balanced_permutation_b_k8,balanced_permutation_b,balanced,8,1.06340039778946,1.0,0.6340039778945984,64,64,64,256,2.310525952248771e-17,0.08507203182315683,1.9999999943131357
s7204_r4_n000_a375,confirmatory,7204,4,0.0,0.375,feedback_only,comb_contiguous_k1,comb_contiguous,comb,1,0.225,0.125,1.0,64,64,8,256,0.40162197678717787,0.4196219767871779,1.2110290839101316
s7204_r4_n000_a375,confirmatory,7204,4,0.0,0.375,feedback_only,comb_contiguous_k2,comb_contiguous,comb,2,0.35,0.25,1.0,64,64,16,256,0.26863768090338946,0.2966376809033895,2.5156898978099425
s7204_r4_n000_a375,confirmatory,7204,4,0.0,0.375,feedback_only,comb_contiguous_k4,comb_contiguous,comb,4,0.6,0.5,1.0,64,64,32,256,0.04611331679148988,0.09411331679148988,3.7879890564802534
s7204_r4_n000_a375,confirmatory,7204,4,0.0,0.375,feedback_only,comb_contiguous_k8,comb_contiguous,comb,8,1.1,1.0,1.0,64,64,64,256,2.310525952248771e-17,0.08800000000000004,1.9999999943131357
s7204_r4_n000_a375,confirmatory,7204,4,0.0,0.375,joint_forward_feedback,balanced_contiguous_k1,balanced_contiguous,balanced,1,0.1737418407321983,0.125,0.487418407321983,64,64,8,16,0.45182720371695106,0.46572655097552695,0.6395460330583912
s7204_r4_n000_a375,confirmatory,7204,4,0.0,0.375,joint_forward_feedback,balanced_contiguous_k2,balanced_contiguous,balanced,2,0.2987418407321983,0.25,0.487418407321983,64,64,16,16,0.4022089162076061,0.42610826346618197,0.7960395801228107
s7204_r4_n000_a375,confirmatory,7204,4,0.0,0.375,joint_forward_feedback,balanced_contiguous_k4,balanced_contiguous,balanced,4,0.5487418407321983,0.5,0.487418407321983,64,64,32,16,0.29329912904763633,0.3371984763062122,1.1090061847804078
s7204_r4_n000_a375,confirmatory,7204,4,0.0,0.375,joint_forward_feedback,balanced_contiguous_k8,balanced_contiguous,balanced,8,1.0487418407321982,1.0,0.487418407321983,64,64,64,16,0.19306528847459326,0.2769646357331691,1.3216369275474809
s7204_r4_n000_a375,confirmatory,7204,4,0.0,0.375,joint_forward_feedback,balanced_interleaved_k1,balanced_interleaved,balanced,1,0.19088469787505546,0.125,0.6588469787505544,64,64,8,16,0.44442004116970035,0.45969081699970477,0.6695113519340863
s7204_r4_n000_a375,confirmatory,7204,4,0.0,0.375,joint_forward_feedback,balanced_interleaved_k2,balanced_interleaved,balanced,2,0.31588469787505546,0.25,0.6588469787505544,64,64,16,16,0.36426606182632737,0.3895368376563318,0.92419615914208
s7204_r4_n000_a375,confirmatory,7204,4,0.0,0.375,joint_forward_feedback,balanced_interleaved_k4,balanced_interleaved,balanced,4,0.5658846978750555,0.5,0.6588469787505544,64,64,32,16,0.24347429896158995,0.2887450747915944,1.231813140411694
s7204_r4_n000_a375,confirmatory,7204,4,0.0,0.375,joint_forward_feedback,balanced_interleaved_k8,balanced_interleaved,balanced,8,1.0658846978750554,1.0,0.6588469787505544,64,64,64,16,0.12743011518399727,0.2127008910140017,1.4281210391295684
s7204_r4_n000_a375,confirmatory,7204,4,0.0,0.375,joint_forward_feedback,balanced_permutation_a_k1,balanced_permutation_a,balanced,1,0.18899250811836066,0.125,0.6399250811836067,64,64,8,16,0.44207783832507164,0.4571972389745405,0.6822187328129945
s7204_r4_n000_a375,confirmatory,7204,4,0.0,0.375,joint_forward_feedback,balanced_permutation_a_k2,balanced_permutation_a,balanced,2,0.31399250811836066,0.25,0.6399250811836067,64,64,16,16,0.4052905462222128,0.43040994687168166,0.8217477817779122
s7204_r4_n000_a375,confirmatory,7204,4,0.0,0.375,joint_forward_feedback,balanced_permutation_a_k4,balanced_permutation_a,balanced,4,0.5639925081183607,0.5,0.6399250811836067,64,64,32,16,0.33134724694145185,0.3764666475909207,1.0268968992352452
s7204_r4_n000_a375,confirmatory,7204,4,0.0,0.375,joint_forward_feedback,balanced_permutation_a_k8,balanced_permutation_a,balanced,8,1.0639925081183608,1.0,0.6399250811836067,64,64,64,16,0.14744623739823776,0.23256563804770664,1.3983958018241005
s7204_r4_n000_a375,confirmatory,7204,4,0.0,0.375,joint_forward_feedback,balanced_permutation_b_k1,balanced_permutation_b,balanced,1,0.18840039778945986,0.125,0.6340039778945984,64,64,8,16,0.4448000029503788,0.4598720347735356,0.668808106157004
s7204_r4_n000_a375,confirmatory,7204,4,0.0,0.375,joint_forward_feedback,balanced_permutation_b_k2,balanced_permutation_b,balanced,2,0.31340039778945983,0.25,0.6340039778945984,64,64,16,16,0.38115657826935434,0.4062286100925111,0.9009337445751396
s7204_r4_n000_a375,confirmatory,7204,4,0.0,0.375,joint_forward_feedback,balanced_permutation_b_k4,balanced_permutation_b,balanced,4,0.5634003977894598,0.5,0.6340039778945984,64,64,32,16,0.32443642152184166,0.36950845334499843,1.0611262333161684
s7204_r4_n000_a375,confirmatory,7204,4,0.0,0.375,joint_forward_feedback,balanced_permutation_b_k8,balanced_permutation_b,balanced,8,1.06340039778946,1.0,0.6340039778945984,64,64,64,16,0.14478213725191158,0.2298541690750684,1.4026448112371597
s7204_r4_n000_a375,confirmatory,7204,4,0.0,0.375,joint_forward_feedback,comb_contiguous_k1,comb_contiguous,comb,1,0.225,0.125,1.0,64,64,8,16,0.44163259792058207,0.4596325979205821,0.6773282145185875
s7204_r4_n000_a375,confirmatory,7204,4,0.0,0.375,joint_forward_feedback,comb_contiguous_k2,comb_contiguous,comb,2,0.35,0.25,1.0,64,64,16,16,0.3894306385977019,0.4174306385977019,0.8651965007996762
s7204_r4_n000_a375,confirmatory,7204,4,0.0,0.375,joint_forward_feedback,comb_contiguous_k4,comb_contiguous,comb,4,0.6,0.5,1.0,64,64,32,16,0.29706460445640853,0.3450646044564085,1.0803888442062934
s7204_r4_n000_a375,confirmatory,7204,4,0.0,0.375,joint_forward_feedback,comb_contiguous_k8,comb_contiguous,comb,8,1.1,1.0,1.0,64,64,64,16,0.11263640883158627,0.2006364088315863,1.4424190433880342
s7204_r4_n000_a375,confirmatory,7204,4,0.0,0.375,joint_forward_feedback,balanced_contiguous_k1,balanced_contiguous,balanced,1,0.1737418407321983,0.125,0.487418407321983,64,64,8,64,0.40646788072795037,0.42036722798652626,1.3609092406657974
s7204_r4_n000_a375,confirmatory,7204,4,0.0,0.375,joint_forward_feedback,balanced_contiguous_k2,balanced_contiguous,balanced,2,0.2987418407321983,0.25,0.487418407321983,64,64,16,64,0.290901747360874,0.31480109461944983,1.9832348256351529
s7204_r4_n000_a375,confirmatory,7204,4,0.0,0.375,joint_forward_feedback,balanced_contiguous_k4,balanced_contiguous,balanced,4,0.5487418407321983,0.5,0.487418407321983,64,64,32,64,0.08966051533199579,0.13355986259057165,2.732078722025014
s7204_r4_n000_a375,confirmatory,7204,4,0.0,0.375,joint_forward_feedback,balanced_contiguous_k8,balanced_contiguous,balanced,8,1.0487418407321982,1.0,0.487418407321983,64,64,64,64,0.010469382966208095,0.09436873022478395,2.8055579207902097
s7204_r4_n000_a375,confirmatory,7204,4,0.0,0.375,joint_forward_feedback,balanced_interleaved_k1,balanced_interleaved,balanced,1,0.19088469787505546,0.125,0.6588469787505544,64,64,8,64,0.4043615809640884,0.41963235679409283,1.3139089573508884
s7204_r4_n000_a375,confirmatory,7204,4,0.0,0.375,joint_forward_feedback,balanced_interleaved_k2,balanced_interleaved,balanced,2,0.31588469787505546,0.25,0.6588469787505544,64,64,16,64,0.26752373768843374,0.29279451351843816,1.9849957891371177
s7204_r4_n000_a375,confirmatory,7204,4,0.0,0.375,joint_forward_feedback,balanced_interleaved_k4,balanced_interleaved,balanced,4,0.5658846978750555,0.5,0.6588469787505544,64,64,32,64,0.11581572933420518,0.16108650516420964,2.455691685775261
s7204_r4_n000_a375,confirmatory,7204,4,0.0,0.375,joint_forward_feedback,balanced_interleaved_k8,balanced_interleaved,balanced,8,1.0658846978750554,1.0,0.6588469787505544,64,64,64,64,0.0017078352262737389,0.08697861105627817,2.5607796240285747
s7204_r4_n000_a375,confirmatory,7204,4,0.0,0.375,joint_forward_feedback,balanced_permutation_a_k1,balanced_permutation_a,balanced,1,0.18899250811836066,0.125,0.6399250811836067,64,64,8,64,0.4033726393085162,0.41849203995798506,1.3128428416384843
s7204_r4_n000_a375,confirmatory,7204,4,0.0,0.375,joint_forward_feedback,balanced_permutation_a_k2,balanced_permutation_a,balanced,2,0.31399250811836066,0.25,0.6399250811836067,64,64,16,64,0.337147010996868,0.3622664116463369,1.6468718195026046
s7204_r4_n000_a375,confirmatory,7204,4,0.0,0.375,joint_forward_feedback,balanced_permutation_a_k4,balanced_permutation_a,balanced,4,0.5639925081183607,0.5,0.6399250811836067,64,64,32,64,0.191606925803253,0.23672632645272185,2.2713181288740136
s7204_r4_n000_a375,confirmatory,7204,4,0.0,0.375,joint_forward_feedback,balanced_permutation_a_k8,balanced_permutation_a,balanced,8,1.0639925081183608,1.0,0.6399250811836067,64,64,64,64,0.004973177125940762,0.09009257777540963,2.6189626858297856
s7204_r4_n000_a375,confirmatory,7204,4,0.0,0.375,joint_forward_feedback,balanced_permutation_b_k1,balanced_permutation_b,balanced,1,0.18840039778945986,0.125,0.6340039778945984,64,64,8,64,0.4045159750502703,0.4195880068734271,1.3178409838716456
s7204_r4_n000_a375,confirmatory,7204,4,0.0,0.375,joint_forward_feedback,balanced_permutation_b_k2,balanced_permutation_b,balanced,2,0.31340039778945983,0.25,0.6340039778945984,64,64,16,64,0.2812420932374121,0.3063141250605689,2.035176114012725
s7204_r4_n000_a375,confirmatory,7204,4,0.0,0.375,joint_forward_feedback,balanced_permutation_b_k4,balanced_permutation_b,balanced,4,0.5634003977894598,0.5,0.6340039778945984,64,64,32,64,0.20115213009766744,0.24622416192082422,2.2553483941673806
s7204_r4_n000_a375,confirmatory,7204,4,0.0,0.375,joint_forward_feedback,balanced_permutation_b_k8,balanced_permutation_b,balanced,8,1.06340039778946,1.0,0.6340039778945984,64,64,64,64,0.0030428441085261796,0.08811487593168298,2.6361038476441845
s7204_r4_n000_a375,confirmatory,7204,4,0.0,0.375,joint_forward_feedback,comb_contiguous_k1,comb_contiguous,comb,1,0.225,0.125,1.0,64,64,8,64,0.4046543798041531,0.4226543798041531,1.277110575689782
s7204_r4_n000_a375,confirmatory,7204,4,0.0,0.375,joint_forward_feedback,comb_contiguous_k2,comb_contiguous,comb,2,0.35,0.25,1.0,64,64,16,64,0.2933615860610959,0.3213615860610959,1.9654649741159096
s7204_r4_n000_a375,confirmatory,7204,4,0.0,0.375,joint_forward_feedback,comb_contiguous_k4,comb_contiguous,comb,4,0.6,0.5,1.0,64,64,32,64,0.1295463353953388,0.17754633539533882,2.5046505983999388
s7204_r4_n000_a375,confirmatory,7204,4,0.0,0.375,joint_forward_feedback,comb_contiguous_k8,comb_contiguous,comb,8,1.1,1.0,1.0,64,64,64,64,0.0017365177452597948,0.0897365177452598,2.478586509885214
s7204_r4_n000_a375,confirmatory,7204,4,0.0,0.375,joint_forward_feedback,balanced_contiguous_k1,balanced_contiguous,balanced,1,0.1737418407321983,0.125,0.487418407321983,64,64,8,256,0.4003111410891788,0.4142104883477547,1.6579626135016612
s7204_r4_n000_a375,confirmatory,7204,4,0.0,0.375,joint_forward_feedback,balanced_contiguous_k2,balanced_contiguous,balanced,2,0.2987418407321983,0.25,0.487418407321983,64,64,16,256,0.2642600217688198,0.28815936902739564,2.8410177498728215
s7204_r4_n000_a375,confirmatory,7204,4,0.0,0.375,joint_forward_feedback,balanced_contiguous_k4,balanced_contiguous,balanced,4,0.5487418407321983,0.5,0.487418407321983,64,64,32,256,0.003561426840775832,0.0474607740993517,4.476837778502167
s7204_r4_n000_a375,confirmatory,7204,4,0.0,0.375,joint_forward_feedback,balanced_contiguous_k8,balanced_contiguous,balanced,8,1.0487418407321982,1.0,0.487418407321983,64,64,64,256,7.696860322524124e-07,0.08390011694460811,3.24295348449248
s7204_r4_n000_a375,confirmatory,7204,4,0.0,0.375,joint_forward_feedback,balanced_interleaved_k1,balanced_interleaved,balanced,1,0.19088469787505546,0.125,0.6588469787505544,64,64,8,256,0.40052057407839653,0.41579134990840094,1.526341315853024
s7204_r4_n000_a375,confirmatory,7204,4,0.0,0.375,joint_forward_feedback,balanced_interleaved_k2,balanced_interleaved,balanced,2,0.31588469787505546,0.25,0.6588469787505544,64,64,16,256,0.2618231262668508,0.2870939020968552,2.3822330153310327
s7204_r4_n000_a375,confirmatory,7204,4,0.0,0.375,joint_forward_feedback,balanced_interleaved_k4,balanced_interleaved,balanced,4,0.5658846978750555,0.5,0.6588469787505544,64,64,32,256,0.08040792340429609,0.12567869923430053,3.3028032497855224
s7204_r4_n000_a375,confirmatory,7204,4,0.0,0.375,joint_forward_feedback,balanced_interleaved_k8,balanced_interleaved,balanced,8,1.0658846978750554,1.0,0.6588469787505544,64,64,64,256,1.4234500105550141e-09,0.08527077725345444,2.703913603060331
s7204_r4_n000_a375,confirmatory,7204,4,0.0,0.375,joint_forward_feedback,balanced_permutation_a_k1,balanced_permutation_a,balanced,1,0.18899250811836066,0.125,0.6399250811836067,64,64,8,256,0.39991198687607465,0.4150313875255435,1.5180119793027913
s7204_r4_n000_a375,confirmatory,7204,4,0.0,0.375,joint_forward_feedback,balanced_permutation_a_k2,balanced_permutation_a,balanced,2,0.31399250811836066,0.25,0.6399250811836067,64,64,16,256,0.28246928350738887,0.3075886841568577,3.1037615209045493
s7204_r4_n000_a375,confirmatory,7204,4,0.0,0.375,joint_forward_feedback,balanced_permutation_a_k4,balanced_permutation_a,balanced,4,0.5639925081183607,0.5,0.6399250811836067,64,64,32,256,0.09044357816690432,0.13556297881637316,4.233693092046764
s7204_r4_n000_a375,confirmatory,7204,4,0.0,0.375,joint_forward_feedback,balanced_permutation_a_k8,balanced_permutation_a,balanced,8,1.0639925081183608,1.0,0.6399250811836067,64,64,64,256,9.189426695422842e-08,0.08511949254373583,2.871903700444628
s7204_r4_n000_a375,confirmatory,7204,4,0.0,0.375,joint_forward_feedback,balanced_permutation_b_k1,balanced_permutation_b,balanced,1,0.18840039778945986,0.125,0.6340039778945984,64,64,8,256,0.40042827357502114,0.41550030539817795,1.5350970801228598
s7204_r4_n000_a375,confirmatory,7204,4,0.0,0.375,joint_forward_feedback,balanced_permutation_b_k2,balanced_permutation_b,balanced,2,0.31340039778945983,0.25,0.6340039778945984,64,64,16,256,0.26634909264536016,0.291421124468517,2.6544831848954185
s7204_r4_n000_a375,confirmatory,7204,4,0.0,0.375,joint_forward_feedback,balanced_permutation_b_k4,balanced_permutation_b,balanced,4,0.5634003977894598,0.5,0.6340039778945984,64,64,32,256,0.1095002217816762,0.15457225360483298,4.021364733040468
s7204_r4_n000_a375,confirmatory,7204,4,0.0,0.375,joint_forward_feedback,balanced_permutation_b_k8,balanced_permutation_b,balanced,8,1.06340039778946,1.0,0.6340039778945984,64,64,64,256,1.2185292640261716e-08,0.08507204400844944,2.8343143490900333
s7204_r4_n000_a375,confirmatory,7204,4,0.0,0.375,joint_forward_feedback,comb_contiguous_k1,comb_contiguous,comb,1,0.225,0.125,1.0,64,64,8,256,0.40207660245645216,0.4200766024564522,1.454192243344696
s7204_r4_n000_a375,confirmatory,7204,4,0.0,0.375,joint_forward_feedback,comb_contiguous_k2,comb_contiguous,comb,2,0.35,0.25,1.0,64,64,16,256,0.2690712641188816,0.29707126411888163,2.8320949691837964
s7204_r4_n000_a375,confirmatory,7204,4,0.0,0.375,joint_forward_feedback,comb_contiguous_k4,comb_contiguous,comb,4,0.6,0.5,1.0,64,64,32,256,0.05136782620960478,0.09936782620960478,4.088552174063044
s7204_r4_n000_a375,confirmatory,7204,4,0.0,0.375,joint_forward_feedback,comb_contiguous_k8,comb_contiguous,comb,8,1.1,1.0,1.0,64,64,64,256,4.050771643215595e-09,0.08800000405077166,2.6090627395759753
s7204_r4_n750_a125,confirmatory,7204,4,0.75,0.125,feedback_only,balanced_contiguous_k1,balanced_contiguous,balanced,1,0.1737418407321983,0.125,0.487418407321983,64,64,8,16,0.6696699040564789,0.6835692513150547,0.8562601588442381
s7204_r4_n750_a125,confirmatory,7204,4,0.75,0.125,feedback_only,balanced_contiguous_k2,balanced_contiguous,balanced,2,0.2987418407321983,0.25,0.487418407321983,64,64,16,16,0.5493680505576293,0.5732673978162052,1.1793821189094886
s7204_r4_n750_a125,confirmatory,7204,4,0.75,0.125,feedback_only,balanced_contiguous_k4,balanced_contiguous,balanced,4,0.5487418407321983,0.5,0.487418407321983,64,64,32,16,0.31335956337611126,0.3572589106346871,1.6444317557733645
s7204_r4_n750_a125,confirmatory,7204,4,0.75,0.125,feedback_only,balanced_contiguous_k8,balanced_contiguous,balanced,8,1.0487418407321982,1.0,0.487418407321983,64,64,64,16,0.30591933701579344,0.3898186842743693,1.6369232719299993
s7204_r4_n750_a125,confirmatory,7204,4,0.75,0.125,feedback_only,balanced_interleaved_k1,balanced_interleaved,balanced,1,0.19088469787505546,0.125,0.6588469787505544,64,64,8,16,0.6696699040564789,0.6849406798864833,0.8562601588442381
s7204_r4_n750_a125,confirmatory,7204,4,0.75,0.125,feedback_only,balanced_interleaved_k2,balanced_interleaved,balanced,2,0.31588469787505546,0.25,0.6588469787505544,64,64,16,16,0.63625337556586,0.6615241513958645,0.9690007690088935
s7204_r4_n750_a125,confirmatory,7204,4,0.75,0.125,feedback_only,balanced_interleaved_k4,balanced_interleaved,balanced,4,0.5658846978750555,0.5,0.6588469787505544,64,64,32,16,0.5087021833533584,0.5539729591833629,1.2877698858915783
s7204_r4_n750_a125,confirmatory,7204,4,0.75,0.125,feedback_only,balanced_interleaved_k8,balanced_interleaved,balanced,8,1.0658846978750554,1.0,0.6588469787505544,64,64,64,16,0.30591933701579344,0.39119011284579785,1.6369232719299993
s7204_r4_n750_a125,confirmatory,7204,4,0.75,0.125,feedback_only,balanced_permutation_a_k1,balanced_permutation_a,balanced,1,0.18899250811836066,0.125,0.6399250811836067,64,64,8,16,0.6696699040564789,0.6847893047059477,0.8562601588442381
s7204_r4_n750_a125,confirmatory,7204,4,0.75,0.125,feedback_only,balanced_permutation_a_k2,balanced_permutation_a,balanced,2,0.31399250811836066,0.25,0.6399250811836067,64,64,16,16,0.6530364197886479,0.6781558204381167,0.9199095655242614
s7204_r4_n750_a125,confirmatory,7204,4,0.75,0.125,feedback_only,balanced_permutation_a_k4,balanced_permutation_a,balanced,4,0.5639925081183607,0.5,0.6399250811836067,64,64,32,16,0.5003512549395355,0.5454706555890043,1.311705778527914
s7204_r4_n750_a125,confirmatory,7204,4,0.75,0.125,feedback_only,balanced_permutation_a_k8,balanced_permutation_a,balanced,8,1.0639925081183608,1.0,0.6399250811836067,64,64,64,16,0.30591933701579344,0.3910387376652623,1.6369232719299993
s7204_r4_n750_a125,confirmatory,7204,4,0.75,0.125,feedback_only,balanced_permutation_b_k1,balanced_permutation_b,balanced,1,0.18840039778945986,0.125,0.6340039778945984,64,64,8,16,0.6696699040564789,0.6847419358796356,0.8562601588442381
s7204_r4_n750_a125,confirmatory,7204,4,0.75,0.125,feedback_only,balanced_permutation_b_k2,balanced_permutation_b,balanced,2,0.31340039778945983,0.25,0.6340039778945984,64,64,16,16,0.6455672340129066,0.6706392658360634,0.9442693069427461
s7204_r4_n750_a125,confirmatory,7204,4,0.75,0.125,feedback_only,balanced_permutation_b_k4,balanced_permutation_b,balanced,4,0.5634003977894598,0.5,0.6340039778945984,64,64,32,16,0.4988220679063912,0.543894099729548,1.3313929546393808
s7204_r4_n750_a125,confirmatory,7204,4,0.75,0.125,feedback_only,balanced_permutation_b_k8,balanced_permutation_b,balanced,8,1.06340039778946,1.0,0.6340039778945984,64,64,64,16,0.30591933701579344,0.39099136883895025,1.6369232719299993
s7204_r4_n750_a125,confirmatory,7204,4,0.75,0.125,feedback_only,comb_contiguous_k1,comb_contiguous,comb,1,0.225,0.125,1.0,64,64,8,16,0.6696699040564789,0.6876699040564789,0.8562601588442381
s7204_r4_n750_a125,confirmatory,7204,4,0.75,0.125,feedback_only,comb_contiguous_k2,comb_contiguous,comb,2,0.35,0.25,1.0,64,64,16,16,0.6152739073587806,0.6432739073587806,0.995397868574239
s7204_r4_n750_a125,confirmatory,7204,4,0.75,0.125,feedback_only,comb_contiguous_k4,comb_contiguous,comb,4,0.6,0.5,1.0,64,64,32,16,0.5015351437288849,0.5495351437288849,1.28200334028652
s7204_r4_n750_a125,confirmatory,7204,4,0.75,0.125,feedback_only,comb_contiguous_k8,comb_contiguous,comb,8,1.1,1.0,1.0,64,64,64,16,0.30591933701579344,0.39391933701579346,1.6369232719299993
s7204_r4_n750_a125,confirmatory,7204,4,0.75,0.125,feedback_only,balanced_contiguous_k1,balanced_contiguous,balanced,1,0.1737418407321983,0.125,0.487418407321983,64,64,8,64,0.6710273914509872,0.6849267387095631,1.1531241216538264
s7204_r4_n750_a125,confirmatory,7204,4,0.75,0.125,feedback_only,balanced_contiguous_k2,balanced_contiguous,balanced,2,0.2987418407321983,0.25,0.487418407321983,64,64,16,64,0.5429035293012077,0.5668028765597836,1.6101569232476498
s7204_r4_n750_a125,confirmatory,7204,4,0.75,0.125,feedback_only,balanced_contiguous_k4,balanced_contiguous,balanced,4,0.5487418407321983,0.5,0.487418407321983,64,64,32,64,0.29297972364187497,0.3368790709004508,2.228588881801784
s7204_r4_n750_a125,confirmatory,7204,4,0.75,0.125,feedback_only,balanced_contiguous_k8,balanced_contiguous,balanced,8,1.0487418407321982,1.0,0.487418407321983,64,64,64,64,0.29550861145349583,0.37940795871207167,2.14147145610662
s7204_r4_n750_a125,confirmatory,7204,4,0.75,0.125,feedback_only,balanced_interleaved_k1,balanced_interleaved,balanced,1,0.19088469787505546,0.125,0.6588469787505544,64,64,8,64,0.6710273914509872,0.6862981672809917,1.1531241216538264
s7204_r4_n750_a125,confirmatory,7204,4,0.75,0.125,feedback_only,balanced_interleaved_k2,balanced_interleaved,balanced,2,0.31588469787505546,0.25,0.6588469787505544,64,64,16,64,0.5882649316224358,0.6135357074524402,1.725893477857131
s7204_r4_n750_a125,confirmatory,7204,4,0.75,0.125,feedback_only,balanced_interleaved_k4,balanced_interleaved,balanced,4,0.5658846978750555,0.5,0.6588469787505544,64,64,32,64,0.45611116450896283,0.5013819403389672,2.0611222874726685
s7204_r4_n750_a125,confirmatory,7204,4,0.75,0.125,feedback_only,balanced_interleaved_k8,balanced_interleaved,balanced,8,1.0658846978750554,1.0,0.6588469787505544,64,64,64,64,0.29550861145349583,0.38077938728350025,2.14147145610662
s7204_r4_n750_a125,confirmatory,7204,4,0.75,0.125,feedback_only,balanced_permutation_a_k1,balanced_permutation_a,balanced,1,0.18899250811836066,0.125,0.6399250811836067,64,64,8,64,0.6710273914509872,0.686146792100456,1.1531241216538264
s7204_r4_n750_a125,confirmatory,7204,4,0.75,0.125,feedback_only,balanced_permutation_a_k2,balanced_permutation_a,balanced,2,0.31399250811836066,0.25,0.6399250811836067,64,64,16,64,0.6219931535055937,0.6471125541550625,1.57558791937096
s7204_r4_n750_a125,confirmatory,7204,4,0.75,0.125,feedback_only,balanced_permutation_a_k4,balanced_permutation_a,balanced,4,0.5639925081183607,0.5,0.6399250811836067,64,64,32,64,0.4161760556958046,0.46129545634527347,2.3362230207048564
s7204_r4_n750_a125,confirmatory,7204,4,0.75,0.125,feedback_only,balanced_permutation_a_k8,balanced_permutation_a,balanced,8,1.0639925081183608,1.0,0.6399250811836067,64,64,64,64,0.29550861145349583,0.3806280121029647,2.14147145610662
s7204_r4_n750_a125,confirmatory,7204,4,0.75,0.125,feedback_only,balanced_permutation_b_k1,balanced_permutation_b,balanced,1,0.18840039778945986,0.125,0.6340039778945984,64,64,8,64,0.6710273914509872,0.686099423274144,1.1531241216538264
s7204_r4_n750_a125,confirmatory,7204,4,0.75,0.125,feedback_only,balanced_permutation_b_k2,balanced_permutation_b,balanced,2,0.31340039778945983,0.25,0.6340039778945984,64,64,16,64,0.6102803335628875,0.6353523653860442,1.5856466436740537
s7204_r4_n750_a125,confirmatory,7204,4,0.75,0.125,feedback_only,balanced_permutation_b_k4,balanced_permutation_b,balanced,4,0.5634003977894598,0.5,0.6340039778945984,64,64,32,64,0.40249583357982277,0.44756786540297955,2.337650003699005
s7204_r4_n750_a125,confirmatory,7204,4,0.75,0.125,feedback_only,balanced_permutation_b_k8,balanced_permutation_b,balanced,8,1.06340039778946,1.0,0.6340039778945984,64,64,64,64,0.29550861145349583,0.38058064327665264,2.14147145610662
s7204_r4_n750_a125,confirmatory,7204,4,0.75,0.125,feedback_only,comb_contiguous_k1,comb_contiguous,comb,1,0.225,0.125,1.0,64,64,8,64,0.6710273914509872,0.6890273914509872,1.1531241216538264
s7204_r4_n750_a125,confirmatory,7204,4,0.75,0.125,feedback_only,comb_contiguous_k2,comb_contiguous,comb,2,0.35,0.25,1.0,64,64,16,64,0.5492529415762553,0.5772529415762553,1.9069803017939888
s7204_r4_n750_a125,confirmatory,7204,4,0.75,0.125,feedback_only,comb_contiguous_k4,comb_contiguous,comb,4,0.6,0.5,1.0,64,64,32,64,0.43334086004501726,0.48134086004501725,2.191084981320517
s7204_r4_n750_a125,confirmatory,7204,4,0.75,0.125,feedback_only,comb_contiguous_k8,comb_contiguous,comb,8,1.1,1.0,1.0,64,64,64,64,0.29550861145349583,0.38350861145349585,2.14147145610662
s7204_r4_n750_a125,confirmatory,7204,4,0.75,0.125,feedback_only,balanced_contiguous_k1,balanced_contiguous,balanced,1,0.1737418407321983,0.125,0.487418407321983,64,64,8,256,0.6712834515431614,0.6851827988017373,1.1607021473730255
s7204_r4_n750_a125,confirmatory,7204,4,0.75,0.125,feedback_only,balanced_contiguous_k2,balanced_contiguous,balanced,2,0.2987418407321983,0.25,0.487418407321983,64,64,16,256,0.54564374600535,0.5695430932639259,1.6674740952704437
s7204_r4_n750_a125,confirmatory,7204,4,0.75,0.125,feedback_only,balanced_contiguous_k4,balanced_contiguous,balanced,4,0.5487418407321983,0.5,0.487418407321983,64,64,32,256,0.2965928408667482,0.34049218812532406,2.2548194615536605
s7204_r4_n750_a125,confirmatory,7204,4,0.75,0.125,feedback_only,balanced_contiguous_k8,balanced_contiguous,balanced,8,1.0487418407321982,1.0,0.487418407321983,64,64,64,256,0.29825737326639007,0.3821567205249659,2.1580323417562486
s7204_r4_n750_a125,confirmatory,7204,4,0.75,0.125,feedback_only,balanced_interleaved_k1,balanced_interleaved,balanced,1,0.19088469787505546,0.125,0.6588469787505544,64,64,8,256,0.6712834515431614,0.6865542273731658,1.1607021473730255
s7204_r4_n750_a125,confirmatory,7204,4,0.75,0.125,feedback_only,balanced_interleaved_k2,balanced_interleaved,balanced,2,0.31588469787505546,0.25,0.6588469787505544,64,64,16,256,0.5522581036898768,0.5775288795198813,2.843292733203253
s7204_r4_n750_a125,confirmatory,7204,4,0.75,0.125,feedback_only,balanced_interleaved_k4,balanced_interleaved,balanced,4,0.5658846978750555,0.5,0.6588469787505544,64,64,32,256,0.41859436123666166,0.4638651370666661,3.199209800090338
s7204_r4_n750_a125,confirmatory,7204,4,0.75,0.125,feedback_only,balanced_interleaved_k8,balanced_interleaved,balanced,8,1.0658846978750554,1.0,0.6588469787505544,64,64,64,256,0.29825737326639007,0.3835281490963945,2.1580323417562486
s7204_r4_n750_a125,confirmatory,7204,4,0.75,0.125,feedback_only,balanced_permutation_a_k1,balanced_permutation_a,balanced,1,0.18899250811836066,0.125,0.6399250811836067,64,64,8,256,0.6712834515431614,0.6864028521926302,1.1607021473730255
s7204_r4_n750_a125,confirmatory,7204,4,0.75,0.125,feedback_only,balanced_permutation_a_k2,balanced_permutation_a,balanced,2,0.31399250811836066,0.25,0.6399250811836067,64,64,16,256,0.5642765997720233,0.5893960004214921,3.2087333612627296
s7204_r4_n750_a125,confirmatory,7204,4,0.75,0.125,feedback_only,balanced_permutation_a_k4,balanced_permutation_a,balanced,4,0.5639925081183607,0.5,0.6399250811836067,64,64,32,256,0.40577580642278177,0.4508952070722506,2.8489992008503
s7204_r4_n750_a125,confirmatory,7204,4,0.75,0.125,feedback_only,balanced_permutation_a_k8,balanced_permutation_a,balanced,8,1.0639925081183608,1.0,0.6399250811836067,64,64,64,256,0.29825737326639007,0.38337677391585895,2.1580323417562486
s7204_r4_n750_a125,confirmatory,7204,4,0.75,0.125,feedback_only,balanced_permutation_b_k1,balanced_permutation_b,balanced,1,0.18840039778945986,0.125,0.6340039778945984,64,64,8,256,0.6712834515431614,0.6863554833663181,1.1607021473730255
s7204_r4_n750_a125,confirmatory,7204,4,0.75,0.125,feedback_only,balanced_permutation_b_k2,balanced_permutation_b,balanced,2,0.31340039778945983,0.25,0.6340039778945984,64,64,16,256,0.5530019878830226,0.5780740197061793,3.123506985606208
s7204_r4_n750_a125,confirmatory,7204,4,0.75,0.125,feedback_only,balanced_permutation_b_k4,balanced_permutation_b,balanced,4,0.5634003977894598,0.5,0.6340039778945984,64,64,32,256,0.32566080703433875,0.37073283885749553,3.998971807443187
s7204_r4_n750_a125,confirmatory,7204,4,0.75,0.125,feedback_only,balanced_permutation_b_k8,balanced_permutation_b,balanced,8,1.06340039778946,1.0,0.6340039778945984,64,64,64,256,0.29825737326639007,0.3833294050895469,2.1580323417562486
s7204_r4_n750_a125,confirmatory,7204,4,0.75,0.125,feedback_only,comb_contiguous_k1,comb_contiguous,comb,1,0.225,0.125,1.0,64,64,8,256,0.6712834515431614,0.6892834515431614,1.1607021473730255
s7204_r4_n750_a125,confirmatory,7204,4,0.75,0.125,feedback_only,comb_contiguous_k2,comb_contiguous,comb,2,0.35,0.25,1.0,64,64,16,256,0.5366624652641467,0.5646624652641468,2.3972982714385345
s7204_r4_n750_a125,confirmatory,7204,4,0.75,0.125,feedback_only,comb_contiguous_k4,comb_contiguous,comb,4,0.6,0.5,1.0,64,64,32,256,0.4056002726079726,0.4536002726079726,3.133177891060272
s7204_r4_n750_a125,confirmatory,7204,4,0.75,0.125,feedback_only,comb_contiguous_k8,comb_contiguous,comb,8,1.1,1.0,1.0,64,64,64,256,0.29825737326639007,0.3862573732663901,2.1580323417562486
s7204_r4_n750_a125,confirmatory,7204,4,0.75,0.125,joint_forward_feedback,balanced_contiguous_k1,balanced_contiguous,balanced,1,0.1737418407321983,0.125,0.487418407321983,64,64,8,16,0.6894962941395767,0.7033956413981526,0.8105039627833188
s7204_r4_n750_a125,confirmatory,7204,4,0.75,0.125,joint_forward_feedback,balanced_contiguous_k2,balanced_contiguous,balanced,2,0.2987418407321983,0.25,0.487418407321983,64,64,16,16,0.5947873989869515,0.6186867462455274,1.1020767736110433
s7204_r4_n750_a125,confirmatory,7204,4,0.75,0.125,joint_forward_feedback,balanced_contiguous_k4,balanced_contiguous,balanced,4,0.5487418407321983,0.5,0.487418407321983,64,64,32,16,0.40992923165003964,0.4538285789086155,1.5197474424194581
s7204_r4_n750_a125,confirmatory,7204,4,0.75,0.125,joint_forward_feedback,balanced_contiguous_k8,balanced_contiguous,balanced,8,1.0487418407321982,1.0,0.487418407321983,64,64,64,16,0.4007893794652199,0.48468872672379576,1.5352609591017494
s7204_r4_n750_a125,confirmatory,7204,4,0.75,0.125,joint_forward_feedback,balanced_interleaved_k1,balanced_interleaved,balanced,1,0.19088469787505546,0.125,0.6588469787505544,64,64,8,16,0.6825658589206252,0.6978366347506296,0.8332081645300234
s7204_r4_n750_a125,confirmatory,7204,4,0.75,0.125,joint_forward_feedback,balanced_interleaved_k2,balanced_interleaved,balanced,2,0.31588469787505546,0.25,0.6588469787505544,64,64,16,16,0.660747733918227,0.6860185097482315,0.9106815473023913
s7204_r4_n750_a125,confirmatory,7204,4,0.75,0.125,joint_forward_feedback,balanced_interleaved_k4,balanced_interleaved,balanced,4,0.5658846978750555,0.5,0.6588469787505544,64,64,32,16,0.5484323864117744,0.5937031622417788,1.21090537879728
s7204_r4_n750_a125,confirmatory,7204,4,0.75,0.125,joint_forward_feedback,balanced_interleaved_k8,balanced_interleaved,balanced,8,1.0658846978750554,1.0,0.6588469787505544,64,64,64,16,0.3816724337246931,0.46694320955469754,1.5676747297956752
s7204_r4_n750_a125,confirmatory,7204,4,0.75,0.125,joint_forward_feedback,balanced_permutation_a_k1,balanced_permutation_a,balanced,1,0.18899250811836066,0.125,0.6399250811836067,64,64,8,16,0.6823641914196309,0.6974835920690997,0.8327572281532858
s7204_r4_n750_a125,confirmatory,7204,4,0.75,0.125,joint_forward_feedback,balanced_permutation_a_k2,balanced_permutation_a,balanced,2,0.31399250811836066,0.25,0.6399250811836067,64,64,16,16,0.6680125539262047,0.6931319545756736,0.8902008397471421
s7204_r4_n750_a125,confirmatory,7204,4,0.75,0.125,joint_forward_feedback,balanced_permutation_a_k4,balanced_permutation_a,balanced,4,0.5639925081183607,0.5,0.6399250811836067,64,64,32,16,0.5579670772844298,0.6030864779338987,1.1953191625555748
s7204_r4_n750_a125,confirmatory,7204,4,0.75,0.125,joint_forward_feedback,balanced_permutation_a_k8,balanced_permutation_a,balanced,8,1.0639925081183608,1.0,0.6399250811836067,64,64,64,16,0.3965378944102656,0.4816572950597345,1.5427662254906325
s7204_r4_n750_a125,confirmatory,7204,4,0.75,0.125,joint_forward_feedback,balanced_permutation_b_k1,balanced_permutation_b,balanced,1,0.18840039778945986,0.125,0.6340039778945984,64,64,8,16,0.6834247128226884,0.6984967446458451,0.8300825711829856
s7204_r4_n750_a125,confirmatory,7204,4,0.75,0.125,joint_forward_feedback,balanced_permutation_b_k2,balanced_permutation_b,balanced,2,0.31340039778945983,0.25,0.6340039778945984,64,64,16,16,0.6702138472626864,0.6952858790858432,0.880080784229503
s7204_r4_n750_a125,confirmatory,7204,4,0.75,0.125,joint_forward_feedback,balanced_permutation_b_k4,balanced_permutation_b,balanced,4,0.5634003977894598,0.5,0.6340039778945984,64,64,32,16,0.555870134145293,0.6009421659684497,1.2182613794498558
s7204_r4_n750_a125,confirmatory,7204,4,0.75,0.125,joint_forward_feedback,balanced_permutation_b_k8,balanced_permutation_b,balanced,8,1.06340039778946,1.0,0.6340039778945984,64,64,64,16,0.3924521012309143,0.4775241330540711,1.550918956927416
s7204_r4_n750_a125,confirmatory,7204,4,0.75,0.125,joint_forward_feedback,comb_contiguous_k1,comb_contiguous,comb,1,0.225,0.125,1.0,64,64,8,16,0.6801496886714574,0.6981496886714574,0.8418858620972304
s7204_r4_n750_a125,confirmatory,7204,4,0.75,0.125,joint_forward_feedback,comb_contiguous_k2,comb_contiguous,comb,2,0.35,0.25,1.0,64,64,16,16,0.6371089561842185,0.6651089561842185,0.9541226902413152
s7204_r4_n750_a125,confirmatory,7204,4,0.75,0.125,joint_forward_feedback,comb_contiguous_k4,comb_contiguous,comb,4,0.6,0.5,1.0,64,64,32,16,0.5386501011004199,0.5866501011004199,1.2073593220460312
s7204_r4_n750_a125,confirmatory,7204,4,0.75,0.125,joint_forward_feedback,comb_contiguous_k8,comb_contiguous,comb,8,1.1,1.0,1.0,64,64,64,16,0.3580950233924506,0.4460950233924506,1.6007108091372326
s7204_r4_n750_a125,confirmatory,7204,4,0.75,0.125,joint_forward_feedback,balanced_contiguous_k1,balanced_contiguous,balanced,1,0.1737418407321983,0.125,0.487418407321983,64,64,8,64,0.6682928626761755,0.6821922099347514,1.449928414483136
s7204_r4_n750_a125,confirmatory,7204,4,0.75,0.125,joint_forward_feedback,balanced_contiguous_k2,balanced_contiguous,balanced,2,0.2987418407321983,0.25,0.487418407321983,64,64,16,64,0.5378307578049413,0.5617301050635172,2.016468092254411
s7204_r4_n750_a125,confirmatory,7204,4,0.75,0.125,joint_forward_feedback,balanced_contiguous_k4,balanced_contiguous,balanced,4,0.5487418407321983,0.5,0.487418407321983,64,64,32,64,0.28493521444074554,0.3288345616993214,2.824882133634747
s7204_r4_n750_a125,confirmatory,7204,4,0.75,0.125,joint_forward_feedback,balanced_contiguous_k8,balanced_contiguous,balanced,8,1.0487418407321982,1.0,0.487418407321983,64,64,64,64,0.2848403377687232,0.36873968502729904,2.788475027626758
s7204_r4_n750_a125,confirmatory,7204,4,0.75,0.125,joint_forward_feedback,balanced_interleaved_k1,balanced_interleaved,balanced,1,0.19088469787505546,0.125,0.6588469787505544,64,64,8,64,0.6689362839053552,0.6842070597353597,1.3778245767201354
s7204_r4_n750_a125,confirmatory,7204,4,0.75,0.125,joint_forward_feedback,balanced_interleaved_k2,balanced_interleaved,balanced,2,0.31588469787505546,0.25,0.6588469787505544,64,64,16,64,0.6079141952242332,0.6331849710542377,1.7701522137967556
s7204_r4_n750_a125,confirmatory,7204,4,0.75,0.125,joint_forward_feedback,balanced_interleaved_k4,balanced_interleaved,balanced,4,0.5658846978750555,0.5,0.6588469787505544,64,64,32,64,0.47349745955343386,0.5187682353834383,2.2048195323430795
s7204_r4_n750_a125,confirmatory,7204,4,0.75,0.125,joint_forward_feedback,balanced_interleaved_k8,balanced_interleaved,balanced,8,1.0658846978750554,1.0,0.6588469787505544,64,64,64,64,0.28572087863363393,0.37099165446363835,2.698370563264278
s7204_r4_n750_a125,confirmatory,7204,4,0.75,0.125,joint_forward_feedback,balanced_permutation_a_k1,balanced_permutation_a,balanced,1,0.18899250811836066,0.125,0.6399250811836067,64,64,8,64,0.6684047580752692,0.683524158724738,1.367046023645679
s7204_r4_n750_a125,confirmatory,7204,4,0.75,0.125,joint_forward_feedback,balanced_permutation_a_k2,balanced_permutation_a,balanced,2,0.31399250811836066,0.25,0.6399250811836067,64,64,16,64,0.6268243974320065,0.6519437980814753,1.6935097088285276
s7204_r4_n750_a125,confirmatory,7204,4,0.75,0.125,joint_forward_feedback,balanced_permutation_a_k4,balanced_permutation_a,balanced,4,0.5639925081183607,0.5,0.6399250811836067,64,64,32,64,0.4317764053781873,0.47689580602765613,2.5297598104590304
s7204_r4_n750_a125,confirmatory,7204,4,0.75,0.125,joint_forward_feedback,balanced_permutation_a_k8,balanced_permutation_a,balanced,8,1.0639925081183608,1.0,0.6399250811836067,64,64,64,64,0.28636167073637026,0.37148107138583913,2.7220697973032983
s7204_r4_n750_a125,confirmatory,7204,4,0.75,0.125,joint_forward_feedback,balanced_permutation_b_k1,balanced_permutation_b,balanced,1,0.18840039778945986,0.125,0.6340039778945984,64,64,8,64,0.6686356284210035,0.6837076602441603,1.3834135418180125
s7204_r4_n750_a125,confirmatory,7204,4,0.75,0.125,joint_forward_feedback,balanced_permutation_b_k2,balanced_permutation_b,balanced,2,0.31340039778945983,0.25,0.6340039778945984,64,64,16,64,0.6321980226375747,0.6572700544607315,1.618981139300021
s7204_r4_n750_a125,confirmatory,7204,4,0.75,0.125,joint_forward_feedback,balanced_permutation_b_k4,balanced_permutation_b,balanced,4,0.5634003977894598,0.5,0.6340039778945984,64,64,32,64,0.43827754500215854,0.4833495768253153,2.4462064067295626
s7204_r4_n750_a125,confirmatory,7204,4,0.75,0.125,joint_forward_feedback,balanced_permutation_b_k8,balanced_permutation_b,balanced,8,1.06340039778946,1.0,0.6340039778945984,64,64,64,64,0.2851452415055195,0.3702172733286763,2.735543795119575
s7204_r4_n750_a125,confirmatory,7204,4,0.75,0.125,joint_forward_feedback,comb_contiguous_k1,comb_contiguous,comb,1,0.225,0.125,1.0,64,64,8,64,0.670820916012548,0.688820916012548,1.356249520995451
s7204_r4_n750_a125,confirmatory,7204,4,0.75,0.125,joint_forward_feedback,comb_contiguous_k2,comb_contiguous,comb,2,0.35,0.25,1.0,64,64,16,64,0.5595509599179287,0.5875509599179287,1.9954387235903985
s7204_r4_n750_a125,confirmatory,7204,4,0.75,0.125,joint_forward_feedback,comb_contiguous_k4,comb_contiguous,comb,4,0.6,0.5,1.0,64,64,32,64,0.4533676285309252,0.5013676285309252,2.2748563358254197
s7204_r4_n750_a125,confirmatory,7204,4,0.75,0.125,joint_forward_feedback,comb_contiguous_k8,comb_contiguous,comb,8,1.1,1.0,1.0,64,64,64,64,0.2885381357914205,0.37653813579142054,2.5755427410820126
s7204_r4_n750_a125,confirmatory,7204,4,0.75,0.125,joint_forward_feedback,balanced_contiguous_k1,balanced_contiguous,balanced,1,0.1737418407321983,0.125,0.487418407321983,64,64,8,256,0.667755834528695,0.6816551817872709,1.5199466882849944
s7204_r4_n750_a125,confirmatory,7204,4,0.75,0.125,joint_forward_feedback,balanced_contiguous_k2,balanced_contiguous,balanced,2,0.2987418407321983,0.25,0.487418407321983,64,64,16,256,0.5399638132931022,0.5638631605516781,2.200006888413661
s7204_r4_n750_a125,confirmatory,7204,4,0.75,0.125,joint_forward_feedback,balanced_contiguous_k4,balanced_contiguous,balanced,4,0.5487418407321983,0.5,0.487418407321983,64,64,32,256,0.2876131282480602,0.33151247550663604,3.1055722452675503
s7204_r4_n750_a125,confirmatory,7204,4,0.75,0.125,joint_forward_feedback,balanced_contiguous_k8,balanced_contiguous,balanced,8,1.0487418407321982,1.0,0.487418407321983,64,64,64,256,0.28806375802839856,0.3719631052869744,3.0281153918938233
s7204_r4_n750_a125,confirmatory,7204,4,0.75,0.125,joint_forward_feedback,balanced_interleaved_k1,balanced_interleaved,balanced,1,0.19088469787505546,0.125,0.6588469787505544,64,64,8,256,0.6685238518137487,0.6837946276437532,1.4092684413072316
s7204_r4_n750_a125,confirmatory,7204,4,0.75,0.125,joint_forward_feedback,balanced_interleaved_k2,balanced_interleaved,balanced,2,0.31588469787505546,0.25,0.6588469787505544,64,64,16,256,0.556710286911025,0.5819810627410295,3.1038247269616335
s7204_r4_n750_a125,confirmatory,7204,4,0.75,0.125,joint_forward_feedback,balanced_interleaved_k4,balanced_interleaved,balanced,4,0.5658846978750555,0.5,0.6588469787505544,64,64,32,256,0.4208707785437243,0.46614155437372873,3.553858818733116
s7204_r4_n750_a125,confirmatory,7204,4,0.75,0.125,joint_forward_feedback,balanced_interleaved_k8,balanced_interleaved,balanced,8,1.0658846978750554,1.0,0.6588469787505544,64,64,64,256,0.2891852689417458,0.3744560447717502,2.8807642213639464
s7204_r4_n750_a125,confirmatory,7204,4,0.75,0.125,joint_forward_feedback,balanced_permutation_a_k1,balanced_permutation_a,balanced,1,0.18899250811836066,0.125,0.6399250811836067,64,64,8,256,0.668276615229895,0.6833960158793638,1.3971972359886347
s7204_r4_n750_a125,confirmatory,7204,4,0.75,0.125,joint_forward_feedback,balanced_permutation_a_k2,balanced_permutation_a,balanced,2,0.31399250811836066,0.25,0.6399250811836067,64,64,16,256,0.5701543576737442,0.595273758323213,3.2367413305284063
s7204_r4_n750_a125,confirmatory,7204,4,0.75,0.125,joint_forward_feedback,balanced_permutation_a_k4,balanced_permutation_a,balanced,4,0.5639925081183607,0.5,0.6399250811836067,64,64,32,256,0.40794424282536873,0.4530636434748376,3.408144123657314
s7204_r4_n750_a125,confirmatory,7204,4,0.75,0.125,joint_forward_feedback,balanced_permutation_a_k8,balanced_permutation_a,balanced,8,1.0639925081183608,1.0,0.6399250811836067,64,64,64,256,0.2895040856007298,0.3746234862501987,3.0242009890211015
s7204_r4_n750_a125,confirmatory,7204,4,0.75,0.125,joint_forward_feedback,balanced_permutation_b_k1,balanced_permutation_b,balanced,1,0.18840039778945986,0.125,0.6340039778945984,64,64,8,256,0.6683806985415521,0.6834527303647089,1.4180666953884145
s7204_r4_n750_a125,confirmatory,7204,4,0.75,0.125,joint_forward_feedback,balanced_permutation_b_k2,balanced_permutation_b,balanced,2,0.31340039778945983,0.25,0.6340039778945984,64,64,16,256,0.5734366526279515,0.5985086844511083,3.0644369569547587
s7204_r4_n750_a125,confirmatory,7204,4,0.75,0.125,joint_forward_feedback,balanced_permutation_b_k4,balanced_permutation_b,balanced,4,0.5634003977894598,0.5,0.6340039778945984,64,64,32,256,0.3478265409024056,0.3928985727255624,4.234693698232394
s7204_r4_n750_a125,confirmatory,7204,4,0.75,0.125,joint_forward_feedback,balanced_permutation_b_k8,balanced_permutation_b,balanced,8,1.06340039778946,1.0,0.6340039778945984,64,64,64,256,0.2889857786986591,0.3740578105218159,2.967605312850077
s7204_r4_n750_a125,confirmatory,7204,4,0.75,0.125,joint_forward_feedback,comb_contiguous_k1,comb_contiguous,comb,1,0.225,0.125,1.0,64,64,8,256,0.6698388115784434,0.6878388115784434,1.3732221969463
s7204_r4_n750_a125,confirmatory,7204,4,0.75,0.125,joint_forward_feedback,comb_contiguous_k2,comb_contiguous,comb,2,0.35,0.25,1.0,64,64,16,256,0.5354940319218062,0.5634940319218062,2.7175106727387623
s7204_r4_n750_a125,confirmatory,7204,4,0.75,0.125,joint_forward_feedback,comb_contiguous_k4,comb_contiguous,comb,4,0.6,0.5,1.0,64,64,32,256,0.4075725482789783,0.4555725482789783,3.5006830352903044
s7204_r4_n750_a125,confirmatory,7204,4,0.75,0.125,joint_forward_feedback,comb_contiguous_k8,comb_contiguous,comb,8,1.1,1.0,1.0,64,64,64,256,0.29057712512368805,0.3785771251236881,2.6884097395907802
s7204_r4_n750_a375,confirmatory,7204,4,0.75,0.375,feedback_only,balanced_contiguous_k1,balanced_contiguous,balanced,1,0.1737418407321983,0.125,0.487418407321983,64,64,8,16,0.7032851900290289,0.7171845372876048,0.8218611837845698
s7204_r4_n750_a375,confirmatory,7204,4,0.75,0.375,feedback_only,balanced_contiguous_k2,balanced_contiguous,balanced,2,0.2987418407321983,0.25,0.487418407321983,64,64,16,16,0.6137781454678501,0.637677492726426,1.074381494202379
s7204_r4_n750_a375,confirmatory,7204,4,0.75,0.375,feedback_only,balanced_contiguous_k4,balanced_contiguous,balanced,4,0.5487418407321983,0.5,0.487418407321983,64,64,32,16,0.4510725338191194,0.49497188107769524,1.4490323077911684
s7204_r4_n750_a375,confirmatory,7204,4,0.75,0.375,feedback_only,balanced_contiguous_k8,balanced_contiguous,balanced,8,1.0487418407321982,1.0,0.487418407321983,64,64,64,16,0.311926519733652,0.3958258669922278,1.6381112568536231
s7204_r4_n750_a375,confirmatory,7204,4,0.75,0.375,feedback_only,balanced_interleaved_k1,balanced_interleaved,balanced,1,0.19088469787505546,0.125,0.6588469787505544,64,64,8,16,0.7032851900290289,0.7185559658590334,0.8218611837845698
s7204_r4_n750_a375,confirmatory,7204,4,0.75,0.375,feedback_only,balanced_interleaved_k2,balanced_interleaved,balanced,2,0.31588469787505546,0.25,0.6588469787505544,64,64,16,16,0.5961278518838081,0.6213986277138126,1.1221791433676866
s7204_r4_n750_a375,confirmatory,7204,4,0.75,0.375,feedback_only,balanced_interleaved_k4,balanced_interleaved,balanced,4,0.5658846978750555,0.5,0.6588469787505544,64,64,32,16,0.45051236554095714,0.4957831413709616,1.4569789016899886
s7204_r4_n750_a375,confirmatory,7204,4,0.75,0.375,feedback_only,balanced_interleaved_k8,balanced_interleaved,balanced,8,1.0658846978750554,1.0,0.6588469787505544,64,64,64,16,0.311926519733652,0.3971972955636564,1.6381112568536231
s7204_r4_n750_a375,confirmatory,7204,4,0.75,0.375,feedback_only,balanced_permutation_a_k1,balanced_permutation_a,balanced,1,0.18899250811836066,0.125,0.6399250811836067,64,64,8,16,0.7032851900290289,0.7184045906784977,0.8218611837845698
s7204_r4_n750_a375,confirmatory,7204,4,0.75,0.375,feedback_only,balanced_permutation_a_k2,balanced_permutation_a,balanced,2,0.31399250811836066,0.25,0.6399250811836067,64,64,16,16,0.6605818973543673,0.6857012980038362,0.974522671664147
s7204_r4_n750_a375,confirmatory,7204,4,0.75,0.375,feedback_only,balanced_permutation_a_k4,balanced_permutation_a,balanced,4,0.5639925081183607,0.5,0.6399250811836067,64,64,32,16,0.5498316821869602,0.5949510828364291,1.2493918196405676
s7204_r4_n750_a375,confirmatory,7204,4,0.75,0.375,feedback_only,balanced_permutation_a_k8,balanced_permutation_a,balanced,8,1.0639925081183608,1.0,0.6399250811836067,64,64,64,16,0.311926519733652,0.39704592038312086,1.6381112568536231
s7204_r4_n750_a375,confirmatory,7204,4,0.75,0.375,feedback_only,balanced_permutation_b_k1,balanced_permutation_b,balanced,1,0.18840039778945986,0.125,0.6340039778945984,64,64,8,16,0.7032851900290289,0.7183572218521856,0.8218611837845698
s7204_r4_n750_a375,confirmatory,7204,4,0.75,0.375,feedback_only,balanced_permutation_b_k2,balanced_permutation_b,balanced,2,0.31340039778945983,0.25,0.6340039778945984,64,64,16,16,0.6069780908082607,0.6320501226314175,1.1125308619173369
s7204_r4_n750_a375,confirmatory,7204,4,0.75,0.375,feedback_only,balanced_permutation_b_k4,balanced_permutation_b,balanced,4,0.5634003977894598,0.5,0.6340039778945984,64,64,32,16,0.5436504354533886,0.5887224672765454,1.245495825767604
s7204_r4_n750_a375,confirmatory,7204,4,0.75,0.375,feedback_only,balanced_permutation_b_k8,balanced_permutation_b,balanced,8,1.06340039778946,1.0,0.6340039778945984,64,64,64,16,0.311926519733652,0.3969985515568088,1.6381112568536231
s7204_r4_n750_a375,confirmatory,7204,4,0.75,0.375,feedback_only,comb_contiguous_k1,comb_contiguous,comb,1,0.225,0.125,1.0,64,64,8,16,0.7032851900290289,0.7212851900290289,0.8218611837845698
s7204_r4_n750_a375,confirmatory,7204,4,0.75,0.375,feedback_only,comb_contiguous_k2,comb_contiguous,comb,2,0.35,0.25,1.0,64,64,16,16,0.6367538039000565,0.6647538039000566,1.0332924444413543
s7204_r4_n750_a375,confirmatory,7204,4,0.75,0.375,feedback_only,comb_contiguous_k4,comb_contiguous,comb,4,0.6,0.5,1.0,64,64,32,16,0.5181635913120666,0.5661635913120666,1.3068120554771188
s7204_r4_n750_a375,confirmatory,7204,4,0.75,0.375,feedback_only,comb_contiguous_k8,comb_contiguous,comb,8,1.1,1.0,1.0,64,64,64,16,0.311926519733652,0.399926519733652,1.6381112568536231
s7204_r4_n750_a375,confirmatory,7204,4,0.75,0.375,feedback_only,balanced_contiguous_k1,balanced_contiguous,balanced,1,0.1737418407321983,0.125,0.487418407321983,64,64,8,64,0.6843024383409048,0.6982017855994807,1.2072603967282163
s7204_r4_n750_a375,confirmatory,7204,4,0.75,0.375,feedback_only,balanced_contiguous_k2,balanced_contiguous,balanced,2,0.2987418407321983,0.25,0.487418407321983,64,64,16,64,0.5463442734052155,0.5702436206637914,1.92750449367241
s7204_r4_n750_a375,confirmatory,7204,4,0.75,0.375,feedback_only,balanced_contiguous_k4,balanced_contiguous,balanced,4,0.5487418407321983,0.5,0.487418407321983,64,64,32,64,0.3041294397737249,0.3480287870323008,2.740144673843772
s7204_r4_n750_a375,confirmatory,7204,4,0.75,0.375,feedback_only,balanced_contiguous_k8,balanced_contiguous,balanced,8,1.0487418407321982,1.0,0.487418407321983,64,64,64,64,0.29558070730076935,0.3794800545593452,2.1317864088631167
s7204_r4_n750_a375,confirmatory,7204,4,0.75,0.375,feedback_only,balanced_interleaved_k1,balanced_interleaved,balanced,1,0.19088469787505546,0.125,0.6588469787505544,64,64,8,64,0.6843024383409048,0.6995732141709092,1.2072603967282163
s7204_r4_n750_a375,confirmatory,7204,4,0.75,0.375,feedback_only,balanced_interleaved_k2,balanced_interleaved,balanced,2,0.31588469787505546,0.25,0.6588469787505544,64,64,16,64,0.5471148619588422,0.5723856377888467,1.9253233622177925
s7204_r4_n750_a375,confirmatory,7204,4,0.75,0.375,feedback_only,balanced_interleaved_k4,balanced_interleaved,balanced,4,0.5658846978750555,0.5,0.6588469787505544,64,64,32,64,0.39395557190321767,0.4392263477332221,2.2448088650949014
s7204_r4_n750_a375,confirmatory,7204,4,0.75,0.375,feedback_only,balanced_interleaved_k8,balanced_interleaved,balanced,8,1.0658846978750554,1.0,0.6588469787505544,64,64,64,64,0.29558070730076935,0.38085148313077377,2.1317864088631167
s7204_r4_n750_a375,confirmatory,7204,4,0.75,0.375,feedback_only,balanced_permutation_a_k1,balanced_permutation_a,balanced,1,0.18899250811836066,0.125,0.6399250811836067,64,64,8,64,0.6843024383409048,0.6994218389903736,1.2072603967282163
s7204_r4_n750_a375,confirmatory,7204,4,0.75,0.375,feedback_only,balanced_permutation_a_k2,balanced_permutation_a,balanced,2,0.31399250811836066,0.25,0.6399250811836067,64,64,16,64,0.5923009724847063,0.6174203731341751,1.7450807726933097
s7204_r4_n750_a375,confirmatory,7204,4,0.75,0.375,feedback_only,balanced_permutation_a_k4,balanced_permutation_a,balanced,4,0.5639925081183607,0.5,0.6399250811836067,64,64,32,64,0.4307913073483376,0.47591070799780644,2.3280795634347333
s7204_r4_n750_a375,confirmatory,7204,4,0.75,0.375,feedback_only,balanced_permutation_a_k8,balanced_permutation_a,balanced,8,1.0639925081183608,1.0,0.6399250811836067,64,64,64,64,0.29558070730076935,0.38070010795023823,2.1317864088631167
s7204_r4_n750_a375,confirmatory,7204,4,0.75,0.375,feedback_only,balanced_permutation_b_k1,balanced_permutation_b,balanced,1,0.18840039778945986,0.125,0.6340039778945984,64,64,8,64,0.6843024383409048,0.6993744701640615,1.2072603967282163
s7204_r4_n750_a375,confirmatory,7204,4,0.75,0.375,feedback_only,balanced_permutation_b_k2,balanced_permutation_b,balanced,2,0.31340039778945983,0.25,0.6340039778945984,64,64,16,64,0.5490344477578832,0.57410647958104,1.9334362799664413
s7204_r4_n750_a375,confirmatory,7204,4,0.75,0.375,feedback_only,balanced_permutation_b_k4,balanced_permutation_b,balanced,4,0.5634003977894598,0.5,0.6340039778945984,64,64,32,64,0.44594991885185054,0.4910219506750073,2.272326581666865
s7204_r4_n750_a375,confirmatory,7204,4,0.75,0.375,feedback_only,balanced_permutation_b_k8,balanced_permutation_b,balanced,8,1.06340039778946,1.0,0.6340039778945984,64,64,64,64,0.29558070730076935,0.38065273912392616,2.1317864088631167
s7204_r4_n750_a375,confirmatory,7204,4,0.75,0.375,feedback_only,comb_contiguous_k1,comb_contiguous,comb,1,0.225,0.125,1.0,64,64,8,64,0.6843024383409048,0.7023024383409048,1.2072603967282163
s7204_r4_n750_a375,confirmatory,7204,4,0.75,0.375,feedback_only,comb_contiguous_k2,comb_contiguous,comb,2,0.35,0.25,1.0,64,64,16,64,0.5664957680259506,0.5944957680259506,1.9243260442803853
s7204_r4_n750_a375,confirmatory,7204,4,0.75,0.375,feedback_only,comb_contiguous_k4,comb_contiguous,comb,4,0.6,0.5,1.0,64,64,32,64,0.3884935004615947,0.4364935004615947,2.5357280593064195
s7204_r4_n750_a375,confirmatory,7204,4,0.75,0.375,feedback_only,comb_contiguous_k8,comb_contiguous,comb,8,1.1,1.0,1.0,64,64,64,64,0.29558070730076935,0.3835807073007694,2.1317864088631167
s7204_r4_n750_a375,confirmatory,7204,4,0.75,0.375,feedback_only,balanced_contiguous_k1,balanced_contiguous,balanced,1,0.1737418407321983,0.125,0.487418407321983,64,64,8,256,0.6899868321926372,0.7038861794512131,1.3415697425347528
s7204_r4_n750_a375,confirmatory,7204,4,0.75,0.375,feedback_only,balanced_contiguous_k2,balanced_contiguous,balanced,2,0.2987418407321983,0.25,0.487418407321983,64,64,16,256,0.5522880224411422,0.5761873696997181,2.1875288393409376
s7204_r4_n750_a375,confirmatory,7204,4,0.75,0.375,feedback_only,balanced_contiguous_k4,balanced_contiguous,balanced,4,0.5487418407321983,0.5,0.487418407321983,64,64,32,256,0.28880940997556237,0.33270875723413823,3.5512313363723718
s7204_r4_n750_a375,confirmatory,7204,4,0.75,0.375,feedback_only,balanced_contiguous_k8,balanced_contiguous,balanced,8,1.0487418407321982,1.0,0.487418407321983,64,64,64,256,0.2982573734447044,0.3821567207032802,2.0910352886240733
s7204_r4_n750_a375,confirmatory,7204,4,0.75,0.375,feedback_only,balanced_interleaved_k1,balanced_interleaved,balanced,1,0.19088469787505546,0.125,0.6588469787505544,64,64,8,256,0.6899868321926372,0.7052576080226417,1.3415697425347528
s7204_r4_n750_a375,confirmatory,7204,4,0.75,0.375,feedback_only,balanced_interleaved_k2,balanced_interleaved,balanced,2,0.31588469787505546,0.25,0.6588469787505544,64,64,16,256,0.556776868132631,0.5820476439626355,1.935325578266465
s7204_r4_n750_a375,confirmatory,7204,4,0.75,0.375,feedback_only,balanced_interleaved_k4,balanced_interleaved,balanced,4,0.5658846978750555,0.5,0.6588469787505544,64,64,32,256,0.35017425128393803,0.39544502711394247,3.199311581050682
s7204_r4_n750_a375,confirmatory,7204,4,0.75,0.375,feedback_only,balanced_interleaved_k8,balanced_interleaved,balanced,8,1.0658846978750554,1.0,0.6588469787505544,64,64,64,256,0.2982573734447044,0.3835281492747088,2.0910352886240733
s7204_r4_n750_a375,confirmatory,7204,4,0.75,0.375,feedback_only,balanced_permutation_a_k1,balanced_permutation_a,balanced,1,0.18899250811836066,0.125,0.6399250811836067,64,64,8,256,0.6899868321926372,0.705106232842106,1.3415697425347528
s7204_r4_n750_a375,confirmatory,7204,4,0.75,0.375,feedback_only,balanced_permutation_a_k2,balanced_permutation_a,balanced,2,0.31399250811836066,0.25,0.6399250811836067,64,64,16,256,0.5588557860839952,0.583975186733464,3.1125669803193183
s7204_r4_n750_a375,confirmatory,7204,4,0.75,0.375,feedback_only,balanced_permutation_a_k4,balanced_permutation_a,balanced,4,0.5639925081183607,0.5,0.6399250811836067,64,64,32,256,0.34589178654876884,0.3910111871982377,4.266051474540745
s7204_r4_n750_a375,confirmatory,7204,4,0.75,0.375,feedback_only,balanced_permutation_a_k8,balanced_permutation_a,balanced,8,1.0639925081183608,1.0,0.6399250811836067,64,64,64,256,0.2982573734447044,0.38337677409417326,2.0910352886240733
s7204_r4_n750_a375,confirmatory,7204,4,0.75,0.375,feedback_only,balanced_permutation_b_k1,balanced_permutation_b,balanced,1,0.18840039778945986,0.125,0.6340039778945984,64,64,8,256,0.6899868321926372,0.705058864015794,1.3415697425347528
s7204_r4_n750_a375,confirmatory,7204,4,0.75,0.375,feedback_only,balanced_permutation_b_k2,balanced_permutation_b,balanced,2,0.31340039778945983,0.25,0.6340039778945984,64,64,16,256,0.5542379158739307,0.5793099476970874,2.173006274921281
s7204_r4_n750_a375,confirmatory,7204,4,0.75,0.375,feedback_only,balanced_permutation_b_k4,balanced_permutation_b,balanced,4,0.5634003977894598,0.5,0.6340039778945984,64,64,32,256,0.3709952133542439,0.4160672451774007,3.9795009882616084
s7204_r4_n750_a375,confirmatory,7204,4,0.75,0.375,feedback_only,balanced_permutation_b_k8,balanced_permutation_b,balanced,8,1.06340039778946,1.0,0.6340039778945984,64,64,64,256,0.2982573734447044,0.3833294052678612,2.0910352886240733
s7204_r4_n750_a375,confirmatory,7204,4,0.75,0.375,feedback_only,comb_contiguous_k1,comb_contiguous,comb,1,0.225,0.125,1.0,64,64,8,256,0.6899868321926372,0.7079868321926372,1.3415697425347528
s7204_r4_n750_a375,confirmatory,7204,4,0.75,0.375,feedback_only,comb_contiguous_k2,comb_contiguous,comb,2,0.35,0.25,1.0,64,64,16,256,0.5566693559580085,0.5846693559580085,2.6254498112345153
s7204_r4_n750_a375,confirmatory,7204,4,0.75,0.375,feedback_only,comb_contiguous_k4,comb_contiguous,comb,4,0.6,0.5,1.0,64,64,32,256,0.33112464139169095,0.37912464139169094,3.9260221000636686
s7204_r4_n750_a375,confirmatory,7204,4,0.75,0.375,feedback_only,comb_contiguous_k8,comb_contiguous,comb,8,1.1,1.0,1.0,64,64,64,256,0.2982573734447044,0.3862573734447044,2.0910352886240733
s7204_r4_n750_a375,confirmatory,7204,4,0.75,0.375,joint_forward_feedback,balanced_contiguous_k1,balanced_contiguous,balanced,1,0.1737418407321983,0.125,0.487418407321983,64,64,8,16,0.7290398683512023,0.7429392156097782,0.7026190478756228
s7204_r4_n750_a375,confirmatory,7204,4,0.75,0.375,joint_forward_feedback,balanced_contiguous_k2,balanced_contiguous,balanced,2,0.2987418407321983,0.25,0.487418407321983,64,64,16,16,0.6701417138181729,0.6940410610767488,0.9022523680259127
s7204_r4_n750_a375,confirmatory,7204,4,0.75,0.375,joint_forward_feedback,balanced_contiguous_k4,balanced_contiguous,balanced,4,0.5487418407321983,0.5,0.487418407321983,64,64,32,16,0.5571112763800675,0.6010106236386434,1.2274340857852029
s7204_r4_n750_a375,confirmatory,7204,4,0.75,0.375,joint_forward_feedback,balanced_contiguous_k8,balanced_contiguous,balanced,8,1.0487418407321982,1.0,0.487418407321983,64,64,64,16,0.45377756687735926,0.5376769141359351,1.452862180521783
s7204_r4_n750_a375,confirmatory,7204,4,0.75,0.375,joint_forward_feedback,balanced_interleaved_k1,balanced_interleaved,balanced,1,0.19088469787505546,0.125,0.6588469787505544,64,64,8,16,0.7214641500321856,0.73673492586219,0.7387935654270996
s7204_r4_n750_a375,confirmatory,7204,4,0.75,0.375,joint_forward_feedback,balanced_interleaved_k2,balanced_interleaved,balanced,2,0.31588469787505546,0.25,0.6588469787505544,64,64,16,16,0.6373197119785579,0.6625904878085623,1.0071447106705145
s7204_r4_n750_a375,confirmatory,7204,4,0.75,0.375,joint_forward_feedback,balanced_interleaved_k4,balanced_interleaved,balanced,4,0.5658846978750555,0.5,0.6588469787505544,64,64,32,16,0.5116032415899141,0.5568740174199185,1.3418614791219705
s7204_r4_n750_a375,confirmatory,7204,4,0.75,0.375,joint_forward_feedback,balanced_interleaved_k8,balanced_interleaved,balanced,8,1.0658846978750554,1.0,0.6588469787505544,64,64,64,16,0.38967125688642595,0.4749420327164304,1.563914886938189
s7204_r4_n750_a375,confirmatory,7204,4,0.75,0.375,joint_forward_feedback,balanced_permutation_a_k1,balanced_permutation_a,balanced,1,0.18899250811836066,0.125,0.6399250811836067,64,64,8,16,0.7194486625482287,0.7345680631976975,0.750811262771484
s7204_r4_n750_a375,confirmatory,7204,4,0.75,0.375,joint_forward_feedback,balanced_permutation_a_k2,balanced_permutation_a,balanced,2,0.31399250811836066,0.25,0.6399250811836067,64,64,16,16,0.6829314526682846,0.7080508533177534,0.9028737884087696
s7204_r4_n750_a375,confirmatory,7204,4,0.75,0.375,joint_forward_feedback,balanced_permutation_a_k4,balanced_permutation_a,balanced,4,0.5639925081183607,0.5,0.6399250811836067,64,64,32,16,0.6026827808704839,0.6478021815199527,1.1341938201627109
s7204_r4_n750_a375,confirmatory,7204,4,0.75,0.375,joint_forward_feedback,balanced_permutation_a_k8,balanced_permutation_a,balanced,8,1.0639925081183608,1.0,0.6399250811836067,64,64,64,16,0.4107323165645373,0.49585171721400617,1.5349441595773883
s7204_r4_n750_a375,confirmatory,7204,4,0.75,0.375,joint_forward_feedback,balanced_permutation_b_k1,balanced_permutation_b,balanced,1,0.18840039778945986,0.125,0.6340039778945984,64,64,8,16,0.7219045660268729,0.7369765978500297,0.7373332174070358
s7204_r4_n750_a375,confirmatory,7204,4,0.75,0.375,joint_forward_feedback,balanced_permutation_b_k2,balanced_permutation_b,balanced,2,0.31340039778945983,0.25,0.6340039778945984,64,64,16,16,0.6541505075385419,0.6792225393616986,0.9770937431165867
s7204_r4_n750_a375,confirmatory,7204,4,0.75,0.375,joint_forward_feedback,balanced_permutation_b_k4,balanced_permutation_b,balanced,4,0.5634003977894598,0.5,0.6340039778945984,64,64,32,16,0.5965786494280265,0.6416506812511833,1.146418679759414
s7204_r4_n750_a375,confirmatory,7204,4,0.75,0.375,joint_forward_feedback,balanced_permutation_b_k8,balanced_permutation_b,balanced,8,1.06340039778946,1.0,0.6340039778945984,64,64,64,16,0.4060480901847441,0.4911201220079009,1.5372603794974598
s7204_r4_n750_a375,confirmatory,7204,4,0.75,0.375,joint_forward_feedback,comb_contiguous_k1,comb_contiguous,comb,1,0.225,0.125,1.0,64,64,8,16,0.7179565632189641,0.7359565632189641,0.7533191571517663
s7204_r4_n750_a375,confirmatory,7204,4,0.75,0.375,joint_forward_feedback,comb_contiguous_k2,comb_contiguous,comb,2,0.35,0.25,1.0,64,64,16,16,0.6628570816952402,0.6908570816952402,0.9480512085117038
s7204_r4_n750_a375,confirmatory,7204,4,0.75,0.375,joint_forward_feedback,comb_contiguous_k4,comb_contiguous,comb,4,0.6,0.5,1.0,64,64,32,16,0.5607694965308055,0.6087694965308056,1.2087370839322928
s7204_r4_n750_a375,confirmatory,7204,4,0.75,0.375,joint_forward_feedback,comb_contiguous_k8,comb_contiguous,comb,8,1.1,1.0,1.0,64,64,64,16,0.3734674033433386,0.46146740334333863,1.5855584726113785
s7204_r4_n750_a375,confirmatory,7204,4,0.75,0.375,joint_forward_feedback,balanced_contiguous_k1,balanced_contiguous,balanced,1,0.1737418407321983,0.125,0.487418407321983,64,64,8,64,0.6877233444929068,0.7016226917514827,1.4396600296808737
s7204_r4_n750_a375,confirmatory,7204,4,0.75,0.375,joint_forward_feedback,balanced_contiguous_k2,balanced_contiguous,balanced,2,0.2987418407321983,0.25,0.487418407321983,64,64,16,64,0.5630541989386826,0.5869535461972585,2.1035506014201233
s7204_r4_n750_a375,confirmatory,7204,4,0.75,0.375,joint_forward_feedback,balanced_contiguous_k4,balanced_contiguous,balanced,4,0.5487418407321983,0.5,0.487418407321983,64,64,32,64,0.3627912083703388,0.40669055562891465,2.8195385162714954
s7204_r4_n750_a375,confirmatory,7204,4,0.75,0.375,joint_forward_feedback,balanced_contiguous_k8,balanced_contiguous,balanced,8,1.0487418407321982,1.0,0.487418407321983,64,64,64,64,0.2882207816156854,0.3721201288742612,2.9227293737995104
s7204_r4_n750_a375,confirmatory,7204,4,0.75,0.375,joint_forward_feedback,balanced_interleaved_k1,balanced_interleaved,balanced,1,0.19088469787505546,0.125,0.6588469787505544,64,64,8,64,0.6860607048913896,0.7013314807213941,1.3952797915731792
s7204_r4_n750_a375,confirmatory,7204,4,0.75,0.375,joint_forward_feedback,balanced_interleaved_k2,balanced_interleaved,balanced,2,0.31588469787505546,0.25,0.6588469787505544,64,64,16,64,0.5483551984900863,0.5736259743200908,2.1230807789857353
s7204_r4_n750_a375,confirmatory,7204,4,0.75,0.375,joint_forward_feedback,balanced_interleaved_k4,balanced_interleaved,balanced,4,0.5658846978750555,0.5,0.6588469787505544,64,64,32,64,0.40081775215161436,0.4460885279816188,2.531535219328056
s7204_r4_n750_a375,confirmatory,7204,4,0.75,0.375,joint_forward_feedback,balanced_interleaved_k8,balanced_interleaved,balanced,8,1.0658846978750554,1.0,0.6588469787505544,64,64,64,64,0.28572160364890153,0.37099237947890595,2.6865635342586045
s7204_r4_n750_a375,confirmatory,7204,4,0.75,0.375,joint_forward_feedback,balanced_permutation_a_k1,balanced_permutation_a,balanced,1,0.18899250811836066,0.125,0.6399250811836067,64,64,8,64,0.6856009064485371,0.7007203070980059,1.3937651542244032
s7204_r4_n750_a375,confirmatory,7204,4,0.75,0.375,joint_forward_feedback,balanced_permutation_a_k2,balanced_permutation_a,balanced,2,0.31399250811836066,0.25,0.6399250811836067,64,64,16,64,0.6209490390949978,0.6460684397444666,1.727372892782664
s7204_r4_n750_a375,confirmatory,7204,4,0.75,0.375,joint_forward_feedback,balanced_permutation_a_k4,balanced_permutation_a,balanced,4,0.5639925081183607,0.5,0.6399250811836067,64,64,32,64,0.4720206639097675,0.5171400645592363,2.3716970982528114
s7204_r4_n750_a375,confirmatory,7204,4,0.75,0.375,joint_forward_feedback,balanced_permutation_a_k8,balanced_permutation_a,balanced,8,1.0639925081183608,1.0,0.6399250811836067,64,64,64,64,0.2857607111012813,0.3708801117507502,2.7396672682916154
s7204_r4_n750_a375,confirmatory,7204,4,0.75,0.375,joint_forward_feedback,balanced_permutation_b_k1,balanced_permutation_b,balanced,1,0.18840039778945986,0.125,0.6340039778945984,64,64,8,64,0.6864304549149649,0.7015024867381217,1.3982695562344294
s7204_r4_n750_a375,confirmatory,7204,4,0.75,0.375,joint_forward_feedback,balanced_permutation_b_k2,balanced_permutation_b,balanced,2,0.31340039778945983,0.25,0.6340039778945984,64,64,16,64,0.5617598298522386,0.5868318616753954,2.0835433123975537
s7204_r4_n750_a375,confirmatory,7204,4,0.75,0.375,joint_forward_feedback,balanced_permutation_b_k4,balanced_permutation_b,balanced,4,0.5634003977894598,0.5,0.6340039778945984,64,64,32,64,0.482897642948555,0.5279696747717117,2.31652450361253
s7204_r4_n750_a375,confirmatory,7204,4,0.75,0.375,joint_forward_feedback,balanced_permutation_b_k8,balanced_permutation_b,balanced,8,1.06340039778946,1.0,0.6340039778945984,64,64,64,64,0.2853609348983664,0.3704329667215232,2.764492739963451
s7204_r4_n750_a375,confirmatory,7204,4,0.75,0.375,joint_forward_feedback,comb_contiguous_k1,comb_contiguous,comb,1,0.225,0.125,1.0,64,64,8,64,0.6852988555249074,0.7032988555249075,1.3687135722389057
s7204_r4_n750_a375,confirmatory,7204,4,0.75,0.375,joint_forward_feedback,comb_contiguous_k2,comb_contiguous,comb,2,0.35,0.25,1.0,64,64,16,64,0.5761213497928583,0.6041213497928584,1.9975732853528418
s7204_r4_n750_a375,confirmatory,7204,4,0.75,0.375,joint_forward_feedback,comb_contiguous_k4,comb_contiguous,comb,4,0.6,0.5,1.0,64,64,32,64,0.40376734243738555,0.45176734243738553,2.619212277832114
s7204_r4_n750_a375,confirmatory,7204,4,0.75,0.375,joint_forward_feedback,comb_contiguous_k8,comb_contiguous,comb,8,1.1,1.0,1.0,64,64,64,64,0.28925131486482775,0.37725131486482777,2.6035048582508455
s7204_r4_n750_a375,confirmatory,7204,4,0.75,0.375,joint_forward_feedback,balanced_contiguous_k1,balanced_contiguous,balanced,1,0.1737418407321983,0.125,0.487418407321983,64,64,8,256,0.6851655641889125,0.6990649114474884,1.778758342027785
s7204_r4_n750_a375,confirmatory,7204,4,0.75,0.375,joint_forward_feedback,balanced_contiguous_k2,balanced_contiguous,balanced,2,0.2987418407321983,0.25,0.487418407321983,64,64,16,256,0.5451846004522306,0.5690839477108065,2.9298394479002696
s7204_r4_n750_a375,confirmatory,7204,4,0.75,0.375,joint_forward_feedback,balanced_contiguous_k4,balanced_contiguous,balanced,4,0.5487418407321983,0.5,0.487418407321983,64,64,32,256,0.285930398763579,0.32982974602215487,4.616873402776288
s7204_r4_n750_a375,confirmatory,7204,4,0.75,0.375,joint_forward_feedback,balanced_contiguous_k8,balanced_contiguous,balanced,8,1.0487418407321982,1.0,0.487418407321983,64,64,64,256,0.28641381243109487,0.3703131596896707,3.3641239554476887
s7204_r4_n750_a375,confirmatory,7204,4,0.75,0.375,joint_forward_feedback,balanced_interleaved_k1,balanced_interleaved,balanced,1,0.19088469787505546,0.125,0.6588469787505544,64,64,8,256,0.6861530515067129,0.7014238273367174,1.6477378959816722
s7204_r4_n750_a375,confirmatory,7204,4,0.75,0.375,joint_forward_feedback,balanced_interleaved_k2,balanced_interleaved,balanced,2,0.31588469787505546,0.25,0.6588469787505544,64,64,16,256,0.5509458181247844,0.5762165939547889,2.4263839578601725
s7204_r4_n750_a375,confirmatory,7204,4,0.75,0.375,joint_forward_feedback,balanced_interleaved_k4,balanced_interleaved,balanced,4,0.5658846978750555,0.5,0.6588469787505544,64,64,32,256,0.3672773958660316,0.412548171696036,3.3950335500625064
s7204_r4_n750_a375,confirmatory,7204,4,0.75,0.375,joint_forward_feedback,balanced_interleaved_k8,balanced_interleaved,balanced,8,1.0658846978750554,1.0,0.6588469787505544,64,64,64,256,0.28908036125697056,0.374351137086975,2.8205126513724244
s7204_r4_n750_a375,confirmatory,7204,4,0.75,0.375,joint_forward_feedback,balanced_permutation_a_k1,balanced_permutation_a,balanced,1,0.18899250811836066,0.125,0.6399250811836067,64,64,8,256,0.6861024970586155,0.7012218977080843,1.6329090031125968
s7204_r4_n750_a375,confirmatory,7204,4,0.75,0.375,joint_forward_feedback,balanced_permutation_a_k2,balanced_permutation_a,balanced,2,0.31399250811836066,0.25,0.6399250811836067,64,64,16,256,0.5672334385396837,0.5923528391891525,3.295963869598855
s7204_r4_n750_a375,confirmatory,7204,4,0.75,0.375,joint_forward_feedback,balanced_permutation_a_k4,balanced_permutation_a,balanced,4,0.5639925081183607,0.5,0.6399250811836067,64,64,32,256,0.3739006982180747,0.41902009886754354,4.418844188705099
s7204_r4_n750_a375,confirmatory,7204,4,0.75,0.375,joint_forward_feedback,balanced_permutation_a_k8,balanced_permutation_a,balanced,8,1.0639925081183608,1.0,0.6399250811836067,64,64,64,256,0.2890619688987427,0.3741813695482116,2.9940095420858506
s7204_r4_n750_a375,confirmatory,7204,4,0.75,0.375,joint_forward_feedback,balanced_permutation_b_k1,balanced_permutation_b,balanced,1,0.18840039778945986,0.125,0.6340039778945984,64,64,8,256,0.6861969154130616,0.7012689472362184,1.656605376499882
s7204_r4_n750_a375,confirmatory,7204,4,0.75,0.375,joint_forward_feedback,balanced_permutation_b_k2,balanced_permutation_b,balanced,2,0.31340039778945983,0.25,0.6340039778945984,64,64,16,256,0.5501685918711424,0.5752406236942992,2.775094386592528
s7204_r4_n750_a375,confirmatory,7204,4,0.75,0.375,joint_forward_feedback,balanced_permutation_b_k4,balanced_permutation_b,balanced,4,0.5634003977894598,0.5,0.6340039778945984,64,64,32,256,0.3957543056552244,0.4408263374783812,4.167629967934874
s7204_r4_n750_a375,confirmatory,7204,4,0.75,0.375,joint_forward_feedback,balanced_permutation_b_k8,balanced_permutation_b,balanced,8,1.06340039778946,1.0,0.6340039778945984,64,64,64,256,0.2881249158392684,0.3731969476624252,2.9447100439357117
s7204_r4_n750_a375,confirmatory,7204,4,0.75,0.375,joint_forward_feedback,comb_contiguous_k1,comb_contiguous,comb,1,0.225,0.125,1.0,64,64,8,256,0.6874625799437208,0.7054625799437209,1.583781716794871
s7204_r4_n750_a375,confirmatory,7204,4,0.75,0.375,joint_forward_feedback,comb_contiguous_k2,comb_contiguous,comb,2,0.35,0.25,1.0,64,64,16,256,0.554552047745149,0.582552047745149,2.9557410372249397
s7204_r4_n750_a375,confirmatory,7204,4,0.75,0.375,joint_forward_feedback,comb_contiguous_k4,comb_contiguous,comb,4,0.6,0.5,1.0,64,64,32,256,0.3340423299477289,0.3820423299477289,4.237895868140359
s7204_r4_n750_a375,confirmatory,7204,4,0.75,0.375,joint_forward_feedback,comb_contiguous_k8,comb_contiguous,comb,8,1.1,1.0,1.0,64,64,64,256,0.29075942205556604,0.37875942205556606,2.7138166195349114
s7204_r8_n000_a125,confirmatory,7204,8,0.0,0.125,feedback_only,balanced_contiguous_k1,balanced_contiguous,balanced,1,0.1737418407321983,0.125,0.487418407321983,64,64,8,16,0.4467077234479254,0.4606070707065013,0.6075229449572535
s7204_r8_n000_a125,confirmatory,7204,8,0.0,0.125,feedback_only,balanced_contiguous_k2,balanced_contiguous,balanced,2,0.2987418407321983,0.25,0.487418407321983,64,64,16,16,0.4107743640019346,0.43467371126051046,0.7399617792366534
s7204_r8_n000_a125,confirmatory,7204,8,0.0,0.125,feedback_only,balanced_contiguous_k4,balanced_contiguous,balanced,4,0.5487418407321983,0.5,0.487418407321983,64,64,32,16,0.315957653202356,0.3598570004609319,1.0333078687186417
s7204_r8_n000_a125,confirmatory,7204,8,0.0,0.125,feedback_only,balanced_contiguous_k8,balanced_contiguous,balanced,8,1.0487418407321982,1.0,0.487418407321983,64,64,64,16,0.14415762066288781,0.22805696792146368,1.4401195034593124
s7204_r8_n000_a125,confirmatory,7204,8,0.0,0.125,feedback_only,balanced_interleaved_k1,balanced_interleaved,balanced,1,0.19088469787505546,0.125,0.6588469787505544,64,64,8,16,0.4467077234479254,0.46197849927792983,0.6075229449572535
s7204_r8_n000_a125,confirmatory,7204,8,0.0,0.125,feedback_only,balanced_interleaved_k2,balanced_interleaved,balanced,2,0.31588469787505546,0.25,0.6588469787505544,64,64,16,16,0.4067648126890081,0.4320355885190125,0.7767464279793169
s7204_r8_n000_a125,confirmatory,7204,8,0.0,0.125,feedback_only,balanced_interleaved_k4,balanced_interleaved,balanced,4,0.5658846978750555,0.5,0.6588469787505544,64,64,32,16,0.31287407518730403,0.3581448510173085,1.0756978108295527
s7204_r8_n000_a125,confirmatory,7204,8,0.0,0.125,feedback_only,balanced_interleaved_k8,balanced_interleaved,balanced,8,1.0658846978750554,1.0,0.6588469787505544,64,64,64,16,0.14415762066288781,0.22942839649289226,1.4401195034593124
s7204_r8_n000_a125,confirmatory,7204,8,0.0,0.125,feedback_only,balanced_permutation_a_k1,balanced_permutation_a,balanced,1,0.18899250811836066,0.125,0.6399250811836067,64,64,8,16,0.4467077234479254,0.4618271240973943,0.6075229449572535
s7204_r8_n000_a125,confirmatory,7204,8,0.0,0.125,feedback_only,balanced_permutation_a_k2,balanced_permutation_a,balanced,2,0.31399250811836066,0.25,0.6399250811836067,64,64,16,16,0.4011257387635699,0.42624513941303876,0.8507235372943577
s7204_r8_n000_a125,confirmatory,7204,8,0.0,0.125,feedback_only,balanced_permutation_a_k4,balanced_permutation_a,balanced,4,0.5639925081183607,0.5,0.6399250811836067,64,64,32,16,0.32084544648721136,0.3659648471366802,1.0669084162913223
s7204_r8_n000_a125,confirmatory,7204,8,0.0,0.125,feedback_only,balanced_permutation_a_k8,balanced_permutation_a,balanced,8,1.0639925081183608,1.0,0.6399250811836067,64,64,64,16,0.14415762066288781,0.22927702131235667,1.4401195034593124
s7204_r8_n000_a125,confirmatory,7204,8,0.0,0.125,feedback_only,balanced_permutation_b_k1,balanced_permutation_b,balanced,1,0.18840039778945986,0.125,0.6340039778945984,64,64,8,16,0.4467077234479254,0.4617797552710822,0.6075229449572535
s7204_r8_n000_a125,confirmatory,7204,8,0.0,0.125,feedback_only,balanced_permutation_b_k2,balanced_permutation_b,balanced,2,0.31340039778945983,0.25,0.6340039778945984,64,64,16,16,0.40560414870840245,0.4306761805315592,0.7697455385185248
s7204_r8_n000_a125,confirmatory,7204,8,0.0,0.125,feedback_only,balanced_permutation_b_k4,balanced_permutation_b,balanced,4,0.5634003977894598,0.5,0.6340039778945984,64,64,32,16,0.3101265304917471,0.3551985623149039,1.0922892282553598
s7204_r8_n000_a125,confirmatory,7204,8,0.0,0.125,feedback_only,balanced_permutation_b_k8,balanced_permutation_b,balanced,8,1.06340039778946,1.0,0.6340039778945984,64,64,64,16,0.14415762066288781,0.2292296524860446,1.4401195034593124
s7204_r8_n000_a125,confirmatory,7204,8,0.0,0.125,feedback_only,comb_contiguous_k1,comb_contiguous,comb,1,0.225,0.125,1.0,64,64,8,16,0.4467077234479254,0.46470772344792544,0.6075229449572535
s7204_r8_n000_a125,confirmatory,7204,8,0.0,0.125,feedback_only,comb_contiguous_k2,comb_contiguous,comb,2,0.35,0.25,1.0,64,64,16,16,0.399649428188291,0.427649428188291,0.7702935537013108
s7204_r8_n000_a125,confirmatory,7204,8,0.0,0.125,feedback_only,comb_contiguous_k4,comb_contiguous,comb,4,0.6,0.5,1.0,64,64,32,16,0.3100851173212211,0.3580851173212211,1.0735006318977887
s7204_r8_n000_a125,confirmatory,7204,8,0.0,0.125,feedback_only,comb_contiguous_k8,comb_contiguous,comb,8,1.1,1.0,1.0,64,64,64,16,0.14415762066288781,0.2321576206628878,1.4401195034593124
s7204_r8_n000_a125,confirmatory,7204,8,0.0,0.125,feedback_only,balanced_contiguous_k1,balanced_contiguous,balanced,1,0.1737418407321983,0.125,0.487418407321983,64,64,8,64,0.435917974285777,0.4498173215443529,1.0733693168825067
s7204_r8_n000_a125,confirmatory,7204,8,0.0,0.125,feedback_only,balanced_contiguous_k2,balanced_contiguous,balanced,2,0.2987418407321983,0.25,0.487418407321983,64,64,16,64,0.3745581927366682,0.398457539995244,1.4594376809777374
s7204_r8_n000_a125,confirmatory,7204,8,0.0,0.125,feedback_only,balanced_contiguous_k4,balanced_contiguous,balanced,4,0.5487418407321983,0.5,0.487418407321983,64,64,32,64,0.24922583046057728,0.29312517771915314,1.8581870290883082
s7204_r8_n000_a125,confirmatory,7204,8,0.0,0.125,feedback_only,balanced_contiguous_k8,balanced_contiguous,balanced,8,1.0487418407321982,1.0,0.487418407321983,64,64,64,64,0.0064543615241443655,0.09035370878272023,2.5859190172284405
s7204_r8_n000_a125,confirmatory,7204,8,0.0,0.125,feedback_only,balanced_interleaved_k1,balanced_interleaved,balanced,1,0.19088469787505546,0.125,0.6588469787505544,64,64,8,64,0.435917974285777,0.4511887501157814,1.0733693168825067
s7204_r8_n000_a125,confirmatory,7204,8,0.0,0.125,feedback_only,balanced_interleaved_k2,balanced_interleaved,balanced,2,0.31588469787505546,0.25,0.6588469787505544,64,64,16,64,0.3807038245614905,0.4059746003914949,1.4597623982577734
s7204_r8_n000_a125,confirmatory,7204,8,0.0,0.125,feedback_only,balanced_interleaved_k4,balanced_interleaved,balanced,4,0.5658846978750555,0.5,0.6588469787505544,64,64,32,64,0.25741377243608105,0.3026845482660855,1.8514061038800493
s7204_r8_n000_a125,confirmatory,7204,8,0.0,0.125,feedback_only,balanced_interleaved_k8,balanced_interleaved,balanced,8,1.0658846978750554,1.0,0.6588469787505544,64,64,64,64,0.0064543615241443655,0.0917251373541488,2.5859190172284405
s7204_r8_n000_a125,confirmatory,7204,8,0.0,0.125,feedback_only,balanced_permutation_a_k1,balanced_permutation_a,balanced,1,0.18899250811836066,0.125,0.6399250811836067,64,64,8,64,0.435917974285777,0.45103737493524587,1.0733693168825067
s7204_r8_n000_a125,confirmatory,7204,8,0.0,0.125,feedback_only,balanced_permutation_a_k2,balanced_permutation_a,balanced,2,0.31399250811836066,0.25,0.6399250811836067,64,64,16,64,0.3816555666546028,0.4067749673040717,1.3737767561551695
s7204_r8_n000_a125,confirmatory,7204,8,0.0,0.125,feedback_only,balanced_permutation_a_k4,balanced_permutation_a,balanced,4,0.5639925081183607,0.5,0.6399250811836067,64,64,32,64,0.26681266605351517,0.311932066702984,1.8223515309993863
s7204_r8_n000_a125,confirmatory,7204,8,0.0,0.125,feedback_only,balanced_permutation_a_k8,balanced_permutation_a,balanced,8,1.0639925081183608,1.0,0.6399250811836067,64,64,64,64,0.0064543615241443655,0.09157376217361324,2.5859190172284405
s7204_r8_n000_a125,confirmatory,7204,8,0.0,0.125,feedback_only,balanced_permutation_b_k1,balanced_permutation_b,balanced,1,0.18840039778945986,0.125,0.6340039778945984,64,64,8,64,0.435917974285777,0.4509900061089338,1.0733693168825067
s7204_r8_n000_a125,confirmatory,7204,8,0.0,0.125,feedback_only,balanced_permutation_b_k2,balanced_permutation_b,balanced,2,0.31340039778945983,0.25,0.6340039778945984,64,64,16,64,0.38496862962942324,0.41004066145258,1.4338089782525827
s7204_r8_n000_a125,confirmatory,7204,8,0.0,0.125,feedback_only,balanced_permutation_b_k4,balanced_permutation_b,balanced,4,0.5634003977894598,0.5,0.6340039778945984,64,64,32,64,0.26256059011316035,0.30763262193631713,1.9190501870657826
s7204_r8_n000_a125,confirmatory,7204,8,0.0,0.125,feedback_only,balanced_permutation_b_k8,balanced_permutation_b,balanced,8,1.06340039778946,1.0,0.6340039778945984,64,64,64,64,0.0064543615241443655,0.09152639334730117,2.5859190172284405
s7204_r8_n000_a125,confirmatory,7204,8,0.0,0.125,feedback_only,comb_contiguous_k1,comb_contiguous,comb,1,0.225,0.125,1.0,64,64,8,64,0.435917974285777,0.453917974285777,1.0733693168825067
s7204_r8_n000_a125,confirmatory,7204,8,0.0,0.125,feedback_only,comb_contiguous_k2,comb_contiguous,comb,2,0.35,0.25,1.0,64,64,16,64,0.37204418226215263,0.40004418226215266,1.38989236788222
s7204_r8_n000_a125,confirmatory,7204,8,0.0,0.125,feedback_only,comb_contiguous_k4,comb_contiguous,comb,4,0.6,0.5,1.0,64,64,32,64,0.2593789818587073,0.30737898185870727,1.8603377516856963
s7204_r8_n000_a125,confirmatory,7204,8,0.0,0.125,feedback_only,comb_contiguous_k8,comb_contiguous,comb,8,1.1,1.0,1.0,64,64,64,64,0.0064543615241443655,0.09445436152414438,2.5859190172284405
s7204_r8_n000_a125,confirmatory,7204,8,0.0,0.125,feedback_only,balanced_contiguous_k1,balanced_contiguous,balanced,1,0.1737418407321983,0.125,0.487418407321983,64,64,8,256,0.43550113347964514,0.44940048073822103,1.0214128147844816
s7204_r8_n000_a125,confirmatory,7204,8,0.0,0.125,feedback_only,balanced_contiguous_k2,balanced_contiguous,balanced,2,0.2987418407321983,0.25,0.487418407321983,64,64,16,256,0.3717087407174101,0.39560808797598596,1.4216070963937835
s7204_r8_n000_a125,confirmatory,7204,8,0.0,0.125,feedback_only,balanced_contiguous_k4,balanced_contiguous,balanced,4,0.5487418407321983,0.5,0.487418407321983,64,64,32,256,0.24236354025233925,0.2862628875109151,1.9319459712975664
s7204_r8_n000_a125,confirmatory,7204,8,0.0,0.125,feedback_only,balanced_contiguous_k8,balanced_contiguous,balanced,8,1.0487418407321982,1.0,0.487418407321983,64,64,64,256,3.7384386233705585e-08,0.0838993846429621,2.828076648451012
s7204_r8_n000_a125,confirmatory,7204,8,0.0,0.125,feedback_only,balanced_interleaved_k1,balanced_interleaved,balanced,1,0.19088469787505546,0.125,0.6588469787505544,64,64,8,256,0.43550113347964514,0.45077190930964955,1.0214128147844816
s7204_r8_n000_a125,confirmatory,7204,8,0.0,0.125,feedback_only,balanced_interleaved_k2,balanced_interleaved,balanced,2,0.31588469787505546,0.25,0.6588469787505544,64,64,16,256,0.3824228907387106,0.40769366656871503,1.4292458498854337
s7204_r8_n000_a125,confirmatory,7204,8,0.0,0.125,feedback_only,balanced_interleaved_k4,balanced_interleaved,balanced,4,0.5658846978750555,0.5,0.6588469787505544,64,64,32,256,0.254993022560964,0.30026379839096845,1.9451679070015475
s7204_r8_n000_a125,confirmatory,7204,8,0.0,0.125,feedback_only,balanced_interleaved_k8,balanced_interleaved,balanced,8,1.0658846978750554,1.0,0.6588469787505544,64,64,64,256,3.7384386233705585e-08,0.08527081321439067,2.828076648451012
s7204_r8_n000_a125,confirmatory,7204,8,0.0,0.125,feedback_only,balanced_permutation_a_k1,balanced_permutation_a,balanced,1,0.18899250811836066,0.125,0.6399250811836067,64,64,8,256,0.43550113347964514,0.450620534129114,1.0214128147844816
s7204_r8_n000_a125,confirmatory,7204,8,0.0,0.125,feedback_only,balanced_permutation_a_k2,balanced_permutation_a,balanced,2,0.31399250811836066,0.25,0.6399250811836067,64,64,16,256,0.37953364930931305,0.40465304995878193,1.4309936451873815
s7204_r8_n000_a125,confirmatory,7204,8,0.0,0.125,feedback_only,balanced_permutation_a_k4,balanced_permutation_a,balanced,4,0.5639925081183607,0.5,0.6399250811836067,64,64,32,256,0.2596320174485132,0.30475141809798206,1.9529354809746438
s7204_r8_n000_a125,confirmatory,7204,8,0.0,0.125,feedback_only,balanced_permutation_a_k8,balanced_permutation_a,balanced,8,1.0639925081183608,1.0,0.6399250811836067,64,64,64,256,3.7384386233705585e-08,0.0851194380338551,2.828076648451012
s7204_r8_n000_a125,confirmatory,7204,8,0.0,0.125,feedback_only,balanced_permutation_b_k1,balanced_permutation_b,balanced,1,0.18840039778945986,0.125,0.6340039778945984,64,64,8,256,0.43550113347964514,0.45057316530280195,1.0214128147844816
s7204_r8_n000_a125,confirmatory,7204,8,0.0,0.125,feedback_only,balanced_permutation_b_k2,balanced_permutation_b,balanced,2,0.31340039778945983,0.25,0.6340039778945984,64,64,16,256,0.38220537111437647,0.40727740293753323,1.4859311151888548
s7204_r8_n000_a125,confirmatory,7204,8,0.0,0.125,feedback_only,balanced_permutation_b_k4,balanced_permutation_b,balanced,4,0.5634003977894598,0.5,0.6340039778945984,64,64,32,256,0.2565599154272417,0.3016319472503985,2.0249213969476028
s7204_r8_n000_a125,confirmatory,7204,8,0.0,0.125,feedback_only,balanced_permutation_b_k8,balanced_permutation_b,balanced,8,1.06340039778946,1.0,0.6340039778945984,64,64,64,256,3.7384386233705585e-08,0.08507206920754304,2.828076648451012
s7204_r8_n000_a125,confirmatory,7204,8,0.0,0.125,feedback_only,comb_contiguous_k1,comb_contiguous,comb,1,0.225,0.125,1.0,64,64,8,256,0.43550113347964514,0.45350113347964516,1.0214128147844816
s7204_r8_n000_a125,confirmatory,7204,8,0.0,0.125,feedback_only,comb_contiguous_k2,comb_contiguous,comb,2,0.35,0.25,1.0,64,64,16,256,0.37020367226165896,0.398203672261659,1.425781870232788
s7204_r8_n000_a125,confirmatory,7204,8,0.0,0.125,feedback_only,comb_contiguous_k4,comb_contiguous,comb,4,0.6,0.5,1.0,64,64,32,256,0.2551431840775498,0.3031431840775498,1.9855001233041463
s7204_r8_n000_a125,confirmatory,7204,8,0.0,0.125,feedback_only,comb_contiguous_k8,comb_contiguous,comb,8,1.1,1.0,1.0,64,64,64,256,3.7384386233705585e-08,0.08800003738438625,2.828076648451012
s7204_r8_n000_a125,confirmatory,7204,8,0.0,0.125,joint_forward_feedback,balanced_contiguous_k1,balanced_contiguous,balanced,1,0.1737418407321983,0.125,0.487418407321983,64,64,8,16,0.4614688159385967,0.47536816319717257,0.5236758980389546
s7204_r8_n000_a125,confirmatory,7204,8,0.0,0.125,joint_forward_feedback,balanced_contiguous_k2,balanced_contiguous,balanced,2,0.2987418407321983,0.25,0.487418407321983,64,64,16,16,0.437906502051141,0.46180584930971685,0.6377678431985199
s7204_r8_n000_a125,confirmatory,7204,8,0.0,0.125,joint_forward_feedback,balanced_contiguous_k4,balanced_contiguous,balanced,4,0.5487418407321983,0.5,0.487418407321983,64,64,32,16,0.3763955392147839,0.4202948864733598,0.8662248689514069
s7204_r8_n000_a125,confirmatory,7204,8,0.0,0.125,joint_forward_feedback,balanced_contiguous_k8,balanced_contiguous,balanced,8,1.0487418407321982,1.0,0.487418407321983,64,64,64,16,0.3042892976558578,0.38818864491443367,1.0925212232585915
s7204_r8_n000_a125,confirmatory,7204,8,0.0,0.125,joint_forward_feedback,balanced_interleaved_k1,balanced_interleaved,balanced,1,0.19088469787505546,0.125,0.6588469787505544,64,64,8,16,0.4573449079626018,0.4726156837926062,0.550047644946805
s7204_r8_n000_a125,confirmatory,7204,8,0.0,0.125,joint_forward_feedback,balanced_interleaved_k2,balanced_interleaved,balanced,2,0.31588469787505546,0.25,0.6588469787505544,64,64,16,16,0.4259726568853716,0.45124343271537604,0.7055253324853457
s7204_r8_n000_a125,confirmatory,7204,8,0.0,0.125,joint_forward_feedback,balanced_interleaved_k4,balanced_interleaved,balanced,4,0.5658846978750555,0.5,0.6588469787505544,64,64,32,16,0.35504709648607363,0.40031787231607807,0.9636310499823068
s7204_r8_n000_a125,confirmatory,7204,8,0.0,0.125,joint_forward_feedback,balanced_interleaved_k8,balanced_interleaved,balanced,8,1.0658846978750554,1.0,0.6588469787505544,64,64,64,16,0.2502058880658762,0.3354766638958806,1.2328724918497065
s7204_r8_n000_a125,confirmatory,7204,8,0.0,0.125,joint_forward_feedback,balanced_permutation_a_k1,balanced_permutation_a,balanced,1,0.18899250811836066,0.125,0.6399250811836067,64,64,8,16,0.45719265310495505,0.4723120537544239,0.5509045644969327
s7204_r8_n000_a125,confirmatory,7204,8,0.0,0.125,joint_forward_feedback,balanced_permutation_a_k2,balanced_permutation_a,balanced,2,0.31399250811836066,0.25,0.6399250811836067,64,64,16,16,0.42074317719975013,0.445862577849219,0.7619298896502874
s7204_r8_n000_a125,confirmatory,7204,8,0.0,0.125,joint_forward_feedback,balanced_permutation_a_k4,balanced_permutation_a,balanced,4,0.5639925081183607,0.5,0.6399250811836067,64,64,32,16,0.36265630563235896,0.4077757062818278,0.9485820168234143
s7204_r8_n000_a125,confirmatory,7204,8,0.0,0.125,joint_forward_feedback,balanced_permutation_a_k8,balanced_permutation_a,balanced,8,1.0639925081183608,1.0,0.6399250811836067,64,64,64,16,0.2546117521557169,0.3397311528051858,1.231916251811087
s7204_r8_n000_a125,confirmatory,7204,8,0.0,0.125,joint_forward_feedback,balanced_permutation_b_k1,balanced_permutation_b,balanced,1,0.18840039778945986,0.125,0.6340039778945984,64,64,8,16,0.4574840290016605,0.4725560608248173,0.5485161900525212
s7204_r8_n000_a125,confirmatory,7204,8,0.0,0.125,joint_forward_feedback,balanced_permutation_b_k2,balanced_permutation_b,balanced,2,0.31340039778945983,0.25,0.6340039778945984,64,64,16,16,0.4253409804921422,0.45041301231529896,0.6999160052293112
s7204_r8_n000_a125,confirmatory,7204,8,0.0,0.125,joint_forward_feedback,balanced_permutation_b_k4,balanced_permutation_b,balanced,4,0.5634003977894598,0.5,0.6340039778945984,64,64,32,16,0.3544319092474401,0.3995039410705969,0.9693117858347157
s7204_r8_n000_a125,confirmatory,7204,8,0.0,0.125,joint_forward_feedback,balanced_permutation_b_k8,balanced_permutation_b,balanced,8,1.06340039778946,1.0,0.6340039778945984,64,64,64,16,0.2556270121308568,0.3406990439540136,1.2168448820696294
s7204_r8_n000_a125,confirmatory,7204,8,0.0,0.125,joint_forward_feedback,comb_contiguous_k1,comb_contiguous,comb,1,0.225,0.125,1.0,64,64,8,16,0.45562807834860547,0.4736280783486055,0.5568504746697877
s7204_r8_n000_a125,confirmatory,7204,8,0.0,0.125,joint_forward_feedback,comb_contiguous_k2,comb_contiguous,comb,2,0.35,0.25,1.0,64,64,16,16,0.41437623790571865,0.44237623790571867,0.7147554526983362
s7204_r8_n000_a125,confirmatory,7204,8,0.0,0.125,joint_forward_feedback,comb_contiguous_k4,comb_contiguous,comb,4,0.6,0.5,1.0,64,64,32,16,0.3383061908912557,0.3863061908912557,0.9958847858907236
s7204_r8_n000_a125,confirmatory,7204,8,0.0,0.125,joint_forward_feedback,comb_contiguous_k8,comb_contiguous,comb,8,1.1,1.0,1.0,64,64,64,16,0.23282285934803082,0.32082285934803084,1.254963049438152
s7204_r8_n000_a125,confirmatory,7204,8,0.0,0.125,joint_forward_feedback,balanced_contiguous_k1,balanced_contiguous,balanced,1,0.1737418407321983,0.125,0.487418407321983,64,64,8,64,0.436743067117002,0.4506424143755779,1.2307243012747189
s7204_r8_n000_a125,confirmatory,7204,8,0.0,0.125,joint_forward_feedback,balanced_contiguous_k2,balanced_contiguous,balanced,2,0.2987418407321983,0.25,0.487418407321983,64,64,16,64,0.37947857918374706,0.4033779264423229,1.6310871986492805
s7204_r8_n000_a125,confirmatory,7204,8,0.0,0.125,joint_forward_feedback,balanced_contiguous_k4,balanced_contiguous,balanced,4,0.5487418407321983,0.5,0.487418407321983,64,64,32,64,0.26723044685410646,0.3111297941126823,2.1008488090333564
s7204_r8_n000_a125,confirmatory,7204,8,0.0,0.125,joint_forward_feedback,balanced_contiguous_k8,balanced_contiguous,balanced,8,1.0487418407321982,1.0,0.487418407321983,64,64,64,64,0.0900515237913384,0.17395087104991425,2.8267211819736495
s7204_r8_n000_a125,confirmatory,7204,8,0.0,0.125,joint_forward_feedback,balanced_interleaved_k1,balanced_interleaved,balanced,1,0.19088469787505546,0.125,0.6588469787505544,64,64,8,64,0.4359985008596831,0.4512692766896875,1.2044142558055508
s7204_r8_n000_a125,confirmatory,7204,8,0.0,0.125,joint_forward_feedback,balanced_interleaved_k2,balanced_interleaved,balanced,2,0.31588469787505546,0.25,0.6588469787505544,64,64,16,64,0.3811039759976837,0.4063747518276881,1.638293922507516
s7204_r8_n000_a125,confirmatory,7204,8,0.0,0.125,joint_forward_feedback,balanced_interleaved_k4,balanced_interleaved,balanced,4,0.5658846978750555,0.5,0.6588469787505544,64,64,32,64,0.2639010738410571,0.30917184967106154,2.101489813750488
s7204_r8_n000_a125,confirmatory,7204,8,0.0,0.125,joint_forward_feedback,balanced_interleaved_k8,balanced_interleaved,balanced,8,1.0658846978750554,1.0,0.6588469787505544,64,64,64,64,0.04453138114976136,0.1298021569797658,2.854621224045385
s7204_r8_n000_a125,confirmatory,7204,8,0.0,0.125,joint_forward_feedback,balanced_permutation_a_k1,balanced_permutation_a,balanced,1,0.18899250811836066,0.125,0.6399250811836067,64,64,8,64,0.43550866191172655,0.4506280625611954,1.2087987682421697
s7204_r8_n000_a125,confirmatory,7204,8,0.0,0.125,joint_forward_feedback,balanced_permutation_a_k2,balanced_permutation_a,balanced,2,0.31399250811836066,0.25,0.6399250811836067,64,64,16,64,0.38174369482861453,0.4068630954780834,1.559299048498655
s7204_r8_n000_a125,confirmatory,7204,8,0.0,0.125,joint_forward_feedback,balanced_permutation_a_k4,balanced_permutation_a,balanced,4,0.5639925081183607,0.5,0.6399250811836067,64,64,32,64,0.27577128709680543,0.3208906877462743,2.0326586687434887
s7204_r8_n000_a125,confirmatory,7204,8,0.0,0.125,joint_forward_feedback,balanced_permutation_a_k8,balanced_permutation_a,balanced,8,1.0639925081183608,1.0,0.6399250811836067,64,64,64,64,0.05298788941665554,0.1381072900661244,2.8350445926815535
s7204_r8_n000_a125,confirmatory,7204,8,0.0,0.125,joint_forward_feedback,balanced_permutation_b_k1,balanced_permutation_b,balanced,1,0.18840039778945986,0.125,0.6340039778945984,64,64,8,64,0.43554467225998206,0.45061670408313886,1.220066871081754
s7204_r8_n000_a125,confirmatory,7204,8,0.0,0.125,joint_forward_feedback,balanced_permutation_b_k2,balanced_permutation_b,balanced,2,0.31340039778945983,0.25,0.6340039778945984,64,64,16,64,0.3832771736371253,0.4083492054602821,1.6265649152349206
s7204_r8_n000_a125,confirmatory,7204,8,0.0,0.125,joint_forward_feedback,balanced_permutation_b_k4,balanced_permutation_b,balanced,4,0.5634003977894598,0.5,0.6340039778945984,64,64,32,64,0.2669159699342795,0.3119880017574363,2.150553169362998
s7204_r8_n000_a125,confirmatory,7204,8,0.0,0.125,joint_forward_feedback,balanced_permutation_b_k8,balanced_permutation_b,balanced,8,1.06340039778946,1.0,0.6340039778945984,64,64,64,64,0.050575618975149006,0.13564765079830582,2.8520238882213507
s7204_r8_n000_a125,confirmatory,7204,8,0.0,0.125,joint_forward_feedback,comb_contiguous_k1,comb_contiguous,comb,1,0.225,0.125,1.0,64,64,8,64,0.43516330655792645,0.45316330655792647,1.1773957612158659
s7204_r8_n000_a125,confirmatory,7204,8,0.0,0.125,joint_forward_feedback,comb_contiguous_k2,comb_contiguous,comb,2,0.35,0.25,1.0,64,64,16,64,0.3727211505819922,0.4007211505819922,1.4956369849830435
s7204_r8_n000_a125,confirmatory,7204,8,0.0,0.125,joint_forward_feedback,comb_contiguous_k4,comb_contiguous,comb,4,0.6,0.5,1.0,64,64,32,64,0.26160198976410576,0.30960198976410575,2.0186087510782267
s7204_r8_n000_a125,confirmatory,7204,8,0.0,0.125,joint_forward_feedback,comb_contiguous_k8,comb_contiguous,comb,8,1.1,1.0,1.0,64,64,64,64,0.03701735676822026,0.12501735676822026,2.8217989068697333
s7204_r8_n000_a125,confirmatory,7204,8,0.0,0.125,joint_forward_feedback,balanced_contiguous_k1,balanced_contiguous,balanced,1,0.1737418407321983,0.125,0.487418407321983,64,64,8,256,0.4353828220855551,0.449282169344131,1.3940986606624644
s7204_r8_n000_a125,confirmatory,7204,8,0.0,0.125,joint_forward_feedback,balanced_contiguous_k2,balanced_contiguous,balanced,2,0.2987418407321983,0.25,0.487418407321983,64,64,16,256,0.37118620267584557,0.3950855499344214,1.9549460507872471
s7204_r8_n000_a125,confirmatory,7204,8,0.0,0.125,joint_forward_feedback,balanced_contiguous_k4,balanced_contiguous,balanced,4,0.5487418407321983,0.5,0.487418407321983,64,64,32,256,0.24156100734394864,0.2854603546025245,2.7132417937056754
s7204_r8_n000_a125,confirmatory,7204,8,0.0,0.125,joint_forward_feedback,balanced_contiguous_k8,balanced_contiguous,balanced,8,1.0487418407321982,1.0,0.487418407321983,64,64,64,256,0.0017019448208748778,0.08560129207945073,4.5045878944943185
s7204_r8_n000_a125,confirmatory,7204,8,0.0,0.125,joint_forward_feedback,balanced_interleaved_k1,balanced_interleaved,balanced,1,0.19088469787505546,0.125,0.6588469787505544,64,64,8,256,0.4354097108516513,0.4506804866816557,1.2828637220493395
s7204_r8_n000_a125,confirmatory,7204,8,0.0,0.125,joint_forward_feedback,balanced_interleaved_k2,balanced_interleaved,balanced,2,0.31588469787505546,0.25,0.6588469787505544,64,64,16,256,0.3817663969324932,0.4070371727624976,1.8042949306931364
s7204_r8_n000_a125,confirmatory,7204,8,0.0,0.125,joint_forward_feedback,balanced_interleaved_k4,balanced_interleaved,balanced,4,0.5658846978750555,0.5,0.6588469787505544,64,64,32,256,0.25357313473628595,0.2988439105662904,2.4761598710294463
s7204_r8_n000_a125,confirmatory,7204,8,0.0,0.125,joint_forward_feedback,balanced_interleaved_k8,balanced_interleaved,balanced,8,1.0658846978750554,1.0,0.6588469787505544,64,64,64,256,7.178935214451448e-05,0.08534256518214894,3.836066916088558
s7204_r8_n000_a125,confirmatory,7204,8,0.0,0.125,joint_forward_feedback,balanced_permutation_a_k1,balanced_permutation_a,balanced,1,0.18899250811836066,0.125,0.6399250811836067,64,64,8,256,0.43520962721765244,0.4503290278671213,1.2863756786535743
s7204_r8_n000_a125,confirmatory,7204,8,0.0,0.125,joint_forward_feedback,balanced_permutation_a_k2,balanced_permutation_a,balanced,2,0.31399250811836066,0.25,0.6399250811836067,64,64,16,256,0.3792695492595892,0.40438894990905805,1.810726027321649
s7204_r8_n000_a125,confirmatory,7204,8,0.0,0.125,joint_forward_feedback,balanced_permutation_a_k4,balanced_permutation_a,balanced,4,0.5639925081183607,0.5,0.6399250811836067,64,64,32,256,0.25865714359165637,0.3037765442411252,2.524437365363163
s7204_r8_n000_a125,confirmatory,7204,8,0.0,0.125,joint_forward_feedback,balanced_permutation_a_k8,balanced_permutation_a,balanced,8,1.0639925081183608,1.0,0.6399250811836067,64,64,64,256,0.0003149742584385356,0.0854343749079074,3.9429564724474986
s7204_r8_n000_a125,confirmatory,7204,8,0.0,0.125,joint_forward_feedback,balanced_permutation_b_k1,balanced_permutation_b,balanced,1,0.18840039778945986,0.125,0.6340039778945984,64,64,8,256,0.4350956657592506,0.45016769758240743,1.294880674947098
s7204_r8_n000_a125,confirmatory,7204,8,0.0,0.125,joint_forward_feedback,balanced_permutation_b_k2,balanced_permutation_b,balanced,2,0.31340039778945983,0.25,0.6340039778945984,64,64,16,256,0.3806901053413746,0.40576213716453136,1.8822293727960104
s7204_r8_n000_a125,confirmatory,7204,8,0.0,0.125,joint_forward_feedback,balanced_permutation_b_k4,balanced_permutation_b,balanced,4,0.5634003977894598,0.5,0.6340039778945984,64,64,32,256,0.2548019239496312,0.29987395577278797,2.628937622072299
s7204_r8_n000_a125,confirmatory,7204,8,0.0,0.125,joint_forward_feedback,balanced_permutation_b_k8,balanced_permutation_b,balanced,8,1.06340039778946,1.0,0.6340039778945984,64,64,64,256,0.00013990501129335136,0.08521193683445015,3.9306515965641946
s7204_r8_n000_a125,confirmatory,7204,8,0.0,0.125,joint_forward_feedback,comb_contiguous_k1,comb_contiguous,comb,1,0.225,0.125,1.0,64,64,8,256,0.43472711346858023,0.45272711346858024,1.2196561520877496
s7204_r8_n000_a125,confirmatory,7204,8,0.0,0.125,joint_forward_feedback,comb_contiguous_k2,comb_contiguous,comb,2,0.35,0.25,1.0,64,64,16,256,0.36960221663496207,0.3976022166349621,1.6610572083079538
s7204_r8_n000_a125,confirmatory,7204,8,0.0,0.125,joint_forward_feedback,comb_contiguous_k4,comb_contiguous,comb,4,0.6,0.5,1.0,64,64,32,256,0.2533732821071145,0.3013732821071145,2.333988286995438
s7204_r8_n000_a125,confirmatory,7204,8,0.0,0.125,joint_forward_feedback,comb_contiguous_k8,comb_contiguous,comb,8,1.1,1.0,1.0,64,64,64,256,0.0002732534940450903,0.08827325349404509,3.73654685554669
s7204_r8_n000_a375,confirmatory,7204,8,0.0,0.375,feedback_only,balanced_contiguous_k1,balanced_contiguous,balanced,1,0.1737418407321983,0.125,0.487418407321983,64,64,8,16,0.4528714836382527,0.4667708308968286,0.5855926185900384
s7204_r8_n000_a375,confirmatory,7204,8,0.0,0.375,feedback_only,balanced_contiguous_k2,balanced_contiguous,balanced,2,0.2987418407321983,0.25,0.487418407321983,64,64,16,16,0.4121289213341468,0.43602826859272265,0.7991962384018473
s7204_r8_n000_a375,confirmatory,7204,8,0.0,0.375,feedback_only,balanced_contiguous_k4,balanced_contiguous,balanced,4,0.5487418407321983,0.5,0.487418407321983,64,64,32,16,0.32009137737324256,0.3639907246318184,1.149269513532597
s7204_r8_n000_a375,confirmatory,7204,8,0.0,0.375,feedback_only,balanced_contiguous_k8,balanced_contiguous,balanced,8,1.0487418407321982,1.0,0.487418407321983,64,64,64,16,0.13488785258445762,0.21878719984303346,1.5068293203780938
s7204_r8_n000_a375,confirmatory,7204,8,0.0,0.375,feedback_only,balanced_interleaved_k1,balanced_interleaved,balanced,1,0.19088469787505546,0.125,0.6588469787505544,64,64,8,16,0.4528714836382527,0.4681422594682571,0.5855926185900384
s7204_r8_n000_a375,confirmatory,7204,8,0.0,0.375,feedback_only,balanced_interleaved_k2,balanced_interleaved,balanced,2,0.31588469787505546,0.25,0.6588469787505544,64,64,16,16,0.40349261198847225,0.42876338781847667,0.7619056814632237
s7204_r8_n000_a375,confirmatory,7204,8,0.0,0.375,feedback_only,balanced_interleaved_k4,balanced_interleaved,balanced,4,0.5658846978750555,0.5,0.6588469787505544,64,64,32,16,0.31914895567748947,0.3644197315074939,1.1132904415632368
s7204_r8_n000_a375,confirmatory,7204,8,0.0,0.375,feedback_only,balanced_interleaved_k8,balanced_interleaved,balanced,8,1.0658846978750554,1.0,0.6588469787505544,64,64,64,16,0.13488785258445762,0.22015862841446204,1.5068293203780938
s7204_r8_n000_a375,confirmatory,7204,8,0.0,0.375,feedback_only,balanced_permutation_a_k1,balanced_permutation_a,balanced,1,0.18899250811836066,0.125,0.6399250811836067,64,64,8,16,0.4528714836382527,0.46799088428772156,0.5855926185900384
s7204_r8_n000_a375,confirmatory,7204,8,0.0,0.375,feedback_only,balanced_permutation_a_k2,balanced_permutation_a,balanced,2,0.31399250811836066,0.25,0.6399250811836067,64,64,16,16,0.40613210166037317,0.431251502309842,0.8173727079713369
s7204_r8_n000_a375,confirmatory,7204,8,0.0,0.375,feedback_only,balanced_permutation_a_k4,balanced_permutation_a,balanced,4,0.5639925081183607,0.5,0.6399250811836067,64,64,32,16,0.3220144959488898,0.36713389659835866,1.071672167626617
s7204_r8_n000_a375,confirmatory,7204,8,0.0,0.375,feedback_only,balanced_permutation_a_k8,balanced_permutation_a,balanced,8,1.0639925081183608,1.0,0.6399250811836067,64,64,64,16,0.13488785258445762,0.2200072532339265,1.5068293203780938
s7204_r8_n000_a375,confirmatory,7204,8,0.0,0.375,feedback_only,balanced_permutation_b_k1,balanced_permutation_b,balanced,1,0.18840039778945986,0.125,0.6340039778945984,64,64,8,16,0.4528714836382527,0.4679435154614095,0.5855926185900384
s7204_r8_n000_a375,confirmatory,7204,8,0.0,0.375,feedback_only,balanced_permutation_b_k2,balanced_permutation_b,balanced,2,0.31340039778945983,0.25,0.6340039778945984,64,64,16,16,0.410718854634283,0.4357908864574398,0.7597295410240698
s7204_r8_n000_a375,confirmatory,7204,8,0.0,0.375,feedback_only,balanced_permutation_b_k4,balanced_permutation_b,balanced,4,0.5634003977894598,0.5,0.6340039778945984,64,64,32,16,0.30707159512905136,0.35214362695220813,1.1345240840437887
s7204_r8_n000_a375,confirmatory,7204,8,0.0,0.375,feedback_only,balanced_permutation_b_k8,balanced_permutation_b,balanced,8,1.06340039778946,1.0,0.6340039778945984,64,64,64,16,0.13488785258445762,0.21995988440761444,1.5068293203780938
s7204_r8_n000_a375,confirmatory,7204,8,0.0,0.375,feedback_only,comb_contiguous_k1,comb_contiguous,comb,1,0.225,0.125,1.0,64,64,8,16,0.4528714836382527,0.4708714836382527,0.5855926185900384
s7204_r8_n000_a375,confirmatory,7204,8,0.0,0.375,feedback_only,comb_contiguous_k2,comb_contiguous,comb,2,0.35,0.25,1.0,64,64,16,16,0.405915950294003,0.433915950294003,0.8054738879402046
s7204_r8_n000_a375,confirmatory,7204,8,0.0,0.375,feedback_only,comb_contiguous_k4,comb_contiguous,comb,4,0.6,0.5,1.0,64,64,32,16,0.3104063220575133,0.35840632205751327,1.1360148435618158
s7204_r8_n000_a375,confirmatory,7204,8,0.0,0.375,feedback_only,comb_contiguous_k8,comb_contiguous,comb,8,1.1,1.0,1.0,64,64,64,16,0.13488785258445762,0.22288785258445765,1.5068293203780938
s7204_r8_n000_a375,confirmatory,7204,8,0.0,0.375,feedback_only,balanced_contiguous_k1,balanced_contiguous,balanced,1,0.1737418407321983,0.125,0.487418407321983,64,64,8,64,0.44344125344426444,0.4573406007028403,1.1056828180653309
s7204_r8_n000_a375,confirmatory,7204,8,0.0,0.375,feedback_only,balanced_contiguous_k2,balanced_contiguous,balanced,2,0.2987418407321983,0.25,0.487418407321983,64,64,16,64,0.3875815184745248,0.41148086573310066,1.512993247261724
s7204_r8_n000_a375,confirmatory,7204,8,0.0,0.375,feedback_only,balanced_contiguous_k4,balanced_contiguous,balanced,4,0.5487418407321983,0.5,0.487418407321983,64,64,32,64,0.26201554906198393,0.3059148963205598,1.879673481283927
s7204_r8_n000_a375,confirmatory,7204,8,0.0,0.375,feedback_only,balanced_contiguous_k8,balanced_contiguous,balanced,8,1.0487418407321982,1.0,0.487418407321983,64,64,64,64,0.005542042548317011,0.08944138980689287,2.608792698327839
s7204_r8_n000_a375,confirmatory,7204,8,0.0,0.375,feedback_only,balanced_interleaved_k1,balanced_interleaved,balanced,1,0.19088469787505546,0.125,0.6588469787505544,64,64,8,64,0.44344125344426444,0.45871202927426885,1.1056828180653309
s7204_r8_n000_a375,confirmatory,7204,8,0.0,0.375,feedback_only,balanced_interleaved_k2,balanced_interleaved,balanced,2,0.31588469787505546,0.25,0.6588469787505544,64,64,16,64,0.3712926063436236,0.396563382173628,1.463343559204185
s7204_r8_n000_a375,confirmatory,7204,8,0.0,0.375,feedback_only,balanced_interleaved_k4,balanced_interleaved,balanced,4,0.5658846978750555,0.5,0.6588469787505544,64,64,32,64,0.2579351099182663,0.30320588574827073,1.9242517443296654
s7204_r8_n000_a375,confirmatory,7204,8,0.0,0.375,feedback_only,balanced_interleaved_k8,balanced_interleaved,balanced,8,1.0658846978750554,1.0,0.6588469787505544,64,64,64,64,0.005542042548317011,0.09081281837832145,2.608792698327839
s7204_r8_n000_a375,confirmatory,7204,8,0.0,0.375,feedback_only,balanced_permutation_a_k1,balanced_permutation_a,balanced,1,0.18899250811836066,0.125,0.6399250811836067,64,64,8,64,0.44344125344426444,0.4585606540937333,1.1056828180653309
s7204_r8_n000_a375,confirmatory,7204,8,0.0,0.375,feedback_only,balanced_permutation_a_k2,balanced_permutation_a,balanced,2,0.31399250811836066,0.25,0.6399250811836067,64,64,16,64,0.39182350462783333,0.41694290527730216,1.4195175640387019
s7204_r8_n000_a375,confirmatory,7204,8,0.0,0.375,feedback_only,balanced_permutation_a_k4,balanced_permutation_a,balanced,4,0.5639925081183607,0.5,0.6399250811836067,64,64,32,64,0.26843111079691206,0.3135505114463809,1.881924015639782
s7204_r8_n000_a375,confirmatory,7204,8,0.0,0.375,feedback_only,balanced_permutation_a_k8,balanced_permutation_a,balanced,8,1.0639925081183608,1.0,0.6399250811836067,64,64,64,64,0.005542042548317011,0.09066144319778588,2.608792698327839
s7204_r8_n000_a375,confirmatory,7204,8,0.0,0.375,feedback_only,balanced_permutation_b_k1,balanced_permutation_b,balanced,1,0.18840039778945986,0.125,0.6340039778945984,64,64,8,64,0.44344125344426444,0.45851328526742124,1.1056828180653309
s7204_r8_n000_a375,confirmatory,7204,8,0.0,0.375,feedback_only,balanced_permutation_b_k2,balanced_permutation_b,balanced,2,0.31340039778945983,0.25,0.6340039778945984,64,64,16,64,0.3885387109658603,0.4136107427890171,1.4148590961531071
s7204_r8_n000_a375,confirmatory,7204,8,0.0,0.375,feedback_only,balanced_permutation_b_k4,balanced_permutation_b,balanced,4,0.5634003977894598,0.5,0.6340039778945984,64,64,32,64,0.2622078362090204,0.30727986803217716,1.948443185399178
s7204_r8_n000_a375,confirmatory,7204,8,0.0,0.375,feedback_only,balanced_permutation_b_k8,balanced_permutation_b,balanced,8,1.06340039778946,1.0,0.6340039778945984,64,64,64,64,0.005542042548317011,0.09061407437147381,2.608792698327839
s7204_r8_n000_a375,confirmatory,7204,8,0.0,0.375,feedback_only,comb_contiguous_k1,comb_contiguous,comb,1,0.225,0.125,1.0,64,64,8,64,0.44344125344426444,0.46144125344426445,1.1056828180653309
s7204_r8_n000_a375,confirmatory,7204,8,0.0,0.375,feedback_only,comb_contiguous_k2,comb_contiguous,comb,2,0.35,0.25,1.0,64,64,16,64,0.38733254721079186,0.4153325472107918,1.4356390602748332
s7204_r8_n000_a375,confirmatory,7204,8,0.0,0.375,feedback_only,comb_contiguous_k4,comb_contiguous,comb,4,0.6,0.5,1.0,64,64,32,64,0.2604266617460889,0.3084266617460889,1.9041813930566194
s7204_r8_n000_a375,confirmatory,7204,8,0.0,0.375,feedback_only,comb_contiguous_k8,comb_contiguous,comb,8,1.1,1.0,1.0,64,64,64,64,0.005542042548317011,0.09354204254831702,2.608792698327839
s7204_r8_n000_a375,confirmatory,7204,8,0.0,0.375,feedback_only,balanced_contiguous_k1,balanced_contiguous,balanced,1,0.1737418407321983,0.125,0.487418407321983,64,64,8,256,0.4376182830051868,0.4515176302637627,1.0470716692530149
s7204_r8_n000_a375,confirmatory,7204,8,0.0,0.375,feedback_only,balanced_contiguous_k2,balanced_contiguous,balanced,2,0.2987418407321983,0.25,0.487418407321983,64,64,16,256,0.3813757996343675,0.40527514689294336,1.4390433760873227
s7204_r8_n000_a375,confirmatory,7204,8,0.0,0.375,feedback_only,balanced_contiguous_k4,balanced_contiguous,balanced,4,0.5487418407321983,0.5,0.487418407321983,64,64,32,256,0.2600577477258177,0.30395709498439355,1.880729431477239
s7204_r8_n000_a375,confirmatory,7204,8,0.0,0.375,feedback_only,balanced_contiguous_k8,balanced_contiguous,balanced,8,1.0487418407321982,1.0,0.487418407321983,64,64,64,256,5.208044809927264e-08,0.08389939933902395,2.827933261325666
s7204_r8_n000_a375,confirmatory,7204,8,0.0,0.375,feedback_only,balanced_interleaved_k1,balanced_interleaved,balanced,1,0.19088469787505546,0.125,0.6588469787505544,64,64,8,256,0.4376182830051868,0.4528890588351912,1.0470716692530149
s7204_r8_n000_a375,confirmatory,7204,8,0.0,0.375,feedback_only,balanced_interleaved_k2,balanced_interleaved,balanced,2,0.31588469787505546,0.25,0.6588469787505544,64,64,16,256,0.36760090512988497,0.3928716809598894,1.41715257294744
s7204_r8_n000_a375,confirmatory,7204,8,0.0,0.375,feedback_only,balanced_interleaved_k4,balanced_interleaved,balanced,4,0.5658846978750555,0.5,0.6588469787505544,64,64,32,256,0.25567572725613624,0.3009465030861407,1.9064006951963095
s7204_r8_n000_a375,confirmatory,7204,8,0.0,0.375,feedback_only,balanced_interleaved_k8,balanced_interleaved,balanced,8,1.0658846978750554,1.0,0.6588469787505544,64,64,64,256,5.208044809927264e-08,0.08527082791045253,2.827933261325666
s7204_r8_n000_a375,confirmatory,7204,8,0.0,0.375,feedback_only,balanced_permutation_a_k1,balanced_permutation_a,balanced,1,0.18899250811836066,0.125,0.6399250811836067,64,64,8,256,0.4376182830051868,0.45273768365465566,1.0470716692530149
s7204_r8_n000_a375,confirmatory,7204,8,0.0,0.375,feedback_only,balanced_permutation_a_k2,balanced_permutation_a,balanced,2,0.31399250811836066,0.25,0.6399250811836067,64,64,16,256,0.3901931741061545,0.41531257475562333,1.3994661504461672
s7204_r8_n000_a375,confirmatory,7204,8,0.0,0.375,feedback_only,balanced_permutation_a_k4,balanced_permutation_a,balanced,4,0.5639925081183607,0.5,0.6399250811836067,64,64,32,256,0.2681246440856391,0.3132440447351079,1.864620897728537
s7204_r8_n000_a375,confirmatory,7204,8,0.0,0.375,feedback_only,balanced_permutation_a_k8,balanced_permutation_a,balanced,8,1.0639925081183608,1.0,0.6399250811836067,64,64,64,256,5.208044809927264e-08,0.08511945272991696,2.827933261325666
s7204_r8_n000_a375,confirmatory,7204,8,0.0,0.375,feedback_only,balanced_permutation_b_k1,balanced_permutation_b,balanced,1,0.18840039778945986,0.125,0.6340039778945984,64,64,8,256,0.4376182830051868,0.4526903148283436,1.0470716692530149
s7204_r8_n000_a375,confirmatory,7204,8,0.0,0.375,feedback_only,balanced_permutation_b_k2,balanced_permutation_b,balanced,2,0.31340039778945983,0.25,0.6340039778945984,64,64,16,256,0.38349834202217825,0.408570373845335,1.3464748564323856
s7204_r8_n000_a375,confirmatory,7204,8,0.0,0.375,feedback_only,balanced_permutation_b_k4,balanced_permutation_b,balanced,4,0.5634003977894598,0.5,0.6340039778945984,64,64,32,256,0.25642949409616517,0.30150152591932194,1.9378571449311028
s7204_r8_n000_a375,confirmatory,7204,8,0.0,0.375,feedback_only,balanced_permutation_b_k8,balanced_permutation_b,balanced,8,1.06340039778946,1.0,0.6340039778945984,64,64,64,256,5.208044809927264e-08,0.08507208390360489,2.827933261325666
s7204_r8_n000_a375,confirmatory,7204,8,0.0,0.375,feedback_only,comb_contiguous_k1,comb_contiguous,comb,1,0.225,0.125,1.0,64,64,8,256,0.4376182830051868,0.4556182830051868,1.0470716692530149
s7204_r8_n000_a375,confirmatory,7204,8,0.0,0.375,feedback_only,comb_contiguous_k2,comb_contiguous,comb,2,0.35,0.25,1.0,64,64,16,256,0.3836132696546615,0.4116132696546615,1.3858324364382562
s7204_r8_n000_a375,confirmatory,7204,8,0.0,0.375,feedback_only,comb_contiguous_k4,comb_contiguous,comb,4,0.6,0.5,1.0,64,64,32,256,0.2601453655268059,0.3081453655268059,1.9330921257630735
s7204_r8_n000_a375,confirmatory,7204,8,0.0,0.375,feedback_only,comb_contiguous_k8,comb_contiguous,comb,8,1.1,1.0,1.0,64,64,64,256,5.208044809927264e-08,0.0880000520804481,2.827933261325666
s7204_r8_n000_a375,confirmatory,7204,8,0.0,0.375,joint_forward_feedback,balanced_contiguous_k1,balanced_contiguous,balanced,1,0.1737418407321983,0.125,0.487418407321983,64,64,8,16,0.4673725569278755,0.4812719041864514,0.5013662912149152
s7204_r8_n000_a375,confirmatory,7204,8,0.0,0.375,joint_forward_feedback,balanced_contiguous_k2,balanced_contiguous,balanced,2,0.2987418407321983,0.25,0.487418407321983,64,64,16,16,0.43929411989825506,0.4631934671568309,0.6707034396730202
s7204_r8_n000_a375,confirmatory,7204,8,0.0,0.375,joint_forward_feedback,balanced_contiguous_k4,balanced_contiguous,balanced,4,0.5487418407321983,0.5,0.487418407321983,64,64,32,16,0.3743807163047215,0.41828006356329733,0.9780301420291374
s7204_r8_n000_a375,confirmatory,7204,8,0.0,0.375,joint_forward_feedback,balanced_contiguous_k8,balanced_contiguous,balanced,8,1.0487418407321982,1.0,0.487418407321983,64,64,64,16,0.29755407935326567,0.3814534266118415,1.1763457990297583
s7204_r8_n000_a375,confirmatory,7204,8,0.0,0.375,joint_forward_feedback,balanced_interleaved_k1,balanced_interleaved,balanced,1,0.19088469787505546,0.125,0.6588469787505544,64,64,8,16,0.46341768932581107,0.4786884651558155,0.5272759135249774
s7204_r8_n000_a375,confirmatory,7204,8,0.0,0.375,joint_forward_feedback,balanced_interleaved_k2,balanced_interleaved,balanced,2,0.31588469787505546,0.25,0.6588469787505544,64,64,16,16,0.4258344620670139,0.45110523789701834,0.6803622850130181
s7204_r8_n000_a375,confirmatory,7204,8,0.0,0.375,joint_forward_feedback,balanced_interleaved_k4,balanced_interleaved,balanced,4,0.5658846978750555,0.5,0.6588469787505544,64,64,32,16,0.3583211271145845,0.40359190294458896,1.0049816791175425
s7204_r8_n000_a375,confirmatory,7204,8,0.0,0.375,joint_forward_feedback,balanced_interleaved_k8,balanced_interleaved,balanced,8,1.0658846978750554,1.0,0.6588469787505544,64,64,64,16,0.24136995989947307,0.3266407357294775,1.3049782879774872
s7204_r8_n000_a375,confirmatory,7204,8,0.0,0.375,joint_forward_feedback,balanced_permutation_a_k1,balanced_permutation_a,balanced,1,0.18899250811836066,0.125,0.6399250811836067,64,64,8,16,0.46387275901205405,0.4789921596615229,0.5248790029243996
s7204_r8_n000_a375,confirmatory,7204,8,0.0,0.375,joint_forward_feedback,balanced_permutation_a_k2,balanced_permutation_a,balanced,2,0.31399250811836066,0.25,0.6399250811836067,64,64,16,16,0.42692515451634194,0.45204455516581077,0.7292646059534691
s7204_r8_n000_a375,confirmatory,7204,8,0.0,0.375,joint_forward_feedback,balanced_permutation_a_k4,balanced_permutation_a,balanced,4,0.5639925081183607,0.5,0.6399250811836067,64,64,32,16,0.3657818064301863,0.41090120707965516,0.951830593199591
s7204_r8_n000_a375,confirmatory,7204,8,0.0,0.375,joint_forward_feedback,balanced_permutation_a_k8,balanced_permutation_a,balanced,8,1.0639925081183608,1.0,0.6399250811836067,64,64,64,16,0.2451184294633517,0.33023783011282054,1.3012637395471156
s7204_r8_n000_a375,confirmatory,7204,8,0.0,0.375,joint_forward_feedback,balanced_permutation_b_k1,balanced_permutation_b,balanced,1,0.18840039778945986,0.125,0.6340039778945984,64,64,8,16,0.4634743111034427,0.47854634292659953,0.5277100154344108
s7204_r8_n000_a375,confirmatory,7204,8,0.0,0.375,joint_forward_feedback,balanced_permutation_b_k2,balanced_permutation_b,balanced,2,0.31340039778945983,0.25,0.6340039778945984,64,64,16,16,0.43097328608011165,0.4560453179032684,0.6853578699396726
s7204_r8_n000_a375,confirmatory,7204,8,0.0,0.375,joint_forward_feedback,balanced_permutation_b_k4,balanced_permutation_b,balanced,4,0.5634003977894598,0.5,0.6340039778945984,64,64,32,16,0.3524115380369566,0.39748356986011335,1.013618561858572
s7204_r8_n000_a375,confirmatory,7204,8,0.0,0.375,joint_forward_feedback,balanced_permutation_b_k8,balanced_permutation_b,balanced,8,1.06340039778946,1.0,0.6340039778945984,64,64,64,16,0.24475578161647388,0.3298278134396307,1.2968061549268748
s7204_r8_n000_a375,confirmatory,7204,8,0.0,0.375,joint_forward_feedback,comb_contiguous_k1,comb_contiguous,comb,1,0.225,0.125,1.0,64,64,8,16,0.4620681317374491,0.4800681317374491,0.5271496132430066
s7204_r8_n000_a375,confirmatory,7204,8,0.0,0.375,joint_forward_feedback,comb_contiguous_k2,comb_contiguous,comb,2,0.35,0.25,1.0,64,64,16,16,0.4197612690264394,0.4477612690264394,0.7464574152814359
s7204_r8_n000_a375,confirmatory,7204,8,0.0,0.375,joint_forward_feedback,comb_contiguous_k4,comb_contiguous,comb,4,0.6,0.5,1.0,64,64,32,16,0.337021402316159,0.385021402316159,1.0590361966686306
s7204_r8_n000_a375,confirmatory,7204,8,0.0,0.375,joint_forward_feedback,comb_contiguous_k8,comb_contiguous,comb,8,1.1,1.0,1.0,64,64,64,16,0.22327023699312182,0.31127023699312184,1.334273316231871
s7204_r8_n000_a375,confirmatory,7204,8,0.0,0.375,joint_forward_feedback,balanced_contiguous_k1,balanced_contiguous,balanced,1,0.1737418407321983,0.125,0.487418407321983,64,64,8,64,0.44301898628395786,0.45691833354253375,1.2127964673549516
s7204_r8_n000_a375,confirmatory,7204,8,0.0,0.375,joint_forward_feedback,balanced_contiguous_k2,balanced_contiguous,balanced,2,0.2987418407321983,0.25,0.487418407321983,64,64,16,64,0.38883536722956935,0.4127347144881452,1.6719909371961432
s7204_r8_n000_a375,confirmatory,7204,8,0.0,0.375,joint_forward_feedback,balanced_contiguous_k4,balanced_contiguous,balanced,4,0.5487418407321983,0.5,0.487418407321983,64,64,32,64,0.27490570605955955,0.3188050533181354,2.16819567984058
s7204_r8_n000_a375,confirmatory,7204,8,0.0,0.375,joint_forward_feedback,balanced_contiguous_k8,balanced_contiguous,balanced,8,1.0487418407321982,1.0,0.487418407321983,64,64,64,64,0.08793068359405506,0.17183003085263093,2.869657771045692
s7204_r8_n000_a375,confirmatory,7204,8,0.0,0.375,joint_forward_feedback,balanced_interleaved_k1,balanced_interleaved,balanced,1,0.19088469787505546,0.125,0.6588469787505544,64,64,8,64,0.4423662911289752,0.4576370669589796,1.1994876776903844
s7204_r8_n000_a375,confirmatory,7204,8,0.0,0.375,joint_forward_feedback,balanced_interleaved_k2,balanced_interleaved,balanced,2,0.31588469787505546,0.25,0.6588469787505544,64,64,16,64,0.3732692855667876,0.39854006139679204,1.5891755543950457
s7204_r8_n000_a375,confirmatory,7204,8,0.0,0.375,joint_forward_feedback,balanced_interleaved_k4,balanced_interleaved,balanced,4,0.5658846978750555,0.5,0.6588469787505544,64,64,32,64,0.263803027706872,0.3090738035368764,2.1332395924289664
s7204_r8_n000_a375,confirmatory,7204,8,0.0,0.375,joint_forward_feedback,balanced_interleaved_k8,balanced_interleaved,balanced,8,1.0658846978750554,1.0,0.6588469787505544,64,64,64,64,0.039243203055195686,0.12451397888520012,2.9153859743636907
s7204_r8_n000_a375,confirmatory,7204,8,0.0,0.375,joint_forward_feedback,balanced_permutation_a_k1,balanced_permutation_a,balanced,1,0.18899250811836066,0.125,0.6399250811836067,64,64,8,64,0.44241092455461795,0.4575303252040868,1.212199551359048
s7204_r8_n000_a375,confirmatory,7204,8,0.0,0.375,joint_forward_feedback,balanced_permutation_a_k2,balanced_permutation_a,balanced,2,0.31399250811836066,0.25,0.6399250811836067,64,64,16,64,0.3903910175089542,0.41551041815842304,1.563632216832332
s7204_r8_n000_a375,confirmatory,7204,8,0.0,0.375,joint_forward_feedback,balanced_permutation_a_k4,balanced_permutation_a,balanced,4,0.5639925081183607,0.5,0.6399250811836067,64,64,32,64,0.27638092150782256,0.3215003221572914,2.0694224227524303
s7204_r8_n000_a375,confirmatory,7204,8,0.0,0.375,joint_forward_feedback,balanced_permutation_a_k8,balanced_permutation_a,balanced,8,1.0639925081183608,1.0,0.6399250811836067,64,64,64,64,0.05006682192733442,0.1351862225768033,2.883383987350086
s7204_r8_n000_a375,confirmatory,7204,8,0.0,0.375,joint_forward_feedback,balanced_permutation_b_k1,balanced_permutation_b,balanced,1,0.18840039778945986,0.125,0.6340039778945984,64,64,8,64,0.4416837712568299,0.4567558030799867,1.2091404445570397
s7204_r8_n000_a375,confirmatory,7204,8,0.0,0.375,joint_forward_feedback,balanced_permutation_b_k2,balanced_permutation_b,balanced,2,0.31340039778945983,0.25,0.6340039778945984,64,64,16,64,0.38804067726982544,0.41311270909298226,1.5541797142991847
s7204_r8_n000_a375,confirmatory,7204,8,0.0,0.375,joint_forward_feedback,balanced_permutation_b_k4,balanced_permutation_b,balanced,4,0.5634003977894598,0.5,0.6340039778945984,64,64,32,64,0.26750672622721405,0.31257875805037083,2.164375499986971
s7204_r8_n000_a375,confirmatory,7204,8,0.0,0.375,joint_forward_feedback,balanced_permutation_b_k8,balanced_permutation_b,balanced,8,1.06340039778946,1.0,0.6340039778945984,64,64,64,64,0.045508895812823094,0.1305809276359799,2.905672064229294
s7204_r8_n000_a375,confirmatory,7204,8,0.0,0.375,joint_forward_feedback,comb_contiguous_k1,comb_contiguous,comb,1,0.225,0.125,1.0,64,64,8,64,0.44222540693377743,0.46022540693377745,1.1672866155113988
s7204_r8_n000_a375,confirmatory,7204,8,0.0,0.375,joint_forward_feedback,comb_contiguous_k2,comb_contiguous,comb,2,0.35,0.25,1.0,64,64,16,64,0.3857780740341258,0.4137780740341258,1.5160798160952145
s7204_r8_n000_a375,confirmatory,7204,8,0.0,0.375,joint_forward_feedback,comb_contiguous_k4,comb_contiguous,comb,4,0.6,0.5,1.0,64,64,32,64,0.2618146158960809,0.3098146158960809,2.0757725875063944
s7204_r8_n000_a375,confirmatory,7204,8,0.0,0.375,joint_forward_feedback,comb_contiguous_k8,comb_contiguous,comb,8,1.1,1.0,1.0,64,64,64,64,0.03651742112713778,0.12451742112713779,2.8560215701657596
s7204_r8_n000_a375,confirmatory,7204,8,0.0,0.375,joint_forward_feedback,balanced_contiguous_k1,balanced_contiguous,balanced,1,0.1737418407321983,0.125,0.487418407321983,64,64,8,256,0.4382379187090024,0.4521372659675783,1.3904256012769423
s7204_r8_n000_a375,confirmatory,7204,8,0.0,0.375,joint_forward_feedback,balanced_contiguous_k2,balanced_contiguous,balanced,2,0.2987418407321983,0.25,0.487418407321983,64,64,16,256,0.3800923802676137,0.40399172752618956,1.951391452337865
s7204_r8_n000_a375,confirmatory,7204,8,0.0,0.375,joint_forward_feedback,balanced_contiguous_k4,balanced_contiguous,balanced,4,0.5487418407321983,0.5,0.487418407321983,64,64,32,256,0.2559413772749696,0.29984072453354543,2.638358276900148
s7204_r8_n000_a375,confirmatory,7204,8,0.0,0.375,joint_forward_feedback,balanced_contiguous_k8,balanced_contiguous,balanced,8,1.0487418407321982,1.0,0.487418407321983,64,64,64,256,0.0018693750107602355,0.08576872226933609,4.482571724174443
s7204_r8_n000_a375,confirmatory,7204,8,0.0,0.375,joint_forward_feedback,balanced_interleaved_k1,balanced_interleaved,balanced,1,0.19088469787505546,0.125,0.6588469787505544,64,64,8,256,0.4380420237738076,0.453312799603812,1.2856247481709957
s7204_r8_n000_a375,confirmatory,7204,8,0.0,0.375,joint_forward_feedback,balanced_interleaved_k2,balanced_interleaved,balanced,2,0.31588469787505546,0.25,0.6588469787505544,64,64,16,256,0.3668236012836567,0.39209437711366113,1.762412997582144
s7204_r8_n000_a375,confirmatory,7204,8,0.0,0.375,joint_forward_feedback,balanced_interleaved_k4,balanced_interleaved,balanced,4,0.5658846978750555,0.5,0.6588469787505544,64,64,32,256,0.25393027206504365,0.2992010478950481,2.4344278780512063
s7204_r8_n000_a375,confirmatory,7204,8,0.0,0.375,joint_forward_feedback,balanced_interleaved_k8,balanced_interleaved,balanced,8,1.0658846978750554,1.0,0.6588469787505544,64,64,64,256,9.072925028216966e-05,0.0853615050802866,3.8320897241109595
s7204_r8_n000_a375,confirmatory,7204,8,0.0,0.375,joint_forward_feedback,balanced_permutation_a_k1,balanced_permutation_a,balanced,1,0.18899250811836066,0.125,0.6399250811836067,64,64,8,256,0.4389787160926819,0.4540981167421508,1.2970879283198902
s7204_r8_n000_a375,confirmatory,7204,8,0.0,0.375,joint_forward_feedback,balanced_permutation_a_k2,balanced_permutation_a,balanced,2,0.31399250811836066,0.25,0.6399250811836067,64,64,16,256,0.38922942920902304,0.41434882985849186,1.772758794627019
s7204_r8_n000_a375,confirmatory,7204,8,0.0,0.375,joint_forward_feedback,balanced_permutation_a_k4,balanced_permutation_a,balanced,4,0.5639925081183607,0.5,0.6399250811836067,64,64,32,256,0.26590350880897873,0.31102290945844757,2.410589534217005
s7204_r8_n000_a375,confirmatory,7204,8,0.0,0.375,joint_forward_feedback,balanced_permutation_a_k8,balanced_permutation_a,balanced,8,1.0639925081183608,1.0,0.6399250811836067,64,64,64,256,0.0004465227656627636,0.08556592341513163,3.92696564727768
s7204_r8_n000_a375,confirmatory,7204,8,0.0,0.375,joint_forward_feedback,balanced_permutation_b_k1,balanced_permutation_b,balanced,1,0.18840039778945986,0.125,0.6340039778945984,64,64,8,256,0.43795923258232966,0.45303126440548647,1.2997201090124002
s7204_r8_n000_a375,confirmatory,7204,8,0.0,0.375,joint_forward_feedback,balanced_permutation_b_k2,balanced_permutation_b,balanced,2,0.31340039778945983,0.25,0.6340039778945984,64,64,16,256,0.3830642379114285,0.4081362697345853,1.7094642017304629
s7204_r8_n000_a375,confirmatory,7204,8,0.0,0.375,joint_forward_feedback,balanced_permutation_b_k4,balanced_permutation_b,balanced,4,0.5634003977894598,0.5,0.6340039778945984,64,64,32,256,0.25533075436155916,0.30040278618471594,2.518608473792666
s7204_r8_n000_a375,confirmatory,7204,8,0.0,0.375,joint_forward_feedback,balanced_permutation_b_k8,balanced_permutation_b,balanced,8,1.06340039778946,1.0,0.6340039778945984,64,64,64,256,0.00018863203836480275,0.0852606638615216,3.9228694042229217
s7204_r8_n000_a375,confirmatory,7204,8,0.0,0.375,joint_forward_feedback,comb_contiguous_k1,comb_contiguous,comb,1,0.225,0.125,1.0,64,64,8,256,0.4380235463926555,0.4560235463926555,1.22480368717923
s7204_r8_n000_a375,confirmatory,7204,8,0.0,0.375,joint_forward_feedback,comb_contiguous_k2,comb_contiguous,comb,2,0.35,0.25,1.0,64,64,16,256,0.38164962289321636,0.4096496228932164,1.6120630959665703
s7204_r8_n000_a375,confirmatory,7204,8,0.0,0.375,joint_forward_feedback,comb_contiguous_k4,comb_contiguous,comb,4,0.6,0.5,1.0,64,64,32,256,0.2578941441953586,0.3058941441953586,2.281022549112933
s7204_r8_n000_a375,confirmatory,7204,8,0.0,0.375,joint_forward_feedback,comb_contiguous_k8,comb_contiguous,comb,8,1.1,1.0,1.0,64,64,64,256,0.0003555899553991989,0.0883555899553992,3.7224551839243736
s7204_r8_n750_a125,confirmatory,7204,8,0.75,0.125,feedback_only,balanced_contiguous_k1,balanced_contiguous,balanced,1,0.1737418407321983,0.125,0.487418407321983,64,64,8,16,0.7102645160079019,0.7241638632664777,0.6188590535939962
s7204_r8_n750_a125,confirmatory,7204,8,0.75,0.125,feedback_only,balanced_contiguous_k2,balanced_contiguous,balanced,2,0.2987418407321983,0.25,0.487418407321983,64,64,16,16,0.6750967009118798,0.6989960481704557,0.7705023716712189
s7204_r8_n750_a125,confirmatory,7204,8,0.75,0.125,feedback_only,balanced_contiguous_k4,balanced_contiguous,balanced,4,0.5487418407321983,0.5,0.487418407321983,64,64,32,16,0.5840882731416301,0.6279876204002061,1.0864900516527525
s7204_r8_n750_a125,confirmatory,7204,8,0.75,0.125,feedback_only,balanced_contiguous_k8,balanced_contiguous,balanced,8,1.0487418407321982,1.0,0.487418407321983,64,64,64,16,0.41673782556669925,0.5006371728252751,1.4876776399936307
s7204_r8_n750_a125,confirmatory,7204,8,0.75,0.125,feedback_only,balanced_interleaved_k1,balanced_interleaved,balanced,1,0.19088469787505546,0.125,0.6588469787505544,64,64,8,16,0.7102645160079019,0.7255352918379063,0.6188590535939962
s7204_r8_n750_a125,confirmatory,7204,8,0.75,0.125,feedback_only,balanced_interleaved_k2,balanced_interleaved,balanced,2,0.31588469787505546,0.25,0.6588469787505544,64,64,16,16,0.6704380072503389,0.6957087830803433,0.807779275029925
s7204_r8_n750_a125,confirmatory,7204,8,0.75,0.125,feedback_only,balanced_interleaved_k4,balanced_interleaved,balanced,4,0.5658846978750555,0.5,0.6588469787505544,64,64,32,16,0.5916746521934693,0.6369454280234736,1.058261181660054
s7204_r8_n750_a125,confirmatory,7204,8,0.75,0.125,feedback_only,balanced_interleaved_k8,balanced_interleaved,balanced,8,1.0658846978750554,1.0,0.6588469787505544,64,64,64,16,0.41673782556669925,0.5020086013967037,1.4876776399936307
s7204_r8_n750_a125,confirmatory,7204,8,0.75,0.125,feedback_only,balanced_permutation_a_k1,balanced_permutation_a,balanced,1,0.18899250811836066,0.125,0.6399250811836067,64,64,8,16,0.7102645160079019,0.7253839166573707,0.6188590535939962
s7204_r8_n750_a125,confirmatory,7204,8,0.75,0.125,feedback_only,balanced_permutation_a_k2,balanced_permutation_a,balanced,2,0.31399250811836066,0.25,0.6399250811836067,64,64,16,16,0.6631922356078139,0.6883116362572828,0.8730578170223218
s7204_r8_n750_a125,confirmatory,7204,8,0.75,0.125,feedback_only,balanced_permutation_a_k4,balanced_permutation_a,balanced,4,0.5639925081183607,0.5,0.6399250811836067,64,64,32,16,0.5900335959002838,0.6351529965497527,1.0861309088614792
s7204_r8_n750_a125,confirmatory,7204,8,0.75,0.125,feedback_only,balanced_permutation_a_k8,balanced_permutation_a,balanced,8,1.0639925081183608,1.0,0.6399250811836067,64,64,64,16,0.41673782556669925,0.5018572262161681,1.4876776399936307
s7204_r8_n750_a125,confirmatory,7204,8,0.75,0.125,feedback_only,balanced_permutation_b_k1,balanced_permutation_b,balanced,1,0.18840039778945986,0.125,0.6340039778945984,64,64,8,16,0.7102645160079019,0.7253365478310586,0.6188590535939962
s7204_r8_n750_a125,confirmatory,7204,8,0.75,0.125,feedback_only,balanced_permutation_b_k2,balanced_permutation_b,balanced,2,0.31340039778945983,0.25,0.6340039778945984,64,64,16,16,0.6669829245360813,0.6920549563592381,0.7907435415555572
s7204_r8_n750_a125,confirmatory,7204,8,0.75,0.125,feedback_only,balanced_permutation_b_k4,balanced_permutation_b,balanced,4,0.5634003977894598,0.5,0.6340039778945984,64,64,32,16,0.574390434052263,0.6194624658754198,1.1310710339321919
s7204_r8_n750_a125,confirmatory,7204,8,0.75,0.125,feedback_only,balanced_permutation_b_k8,balanced_permutation_b,balanced,8,1.06340039778946,1.0,0.6340039778945984,64,64,64,16,0.41673782556669925,0.5018098573898561,1.4876776399936307
s7204_r8_n750_a125,confirmatory,7204,8,0.75,0.125,feedback_only,comb_contiguous_k1,comb_contiguous,comb,1,0.225,0.125,1.0,64,64,8,16,0.7102645160079019,0.7282645160079019,0.6188590535939962
s7204_r8_n750_a125,confirmatory,7204,8,0.75,0.125,feedback_only,comb_contiguous_k2,comb_contiguous,comb,2,0.35,0.25,1.0,64,64,16,16,0.6624060734560125,0.6904060734560126,0.8040011520632857
s7204_r8_n750_a125,confirmatory,7204,8,0.75,0.125,feedback_only,comb_contiguous_k4,comb_contiguous,comb,4,0.6,0.5,1.0,64,64,32,16,0.5760795605404951,0.6240795605404952,1.081624603429823
s7204_r8_n750_a125,confirmatory,7204,8,0.75,0.125,feedback_only,comb_contiguous_k8,comb_contiguous,comb,8,1.1,1.0,1.0,64,64,64,16,0.41673782556669925,0.5047378255666992,1.4876776399936307
s7204_r8_n750_a125,confirmatory,7204,8,0.75,0.125,feedback_only,balanced_contiguous_k1,balanced_contiguous,balanced,1,0.1737418407321983,0.125,0.487418407321983,64,64,8,64,0.7016504649152424,0.7155498121738183,1.1249931427331763
s7204_r8_n750_a125,confirmatory,7204,8,0.75,0.125,feedback_only,balanced_contiguous_k2,balanced_contiguous,balanced,2,0.2987418407321983,0.25,0.487418407321983,64,64,16,64,0.648728381012537,0.672627728271113,1.5126024902542359
s7204_r8_n750_a125,confirmatory,7204,8,0.75,0.125,feedback_only,balanced_contiguous_k4,balanced_contiguous,balanced,4,0.5487418407321983,0.5,0.487418407321983,64,64,32,64,0.5328976452973702,0.5767969925559461,2.043396112292984
s7204_r8_n750_a125,confirmatory,7204,8,0.75,0.125,feedback_only,balanced_contiguous_k8,balanced_contiguous,balanced,8,1.0487418407321982,1.0,0.487418407321983,64,64,64,64,0.30285617802214965,0.3867555252807255,2.7306654211568393
s7204_r8_n750_a125,confirmatory,7204,8,0.75,0.125,feedback_only,balanced_interleaved_k1,balanced_interleaved,balanced,1,0.19088469787505546,0.125,0.6588469787505544,64,64,8,64,0.7016504649152424,0.7169212407452469,1.1249931427331763
s7204_r8_n750_a125,confirmatory,7204,8,0.75,0.125,feedback_only,balanced_interleaved_k2,balanced_interleaved,balanced,2,0.31588469787505546,0.25,0.6588469787505544,64,64,16,64,0.6484109300826901,0.6736817059126946,1.5148288415479985
s7204_r8_n750_a125,confirmatory,7204,8,0.75,0.125,feedback_only,balanced_interleaved_k4,balanced_interleaved,balanced,4,0.5658846978750555,0.5,0.6588469787505544,64,64,32,64,0.5387176135707248,0.5839883894007292,1.947695419790114
s7204_r8_n750_a125,confirmatory,7204,8,0.75,0.125,feedback_only,balanced_interleaved_k8,balanced_interleaved,balanced,8,1.0658846978750554,1.0,0.6588469787505544,64,64,64,64,0.30285617802214965,0.38812695385215407,2.7306654211568393
s7204_r8_n750_a125,confirmatory,7204,8,0.75,0.125,feedback_only,balanced_permutation_a_k1,balanced_permutation_a,balanced,1,0.18899250811836066,0.125,0.6399250811836067,64,64,8,64,0.7016504649152424,0.7167698655647112,1.1249931427331763
s7204_r8_n750_a125,confirmatory,7204,8,0.75,0.125,feedback_only,balanced_permutation_a_k2,balanced_permutation_a,balanced,2,0.31399250811836066,0.25,0.6399250811836067,64,64,16,64,0.6529236659483713,0.6780430665978401,1.4489229598501665
s7204_r8_n750_a125,confirmatory,7204,8,0.75,0.125,feedback_only,balanced_permutation_a_k4,balanced_permutation_a,balanced,4,0.5639925081183607,0.5,0.6399250811836067,64,64,32,64,0.5477117030474813,0.5928311036969501,1.896649115848648
s7204_r8_n750_a125,confirmatory,7204,8,0.75,0.125,feedback_only,balanced_permutation_a_k8,balanced_permutation_a,balanced,8,1.0639925081183608,1.0,0.6399250811836067,64,64,64,64,0.30285617802214965,0.3879755786716185,2.7306654211568393
s7204_r8_n750_a125,confirmatory,7204,8,0.75,0.125,feedback_only,balanced_permutation_b_k1,balanced_permutation_b,balanced,1,0.18840039778945986,0.125,0.6340039778945984,64,64,8,64,0.7016504649152424,0.7167224967383992,1.1249931427331763
s7204_r8_n750_a125,confirmatory,7204,8,0.75,0.125,feedback_only,balanced_permutation_b_k2,balanced_permutation_b,balanced,2,0.31340039778945983,0.25,0.6340039778945984,64,64,16,64,0.6491194630311071,0.6741914948542639,1.4770140459291972
s7204_r8_n750_a125,confirmatory,7204,8,0.75,0.125,feedback_only,balanced_permutation_b_k4,balanced_permutation_b,balanced,4,0.5634003977894598,0.5,0.6340039778945984,64,64,32,64,0.5413891743826883,0.5864612062058451,2.1123379648786043
s7204_r8_n750_a125,confirmatory,7204,8,0.75,0.125,feedback_only,balanced_permutation_b_k8,balanced_permutation_b,balanced,8,1.06340039778946,1.0,0.6340039778945984,64,64,64,64,0.30285617802214965,0.38792820984530646,2.7306654211568393
s7204_r8_n750_a125,confirmatory,7204,8,0.75,0.125,feedback_only,comb_contiguous_k1,comb_contiguous,comb,1,0.225,0.125,1.0,64,64,8,64,0.7016504649152424,0.7196504649152424,1.1249931427331763
s7204_r8_n750_a125,confirmatory,7204,8,0.75,0.125,feedback_only,comb_contiguous_k2,comb_contiguous,comb,2,0.35,0.25,1.0,64,64,16,64,0.6369480108930696,0.6649480108930697,1.4957316090104054
s7204_r8_n750_a125,confirmatory,7204,8,0.75,0.125,feedback_only,comb_contiguous_k4,comb_contiguous,comb,4,0.6,0.5,1.0,64,64,32,64,0.526099759728233,0.574099759728233,1.9461713177572686
s7204_r8_n750_a125,confirmatory,7204,8,0.75,0.125,feedback_only,comb_contiguous_k8,comb_contiguous,comb,8,1.1,1.0,1.0,64,64,64,64,0.30285617802214965,0.39085617802214967,2.7306654211568393
s7204_r8_n750_a125,confirmatory,7204,8,0.75,0.125,feedback_only,balanced_contiguous_k1,balanced_contiguous,balanced,1,0.1737418407321983,0.125,0.487418407321983,64,64,8,256,0.7050634219320344,0.7189627691906103,1.07255905404862
s7204_r8_n750_a125,confirmatory,7204,8,0.75,0.125,feedback_only,balanced_contiguous_k2,balanced_contiguous,balanced,2,0.2987418407321983,0.25,0.487418407321983,64,64,16,256,0.6466131937688464,0.6705125410274223,1.449341629679129
s7204_r8_n750_a125,confirmatory,7204,8,0.75,0.125,feedback_only,balanced_contiguous_k4,balanced_contiguous,balanced,4,0.5487418407321983,0.5,0.487418407321983,64,64,32,256,0.531772528986447,0.5756718762450229,2.1019398143878365
s7204_r8_n750_a125,confirmatory,7204,8,0.75,0.125,feedback_only,balanced_contiguous_k8,balanced_contiguous,balanced,8,1.0487418407321982,1.0,0.487418407321983,64,64,64,256,0.3043295443041045,0.38822889156268037,2.971968786321801
s7204_r8_n750_a125,confirmatory,7204,8,0.75,0.125,feedback_only,balanced_interleaved_k1,balanced_interleaved,balanced,1,0.19088469787505546,0.125,0.6588469787505544,64,64,8,256,0.7050634219320344,0.7203341977620389,1.07255905404862
s7204_r8_n750_a125,confirmatory,7204,8,0.75,0.125,feedback_only,balanced_interleaved_k2,balanced_interleaved,balanced,2,0.31588469787505546,0.25,0.6588469787505544,64,64,16,256,0.6566295842187344,0.6819003600487389,1.4941115335283137
s7204_r8_n750_a125,confirmatory,7204,8,0.75,0.125,feedback_only,balanced_interleaved_k4,balanced_interleaved,balanced,4,0.5658846978750555,0.5,0.6588469787505544,64,64,32,256,0.5391820881450913,0.5844528639750957,2.0289746826324477
s7204_r8_n750_a125,confirmatory,7204,8,0.75,0.125,feedback_only,balanced_interleaved_k8,balanced_interleaved,balanced,8,1.0658846978750554,1.0,0.6588469787505544,64,64,64,256,0.3043295443041045,0.38960032013410895,2.971968786321801
s7204_r8_n750_a125,confirmatory,7204,8,0.75,0.125,feedback_only,balanced_permutation_a_k1,balanced_permutation_a,balanced,1,0.18899250811836066,0.125,0.6399250811836067,64,64,8,256,0.7050634219320344,0.7201828225815032,1.07255905404862
s7204_r8_n750_a125,confirmatory,7204,8,0.75,0.125,feedback_only,balanced_permutation_a_k2,balanced_permutation_a,balanced,2,0.31399250811836066,0.25,0.6399250811836067,64,64,16,256,0.6618564297103897,0.6869758303598585,1.5178921534361065
s7204_r8_n750_a125,confirmatory,7204,8,0.75,0.125,feedback_only,balanced_permutation_a_k4,balanced_permutation_a,balanced,4,0.5639925081183607,0.5,0.6399250811836067,64,64,32,256,0.5431960238802496,0.5883154245297184,2.1033013662503297
s7204_r8_n750_a125,confirmatory,7204,8,0.75,0.125,feedback_only,balanced_permutation_a_k8,balanced_permutation_a,balanced,8,1.0639925081183608,1.0,0.6399250811836067,64,64,64,256,0.3043295443041045,0.3894489449535734,2.971968786321801
s7204_r8_n750_a125,confirmatory,7204,8,0.75,0.125,feedback_only,balanced_permutation_b_k1,balanced_permutation_b,balanced,1,0.18840039778945986,0.125,0.6340039778945984,64,64,8,256,0.7050634219320344,0.7201354537551912,1.07255905404862
s7204_r8_n750_a125,confirmatory,7204,8,0.75,0.125,feedback_only,balanced_permutation_b_k2,balanced_permutation_b,balanced,2,0.31340039778945983,0.25,0.6340039778945984,64,64,16,256,0.6467564211909129,0.6718284530140697,1.521958887553299
s7204_r8_n750_a125,confirmatory,7204,8,0.75,0.125,feedback_only,balanced_permutation_b_k4,balanced_permutation_b,balanced,4,0.5634003977894598,0.5,0.6340039778945984,64,64,32,256,0.5388210642978009,0.5838930961209576,2.136240859868377
s7204_r8_n750_a125,confirmatory,7204,8,0.75,0.125,feedback_only,balanced_permutation_b_k8,balanced_permutation_b,balanced,8,1.06340039778946,1.0,0.6340039778945984,64,64,64,256,0.3043295443041045,0.38940157612726134,2.971968786321801
s7204_r8_n750_a125,confirmatory,7204,8,0.75,0.125,feedback_only,comb_contiguous_k1,comb_contiguous,comb,1,0.225,0.125,1.0,64,64,8,256,0.7050634219320344,0.7230634219320344,1.07255905404862
s7204_r8_n750_a125,confirmatory,7204,8,0.75,0.125,feedback_only,comb_contiguous_k2,comb_contiguous,comb,2,0.35,0.25,1.0,64,64,16,256,0.6401566526237285,0.6681566526237285,1.509769998376429
s7204_r8_n750_a125,confirmatory,7204,8,0.75,0.125,feedback_only,comb_contiguous_k4,comb_contiguous,comb,4,0.6,0.5,1.0,64,64,32,256,0.5213042623954296,0.5693042623954296,2.031744281988187
s7204_r8_n750_a125,confirmatory,7204,8,0.75,0.125,feedback_only,comb_contiguous_k8,comb_contiguous,comb,8,1.1,1.0,1.0,64,64,64,256,0.3043295443041045,0.39232954430410455,2.971968786321801
s7204_r8_n750_a125,confirmatory,7204,8,0.75,0.125,joint_forward_feedback,balanced_contiguous_k1,balanced_contiguous,balanced,1,0.1737418407321983,0.125,0.487418407321983,64,64,8,16,0.7255273476735371,0.739426694932113,0.5255426242196177
s7204_r8_n750_a125,confirmatory,7204,8,0.75,0.125,joint_forward_feedback,balanced_contiguous_k2,balanced_contiguous,balanced,2,0.2987418407321983,0.25,0.487418407321983,64,64,16,16,0.7020558103917567,0.7259551576503326,0.6496647251089471
s7204_r8_n750_a125,confirmatory,7204,8,0.75,0.125,joint_forward_feedback,balanced_contiguous_k4,balanced_contiguous,balanced,4,0.5487418407321983,0.5,0.487418407321983,64,64,32,16,0.6418386880945512,0.6857380353531272,0.8978184440889885
s7204_r8_n750_a125,confirmatory,7204,8,0.75,0.125,joint_forward_feedback,balanced_contiguous_k8,balanced_contiguous,balanced,8,1.0487418407321982,1.0,0.487418407321983,64,64,64,16,0.5698630675959081,0.6537624148544839,1.1237159548129152
s7204_r8_n750_a125,confirmatory,7204,8,0.75,0.125,joint_forward_feedback,balanced_interleaved_k1,balanced_interleaved,balanced,1,0.19088469787505546,0.125,0.6588469787505544,64,64,8,16,0.7213034727403478,0.7365742485703523,0.5536468015571855
s7204_r8_n750_a125,confirmatory,7204,8,0.75,0.125,joint_forward_feedback,balanced_interleaved_k2,balanced_interleaved,balanced,2,0.31588469787505546,0.25,0.6588469787505544,64,64,16,16,0.6892124677446718,0.7144832435746763,0.7285778135981
s7204_r8_n750_a125,confirmatory,7204,8,0.75,0.125,joint_forward_feedback,balanced_interleaved_k4,balanced_interleaved,balanced,4,0.5658846978750555,0.5,0.6588469787505544,64,64,32,16,0.6289205360240536,0.6741913118540581,0.9483799687725611
s7204_r8_n750_a125,confirmatory,7204,8,0.75,0.125,joint_forward_feedback,balanced_interleaved_k8,balanced_interleaved,balanced,8,1.0658846978750554,1.0,0.6588469787505544,64,64,64,16,0.5180456769214656,0.6033164527514701,1.2616029917022813
s7204_r8_n750_a125,confirmatory,7204,8,0.75,0.125,joint_forward_feedback,balanced_permutation_a_k1,balanced_permutation_a,balanced,1,0.18899250811836066,0.125,0.6399250811836067,64,64,8,16,0.7212338987654399,0.7363532994149087,0.5518529327521889
s7204_r8_n750_a125,confirmatory,7204,8,0.75,0.125,joint_forward_feedback,balanced_permutation_a_k2,balanced_permutation_a,balanced,2,0.31399250811836066,0.25,0.6399250811836067,64,64,16,16,0.683378920653241,0.7084983213027098,0.7747796190426752
s7204_r8_n750_a125,confirmatory,7204,8,0.75,0.125,joint_forward_feedback,balanced_permutation_a_k4,balanced_permutation_a,balanced,4,0.5639925081183607,0.5,0.6399250811836067,64,64,32,16,0.6292573772097293,0.6743767778591981,0.9620400173926418
s7204_r8_n750_a125,confirmatory,7204,8,0.75,0.125,joint_forward_feedback,balanced_permutation_a_k8,balanced_permutation_a,balanced,8,1.0639925081183608,1.0,0.6399250811836067,64,64,64,16,0.522142612606815,0.6072620132562839,1.2625354969638385
s7204_r8_n750_a125,confirmatory,7204,8,0.75,0.125,joint_forward_feedback,balanced_permutation_b_k1,balanced_permutation_b,balanced,1,0.18840039778945986,0.125,0.6340039778945984,64,64,8,16,0.7215233111921608,0.7365953430153176,0.5513675523229039
s7204_r8_n750_a125,confirmatory,7204,8,0.75,0.125,joint_forward_feedback,balanced_permutation_b_k2,balanced_permutation_b,balanced,2,0.31340039778945983,0.25,0.6340039778945984,64,64,16,16,0.6875834632420949,0.7126554950652516,0.715986887529871
s7204_r8_n750_a125,confirmatory,7204,8,0.75,0.125,joint_forward_feedback,balanced_permutation_b_k4,balanced_permutation_b,balanced,4,0.5634003977894598,0.5,0.6340039778945984,64,64,32,16,0.6177312035361284,0.6628032353592852,0.999658468552007
s7204_r8_n750_a125,confirmatory,7204,8,0.75,0.125,joint_forward_feedback,balanced_permutation_b_k8,balanced_permutation_b,balanced,8,1.06340039778946,1.0,0.6340039778945984,64,64,64,16,0.5209388306697444,0.6060108624929013,1.2605392839513072
s7204_r8_n750_a125,confirmatory,7204,8,0.75,0.125,joint_forward_feedback,comb_contiguous_k1,comb_contiguous,comb,1,0.225,0.125,1.0,64,64,8,16,0.7194817352085648,0.7374817352085649,0.5558974236101936
s7204_r8_n750_a125,confirmatory,7204,8,0.75,0.125,joint_forward_feedback,comb_contiguous_k2,comb_contiguous,comb,2,0.35,0.25,1.0,64,64,16,16,0.6769709355674656,0.7049709355674656,0.7367535820229324
s7204_r8_n750_a125,confirmatory,7204,8,0.75,0.125,joint_forward_feedback,comb_contiguous_k4,comb_contiguous,comb,4,0.6,0.5,1.0,64,64,32,16,0.6030748713756742,0.6510748713756742,0.9984010500654585
s7204_r8_n750_a125,confirmatory,7204,8,0.75,0.125,joint_forward_feedback,comb_contiguous_k8,comb_contiguous,comb,8,1.1,1.0,1.0,64,64,64,16,0.4975904018657998,0.5855904018657998,1.2842900056402053
s7204_r8_n750_a125,confirmatory,7204,8,0.75,0.125,joint_forward_feedback,balanced_contiguous_k1,balanced_contiguous,balanced,1,0.1737418407321983,0.125,0.487418407321983,64,64,8,64,0.7013715603561561,0.715270907614732,1.2870805123231461
s7204_r8_n750_a125,confirmatory,7204,8,0.75,0.125,joint_forward_feedback,balanced_contiguous_k2,balanced_contiguous,balanced,2,0.2987418407321983,0.25,0.487418407321983,64,64,16,64,0.649929126983537,0.6738284742421129,1.6868795727768455
s7204_r8_n750_a125,confirmatory,7204,8,0.75,0.125,joint_forward_feedback,balanced_contiguous_k4,balanced_contiguous,balanced,4,0.5487418407321983,0.5,0.487418407321983,64,64,32,64,0.5386528579300232,0.5825522051885991,2.269578065696786
s7204_r8_n750_a125,confirmatory,7204,8,0.75,0.125,joint_forward_feedback,balanced_contiguous_k8,balanced_contiguous,balanced,8,1.0487418407321982,1.0,0.487418407321983,64,64,64,64,0.3659831812785171,0.44988252853709293,2.9626414877388054
s7204_r8_n750_a125,confirmatory,7204,8,0.75,0.125,joint_forward_feedback,balanced_interleaved_k1,balanced_interleaved,balanced,1,0.19088469787505546,0.125,0.6588469787505544,64,64,8,64,0.7009481676207507,0.7162189434507552,1.2611302593369489
s7204_r8_n750_a125,confirmatory,7204,8,0.75,0.125,joint_forward_feedback,balanced_interleaved_k2,balanced_interleaved,balanced,2,0.31588469787505546,0.25,0.6588469787505544,64,64,16,64,0.6471648463738924,0.6724356222038969,1.7079162287575527
s7204_r8_n750_a125,confirmatory,7204,8,0.75,0.125,joint_forward_feedback,balanced_interleaved_k4,balanced_interleaved,balanced,4,0.5658846978750555,0.5,0.6588469787505544,64,64,32,64,0.5390121397179612,0.5842829155479656,2.1845478948331705
s7204_r8_n750_a125,confirmatory,7204,8,0.75,0.125,joint_forward_feedback,balanced_interleaved_k8,balanced_interleaved,balanced,8,1.0658846978750554,1.0,0.6588469787505544,64,64,64,64,0.32522826735248433,0.41049904318248875,2.995237444731976
s7204_r8_n750_a125,confirmatory,7204,8,0.75,0.125,joint_forward_feedback,balanced_permutation_a_k1,balanced_permutation_a,balanced,1,0.18899250811836066,0.125,0.6399250811836067,64,64,8,64,0.700344582125723,0.7154639827751919,1.2576241742225978
s7204_r8_n750_a125,confirmatory,7204,8,0.75,0.125,joint_forward_feedback,balanced_permutation_a_k2,balanced_permutation_a,balanced,2,0.31399250811836066,0.25,0.6399250811836067,64,64,16,64,0.6493918367463087,0.6745112373957776,1.6461198322925144
s7204_r8_n750_a125,confirmatory,7204,8,0.75,0.125,joint_forward_feedback,balanced_permutation_a_k4,balanced_permutation_a,balanced,4,0.5639925081183607,0.5,0.6399250811836067,64,64,32,64,0.5490338856860926,0.5941532863355614,2.1142281764856934
s7204_r8_n750_a125,confirmatory,7204,8,0.75,0.125,joint_forward_feedback,balanced_permutation_a_k8,balanced_permutation_a,balanced,8,1.0639925081183608,1.0,0.6399250811836067,64,64,64,64,0.3324652964250916,0.4175846970745605,2.9771053610934235
s7204_r8_n750_a125,confirmatory,7204,8,0.75,0.125,joint_forward_feedback,balanced_permutation_b_k1,balanced_permutation_b,balanced,1,0.18840039778945986,0.125,0.6340039778945984,64,64,8,64,0.7005556431299762,0.715627674953133,1.272810181819513
s7204_r8_n750_a125,confirmatory,7204,8,0.75,0.125,joint_forward_feedback,balanced_permutation_b_k2,balanced_permutation_b,balanced,2,0.31340039778945983,0.25,0.6340039778945984,64,64,16,64,0.6468243566556726,0.6718963884788294,1.6814448637758495
s7204_r8_n750_a125,confirmatory,7204,8,0.75,0.125,joint_forward_feedback,balanced_permutation_b_k4,balanced_permutation_b,balanced,4,0.5634003977894598,0.5,0.6340039778945984,64,64,32,64,0.535623658778294,0.5806956906014508,2.337863454920086
s7204_r8_n750_a125,confirmatory,7204,8,0.75,0.125,joint_forward_feedback,balanced_permutation_b_k8,balanced_permutation_b,balanced,8,1.06340039778946,1.0,0.6340039778945984,64,64,64,64,0.331390305580169,0.41646233740332583,2.9931259098340504
s7204_r8_n750_a125,confirmatory,7204,8,0.75,0.125,joint_forward_feedback,comb_contiguous_k1,comb_contiguous,comb,1,0.225,0.125,1.0,64,64,8,64,0.7002069988608892,0.7182069988608892,1.2301739486203644
s7204_r8_n750_a125,confirmatory,7204,8,0.75,0.125,joint_forward_feedback,comb_contiguous_k2,comb_contiguous,comb,2,0.35,0.25,1.0,64,64,16,64,0.6360988167319286,0.6640988167319286,1.6056196865360888
s7204_r8_n750_a125,confirmatory,7204,8,0.75,0.125,joint_forward_feedback,comb_contiguous_k4,comb_contiguous,comb,4,0.6,0.5,1.0,64,64,32,64,0.5256791371192409,0.5736791371192409,2.1071084258918074
s7204_r8_n750_a125,confirmatory,7204,8,0.75,0.125,joint_forward_feedback,comb_contiguous_k8,comb_contiguous,comb,8,1.1,1.0,1.0,64,64,64,64,0.31636183710576427,0.4043618371057643,2.960413047424472
s7204_r8_n750_a125,confirmatory,7204,8,0.75,0.125,joint_forward_feedback,balanced_contiguous_k1,balanced_contiguous,balanced,1,0.1737418407321983,0.125,0.487418407321983,64,64,8,256,0.7037378189132426,0.7176371661718185,1.4667372635844917
s7204_r8_n750_a125,confirmatory,7204,8,0.75,0.125,joint_forward_feedback,balanced_contiguous_k2,balanced_contiguous,balanced,2,0.2987418407321983,0.25,0.487418407321983,64,64,16,256,0.6451674016312734,0.6690667488898493,1.974193320882342
s7204_r8_n750_a125,confirmatory,7204,8,0.75,0.125,joint_forward_feedback,balanced_contiguous_k4,balanced_contiguous,balanced,4,0.5487418407321983,0.5,0.487418407321983,64,64,32,256,0.5250737318559828,0.5689730791145587,2.9089769892232207
s7204_r8_n750_a125,confirmatory,7204,8,0.75,0.125,joint_forward_feedback,balanced_contiguous_k8,balanced_contiguous,balanced,8,1.0487418407321982,1.0,0.487418407321983,64,64,64,256,0.29582832162480294,0.3797276688833788,4.640706191373572
s7204_r8_n750_a125,confirmatory,7204,8,0.75,0.125,joint_forward_feedback,balanced_interleaved_k1,balanced_interleaved,balanced,1,0.19088469787505546,0.125,0.6588469787505544,64,64,8,256,0.7040650761979181,0.7193358520279226,1.3474153182617497
s7204_r8_n750_a125,confirmatory,7204,8,0.75,0.125,joint_forward_feedback,balanced_interleaved_k2,balanced_interleaved,balanced,2,0.31588469787505546,0.25,0.6588469787505544,64,64,16,256,0.6543278369522346,0.6795986127822391,1.8926826360966054
s7204_r8_n750_a125,confirmatory,7204,8,0.75,0.125,joint_forward_feedback,balanced_interleaved_k4,balanced_interleaved,balanced,4,0.5658846978750555,0.5,0.6588469787505544,64,64,32,256,0.5340933712348575,0.5793641470648618,2.5810736949425035
s7204_r8_n750_a125,confirmatory,7204,8,0.75,0.125,joint_forward_feedback,balanced_interleaved_k8,balanced_interleaved,balanced,8,1.0658846978750554,1.0,0.6588469787505544,64,64,64,256,0.29679119808163246,0.3820619739116369,3.9846904687878784
s7204_r8_n750_a125,confirmatory,7204,8,0.75,0.125,joint_forward_feedback,balanced_permutation_a_k1,balanced_permutation_a,balanced,1,0.18899250811836066,0.125,0.6399250811836067,64,64,8,256,0.7035392649954841,0.718658665644953,1.3505358821516944
s7204_r8_n750_a125,confirmatory,7204,8,0.75,0.125,joint_forward_feedback,balanced_permutation_a_k2,balanced_permutation_a,balanced,2,0.31399250811836066,0.25,0.6399250811836067,64,64,16,256,0.65724174313415,0.6823611437836188,1.9103751507532227
s7204_r8_n750_a125,confirmatory,7204,8,0.75,0.125,joint_forward_feedback,balanced_permutation_a_k4,balanced_permutation_a,balanced,4,0.5639925081183607,0.5,0.6399250811836067,64,64,32,256,0.5388110709148984,0.5839304715643673,2.677151817316758
s7204_r8_n750_a125,confirmatory,7204,8,0.75,0.125,joint_forward_feedback,balanced_permutation_a_k8,balanced_permutation_a,balanced,8,1.0639925081183608,1.0,0.6399250811836067,64,64,64,256,0.29759285012721415,0.382712250776683,4.1041136345648095
s7204_r8_n750_a125,confirmatory,7204,8,0.75,0.125,joint_forward_feedback,balanced_permutation_b_k1,balanced_permutation_b,balanced,1,0.18840039778945986,0.125,0.6340039778945984,64,64,8,256,0.7038293108546751,0.7189013426778319,1.350815393184831
s7204_r8_n750_a125,confirmatory,7204,8,0.75,0.125,joint_forward_feedback,balanced_permutation_b_k2,balanced_permutation_b,balanced,2,0.31340039778945983,0.25,0.6340039778945984,64,64,16,256,0.6446894978084148,0.6697615296315715,1.9101331666631465
s7204_r8_n750_a125,confirmatory,7204,8,0.75,0.125,joint_forward_feedback,balanced_permutation_b_k4,balanced_permutation_b,balanced,4,0.5634003977894598,0.5,0.6340039778945984,64,64,32,256,0.5337549896663014,0.5788270214894582,2.7696152037076844
s7204_r8_n750_a125,confirmatory,7204,8,0.75,0.125,joint_forward_feedback,balanced_permutation_b_k8,balanced_permutation_b,balanced,8,1.06340039778946,1.0,0.6340039778945984,64,64,64,256,0.29722826189574436,0.3823002937189012,4.082301440807353
s7204_r8_n750_a125,confirmatory,7204,8,0.75,0.125,joint_forward_feedback,comb_contiguous_k1,comb_contiguous,comb,1,0.225,0.125,1.0,64,64,8,256,0.7035610919613762,0.7215610919613762,1.2723979172698825
s7204_r8_n750_a125,confirmatory,7204,8,0.75,0.125,joint_forward_feedback,comb_contiguous_k2,comb_contiguous,comb,2,0.35,0.25,1.0,64,64,16,256,0.6389883684924031,0.6669883684924032,1.7655133429237864
s7204_r8_n750_a125,confirmatory,7204,8,0.75,0.125,joint_forward_feedback,comb_contiguous_k4,comb_contiguous,comb,4,0.6,0.5,1.0,64,64,32,256,0.5193172343495471,0.5673172343495472,2.399856822631221
s7204_r8_n750_a125,confirmatory,7204,8,0.75,0.125,joint_forward_feedback,comb_contiguous_k8,comb_contiguous,comb,8,1.1,1.0,1.0,64,64,64,256,0.29710685489621386,0.3851068548962139,3.892254335923476
s7204_r8_n750_a375,confirmatory,7204,8,0.75,0.375,feedback_only,balanced_contiguous_k1,balanced_contiguous,balanced,1,0.1737418407321983,0.125,0.487418407321983,64,64,8,16,0.7128189577171202,0.7267183049756961,0.5175346519833876
s7204_r8_n750_a375,confirmatory,7204,8,0.75,0.375,feedback_only,balanced_contiguous_k2,balanced_contiguous,balanced,2,0.2987418407321983,0.25,0.487418407321983,64,64,16,16,0.6780617363002712,0.7019610835588471,0.7327096432715692
s7204_r8_n750_a375,confirmatory,7204,8,0.75,0.375,feedback_only,balanced_contiguous_k4,balanced_contiguous,balanced,4,0.5487418407321983,0.5,0.487418407321983,64,64,32,16,0.5884047320969175,0.6323040793554934,1.1469879601615551
s7204_r8_n750_a375,confirmatory,7204,8,0.75,0.375,feedback_only,balanced_contiguous_k8,balanced_contiguous,balanced,8,1.0487418407321982,1.0,0.487418407321983,64,64,64,16,0.4131242919306928,0.4970236391892686,1.5174469286505512
s7204_r8_n750_a375,confirmatory,7204,8,0.75,0.375,feedback_only,balanced_interleaved_k1,balanced_interleaved,balanced,1,0.19088469787505546,0.125,0.6588469787505544,64,64,8,16,0.7128189577171202,0.7280897335471247,0.5175346519833876
s7204_r8_n750_a375,confirmatory,7204,8,0.75,0.375,feedback_only,balanced_interleaved_k2,balanced_interleaved,balanced,2,0.31588469787505546,0.25,0.6588469787505544,64,64,16,16,0.6592637791138303,0.6845345549438347,0.7378764612536973
s7204_r8_n750_a375,confirmatory,7204,8,0.75,0.375,feedback_only,balanced_interleaved_k4,balanced_interleaved,balanced,4,0.5658846978750555,0.5,0.6588469787505544,64,64,32,16,0.5942021031041385,0.6394728789341428,1.0673203135493556
s7204_r8_n750_a375,confirmatory,7204,8,0.75,0.375,feedback_only,balanced_interleaved_k8,balanced_interleaved,balanced,8,1.0658846978750554,1.0,0.6588469787505544,64,64,64,16,0.4131242919306928,0.4983950677606972,1.5174469286505512
s7204_r8_n750_a375,confirmatory,7204,8,0.75,0.375,feedback_only,balanced_permutation_a_k1,balanced_permutation_a,balanced,1,0.18899250811836066,0.125,0.6399250811836067,64,64,8,16,0.7128189577171202,0.727938358366589,0.5175346519833876
s7204_r8_n750_a375,confirmatory,7204,8,0.75,0.375,feedback_only,balanced_permutation_a_k2,balanced_permutation_a,balanced,2,0.31399250811836066,0.25,0.6399250811836067,64,64,16,16,0.6674103412094203,0.6925297418588892,0.7569748679468853
s7204_r8_n750_a375,confirmatory,7204,8,0.75,0.375,feedback_only,balanced_permutation_a_k4,balanced_permutation_a,balanced,4,0.5639925081183607,0.5,0.6399250811836067,64,64,32,16,0.5862702563142587,0.6313896569637275,1.0471163123606355
s7204_r8_n750_a375,confirmatory,7204,8,0.75,0.375,feedback_only,balanced_permutation_a_k8,balanced_permutation_a,balanced,8,1.0639925081183608,1.0,0.6399250811836067,64,64,64,16,0.4131242919306928,0.49824369258016166,1.5174469286505512
s7204_r8_n750_a375,confirmatory,7204,8,0.75,0.375,feedback_only,balanced_permutation_b_k1,balanced_permutation_b,balanced,1,0.18840039778945986,0.125,0.6340039778945984,64,64,8,16,0.7128189577171202,0.727890989540277,0.5175346519833876
s7204_r8_n750_a375,confirmatory,7204,8,0.75,0.375,feedback_only,balanced_permutation_b_k2,balanced_permutation_b,balanced,2,0.31340039778945983,0.25,0.6340039778945984,64,64,16,16,0.663744231444318,0.6888162632674748,0.7549853615078755
s7204_r8_n750_a375,confirmatory,7204,8,0.75,0.375,feedback_only,balanced_permutation_b_k4,balanced_permutation_b,balanced,4,0.5634003977894598,0.5,0.6340039778945984,64,64,32,16,0.5681199950040047,0.6131920268271615,1.1715491389552826
s7204_r8_n750_a375,confirmatory,7204,8,0.75,0.375,feedback_only,balanced_permutation_b_k8,balanced_permutation_b,balanced,8,1.06340039778946,1.0,0.6340039778945984,64,64,64,16,0.4131242919306928,0.4981963237538496,1.5174469286505512
s7204_r8_n750_a375,confirmatory,7204,8,0.75,0.375,feedback_only,comb_contiguous_k1,comb_contiguous,comb,1,0.225,0.125,1.0,64,64,8,16,0.7128189577171202,0.7308189577171202,0.5175346519833876
s7204_r8_n750_a375,confirmatory,7204,8,0.75,0.375,feedback_only,comb_contiguous_k2,comb_contiguous,comb,2,0.35,0.25,1.0,64,64,16,16,0.6658827681138659,0.693882768113866,0.7335378515558111
s7204_r8_n750_a375,confirmatory,7204,8,0.75,0.375,feedback_only,comb_contiguous_k4,comb_contiguous,comb,4,0.6,0.5,1.0,64,64,32,16,0.580541610702562,0.6285416107025621,1.0779218271450113
s7204_r8_n750_a375,confirmatory,7204,8,0.75,0.375,feedback_only,comb_contiguous_k8,comb_contiguous,comb,8,1.1,1.0,1.0,64,64,64,16,0.4131242919306928,0.5011242919306927,1.5174469286505512
s7204_r8_n750_a375,confirmatory,7204,8,0.75,0.375,feedback_only,balanced_contiguous_k1,balanced_contiguous,balanced,1,0.1737418407321983,0.125,0.487418407321983,64,64,8,64,0.7046961779556132,0.7185955252141891,1.1820334119808837
s7204_r8_n750_a375,confirmatory,7204,8,0.75,0.375,feedback_only,balanced_contiguous_k2,balanced_contiguous,balanced,2,0.2987418407321983,0.25,0.487418407321983,64,64,16,64,0.6541834781674671,0.678082825426043,1.5832215463815549
s7204_r8_n750_a375,confirmatory,7204,8,0.75,0.375,feedback_only,balanced_contiguous_k4,balanced_contiguous,balanced,4,0.5487418407321983,0.5,0.487418407321983,64,64,32,64,0.5407459838129611,0.584645331071537,2.0577696403214656
s7204_r8_n750_a375,confirmatory,7204,8,0.75,0.375,feedback_only,balanced_contiguous_k8,balanced_contiguous,balanced,8,1.0487418407321982,1.0,0.487418407321983,64,64,64,64,0.3037354792701024,0.38763482652867826,2.711206075451407
s7204_r8_n750_a375,confirmatory,7204,8,0.75,0.375,feedback_only,balanced_interleaved_k1,balanced_interleaved,balanced,1,0.19088469787505546,0.125,0.6588469787505544,64,64,8,64,0.7046961779556132,0.7199669537856177,1.1820334119808837
s7204_r8_n750_a375,confirmatory,7204,8,0.75,0.375,feedback_only,balanced_interleaved_k2,balanced_interleaved,balanced,2,0.31588469787505546,0.25,0.6588469787505544,64,64,16,64,0.6310733010585083,0.6563440768885128,1.5240167029147595
s7204_r8_n750_a375,confirmatory,7204,8,0.75,0.375,feedback_only,balanced_interleaved_k4,balanced_interleaved,balanced,4,0.5658846978750555,0.5,0.6588469787505544,64,64,32,64,0.5337980193338256,0.57906879516383,1.975085859500535
s7204_r8_n750_a375,confirmatory,7204,8,0.75,0.375,feedback_only,balanced_interleaved_k8,balanced_interleaved,balanced,8,1.0658846978750554,1.0,0.6588469787505544,64,64,64,64,0.3037354792701024,0.38900625510010683,2.711206075451407
s7204_r8_n750_a375,confirmatory,7204,8,0.75,0.375,feedback_only,balanced_permutation_a_k1,balanced_permutation_a,balanced,1,0.18899250811836066,0.125,0.6399250811836067,64,64,8,64,0.7046961779556132,0.719815578605082,1.1820334119808837
s7204_r8_n750_a375,confirmatory,7204,8,0.75,0.375,feedback_only,balanced_permutation_a_k2,balanced_permutation_a,balanced,2,0.31399250811836066,0.25,0.6399250811836067,64,64,16,64,0.6566409077630337,0.6817603084125026,1.5159943205050146
s7204_r8_n750_a375,confirmatory,7204,8,0.75,0.375,feedback_only,balanced_permutation_a_k4,balanced_permutation_a,balanced,4,0.5639925081183607,0.5,0.6399250811836067,64,64,32,64,0.5403783209073154,0.5854977215567843,1.9448081485784305
s7204_r8_n750_a375,confirmatory,7204,8,0.75,0.375,feedback_only,balanced_permutation_a_k8,balanced_permutation_a,balanced,8,1.0639925081183608,1.0,0.6399250811836067,64,64,64,64,0.3037354792701024,0.3888548799195713,2.711206075451407
s7204_r8_n750_a375,confirmatory,7204,8,0.75,0.375,feedback_only,balanced_permutation_b_k1,balanced_permutation_b,balanced,1,0.18840039778945986,0.125,0.6340039778945984,64,64,8,64,0.7046961779556132,0.71976820977877,1.1820334119808837
s7204_r8_n750_a375,confirmatory,7204,8,0.75,0.375,feedback_only,balanced_permutation_b_k2,balanced_permutation_b,balanced,2,0.31340039778945983,0.25,0.6340039778945984,64,64,16,64,0.6515783507046622,0.676650382527819,1.475515051990929
s7204_r8_n750_a375,confirmatory,7204,8,0.75,0.375,feedback_only,balanced_permutation_b_k4,balanced_permutation_b,balanced,4,0.5634003977894598,0.5,0.6340039778945984,64,64,32,64,0.5454204090037424,0.5904924408268992,2.135668961233511
s7204_r8_n750_a375,confirmatory,7204,8,0.75,0.375,feedback_only,balanced_permutation_b_k8,balanced_permutation_b,balanced,8,1.06340039778946,1.0,0.6340039778945984,64,64,64,64,0.3037354792701024,0.38880751109325923,2.711206075451407
s7204_r8_n750_a375,confirmatory,7204,8,0.75,0.375,feedback_only,comb_contiguous_k1,comb_contiguous,comb,1,0.225,0.125,1.0,64,64,8,64,0.7046961779556132,0.7226961779556133,1.1820334119808837
s7204_r8_n750_a375,confirmatory,7204,8,0.75,0.375,feedback_only,comb_contiguous_k2,comb_contiguous,comb,2,0.35,0.25,1.0,64,64,16,64,0.6483257279423573,0.6763257279423573,1.5140869236803067
s7204_r8_n750_a375,confirmatory,7204,8,0.75,0.375,feedback_only,comb_contiguous_k4,comb_contiguous,comb,4,0.6,0.5,1.0,64,64,32,64,0.5318593690089486,0.5798593690089486,1.9425461301354001
s7204_r8_n750_a375,confirmatory,7204,8,0.75,0.375,feedback_only,comb_contiguous_k8,comb_contiguous,comb,8,1.1,1.0,1.0,64,64,64,64,0.3037354792701024,0.39173547927010244,2.711206075451407
s7204_r8_n750_a375,confirmatory,7204,8,0.75,0.375,feedback_only,balanced_contiguous_k1,balanced_contiguous,balanced,1,0.1737418407321983,0.125,0.487418407321983,64,64,8,256,0.6988380327629965,0.7127373800215724,0.9960529999169356
s7204_r8_n750_a375,confirmatory,7204,8,0.75,0.375,feedback_only,balanced_contiguous_k2,balanced_contiguous,balanced,2,0.2987418407321983,0.25,0.487418407321983,64,64,16,256,0.6444089554883976,0.6683083027469735,1.4004854265833735
s7204_r8_n750_a375,confirmatory,7204,8,0.75,0.375,feedback_only,balanced_contiguous_k4,balanced_contiguous,balanced,4,0.5487418407321983,0.5,0.487418407321983,64,64,32,256,0.5463476844142872,0.5902470316728631,2.0187693284981774
s7204_r8_n750_a375,confirmatory,7204,8,0.75,0.375,feedback_only,balanced_contiguous_k8,balanced_contiguous,balanced,8,1.0487418407321982,1.0,0.487418407321983,64,64,64,256,0.3043275577314792,0.388226904990055,2.879346730027927
s7204_r8_n750_a375,confirmatory,7204,8,0.75,0.375,feedback_only,balanced_interleaved_k1,balanced_interleaved,balanced,1,0.19088469787505546,0.125,0.6588469787505544,64,64,8,256,0.6988380327629965,0.714108808593001,0.9960529999169356
s7204_r8_n750_a375,confirmatory,7204,8,0.75,0.375,feedback_only,balanced_interleaved_k2,balanced_interleaved,balanced,2,0.31588469787505546,0.25,0.6588469787505544,64,64,16,256,0.6258747404650207,0.6511455162950252,1.3679510013164466
s7204_r8_n750_a375,confirmatory,7204,8,0.75,0.375,feedback_only,balanced_interleaved_k4,balanced_interleaved,balanced,4,0.5658846978750555,0.5,0.6588469787505544,64,64,32,256,0.5380335617239134,0.5833043375539178,1.9353420670582968
s7204_r8_n750_a375,confirmatory,7204,8,0.75,0.375,feedback_only,balanced_interleaved_k8,balanced_interleaved,balanced,8,1.0658846978750554,1.0,0.6588469787505544,64,64,64,256,0.3043275577314792,0.3895983335614836,2.879346730027927
s7204_r8_n750_a375,confirmatory,7204,8,0.75,0.375,feedback_only,balanced_permutation_a_k1,balanced_permutation_a,balanced,1,0.18899250811836066,0.125,0.6399250811836067,64,64,8,256,0.6988380327629965,0.7139574334124653,0.9960529999169356
s7204_r8_n750_a375,confirmatory,7204,8,0.75,0.375,feedback_only,balanced_permutation_a_k2,balanced_permutation_a,balanced,2,0.31399250811836066,0.25,0.6399250811836067,64,64,16,256,0.6479161574921347,0.6730355581416035,1.309954015566641
s7204_r8_n750_a375,confirmatory,7204,8,0.75,0.375,feedback_only,balanced_permutation_a_k4,balanced_permutation_a,balanced,4,0.5639925081183607,0.5,0.6399250811836067,64,64,32,256,0.5386798719754676,0.5837992726249365,1.9267090575624757
s7204_r8_n750_a375,confirmatory,7204,8,0.75,0.375,feedback_only,balanced_permutation_a_k8,balanced_permutation_a,balanced,8,1.0639925081183608,1.0,0.6399250811836067,64,64,64,256,0.3043275577314792,0.38944695838094806,2.879346730027927
s7204_r8_n750_a375,confirmatory,7204,8,0.75,0.375,feedback_only,balanced_permutation_b_k1,balanced_permutation_b,balanced,1,0.18840039778945986,0.125,0.6340039778945984,64,64,8,256,0.6988380327629965,0.7139100645861532,0.9960529999169356
s7204_r8_n750_a375,confirmatory,7204,8,0.75,0.375,feedback_only,balanced_permutation_b_k2,balanced_permutation_b,balanced,2,0.31340039778945983,0.25,0.6340039778945984,64,64,16,256,0.6432189418119232,0.6682909736350799,1.2916362768391003
s7204_r8_n750_a375,confirmatory,7204,8,0.75,0.375,feedback_only,balanced_permutation_b_k4,balanced_permutation_b,balanced,4,0.5634003977894598,0.5,0.6340039778945984,64,64,32,256,0.5388025709884711,0.5838746028116278,2.0161159772875283
s7204_r8_n750_a375,confirmatory,7204,8,0.75,0.375,feedback_only,balanced_permutation_b_k8,balanced_permutation_b,balanced,8,1.06340039778946,1.0,0.6340039778945984,64,64,64,256,0.3043275577314792,0.389399589554636,2.879346730027927
s7204_r8_n750_a375,confirmatory,7204,8,0.75,0.375,feedback_only,comb_contiguous_k1,comb_contiguous,comb,1,0.225,0.125,1.0,64,64,8,256,0.6988380327629965,0.7168380327629965,0.9960529999169356
s7204_r8_n750_a375,confirmatory,7204,8,0.75,0.375,feedback_only,comb_contiguous_k2,comb_contiguous,comb,2,0.35,0.25,1.0,64,64,16,256,0.6418319626378335,0.6698319626378335,1.3050172413574168
s7204_r8_n750_a375,confirmatory,7204,8,0.75,0.375,feedback_only,comb_contiguous_k4,comb_contiguous,comb,4,0.6,0.5,1.0,64,64,32,256,0.527590506350035,0.5755905063500351,1.8071870946711284
s7204_r8_n750_a375,confirmatory,7204,8,0.75,0.375,feedback_only,comb_contiguous_k8,comb_contiguous,comb,8,1.1,1.0,1.0,64,64,64,256,0.3043275577314792,0.3923275577314792,2.879346730027927
s7204_r8_n750_a375,confirmatory,7204,8,0.75,0.375,joint_forward_feedback,balanced_contiguous_k1,balanced_contiguous,balanced,1,0.1737418407321983,0.125,0.487418407321983,64,64,8,16,0.7252626663931641,0.73916201365174,0.4453795477709753
s7204_r8_n750_a375,confirmatory,7204,8,0.75,0.375,joint_forward_feedback,balanced_contiguous_k2,balanced_contiguous,balanced,2,0.2987418407321983,0.25,0.487418407321983,64,64,16,16,0.7012511398682114,0.7251504871267873,0.6128144822691807
s7204_r8_n750_a375,confirmatory,7204,8,0.75,0.375,joint_forward_feedback,balanced_contiguous_k4,balanced_contiguous,balanced,4,0.5487418407321983,0.5,0.487418407321983,64,64,32,16,0.6370839556740426,0.6809833029326186,0.9602951265745537
s7204_r8_n750_a375,confirmatory,7204,8,0.75,0.375,joint_forward_feedback,balanced_contiguous_k8,balanced_contiguous,balanced,8,1.0487418407321982,1.0,0.487418407321983,64,64,64,16,0.5618866201173114,0.6457859673758872,1.1745272474610422
s7204_r8_n750_a375,confirmatory,7204,8,0.75,0.375,joint_forward_feedback,balanced_interleaved_k1,balanced_interleaved,balanced,1,0.19088469787505546,0.125,0.6588469787505544,64,64,8,16,0.7219201158966578,0.7371908917266623,0.4679525942923354
s7204_r8_n750_a375,confirmatory,7204,8,0.75,0.375,joint_forward_feedback,balanced_interleaved_k2,balanced_interleaved,balanced,2,0.31588469787505546,0.25,0.6588469787505544,64,64,16,16,0.6806571861317313,0.7059279619617358,0.6603495578725065
s7204_r8_n750_a375,confirmatory,7204,8,0.75,0.375,joint_forward_feedback,balanced_interleaved_k4,balanced_interleaved,balanced,4,0.5658846978750555,0.5,0.6588469787505544,64,64,32,16,0.6268145167331856,0.6720852925631899,0.9654203720742941
s7204_r8_n750_a375,confirmatory,7204,8,0.75,0.375,joint_forward_feedback,balanced_interleaved_k8,balanced_interleaved,balanced,8,1.0658846978750554,1.0,0.6588469787505544,64,64,64,16,0.5096880730460813,0.5949588488760857,1.3042907754675914
s7204_r8_n750_a375,confirmatory,7204,8,0.75,0.375,joint_forward_feedback,balanced_permutation_a_k1,balanced_permutation_a,balanced,1,0.18899250811836066,0.125,0.6399250811836067,64,64,8,16,0.7221684004660738,0.7372878011155426,0.4663719510597849
s7204_r8_n750_a375,confirmatory,7204,8,0.75,0.375,joint_forward_feedback,balanced_permutation_a_k2,balanced_permutation_a,balanced,2,0.31399250811836066,0.25,0.6399250811836067,64,64,16,16,0.6862112268854577,0.7113306275349265,0.6787418296802024
s7204_r8_n750_a375,confirmatory,7204,8,0.75,0.375,joint_forward_feedback,balanced_permutation_a_k4,balanced_permutation_a,balanced,4,0.5639925081183607,0.5,0.6399250811836067,64,64,32,16,0.6258666777475659,0.6709860783970347,0.9343183080725973
s7204_r8_n750_a375,confirmatory,7204,8,0.75,0.375,joint_forward_feedback,balanced_permutation_a_k8,balanced_permutation_a,balanced,8,1.0639925081183608,1.0,0.6399250811836067,64,64,64,16,0.5124377936048237,0.5975571942542925,1.299796164038343
s7204_r8_n750_a375,confirmatory,7204,8,0.75,0.375,joint_forward_feedback,balanced_permutation_b_k1,balanced_permutation_b,balanced,1,0.18840039778945986,0.125,0.6340039778945984,64,64,8,16,0.7219023312401198,0.7369743630632766,0.47076244680362656
s7204_r8_n750_a375,confirmatory,7204,8,0.75,0.375,joint_forward_feedback,balanced_permutation_b_k2,balanced_permutation_b,balanced,2,0.31340039778945983,0.25,0.6340039778945984,64,64,16,16,0.6837532990947949,0.7088253309179516,0.6854965424135503
s7204_r8_n750_a375,confirmatory,7204,8,0.75,0.375,joint_forward_feedback,balanced_permutation_b_k4,balanced_permutation_b,balanced,4,0.5634003977894598,0.5,0.6340039778945984,64,64,32,16,0.6090962313895242,0.654168263212681,1.0438050518341992
s7204_r8_n750_a375,confirmatory,7204,8,0.75,0.375,joint_forward_feedback,balanced_permutation_b_k8,balanced_permutation_b,balanced,8,1.06340039778946,1.0,0.6340039778945984,64,64,64,16,0.5107069453658866,0.5957789771890434,1.310256550429821
s7204_r8_n750_a375,confirmatory,7204,8,0.75,0.375,joint_forward_feedback,comb_contiguous_k1,comb_contiguous,comb,1,0.225,0.125,1.0,64,64,8,16,0.7211588175373674,0.7391588175373675,0.4609219420315684
s7204_r8_n750_a375,confirmatory,7204,8,0.75,0.375,joint_forward_feedback,comb_contiguous_k2,comb_contiguous,comb,2,0.35,0.25,1.0,64,64,16,16,0.6791096830928195,0.7071096830928195,0.6787861482977097
s7204_r8_n750_a375,confirmatory,7204,8,0.75,0.375,joint_forward_feedback,comb_contiguous_k4,comb_contiguous,comb,4,0.6,0.5,1.0,64,64,32,16,0.6036619869707383,0.6516619869707383,1.0056802527112616
s7204_r8_n750_a375,confirmatory,7204,8,0.75,0.375,joint_forward_feedback,comb_contiguous_k8,comb_contiguous,comb,8,1.1,1.0,1.0,64,64,64,16,0.4924781227396584,0.5804781227396584,1.3275863169531357
s7204_r8_n750_a375,confirmatory,7204,8,0.75,0.375,joint_forward_feedback,balanced_contiguous_k1,balanced_contiguous,balanced,1,0.1737418407321983,0.125,0.487418407321983,64,64,8,64,0.7009442846116767,0.7148436318702526,1.2776844460283128
s7204_r8_n750_a375,confirmatory,7204,8,0.75,0.375,joint_forward_feedback,balanced_contiguous_k2,balanced_contiguous,balanced,2,0.2987418407321983,0.25,0.487418407321983,64,64,16,64,0.6510814924762263,0.6749808397348022,1.7255976767523107
s7204_r8_n750_a375,confirmatory,7204,8,0.75,0.375,joint_forward_feedback,balanced_contiguous_k4,balanced_contiguous,balanced,4,0.5487418407321983,0.5,0.487418407321983,64,64,32,64,0.5431745525604139,0.5870738998189898,2.314571762639162
s7204_r8_n750_a375,confirmatory,7204,8,0.75,0.375,joint_forward_feedback,balanced_contiguous_k8,balanced_contiguous,balanced,8,1.0487418407321982,1.0,0.487418407321983,64,64,64,64,0.3666531524391927,0.45055249969776856,2.9577115986877085
s7204_r8_n750_a375,confirmatory,7204,8,0.75,0.375,joint_forward_feedback,balanced_interleaved_k1,balanced_interleaved,balanced,1,0.19088469787505546,0.125,0.6588469787505544,64,64,8,64,0.7011335629042066,0.716404338734211,1.2679998124097276
s7204_r8_n750_a375,confirmatory,7204,8,0.75,0.375,joint_forward_feedback,balanced_interleaved_k2,balanced_interleaved,balanced,2,0.31588469787505546,0.25,0.6588469787505544,64,64,16,64,0.6296442797000963,0.6549150555301008,1.651595682889555
s7204_r8_n750_a375,confirmatory,7204,8,0.75,0.375,joint_forward_feedback,balanced_interleaved_k4,balanced_interleaved,balanced,4,0.5658846978750555,0.5,0.6588469787505544,64,64,32,64,0.5352208946704804,0.5804916705004848,2.1697684062079365
s7204_r8_n750_a375,confirmatory,7204,8,0.75,0.375,joint_forward_feedback,balanced_interleaved_k8,balanced_interleaved,balanced,8,1.0658846978750554,1.0,0.6588469787505544,64,64,64,64,0.3224315881189059,0.4077023639489103,3.00279860078994
s7204_r8_n750_a375,confirmatory,7204,8,0.75,0.375,joint_forward_feedback,balanced_permutation_a_k1,balanced_permutation_a,balanced,1,0.18899250811836066,0.125,0.6399250811836067,64,64,8,64,0.70082347133644,0.7159428719859088,1.2784775833581414
s7204_r8_n750_a375,confirmatory,7204,8,0.75,0.375,joint_forward_feedback,balanced_permutation_a_k2,balanced_permutation_a,balanced,2,0.31399250811836066,0.25,0.6399250811836067,64,64,16,64,0.6498981254738325,0.6750175261233013,1.6530109141243676
s7204_r8_n750_a375,confirmatory,7204,8,0.75,0.375,joint_forward_feedback,balanced_permutation_a_k4,balanced_permutation_a,balanced,4,0.5639925081183607,0.5,0.6399250811836067,64,64,32,64,0.5425880403440723,0.5877074409935411,2.135173744487406
s7204_r8_n750_a375,confirmatory,7204,8,0.75,0.375,joint_forward_feedback,balanced_permutation_a_k8,balanced_permutation_a,balanced,8,1.0639925081183608,1.0,0.6399250811836067,64,64,64,64,0.33168743768938935,0.41680683833885823,2.9724208343675076
s7204_r8_n750_a375,confirmatory,7204,8,0.75,0.375,joint_forward_feedback,balanced_permutation_b_k1,balanced_permutation_b,balanced,1,0.18840039778945986,0.125,0.6340039778945984,64,64,8,64,0.7004665490293274,0.7155385808524841,1.276420289982737
s7204_r8_n750_a375,confirmatory,7204,8,0.75,0.375,joint_forward_feedback,balanced_permutation_b_k2,balanced_permutation_b,balanced,2,0.31340039778945983,0.25,0.6340039778945984,64,64,16,64,0.6476576850215346,0.6727297168446914,1.6263451172546617
s7204_r8_n750_a375,confirmatory,7204,8,0.75,0.375,joint_forward_feedback,balanced_permutation_b_k4,balanced_permutation_b,balanced,4,0.5634003977894598,0.5,0.6340039778945984,64,64,32,64,0.5387540636750212,0.583826095498178,2.348670947736525
s7204_r8_n750_a375,confirmatory,7204,8,0.75,0.375,joint_forward_feedback,balanced_permutation_b_k8,balanced_permutation_b,balanced,8,1.06340039778946,1.0,0.6340039778945984,64,64,64,64,0.3306670779120875,0.4157391097352443,2.991717793461753
s7204_r8_n750_a375,confirmatory,7204,8,0.75,0.375,joint_forward_feedback,comb_contiguous_k1,comb_contiguous,comb,1,0.225,0.125,1.0,64,64,8,64,0.70126306962583,0.71926306962583,1.2349597960415593
s7204_r8_n750_a375,confirmatory,7204,8,0.75,0.375,joint_forward_feedback,comb_contiguous_k2,comb_contiguous,comb,2,0.35,0.25,1.0,64,64,16,64,0.6451460794610107,0.6731460794610107,1.5893992443187541
s7204_r8_n750_a375,confirmatory,7204,8,0.75,0.375,joint_forward_feedback,comb_contiguous_k4,comb_contiguous,comb,4,0.6,0.5,1.0,64,64,32,64,0.5301133329672167,0.5781133329672168,2.1030686048998253
s7204_r8_n750_a375,confirmatory,7204,8,0.75,0.375,joint_forward_feedback,comb_contiguous_k8,comb_contiguous,comb,8,1.1,1.0,1.0,64,64,64,64,0.3199784269117778,0.4079784269117778,2.9443658487024167
s7204_r8_n750_a375,confirmatory,7204,8,0.75,0.375,joint_forward_feedback,balanced_contiguous_k1,balanced_contiguous,balanced,1,0.1737418407321983,0.125,0.487418407321983,64,64,8,256,0.6999858938771844,0.7138852411357602,1.3520220386783015
s7204_r8_n750_a375,confirmatory,7204,8,0.75,0.375,joint_forward_feedback,balanced_contiguous_k2,balanced_contiguous,balanced,2,0.2987418407321983,0.25,0.487418407321983,64,64,16,256,0.6443566744759677,0.6682560217345436,1.9316201153032164
s7204_r8_n750_a375,confirmatory,7204,8,0.75,0.375,joint_forward_feedback,balanced_contiguous_k4,balanced_contiguous,balanced,4,0.5487418407321983,0.5,0.487418407321983,64,64,32,256,0.5386188888160097,0.5825182360745856,2.8174992417980387
s7204_r8_n750_a375,confirmatory,7204,8,0.75,0.375,joint_forward_feedback,balanced_contiguous_k8,balanced_contiguous,balanced,8,1.0487418407321982,1.0,0.487418407321983,64,64,64,256,0.29674834845916614,0.380647695717742,4.528371480706664
s7204_r8_n750_a375,confirmatory,7204,8,0.75,0.375,joint_forward_feedback,balanced_interleaved_k1,balanced_interleaved,balanced,1,0.19088469787505546,0.125,0.6588469787505544,64,64,8,256,0.6997723927576616,0.715043168587666,1.2418363347197188
s7204_r8_n750_a375,confirmatory,7204,8,0.75,0.375,joint_forward_feedback,balanced_interleaved_k2,balanced_interleaved,balanced,2,0.31588469787505546,0.25,0.6588469787505544,64,64,16,256,0.6251062967212087,0.6503770725512131,1.7328046573956701
s7204_r8_n750_a375,confirmatory,7204,8,0.75,0.375,joint_forward_feedback,balanced_interleaved_k4,balanced_interleaved,balanced,4,0.5658846978750555,0.5,0.6588469787505544,64,64,32,256,0.5329045248087383,0.5781753006387427,2.4855483227193016
s7204_r8_n750_a375,confirmatory,7204,8,0.75,0.375,joint_forward_feedback,balanced_interleaved_k8,balanced_interleaved,balanced,8,1.0658846978750554,1.0,0.6588469787505544,64,64,64,256,0.2971197271228785,0.3823905029528829,3.9002808598324625
s7204_r8_n750_a375,confirmatory,7204,8,0.75,0.375,joint_forward_feedback,balanced_permutation_a_k1,balanced_permutation_a,balanced,1,0.18899250811836066,0.125,0.6399250811836067,64,64,8,256,0.7002178209095946,0.7153372215590634,1.2589129001523778
s7204_r8_n750_a375,confirmatory,7204,8,0.75,0.375,joint_forward_feedback,balanced_permutation_a_k2,balanced_permutation_a,balanced,2,0.31399250811836066,0.25,0.6399250811836067,64,64,16,256,0.6478649362116783,0.6729843368611471,1.6909435418240188
s7204_r8_n750_a375,confirmatory,7204,8,0.75,0.375,joint_forward_feedback,balanced_permutation_a_k4,balanced_permutation_a,balanced,4,0.5639925081183607,0.5,0.6399250811836067,64,64,32,256,0.5347236003838619,0.5798430010333308,2.448937055983241
s7204_r8_n750_a375,confirmatory,7204,8,0.75,0.375,joint_forward_feedback,balanced_permutation_a_k8,balanced_permutation_a,balanced,8,1.0639925081183608,1.0,0.6399250811836067,64,64,64,256,0.29709815784946386,0.38221755849893274,4.005072237571236
s7204_r8_n750_a375,confirmatory,7204,8,0.75,0.375,joint_forward_feedback,balanced_permutation_b_k1,balanced_permutation_b,balanced,1,0.18840039778945986,0.125,0.6340039778945984,64,64,8,256,0.6996860406902998,0.7147580725134566,1.2548713293490343
s7204_r8_n750_a375,confirmatory,7204,8,0.75,0.375,joint_forward_feedback,balanced_permutation_b_k2,balanced_permutation_b,balanced,2,0.31340039778945983,0.25,0.6340039778945984,64,64,16,256,0.6426254671961991,0.6676974990193558,1.659233134727102
s7204_r8_n750_a375,confirmatory,7204,8,0.75,0.375,joint_forward_feedback,balanced_permutation_b_k4,balanced_permutation_b,balanced,4,0.5634003977894598,0.5,0.6340039778945984,64,64,32,256,0.5374014318011726,0.5824734636243294,2.628947638214389
s7204_r8_n750_a375,confirmatory,7204,8,0.75,0.375,joint_forward_feedback,balanced_permutation_b_k8,balanced_permutation_b,balanced,8,1.06340039778946,1.0,0.6340039778945984,64,64,64,256,0.2973910939458433,0.3824631257690001,3.9731177594172955
s7204_r8_n750_a375,confirmatory,7204,8,0.75,0.375,joint_forward_feedback,comb_contiguous_k1,comb_contiguous,comb,1,0.225,0.125,1.0,64,64,8,256,0.6990532312293408,0.7170532312293408,1.1631539057444067
s7204_r8_n750_a375,confirmatory,7204,8,0.75,0.375,joint_forward_feedback,comb_contiguous_k2,comb_contiguous,comb,2,0.35,0.25,1.0,64,64,16,256,0.6404618786249172,0.6684618786249172,1.5289288029649302
s7204_r8_n750_a375,confirmatory,7204,8,0.75,0.375,joint_forward_feedback,comb_contiguous_k4,comb_contiguous,comb,4,0.6,0.5,1.0,64,64,32,256,0.5257034182418265,0.5737034182418266,2.155673888542353
s7204_r8_n750_a375,confirmatory,7204,8,0.75,0.375,joint_forward_feedback,comb_contiguous_k8,comb_contiguous,comb,8,1.1,1.0,1.0,64,64,64,256,0.29702973507785224,0.38502973507785226,3.830084248433087
