task_id,split,seed,rank,noise_sd,angle_pi,arm,candidate_id,tree_id,shape,budget_k,resource_cost,channel_cost,cable_cost,parameter_count,decoder_coefficients,encoder_coefficients,regime,checkpoint,test_loss,population_loss
s9316_r1_n000_a125,confirmatory,9316,1,0.0,0.125,feedback_only,balanced_contiguous_k1,balanced_contiguous,balanced,1,0.1737418407321983,0.125,0.487418407321983,64,64,8,fixed_cache,16,1.0306812764185045e-05,1.0205022126467633e-05
s9316_r1_n000_a125,confirmatory,9316,1,0.0,0.125,feedback_only,balanced_contiguous_k2,balanced_contiguous,balanced,2,0.2987418407321983,0.25,0.487418407321983,64,64,16,fixed_cache,16,7.44674635835672e-06,7.377648041943496e-06
s9316_r1_n000_a125,confirmatory,9316,1,0.0,0.125,feedback_only,balanced_contiguous_k4,balanced_contiguous,balanced,4,0.5487418407321983,0.5,0.487418407321983,64,64,32,fixed_cache,16,6.793533649857154e-06,6.731720060436993e-06
s9316_r1_n000_a125,confirmatory,9316,1,0.0,0.125,feedback_only,balanced_contiguous_k8,balanced_contiguous,balanced,8,1.0487418407321982,1.0,0.487418407321983,64,64,64,fixed_cache,16,1.4718426276323954e-06,1.46387135257495e-06
s9316_r1_n000_a125,confirmatory,9316,1,0.0,0.125,feedback_only,balanced_interleaved_k1,balanced_interleaved,balanced,1,0.19088469787505546,0.125,0.6588469787505544,64,64,8,fixed_cache,16,1.0306812764185045e-05,1.0205022126467633e-05
s9316_r1_n000_a125,confirmatory,9316,1,0.0,0.125,feedback_only,balanced_interleaved_k2,balanced_interleaved,balanced,2,0.31588469787505546,0.25,0.6588469787505544,64,64,16,fixed_cache,16,9.898228706950487e-06,9.801174067837072e-06
s9316_r1_n000_a125,confirmatory,9316,1,0.0,0.125,feedback_only,balanced_interleaved_k4,balanced_interleaved,balanced,4,0.5658846978750555,0.5,0.6588469787505544,64,64,32,fixed_cache,16,7.294532043008985e-06,7.2271385021415095e-06
s9316_r1_n000_a125,confirmatory,9316,1,0.0,0.125,feedback_only,balanced_interleaved_k8,balanced_interleaved,balanced,8,1.0658846978750554,1.0,0.6588469787505544,64,64,64,fixed_cache,16,1.4718426276323954e-06,1.46387135257495e-06
s9316_r1_n000_a125,confirmatory,9316,1,0.0,0.125,feedback_only,balanced_permutation_a_k1,balanced_permutation_a,balanced,1,0.18899250811836066,0.125,0.6399250811836067,64,64,8,fixed_cache,16,1.0306812764185045e-05,1.0205022126467633e-05
s9316_r1_n000_a125,confirmatory,9316,1,0.0,0.125,feedback_only,balanced_permutation_a_k2,balanced_permutation_a,balanced,2,0.31399250811836066,0.25,0.6399250811836067,64,64,16,fixed_cache,16,7.254112089397414e-06,7.187170527721237e-06
s9316_r1_n000_a125,confirmatory,9316,1,0.0,0.125,feedback_only,balanced_permutation_a_k4,balanced_permutation_a,balanced,4,0.5639925081183607,0.5,0.6399250811836067,64,64,32,fixed_cache,16,3.571919584394655e-06,3.5444080575444103e-06
s9316_r1_n000_a125,confirmatory,9316,1,0.0,0.125,feedback_only,balanced_permutation_a_k8,balanced_permutation_a,balanced,8,1.0639925081183608,1.0,0.6399250811836067,64,64,64,fixed_cache,16,1.4718426276323954e-06,1.46387135257495e-06
s9316_r1_n000_a125,confirmatory,9316,1,0.0,0.125,feedback_only,balanced_permutation_b_k1,balanced_permutation_b,balanced,1,0.18840039778945986,0.125,0.6340039778945984,64,64,8,fixed_cache,16,1.0306812764185045e-05,1.0205022126467633e-05
s9316_r1_n000_a125,confirmatory,9316,1,0.0,0.125,feedback_only,balanced_permutation_b_k2,balanced_permutation_b,balanced,2,0.31340039778945983,0.25,0.6340039778945984,64,64,16,fixed_cache,16,4.6157829389722656e-06,4.577531710090115e-06
s9316_r1_n000_a125,confirmatory,9316,1,0.0,0.125,feedback_only,balanced_permutation_b_k4,balanced_permutation_b,balanced,4,0.5634003977894598,0.5,0.6340039778945984,64,64,32,fixed_cache,16,4.072395439260115e-06,4.039792530991034e-06
s9316_r1_n000_a125,confirmatory,9316,1,0.0,0.125,feedback_only,balanced_permutation_b_k8,balanced_permutation_b,balanced,8,1.06340039778946,1.0,0.6340039778945984,64,64,64,fixed_cache,16,1.4718426276323954e-06,1.46387135257495e-06
s9316_r1_n000_a125,confirmatory,9316,1,0.0,0.125,feedback_only,comb_contiguous_k1,comb_contiguous,comb,1,0.225,0.125,1.0,64,64,8,fixed_cache,16,1.0306812764185045e-05,1.0205022126467633e-05
s9316_r1_n000_a125,confirmatory,9316,1,0.0,0.125,feedback_only,comb_contiguous_k2,comb_contiguous,comb,2,0.35,0.25,1.0,64,64,16,fixed_cache,16,9.565004824614074e-06,9.47179838346648e-06
s9316_r1_n000_a125,confirmatory,9316,1,0.0,0.125,feedback_only,comb_contiguous_k4,comb_contiguous,comb,4,0.6,0.5,1.0,64,64,32,fixed_cache,16,9.095796263751322e-06,9.007985176294048e-06
s9316_r1_n000_a125,confirmatory,9316,1,0.0,0.125,feedback_only,comb_contiguous_k8,comb_contiguous,comb,8,1.1,1.0,1.0,64,64,64,fixed_cache,16,1.4718426276323954e-06,1.46387135257495e-06
s9316_r1_n000_a125,confirmatory,9316,1,0.0,0.125,feedback_only,balanced_contiguous_k1,balanced_contiguous,balanced,1,0.1737418407321983,0.125,0.487418407321983,64,64,8,fixed_cache,64,1.8765652908869574e-18,1.8368903097786703e-18
s9316_r1_n000_a125,confirmatory,9316,1,0.0,0.125,feedback_only,balanced_contiguous_k2,balanced_contiguous,balanced,2,0.2987418407321983,0.25,0.487418407321983,64,64,16,fixed_cache,64,4.493423918567395e-19,4.397933530345632e-19
s9316_r1_n000_a125,confirmatory,9316,1,0.0,0.125,feedback_only,balanced_contiguous_k4,balanced_contiguous,balanced,4,0.5487418407321983,0.5,0.487418407321983,64,64,32,fixed_cache,64,2.990493912645038e-19,2.9268625904904536e-19
s9316_r1_n000_a125,confirmatory,9316,1,0.0,0.125,feedback_only,balanced_contiguous_k8,balanced_contiguous,balanced,8,1.0487418407321982,1.0,0.487418407321983,64,64,64,fixed_cache,64,2.393356463795189e-22,2.3421112895597415e-22
s9316_r1_n000_a125,confirmatory,9316,1,0.0,0.125,feedback_only,balanced_interleaved_k1,balanced_interleaved,balanced,1,0.19088469787505546,0.125,0.6588469787505544,64,64,8,fixed_cache,64,1.8765652908869574e-18,1.8368903097786703e-18
s9316_r1_n000_a125,confirmatory,9316,1,0.0,0.125,feedback_only,balanced_interleaved_k2,balanced_interleaved,balanced,2,0.31588469787505546,0.25,0.6588469787505544,64,64,16,fixed_cache,64,1.572275828201914e-18,1.5390111014666048e-18
s9316_r1_n000_a125,confirmatory,9316,1,0.0,0.125,feedback_only,balanced_interleaved_k4,balanced_interleaved,balanced,4,0.5658846978750555,0.5,0.6588469787505544,64,64,32,fixed_cache,64,4.1007024414776105e-19,4.013532553296757e-19
s9316_r1_n000_a125,confirmatory,9316,1,0.0,0.125,feedback_only,balanced_interleaved_k8,balanced_interleaved,balanced,8,1.0658846978750554,1.0,0.6588469787505544,64,64,64,fixed_cache,64,2.393356463795189e-22,2.3421112895597415e-22
s9316_r1_n000_a125,confirmatory,9316,1,0.0,0.125,feedback_only,balanced_permutation_a_k1,balanced_permutation_a,balanced,1,0.18899250811836066,0.125,0.6399250811836067,64,64,8,fixed_cache,64,1.8765652908869574e-18,1.8368903097786703e-18
s9316_r1_n000_a125,confirmatory,9316,1,0.0,0.125,feedback_only,balanced_permutation_a_k2,balanced_permutation_a,balanced,2,0.31399250811836066,0.25,0.6399250811836067,64,64,16,fixed_cache,64,4.000974440341932e-19,3.9159178692004813e-19
s9316_r1_n000_a125,confirmatory,9316,1,0.0,0.125,feedback_only,balanced_permutation_a_k4,balanced_permutation_a,balanced,4,0.5639925081183607,0.5,0.6399250811836067,64,64,32,fixed_cache,64,1.6403174687743852e-20,1.6051944641804796e-20
s9316_r1_n000_a125,confirmatory,9316,1,0.0,0.125,feedback_only,balanced_permutation_a_k8,balanced_permutation_a,balanced,8,1.0639925081183608,1.0,0.6399250811836067,64,64,64,fixed_cache,64,2.393356463795189e-22,2.3421112895597415e-22
s9316_r1_n000_a125,confirmatory,9316,1,0.0,0.125,feedback_only,balanced_permutation_b_k1,balanced_permutation_b,balanced,1,0.18840039778945986,0.125,0.6340039778945984,64,64,8,fixed_cache,64,1.8765652908869574e-18,1.8368903097786703e-18
s9316_r1_n000_a125,confirmatory,9316,1,0.0,0.125,feedback_only,balanced_permutation_b_k2,balanced_permutation_b,balanced,2,0.31340039778945983,0.25,0.6340039778945984,64,64,16,fixed_cache,64,5.2839233828736825e-20,5.171005053377132e-20
s9316_r1_n000_a125,confirmatory,9316,1,0.0,0.125,feedback_only,balanced_permutation_b_k4,balanced_permutation_b,balanced,4,0.5634003977894598,0.5,0.6340039778945984,64,64,32,fixed_cache,64,2.9904036354214155e-20,2.926430531787858e-20
s9316_r1_n000_a125,confirmatory,9316,1,0.0,0.125,feedback_only,balanced_permutation_b_k8,balanced_permutation_b,balanced,8,1.06340039778946,1.0,0.6340039778945984,64,64,64,fixed_cache,64,2.393356463795189e-22,2.3421112895597415e-22
s9316_r1_n000_a125,confirmatory,9316,1,0.0,0.125,feedback_only,comb_contiguous_k1,comb_contiguous,comb,1,0.225,0.125,1.0,64,64,8,fixed_cache,64,1.8765652908869574e-18,1.8368903097786703e-18
s9316_r1_n000_a125,confirmatory,9316,1,0.0,0.125,feedback_only,comb_contiguous_k2,comb_contiguous,comb,2,0.35,0.25,1.0,64,64,16,fixed_cache,64,1.3532862093624554e-18,1.3246381393702295e-18
s9316_r1_n000_a125,confirmatory,9316,1,0.0,0.125,feedback_only,comb_contiguous_k4,comb_contiguous,comb,4,0.6,0.5,1.0,64,64,32,fixed_cache,64,1.0853275143586551e-18,1.0623329400656809e-18
s9316_r1_n000_a125,confirmatory,9316,1,0.0,0.125,feedback_only,comb_contiguous_k8,comb_contiguous,comb,8,1.1,1.0,1.0,64,64,64,fixed_cache,64,2.393356463795189e-22,2.3421112895597415e-22
s9316_r1_n000_a125,confirmatory,9316,1,0.0,0.125,feedback_only,balanced_contiguous_k1,balanced_contiguous,balanced,1,0.1737418407321983,0.125,0.487418407321983,64,64,8,fixed_cache,256,4.120814461018775e-32,9.828261247451113e-33
s9316_r1_n000_a125,confirmatory,9316,1,0.0,0.125,feedback_only,balanced_contiguous_k2,balanced_contiguous,balanced,2,0.2987418407321983,0.25,0.487418407321983,64,64,16,fixed_cache,256,4.4012954722637323e-32,5.278251753836268e-33
s9316_r1_n000_a125,confirmatory,9316,1,0.0,0.125,feedback_only,balanced_contiguous_k4,balanced_contiguous,balanced,4,0.5487418407321983,0.5,0.487418407321983,64,64,32,fixed_cache,256,4.207267043102311e-32,1.0293192773088344e-32
s9316_r1_n000_a125,confirmatory,9316,1,0.0,0.125,feedback_only,balanced_contiguous_k8,balanced_contiguous,balanced,8,1.0487418407321982,1.0,0.487418407321983,64,64,64,fixed_cache,256,4.2232541353373946e-32,4.68392181006052e-33
s9316_r1_n000_a125,confirmatory,9316,1,0.0,0.125,feedback_only,balanced_interleaved_k1,balanced_interleaved,balanced,1,0.19088469787505546,0.125,0.6588469787505544,64,64,8,fixed_cache,256,4.120814461018775e-32,9.828261247451113e-33
s9316_r1_n000_a125,confirmatory,9316,1,0.0,0.125,feedback_only,balanced_interleaved_k2,balanced_interleaved,balanced,2,0.31588469787505546,0.25,0.6588469787505544,64,64,16,fixed_cache,256,4.2230276598203193e-32,1.5720403171060813e-32
s9316_r1_n000_a125,confirmatory,9316,1,0.0,0.125,feedback_only,balanced_interleaved_k4,balanced_interleaved,balanced,4,0.5658846978750555,0.5,0.6588469787505544,64,64,32,fixed_cache,256,4.395853204334139e-32,1.2183011531018319e-32
s9316_r1_n000_a125,confirmatory,9316,1,0.0,0.125,feedback_only,balanced_interleaved_k8,balanced_interleaved,balanced,8,1.0658846978750554,1.0,0.6588469787505544,64,64,64,fixed_cache,256,4.2232541353373946e-32,4.68392181006052e-33
s9316_r1_n000_a125,confirmatory,9316,1,0.0,0.125,feedback_only,balanced_permutation_a_k1,balanced_permutation_a,balanced,1,0.18899250811836066,0.125,0.6399250811836067,64,64,8,fixed_cache,256,4.120814461018775e-32,9.828261247451113e-33
s9316_r1_n000_a125,confirmatory,9316,1,0.0,0.125,feedback_only,balanced_permutation_a_k2,balanced_permutation_a,balanced,2,0.31399250811836066,0.25,0.6399250811836067,64,64,16,fixed_cache,256,4.4130680682762323e-32,5.801863957466548e-33
s9316_r1_n000_a125,confirmatory,9316,1,0.0,0.125,feedback_only,balanced_permutation_a_k4,balanced_permutation_a,balanced,4,0.5639925081183607,0.5,0.6399250811836067,64,64,32,fixed_cache,256,3.8861942380342646e-32,1.1170393677445968e-32
s9316_r1_n000_a125,confirmatory,9316,1,0.0,0.125,feedback_only,balanced_permutation_a_k8,balanced_permutation_a,balanced,8,1.0639925081183608,1.0,0.6399250811836067,64,64,64,fixed_cache,256,4.2232541353373946e-32,4.68392181006052e-33
s9316_r1_n000_a125,confirmatory,9316,1,0.0,0.125,feedback_only,balanced_permutation_b_k1,balanced_permutation_b,balanced,1,0.18840039778945986,0.125,0.6340039778945984,64,64,8,fixed_cache,256,4.120814461018775e-32,9.828261247451113e-33
s9316_r1_n000_a125,confirmatory,9316,1,0.0,0.125,feedback_only,balanced_permutation_b_k2,balanced_permutation_b,balanced,2,0.31340039778945983,0.25,0.6340039778945984,64,64,16,fixed_cache,256,4.929327630506403e-32,1.77967963923533e-32
s9316_r1_n000_a125,confirmatory,9316,1,0.0,0.125,feedback_only,balanced_permutation_b_k4,balanced_permutation_b,balanced,4,0.5634003977894598,0.5,0.6340039778945984,64,64,32,fixed_cache,256,4.19977880200035e-32,1.7339388030561333e-32
s9316_r1_n000_a125,confirmatory,9316,1,0.0,0.125,feedback_only,balanced_permutation_b_k8,balanced_permutation_b,balanced,8,1.06340039778946,1.0,0.6340039778945984,64,64,64,fixed_cache,256,4.2232541353373946e-32,4.68392181006052e-33
s9316_r1_n000_a125,confirmatory,9316,1,0.0,0.125,feedback_only,comb_contiguous_k1,comb_contiguous,comb,1,0.225,0.125,1.0,64,64,8,fixed_cache,256,4.120814461018775e-32,9.828261247451113e-33
s9316_r1_n000_a125,confirmatory,9316,1,0.0,0.125,feedback_only,comb_contiguous_k2,comb_contiguous,comb,2,0.35,0.25,1.0,64,64,16,fixed_cache,256,4.3455165221647033e-32,1.0424095823995914e-32
s9316_r1_n000_a125,confirmatory,9316,1,0.0,0.125,feedback_only,comb_contiguous_k4,comb_contiguous,comb,4,0.6,0.5,1.0,64,64,32,fixed_cache,256,4.578615775993338e-32,2.2318217863356148e-32
s9316_r1_n000_a125,confirmatory,9316,1,0.0,0.125,feedback_only,comb_contiguous_k8,comb_contiguous,comb,8,1.1,1.0,1.0,64,64,64,fixed_cache,256,4.2232541353373946e-32,4.68392181006052e-33
s9316_r1_n000_a125,confirmatory,9316,1,0.0,0.125,feedback_only,balanced_contiguous_k1,balanced_contiguous,balanced,1,0.1737418407321983,0.125,0.487418407321983,64,64,8,fresh_iid,16,1.1169974861307284e-05,1.144697653712112e-05
s9316_r1_n000_a125,confirmatory,9316,1,0.0,0.125,feedback_only,balanced_contiguous_k2,balanced_contiguous,balanced,2,0.2987418407321983,0.25,0.487418407321983,64,64,16,fresh_iid,16,8.172458709622159e-06,8.358680508186682e-06
s9316_r1_n000_a125,confirmatory,9316,1,0.0,0.125,feedback_only,balanced_contiguous_k4,balanced_contiguous,balanced,4,0.5487418407321983,0.5,0.487418407321983,64,64,32,fresh_iid,16,7.491848594193777e-06,7.658118776773058e-06
s9316_r1_n000_a125,confirmatory,9316,1,0.0,0.125,feedback_only,balanced_contiguous_k8,balanced_contiguous,balanced,8,1.0487418407321982,1.0,0.487418407321983,64,64,64,fresh_iid,16,1.902501994030792e-06,1.924976163851027e-06
s9316_r1_n000_a125,confirmatory,9316,1,0.0,0.125,feedback_only,balanced_interleaved_k1,balanced_interleaved,balanced,1,0.19088469787505546,0.125,0.6588469787505544,64,64,8,fresh_iid,16,1.1169974861307284e-05,1.144697653712112e-05
s9316_r1_n000_a125,confirmatory,9316,1,0.0,0.125,feedback_only,balanced_interleaved_k2,balanced_interleaved,balanced,2,0.31588469787505546,0.25,0.6588469787505544,64,64,16,fresh_iid,16,1.0739762776072794e-05,1.1003495972996503e-05
s9316_r1_n000_a125,confirmatory,9316,1,0.0,0.125,feedback_only,balanced_interleaved_k4,balanced_interleaved,balanced,4,0.5658846978750555,0.5,0.6588469787505544,64,64,32,fresh_iid,16,8.013752674095511e-06,8.195295723558236e-06
s9316_r1_n000_a125,confirmatory,9316,1,0.0,0.125,feedback_only,balanced_interleaved_k8,balanced_interleaved,balanced,8,1.0658846978750554,1.0,0.6588469787505544,64,64,64,fresh_iid,16,1.902501994030792e-06,1.924976163851027e-06
s9316_r1_n000_a125,confirmatory,9316,1,0.0,0.125,feedback_only,balanced_permutation_a_k1,balanced_permutation_a,balanced,1,0.18899250811836066,0.125,0.6399250811836067,64,64,8,fresh_iid,16,1.1169974861307284e-05,1.144697653712112e-05
s9316_r1_n000_a125,confirmatory,9316,1,0.0,0.125,feedback_only,balanced_permutation_a_k2,balanced_permutation_a,balanced,2,0.31399250811836066,0.25,0.6399250811836067,64,64,16,fresh_iid,16,7.971620398559994e-06,8.151923972550835e-06
s9316_r1_n000_a125,confirmatory,9316,1,0.0,0.125,feedback_only,balanced_permutation_a_k4,balanced_permutation_a,balanced,4,0.5639925081183607,0.5,0.6399250811836067,64,64,32,fresh_iid,16,4.139731083736915e-06,4.213632139428143e-06
s9316_r1_n000_a125,confirmatory,9316,1,0.0,0.125,feedback_only,balanced_permutation_a_k8,balanced_permutation_a,balanced,8,1.0639925081183608,1.0,0.6399250811836067,64,64,64,fresh_iid,16,1.902501994030792e-06,1.924976163851027e-06
s9316_r1_n000_a125,confirmatory,9316,1,0.0,0.125,feedback_only,balanced_permutation_b_k1,balanced_permutation_b,balanced,1,0.18840039778945986,0.125,0.6340039778945984,64,64,8,fresh_iid,16,1.1169974861307284e-05,1.144697653712112e-05
s9316_r1_n000_a125,confirmatory,9316,1,0.0,0.125,feedback_only,balanced_permutation_b_k2,balanced_permutation_b,balanced,2,0.31340039778945983,0.25,0.6340039778945984,64,64,16,fresh_iid,16,5.227651218838955e-06,5.330174572644357e-06
s9316_r1_n000_a125,confirmatory,9316,1,0.0,0.125,feedback_only,balanced_permutation_b_k4,balanced_permutation_b,balanced,4,0.5634003977894598,0.5,0.6340039778945984,64,64,32,fresh_iid,16,4.662025855365628e-06,4.74946049401096e-06
s9316_r1_n000_a125,confirmatory,9316,1,0.0,0.125,feedback_only,balanced_permutation_b_k8,balanced_permutation_b,balanced,8,1.06340039778946,1.0,0.6340039778945984,64,64,64,fresh_iid,16,1.902501994030792e-06,1.924976163851027e-06
s9316_r1_n000_a125,confirmatory,9316,1,0.0,0.125,feedback_only,comb_contiguous_k1,comb_contiguous,comb,1,0.225,0.125,1.0,64,64,8,fresh_iid,16,1.1169974861307284e-05,1.144697653712112e-05
s9316_r1_n000_a125,confirmatory,9316,1,0.0,0.125,feedback_only,comb_contiguous_k2,comb_contiguous,comb,2,0.35,0.25,1.0,64,64,16,fresh_iid,16,1.0389420067188575e-05,1.0642400143606747e-05
s9316_r1_n000_a125,confirmatory,9316,1,0.0,0.125,feedback_only,comb_contiguous_k4,comb_contiguous,comb,4,0.6,0.5,1.0,64,64,32,fresh_iid,16,9.896879572078605e-06,1.0134826696338087e-05
s9316_r1_n000_a125,confirmatory,9316,1,0.0,0.125,feedback_only,comb_contiguous_k8,comb_contiguous,comb,8,1.1,1.0,1.0,64,64,64,fresh_iid,16,1.902501994030792e-06,1.924976163851027e-06
s9316_r1_n000_a125,confirmatory,9316,1,0.0,0.125,feedback_only,balanced_contiguous_k1,balanced_contiguous,balanced,1,0.1737418407321983,0.125,0.487418407321983,64,64,8,fresh_iid,64,7.101843881468258e-20,7.296574657274594e-20
s9316_r1_n000_a125,confirmatory,9316,1,0.0,0.125,feedback_only,balanced_contiguous_k2,balanced_contiguous,balanced,2,0.2987418407321983,0.25,0.487418407321983,64,64,16,fresh_iid,64,1.672215954457727e-20,1.7162286976137827e-20
s9316_r1_n000_a125,confirmatory,9316,1,0.0,0.125,feedback_only,balanced_contiguous_k4,balanced_contiguous,balanced,4,0.5487418407321983,0.5,0.487418407321983,64,64,32,fresh_iid,64,1.1149164034427731e-20,1.1439199979201508e-20
s9316_r1_n000_a125,confirmatory,9316,1,0.0,0.125,feedback_only,balanced_contiguous_k8,balanced_contiguous,balanced,8,1.0487418407321982,1.0,0.487418407321983,64,64,64,fresh_iid,64,1.5824120857627813e-23,1.6154998619203536e-23
s9316_r1_n000_a125,confirmatory,9316,1,0.0,0.125,feedback_only,balanced_interleaved_k1,balanced_interleaved,balanced,1,0.19088469787505546,0.125,0.6588469787505544,64,64,8,fresh_iid,64,7.101843881468258e-20,7.296574657274594e-20
s9316_r1_n000_a125,confirmatory,9316,1,0.0,0.125,feedback_only,balanced_interleaved_k2,balanced_interleaved,balanced,2,0.31588469787505546,0.25,0.6588469787505544,64,64,16,fresh_iid,64,5.92682931745631e-20,6.088521612207543e-20
s9316_r1_n000_a125,confirmatory,9316,1,0.0,0.125,feedback_only,balanced_interleaved_k4,balanced_interleaved,balanced,4,0.5658846978750555,0.5,0.6588469787505544,64,64,32,fresh_iid,64,1.5262833454890357e-20,1.5663497790658867e-20
s9316_r1_n000_a125,confirmatory,9316,1,0.0,0.125,feedback_only,balanced_interleaved_k8,balanced_interleaved,balanced,8,1.0658846978750554,1.0,0.6588469787505544,64,64,64,fresh_iid,64,1.5824120857627813e-23,1.6154998619203536e-23
s9316_r1_n000_a125,confirmatory,9316,1,0.0,0.125,feedback_only,balanced_permutation_a_k1,balanced_permutation_a,balanced,1,0.18899250811836066,0.125,0.6399250811836067,64,64,8,fresh_iid,64,7.101843881468258e-20,7.296574657274594e-20
s9316_r1_n000_a125,confirmatory,9316,1,0.0,0.125,feedback_only,balanced_permutation_a_k2,balanced_permutation_a,balanced,2,0.31399250811836066,0.25,0.6399250811836067,64,64,16,fresh_iid,64,1.4892589563390592e-20,1.5283259474784377e-20
s9316_r1_n000_a125,confirmatory,9316,1,0.0,0.125,feedback_only,balanced_permutation_a_k4,balanced_permutation_a,balanced,4,0.5639925081183607,0.5,0.6399250811836067,64,64,32,fresh_iid,64,6.795371866022978e-22,6.957825651329569e-22
s9316_r1_n000_a125,confirmatory,9316,1,0.0,0.125,feedback_only,balanced_permutation_a_k8,balanced_permutation_a,balanced,8,1.0639925081183608,1.0,0.6399250811836067,64,64,64,fresh_iid,64,1.5824120857627813e-23,1.6154998619203536e-23
s9316_r1_n000_a125,confirmatory,9316,1,0.0,0.125,feedback_only,balanced_permutation_b_k1,balanced_permutation_b,balanced,1,0.18840039778945986,0.125,0.6340039778945984,64,64,8,fresh_iid,64,7.101843881468258e-20,7.296574657274594e-20
s9316_r1_n000_a125,confirmatory,9316,1,0.0,0.125,feedback_only,balanced_permutation_b_k2,balanced_permutation_b,balanced,2,0.31340039778945983,0.25,0.6340039778945984,64,64,16,fresh_iid,64,2.0562100019113712e-21,2.1070879221596678e-21
s9316_r1_n000_a125,confirmatory,9316,1,0.0,0.125,feedback_only,balanced_permutation_b_k4,balanced_permutation_b,balanced,4,0.5634003977894598,0.5,0.6340039778945984,64,64,32,fresh_iid,64,1.1955261948345754e-21,1.2246191461243389e-21
s9316_r1_n000_a125,confirmatory,9316,1,0.0,0.125,feedback_only,balanced_permutation_b_k8,balanced_permutation_b,balanced,8,1.06340039778946,1.0,0.6340039778945984,64,64,64,fresh_iid,64,1.5824120857627813e-23,1.6154998619203536e-23
s9316_r1_n000_a125,confirmatory,9316,1,0.0,0.125,feedback_only,comb_contiguous_k1,comb_contiguous,comb,1,0.225,0.125,1.0,64,64,8,fresh_iid,64,7.101843881468258e-20,7.296574657274594e-20
s9316_r1_n000_a125,confirmatory,9316,1,0.0,0.125,feedback_only,comb_contiguous_k2,comb_contiguous,comb,2,0.35,0.25,1.0,64,64,16,fresh_iid,64,5.086323402971489e-20,5.2244913168792725e-20
s9316_r1_n000_a125,confirmatory,9316,1,0.0,0.125,feedback_only,comb_contiguous_k4,comb_contiguous,comb,4,0.6,0.5,1.0,64,64,32,fresh_iid,64,4.064320503432231e-20,4.1740312650389454e-20
s9316_r1_n000_a125,confirmatory,9316,1,0.0,0.125,feedback_only,comb_contiguous_k8,comb_contiguous,comb,8,1.1,1.0,1.0,64,64,64,fresh_iid,64,1.5824120857627813e-23,1.6154998619203536e-23
s9316_r1_n000_a125,confirmatory,9316,1,0.0,0.125,feedback_only,balanced_contiguous_k1,balanced_contiguous,balanced,1,0.1737418407321983,0.125,0.487418407321983,64,64,8,fresh_iid,256,4.1453170512925744e-32,1.5196790967430533e-32
s9316_r1_n000_a125,confirmatory,9316,1,0.0,0.125,feedback_only,balanced_contiguous_k2,balanced_contiguous,balanced,2,0.2987418407321983,0.25,0.487418407321983,64,64,16,fresh_iid,256,4.240052345651222e-32,9.402450173809248e-33
s9316_r1_n000_a125,confirmatory,9316,1,0.0,0.125,feedback_only,balanced_contiguous_k4,balanced_contiguous,balanced,4,0.5487418407321983,0.5,0.487418407321983,64,64,32,fresh_iid,256,4.1173636521370577e-32,1.4925957069001078e-32
s9316_r1_n000_a125,confirmatory,9316,1,0.0,0.125,feedback_only,balanced_contiguous_k8,balanced_contiguous,balanced,8,1.0487418407321982,1.0,0.487418407321983,64,64,64,fresh_iid,256,5.29418019533173e-32,2.092041402090635e-32
s9316_r1_n000_a125,confirmatory,9316,1,0.0,0.125,feedback_only,balanced_interleaved_k1,balanced_interleaved,balanced,1,0.19088469787505546,0.125,0.6588469787505544,64,64,8,fresh_iid,256,4.1453170512925744e-32,1.5196790967430533e-32
s9316_r1_n000_a125,confirmatory,9316,1,0.0,0.125,feedback_only,balanced_interleaved_k2,balanced_interleaved,balanced,2,0.31588469787505546,0.25,0.6588469787505544,64,64,16,fresh_iid,256,4.1301275681347507e-32,1.5485680459088618e-32
s9316_r1_n000_a125,confirmatory,9316,1,0.0,0.125,feedback_only,balanced_interleaved_k4,balanced_interleaved,balanced,4,0.5658846978750555,0.5,0.6588469787505544,64,64,32,fresh_iid,256,5.322007673098746e-32,2.0824117523686988e-32
s9316_r1_n000_a125,confirmatory,9316,1,0.0,0.125,feedback_only,balanced_interleaved_k8,balanced_interleaved,balanced,8,1.0658846978750554,1.0,0.6588469787505544,64,64,64,fresh_iid,256,5.29418019533173e-32,2.092041402090635e-32
s9316_r1_n000_a125,confirmatory,9316,1,0.0,0.125,feedback_only,balanced_permutation_a_k1,balanced_permutation_a,balanced,1,0.18899250811836066,0.125,0.6399250811836067,64,64,8,fresh_iid,256,4.1453170512925744e-32,1.5196790967430533e-32
s9316_r1_n000_a125,confirmatory,9316,1,0.0,0.125,feedback_only,balanced_permutation_a_k2,balanced_permutation_a,balanced,2,0.31399250811836066,0.25,0.6399250811836067,64,64,16,fresh_iid,256,4.121101498601735e-32,8.090410399195443e-33
s9316_r1_n000_a125,confirmatory,9316,1,0.0,0.125,feedback_only,balanced_permutation_a_k4,balanced_permutation_a,balanced,4,0.5639925081183607,0.5,0.6399250811836067,64,64,32,fresh_iid,256,4.149842801544483e-32,1.6107093792707312e-32
s9316_r1_n000_a125,confirmatory,9316,1,0.0,0.125,feedback_only,balanced_permutation_a_k8,balanced_permutation_a,balanced,8,1.0639925081183608,1.0,0.6399250811836067,64,64,64,fresh_iid,256,5.29418019533173e-32,2.092041402090635e-32
s9316_r1_n000_a125,confirmatory,9316,1,0.0,0.125,feedback_only,balanced_permutation_b_k1,balanced_permutation_b,balanced,1,0.18840039778945986,0.125,0.6340039778945984,64,64,8,fresh_iid,256,4.1453170512925744e-32,1.5196790967430533e-32
s9316_r1_n000_a125,confirmatory,9316,1,0.0,0.125,feedback_only,balanced_permutation_b_k2,balanced_permutation_b,balanced,2,0.31340039778945983,0.25,0.6340039778945984,64,64,16,fresh_iid,256,4.576640117242576e-32,1.5902463736116169e-32
s9316_r1_n000_a125,confirmatory,9316,1,0.0,0.125,feedback_only,balanced_permutation_b_k4,balanced_permutation_b,balanced,4,0.5634003977894598,0.5,0.6340039778945984,64,64,32,fresh_iid,256,4.0544111719978514e-32,3.696882713562061e-33
s9316_r1_n000_a125,confirmatory,9316,1,0.0,0.125,feedback_only,balanced_permutation_b_k8,balanced_permutation_b,balanced,8,1.06340039778946,1.0,0.6340039778945984,64,64,64,fresh_iid,256,5.29418019533173e-32,2.092041402090635e-32
s9316_r1_n000_a125,confirmatory,9316,1,0.0,0.125,feedback_only,comb_contiguous_k1,comb_contiguous,comb,1,0.225,0.125,1.0,64,64,8,fresh_iid,256,4.1453170512925744e-32,1.5196790967430533e-32
s9316_r1_n000_a125,confirmatory,9316,1,0.0,0.125,feedback_only,comb_contiguous_k2,comb_contiguous,comb,2,0.35,0.25,1.0,64,64,16,fresh_iid,256,3.975095489644934e-32,1.1369005202960902e-32
s9316_r1_n000_a125,confirmatory,9316,1,0.0,0.125,feedback_only,comb_contiguous_k4,comb_contiguous,comb,4,0.6,0.5,1.0,64,64,32,fresh_iid,256,4.123790079753003e-32,1.5214846560659163e-32
s9316_r1_n000_a125,confirmatory,9316,1,0.0,0.125,feedback_only,comb_contiguous_k8,comb_contiguous,comb,8,1.1,1.0,1.0,64,64,64,fresh_iid,256,5.29418019533173e-32,2.092041402090635e-32
s9316_r1_n000_a125,confirmatory,9316,1,0.0,0.125,joint_forward_feedback,balanced_contiguous_k1,balanced_contiguous,balanced,1,0.1737418407321983,0.125,0.487418407321983,64,64,8,fixed_cache,16,0.001602967291905993,0.0015910333825166424
s9316_r1_n000_a125,confirmatory,9316,1,0.0,0.125,joint_forward_feedback,balanced_contiguous_k2,balanced_contiguous,balanced,2,0.2987418407321983,0.25,0.487418407321983,64,64,16,fixed_cache,16,0.0013634285786489908,0.001352548731478883
s9316_r1_n000_a125,confirmatory,9316,1,0.0,0.125,joint_forward_feedback,balanced_contiguous_k4,balanced_contiguous,balanced,4,0.5487418407321983,0.5,0.487418407321983,64,64,32,fixed_cache,16,0.0013070553383483664,0.0012964498910311038
s9316_r1_n000_a125,confirmatory,9316,1,0.0,0.125,joint_forward_feedback,balanced_contiguous_k8,balanced_contiguous,balanced,8,1.0487418407321982,1.0,0.487418407321983,64,64,64,fixed_cache,16,0.0008812886527973091,0.0008731302315387655
s9316_r1_n000_a125,confirmatory,9316,1,0.0,0.125,joint_forward_feedback,balanced_interleaved_k1,balanced_interleaved,balanced,1,0.19088469787505546,0.125,0.6588469787505544,64,64,8,fixed_cache,16,0.0005728552987256715,0.000566969593263889
s9316_r1_n000_a125,confirmatory,9316,1,0.0,0.125,joint_forward_feedback,balanced_interleaved_k2,balanced_interleaved,balanced,2,0.31588469787505546,0.25,0.6588469787505544,64,64,16,fixed_cache,16,0.0005594432010856275,0.0005536679930508491
s9316_r1_n000_a125,confirmatory,9316,1,0.0,0.125,joint_forward_feedback,balanced_interleaved_k4,balanced_interleaved,balanced,4,0.5658846978750555,0.5,0.6588469787505544,64,64,32,fixed_cache,16,0.00047091087254644683,0.00046589296434137664
s9316_r1_n000_a125,confirmatory,9316,1,0.0,0.125,joint_forward_feedback,balanced_interleaved_k8,balanced_interleaved,balanced,8,1.0658846978750554,1.0,0.6588469787505544,64,64,64,fixed_cache,16,0.00023362117979563342,0.00023090759138414893
s9316_r1_n000_a125,confirmatory,9316,1,0.0,0.125,joint_forward_feedback,balanced_permutation_a_k1,balanced_permutation_a,balanced,1,0.18899250811836066,0.125,0.6399250811836067,64,64,8,fixed_cache,16,0.0006183289696710147,0.000612076480243024
s9316_r1_n000_a125,confirmatory,9316,1,0.0,0.125,joint_forward_feedback,balanced_permutation_a_k2,balanced_permutation_a,balanced,2,0.31399250811836066,0.25,0.6399250811836067,64,64,16,fixed_cache,16,0.00047609415999896247,0.0004710305295231251
s9316_r1_n000_a125,confirmatory,9316,1,0.0,0.125,joint_forward_feedback,balanced_permutation_a_k4,balanced_permutation_a,balanced,4,0.5639925081183607,0.5,0.6399250811836067,64,64,32,fixed_cache,16,0.0003181610216358852,0.0003145757214865026
s9316_r1_n000_a125,confirmatory,9316,1,0.0,0.125,joint_forward_feedback,balanced_permutation_a_k8,balanced_permutation_a,balanced,8,1.0639925081183608,1.0,0.6399250811836067,64,64,64,fixed_cache,16,0.00022261601128437087,0.00022002052796012752
s9316_r1_n000_a125,confirmatory,9316,1,0.0,0.125,joint_forward_feedback,balanced_permutation_b_k1,balanced_permutation_b,balanced,1,0.18840039778945986,0.125,0.6340039778945984,64,64,8,fixed_cache,16,0.0005937691287935759,0.0005877132460376714
s9316_r1_n000_a125,confirmatory,9316,1,0.0,0.125,joint_forward_feedback,balanced_permutation_b_k2,balanced_permutation_b,balanced,2,0.31340039778945983,0.25,0.6340039778945984,64,64,16,fixed_cache,16,0.0003647936552444079,0.0003607526897483779
s9316_r1_n000_a125,confirmatory,9316,1,0.0,0.125,joint_forward_feedback,balanced_permutation_b_k4,balanced_permutation_b,balanced,4,0.5634003977894598,0.5,0.6340039778945984,64,64,32,fixed_cache,16,0.00031330346765121324,0.00030976662371043416
s9316_r1_n000_a125,confirmatory,9316,1,0.0,0.125,joint_forward_feedback,balanced_permutation_b_k8,balanced_permutation_b,balanced,8,1.06340039778946,1.0,0.6340039778945984,64,64,64,fixed_cache,16,0.00017840783018253052,0.00017629825537135362
s9316_r1_n000_a125,confirmatory,9316,1,0.0,0.125,joint_forward_feedback,comb_contiguous_k1,comb_contiguous,comb,1,0.225,0.125,1.0,64,64,8,fixed_cache,16,0.00040874970793559304,0.000404294352699997
s9316_r1_n000_a125,confirmatory,9316,1,0.0,0.125,joint_forward_feedback,comb_contiguous_k2,comb_contiguous,comb,2,0.35,0.25,1.0,64,64,16,fixed_cache,16,0.00040213720341836093,0.0003977432829435672
s9316_r1_n000_a125,confirmatory,9316,1,0.0,0.125,joint_forward_feedback,comb_contiguous_k4,comb_contiguous,comb,4,0.6,0.5,1.0,64,64,32,fixed_cache,16,0.0003937320577806231,0.00038941668318838766
s9316_r1_n000_a125,confirmatory,9316,1,0.0,0.125,joint_forward_feedback,comb_contiguous_k8,comb_contiguous,comb,8,1.1,1.0,1.0,64,64,64,fixed_cache,16,0.00022661132789090008,0.0002239728389583878
s9316_r1_n000_a125,confirmatory,9316,1,0.0,0.125,joint_forward_feedback,balanced_contiguous_k1,balanced_contiguous,balanced,1,0.1737418407321983,0.125,0.487418407321983,64,64,8,fixed_cache,64,1.3455128123825128e-09,1.3235218371524017e-09
s9316_r1_n000_a125,confirmatory,9316,1,0.0,0.125,joint_forward_feedback,balanced_contiguous_k2,balanced_contiguous,balanced,2,0.2987418407321983,0.25,0.487418407321983,64,64,16,fixed_cache,64,7.406605077960639e-10,7.283452559456646e-10
s9316_r1_n000_a125,confirmatory,9316,1,0.0,0.125,joint_forward_feedback,balanced_contiguous_k4,balanced_contiguous,balanced,4,0.5487418407321983,0.5,0.487418407321983,64,64,32,fixed_cache,64,6.333978701428241e-10,6.228206463481406e-10
s9316_r1_n000_a125,confirmatory,9316,1,0.0,0.125,joint_forward_feedback,balanced_contiguous_k8,balanced_contiguous,balanced,8,1.0487418407321982,1.0,0.487418407321983,64,64,64,fixed_cache,64,1.4501816171116434e-10,1.4250515480079163e-10
s9316_r1_n000_a125,confirmatory,9316,1,0.0,0.125,joint_forward_feedback,balanced_interleaved_k1,balanced_interleaved,balanced,1,0.19088469787505546,0.125,0.6588469787505544,64,64,8,fixed_cache,64,2.8135502811748887e-11,2.7630717073715382e-11
s9316_r1_n000_a125,confirmatory,9316,1,0.0,0.125,joint_forward_feedback,balanced_interleaved_k2,balanced_interleaved,balanced,2,0.31588469787505546,0.25,0.6588469787505544,64,64,16,fixed_cache,64,2.5687018744251412e-11,2.522535068975677e-11
s9316_r1_n000_a125,confirmatory,9316,1,0.0,0.125,joint_forward_feedback,balanced_interleaved_k4,balanced_interleaved,balanced,4,0.5658846978750555,0.5,0.6588469787505544,64,64,32,fixed_cache,64,1.3214152067881995e-11,1.297370372220425e-11
s9316_r1_n000_a125,confirmatory,9316,1,0.0,0.125,joint_forward_feedback,balanced_interleaved_k8,balanced_interleaved,balanced,8,1.0658846978750554,1.0,0.6588469787505544,64,64,64,fixed_cache,64,8.440106677773795e-13,8.279716886115639e-13
s9316_r1_n000_a125,confirmatory,9316,1,0.0,0.125,joint_forward_feedback,balanced_permutation_a_k1,balanced_permutation_a,balanced,1,0.18899250811836066,0.125,0.6399250811836067,64,64,8,fixed_cache,64,3.771246292760148e-11,3.703974862804593e-11
s9316_r1_n000_a125,confirmatory,9316,1,0.0,0.125,joint_forward_feedback,balanced_permutation_a_k2,balanced_permutation_a,balanced,2,0.31399250811836066,0.25,0.6399250811836067,64,64,16,fixed_cache,64,1.3786126811311861e-11,1.353546204665351e-11
s9316_r1_n000_a125,confirmatory,9316,1,0.0,0.125,joint_forward_feedback,balanced_permutation_a_k4,balanced_permutation_a,balanced,4,0.5639925081183607,0.5,0.6399250811836067,64,64,32,fixed_cache,64,2.861710390916299e-12,2.8082914035845996e-12
s9316_r1_n000_a125,confirmatory,9316,1,0.0,0.125,joint_forward_feedback,balanced_permutation_a_k8,balanced_permutation_a,balanced,8,1.0639925081183608,1.0,0.6399250811836067,64,64,64,fixed_cache,64,6.965798693285771e-13,6.833076983699825e-13
s9316_r1_n000_a125,confirmatory,9316,1,0.0,0.125,joint_forward_feedback,balanced_permutation_b_k1,balanced_permutation_b,balanced,1,0.18840039778945986,0.125,0.6340039778945984,64,64,8,fixed_cache,64,3.228704663849338e-11,3.170933311627493e-11
s9316_r1_n000_a125,confirmatory,9316,1,0.0,0.125,joint_forward_feedback,balanced_permutation_b_k2,balanced_permutation_b,balanced,2,0.31340039778945983,0.25,0.6340039778945984,64,64,16,fixed_cache,64,4.892433389404798e-12,4.801882127199176e-12
s9316_r1_n000_a125,confirmatory,9316,1,0.0,0.125,joint_forward_feedback,balanced_permutation_b_k4,balanced_permutation_b,balanced,4,0.5634003977894598,0.5,0.6340039778945984,64,64,32,fixed_cache,64,2.6937193529136233e-12,2.6433892298994906e-12
s9316_r1_n000_a125,confirmatory,9316,1,0.0,0.125,joint_forward_feedback,balanced_permutation_b_k8,balanced_permutation_b,balanced,8,1.06340039778946,1.0,0.6340039778945984,64,64,64,fixed_cache,64,2.8751574147765e-13,2.819739665221227e-13
s9316_r1_n000_a125,confirmatory,9316,1,0.0,0.125,joint_forward_feedback,comb_contiguous_k1,comb_contiguous,comb,1,0.225,0.125,1.0,64,64,8,fixed_cache,64,7.626549788654592e-12,7.486434332208311e-12
s9316_r1_n000_a125,confirmatory,9316,1,0.0,0.125,joint_forward_feedback,comb_contiguous_k2,comb_contiguous,comb,2,0.35,0.25,1.0,64,64,16,fixed_cache,64,7.157164116415595e-12,7.025530437428687e-12
s9316_r1_n000_a125,confirmatory,9316,1,0.0,0.125,joint_forward_feedback,comb_contiguous_k4,comb_contiguous,comb,4,0.6,0.5,1.0,64,64,32,fixed_cache,64,6.5915378420714916e-12,6.470138825414227e-12
s9316_r1_n000_a125,confirmatory,9316,1,0.0,0.125,joint_forward_feedback,comb_contiguous_k8,comb_contiguous,comb,8,1.1,1.0,1.0,64,64,64,fixed_cache,64,7.476936980248231e-13,7.334613752211131e-13
s9316_r1_n000_a125,confirmatory,9316,1,0.0,0.125,joint_forward_feedback,balanced_contiguous_k1,balanced_contiguous,balanced,1,0.1737418407321983,0.125,0.487418407321983,64,64,8,fixed_cache,256,5.328111405130489e-32,3.8869178322933956e-32
s9316_r1_n000_a125,confirmatory,9316,1,0.0,0.125,joint_forward_feedback,balanced_contiguous_k2,balanced_contiguous,balanced,2,0.2987418407321983,0.25,0.487418407321983,64,64,16,fixed_cache,256,3.893414491105028e-32,7.138579709492814e-32
s9316_r1_n000_a125,confirmatory,9316,1,0.0,0.125,joint_forward_feedback,balanced_contiguous_k4,balanced_contiguous,balanced,4,0.5487418407321983,0.5,0.487418407321983,64,64,32,fixed_cache,256,4.012704643336142e-32,3.3007129054705307e-32
s9316_r1_n000_a125,confirmatory,9316,1,0.0,0.125,joint_forward_feedback,balanced_contiguous_k8,balanced_contiguous,balanced,8,1.0487418407321982,1.0,0.487418407321983,64,64,64,fixed_cache,256,3.917367110734761e-32,1.0694929722425369e-32
s9316_r1_n000_a125,confirmatory,9316,1,0.0,0.125,joint_forward_feedback,balanced_interleaved_k1,balanced_interleaved,balanced,1,0.19088469787505546,0.125,0.6588469787505544,64,64,8,fixed_cache,256,4.339840558726121e-32,1.8037537635401706e-32
s9316_r1_n000_a125,confirmatory,9316,1,0.0,0.125,joint_forward_feedback,balanced_interleaved_k2,balanced_interleaved,balanced,2,0.31588469787505546,0.25,0.6588469787505544,64,64,16,fixed_cache,256,5.257319705842161e-32,3.909637787106089e-32
s9316_r1_n000_a125,confirmatory,9316,1,0.0,0.125,joint_forward_feedback,balanced_interleaved_k4,balanced_interleaved,balanced,4,0.5658846978750555,0.5,0.6588469787505544,64,64,32,fixed_cache,256,3.8245739723899334e-32,4.135934555571589e-32
s9316_r1_n000_a125,confirmatory,9316,1,0.0,0.125,joint_forward_feedback,balanced_interleaved_k8,balanced_interleaved,balanced,8,1.0658846978750554,1.0,0.6588469787505544,64,64,64,fixed_cache,256,4.084471436425435e-32,5.190381200123601e-32
s9316_r1_n000_a125,confirmatory,9316,1,0.0,0.125,joint_forward_feedback,balanced_permutation_a_k1,balanced_permutation_a,balanced,1,0.18899250811836066,0.125,0.6399250811836067,64,64,8,fixed_cache,256,3.8766427190826004e-32,4.5379724314624245e-32
s9316_r1_n000_a125,confirmatory,9316,1,0.0,0.125,joint_forward_feedback,balanced_permutation_a_k2,balanced_permutation_a,balanced,2,0.31399250811836066,0.25,0.6399250811836067,64,64,16,fixed_cache,256,4.0593106135110076e-32,2.7975637074993653e-32
s9316_r1_n000_a125,confirmatory,9316,1,0.0,0.125,joint_forward_feedback,balanced_permutation_a_k4,balanced_permutation_a,balanced,4,0.5639925081183607,0.5,0.6399250811836067,64,64,32,fixed_cache,256,4.1677490702563605e-32,3.1922288828218434e-32
s9316_r1_n000_a125,confirmatory,9316,1,0.0,0.125,joint_forward_feedback,balanced_permutation_a_k8,balanced_permutation_a,balanced,8,1.0639925081183608,1.0,0.6399250811836067,64,64,64,fixed_cache,256,4.07020362578649e-32,8.401869382389316e-33
s9316_r1_n000_a125,confirmatory,9316,1,0.0,0.125,joint_forward_feedback,balanced_permutation_b_k1,balanced_permutation_b,balanced,1,0.18840039778945986,0.125,0.6340039778945984,64,64,8,fixed_cache,256,5.296034878609432e-32,6.972468251789415e-32
s9316_r1_n000_a125,confirmatory,9316,1,0.0,0.125,joint_forward_feedback,balanced_permutation_b_k2,balanced_permutation_b,balanced,2,0.31340039778945983,0.25,0.6340039778945984,64,64,16,fixed_cache,256,4.0775343873796394e-32,1.4835679102857926e-32
s9316_r1_n000_a125,confirmatory,9316,1,0.0,0.125,joint_forward_feedback,balanced_permutation_b_k4,balanced_permutation_b,balanced,4,0.5634003977894598,0.5,0.6340039778945984,64,64,32,fixed_cache,256,4.0129865323915987e-32,5.915162804976203e-32
s9316_r1_n000_a125,confirmatory,9316,1,0.0,0.125,joint_forward_feedback,balanced_permutation_b_k8,balanced_permutation_b,balanced,8,1.06340039778946,1.0,0.6340039778945984,64,64,64,fixed_cache,256,4.089189688800559e-32,2.9107120917321154e-32
s9316_r1_n000_a125,confirmatory,9316,1,0.0,0.125,joint_forward_feedback,comb_contiguous_k1,comb_contiguous,comb,1,0.225,0.125,1.0,64,64,8,fixed_cache,256,3.8470579254747405e-32,3.599683436681268e-32
s9316_r1_n000_a125,confirmatory,9316,1,0.0,0.125,joint_forward_feedback,comb_contiguous_k2,comb_contiguous,comb,2,0.35,0.25,1.0,64,64,16,fixed_cache,256,3.9352545554658134e-32,2.261162125332139e-32
s9316_r1_n000_a125,confirmatory,9316,1,0.0,0.125,joint_forward_feedback,comb_contiguous_k4,comb_contiguous,comb,4,0.6,0.5,1.0,64,64,32,fixed_cache,256,4.179187218037037e-32,7.970039777671241e-33
s9316_r1_n000_a125,confirmatory,9316,1,0.0,0.125,joint_forward_feedback,comb_contiguous_k8,comb_contiguous,comb,8,1.1,1.0,1.0,64,64,64,fixed_cache,256,4.0904948238774765e-32,2.2942640462512947e-32
s9316_r1_n000_a125,confirmatory,9316,1,0.0,0.125,joint_forward_feedback,balanced_contiguous_k1,balanced_contiguous,balanced,1,0.1737418407321983,0.125,0.487418407321983,64,64,8,fresh_iid,16,0.0023133946531151066,0.0023837601000073093
s9316_r1_n000_a125,confirmatory,9316,1,0.0,0.125,joint_forward_feedback,balanced_contiguous_k2,balanced_contiguous,balanced,2,0.2987418407321983,0.25,0.487418407321983,64,64,16,fresh_iid,16,0.0019552041013084854,0.002015279004158593
s9316_r1_n000_a125,confirmatory,9316,1,0.0,0.125,joint_forward_feedback,balanced_contiguous_k4,balanced_contiguous,balanced,4,0.5487418407321983,0.5,0.487418407321983,64,64,32,fresh_iid,16,0.0018709362788793457,0.0019285700214134649
s9316_r1_n000_a125,confirmatory,9316,1,0.0,0.125,joint_forward_feedback,balanced_contiguous_k8,balanced_contiguous,balanced,8,1.0487418407321982,1.0,0.487418407321983,64,64,64,fresh_iid,16,0.001236158032826219,0.0012751046590073066
s9316_r1_n000_a125,confirmatory,9316,1,0.0,0.125,joint_forward_feedback,balanced_interleaved_k1,balanced_interleaved,balanced,1,0.19088469787505546,0.125,0.6588469787505544,64,64,8,fresh_iid,16,0.0007812248422028034,0.0008063593760706596
s9316_r1_n000_a125,confirmatory,9316,1,0.0,0.125,joint_forward_feedback,balanced_interleaved_k2,balanced_interleaved,balanced,2,0.31588469787505546,0.25,0.6588469787505544,64,64,16,fresh_iid,16,0.0007616334321276497,0.0007861627118493788
s9316_r1_n000_a125,confirmatory,9316,1,0.0,0.125,joint_forward_feedback,balanced_interleaved_k4,balanced_interleaved,balanced,4,0.5658846978750555,0.5,0.6588469787505544,64,64,32,fresh_iid,16,0.0006329240197982199,0.0006534507712981501
s9316_r1_n000_a125,confirmatory,9316,1,0.0,0.125,joint_forward_feedback,balanced_interleaved_k8,balanced_interleaved,balanced,8,1.0658846978750554,1.0,0.6588469787505544,64,64,64,fresh_iid,16,0.00029626521287501285,0.0003060537086519427
s9316_r1_n000_a125,confirmatory,9316,1,0.0,0.125,joint_forward_feedback,balanced_permutation_a_k1,balanced_permutation_a,balanced,1,0.18899250811836066,0.125,0.6399250811836067,64,64,8,fresh_iid,16,0.0008478027598023449,0.0008749868766161204
s9316_r1_n000_a125,confirmatory,9316,1,0.0,0.125,joint_forward_feedback,balanced_permutation_a_k2,balanced_permutation_a,balanced,2,0.31399250811836066,0.25,0.6399250811836067,64,64,16,fresh_iid,16,0.0006404267664700094,0.0006611881531083405
s9316_r1_n000_a125,confirmatory,9316,1,0.0,0.125,joint_forward_feedback,balanced_permutation_a_k4,balanced_permutation_a,balanced,4,0.5639925081183607,0.5,0.6399250811836067,64,64,32,fresh_iid,16,0.00041431341380949614,0.0004279197137338428
s9316_r1_n000_a125,confirmatory,9316,1,0.0,0.125,joint_forward_feedback,balanced_permutation_a_k8,balanced_permutation_a,balanced,8,1.0639925081183608,1.0,0.6399250811836067,64,64,64,fresh_iid,16,0.00028112153637542255,0.0002904152472775481
s9316_r1_n000_a125,confirmatory,9316,1,0.0,0.125,joint_forward_feedback,balanced_permutation_b_k1,balanced_permutation_b,balanced,1,0.18840039778945986,0.125,0.6340039778945984,64,64,8,fresh_iid,16,0.0008118164451453721,0.0008378941026286797
s9316_r1_n000_a125,confirmatory,9316,1,0.0,0.125,joint_forward_feedback,balanced_permutation_b_k2,balanced_permutation_b,balanced,2,0.31340039778945983,0.25,0.6340039778945984,64,64,16,fresh_iid,16,0.00048046154946223174,0.0004961803304742375
s9316_r1_n000_a125,confirmatory,9316,1,0.0,0.125,joint_forward_feedback,balanced_permutation_b_k4,balanced_permutation_b,balanced,4,0.5634003977894598,0.5,0.6340039778945984,64,64,32,fresh_iid,16,0.0004074600029527676,0.000420846406144039
s9316_r1_n000_a125,confirmatory,9316,1,0.0,0.125,joint_forward_feedback,balanced_permutation_b_k8,balanced_permutation_b,balanced,8,1.06340039778946,1.0,0.6340039778945984,64,64,64,fresh_iid,16,0.00022095804054855566,0.00022827320331133568
s9316_r1_n000_a125,confirmatory,9316,1,0.0,0.125,joint_forward_feedback,comb_contiguous_k1,comb_contiguous,comb,1,0.225,0.125,1.0,64,64,8,fresh_iid,16,0.0005433274756485411,0.0005610384145100819
s9316_r1_n000_a125,confirmatory,9316,1,0.0,0.125,joint_forward_feedback,comb_contiguous_k2,comb_contiguous,comb,2,0.35,0.25,1.0,64,64,16,fresh_iid,16,0.0005338419372082707,0.0005512531982069439
s9316_r1_n000_a125,confirmatory,9316,1,0.0,0.125,joint_forward_feedback,comb_contiguous_k4,comb_contiguous,comb,4,0.6,0.5,1.0,64,64,32,fresh_iid,16,0.0005217988043583783,0.0005388291290411472
s9316_r1_n000_a125,confirmatory,9316,1,0.0,0.125,joint_forward_feedback,comb_contiguous_k8,comb_contiguous,comb,8,1.1,1.0,1.0,64,64,64,fresh_iid,16,0.00028661233012470795,0.00029608558354494573
s9316_r1_n000_a125,confirmatory,9316,1,0.0,0.125,joint_forward_feedback,balanced_contiguous_k1,balanced_contiguous,balanced,1,0.1737418407321983,0.125,0.487418407321983,64,64,8,fresh_iid,64,3.1507638347137347e-10,3.2679381120981056e-10
s9316_r1_n000_a125,confirmatory,9316,1,0.0,0.125,joint_forward_feedback,balanced_contiguous_k2,balanced_contiguous,balanced,2,0.2987418407321983,0.25,0.487418407321983,64,64,16,fresh_iid,64,1.631551728850138e-10,1.692481379278766e-10
s9316_r1_n000_a125,confirmatory,9316,1,0.0,0.125,joint_forward_feedback,balanced_contiguous_k4,balanced_contiguous,balanced,4,0.5487418407321983,0.5,0.487418407321983,64,64,32,fresh_iid,64,1.3730865511432677e-10,1.424411316799778e-10
s9316_r1_n000_a125,confirmatory,9316,1,0.0,0.125,joint_forward_feedback,balanced_contiguous_k8,balanced_contiguous,balanced,8,1.0487418407321982,1.0,0.487418407321983,64,64,64,fresh_iid,64,2.702410558176583e-11,2.8039657516649375e-11
s9316_r1_n000_a125,confirmatory,9316,1,0.0,0.125,joint_forward_feedback,balanced_interleaved_k1,balanced_interleaved,balanced,1,0.19088469787505546,0.125,0.6588469787505544,64,64,8,fresh_iid,64,4.428268024329319e-12,4.594528571785383e-12
s9316_r1_n000_a125,confirmatory,9316,1,0.0,0.125,joint_forward_feedback,balanced_interleaved_k2,balanced_interleaved,balanced,2,0.31588469787505546,0.25,0.6588469787505544,64,64,16,fresh_iid,64,4.0050756782814805e-12,4.155409174328595e-12
s9316_r1_n000_a125,confirmatory,9316,1,0.0,0.125,joint_forward_feedback,balanced_interleaved_k4,balanced_interleaved,balanced,4,0.5658846978750555,0.5,0.6588469787505544,64,64,32,fresh_iid,64,1.9235502706935143e-12,1.9955730934768536e-12
s9316_r1_n000_a125,confirmatory,9316,1,0.0,0.125,joint_forward_feedback,balanced_interleaved_k8,balanced_interleaved,balanced,8,1.0658846978750554,1.0,0.6588469787505544,64,64,64,fresh_iid,64,9.237944253153563e-14,9.576456307089151e-14
s9316_r1_n000_a125,confirmatory,9316,1,0.0,0.125,joint_forward_feedback,balanced_permutation_a_k1,balanced_permutation_a,balanced,1,0.18899250811836066,0.125,0.6399250811836067,64,64,8,fresh_iid,64,6.117758889870186e-12,6.347606765016915e-12
s9316_r1_n000_a125,confirmatory,9316,1,0.0,0.125,joint_forward_feedback,balanced_permutation_a_k2,balanced_permutation_a,balanced,2,0.31399250811836066,0.25,0.6399250811836067,64,64,16,fresh_iid,64,2.015625669682767e-12,2.091110460296577e-12
s9316_r1_n000_a125,confirmatory,9316,1,0.0,0.125,joint_forward_feedback,balanced_permutation_a_k4,balanced_permutation_a,balanced,4,0.5639925081183607,0.5,0.6399250811836067,64,64,32,fresh_iid,64,3.5551532943466335e-13,3.686968397852782e-13
s9316_r1_n000_a125,confirmatory,9316,1,0.0,0.125,joint_forward_feedback,balanced_permutation_a_k8,balanced_permutation_a,balanced,8,1.0639925081183608,1.0,0.6399250811836067,64,64,64,fresh_iid,64,7.474032745641513e-14,7.747318729309046e-14
s9316_r1_n000_a125,confirmatory,9316,1,0.0,0.125,joint_forward_feedback,balanced_permutation_b_k1,balanced_permutation_b,balanced,1,0.18840039778945986,0.125,0.6340039778945984,64,64,8,fresh_iid,64,5.154382028364909e-12,5.347971305788999e-12
s9316_r1_n000_a125,confirmatory,9316,1,0.0,0.125,joint_forward_feedback,balanced_permutation_b_k2,balanced_permutation_b,balanced,2,0.31340039778945983,0.25,0.6340039778945984,64,64,16,fresh_iid,64,6.425493826929888e-13,6.664705920903659e-13
s9316_r1_n000_a125,confirmatory,9316,1,0.0,0.125,joint_forward_feedback,balanced_permutation_b_k4,balanced_permutation_b,balanced,4,0.5634003977894598,0.5,0.6340039778945984,64,64,32,fresh_iid,64,3.3255221803718377e-13,3.448761316342062e-13
s9316_r1_n000_a125,confirmatory,9316,1,0.0,0.125,joint_forward_feedback,balanced_permutation_b_k8,balanced_permutation_b,balanced,8,1.06340039778946,1.0,0.6340039778945984,64,64,64,fresh_iid,64,2.8149368452241836e-14,2.916739494908498e-14
s9316_r1_n000_a125,confirmatory,9316,1,0.0,0.125,joint_forward_feedback,comb_contiguous_k1,comb_contiguous,comb,1,0.225,0.125,1.0,64,64,8,fresh_iid,64,1.0487831870806892e-12,1.0879396099988176e-12
s9316_r1_n000_a125,confirmatory,9316,1,0.0,0.125,joint_forward_feedback,comb_contiguous_k2,comb_contiguous,comb,2,0.35,0.25,1.0,64,64,16,fresh_iid,64,9.777804983574574e-13,1.0142721686918693e-12
s9316_r1_n000_a125,confirmatory,9316,1,0.0,0.125,joint_forward_feedback,comb_contiguous_k4,comb_contiguous,comb,4,0.6,0.5,1.0,64,64,32,fresh_iid,64,8.928603100725113e-13,9.26165802408125e-13
s9316_r1_n000_a125,confirmatory,9316,1,0.0,0.125,joint_forward_feedback,comb_contiguous_k8,comb_contiguous,comb,8,1.1,1.0,1.0,64,64,64,fresh_iid,64,8.081564143703399e-14,8.377302281985706e-14
s9316_r1_n000_a125,confirmatory,9316,1,0.0,0.125,joint_forward_feedback,balanced_contiguous_k1,balanced_contiguous,balanced,1,0.1737418407321983,0.125,0.487418407321983,64,64,8,fresh_iid,256,4.152969791005113e-32,2.0705251534931838e-32
s9316_r1_n000_a125,confirmatory,9316,1,0.0,0.125,joint_forward_feedback,balanced_contiguous_k2,balanced_contiguous,balanced,2,0.2987418407321983,0.25,0.487418407321983,64,64,16,fresh_iid,256,4.0948292635717325e-32,3.37775010324602e-32
s9316_r1_n000_a125,confirmatory,9316,1,0.0,0.125,joint_forward_feedback,balanced_contiguous_k4,balanced_contiguous,balanced,4,0.5487418407321983,0.5,0.487418407321983,64,64,32,fresh_iid,256,4.087999648281117e-32,6.043207053622574e-32
s9316_r1_n000_a125,confirmatory,9316,1,0.0,0.125,joint_forward_feedback,balanced_contiguous_k8,balanced_contiguous,balanced,8,1.0487418407321982,1.0,0.487418407321983,64,64,64,fresh_iid,256,3.8561267754256976e-32,1.0688911191349159e-32
s9316_r1_n000_a125,confirmatory,9316,1,0.0,0.125,joint_forward_feedback,balanced_interleaved_k1,balanced_interleaved,balanced,1,0.19088469787505546,0.125,0.6588469787505544,64,64,8,fresh_iid,256,4.104746597168933e-32,1.9602355715216335e-32
s9316_r1_n000_a125,confirmatory,9316,1,0.0,0.125,joint_forward_feedback,balanced_interleaved_k2,balanced_interleaved,balanced,2,0.31588469787505546,0.25,0.6588469787505544,64,64,16,fresh_iid,256,3.837421809385931e-32,2.0150042043151455e-32
s9316_r1_n000_a125,confirmatory,9316,1,0.0,0.125,joint_forward_feedback,balanced_interleaved_k4,balanced_interleaved,balanced,4,0.5658846978750555,0.5,0.6588469787505544,64,64,32,fresh_iid,256,4.045314278930199e-32,7.147607506107129e-32
s9316_r1_n000_a125,confirmatory,9316,1,0.0,0.125,joint_forward_feedback,balanced_interleaved_k8,balanced_interleaved,balanced,8,1.0658846978750554,1.0,0.6588469787505544,64,64,64,fresh_iid,256,4.132968230589572e-32,3.8905289509391217e-32
s9316_r1_n000_a125,confirmatory,9316,1,0.0,0.125,joint_forward_feedback,balanced_permutation_a_k1,balanced_permutation_a,balanced,1,0.18899250811836066,0.125,0.6399250811836067,64,64,8,fresh_iid,256,3.871228742225542e-32,5.268020251006711e-32
s9316_r1_n000_a125,confirmatory,9316,1,0.0,0.125,joint_forward_feedback,balanced_permutation_a_k2,balanced_permutation_a,balanced,2,0.31399250811836066,0.25,0.6399250811836067,64,64,16,fresh_iid,256,4.164092105609037e-32,3.5653778095468704e-32
s9316_r1_n000_a125,confirmatory,9316,1,0.0,0.125,joint_forward_feedback,balanced_permutation_a_k4,balanced_permutation_a,balanced,4,0.5639925081183607,0.5,0.6399250811836067,64,64,32,fresh_iid,256,4.013439692351503e-32,2.306902961511336e-32
s9316_r1_n000_a125,confirmatory,9316,1,0.0,0.125,joint_forward_feedback,balanced_permutation_a_k8,balanced_permutation_a,balanced,8,1.0639925081183608,1.0,0.6399250811836067,64,64,64,fresh_iid,256,3.9855580597663744e-32,3.500979527031422e-32
s9316_r1_n000_a125,confirmatory,9316,1,0.0,0.125,joint_forward_feedback,balanced_permutation_b_k1,balanced_permutation_b,balanced,1,0.18840039778945986,0.125,0.6340039778945984,64,64,8,fresh_iid,256,4.109685999750299e-32,4.891862058743579e-32
s9316_r1_n000_a125,confirmatory,9316,1,0.0,0.125,joint_forward_feedback,balanced_permutation_b_k2,balanced_permutation_b,balanced,2,0.31340039778945983,0.25,0.6340039778945984,64,64,16,fresh_iid,256,3.810362723233072e-32,4.4350555500592316e-32
s9316_r1_n000_a125,confirmatory,9316,1,0.0,0.125,joint_forward_feedback,balanced_permutation_b_k4,balanced_permutation_b,balanced,4,0.5634003977894598,0.5,0.6340039778945984,64,64,32,fresh_iid,256,4.1094237106856094e-32,6.057049675097857e-32
s9316_r1_n000_a125,confirmatory,9316,1,0.0,0.125,joint_forward_feedback,balanced_permutation_b_k8,balanced_permutation_b,balanced,8,1.06340039778946,1.0,0.6340039778945984,64,64,64,fresh_iid,256,5.234498713616595e-32,3.630528408446845e-32
s9316_r1_n000_a125,confirmatory,9316,1,0.0,0.125,joint_forward_feedback,comb_contiguous_k1,comb_contiguous,comb,1,0.225,0.125,1.0,64,64,8,fresh_iid,256,3.9317267666273855e-32,5.935625810635318e-32
s9316_r1_n000_a125,confirmatory,9316,1,0.0,0.125,joint_forward_feedback,comb_contiguous_k2,comb_contiguous,comb,2,0.35,0.25,1.0,64,64,16,fresh_iid,256,3.8967137329619703e-32,1.7628277522219418e-32
s9316_r1_n000_a125,confirmatory,9316,1,0.0,0.125,joint_forward_feedback,comb_contiguous_k4,comb_contiguous,comb,4,0.6,0.5,1.0,64,64,32,fresh_iid,256,3.8748413686953206e-32,8.11553776643862e-32
s9316_r1_n000_a125,confirmatory,9316,1,0.0,0.125,joint_forward_feedback,comb_contiguous_k8,comb_contiguous,comb,8,1.1,1.0,1.0,64,64,64,fresh_iid,256,3.995078646227045e-32,2.0059764077008303e-32
s9316_r1_n000_a375,confirmatory,9316,1,0.0,0.375,feedback_only,balanced_contiguous_k1,balanced_contiguous,balanced,1,0.1737418407321983,0.125,0.487418407321983,64,64,8,fixed_cache,16,0.10083141915116753,0.0992037750037246
s9316_r1_n000_a375,confirmatory,9316,1,0.0,0.375,feedback_only,balanced_contiguous_k2,balanced_contiguous,balanced,2,0.2987418407321983,0.25,0.487418407321983,64,64,16,fixed_cache,16,0.019654373525500583,0.019317969806426014
s9316_r1_n000_a375,confirmatory,9316,1,0.0,0.375,feedback_only,balanced_contiguous_k4,balanced_contiguous,balanced,4,0.5487418407321983,0.5,0.487418407321983,64,64,32,fixed_cache,16,0.012346892942863737,0.012135821903017686
s9316_r1_n000_a375,confirmatory,9316,1,0.0,0.375,feedback_only,balanced_contiguous_k8,balanced_contiguous,balanced,8,1.0487418407321982,1.0,0.487418407321983,64,64,64,fixed_cache,16,3.2197946755044966e-06,3.2117738321250575e-06
s9316_r1_n000_a375,confirmatory,9316,1,0.0,0.375,feedback_only,balanced_interleaved_k1,balanced_interleaved,balanced,1,0.19088469787505546,0.125,0.6588469787505544,64,64,8,fixed_cache,16,0.10083141915116753,0.0992037750037246
s9316_r1_n000_a375,confirmatory,9316,1,0.0,0.375,feedback_only,balanced_interleaved_k2,balanced_interleaved,balanced,2,0.31588469787505546,0.25,0.6588469787505544,64,64,16,fixed_cache,16,0.08232874444683201,0.08098183703130395
s9316_r1_n000_a375,confirmatory,9316,1,0.0,0.375,feedback_only,balanced_interleaved_k4,balanced_interleaved,balanced,4,0.5658846978750555,0.5,0.6588469787505544,64,64,32,fixed_cache,16,0.01770517414536272,0.01740203278062462
s9316_r1_n000_a375,confirmatory,9316,1,0.0,0.375,feedback_only,balanced_interleaved_k8,balanced_interleaved,balanced,8,1.0658846978750554,1.0,0.6588469787505544,64,64,64,fixed_cache,16,3.2197946755044966e-06,3.2117738321250575e-06
s9316_r1_n000_a375,confirmatory,9316,1,0.0,0.375,feedback_only,balanced_permutation_a_k1,balanced_permutation_a,balanced,1,0.18899250811836066,0.125,0.6399250811836067,64,64,8,fixed_cache,16,0.10083141915116753,0.0992037750037246
s9316_r1_n000_a375,confirmatory,9316,1,0.0,0.375,feedback_only,balanced_permutation_a_k2,balanced_permutation_a,balanced,2,0.31399250811836066,0.25,0.6399250811836067,64,64,16,fixed_cache,16,0.017214344478730003,0.01691959874974274
s9316_r1_n000_a375,confirmatory,9316,1,0.0,0.375,feedback_only,balanced_permutation_a_k4,balanced_permutation_a,balanced,4,0.5639925081183607,0.5,0.6399250811836067,64,64,32,fixed_cache,16,0.00044636294137197956,0.0004400103388611487
s9316_r1_n000_a375,confirmatory,9316,1,0.0,0.375,feedback_only,balanced_permutation_a_k8,balanced_permutation_a,balanced,8,1.0639925081183608,1.0,0.6399250811836067,64,64,64,fixed_cache,16,3.2197946755044966e-06,3.2117738321250575e-06
s9316_r1_n000_a375,confirmatory,9316,1,0.0,0.375,feedback_only,balanced_permutation_b_k1,balanced_permutation_b,balanced,1,0.18840039778945986,0.125,0.6340039778945984,64,64,8,fixed_cache,16,0.10083141915116753,0.0992037750037246
s9316_r1_n000_a375,confirmatory,9316,1,0.0,0.375,feedback_only,balanced_permutation_b_k2,balanced_permutation_b,balanced,2,0.31340039778945983,0.25,0.6340039778945984,64,64,16,fixed_cache,16,0.001706129795782648,0.0016790444877261609
s9316_r1_n000_a375,confirmatory,9316,1,0.0,0.375,feedback_only,balanced_permutation_b_k4,balanced_permutation_b,balanced,4,0.5634003977894598,0.5,0.6340039778945984,64,64,32,fixed_cache,16,0.0008892436199036788,0.0008757721398476883
s9316_r1_n000_a375,confirmatory,9316,1,0.0,0.375,feedback_only,balanced_permutation_b_k8,balanced_permutation_b,balanced,8,1.06340039778946,1.0,0.6340039778945984,64,64,64,fixed_cache,16,3.2197946755044966e-06,3.2117738321250575e-06
s9316_r1_n000_a375,confirmatory,9316,1,0.0,0.375,feedback_only,comb_contiguous_k1,comb_contiguous,comb,1,0.225,0.125,1.0,64,64,8,fixed_cache,16,0.10083141915116753,0.0992037750037246
s9316_r1_n000_a375,confirmatory,9316,1,0.0,0.375,feedback_only,comb_contiguous_k2,comb_contiguous,comb,2,0.35,0.25,1.0,64,64,16,fixed_cache,16,0.06933406266201876,0.06818851486969507
s9316_r1_n000_a375,confirmatory,9316,1,0.0,0.375,feedback_only,comb_contiguous_k4,comb_contiguous,comb,4,0.6,0.5,1.0,64,64,32,fixed_cache,16,0.05385820944283595,0.05295750996025813
s9316_r1_n000_a375,confirmatory,9316,1,0.0,0.375,feedback_only,comb_contiguous_k8,comb_contiguous,comb,8,1.1,1.0,1.0,64,64,64,fixed_cache,16,3.2197946755044966e-06,3.2117738321250575e-06
s9316_r1_n000_a375,confirmatory,9316,1,0.0,0.375,feedback_only,balanced_contiguous_k1,balanced_contiguous,balanced,1,0.1737418407321983,0.125,0.487418407321983,64,64,8,fixed_cache,64,0.0010730497827572982,0.0010550300619021219
s9316_r1_n000_a375,confirmatory,9316,1,0.0,0.375,feedback_only,balanced_contiguous_k2,balanced_contiguous,balanced,2,0.2987418407321983,0.25,0.487418407321983,64,64,16,fixed_cache,64,2.061651031639678e-06,2.0262763732514033e-06
s9316_r1_n000_a375,confirmatory,9316,1,0.0,0.375,feedback_only,balanced_contiguous_k4,balanced_contiguous,balanced,4,0.5487418407321983,0.5,0.487418407321983,64,64,32,fixed_cache,64,3.4342925852984373e-07,3.3749126942472793e-07
s9316_r1_n000_a375,confirmatory,9316,1,0.0,0.375,feedback_only,balanced_contiguous_k8,balanced_contiguous,balanced,8,1.0487418407321982,1.0,0.487418407321983,64,64,64,fixed_cache,64,6.788641753214788e-22,6.638216055884588e-22
s9316_r1_n000_a375,confirmatory,9316,1,0.0,0.375,feedback_only,balanced_interleaved_k1,balanced_interleaved,balanced,1,0.19088469787505546,0.125,0.6588469787505544,64,64,8,fixed_cache,64,0.0010730497827572982,0.0010550300619021219
s9316_r1_n000_a375,confirmatory,9316,1,0.0,0.375,feedback_only,balanced_interleaved_k2,balanced_interleaved,balanced,2,0.31588469787505546,0.25,0.6588469787505544,64,64,16,fixed_cache,64,0.0004956069368026115,0.00048724099708726047
s9316_r1_n000_a375,confirmatory,9316,1,0.0,0.375,feedback_only,balanced_interleaved_k4,balanced_interleaved,balanced,4,0.5658846978750555,0.5,0.6588469787505544,64,64,32,fixed_cache,64,1.3792001005783674e-06,1.3555002995316086e-06
s9316_r1_n000_a375,confirmatory,9316,1,0.0,0.375,feedback_only,balanced_interleaved_k8,balanced_interleaved,balanced,8,1.0658846978750554,1.0,0.6588469787505544,64,64,64,fixed_cache,64,6.788641753214788e-22,6.638216055884588e-22
s9316_r1_n000_a375,confirmatory,9316,1,0.0,0.375,feedback_only,balanced_permutation_a_k1,balanced_permutation_a,balanced,1,0.18899250811836066,0.125,0.6399250811836067,64,64,8,fixed_cache,64,0.0010730497827572982,0.0010550300619021219
s9316_r1_n000_a375,confirmatory,9316,1,0.0,0.375,feedback_only,balanced_permutation_a_k2,balanced_permutation_a,balanced,2,0.31399250811836066,0.25,0.6399250811836067,64,64,16,fixed_cache,64,1.237669287706633e-06,1.216392570819079e-06
s9316_r1_n000_a375,confirmatory,9316,1,0.0,0.375,feedback_only,balanced_permutation_a_k4,balanced_permutation_a,balanced,4,0.5639925081183607,0.5,0.6399250811836067,64,64,32,fixed_cache,64,7.32411159500509e-13,7.183051229684289e-13
s9316_r1_n000_a375,confirmatory,9316,1,0.0,0.375,feedback_only,balanced_permutation_a_k8,balanced_permutation_a,balanced,8,1.0639925081183608,1.0,0.6399250811836067,64,64,64,fixed_cache,64,6.788641753214788e-22,6.638216055884588e-22
s9316_r1_n000_a375,confirmatory,9316,1,0.0,0.375,feedback_only,balanced_permutation_b_k1,balanced_permutation_b,balanced,1,0.18840039778945986,0.125,0.6340039778945984,64,64,8,fixed_cache,64,0.0010730497827572982,0.0010550300619021219
s9316_r1_n000_a375,confirmatory,9316,1,0.0,0.375,feedback_only,balanced_permutation_b_k2,balanced_permutation_b,balanced,2,0.31340039778945983,0.25,0.6340039778945984,64,64,16,fixed_cache,64,1.5167482778062488e-10,1.4889357910664219e-10
s9316_r1_n000_a375,confirmatory,9316,1,0.0,0.375,feedback_only,balanced_permutation_b_k4,balanced_permutation_b,balanced,4,0.5634003977894598,0.5,0.6340039778945984,64,64,32,fixed_cache,64,1.1482099840740462e-11,1.1266494108654003e-11
s9316_r1_n000_a375,confirmatory,9316,1,0.0,0.375,feedback_only,balanced_permutation_b_k8,balanced_permutation_b,balanced,8,1.06340039778946,1.0,0.6340039778945984,64,64,64,fixed_cache,64,6.788641753214788e-22,6.638216055884588e-22
s9316_r1_n000_a375,confirmatory,9316,1,0.0,0.375,feedback_only,comb_contiguous_k1,comb_contiguous,comb,1,0.225,0.125,1.0,64,64,8,fixed_cache,64,0.0010730497827572982,0.0010550300619021219
s9316_r1_n000_a375,confirmatory,9316,1,0.0,0.375,feedback_only,comb_contiguous_k2,comb_contiguous,comb,2,0.35,0.25,1.0,64,64,16,fixed_cache,64,0.00025743605348605,0.00025307695189688524
s9316_r1_n000_a375,confirmatory,9316,1,0.0,0.375,feedback_only,comb_contiguous_k4,comb_contiguous,comb,4,0.6,0.5,1.0,64,64,32,fixed_cache,64,9.817235042338936e-05,9.650467639425576e-05
s9316_r1_n000_a375,confirmatory,9316,1,0.0,0.375,feedback_only,comb_contiguous_k8,comb_contiguous,comb,8,1.1,1.0,1.0,64,64,64,fixed_cache,64,6.788641753214788e-22,6.638216055884588e-22
s9316_r1_n000_a375,confirmatory,9316,1,0.0,0.375,feedback_only,balanced_contiguous_k1,balanced_contiguous,balanced,1,0.1737418407321983,0.125,0.487418407321983,64,64,8,fixed_cache,256,6.697729485260218e-12,6.592178472304532e-12
s9316_r1_n000_a375,confirmatory,9316,1,0.0,0.375,feedback_only,balanced_contiguous_k2,balanced_contiguous,balanced,2,0.2987418407321983,0.25,0.487418407321983,64,64,16,fixed_cache,256,7.676782653026379e-23,7.647241192755016e-23
s9316_r1_n000_a375,confirmatory,9316,1,0.0,0.375,feedback_only,balanced_contiguous_k4,balanced_contiguous,balanced,4,0.5487418407321983,0.5,0.487418407321983,64,64,32,fixed_cache,256,5.527796119000751e-26,5.529948004186788e-26
s9316_r1_n000_a375,confirmatory,9316,1,0.0,0.375,feedback_only,balanced_contiguous_k8,balanced_contiguous,balanced,8,1.0487418407321982,1.0,0.487418407321983,64,64,64,fixed_cache,256,2.032759357718095e-32,3.0814879110195774e-33
s9316_r1_n000_a375,confirmatory,9316,1,0.0,0.375,feedback_only,balanced_interleaved_k1,balanced_interleaved,balanced,1,0.19088469787505546,0.125,0.6588469787505544,64,64,8,fixed_cache,256,6.697729485260218e-12,6.592178472304532e-12
s9316_r1_n000_a375,confirmatory,9316,1,0.0,0.375,feedback_only,balanced_interleaved_k2,balanced_interleaved,balanced,2,0.31588469787505546,0.25,0.6588469787505544,64,64,16,fixed_cache,256,2.9887950707485755e-13,2.9444565426462283e-13
s9316_r1_n000_a375,confirmatory,9316,1,0.0,0.375,feedback_only,balanced_interleaved_k4,balanced_interleaved,balanced,4,0.5658846978750555,0.5,0.6588469787505544,64,64,32,fixed_cache,256,1.5158151211884787e-23,1.51146932777926e-23
s9316_r1_n000_a375,confirmatory,9316,1,0.0,0.375,feedback_only,balanced_interleaved_k8,balanced_interleaved,balanced,8,1.0658846978750554,1.0,0.6588469787505544,64,64,64,fixed_cache,256,2.032759357718095e-32,3.0814879110195774e-33
s9316_r1_n000_a375,confirmatory,9316,1,0.0,0.375,feedback_only,balanced_permutation_a_k1,balanced_permutation_a,balanced,1,0.18899250811836066,0.125,0.6399250811836067,64,64,8,fixed_cache,256,6.697729485260218e-12,6.592178472304532e-12
s9316_r1_n000_a375,confirmatory,9316,1,0.0,0.375,feedback_only,balanced_permutation_a_k2,balanced_permutation_a,balanced,2,0.31399250811836066,0.25,0.6399250811836067,64,64,16,fixed_cache,256,9.79148457885153e-24,9.765997702760175e-24
s9316_r1_n000_a375,confirmatory,9316,1,0.0,0.375,feedback_only,balanced_permutation_a_k4,balanced_permutation_a,balanced,4,0.5639925081183607,0.5,0.6399250811836067,64,64,32,fixed_cache,256,2.23129770870969e-32,3.4666738998970245e-33
s9316_r1_n000_a375,confirmatory,9316,1,0.0,0.375,feedback_only,balanced_permutation_a_k8,balanced_permutation_a,balanced,8,1.0639925081183608,1.0,0.6399250811836067,64,64,64,fixed_cache,256,2.032759357718095e-32,3.0814879110195774e-33
s9316_r1_n000_a375,confirmatory,9316,1,0.0,0.375,feedback_only,balanced_permutation_b_k1,balanced_permutation_b,balanced,1,0.18840039778945986,0.125,0.6340039778945984,64,64,8,fixed_cache,256,6.697729485260218e-12,6.592178472304532e-12
s9316_r1_n000_a375,confirmatory,9316,1,0.0,0.375,feedback_only,balanced_permutation_b_k2,balanced_permutation_b,balanced,2,0.31340039778945983,0.25,0.6340039778945984,64,64,16,fixed_cache,256,2.2545560399350598e-32,3.4666738998970245e-33
s9316_r1_n000_a375,confirmatory,9316,1,0.0,0.375,feedback_only,balanced_permutation_b_k4,balanced_permutation_b,balanced,4,0.5634003977894598,0.5,0.6340039778945984,64,64,32,fixed_cache,256,2.0633959731099886e-32,3.4666738998970245e-33
s9316_r1_n000_a375,confirmatory,9316,1,0.0,0.375,feedback_only,balanced_permutation_b_k8,balanced_permutation_b,balanced,8,1.06340039778946,1.0,0.6340039778945984,64,64,64,fixed_cache,256,2.032759357718095e-32,3.0814879110195774e-33
s9316_r1_n000_a375,confirmatory,9316,1,0.0,0.375,feedback_only,comb_contiguous_k1,comb_contiguous,comb,1,0.225,0.125,1.0,64,64,8,fixed_cache,256,6.697729485260218e-12,6.592178472304532e-12
s9316_r1_n000_a375,confirmatory,9316,1,0.0,0.375,feedback_only,comb_contiguous_k2,comb_contiguous,comb,2,0.35,0.25,1.0,64,64,16,fixed_cache,256,2.1410091297489977e-14,2.1112098153755698e-14
s9316_r1_n000_a375,confirmatory,9316,1,0.0,0.375,feedback_only,comb_contiguous_k4,comb_contiguous,comb,4,0.6,0.5,1.0,64,64,32,fixed_cache,256,4.421189600310857e-16,4.366643843607179e-16
s9316_r1_n000_a375,confirmatory,9316,1,0.0,0.375,feedback_only,comb_contiguous_k8,comb_contiguous,comb,8,1.1,1.0,1.0,64,64,64,fixed_cache,256,2.032759357718095e-32,3.0814879110195774e-33
s9316_r1_n000_a375,confirmatory,9316,1,0.0,0.375,feedback_only,balanced_contiguous_k1,balanced_contiguous,balanced,1,0.1737418407321983,0.125,0.487418407321983,64,64,8,fresh_iid,16,0.0969865396095928,0.09584894705728561
s9316_r1_n000_a375,confirmatory,9316,1,0.0,0.375,feedback_only,balanced_contiguous_k2,balanced_contiguous,balanced,2,0.2987418407321983,0.25,0.487418407321983,64,64,16,fresh_iid,16,0.016923234683537573,0.016754846021818988
s9316_r1_n000_a375,confirmatory,9316,1,0.0,0.375,feedback_only,balanced_contiguous_k4,balanced_contiguous,balanced,4,0.5487418407321983,0.5,0.487418407321983,64,64,32,fresh_iid,16,0.010154927409990966,0.010058828929142533
s9316_r1_n000_a375,confirmatory,9316,1,0.0,0.375,feedback_only,balanced_contiguous_k8,balanced_contiguous,balanced,8,1.0487418407321982,1.0,0.487418407321983,64,64,64,fresh_iid,16,5.700859372498544e-07,5.59574376223793e-07
s9316_r1_n000_a375,confirmatory,9316,1,0.0,0.375,feedback_only,balanced_interleaved_k1,balanced_interleaved,balanced,1,0.19088469787505546,0.125,0.6588469787505544,64,64,8,fresh_iid,16,0.0969865396095928,0.09584894705728561
s9316_r1_n000_a375,confirmatory,9316,1,0.0,0.375,feedback_only,balanced_interleaved_k2,balanced_interleaved,balanced,2,0.31588469787505546,0.25,0.6588469787505544,64,64,16,fresh_iid,16,0.07842974432506834,0.07752693805124083
s9316_r1_n000_a375,confirmatory,9316,1,0.0,0.375,feedback_only,balanced_interleaved_k4,balanced_interleaved,balanced,4,0.5658846978750555,0.5,0.6588469787505544,64,64,32,fresh_iid,16,0.015097378045560182,0.01494883521537014
s9316_r1_n000_a375,confirmatory,9316,1,0.0,0.375,feedback_only,balanced_interleaved_k8,balanced_interleaved,balanced,8,1.0658846978750554,1.0,0.6588469787505544,64,64,64,fresh_iid,16,5.700859372498544e-07,5.59574376223793e-07
s9316_r1_n000_a375,confirmatory,9316,1,0.0,0.375,feedback_only,balanced_permutation_a_k1,balanced_permutation_a,balanced,1,0.18899250811836066,0.125,0.6399250811836067,64,64,8,fresh_iid,16,0.0969865396095928,0.09584894705728561
s9316_r1_n000_a375,confirmatory,9316,1,0.0,0.375,feedback_only,balanced_permutation_a_k2,balanced_permutation_a,balanced,2,0.31399250811836066,0.25,0.6399250811836067,64,64,16,fresh_iid,16,0.0146396474005169,0.014496043991901372
s9316_r1_n000_a375,confirmatory,9316,1,0.0,0.375,feedback_only,balanced_permutation_a_k4,balanced_permutation_a,balanced,4,0.5639925081183607,0.5,0.6399250811836067,64,64,32,fresh_iid,16,0.00021661686324351436,0.00021495512511479387
s9316_r1_n000_a375,confirmatory,9316,1,0.0,0.375,feedback_only,balanced_permutation_a_k8,balanced_permutation_a,balanced,8,1.0639925081183608,1.0,0.6399250811836067,64,64,64,fresh_iid,16,5.700859372498544e-07,5.59574376223793e-07
s9316_r1_n000_a375,confirmatory,9316,1,0.0,0.375,feedback_only,balanced_permutation_b_k1,balanced_permutation_b,balanced,1,0.18840039778945986,0.125,0.6340039778945984,64,64,8,fresh_iid,16,0.0969865396095928,0.09584894705728561
s9316_r1_n000_a375,confirmatory,9316,1,0.0,0.375,feedback_only,balanced_permutation_b_k2,balanced_permutation_b,balanced,2,0.31340039778945983,0.25,0.6340039778945984,64,64,16,fresh_iid,16,0.001069622625409208,0.0010612159132158123
s9316_r1_n000_a375,confirmatory,9316,1,0.0,0.375,feedback_only,balanced_permutation_b_k4,balanced_permutation_b,balanced,4,0.5634003977894598,0.5,0.6340039778945984,64,64,32,fresh_iid,16,0.0004958246818633756,0.0004920379097185933
s9316_r1_n000_a375,confirmatory,9316,1,0.0,0.375,feedback_only,balanced_permutation_b_k8,balanced_permutation_b,balanced,8,1.06340039778946,1.0,0.6340039778945984,64,64,64,fresh_iid,16,5.700859372498544e-07,5.59574376223793e-07
s9316_r1_n000_a375,confirmatory,9316,1,0.0,0.375,feedback_only,comb_contiguous_k1,comb_contiguous,comb,1,0.225,0.125,1.0,64,64,8,fresh_iid,16,0.0969865396095928,0.09584894705728561
s9316_r1_n000_a375,confirmatory,9316,1,0.0,0.375,feedback_only,comb_contiguous_k2,comb_contiguous,comb,2,0.35,0.25,1.0,64,64,16,fresh_iid,16,0.06545566505727897,0.06471441377908008
s9316_r1_n000_a375,confirmatory,9316,1,0.0,0.375,feedback_only,comb_contiguous_k4,comb_contiguous,comb,4,0.6,0.5,1.0,64,64,32,fresh_iid,16,0.050099124118549845,0.04954560575239199
s9316_r1_n000_a375,confirmatory,9316,1,0.0,0.375,feedback_only,comb_contiguous_k8,comb_contiguous,comb,8,1.1,1.0,1.0,64,64,64,fresh_iid,16,5.700859372498544e-07,5.59574376223793e-07
s9316_r1_n000_a375,confirmatory,9316,1,0.0,0.375,feedback_only,balanced_contiguous_k1,balanced_contiguous,balanced,1,0.1737418407321983,0.125,0.487418407321983,64,64,8,fresh_iid,64,0.0007265834071045412,0.0007214944427615594
s9316_r1_n000_a375,confirmatory,9316,1,0.0,0.375,feedback_only,balanced_contiguous_k2,balanced_contiguous,balanced,2,0.2987418407321983,0.25,0.487418407321983,64,64,16,fresh_iid,64,8.018210639922138e-07,8.016531742228754e-07
s9316_r1_n000_a375,confirmatory,9316,1,0.0,0.375,feedback_only,balanced_contiguous_k4,balanced_contiguous,balanced,4,0.5487418407321983,0.5,0.487418407321983,64,64,32,fresh_iid,64,1.1126477159029656e-07,1.1144122256916971e-07
s9316_r1_n000_a375,confirmatory,9316,1,0.0,0.375,feedback_only,balanced_contiguous_k8,balanced_contiguous,balanced,8,1.0487418407321982,1.0,0.487418407321983,64,64,64,fresh_iid,64,4.1060021954594325e-24,4.2324768550890035e-24
s9316_r1_n000_a375,confirmatory,9316,1,0.0,0.375,feedback_only,balanced_interleaved_k1,balanced_interleaved,balanced,1,0.19088469787505546,0.125,0.6588469787505544,64,64,8,fresh_iid,64,0.0007265834071045412,0.0007214944427615594
s9316_r1_n000_a375,confirmatory,9316,1,0.0,0.375,feedback_only,balanced_interleaved_k2,balanced_interleaved,balanced,2,0.31588469787505546,0.25,0.6588469787505544,64,64,16,fresh_iid,64,0.00031567911601086104,0.000313738230405498
s9316_r1_n000_a375,confirmatory,9316,1,0.0,0.375,feedback_only,balanced_interleaved_k4,balanced_interleaved,balanced,4,0.5658846978750555,0.5,0.6588469787505544,64,64,32,fresh_iid,64,5.153319892267963e-07,5.15435933376657e-07
s9316_r1_n000_a375,confirmatory,9316,1,0.0,0.375,feedback_only,balanced_interleaved_k8,balanced_interleaved,balanced,8,1.0658846978750554,1.0,0.6588469787505544,64,64,64,fresh_iid,64,4.1060021954594325e-24,4.2324768550890035e-24
s9316_r1_n000_a375,confirmatory,9316,1,0.0,0.375,feedback_only,balanced_permutation_a_k1,balanced_permutation_a,balanced,1,0.18899250811836066,0.125,0.6399250811836067,64,64,8,fresh_iid,64,0.0007265834071045412,0.0007214944427615594
s9316_r1_n000_a375,confirmatory,9316,1,0.0,0.375,feedback_only,balanced_permutation_a_k2,balanced_permutation_a,balanced,2,0.31399250811836066,0.25,0.6399250811836067,64,64,16,fresh_iid,64,4.5744450970398486e-07,4.575870585602336e-07
s9316_r1_n000_a375,confirmatory,9316,1,0.0,0.375,feedback_only,balanced_permutation_a_k4,balanced_permutation_a,balanced,4,0.5639925081183607,0.5,0.6399250811836067,64,64,32,fresh_iid,64,4.6270411742726505e-14,4.683545989188015e-14
s9316_r1_n000_a375,confirmatory,9316,1,0.0,0.375,feedback_only,balanced_permutation_a_k8,balanced_permutation_a,balanced,8,1.0639925081183608,1.0,0.6399250811836067,64,64,64,fresh_iid,64,4.1060021954594325e-24,4.2324768550890035e-24
s9316_r1_n000_a375,confirmatory,9316,1,0.0,0.375,feedback_only,balanced_permutation_b_k1,balanced_permutation_b,balanced,1,0.18840039778945986,0.125,0.6340039778945984,64,64,8,fresh_iid,64,0.0007265834071045412,0.0007214944427615594
s9316_r1_n000_a375,confirmatory,9316,1,0.0,0.375,feedback_only,balanced_permutation_b_k2,balanced_permutation_b,balanced,2,0.31340039778945983,0.25,0.6340039778945984,64,64,16,fresh_iid,64,1.986123506568287e-11,2.0024043368894565e-11
s9316_r1_n000_a375,confirmatory,9316,1,0.0,0.375,feedback_only,balanced_permutation_b_k4,balanced_permutation_b,balanced,4,0.5634003977894598,0.5,0.6340039778945984,64,64,32,fresh_iid,64,1.0664636857881727e-12,1.0772672317589313e-12
s9316_r1_n000_a375,confirmatory,9316,1,0.0,0.375,feedback_only,balanced_permutation_b_k8,balanced_permutation_b,balanced,8,1.06340039778946,1.0,0.6340039778945984,64,64,64,fresh_iid,64,4.1060021954594325e-24,4.2324768550890035e-24
s9316_r1_n000_a375,confirmatory,9316,1,0.0,0.375,feedback_only,comb_contiguous_k1,comb_contiguous,comb,1,0.225,0.125,1.0,64,64,8,fresh_iid,64,0.0007265834071045412,0.0007214944427615594
s9316_r1_n000_a375,confirmatory,9316,1,0.0,0.375,feedback_only,comb_contiguous_k2,comb_contiguous,comb,2,0.35,0.25,1.0,64,64,16,fresh_iid,64,0.00015542267061860625,0.00015458008472952987
s9316_r1_n000_a375,confirmatory,9316,1,0.0,0.375,feedback_only,comb_contiguous_k4,comb_contiguous,comb,4,0.6,0.5,1.0,64,64,32,fresh_iid,64,5.46260719804411e-05,5.4388263530349406e-05
s9316_r1_n000_a375,confirmatory,9316,1,0.0,0.375,feedback_only,comb_contiguous_k8,comb_contiguous,comb,8,1.1,1.0,1.0,64,64,64,fresh_iid,64,4.1060021954594325e-24,4.2324768550890035e-24
s9316_r1_n000_a375,confirmatory,9316,1,0.0,0.375,feedback_only,balanced_contiguous_k1,balanced_contiguous,balanced,1,0.1737418407321983,0.125,0.487418407321983,64,64,8,fresh_iid,256,1.1050457946763427e-12,1.0998188973540724e-12
s9316_r1_n000_a375,confirmatory,9316,1,0.0,0.375,feedback_only,balanced_contiguous_k2,balanced_contiguous,balanced,2,0.2987418407321983,0.25,0.487418407321983,64,64,16,fresh_iid,256,6.1759054374793225e-25,6.299671990293349e-25
s9316_r1_n000_a375,confirmatory,9316,1,0.0,0.375,feedback_only,balanced_contiguous_k4,balanced_contiguous,balanced,4,0.5487418407321983,0.5,0.487418407321983,64,64,32,fresh_iid,256,1.8539840543874077e-28,1.9023141914091596e-28
s9316_r1_n000_a375,confirmatory,9316,1,0.0,0.375,feedback_only,balanced_contiguous_k8,balanced_contiguous,balanced,8,1.0487418407321982,1.0,0.487418407321983,64,64,64,fresh_iid,256,2.1537197835328223e-32,3.177784408238939e-33
s9316_r1_n000_a375,confirmatory,9316,1,0.0,0.375,feedback_only,balanced_interleaved_k1,balanced_interleaved,balanced,1,0.19088469787505546,0.125,0.6588469787505544,64,64,8,fresh_iid,256,1.1050457946763427e-12,1.0998188973540724e-12
s9316_r1_n000_a375,confirmatory,9316,1,0.0,0.375,feedback_only,balanced_interleaved_k2,balanced_interleaved,balanced,2,0.31588469787505546,0.25,0.6588469787505544,64,64,16,fresh_iid,256,3.517494387286156e-14,3.507781554280419e-14
s9316_r1_n000_a375,confirmatory,9316,1,0.0,0.375,feedback_only,balanced_interleaved_k4,balanced_interleaved,balanced,4,0.5658846978750555,0.5,0.6588469787505544,64,64,32,fresh_iid,256,9.980112583976681e-26,1.0199091017485357e-25
s9316_r1_n000_a375,confirmatory,9316,1,0.0,0.375,feedback_only,balanced_interleaved_k8,balanced_interleaved,balanced,8,1.0658846978750554,1.0,0.6588469787505544,64,64,64,fresh_iid,256,2.1537197835328223e-32,3.177784408238939e-33
s9316_r1_n000_a375,confirmatory,9316,1,0.0,0.375,feedback_only,balanced_permutation_a_k1,balanced_permutation_a,balanced,1,0.18899250811836066,0.125,0.6399250811836067,64,64,8,fresh_iid,256,1.1050457946763427e-12,1.0998188973540724e-12
s9316_r1_n000_a375,confirmatory,9316,1,0.0,0.375,feedback_only,balanced_permutation_a_k2,balanced_permutation_a,balanced,2,0.31399250811836066,0.25,0.6399250811836067,64,64,16,fresh_iid,256,6.10828829590634e-26,6.24550601275728e-26
s9316_r1_n000_a375,confirmatory,9316,1,0.0,0.375,feedback_only,balanced_permutation_a_k4,balanced_permutation_a,balanced,4,0.5639925081183607,0.5,0.6399250811836067,64,64,32,fresh_iid,256,2.0189705151093618e-32,1.6370404527291505e-33
s9316_r1_n000_a375,confirmatory,9316,1,0.0,0.375,feedback_only,balanced_permutation_a_k8,balanced_permutation_a,balanced,8,1.0639925081183608,1.0,0.6399250811836067,64,64,64,fresh_iid,256,2.1537197835328223e-32,3.177784408238939e-33
s9316_r1_n000_a375,confirmatory,9316,1,0.0,0.375,feedback_only,balanced_permutation_b_k1,balanced_permutation_b,balanced,1,0.18840039778945986,0.125,0.6340039778945984,64,64,8,fresh_iid,256,1.1050457946763427e-12,1.0998188973540724e-12
s9316_r1_n000_a375,confirmatory,9316,1,0.0,0.375,feedback_only,balanced_permutation_b_k2,balanced_permutation_b,balanced,2,0.31340039778945983,0.25,0.6340039778945984,64,64,16,fresh_iid,256,2.0276962096755157e-32,1.6370404527291505e-33
s9316_r1_n000_a375,confirmatory,9316,1,0.0,0.375,feedback_only,balanced_permutation_b_k4,balanced_permutation_b,balanced,4,0.5634003977894598,0.5,0.6340039778945984,64,64,32,fresh_iid,256,2.0620406281234905e-32,3.0814879110195774e-33
s9316_r1_n000_a375,confirmatory,9316,1,0.0,0.375,feedback_only,balanced_permutation_b_k8,balanced_permutation_b,balanced,8,1.06340039778946,1.0,0.6340039778945984,64,64,64,fresh_iid,256,2.1537197835328223e-32,3.177784408238939e-33
s9316_r1_n000_a375,confirmatory,9316,1,0.0,0.375,feedback_only,comb_contiguous_k1,comb_contiguous,comb,1,0.225,0.125,1.0,64,64,8,fresh_iid,256,1.1050457946763427e-12,1.0998188973540724e-12
s9316_r1_n000_a375,confirmatory,9316,1,0.0,0.375,feedback_only,comb_contiguous_k2,comb_contiguous,comb,2,0.35,0.25,1.0,64,64,16,fresh_iid,256,1.8702220615164895e-15,1.8686299926835618e-15
s9316_r1_n000_a375,confirmatory,9316,1,0.0,0.375,feedback_only,comb_contiguous_k4,comb_contiguous,comb,4,0.6,0.5,1.0,64,64,32,fresh_iid,256,2.449255610153794e-17,2.4551342949541287e-17
s9316_r1_n000_a375,confirmatory,9316,1,0.0,0.375,feedback_only,comb_contiguous_k8,comb_contiguous,comb,8,1.1,1.0,1.0,64,64,64,fresh_iid,256,2.1537197835328223e-32,3.177784408238939e-33
s9316_r1_n000_a375,confirmatory,9316,1,0.0,0.375,joint_forward_feedback,balanced_contiguous_k1,balanced_contiguous,balanced,1,0.1737418407321983,0.125,0.487418407321983,64,64,8,fixed_cache,16,0.21810950398696538,0.21482861993052477
s9316_r1_n000_a375,confirmatory,9316,1,0.0,0.375,joint_forward_feedback,balanced_contiguous_k2,balanced_contiguous,balanced,2,0.2987418407321983,0.25,0.487418407321983,64,64,16,fixed_cache,16,0.09406871070408285,0.09254290483795544
s9316_r1_n000_a375,confirmatory,9316,1,0.0,0.375,joint_forward_feedback,balanced_contiguous_k4,balanced_contiguous,balanced,4,0.5487418407321983,0.5,0.487418407321983,64,64,32,fixed_cache,16,0.075424853082806,0.0741844693261553
s9316_r1_n000_a375,confirmatory,9316,1,0.0,0.375,joint_forward_feedback,balanced_contiguous_k8,balanced_contiguous,balanced,8,1.0487418407321982,1.0,0.487418407321983,64,64,64,fixed_cache,16,0.009281206482516853,0.009123185216067468
s9316_r1_n000_a375,confirmatory,9316,1,0.0,0.375,joint_forward_feedback,balanced_interleaved_k1,balanced_interleaved,balanced,1,0.19088469787505546,0.125,0.6588469787505544,64,64,8,fixed_cache,16,0.1862790106755508,0.183428469088439
s9316_r1_n000_a375,confirmatory,9316,1,0.0,0.375,joint_forward_feedback,balanced_interleaved_k2,balanced_interleaved,balanced,2,0.31588469787505546,0.25,0.6588469787505544,64,64,16,fixed_cache,16,0.16451371164505302,0.16196463320943205
s9316_r1_n000_a375,confirmatory,9316,1,0.0,0.375,joint_forward_feedback,balanced_interleaved_k4,balanced_interleaved,balanced,4,0.5658846978750555,0.5,0.6588469787505544,64,64,32,fixed_cache,16,0.06630329272062582,0.06520524663814925
s9316_r1_n000_a375,confirmatory,9316,1,0.0,0.375,joint_forward_feedback,balanced_interleaved_k8,balanced_interleaved,balanced,8,1.0658846978750554,1.0,0.6588469787505544,64,64,64,fixed_cache,16,0.0014636992618362204,0.0014406938682281715
s9316_r1_n000_a375,confirmatory,9316,1,0.0,0.375,joint_forward_feedback,balanced_permutation_a_k1,balanced_permutation_a,balanced,1,0.18899250811836066,0.125,0.6399250811836067,64,64,8,fixed_cache,16,0.18586900360045167,0.18302408471707823
s9316_r1_n000_a375,confirmatory,9316,1,0.0,0.375,joint_forward_feedback,balanced_permutation_a_k2,balanced_permutation_a,balanced,2,0.31399250811836066,0.25,0.6399250811836067,64,64,16,fixed_cache,16,0.057239985634192414,0.05628528327552126
s9316_r1_n000_a375,confirmatory,9316,1,0.0,0.375,joint_forward_feedback,balanced_permutation_a_k4,balanced_permutation_a,balanced,4,0.5639925081183607,0.5,0.6399250811836067,64,64,32,fixed_cache,16,0.006346119285547738,0.006239043964507953
s9316_r1_n000_a375,confirmatory,9316,1,0.0,0.375,joint_forward_feedback,balanced_permutation_a_k8,balanced_permutation_a,balanced,8,1.0639925081183608,1.0,0.6399250811836067,64,64,64,fixed_cache,16,0.0008705320540079733,0.0008573667096015774
s9316_r1_n000_a375,confirmatory,9316,1,0.0,0.375,joint_forward_feedback,balanced_permutation_b_k1,balanced_permutation_b,balanced,1,0.18840039778945986,0.125,0.6340039778945984,64,64,8,fixed_cache,16,0.17678364635788846,0.17406386579817362
s9316_r1_n000_a375,confirmatory,9316,1,0.0,0.375,joint_forward_feedback,balanced_permutation_b_k2,balanced_permutation_b,balanced,2,0.31340039778945983,0.25,0.6340039778945984,64,64,16,fixed_cache,16,0.01463299589965238,0.014382533021007428
s9316_r1_n000_a375,confirmatory,9316,1,0.0,0.375,joint_forward_feedback,balanced_permutation_b_k4,balanced_permutation_b,balanced,4,0.5634003977894598,0.5,0.6340039778945984,64,64,32,fixed_cache,16,0.009085477642987415,0.008930850522327087
s9316_r1_n000_a375,confirmatory,9316,1,0.0,0.375,joint_forward_feedback,balanced_permutation_b_k8,balanced_permutation_b,balanced,8,1.06340039778946,1.0,0.6340039778945984,64,64,64,fixed_cache,16,0.00039075187607719186,0.0003852667569178612
s9316_r1_n000_a375,confirmatory,9316,1,0.0,0.375,joint_forward_feedback,comb_contiguous_k1,comb_contiguous,comb,1,0.225,0.125,1.0,64,64,8,fixed_cache,16,0.2007530384709002,0.19770532611484404
s9316_r1_n000_a375,confirmatory,9316,1,0.0,0.375,joint_forward_feedback,comb_contiguous_k2,comb_contiguous,comb,2,0.35,0.25,1.0,64,64,16,fixed_cache,16,0.15961139928956725,0.15713108826462918
s9316_r1_n000_a375,confirmatory,9316,1,0.0,0.375,joint_forward_feedback,comb_contiguous_k4,comb_contiguous,comb,4,0.6,0.5,1.0,64,64,32,fixed_cache,16,0.13784677588881025,0.13567588246652007
s9316_r1_n000_a375,confirmatory,9316,1,0.0,0.375,joint_forward_feedback,comb_contiguous_k8,comb_contiguous,comb,8,1.1,1.0,1.0,64,64,64,fixed_cache,16,0.005053800397015599,0.004969152617121492
s9316_r1_n000_a375,confirmatory,9316,1,0.0,0.375,joint_forward_feedback,balanced_contiguous_k1,balanced_contiguous,balanced,1,0.1737418407321983,0.125,0.487418407321983,64,64,8,fixed_cache,64,0.02025567146387216,0.01993181333814044
s9316_r1_n000_a375,confirmatory,9316,1,0.0,0.375,joint_forward_feedback,balanced_contiguous_k2,balanced_contiguous,balanced,2,0.2987418407321983,0.25,0.487418407321983,64,64,16,fixed_cache,64,0.0008236796316878044,0.0008098199614194996
s9316_r1_n000_a375,confirmatory,9316,1,0.0,0.375,joint_forward_feedback,balanced_contiguous_k4,balanced_contiguous,balanced,4,0.5487418407321983,0.5,0.487418407321983,64,64,32,fixed_cache,64,0.0003549177567329378,0.0003489164534669709
s9316_r1_n000_a375,confirmatory,9316,1,0.0,0.375,joint_forward_feedback,balanced_contiguous_k8,balanced_contiguous,balanced,8,1.0487418407321982,1.0,0.487418407321983,64,64,64,fixed_cache,64,1.1383953321913766e-07,1.1185912819448596e-07
s9316_r1_n000_a375,confirmatory,9316,1,0.0,0.375,joint_forward_feedback,balanced_interleaved_k1,balanced_interleaved,balanced,1,0.19088469787505546,0.125,0.6588469787505544,64,64,8,fixed_cache,64,0.011107726828563457,0.010927352175692299
s9316_r1_n000_a375,confirmatory,9316,1,0.0,0.375,joint_forward_feedback,balanced_interleaved_k2,balanced_interleaved,balanced,2,0.31588469787505546,0.25,0.6588469787505544,64,64,16,fixed_cache,64,0.006920944951504944,0.006807450831896862
s9316_r1_n000_a375,confirmatory,9316,1,0.0,0.375,joint_forward_feedback,balanced_interleaved_k4,balanced_interleaved,balanced,4,0.5658846978750555,0.5,0.6588469787505544,64,64,32,fixed_cache,64,0.00021707922743168206,0.0002134010306915833
s9316_r1_n000_a375,confirmatory,9316,1,0.0,0.375,joint_forward_feedback,balanced_interleaved_k8,balanced_interleaved,balanced,8,1.0658846978750554,1.0,0.6588469787505544,64,64,64,fixed_cache,64,8.280358545725284e-11,8.127680928853982e-11
s9316_r1_n000_a375,confirmatory,9316,1,0.0,0.375,joint_forward_feedback,balanced_permutation_a_k1,balanced_permutation_a,balanced,1,0.18899250811836066,0.125,0.6399250811836067,64,64,8,fixed_cache,64,0.01101491855389745,0.010836016784999944
s9316_r1_n000_a375,confirmatory,9316,1,0.0,0.375,joint_forward_feedback,balanced_permutation_a_k2,balanced_permutation_a,balanced,2,0.31399250811836066,0.25,0.6399250811836067,64,64,16,fixed_cache,64,0.00012387511083816806,0.0001217722227434702
s9316_r1_n000_a375,confirmatory,9316,1,0.0,0.375,joint_forward_feedback,balanced_permutation_a_k4,balanced_permutation_a,balanced,4,0.5639925081183607,0.5,0.6399250811836067,64,64,32,fixed_cache,64,2.6029446880622294e-08,2.557220374009629e-08
s9316_r1_n000_a375,confirmatory,9316,1,0.0,0.375,joint_forward_feedback,balanced_permutation_a_k8,balanced_permutation_a,balanced,8,1.0639925081183608,1.0,0.6399250811836067,64,64,64,fixed_cache,64,1.0550963846316908e-11,1.0352687521708572e-11
s9316_r1_n000_a375,confirmatory,9316,1,0.0,0.375,joint_forward_feedback,balanced_permutation_b_k1,balanced_permutation_b,balanced,1,0.18840039778945986,0.125,0.6340039778945984,64,64,8,fixed_cache,64,0.00910139420424504,0.008952953166621314
s9316_r1_n000_a375,confirmatory,9316,1,0.0,0.375,joint_forward_feedback,balanced_permutation_b_k2,balanced_permutation_b,balanced,2,0.31340039778945983,0.25,0.6340039778945984,64,64,16,fixed_cache,64,6.616675400871772e-07,6.502628657417106e-07
s9316_r1_n000_a375,confirmatory,9316,1,0.0,0.375,joint_forward_feedback,balanced_permutation_b_k4,balanced_permutation_b,balanced,4,0.5634003977894598,0.5,0.6340039778945984,64,64,32,fixed_cache,64,1.0481604602370923e-07,1.0299170688043912e-07
s9316_r1_n000_a375,confirmatory,9316,1,0.0,0.375,joint_forward_feedback,balanced_permutation_b_k8,balanced_permutation_b,balanced,8,1.06340039778946,1.0,0.6340039778945984,64,64,64,fixed_cache,64,4.293496279388924e-13,4.21040086743343e-13
s9316_r1_n000_a375,confirmatory,9316,1,0.0,0.375,joint_forward_feedback,comb_contiguous_k1,comb_contiguous,comb,1,0.225,0.125,1.0,64,64,8,fixed_cache,64,0.014770039464140943,0.014531842290304268
s9316_r1_n000_a375,confirmatory,9316,1,0.0,0.375,joint_forward_feedback,comb_contiguous_k2,comb_contiguous,comb,2,0.35,0.25,1.0,64,64,16,fixed_cache,64,0.0061680139147072405,0.006066653666919115
s9316_r1_n000_a375,confirmatory,9316,1,0.0,0.375,joint_forward_feedback,comb_contiguous_k4,comb_contiguous,comb,4,0.6,0.5,1.0,64,64,32,fixed_cache,64,0.0035298261794589054,0.0034713048427774335
s9316_r1_n000_a375,confirmatory,9316,1,0.0,0.375,joint_forward_feedback,comb_contiguous_k8,comb_contiguous,comb,8,1.1,1.0,1.0,64,64,64,fixed_cache,64,1.0725413735045025e-08,1.0535765669734708e-08
s9316_r1_n000_a375,confirmatory,9316,1,0.0,0.375,joint_forward_feedback,balanced_contiguous_k1,balanced_contiguous,balanced,1,0.1737418407321983,0.125,0.487418407321983,64,64,8,fixed_cache,256,9.389508167236197e-07,9.220173655372959e-07
s9316_r1_n000_a375,confirmatory,9316,1,0.0,0.375,joint_forward_feedback,balanced_contiguous_k2,balanced_contiguous,balanced,2,0.2987418407321983,0.25,0.487418407321983,64,64,16,fixed_cache,256,2.3095268461427093e-12,2.273819565417059e-12
s9316_r1_n000_a375,confirmatory,9316,1,0.0,0.375,joint_forward_feedback,balanced_contiguous_k4,balanced_contiguous,balanced,4,0.5487418407321983,0.5,0.487418407321983,64,64,32,fixed_cache,256,7.796081166127429e-14,7.68394616357149e-14
s9316_r1_n000_a375,confirmatory,9316,1,0.0,0.375,joint_forward_feedback,balanced_contiguous_k8,balanced_contiguous,balanced,8,1.0487418407321982,1.0,0.487418407321983,64,64,64,fixed_cache,256,6.368004382872825e-28,6.382597317317409e-28
s9316_r1_n000_a375,confirmatory,9316,1,0.0,0.375,joint_forward_feedback,balanced_interleaved_k1,balanced_interleaved,balanced,1,0.19088469787505546,0.125,0.6588469787505544,64,64,8,fixed_cache,256,8.271388221613745e-08,8.124754802223344e-08
s9316_r1_n000_a375,confirmatory,9316,1,0.0,0.375,joint_forward_feedback,balanced_interleaved_k2,balanced_interleaved,balanced,2,0.31588469787505546,0.25,0.6588469787505544,64,64,16,fixed_cache,256,1.224847516294448e-08,1.2035131347450516e-08
s9316_r1_n000_a375,confirmatory,9316,1,0.0,0.375,joint_forward_feedback,balanced_interleaved_k4,balanced_interleaved,balanced,4,0.5658846978750555,0.5,0.6588469787505544,64,64,32,fixed_cache,256,1.0779451229646198e-14,1.0632216517472213e-14
s9316_r1_n000_a375,confirmatory,9316,1,0.0,0.375,joint_forward_feedback,balanced_interleaved_k8,balanced_interleaved,balanced,8,1.0658846978750554,1.0,0.6588469787505544,64,64,64,fixed_cache,256,2.2545560399350598e-32,1.5503736052317249e-32
s9316_r1_n000_a375,confirmatory,9316,1,0.0,0.375,joint_forward_feedback,balanced_permutation_a_k1,balanced_permutation_a,balanced,1,0.18899250811836066,0.125,0.6399250811836067,64,64,8,fixed_cache,256,7.995732687425833e-08,7.854026355383065e-08
s9316_r1_n000_a375,confirmatory,9316,1,0.0,0.375,joint_forward_feedback,balanced_permutation_a_k2,balanced_permutation_a,balanced,2,0.31399250811836066,0.25,0.6399250811836067,64,64,16,fixed_cache,256,1.1273118524624514e-15,1.1129456356917098e-15
s9316_r1_n000_a375,confirmatory,9316,1,0.0,0.375,joint_forward_feedback,balanced_permutation_a_k4,balanced_permutation_a,balanced,4,0.5639925081183607,0.5,0.6399250811836067,64,64,32,fixed_cache,256,1.639383861879955e-30,1.5222550280436712e-30
s9316_r1_n000_a375,confirmatory,9316,1,0.0,0.375,joint_forward_feedback,balanced_permutation_a_k8,balanced_permutation_a,balanced,8,1.0639925081183608,1.0,0.6399250811836067,64,64,64,fixed_cache,256,2.0189705151093618e-32,8.185202263645752e-33
s9316_r1_n000_a375,confirmatory,9316,1,0.0,0.375,joint_forward_feedback,balanced_permutation_b_k1,balanced_permutation_b,balanced,1,0.18840039778945986,0.125,0.6340039778945984,64,64,8,fixed_cache,256,3.699709679513917e-08,3.634582127104247e-08
s9316_r1_n000_a375,confirmatory,9316,1,0.0,0.375,joint_forward_feedback,balanced_permutation_b_k2,balanced_permutation_b,balanced,2,0.31340039778945983,0.25,0.6340039778945984,64,64,16,fixed_cache,256,7.813830840472397e-25,7.8052134545011325e-25
s9316_r1_n000_a375,confirmatory,9316,1,0.0,0.375,joint_forward_feedback,balanced_permutation_b_k4,balanced_permutation_b,balanced,4,0.5634003977894598,0.5,0.6340039778945984,64,64,32,fixed_cache,256,4.561442539575551e-28,4.562131296684818e-28
s9316_r1_n000_a375,confirmatory,9316,1,0.0,0.375,joint_forward_feedback,balanced_permutation_b_k8,balanced_permutation_b,balanced,8,1.06340039778946,1.0,0.6340039778945984,64,64,64,fixed_cache,256,2.0566077871075775e-32,4.718528363748728e-33
s9316_r1_n000_a375,confirmatory,9316,1,0.0,0.375,joint_forward_feedback,comb_contiguous_k1,comb_contiguous,comb,1,0.225,0.125,1.0,64,64,8,fixed_cache,256,2.6165708141033296e-07,2.5697664088142704e-07
s9316_r1_n000_a375,confirmatory,9316,1,0.0,0.375,joint_forward_feedback,comb_contiguous_k2,comb_contiguous,comb,2,0.35,0.25,1.0,64,64,16,fixed_cache,256,7.696122660574229e-09,7.562707039713253e-09
s9316_r1_n000_a375,confirmatory,9316,1,0.0,0.375,joint_forward_feedback,comb_contiguous_k4,comb_contiguous,comb,4,0.6,0.5,1.0,64,64,32,fixed_cache,256,8.107836423777753e-10,7.9708176117073e-10
s9316_r1_n000_a375,confirmatory,9316,1,0.0,0.375,joint_forward_feedback,comb_contiguous_k8,comb_contiguous,comb,8,1.1,1.0,1.0,64,64,64,fixed_cache,256,6.443576655073753e-32,4.352601674315153e-32
s9316_r1_n000_a375,confirmatory,9316,1,0.0,0.375,joint_forward_feedback,balanced_contiguous_k1,balanced_contiguous,balanced,1,0.1737418407321983,0.125,0.487418407321983,64,64,8,fresh_iid,16,0.21547741759200703,0.21277661815969037
s9316_r1_n000_a375,confirmatory,9316,1,0.0,0.375,joint_forward_feedback,balanced_contiguous_k2,balanced_contiguous,balanced,2,0.2987418407321983,0.25,0.487418407321983,64,64,16,fresh_iid,16,0.09019482590600865,0.08914361837064236
s9316_r1_n000_a375,confirmatory,9316,1,0.0,0.375,joint_forward_feedback,balanced_contiguous_k4,balanced_contiguous,balanced,4,0.5487418407321983,0.5,0.487418407321983,64,64,32,fresh_iid,16,0.07152943473732232,0.07071285036890257
s9316_r1_n000_a375,confirmatory,9316,1,0.0,0.375,joint_forward_feedback,balanced_contiguous_k8,balanced_contiguous,balanced,8,1.0487418407321982,1.0,0.487418407321983,64,64,64,fresh_iid,16,0.007397253744529908,0.007329369059360751
s9316_r1_n000_a375,confirmatory,9316,1,0.0,0.375,joint_forward_feedback,balanced_interleaved_k1,balanced_interleaved,balanced,1,0.19088469787505546,0.125,0.6588469787505544,64,64,8,fresh_iid,16,0.1832570544541134,0.18098949518412144
s9316_r1_n000_a375,confirmatory,9316,1,0.0,0.375,joint_forward_feedback,balanced_interleaved_k2,balanced_interleaved,balanced,2,0.31588469787505546,0.25,0.6588469787505544,64,64,16,fresh_iid,16,0.16123645603815379,0.1592620049703205
s9316_r1_n000_a375,confirmatory,9316,1,0.0,0.375,joint_forward_feedback,balanced_interleaved_k4,balanced_interleaved,balanced,4,0.5658846978750555,0.5,0.6588469787505544,64,64,32,fresh_iid,16,0.062438933299286785,0.0617348867657235
s9316_r1_n000_a375,confirmatory,9316,1,0.0,0.375,joint_forward_feedback,balanced_interleaved_k8,balanced_interleaved,balanced,8,1.0658846978750554,1.0,0.6588469787505544,64,64,64,fresh_iid,16,0.0008937943754851374,0.0008868330255097253
s9316_r1_n000_a375,confirmatory,9316,1,0.0,0.375,joint_forward_feedback,balanced_permutation_a_k1,balanced_permutation_a,balanced,1,0.18899250811836066,0.125,0.6399250811836067,64,64,8,fresh_iid,16,0.18284211627849156,0.18058010399051522
s9316_r1_n000_a375,confirmatory,9316,1,0.0,0.375,joint_forward_feedback,balanced_permutation_a_k2,balanced_permutation_a,balanced,2,0.31399250811836066,0.25,0.6399250811836067,64,64,16,fresh_iid,16,0.05344377835133939,0.052849742758197246
s9316_r1_n000_a375,confirmatory,9316,1,0.0,0.375,joint_forward_feedback,balanced_permutation_a_k4,balanced_permutation_a,balanced,4,0.5639925081183607,0.5,0.6399250811836067,64,64,32,fresh_iid,16,0.004831311759568279,0.0047887161503228515
s9316_r1_n000_a375,confirmatory,9316,1,0.0,0.375,joint_forward_feedback,balanced_permutation_a_k8,balanced_permutation_a,balanced,8,1.0639925081183608,1.0,0.6399250811836067,64,64,64,fresh_iid,16,0.0004834254647043876,0.0004797350662952112
s9316_r1_n000_a375,confirmatory,9316,1,0.0,0.375,joint_forward_feedback,balanced_permutation_b_k1,balanced_permutation_b,balanced,1,0.18840039778945986,0.125,0.6340039778945984,64,64,8,fresh_iid,16,0.17364852847513748,0.17150918889322442
s9316_r1_n000_a375,confirmatory,9316,1,0.0,0.375,joint_forward_feedback,balanced_permutation_b_k2,balanced_permutation_b,balanced,2,0.31340039778945983,0.25,0.6340039778945984,64,64,16,fresh_iid,16,0.012247808951455542,0.01212975700805233
s9316_r1_n000_a375,confirmatory,9316,1,0.0,0.375,joint_forward_feedback,balanced_permutation_b_k4,balanced_permutation_b,balanced,4,0.5634003977894598,0.5,0.6340039778945984,64,64,32,fresh_iid,16,0.007223537623273603,0.007157398015863167
s9316_r1_n000_a375,confirmatory,9316,1,0.0,0.375,joint_forward_feedback,balanced_permutation_b_k8,balanced_permutation_b,balanced,8,1.06340039778946,1.0,0.6340039778945984,64,64,64,fresh_iid,16,0.00018430062145028685,0.00018287846479776222
s9316_r1_n000_a375,confirmatory,9316,1,0.0,0.375,joint_forward_feedback,comb_contiguous_k1,comb_contiguous,comb,1,0.225,0.125,1.0,64,64,8,fresh_iid,16,0.19790706427761057,0.1954431156088024
s9316_r1_n000_a375,confirmatory,9316,1,0.0,0.375,joint_forward_feedback,comb_contiguous_k2,comb_contiguous,comb,2,0.35,0.25,1.0,64,64,16,fresh_iid,16,0.15627902882905992,0.15437018645227363
s9316_r1_n000_a375,confirmatory,9316,1,0.0,0.375,joint_forward_feedback,comb_contiguous_k4,comb_contiguous,comb,4,0.6,0.5,1.0,64,64,32,fresh_iid,16,0.13428605750593797,0.13266640027542978
s9316_r1_n000_a375,confirmatory,9316,1,0.0,0.375,joint_forward_feedback,comb_contiguous_k8,comb_contiguous,comb,8,1.1,1.0,1.0,64,64,64,fresh_iid,16,0.003735029510432285,0.0037028530151192686
s9316_r1_n000_a375,confirmatory,9316,1,0.0,0.375,joint_forward_feedback,balanced_contiguous_k1,balanced_contiguous,balanced,1,0.1737418407321983,0.125,0.487418407321983,64,64,8,fresh_iid,64,0.016926621894789766,0.016754321750268645
s9316_r1_n000_a375,confirmatory,9316,1,0.0,0.375,joint_forward_feedback,balanced_contiguous_k2,balanced_contiguous,balanced,2,0.2987418407321983,0.25,0.487418407321983,64,64,16,fresh_iid,64,0.0005463120809544147,0.0005426455560228795
s9316_r1_n000_a375,confirmatory,9316,1,0.0,0.375,joint_forward_feedback,balanced_contiguous_k4,balanced_contiguous,balanced,4,0.5487418407321983,0.5,0.487418407321983,64,64,32,fresh_iid,64,0.0002200194943816699,0.0002187482888312764
s9316_r1_n000_a375,confirmatory,9316,1,0.0,0.375,joint_forward_feedback,balanced_contiguous_k8,balanced_contiguous,balanced,8,1.0487418407321982,1.0,0.487418407321983,64,64,64,fresh_iid,64,3.278525613529647e-08,3.287185324447968e-08
s9316_r1_n000_a375,confirmatory,9316,1,0.0,0.375,joint_forward_feedback,balanced_interleaved_k1,balanced_interleaved,balanced,1,0.19088469787505546,0.125,0.6588469787505544,64,64,8,fresh_iid,64,0.008919157598794226,0.008834017105692604
s9316_r1_n000_a375,confirmatory,9316,1,0.0,0.375,joint_forward_feedback,balanced_interleaved_k2,balanced_interleaved,balanced,2,0.31588469787505546,0.25,0.6588469787505544,64,64,16,fresh_iid,64,0.005378996277407159,0.0053303699676031605
s9316_r1_n000_a375,confirmatory,9316,1,0.0,0.375,joint_forward_feedback,balanced_interleaved_k4,balanced_interleaved,balanced,4,0.5658846978750555,0.5,0.6588469787505544,64,64,32,fresh_iid,64,0.00012921069011971115,0.00012853465210954965
s9316_r1_n000_a375,confirmatory,9316,1,0.0,0.375,joint_forward_feedback,balanced_interleaved_k8,balanced_interleaved,balanced,8,1.0658846978750554,1.0,0.6588469787505544,64,64,64,fresh_iid,64,1.0020753072843528e-11,1.0107487432514891e-11
s9316_r1_n000_a375,confirmatory,9316,1,0.0,0.375,joint_forward_feedback,balanced_permutation_a_k1,balanced_permutation_a,balanced,1,0.18899250811836066,0.125,0.6399250811836067,64,64,8,fresh_iid,64,0.008839601060955507,0.00875529884278674
s9316_r1_n000_a375,confirmatory,9316,1,0.0,0.375,joint_forward_feedback,balanced_permutation_a_k2,balanced_permutation_a,balanced,2,0.31399250811836066,0.25,0.6399250811836067,64,64,16,fresh_iid,64,7.031858457116203e-05,6.999438346079115e-05
s9316_r1_n000_a375,confirmatory,9316,1,0.0,0.375,joint_forward_feedback,balanced_permutation_a_k4,balanced_permutation_a,balanced,4,0.5639925081183607,0.5,0.6399250811836067,64,64,32,fresh_iid,64,6.365529255569369e-09,6.390924598206394e-09
s9316_r1_n000_a375,confirmatory,9316,1,0.0,0.375,joint_forward_feedback,balanced_permutation_a_k8,balanced_permutation_a,balanced,8,1.0639925081183608,1.0,0.6399250811836067,64,64,64,fresh_iid,64,9.687103211972266e-13,9.78584553538881e-13
s9316_r1_n000_a375,confirmatory,9316,1,0.0,0.375,joint_forward_feedback,balanced_permutation_b_k1,balanced_permutation_b,balanced,1,0.18840039778945986,0.125,0.6340039778945984,64,64,8,fresh_iid,64,0.007209366564117277,0.00714207779751124
s9316_r1_n000_a375,confirmatory,9316,1,0.0,0.375,joint_forward_feedback,balanced_permutation_b_k2,balanced_permutation_b,balanced,2,0.31340039778945983,0.25,0.6340039778945984,64,64,16,fresh_iid,64,2.294646744723355e-07,2.29680469442389e-07
s9316_r1_n000_a375,confirmatory,9316,1,0.0,0.375,joint_forward_feedback,balanced_permutation_b_k4,balanced_permutation_b,balanced,4,0.5634003977894598,0.5,0.6340039778945984,64,64,32,fresh_iid,64,2.991711716938737e-08,2.9998452220574454e-08
s9316_r1_n000_a375,confirmatory,9316,1,0.0,0.375,joint_forward_feedback,balanced_permutation_b_k8,balanced_permutation_b,balanced,8,1.06340039778946,1.0,0.6340039778945984,64,64,64,fresh_iid,64,2.5120847775102076e-14,2.5438164964378142e-14
s9316_r1_n000_a375,confirmatory,9316,1,0.0,0.375,joint_forward_feedback,comb_contiguous_k1,comb_contiguous,comb,1,0.225,0.125,1.0,64,64,8,fresh_iid,64,0.012089053137918766,0.011970005412639994
s9316_r1_n000_a375,confirmatory,9316,1,0.0,0.375,joint_forward_feedback,comb_contiguous_k2,comb_contiguous,comb,2,0.35,0.25,1.0,64,64,16,fresh_iid,64,0.004755175533979743,0.004712778028001286
s9316_r1_n000_a375,confirmatory,9316,1,0.0,0.375,joint_forward_feedback,comb_contiguous_k4,comb_contiguous,comb,4,0.6,0.5,1.0,64,64,32,fresh_iid,64,0.0026144876108475375,0.0025927576749833494
s9316_r1_n000_a375,confirmatory,9316,1,0.0,0.375,joint_forward_feedback,comb_contiguous_k8,comb_contiguous,comb,8,1.1,1.0,1.0,64,64,64,fresh_iid,64,2.3694102939836496e-09,2.3807027207825426e-09
s9316_r1_n000_a375,confirmatory,9316,1,0.0,0.375,joint_forward_feedback,balanced_contiguous_k1,balanced_contiguous,balanced,1,0.1737418407321983,0.125,0.487418407321983,64,64,8,fresh_iid,256,4.708938076053429e-07,4.661769024500097e-07
s9316_r1_n000_a375,confirmatory,9316,1,0.0,0.375,joint_forward_feedback,balanced_contiguous_k2,balanced_contiguous,balanced,2,0.2987418407321983,0.25,0.487418407321983,64,64,16,fresh_iid,256,3.4003117971928036e-13,3.3864091144572053e-13
s9316_r1_n000_a375,confirmatory,9316,1,0.0,0.375,joint_forward_feedback,balanced_contiguous_k4,balanced_contiguous,balanced,4,0.5487418407321983,0.5,0.487418407321983,64,64,32,fresh_iid,256,7.891542633316103e-15,7.877206617788083e-15
s9316_r1_n000_a375,confirmatory,9316,1,0.0,0.375,joint_forward_feedback,balanced_contiguous_k8,balanced_contiguous,balanced,8,1.0487418407321982,1.0,0.487418407321983,64,64,64,fresh_iid,256,1.2382894534589595e-30,1.2483877899518063e-30
s9316_r1_n000_a375,confirmatory,9316,1,0.0,0.375,joint_forward_feedback,balanced_interleaved_k1,balanced_interleaved,balanced,1,0.19088469787505546,0.125,0.6588469787505544,64,64,8,fresh_iid,256,3.3935131636563323e-08,3.3624129021696804e-08
s9316_r1_n000_a375,confirmatory,9316,1,0.0,0.375,joint_forward_feedback,balanced_interleaved_k2,balanced_interleaved,balanced,2,0.31588469787505546,0.25,0.6588469787505544,64,64,16,fresh_iid,256,4.244349489376386e-09,4.208604028853175e-09
s9316_r1_n000_a375,confirmatory,9316,1,0.0,0.375,joint_forward_feedback,balanced_interleaved_k4,balanced_interleaved,balanced,4,0.5658846978750555,0.5,0.6588469787505544,64,64,32,fresh_iid,256,8.699216061039172e-16,8.696473177849767e-16
s9316_r1_n000_a375,confirmatory,9316,1,0.0,0.375,joint_forward_feedback,balanced_interleaved_k8,balanced_interleaved,balanced,8,1.0658846978750554,1.0,0.6588469787505544,64,64,64,fresh_iid,256,2.4235262998996587e-32,6.933347799794049e-33
s9316_r1_n000_a375,confirmatory,9316,1,0.0,0.375,joint_forward_feedback,balanced_permutation_a_k1,balanced_permutation_a,balanced,1,0.18899250811836066,0.125,0.6399250811836067,64,64,8,fresh_iid,256,3.270867129590506e-08,3.240932075547487e-08
s9316_r1_n000_a375,confirmatory,9316,1,0.0,0.375,joint_forward_feedback,balanced_permutation_a_k2,balanced_permutation_a,balanced,2,0.31399250811836066,0.25,0.6399250811836067,64,64,16,fresh_iid,256,6.98160931602064e-17,6.992543242921218e-17
s9316_r1_n000_a375,confirmatory,9316,1,0.0,0.375,joint_forward_feedback,balanced_permutation_a_k4,balanced_permutation_a,balanced,4,0.5639925081183607,0.5,0.6399250811836067,64,64,32,fresh_iid,256,3.4807356500496904e-32,1.665929401894959e-32
s9316_r1_n000_a375,confirmatory,9316,1,0.0,0.375,joint_forward_feedback,balanced_permutation_a_k8,balanced_permutation_a,balanced,8,1.0639925081183608,1.0,0.6399250811836067,64,64,64,fresh_iid,256,2.0132529105869622e-32,7.703719777548943e-33
s9316_r1_n000_a375,confirmatory,9316,1,0.0,0.375,joint_forward_feedback,balanced_permutation_b_k1,balanced_permutation_b,balanced,1,0.18840039778945986,0.125,0.6340039778945984,64,64,8,fresh_iid,256,1.4152333063486618e-08,1.4026942873984313e-08
s9316_r1_n000_a375,confirmatory,9316,1,0.0,0.375,joint_forward_feedback,balanced_permutation_b_k2,balanced_permutation_b,balanced,2,0.31340039778945983,0.25,0.6340039778945984,64,64,16,fresh_iid,256,3.5900817260893175e-27,3.670865711129323e-27
s9316_r1_n000_a375,confirmatory,9316,1,0.0,0.375,joint_forward_feedback,balanced_permutation_b_k4,balanced_permutation_b,balanced,4,0.5634003977894598,0.5,0.6340039778945984,64,64,32,fresh_iid,256,8.927417707867347e-31,1.0037946870146273e-30
s9316_r1_n000_a375,confirmatory,9316,1,0.0,0.375,joint_forward_feedback,balanced_permutation_b_k8,balanced_permutation_b,balanced,8,1.06340039778946,1.0,0.6340039778945984,64,64,64,fresh_iid,256,1.9836774727202735e-32,1.5407439555097887e-33
s9316_r1_n000_a375,confirmatory,9316,1,0.0,0.375,joint_forward_feedback,comb_contiguous_k1,comb_contiguous,comb,1,0.225,0.125,1.0,64,64,8,fresh_iid,256,1.1831561627209689e-07,1.1718205654994465e-07
s9316_r1_n000_a375,confirmatory,9316,1,0.0,0.375,joint_forward_feedback,comb_contiguous_k2,comb_contiguous,comb,2,0.35,0.25,1.0,64,64,16,fresh_iid,256,2.55607359752828e-09,2.535035521808064e-09
s9316_r1_n000_a375,confirmatory,9316,1,0.0,0.375,joint_forward_feedback,comb_contiguous_k4,comb_contiguous,comb,4,0.6,0.5,1.0,64,64,32,fresh_iid,256,2.1774772985934566e-10,2.1617109531438918e-10
s9316_r1_n000_a375,confirmatory,9316,1,0.0,0.375,joint_forward_feedback,comb_contiguous_k8,comb_contiguous,comb,8,1.1,1.0,1.0,64,64,64,fresh_iid,256,4.163086610815012e-32,2.311115933264683e-32
s9316_r1_n750_a125,confirmatory,9316,1,0.75,0.125,feedback_only,balanced_contiguous_k1,balanced_contiguous,balanced,1,0.1737418407321983,0.125,0.487418407321983,64,64,8,fixed_cache,16,0.2978974279098262,0.30208260644197327
s9316_r1_n750_a125,confirmatory,9316,1,0.75,0.125,feedback_only,balanced_contiguous_k2,balanced_contiguous,balanced,2,0.2987418407321983,0.25,0.487418407321983,64,64,16,fixed_cache,16,0.2984799823118647,0.3027166149879341
s9316_r1_n750_a125,confirmatory,9316,1,0.75,0.125,feedback_only,balanced_contiguous_k4,balanced_contiguous,balanced,4,0.5487418407321983,0.5,0.487418407321983,64,64,32,fixed_cache,16,0.29864517886756903,0.3028959624608851
s9316_r1_n750_a125,confirmatory,9316,1,0.75,0.125,feedback_only,balanced_contiguous_k8,balanced_contiguous,balanced,8,1.0487418407321982,1.0,0.487418407321983,64,64,64,fixed_cache,16,0.3014175950965321,0.30588277818878584
s9316_r1_n750_a125,confirmatory,9316,1,0.75,0.125,feedback_only,balanced_interleaved_k1,balanced_interleaved,balanced,1,0.19088469787505546,0.125,0.6588469787505544,64,64,8,fixed_cache,16,0.2978974279098262,0.30208260644197327
s9316_r1_n750_a125,confirmatory,9316,1,0.75,0.125,feedback_only,balanced_interleaved_k2,balanced_interleaved,balanced,2,0.31588469787505546,0.25,0.6588469787505544,64,64,16,fixed_cache,16,0.29796971065890543,0.3021614110665796
s9316_r1_n750_a125,confirmatory,9316,1,0.75,0.125,feedback_only,balanced_interleaved_k4,balanced_interleaved,balanced,4,0.5658846978750555,0.5,0.6588469787505544,64,64,32,fixed_cache,16,0.2985171213608961,0.30275695165057026
s9316_r1_n750_a125,confirmatory,9316,1,0.75,0.125,feedback_only,balanced_interleaved_k8,balanced_interleaved,balanced,8,1.0658846978750554,1.0,0.6588469787505544,64,64,64,fixed_cache,16,0.3014175950965321,0.30588277818878584
s9316_r1_n750_a125,confirmatory,9316,1,0.75,0.125,feedback_only,balanced_permutation_a_k1,balanced_permutation_a,balanced,1,0.18899250811836066,0.125,0.6399250811836067,64,64,8,fixed_cache,16,0.2978974279098262,0.30208260644197327
s9316_r1_n750_a125,confirmatory,9316,1,0.75,0.125,feedback_only,balanced_permutation_a_k2,balanced_permutation_a,balanced,2,0.31399250811836066,0.25,0.6399250811836067,64,64,16,fixed_cache,16,0.29852711604203347,0.3027678052363643
s9316_r1_n750_a125,confirmatory,9316,1,0.75,0.125,feedback_only,balanced_permutation_a_k4,balanced_permutation_a,balanced,4,0.5639925081183607,0.5,0.6399250811836067,64,64,32,fixed_cache,16,0.29980769598486257,0.30415322144440293
s9316_r1_n750_a125,confirmatory,9316,1,0.75,0.125,feedback_only,balanced_permutation_a_k8,balanced_permutation_a,balanced,8,1.0639925081183608,1.0,0.6399250811836067,64,64,64,fixed_cache,16,0.3014175950965321,0.30588277818878584
s9316_r1_n750_a125,confirmatory,9316,1,0.75,0.125,feedback_only,balanced_permutation_b_k1,balanced_permutation_b,balanced,1,0.18840039778945986,0.125,0.6340039778945984,64,64,8,fixed_cache,16,0.2978974279098262,0.30208260644197327
s9316_r1_n750_a125,confirmatory,9316,1,0.75,0.125,feedback_only,balanced_permutation_b_k2,balanced_permutation_b,balanced,2,0.31340039778945983,0.25,0.6340039778945984,64,64,16,fixed_cache,16,0.2993430940978368,0.30365171473219654
s9316_r1_n750_a125,confirmatory,9316,1,0.75,0.125,feedback_only,balanced_permutation_b_k4,balanced_permutation_b,balanced,4,0.5634003977894598,0.5,0.6340039778945984,64,64,32,fixed_cache,16,0.29956994389872027,0.3038967336766004
s9316_r1_n750_a125,confirmatory,9316,1,0.75,0.125,feedback_only,balanced_permutation_b_k8,balanced_permutation_b,balanced,8,1.06340039778946,1.0,0.6340039778945984,64,64,64,fixed_cache,16,0.3014175950965321,0.30588277818878584
s9316_r1_n750_a125,confirmatory,9316,1,0.75,0.125,feedback_only,comb_contiguous_k1,comb_contiguous,comb,1,0.225,0.125,1.0,64,64,8,fixed_cache,16,0.2978974279098262,0.30208260644197327
s9316_r1_n750_a125,confirmatory,9316,1,0.75,0.125,feedback_only,comb_contiguous_k2,comb_contiguous,comb,2,0.35,0.25,1.0,64,64,16,fixed_cache,16,0.2980309565825049,0.30222815162991
s9316_r1_n750_a125,confirmatory,9316,1,0.75,0.125,feedback_only,comb_contiguous_k4,comb_contiguous,comb,4,0.6,0.5,1.0,64,64,32,fixed_cache,16,0.29812099676169734,0.3023262181660224
s9316_r1_n750_a125,confirmatory,9316,1,0.75,0.125,feedback_only,comb_contiguous_k8,comb_contiguous,comb,8,1.1,1.0,1.0,64,64,64,fixed_cache,16,0.3014175950965321,0.30588277818878584
s9316_r1_n750_a125,confirmatory,9316,1,0.75,0.125,feedback_only,balanced_contiguous_k1,balanced_contiguous,balanced,1,0.1737418407321983,0.125,0.487418407321983,64,64,8,fixed_cache,64,0.2891037678802908,0.2928686649157778
s9316_r1_n750_a125,confirmatory,9316,1,0.75,0.125,feedback_only,balanced_contiguous_k2,balanced_contiguous,balanced,2,0.2987418407321983,0.25,0.487418407321983,64,64,16,fixed_cache,64,0.2895701122264316,0.29336082972498967
s9316_r1_n750_a125,confirmatory,9316,1,0.75,0.125,feedback_only,balanced_contiguous_k4,balanced_contiguous,balanced,4,0.5487418407321983,0.5,0.487418407321983,64,64,32,fixed_cache,64,0.2897033425409183,0.29350126937934706
s9316_r1_n750_a125,confirmatory,9316,1,0.75,0.125,feedback_only,balanced_contiguous_k8,balanced_contiguous,balanced,8,1.0487418407321982,1.0,0.487418407321983,64,64,64,fixed_cache,64,0.29200670781098426,0.29591546277357156
s9316_r1_n750_a125,confirmatory,9316,1,0.75,0.125,feedback_only,balanced_interleaved_k1,balanced_interleaved,balanced,1,0.19088469787505546,0.125,0.6588469787505544,64,64,8,fixed_cache,64,0.2891037678802908,0.2928686649157778
s9316_r1_n750_a125,confirmatory,9316,1,0.75,0.125,feedback_only,balanced_interleaved_k2,balanced_interleaved,balanced,2,0.31588469787505546,0.25,0.6588469787505544,64,64,16,fixed_cache,64,0.28916133646047126,0.2929294676202706
s9316_r1_n750_a125,confirmatory,9316,1,0.75,0.125,feedback_only,balanced_interleaved_k4,balanced_interleaved,balanced,4,0.5658846978750555,0.5,0.6588469787505544,64,64,32,fixed_cache,64,0.2896000266365959,0.29339236962381443
s9316_r1_n750_a125,confirmatory,9316,1,0.75,0.125,feedback_only,balanced_interleaved_k8,balanced_interleaved,balanced,8,1.0658846978750554,1.0,0.6588469787505544,64,64,64,fixed_cache,64,0.29200670781098426,0.29591546277357156
s9316_r1_n750_a125,confirmatory,9316,1,0.75,0.125,feedback_only,balanced_permutation_a_k1,balanced_permutation_a,balanced,1,0.18899250811836066,0.125,0.6399250811836067,64,64,8,fixed_cache,64,0.2891037678802908,0.2928686649157778
s9316_r1_n750_a125,confirmatory,9316,1,0.75,0.125,feedback_only,balanced_permutation_a_k2,balanced_permutation_a,balanced,2,0.31399250811836066,0.25,0.6399250811836067,64,64,16,fixed_cache,64,0.2896080808274404,0.2934008607988371
s9316_r1_n750_a125,confirmatory,9316,1,0.75,0.125,feedback_only,balanced_permutation_a_k4,balanced_permutation_a,balanced,4,0.5639925081183607,0.5,0.6399250811836067,64,64,32,fixed_cache,64,0.29065338670999563,0.2945003153090738
s9316_r1_n750_a125,confirmatory,9316,1,0.75,0.125,feedback_only,balanced_permutation_a_k8,balanced_permutation_a,balanced,8,1.0639925081183608,1.0,0.6399250811836067,64,64,64,fixed_cache,64,0.29200670781098426,0.29591546277357156
s9316_r1_n750_a125,confirmatory,9316,1,0.75,0.125,feedback_only,balanced_permutation_b_k1,balanced_permutation_b,balanced,1,0.18840039778945986,0.125,0.6340039778945984,64,64,8,fixed_cache,64,0.2891037678802908,0.2928686649157778
s9316_r1_n750_a125,confirmatory,9316,1,0.75,0.125,feedback_only,balanced_permutation_b_k2,balanced_permutation_b,balanced,2,0.31340039778945983,0.25,0.6340039778945984,64,64,16,fixed_cache,64,0.290271055980151,0.2940987911984176
s9316_r1_n750_a125,confirmatory,9316,1,0.75,0.125,feedback_only,balanced_permutation_b_k4,balanced_permutation_b,balanced,4,0.5634003977894598,0.5,0.6340039778945984,64,64,32,fixed_cache,64,0.2904572905497754,0.29429446639703183
s9316_r1_n750_a125,confirmatory,9316,1,0.75,0.125,feedback_only,balanced_permutation_b_k8,balanced_permutation_b,balanced,8,1.06340039778946,1.0,0.6340039778945984,64,64,64,fixed_cache,64,0.29200670781098426,0.29591546277357156
s9316_r1_n750_a125,confirmatory,9316,1,0.75,0.125,feedback_only,comb_contiguous_k1,comb_contiguous,comb,1,0.225,0.125,1.0,64,64,8,fixed_cache,64,0.2891037678802908,0.2928686649157778
s9316_r1_n750_a125,confirmatory,9316,1,0.75,0.125,feedback_only,comb_contiguous_k2,comb_contiguous,comb,2,0.35,0.25,1.0,64,64,16,fixed_cache,64,0.28921018037739843,0.2929810456307763
s9316_r1_n750_a125,confirmatory,9316,1,0.75,0.125,feedback_only,comb_contiguous_k4,comb_contiguous,comb,4,0.6,0.5,1.0,64,64,32,fixed_cache,64,0.2892820968012427,0.29305697076657233
s9316_r1_n750_a125,confirmatory,9316,1,0.75,0.125,feedback_only,comb_contiguous_k8,comb_contiguous,comb,8,1.1,1.0,1.0,64,64,64,fixed_cache,64,0.29200670781098426,0.29591546277357156
s9316_r1_n750_a125,confirmatory,9316,1,0.75,0.125,feedback_only,balanced_contiguous_k1,balanced_contiguous,balanced,1,0.1737418407321983,0.125,0.487418407321983,64,64,8,fixed_cache,256,0.29090891380793055,0.2942078101185777
s9316_r1_n750_a125,confirmatory,9316,1,0.75,0.125,feedback_only,balanced_contiguous_k2,balanced_contiguous,balanced,2,0.2987418407321983,0.25,0.487418407321983,64,64,16,fixed_cache,256,0.2912262822312086,0.2944900066235499
s9316_r1_n750_a125,confirmatory,9316,1,0.75,0.125,feedback_only,balanced_contiguous_k4,balanced_contiguous,balanced,4,0.5487418407321983,0.5,0.487418407321983,64,64,32,fixed_cache,256,0.29131320242090114,0.2945670097137626
s9316_r1_n750_a125,confirmatory,9316,1,0.75,0.125,feedback_only,balanced_contiguous_k8,balanced_contiguous,balanced,8,1.0487418407321982,1.0,0.487418407321983,64,64,64,fixed_cache,256,0.29259885473498115,0.29568876509176584
s9316_r1_n750_a125,confirmatory,9316,1,0.75,0.125,feedback_only,balanced_interleaved_k1,balanced_interleaved,balanced,1,0.19088469787505546,0.125,0.6588469787505544,64,64,8,fixed_cache,256,0.29090891380793055,0.2942078101185777
s9316_r1_n750_a125,confirmatory,9316,1,0.75,0.125,feedback_only,balanced_interleaved_k2,balanced_interleaved,balanced,2,0.31588469787505546,0.25,0.6588469787505544,64,64,16,fixed_cache,256,0.2909492397529171,0.2942437540511953
s9316_r1_n750_a125,confirmatory,9316,1,0.75,0.125,feedback_only,balanced_interleaved_k4,balanced_interleaved,balanced,4,0.5658846978750555,0.5,0.6588469787505544,64,64,32,fixed_cache,256,0.29124593853243885,0.2945074313245227
s9316_r1_n750_a125,confirmatory,9316,1,0.75,0.125,feedback_only,balanced_interleaved_k8,balanced_interleaved,balanced,8,1.0658846978750554,1.0,0.6588469787505544,64,64,64,fixed_cache,256,0.29259885473498115,0.29568876509176584
s9316_r1_n750_a125,confirmatory,9316,1,0.75,0.125,feedback_only,balanced_permutation_a_k1,balanced_permutation_a,balanced,1,0.18899250811836066,0.125,0.6399250811836067,64,64,8,fixed_cache,256,0.29090891380793055,0.2942078101185777
s9316_r1_n750_a125,confirmatory,9316,1,0.75,0.125,feedback_only,balanced_permutation_a_k2,balanced_permutation_a,balanced,2,0.31399250811836066,0.25,0.6399250811836067,64,64,16,fixed_cache,256,0.29125121687476424,0.2945121093161425
s9316_r1_n750_a125,confirmatory,9316,1,0.75,0.125,feedback_only,balanced_permutation_a_k4,balanced_permutation_a,balanced,4,0.5639925081183607,0.5,0.6399250811836067,64,64,32,fixed_cache,256,0.2918896444639901,0.2950742503518447
s9316_r1_n750_a125,confirmatory,9316,1,0.75,0.125,feedback_only,balanced_permutation_a_k8,balanced_permutation_a,balanced,8,1.0639925081183608,1.0,0.6399250811836067,64,64,64,fixed_cache,256,0.29259885473498115,0.29568876509176584
s9316_r1_n750_a125,confirmatory,9316,1,0.75,0.125,feedback_only,balanced_permutation_b_k1,balanced_permutation_b,balanced,1,0.18840039778945986,0.125,0.6340039778945984,64,64,8,fixed_cache,256,0.29090891380793055,0.2942078101185777
s9316_r1_n750_a125,confirmatory,9316,1,0.75,0.125,feedback_only,balanced_permutation_b_k2,balanced_permutation_b,balanced,2,0.31340039778945983,0.25,0.6340039778945984,64,64,16,fixed_cache,256,0.29166637695801445,0.29487852778296736
s9316_r1_n750_a125,confirmatory,9316,1,0.75,0.125,feedback_only,balanced_permutation_b_k4,balanced_permutation_b,balanced,4,0.5634003977894598,0.5,0.6340039778945984,64,64,32,fixed_cache,256,0.2917765231492925,0.29497520826300194
s9316_r1_n750_a125,confirmatory,9316,1,0.75,0.125,feedback_only,balanced_permutation_b_k8,balanced_permutation_b,balanced,8,1.06340039778946,1.0,0.6340039778945984,64,64,64,fixed_cache,256,0.29259885473498115,0.29568876509176584
s9316_r1_n750_a125,confirmatory,9316,1,0.75,0.125,feedback_only,comb_contiguous_k1,comb_contiguous,comb,1,0.225,0.125,1.0,64,64,8,fixed_cache,256,0.29090891380793055,0.2942078101185777
s9316_r1_n750_a125,confirmatory,9316,1,0.75,0.125,feedback_only,comb_contiguous_k2,comb_contiguous,comb,2,0.35,0.25,1.0,64,64,16,fixed_cache,256,0.2909831940750683,0.29427399956427874
s9316_r1_n750_a125,confirmatory,9316,1,0.75,0.125,feedback_only,comb_contiguous_k4,comb_contiguous,comb,4,0.6,0.5,1.0,64,64,32,fixed_cache,256,0.29103275838817644,0.2943181181409135
s9316_r1_n750_a125,confirmatory,9316,1,0.75,0.125,feedback_only,comb_contiguous_k8,comb_contiguous,comb,8,1.1,1.0,1.0,64,64,64,fixed_cache,256,0.29259885473498115,0.29568876509176584
s9316_r1_n750_a125,confirmatory,9316,1,0.75,0.125,feedback_only,balanced_contiguous_k1,balanced_contiguous,balanced,1,0.1737418407321983,0.125,0.487418407321983,64,64,8,fresh_iid,16,0.30401754271995707,0.30439773051866753
s9316_r1_n750_a125,confirmatory,9316,1,0.75,0.125,feedback_only,balanced_contiguous_k2,balanced_contiguous,balanced,2,0.2987418407321983,0.25,0.487418407321983,64,64,16,fresh_iid,16,0.3051996173169996,0.30544012079673244
s9316_r1_n750_a125,confirmatory,9316,1,0.75,0.125,feedback_only,balanced_contiguous_k4,balanced_contiguous,balanced,4,0.5487418407321983,0.5,0.487418407321983,64,64,32,fresh_iid,16,0.3055312811375105,0.3057326299777587
s9316_r1_n750_a125,confirmatory,9316,1,0.75,0.125,feedback_only,balanced_contiguous_k8,balanced_contiguous,balanced,8,1.0487418407321982,1.0,0.487418407321983,64,64,64,fresh_iid,16,0.31087423579233775,0.3104464202454641
s9316_r1_n750_a125,confirmatory,9316,1,0.75,0.125,feedback_only,balanced_interleaved_k1,balanced_interleaved,balanced,1,0.19088469787505546,0.125,0.6588469787505544,64,64,8,fresh_iid,16,0.30401754271995707,0.30439773051866753
s9316_r1_n750_a125,confirmatory,9316,1,0.75,0.125,feedback_only,balanced_interleaved_k2,balanced_interleaved,balanced,2,0.31588469787505546,0.25,0.6588469787505544,64,64,16,fresh_iid,16,0.3041652661428483,0.30452798483553417
s9316_r1_n750_a125,confirmatory,9316,1,0.75,0.125,feedback_only,balanced_interleaved_k4,balanced_interleaved,balanced,4,0.5658846978750555,0.5,0.6588469787505544,64,64,32,fresh_iid,16,0.30527431755129814,0.3055060009794493
s9316_r1_n750_a125,confirmatory,9316,1,0.75,0.125,feedback_only,balanced_interleaved_k8,balanced_interleaved,balanced,8,1.0658846978750554,1.0,0.6588469787505544,64,64,64,fresh_iid,16,0.31087423579233775,0.3104464202454641
s9316_r1_n750_a125,confirmatory,9316,1,0.75,0.125,feedback_only,balanced_permutation_a_k1,balanced_permutation_a,balanced,1,0.18899250811836066,0.125,0.6399250811836067,64,64,8,fresh_iid,16,0.30401754271995707,0.30439773051866753
s9316_r1_n750_a125,confirmatory,9316,1,0.75,0.125,feedback_only,balanced_permutation_a_k2,balanced_permutation_a,balanced,2,0.31399250811836066,0.25,0.6399250811836067,64,64,16,fresh_iid,16,0.3052944069959642,0.30552371854226396
s9316_r1_n750_a125,confirmatory,9316,1,0.75,0.125,feedback_only,balanced_permutation_a_k4,balanced_permutation_a,balanced,4,0.5639925081183607,0.5,0.6399250811836067,64,64,32,fresh_iid,16,0.3078215224774442,0.3077528433983038
s9316_r1_n750_a125,confirmatory,9316,1,0.75,0.125,feedback_only,balanced_permutation_a_k8,balanced_permutation_a,balanced,8,1.0639925081183608,1.0,0.6399250811836067,64,64,64,fresh_iid,16,0.31087423579233775,0.3104464202454641
s9316_r1_n750_a125,confirmatory,9316,1,0.75,0.125,feedback_only,balanced_permutation_b_k1,balanced_permutation_b,balanced,1,0.18840039778945986,0.125,0.6340039778945984,64,64,8,fresh_iid,16,0.30401754271995707,0.30439773051866753
s9316_r1_n750_a125,confirmatory,9316,1,0.75,0.125,feedback_only,balanced_permutation_b_k2,balanced_permutation_b,balanced,2,0.31340039778945983,0.25,0.6340039778945984,64,64,16,fresh_iid,16,0.30691530218844687,0.30695340418008843
s9316_r1_n750_a125,confirmatory,9316,1,0.75,0.125,feedback_only,balanced_permutation_b_k4,balanced_permutation_b,balanced,4,0.5634003977894598,0.5,0.6340039778945984,64,64,32,fresh_iid,16,0.3073592639055769,0.3073450434394493
s9316_r1_n750_a125,confirmatory,9316,1,0.75,0.125,feedback_only,balanced_permutation_b_k8,balanced_permutation_b,balanced,8,1.06340039778946,1.0,0.6340039778945984,64,64,64,fresh_iid,16,0.31087423579233775,0.3104464202454641
s9316_r1_n750_a125,confirmatory,9316,1,0.75,0.125,feedback_only,comb_contiguous_k1,comb_contiguous,comb,1,0.225,0.125,1.0,64,64,8,fresh_iid,16,0.30401754271995707,0.30439773051866753
s9316_r1_n750_a125,confirmatory,9316,1,0.75,0.125,feedback_only,comb_contiguous_k2,comb_contiguous,comb,2,0.35,0.25,1.0,64,64,16,fresh_iid,16,0.30429020145858665,0.3046381489418831
s9316_r1_n750_a125,confirmatory,9316,1,0.75,0.125,feedback_only,comb_contiguous_k4,comb_contiguous,comb,4,0.6,0.5,1.0,64,64,32,fresh_iid,16,0.3044734859318669,0.3047997684426329
s9316_r1_n750_a125,confirmatory,9316,1,0.75,0.125,feedback_only,comb_contiguous_k8,comb_contiguous,comb,8,1.1,1.0,1.0,64,64,64,fresh_iid,16,0.31087423579233775,0.3104464202454641
s9316_r1_n750_a125,confirmatory,9316,1,0.75,0.125,feedback_only,balanced_contiguous_k1,balanced_contiguous,balanced,1,0.1737418407321983,0.125,0.487418407321983,64,64,8,fresh_iid,64,0.2866618902094804,0.2943008164943649
s9316_r1_n750_a125,confirmatory,9316,1,0.75,0.125,feedback_only,balanced_contiguous_k2,balanced_contiguous,balanced,2,0.2987418407321983,0.25,0.487418407321983,64,64,16,fresh_iid,64,0.2871926368094696,0.2948677907996964
s9316_r1_n750_a125,confirmatory,9316,1,0.75,0.125,feedback_only,balanced_contiguous_k4,balanced_contiguous,balanced,4,0.5487418407321983,0.5,0.487418407321983,64,64,32,fresh_iid,64,0.28734027161456377,0.29502535580002476
s9316_r1_n750_a125,confirmatory,9316,1,0.75,0.125,feedback_only,balanced_contiguous_k8,balanced_contiguous,balanced,8,1.0487418407321982,1.0,0.487418407321983,64,64,64,fresh_iid,64,0.28963023107968516,0.29746312186444385
s9316_r1_n750_a125,confirmatory,9316,1,0.75,0.125,feedback_only,balanced_interleaved_k1,balanced_interleaved,balanced,1,0.19088469787505546,0.125,0.6588469787505544,64,64,8,fresh_iid,64,0.2866618902094804,0.2943008164943649
s9316_r1_n750_a125,confirmatory,9316,1,0.75,0.125,feedback_only,balanced_interleaved_k2,balanced_interleaved,balanced,2,0.31588469787505546,0.25,0.6588469787505544,64,64,16,fresh_iid,64,0.2867285982630239,0.29437212606538615
s9316_r1_n750_a125,confirmatory,9316,1,0.75,0.125,feedback_only,balanced_interleaved_k4,balanced_interleaved,balanced,4,0.5658846978750555,0.5,0.6588469787505544,64,64,32,fresh_iid,64,0.28722593847955,0.2949033376970358
s9316_r1_n750_a125,confirmatory,9316,1,0.75,0.125,feedback_only,balanced_interleaved_k8,balanced_interleaved,balanced,8,1.0658846978750554,1.0,0.6588469787505544,64,64,64,fresh_iid,64,0.28963023107968516,0.29746312186444385
s9316_r1_n750_a125,confirmatory,9316,1,0.75,0.125,feedback_only,balanced_permutation_a_k1,balanced_permutation_a,balanced,1,0.18899250811836066,0.125,0.6399250811836067,64,64,8,fresh_iid,64,0.2866618902094804,0.2943008164943649
s9316_r1_n750_a125,confirmatory,9316,1,0.75,0.125,feedback_only,balanced_permutation_a_k2,balanced_permutation_a,balanced,2,0.31399250811836066,0.25,0.6399250811836067,64,64,16,fresh_iid,64,0.2872348894910056,0.29491289166221124
s9316_r1_n750_a125,confirmatory,9316,1,0.75,0.125,feedback_only,balanced_permutation_a_k4,balanced_permutation_a,balanced,4,0.5639925081183607,0.5,0.6399250811836067,64,64,32,fresh_iid,64,0.28834328691309313,0.2960943908102557
s9316_r1_n750_a125,confirmatory,9316,1,0.75,0.125,feedback_only,balanced_permutation_a_k8,balanced_permutation_a,balanced,8,1.0639925081183608,1.0,0.6399250811836067,64,64,64,fresh_iid,64,0.28963023107968516,0.29746312186444385
s9316_r1_n750_a125,confirmatory,9316,1,0.75,0.125,feedback_only,balanced_permutation_b_k1,balanced_permutation_b,balanced,1,0.18840039778945986,0.125,0.6340039778945984,64,64,8,fresh_iid,64,0.2866618902094804,0.2943008164943649
s9316_r1_n750_a125,confirmatory,9316,1,0.75,0.125,feedback_only,balanced_permutation_b_k2,balanced_permutation_b,balanced,2,0.31340039778945983,0.25,0.6340039778945984,64,64,16,fresh_iid,64,0.2879499573141433,0.2956754505328786
s9316_r1_n750_a125,confirmatory,9316,1,0.75,0.125,feedback_only,balanced_permutation_b_k4,balanced_permutation_b,balanced,4,0.5634003977894598,0.5,0.6340039778945984,64,64,32,fresh_iid,64,0.28814325356873915,0.2958813742826149
s9316_r1_n750_a125,confirmatory,9316,1,0.75,0.125,feedback_only,balanced_permutation_b_k8,balanced_permutation_b,balanced,8,1.06340039778946,1.0,0.6340039778945984,64,64,64,fresh_iid,64,0.28963023107968516,0.29746312186444385
s9316_r1_n750_a125,confirmatory,9316,1,0.75,0.125,feedback_only,comb_contiguous_k1,comb_contiguous,comb,1,0.225,0.125,1.0,64,64,8,fresh_iid,64,0.2866618902094804,0.2943008164943649
s9316_r1_n750_a125,confirmatory,9316,1,0.75,0.125,feedback_only,comb_contiguous_k2,comb_contiguous,comb,2,0.35,0.25,1.0,64,64,16,fresh_iid,64,0.2867849321452824,0.2944323346527619
s9316_r1_n750_a125,confirmatory,9316,1,0.75,0.125,feedback_only,comb_contiguous_k4,comb_contiguous,comb,4,0.6,0.5,1.0,64,64,32,fresh_iid,64,0.28686743618991295,0.29452049525813007
s9316_r1_n750_a125,confirmatory,9316,1,0.75,0.125,feedback_only,comb_contiguous_k8,comb_contiguous,comb,8,1.1,1.0,1.0,64,64,64,fresh_iid,64,0.28963023107968516,0.29746312186444385
s9316_r1_n750_a125,confirmatory,9316,1,0.75,0.125,feedback_only,balanced_contiguous_k1,balanced_contiguous,balanced,1,0.1737418407321983,0.125,0.487418407321983,64,64,8,fresh_iid,256,0.2787068900535521,0.28443907308971705
s9316_r1_n750_a125,confirmatory,9316,1,0.75,0.125,feedback_only,balanced_contiguous_k2,balanced_contiguous,balanced,2,0.2987418407321983,0.25,0.487418407321983,64,64,16,fresh_iid,256,0.27895431474068594,0.2846137769331171
s9316_r1_n750_a125,confirmatory,9316,1,0.75,0.125,feedback_only,balanced_contiguous_k4,balanced_contiguous,balanced,4,0.5487418407321983,0.5,0.487418407321983,64,64,32,fresh_iid,256,0.2790256203837951,0.2846644842125754
s9316_r1_n750_a125,confirmatory,9316,1,0.75,0.125,feedback_only,balanced_contiguous_k8,balanced_contiguous,balanced,8,1.0487418407321982,1.0,0.487418407321983,64,64,64,fresh_iid,256,0.28029483724162085,0.2855907317218355
s9316_r1_n750_a125,confirmatory,9316,1,0.75,0.125,feedback_only,balanced_interleaved_k1,balanced_interleaved,balanced,1,0.19088469787505546,0.125,0.6588469787505544,64,64,8,fresh_iid,256,0.2787068900535521,0.28443907308971705
s9316_r1_n750_a125,confirmatory,9316,1,0.75,0.125,feedback_only,balanced_interleaved_k2,balanced_interleaved,balanced,2,0.31588469787505546,0.25,0.6588469787505544,64,64,16,fresh_iid,256,0.2787372446979891,0.28446039932852735
s9316_r1_n750_a125,confirmatory,9316,1,0.75,0.125,feedback_only,balanced_interleaved_k4,balanced_interleaved,balanced,4,0.5658846978750555,0.5,0.6588469787505544,64,64,32,fresh_iid,256,0.27897030195876593,0.2846251322035083
s9316_r1_n750_a125,confirmatory,9316,1,0.75,0.125,feedback_only,balanced_interleaved_k8,balanced_interleaved,balanced,8,1.0658846978750554,1.0,0.6588469787505544,64,64,64,fresh_iid,256,0.28029483724162085,0.2855907317218355
s9316_r1_n750_a125,confirmatory,9316,1,0.75,0.125,feedback_only,balanced_permutation_a_k1,balanced_permutation_a,balanced,1,0.18899250811836066,0.125,0.6399250811836067,64,64,8,fresh_iid,256,0.2787068900535521,0.28443907308971705
s9316_r1_n750_a125,confirmatory,9316,1,0.75,0.125,feedback_only,balanced_permutation_a_k2,balanced_permutation_a,balanced,2,0.31399250811836066,0.25,0.6399250811836067,64,64,16,fresh_iid,256,0.2789746086809142,0.2846281925020368
s9316_r1_n750_a125,confirmatory,9316,1,0.75,0.125,feedback_only,balanced_permutation_a_k4,balanced_permutation_a,balanced,4,0.5639925081183607,0.5,0.6399250811836067,64,64,32,fresh_iid,256,0.2795413076296742,0.2850356588911801
s9316_r1_n750_a125,confirmatory,9316,1,0.75,0.125,feedback_only,balanced_permutation_a_k8,balanced_permutation_a,balanced,8,1.0639925081183608,1.0,0.6399250811836067,64,64,64,fresh_iid,256,0.28029483724162085,0.2855907317218355
s9316_r1_n750_a125,confirmatory,9316,1,0.75,0.125,feedback_only,balanced_permutation_b_k1,balanced_permutation_b,balanced,1,0.18840039778945986,0.125,0.6340039778945984,64,64,8,fresh_iid,256,0.2787068900535521,0.28443907308971705
s9316_r1_n750_a125,confirmatory,9316,1,0.75,0.125,feedback_only,balanced_permutation_b_k2,balanced_permutation_b,balanced,2,0.31340039778945983,0.25,0.6340039778945984,64,64,16,fresh_iid,256,0.27933232021537635,0.2848843220874531
s9316_r1_n750_a125,confirmatory,9316,1,0.75,0.125,feedback_only,balanced_permutation_b_k4,balanced_permutation_b,balanced,4,0.5634003977894598,0.5,0.6340039778945984,64,64,32,fresh_iid,256,0.27943388461357077,0.2849577186033393
s9316_r1_n750_a125,confirmatory,9316,1,0.75,0.125,feedback_only,balanced_permutation_b_k8,balanced_permutation_b,balanced,8,1.06340039778946,1.0,0.6340039778945984,64,64,64,fresh_iid,256,0.28029483724162085,0.2855907317218355
s9316_r1_n750_a125,confirmatory,9316,1,0.75,0.125,feedback_only,comb_contiguous_k1,comb_contiguous,comb,1,0.225,0.125,1.0,64,64,8,fresh_iid,256,0.2787068900535521,0.28443907308971705
s9316_r1_n750_a125,confirmatory,9316,1,0.75,0.125,feedback_only,comb_contiguous_k2,comb_contiguous,comb,2,0.35,0.25,1.0,64,64,16,fresh_iid,256,0.27876304182317746,0.28447854749162516
s9316_r1_n750_a125,confirmatory,9316,1,0.75,0.125,feedback_only,comb_contiguous_k4,comb_contiguous,comb,4,0.6,0.5,1.0,64,64,32,fresh_iid,256,0.27880109542496484,0.2845053577713984
s9316_r1_n750_a125,confirmatory,9316,1,0.75,0.125,feedback_only,comb_contiguous_k8,comb_contiguous,comb,8,1.1,1.0,1.0,64,64,64,fresh_iid,256,0.28029483724162085,0.2855907317218355
s9316_r1_n750_a125,confirmatory,9316,1,0.75,0.125,joint_forward_feedback,balanced_contiguous_k1,balanced_contiguous,balanced,1,0.1737418407321983,0.125,0.487418407321983,64,64,8,fixed_cache,16,0.2897996746437283,0.2927474883755563
s9316_r1_n750_a125,confirmatory,9316,1,0.75,0.125,joint_forward_feedback,balanced_contiguous_k2,balanced_contiguous,balanced,2,0.2987418407321983,0.25,0.487418407321983,64,64,16,fixed_cache,16,0.2899890724844817,0.29299662914476504
s9316_r1_n750_a125,confirmatory,9316,1,0.75,0.125,joint_forward_feedback,balanced_contiguous_k4,balanced_contiguous,balanced,4,0.5487418407321983,0.5,0.487418407321983,64,64,32,fixed_cache,16,0.2900412919549596,0.2930641032552459
s9316_r1_n750_a125,confirmatory,9316,1,0.75,0.125,joint_forward_feedback,balanced_contiguous_k8,balanced_contiguous,balanced,8,1.0487418407321982,1.0,0.487418407321983,64,64,64,fixed_cache,16,0.2905702378898801,0.29372919108505136
s9316_r1_n750_a125,confirmatory,9316,1,0.75,0.125,joint_forward_feedback,balanced_interleaved_k1,balanced_interleaved,balanced,1,0.19088469787505546,0.125,0.6588469787505544,64,64,8,fixed_cache,16,0.2912038501257532,0.2944997486103279
s9316_r1_n750_a125,confirmatory,9316,1,0.75,0.125,joint_forward_feedback,balanced_interleaved_k2,balanced_interleaved,balanced,2,0.31588469787505546,0.25,0.6588469787505544,64,64,16,fixed_cache,16,0.2912397490874594,0.2945428509303425
s9316_r1_n750_a125,confirmatory,9316,1,0.75,0.125,joint_forward_feedback,balanced_interleaved_k4,balanced_interleaved,balanced,4,0.5658846978750555,0.5,0.6588469787505544,64,64,32,fixed_cache,16,0.2915031569161378,0.2948576734831648
s9316_r1_n750_a125,confirmatory,9316,1,0.75,0.125,joint_forward_feedback,balanced_interleaved_k8,balanced_interleaved,balanced,8,1.0658846978750554,1.0,0.6588469787505544,64,64,64,fixed_cache,16,0.2926049795731136,0.2961526857846383
s9316_r1_n750_a125,confirmatory,9316,1,0.75,0.125,joint_forward_feedback,balanced_permutation_a_k1,balanced_permutation_a,balanced,1,0.18899250811836066,0.125,0.6399250811836067,64,64,8,fixed_cache,16,0.29108871304128237,0.29436116089622694
s9316_r1_n750_a125,confirmatory,9316,1,0.75,0.125,joint_forward_feedback,balanced_permutation_a_k2,balanced_permutation_a,balanced,2,0.31399250811836066,0.25,0.6399250811836067,64,64,16,fixed_cache,16,0.2914863060648672,0.2948376051235851
s9316_r1_n750_a125,confirmatory,9316,1,0.75,0.125,joint_forward_feedback,balanced_permutation_a_k4,balanced_permutation_a,balanced,4,0.5639925081183607,0.5,0.6399250811836067,64,64,32,fixed_cache,16,0.2921146993350431,0.29558027661041647
s9316_r1_n750_a125,confirmatory,9316,1,0.75,0.125,joint_forward_feedback,balanced_permutation_a_k8,balanced_permutation_a,balanced,8,1.0639925081183608,1.0,0.6399250811836067,64,64,64,fixed_cache,16,0.29268214310111185,0.2962422844139744
s9316_r1_n750_a125,confirmatory,9316,1,0.75,0.125,joint_forward_feedback,balanced_permutation_b_k1,balanced_permutation_b,balanced,1,0.18840039778945986,0.125,0.6340039778945984,64,64,8,fixed_cache,16,0.29114968314827516,0.2944346165575693
s9316_r1_n750_a125,confirmatory,9316,1,0.75,0.125,joint_forward_feedback,balanced_permutation_b_k2,balanced_permutation_b,balanced,2,0.31340039778945983,0.25,0.6340039778945984,64,64,16,fixed_cache,16,0.29189980506829605,0.29532754398380295
s9316_r1_n750_a125,confirmatory,9316,1,0.75,0.125,joint_forward_feedback,balanced_permutation_b_k4,balanced_permutation_b,balanced,4,0.5634003977894598,0.5,0.6340039778945984,64,64,32,fixed_cache,16,0.2921389638567369,0.29560873945361693
s9316_r1_n750_a125,confirmatory,9316,1,0.75,0.125,joint_forward_feedback,balanced_permutation_b_k8,balanced_permutation_b,balanced,8,1.06340039778946,1.0,0.6340039778945984,64,64,64,fixed_cache,16,0.2930379993969432,0.2966538923567882
s9316_r1_n750_a125,confirmatory,9316,1,0.75,0.125,joint_forward_feedback,comb_contiguous_k1,comb_contiguous,comb,1,0.225,0.125,1.0,64,64,8,fixed_cache,16,0.2917222709859523,0.2951178101504047
s9316_r1_n750_a125,confirmatory,9316,1,0.75,0.125,joint_forward_feedback,comb_contiguous_k2,comb_contiguous,comb,2,0.35,0.25,1.0,64,64,16,fixed_cache,16,0.29174764757588323,0.29514784412783085
s9316_r1_n750_a125,confirmatory,9316,1,0.75,0.125,joint_forward_feedback,comb_contiguous_k4,comb_contiguous,comb,4,0.6,0.5,1.0,64,64,32,fixed_cache,16,0.2917805506781724,0.29518675828245133
s9316_r1_n750_a125,confirmatory,9316,1,0.75,0.125,joint_forward_feedback,comb_contiguous_k8,comb_contiguous,comb,8,1.1,1.0,1.0,64,64,64,fixed_cache,16,0.2926536802938682,0.29620924954573946
s9316_r1_n750_a125,confirmatory,9316,1,0.75,0.125,joint_forward_feedback,balanced_contiguous_k1,balanced_contiguous,balanced,1,0.1737418407321983,0.125,0.487418407321983,64,64,8,fixed_cache,64,0.2831500397067878,0.2866990623022547
s9316_r1_n750_a125,confirmatory,9316,1,0.75,0.125,joint_forward_feedback,balanced_contiguous_k2,balanced_contiguous,balanced,2,0.2987418407321983,0.25,0.487418407321983,64,64,16,fixed_cache,64,0.28331258792095876,0.28685436953768273
s9316_r1_n750_a125,confirmatory,9316,1,0.75,0.125,joint_forward_feedback,balanced_contiguous_k4,balanced_contiguous,balanced,4,0.5487418407321983,0.5,0.487418407321983,64,64,32,fixed_cache,64,0.28335500674153713,0.2868951474135969
s9316_r1_n750_a125,confirmatory,9316,1,0.75,0.125,joint_forward_feedback,balanced_contiguous_k8,balanced_contiguous,balanced,8,1.0487418407321982,1.0,0.487418407321983,64,64,64,fixed_cache,64,0.28375233200853134,0.2872819048588624
s9316_r1_n750_a125,confirmatory,9316,1,0.75,0.125,joint_forward_feedback,balanced_interleaved_k1,balanced_interleaved,balanced,1,0.19088469787505546,0.125,0.6588469787505544,64,64,8,fixed_cache,64,0.284192657251232,0.287719835347645
s9316_r1_n750_a125,confirmatory,9316,1,0.75,0.125,joint_forward_feedback,balanced_interleaved_k2,balanced_interleaved,balanced,2,0.31588469787505546,0.25,0.6588469787505544,64,64,16,fixed_cache,64,0.28421715056539965,0.28774445390771547
s9316_r1_n750_a125,confirmatory,9316,1,0.75,0.125,joint_forward_feedback,balanced_interleaved_k4,balanced_interleaved,balanced,4,0.5658846978750555,0.5,0.6588469787505544,64,64,32,fixed_cache,64,0.2843963125017363,0.28792528309081755
s9316_r1_n750_a125,confirmatory,9316,1,0.75,0.125,joint_forward_feedback,balanced_interleaved_k8,balanced_interleaved,balanced,8,1.0658846978750554,1.0,0.6588469787505544,64,64,64,fixed_cache,64,0.2851486355394641,0.28869678923930386
s9316_r1_n750_a125,confirmatory,9316,1,0.75,0.125,joint_forward_feedback,balanced_permutation_a_k1,balanced_permutation_a,balanced,1,0.18899250811836066,0.125,0.6399250811836067,64,64,8,fixed_cache,64,0.28411390429933664,0.2876408547717118
s9316_r1_n750_a125,confirmatory,9316,1,0.75,0.125,joint_forward_feedback,balanced_permutation_a_k2,balanced_permutation_a,balanced,2,0.31399250811836066,0.25,0.6399250811836067,64,64,16,fixed_cache,64,0.28438486998433105,0.28791369583088006
s9316_r1_n750_a125,confirmatory,9316,1,0.75,0.125,joint_forward_feedback,balanced_permutation_a_k4,balanced_permutation_a,balanced,4,0.5639925081183607,0.5,0.6399250811836067,64,64,32,fixed_cache,64,0.2848120616539095,0.2883494753379079
s9316_r1_n750_a125,confirmatory,9316,1,0.75,0.125,joint_forward_feedback,balanced_permutation_a_k8,balanced_permutation_a,balanced,8,1.0639925081183608,1.0,0.6399250811836067,64,64,64,fixed_cache,64,0.2852020179298054,0.28875214352776674
s9316_r1_n750_a125,confirmatory,9316,1,0.75,0.125,joint_forward_feedback,balanced_permutation_b_k1,balanced_permutation_b,balanced,1,0.18840039778945986,0.125,0.6340039778945984,64,64,8,fixed_cache,64,0.2841556482107145,0.2876826857569948
s9316_r1_n750_a125,confirmatory,9316,1,0.75,0.125,joint_forward_feedback,balanced_permutation_b_k2,balanced_permutation_b,balanced,2,0.31340039778945983,0.25,0.6340039778945984,64,64,16,fixed_cache,64,0.28466567473630433,0.2881994457681018
s9316_r1_n750_a125,confirmatory,9316,1,0.75,0.125,joint_forward_feedback,balanced_permutation_b_k4,balanced_permutation_b,balanced,4,0.5634003977894598,0.5,0.6340039778945984,64,64,32,fixed_cache,64,0.28482862644108387,0.2883664943205479
s9316_r1_n750_a125,confirmatory,9316,1,0.75,0.125,joint_forward_feedback,balanced_permutation_b_k8,balanced_permutation_b,balanced,8,1.06340039778946,1.0,0.6340039778945984,64,64,64,fixed_cache,64,0.28544986031413894,0.28900996681878866
s9316_r1_n750_a125,confirmatory,9316,1,0.75,0.125,joint_forward_feedback,comb_contiguous_k1,comb_contiguous,comb,1,0.225,0.125,1.0,64,64,8,fixed_cache,64,0.28454505237581207,0.28807635298485096
s9316_r1_n750_a125,confirmatory,9316,1,0.75,0.125,joint_forward_feedback,comb_contiguous_k2,comb_contiguous,comb,2,0.35,0.25,1.0,64,64,16,fixed_cache,64,0.2845622829479631,0.2880939055956849
s9316_r1_n750_a125,confirmatory,9316,1,0.75,0.125,joint_forward_feedback,comb_contiguous_k4,comb_contiguous,comb,4,0.6,0.5,1.0,64,64,32,fixed_cache,64,0.2845846283541622,0.28811668419274894
s9316_r1_n750_a125,confirmatory,9316,1,0.75,0.125,joint_forward_feedback,comb_contiguous_k8,comb_contiguous,comb,8,1.1,1.0,1.0,64,64,64,fixed_cache,64,0.2851823128172531,0.28873170269221654
s9316_r1_n750_a125,confirmatory,9316,1,0.75,0.125,joint_forward_feedback,balanced_contiguous_k1,balanced_contiguous,balanced,1,0.1737418407321983,0.125,0.487418407321983,64,64,8,fixed_cache,256,0.284168758918681,0.288008623560066
s9316_r1_n750_a125,confirmatory,9316,1,0.75,0.125,joint_forward_feedback,balanced_contiguous_k2,balanced_contiguous,balanced,2,0.2987418407321983,0.25,0.487418407321983,64,64,16,fixed_cache,256,0.28441229053212636,0.28823527509353264
s9316_r1_n750_a125,confirmatory,9316,1,0.75,0.125,joint_forward_feedback,balanced_contiguous_k4,balanced_contiguous,balanced,4,0.5487418407321983,0.5,0.487418407321983,64,64,32,fixed_cache,256,0.2844760593519964,0.288294638572453
s9316_r1_n750_a125,confirmatory,9316,1,0.75,0.125,joint_forward_feedback,balanced_contiguous_k8,balanced_contiguous,balanced,8,1.0487418407321982,1.0,0.487418407321983,64,64,64,fixed_cache,256,0.2850740866747067,0.2888514787174355
s9316_r1_n750_a125,confirmatory,9316,1,0.75,0.125,joint_forward_feedback,balanced_interleaved_k1,balanced_interleaved,balanced,1,0.19088469787505546,0.125,0.6588469787505544,64,64,8,fixed_cache,256,0.2857280755093863,0.2894602386669375
s9316_r1_n750_a125,confirmatory,9316,1,0.75,0.125,joint_forward_feedback,balanced_interleaved_k2,balanced_interleaved,balanced,2,0.31588469787505546,0.25,0.6588469787505544,64,64,16,fixed_cache,256,0.28576390787230166,0.2894935751887466
s9316_r1_n750_a125,confirmatory,9316,1,0.75,0.125,joint_forward_feedback,balanced_interleaved_k4,balanced_interleaved,balanced,4,0.5658846978750555,0.5,0.6588469787505544,64,64,32,fixed_cache,256,0.2860237196830293,0.2897352097318351
s9316_r1_n750_a125,confirmatory,9316,1,0.75,0.125,joint_forward_feedback,balanced_interleaved_k8,balanced_interleaved,balanced,8,1.0658846978750554,1.0,0.6588469787505544,64,64,64,fixed_cache,256,0.2870600622235937,0.29069705067985385
s9316_r1_n750_a125,confirmatory,9316,1,0.75,0.125,joint_forward_feedback,balanced_permutation_a_k1,balanced_permutation_a,balanced,1,0.18899250811836066,0.125,0.6399250811836067,64,64,8,fixed_cache,256,0.28561240214654104,0.2893526064149543
s9316_r1_n750_a125,confirmatory,9316,1,0.75,0.125,joint_forward_feedback,balanced_permutation_a_k2,balanced_permutation_a,balanced,2,0.31399250811836066,0.25,0.6399250811836067,64,64,16,fixed_cache,256,0.2860072541549784,0.28971990076157994
s9316_r1_n750_a125,confirmatory,9316,1,0.75,0.125,joint_forward_feedback,balanced_permutation_a_k4,balanced_permutation_a,balanced,4,0.5639925081183607,0.5,0.6399250811836067,64,64,32,fixed_cache,256,0.2866083972143824,0.2902783198379297
s9316_r1_n750_a125,confirmatory,9316,1,0.75,0.125,joint_forward_feedback,balanced_permutation_a_k8,balanced_permutation_a,balanced,8,1.0639925081183608,1.0,0.6399250811836067,64,64,64,fixed_cache,256,0.2871297778060784,0.2907616060103526
s9316_r1_n750_a125,confirmatory,9316,1,0.75,0.125,joint_forward_feedback,balanced_permutation_b_k1,balanced_permutation_b,balanced,1,0.18840039778945986,0.125,0.6340039778945984,64,64,8,fixed_cache,256,0.2856738018242919,0.2894097407761072
s9316_r1_n750_a125,confirmatory,9316,1,0.75,0.125,joint_forward_feedback,balanced_permutation_b_k2,balanced_permutation_b,balanced,2,0.31340039778945983,0.25,0.6340039778945984,64,64,16,fixed_cache,256,0.2864057016110887,0.2900901547293071
s9316_r1_n750_a125,confirmatory,9316,1,0.75,0.125,joint_forward_feedback,balanced_permutation_b_k4,balanced_permutation_b,balanced,4,0.5634003977894598,0.5,0.6340039778945984,64,64,32,fixed_cache,256,0.28663110256204866,0.29029938859710513
s9316_r1_n750_a125,confirmatory,9316,1,0.75,0.125,joint_forward_feedback,balanced_permutation_b_k8,balanced_permutation_b,balanced,8,1.06340039778946,1.0,0.6340039778945984,64,64,64,fixed_cache,256,0.28744635798562246,0.2910544620855099
s9316_r1_n750_a125,confirmatory,9316,1,0.75,0.125,joint_forward_feedback,comb_contiguous_k1,comb_contiguous,comb,1,0.225,0.125,1.0,64,64,8,fixed_cache,256,0.28623602614209664,0.28993254046538575
s9316_r1_n750_a125,confirmatory,9316,1,0.75,0.125,joint_forward_feedback,comb_contiguous_k2,comb_contiguous,comb,2,0.35,0.25,1.0,64,64,16,fixed_cache,256,0.28626040505881123,0.28995519176480955
s9316_r1_n750_a125,confirmatory,9316,1,0.75,0.125,joint_forward_feedback,comb_contiguous_k4,comb_contiguous,comb,4,0.6,0.5,1.0,64,64,32,fixed_cache,256,0.2862919516394795,0.28998450019886796
s9316_r1_n750_a125,confirmatory,9316,1,0.75,0.125,joint_forward_feedback,comb_contiguous_k8,comb_contiguous,comb,8,1.1,1.0,1.0,64,64,64,fixed_cache,256,0.2871041061116371,0.29073783706760137
s9316_r1_n750_a125,confirmatory,9316,1,0.75,0.125,joint_forward_feedback,balanced_contiguous_k1,balanced_contiguous,balanced,1,0.1737418407321983,0.125,0.487418407321983,64,64,8,fresh_iid,16,0.28981190370151866,0.2922360311633417
s9316_r1_n750_a125,confirmatory,9316,1,0.75,0.125,joint_forward_feedback,balanced_contiguous_k2,balanced_contiguous,balanced,2,0.2987418407321983,0.25,0.487418407321983,64,64,16,fresh_iid,16,0.28976790027732385,0.2921437110218079
s9316_r1_n750_a125,confirmatory,9316,1,0.75,0.125,joint_forward_feedback,balanced_contiguous_k4,balanced_contiguous,balanced,4,0.5487418407321983,0.5,0.487418407321983,64,64,32,fresh_iid,16,0.289769993929819,0.2921328732417456
s9316_r1_n750_a125,confirmatory,9316,1,0.75,0.125,joint_forward_feedback,balanced_contiguous_k8,balanced_contiguous,balanced,8,1.0487418407321982,1.0,0.487418407321983,64,64,64,fresh_iid,16,0.29002375073362485,0.29225960424562836
s9316_r1_n750_a125,confirmatory,9316,1,0.75,0.125,joint_forward_feedback,balanced_interleaved_k1,balanced_interleaved,balanced,1,0.19088469787505546,0.125,0.6588469787505544,64,64,8,fresh_iid,16,0.2906939312187916,0.2927787115740326
s9316_r1_n750_a125,confirmatory,9316,1,0.75,0.125,joint_forward_feedback,balanced_interleaved_k2,balanced_interleaved,balanced,2,0.31588469787505546,0.25,0.6588469787505544,64,64,16,fresh_iid,16,0.2907404025736878,0.2928165316357837
s9316_r1_n750_a125,confirmatory,9316,1,0.75,0.125,joint_forward_feedback,balanced_interleaved_k4,balanced_interleaved,balanced,4,0.5658846978750555,0.5,0.6588469787505544,64,64,32,fresh_iid,16,0.29110406197803174,0.29311628543182805
s9316_r1_n750_a125,confirmatory,9316,1,0.75,0.125,joint_forward_feedback,balanced_interleaved_k8,balanced_interleaved,balanced,8,1.0658846978750554,1.0,0.6588469787505544,64,64,64,fresh_iid,16,0.292959304982589,0.29469562415790884
s9316_r1_n750_a125,confirmatory,9316,1,0.75,0.125,joint_forward_feedback,balanced_permutation_a_k1,balanced_permutation_a,balanced,1,0.18899250811836066,0.125,0.6399250811836067,64,64,8,fresh_iid,16,0.2905503275583152,0.29266276879264763
s9316_r1_n750_a125,confirmatory,9316,1,0.75,0.125,joint_forward_feedback,balanced_permutation_a_k2,balanced_permutation_a,balanced,2,0.31399250811836066,0.25,0.6399250811836067,64,64,16,fresh_iid,16,0.2910796683928527,0.2930960034987422
s9316_r1_n750_a125,confirmatory,9316,1,0.75,0.125,joint_forward_feedback,balanced_permutation_a_k4,balanced_permutation_a,balanced,4,0.5639925081183607,0.5,0.6399250811836067,64,64,32,fresh_iid,16,0.2920778226068238,0.29393857027805076
s9316_r1_n750_a125,confirmatory,9316,1,0.75,0.125,joint_forward_feedback,balanced_permutation_a_k8,balanced_permutation_a,balanced,8,1.0639925081183608,1.0,0.6399250811836067,64,64,64,fresh_iid,16,0.2931044669636642,0.2948209936390257
s9316_r1_n750_a125,confirmatory,9316,1,0.75,0.125,joint_forward_feedback,balanced_permutation_b_k1,balanced_permutation_b,balanced,1,0.18840039778945986,0.125,0.6340039778945984,64,64,8,fresh_iid,16,0.2906253188121092,0.29272312830972025
s9316_r1_n750_a125,confirmatory,9316,1,0.75,0.125,joint_forward_feedback,balanced_permutation_b_k2,balanced_permutation_b,balanced,2,0.31340039778945983,0.25,0.6340039778945984,64,64,16,fresh_iid,16,0.2917175235077458,0.29363199790170813
s9316_r1_n750_a125,confirmatory,9316,1,0.75,0.125,joint_forward_feedback,balanced_permutation_b_k4,balanced_permutation_b,balanced,4,0.5634003977894598,0.5,0.6340039778945984,64,64,32,fresh_iid,16,0.2921195955261049,0.29397424393251176
s9316_r1_n750_a125,confirmatory,9316,1,0.75,0.125,joint_forward_feedback,balanced_permutation_b_k8,balanced_permutation_b,balanced,8,1.06340039778946,1.0,0.6340039778945984,64,64,64,fresh_iid,16,0.29379245761023975,0.2954171002718653
s9316_r1_n750_a125,confirmatory,9316,1,0.75,0.125,joint_forward_feedback,comb_contiguous_k1,comb_contiguous,comb,1,0.225,0.125,1.0,64,64,8,fresh_iid,16,0.29143404807078654,0.29339250360867447
s9316_r1_n750_a125,confirmatory,9316,1,0.75,0.125,joint_forward_feedback,comb_contiguous_k2,comb_contiguous,comb,2,0.35,0.25,1.0,64,64,16,fresh_iid,16,0.2914737254372046,0.29342591716104033
s9316_r1_n750_a125,confirmatory,9316,1,0.75,0.125,joint_forward_feedback,comb_contiguous_k4,comb_contiguous,comb,4,0.6,0.5,1.0,64,64,32,fresh_iid,16,0.2915255986765853,0.2934696574207885
s9316_r1_n750_a125,confirmatory,9316,1,0.75,0.125,joint_forward_feedback,comb_contiguous_k8,comb_contiguous,comb,8,1.1,1.0,1.0,64,64,64,fresh_iid,16,0.29305074072014997,0.2947745740984551
s9316_r1_n750_a125,confirmatory,9316,1,0.75,0.125,joint_forward_feedback,balanced_contiguous_k1,balanced_contiguous,balanced,1,0.1737418407321983,0.125,0.487418407321983,64,64,8,fresh_iid,64,0.2785698225825988,0.2853208943365616
s9316_r1_n750_a125,confirmatory,9316,1,0.75,0.125,joint_forward_feedback,balanced_contiguous_k2,balanced_contiguous,balanced,2,0.2987418407321983,0.25,0.487418407321983,64,64,16,fresh_iid,64,0.278760879646174,0.2855548798881228
s9316_r1_n750_a125,confirmatory,9316,1,0.75,0.125,joint_forward_feedback,balanced_contiguous_k4,balanced_contiguous,balanced,4,0.5487418407321983,0.5,0.487418407321983,64,64,32,fresh_iid,64,0.2788121008434238,0.28561706311592955
s9316_r1_n750_a125,confirmatory,9316,1,0.75,0.125,joint_forward_feedback,balanced_contiguous_k8,balanced_contiguous,balanced,8,1.0487418407321982,1.0,0.487418407321983,64,64,64,fresh_iid,64,0.2793165771412659,0.28621941448328436
s9316_r1_n750_a125,confirmatory,9316,1,0.75,0.125,joint_forward_feedback,balanced_interleaved_k1,balanced_interleaved,balanced,1,0.19088469787505546,0.125,0.6588469787505544,64,64,8,fresh_iid,64,0.2799185184574272,0.286919915535051
s9316_r1_n750_a125,confirmatory,9316,1,0.75,0.125,joint_forward_feedback,balanced_interleaved_k2,balanced_interleaved,balanced,2,0.31588469787505546,0.25,0.6588469787505544,64,64,16,fresh_iid,64,0.27995303185677745,0.2869596160663638
s9316_r1_n750_a125,confirmatory,9316,1,0.75,0.125,joint_forward_feedback,balanced_interleaved_k4,balanced_interleaved,balanced,4,0.5658846978750555,0.5,0.6588469787505544,64,64,32,fresh_iid,64,0.28020808883273524,0.2872517031287988
s9316_r1_n750_a125,confirmatory,9316,1,0.75,0.125,joint_forward_feedback,balanced_interleaved_k8,balanced_interleaved,balanced,8,1.0658846978750554,1.0,0.6588469787505544,64,64,64,fresh_iid,64,0.2813108467015829,0.2884936351432308
s9316_r1_n750_a125,confirmatory,9316,1,0.75,0.125,joint_forward_feedback,balanced_permutation_a_k1,balanced_permutation_a,balanced,1,0.18899250811836066,0.125,0.6399250811836067,64,64,8,fresh_iid,64,0.27980819530638024,0.2867927073723274
s9316_r1_n750_a125,confirmatory,9316,1,0.75,0.125,joint_forward_feedback,balanced_permutation_a_k2,balanced_permutation_a,balanced,2,0.31399250811836066,0.25,0.6399250811836067,64,64,16,fresh_iid,64,0.28019167303801507,0.2872329697201624
s9316_r1_n750_a125,confirmatory,9316,1,0.75,0.125,joint_forward_feedback,balanced_permutation_a_k4,balanced_permutation_a,balanced,4,0.5639925081183607,0.5,0.6399250811836067,64,64,32,fresh_iid,64,0.28081328431648256,0.2879369094834507
s9316_r1_n750_a125,confirmatory,9316,1,0.75,0.125,joint_forward_feedback,balanced_permutation_a_k8,balanced_permutation_a,balanced,8,1.0639925081183608,1.0,0.6399250811836067,64,64,64,fresh_iid,64,0.28139001057797963,0.28858175491340166
s9316_r1_n750_a125,confirmatory,9316,1,0.75,0.125,joint_forward_feedback,balanced_permutation_b_k1,balanced_permutation_b,balanced,1,0.18840039778945986,0.125,0.6340039778945984,64,64,8,fresh_iid,64,0.27986654756199014,0.28686004917895414
s9316_r1_n750_a125,confirmatory,9316,1,0.75,0.125,joint_forward_feedback,balanced_permutation_b_k2,balanced_permutation_b,balanced,2,0.31340039778945983,0.25,0.6340039778945984,64,64,16,fresh_iid,64,0.280598543817855,0.2876949078741595
s9316_r1_n750_a125,confirmatory,9316,1,0.75,0.125,joint_forward_feedback,balanced_permutation_b_k4,balanced_permutation_b,balanced,4,0.5634003977894598,0.5,0.6340039778945984,64,64,32,fresh_iid,64,0.28083766722567377,0.28796431708476
s9316_r1_n750_a125,confirmatory,9316,1,0.75,0.125,joint_forward_feedback,balanced_permutation_b_k8,balanced_permutation_b,balanced,8,1.06340039778946,1.0,0.6340039778945984,64,64,64,fresh_iid,64,0.2817575262609499,0.28898941302654174
s9316_r1_n750_a125,confirmatory,9316,1,0.75,0.125,joint_forward_feedback,comb_contiguous_k1,comb_contiguous,comb,1,0.225,0.125,1.0,64,64,8,fresh_iid,64,0.28042282010801833,0.28749598604425186
s9316_r1_n750_a125,confirmatory,9316,1,0.75,0.125,joint_forward_feedback,comb_contiguous_k2,comb_contiguous,comb,2,0.35,0.25,1.0,64,64,16,fresh_iid,64,0.2804478427767389,0.28752436401358084
s9316_r1_n750_a125,confirmatory,9316,1,0.75,0.125,joint_forward_feedback,comb_contiguous_k4,comb_contiguous,comb,4,0.6,0.5,1.0,64,64,32,fresh_iid,64,0.2804803344242539,0.28756118622817084
s9316_r1_n750_a125,confirmatory,9316,1,0.75,0.125,joint_forward_feedback,comb_contiguous_k8,comb_contiguous,comb,8,1.1,1.0,1.0,64,64,64,fresh_iid,64,0.2813607857345909,0.28854923730632004
s9316_r1_n750_a125,confirmatory,9316,1,0.75,0.125,joint_forward_feedback,balanced_contiguous_k1,balanced_contiguous,balanced,1,0.1737418407321983,0.125,0.487418407321983,64,64,8,fresh_iid,256,0.27613147465871457,0.28275425938615445
s9316_r1_n750_a125,confirmatory,9316,1,0.75,0.125,joint_forward_feedback,balanced_contiguous_k2,balanced_contiguous,balanced,2,0.2987418407321983,0.25,0.487418407321983,64,64,16,fresh_iid,256,0.2761761293510376,0.2827838758899279
s9316_r1_n750_a125,confirmatory,9316,1,0.75,0.125,joint_forward_feedback,balanced_contiguous_k4,balanced_contiguous,balanced,4,0.5487418407321983,0.5,0.487418407321983,64,64,32,fresh_iid,256,0.2761881079925993,0.28279171183566626
s9316_r1_n750_a125,confirmatory,9316,1,0.75,0.125,joint_forward_feedback,balanced_contiguous_k8,balanced_contiguous,balanced,8,1.0487418407321982,1.0,0.487418407321983,64,64,64,fresh_iid,256,0.2763069222266338,0.282867669070584
s9316_r1_n750_a125,confirmatory,9316,1,0.75,0.125,joint_forward_feedback,balanced_interleaved_k1,balanced_interleaved,balanced,1,0.19088469787505546,0.125,0.6588469787505544,64,64,8,fresh_iid,256,0.2764524043550171,0.2829582103864411
s9316_r1_n750_a125,confirmatory,9316,1,0.75,0.125,joint_forward_feedback,balanced_interleaved_k2,balanced_interleaved,balanced,2,0.31588469787505546,0.25,0.6588469787505544,64,64,16,fresh_iid,256,0.2764609099650744,0.28296346460702987
s9316_r1_n750_a125,confirmatory,9316,1,0.75,0.125,joint_forward_feedback,balanced_interleaved_k4,balanced_interleaved,balanced,4,0.5658846978750555,0.5,0.6588469787505544,64,64,32,fresh_iid,256,0.2765243996131328,0.28300262736680265
s9316_r1_n750_a125,confirmatory,9316,1,0.75,0.125,joint_forward_feedback,balanced_interleaved_k8,balanced_interleaved,balanced,8,1.0658846978750554,1.0,0.6588469787505544,64,64,64,fresh_iid,256,0.27681360322666543,0.28318138085816014
s9316_r1_n750_a125,confirmatory,9316,1,0.75,0.125,joint_forward_feedback,balanced_permutation_a_k1,balanced_permutation_a,balanced,1,0.18899250811836066,0.125,0.6399250811836067,64,64,8,fresh_iid,256,0.27642534563974563,0.28294147670081443
s9316_r1_n750_a125,confirmatory,9316,1,0.75,0.125,joint_forward_feedback,balanced_permutation_a_k2,balanced_permutation_a,balanced,2,0.31399250811836066,0.25,0.6399250811836067,64,64,16,fresh_iid,256,0.27652027867579576,0.2830000874644669
s9316_r1_n750_a125,confirmatory,9316,1,0.75,0.125,joint_forward_feedback,balanced_permutation_a_k4,balanced_permutation_a,balanced,4,0.5639925081183607,0.5,0.6399250811836067,64,64,32,fresh_iid,256,0.27667995008635776,0.2830985453676453
s9316_r1_n750_a125,confirmatory,9316,1,0.75,0.125,joint_forward_feedback,balanced_permutation_a_k8,balanced_permutation_a,balanced,8,1.0639925081183608,1.0,0.6399250811836067,64,64,64,fresh_iid,256,0.27683538541415953,0.2831949398016322
s9316_r1_n750_a125,confirmatory,9316,1,0.75,0.125,joint_forward_feedback,balanced_permutation_b_k1,balanced_permutation_b,balanced,1,0.18840039778945986,0.125,0.6340039778945984,64,64,8,fresh_iid,256,0.2764396332558289,0.28295031627804695
s9316_r1_n750_a125,confirmatory,9316,1,0.75,0.125,joint_forward_feedback,balanced_permutation_b_k2,balanced_permutation_b,balanced,2,0.31340039778945983,0.25,0.6340039778945984,64,64,16,fresh_iid,256,0.27662391968679945,0.2830639627818452
s9316_r1_n750_a125,confirmatory,9316,1,0.75,0.125,joint_forward_feedback,balanced_permutation_b_k4,balanced_permutation_b,balanced,4,0.5634003977894598,0.5,0.6340039778945984,64,64,32,fresh_iid,256,0.2766863731555381,0.2831025140852125
s9316_r1_n750_a125,confirmatory,9316,1,0.75,0.125,joint_forward_feedback,balanced_permutation_b_k8,balanced_permutation_b,balanced,8,1.06340039778946,1.0,0.6340039778945984,64,64,64,fresh_iid,256,0.27693846638985165,0.28325936912556127
s9316_r1_n750_a125,confirmatory,9316,1,0.75,0.125,joint_forward_feedback,comb_contiguous_k1,comb_contiguous,comb,1,0.225,0.125,1.0,64,64,8,fresh_iid,256,0.2765787663202896,0.2830361287764833
s9316_r1_n750_a125,confirmatory,9316,1,0.75,0.125,joint_forward_feedback,comb_contiguous_k2,comb_contiguous,comb,2,0.35,0.25,1.0,64,64,16,fresh_iid,256,0.2765851588627789,0.2830400682056465
s9316_r1_n750_a125,confirmatory,9316,1,0.75,0.125,joint_forward_feedback,comb_contiguous_k4,comb_contiguous,comb,4,0.6,0.5,1.0,64,64,32,fresh_iid,256,0.2765934777573076,0.2830451951864618
s9316_r1_n750_a125,confirmatory,9316,1,0.75,0.125,joint_forward_feedback,comb_contiguous_k8,comb_contiguous,comb,8,1.1,1.0,1.0,64,64,64,fresh_iid,256,0.2768273270534657,0.28318992149997396
s9316_r1_n750_a375,confirmatory,9316,1,0.75,0.375,feedback_only,balanced_contiguous_k1,balanced_contiguous,balanced,1,0.1737418407321983,0.125,0.487418407321983,64,64,8,fixed_cache,16,0.3906539168623095,0.3854659981529857
s9316_r1_n750_a375,confirmatory,9316,1,0.75,0.375,feedback_only,balanced_contiguous_k2,balanced_contiguous,balanced,2,0.2987418407321983,0.25,0.487418407321983,64,64,16,fixed_cache,16,0.31077020058810145,0.3106184455046931
s9316_r1_n750_a375,confirmatory,9316,1,0.75,0.375,feedback_only,balanced_contiguous_k4,balanced_contiguous,balanced,4,0.5487418407321983,0.5,0.487418407321983,64,64,32,fixed_cache,16,0.3037426326855116,0.30438905706454605
s9316_r1_n750_a375,confirmatory,9316,1,0.75,0.375,feedback_only,balanced_contiguous_k8,balanced_contiguous,balanced,8,1.0487418407321982,1.0,0.487418407321983,64,64,64,fixed_cache,16,0.301459103756005,0.30590294128083617
s9316_r1_n750_a375,confirmatory,9316,1,0.75,0.375,feedback_only,balanced_interleaved_k1,balanced_interleaved,balanced,1,0.19088469787505546,0.125,0.6588469787505544,64,64,8,fixed_cache,16,0.3906539168623095,0.3854659981529857
s9316_r1_n750_a375,confirmatory,9316,1,0.75,0.375,feedback_only,balanced_interleaved_k2,balanced_interleaved,balanced,2,0.31588469787505546,0.25,0.6588469787505544,64,64,16,fixed_cache,16,0.372312519319955,0.36802082067126807
s9316_r1_n750_a375,confirmatory,9316,1,0.75,0.375,feedback_only,balanced_interleaved_k4,balanced_interleaved,balanced,4,0.5658846978750555,0.5,0.6588469787505544,64,64,32,fixed_cache,16,0.3088871641523724,0.3089313473190945
s9316_r1_n750_a375,confirmatory,9316,1,0.75,0.375,feedback_only,balanced_interleaved_k8,balanced_interleaved,balanced,8,1.0658846978750554,1.0,0.6588469787505544,64,64,64,fixed_cache,16,0.301459103756005,0.30590294128083617
s9316_r1_n750_a375,confirmatory,9316,1,0.75,0.375,feedback_only,balanced_permutation_a_k1,balanced_permutation_a,balanced,1,0.18899250811836066,0.125,0.6399250811836067,64,64,8,fixed_cache,16,0.3906539168623095,0.3854659981529857
s9316_r1_n750_a375,confirmatory,9316,1,0.75,0.375,feedback_only,balanced_permutation_a_k2,balanced_permutation_a,balanced,2,0.31399250811836066,0.25,0.6399250811836067,64,64,16,fixed_cache,16,0.308413778511821,0.30850894930903755
s9316_r1_n750_a375,confirmatory,9316,1,0.75,0.375,feedback_only,balanced_permutation_a_k4,balanced_permutation_a,balanced,4,0.5639925081183607,0.5,0.6399250811836067,64,64,32,fixed_cache,16,0.29425951966484054,0.29757105151144336
s9316_r1_n750_a375,confirmatory,9316,1,0.75,0.375,feedback_only,balanced_permutation_a_k8,balanced_permutation_a,balanced,8,1.0639925081183608,1.0,0.6399250811836067,64,64,64,fixed_cache,16,0.301459103756005,0.30590294128083617
s9316_r1_n750_a375,confirmatory,9316,1,0.75,0.375,feedback_only,balanced_permutation_b_k1,balanced_permutation_b,balanced,1,0.18840039778945986,0.125,0.6340039778945984,64,64,8,fixed_cache,16,0.3906539168623095,0.3854659981529857
s9316_r1_n750_a375,confirmatory,9316,1,0.75,0.375,feedback_only,balanced_permutation_b_k2,balanced_permutation_b,balanced,2,0.31340039778945983,0.25,0.6340039778945984,64,64,16,fixed_cache,16,0.29428462579547443,0.2969153846233057
s9316_r1_n750_a375,confirmatory,9316,1,0.75,0.375,feedback_only,balanced_permutation_b_k4,balanced_permutation_b,balanced,4,0.5634003977894598,0.5,0.6340039778945984,64,64,32,fixed_cache,16,0.29400774610430613,0.2970091772307238
s9316_r1_n750_a375,confirmatory,9316,1,0.75,0.375,feedback_only,balanced_permutation_b_k8,balanced_permutation_b,balanced,8,1.06340039778946,1.0,0.6340039778945984,64,64,64,fixed_cache,16,0.301459103756005,0.30590294128083617
s9316_r1_n750_a375,confirmatory,9316,1,0.75,0.375,feedback_only,comb_contiguous_k1,comb_contiguous,comb,1,0.225,0.125,1.0,64,64,8,fixed_cache,16,0.3906539168623095,0.3854659981529857
s9316_r1_n750_a375,confirmatory,9316,1,0.75,0.375,feedback_only,comb_contiguous_k2,comb_contiguous,comb,2,0.35,0.25,1.0,64,64,16,fixed_cache,16,0.3594643557904117,0.35585623034961783
s9316_r1_n750_a375,confirmatory,9316,1,0.75,0.375,feedback_only,comb_contiguous_k4,comb_contiguous,comb,4,0.6,0.5,1.0,64,64,32,fixed_cache,16,0.34420764675239135,0.3414930628609566
s9316_r1_n750_a375,confirmatory,9316,1,0.75,0.375,feedback_only,comb_contiguous_k8,comb_contiguous,comb,8,1.1,1.0,1.0,64,64,64,fixed_cache,16,0.301459103756005,0.30590294128083617
s9316_r1_n750_a375,confirmatory,9316,1,0.75,0.375,feedback_only,balanced_contiguous_k1,balanced_contiguous,balanced,1,0.1737418407321983,0.125,0.487418407321983,64,64,8,fixed_cache,64,0.28069563824612215,0.28427822542301956
s9316_r1_n750_a375,confirmatory,9316,1,0.75,0.375,feedback_only,balanced_contiguous_k2,balanced_contiguous,balanced,2,0.2987418407321983,0.25,0.487418407321983,64,64,16,fixed_cache,64,0.2811122224781866,0.2848661090505244
s9316_r1_n750_a375,confirmatory,9316,1,0.75,0.375,feedback_only,balanced_contiguous_k4,balanced_contiguous,balanced,4,0.5487418407321983,0.5,0.487418407321983,64,64,32,fixed_cache,64,0.2816764074367314,0.28535657274690773
s9316_r1_n750_a375,confirmatory,9316,1,0.75,0.375,feedback_only,balanced_contiguous_k8,balanced_contiguous,balanced,8,1.0487418407321982,1.0,0.487418407321983,64,64,64,fixed_cache,64,0.2920067078113039,0.29591546277380615
s9316_r1_n750_a375,confirmatory,9316,1,0.75,0.375,feedback_only,balanced_interleaved_k1,balanced_interleaved,balanced,1,0.19088469787505546,0.125,0.6588469787505544,64,64,8,fixed_cache,64,0.28069563824612215,0.28427822542301956
s9316_r1_n750_a375,confirmatory,9316,1,0.75,0.375,feedback_only,balanced_interleaved_k2,balanced_interleaved,balanced,2,0.31588469787505546,0.25,0.6588469787505544,64,64,16,fixed_cache,64,0.2801190324712181,0.2838607048088265
s9316_r1_n750_a375,confirmatory,9316,1,0.75,0.375,feedback_only,balanced_interleaved_k4,balanced_interleaved,balanced,4,0.5658846978750555,0.5,0.6588469787505544,64,64,32,fixed_cache,64,0.28124042806879457,0.2849770995575794
s9316_r1_n750_a375,confirmatory,9316,1,0.75,0.375,feedback_only,balanced_interleaved_k8,balanced_interleaved,balanced,8,1.0658846978750554,1.0,0.6588469787505544,64,64,64,fixed_cache,64,0.2920067078113039,0.29591546277380615
s9316_r1_n750_a375,confirmatory,9316,1,0.75,0.375,feedback_only,balanced_permutation_a_k1,balanced_permutation_a,balanced,1,0.18899250811836066,0.125,0.6399250811836067,64,64,8,fixed_cache,64,0.28069563824612215,0.28427822542301956
s9316_r1_n750_a375,confirmatory,9316,1,0.75,0.375,feedback_only,balanced_permutation_a_k2,balanced_permutation_a,balanced,2,0.31399250811836066,0.25,0.6399250811836067,64,64,16,fixed_cache,64,0.2812748356839445,0.28500691044152743
s9316_r1_n750_a375,confirmatory,9316,1,0.75,0.375,feedback_only,balanced_permutation_a_k4,balanced_permutation_a,balanced,4,0.5639925081183607,0.5,0.6399250811836067,64,64,32,fixed_cache,64,0.2853300449676116,0.28888516034066636
s9316_r1_n750_a375,confirmatory,9316,1,0.75,0.375,feedback_only,balanced_permutation_a_k8,balanced_permutation_a,balanced,8,1.0639925081183608,1.0,0.6399250811836067,64,64,64,fixed_cache,64,0.2920067078113039,0.29591546277380615
s9316_r1_n750_a375,confirmatory,9316,1,0.75,0.375,feedback_only,balanced_permutation_b_k1,balanced_permutation_b,balanced,1,0.18840039778945986,0.125,0.6340039778945984,64,64,8,fixed_cache,64,0.28069563824612215,0.28427822542301956
s9316_r1_n750_a375,confirmatory,9316,1,0.75,0.375,feedback_only,balanced_permutation_b_k2,balanced_permutation_b,balanced,2,0.31340039778945983,0.25,0.6340039778945984,64,64,16,fixed_cache,64,0.2838643121012123,0.2873923394788254
s9316_r1_n750_a375,confirmatory,9316,1,0.75,0.375,feedback_only,balanced_permutation_b_k4,balanced_permutation_b,balanced,4,0.5634003977894598,0.5,0.6340039778945984,64,64,32,fixed_cache,64,0.2845648054261665,0.28809645993301963
s9316_r1_n750_a375,confirmatory,9316,1,0.75,0.375,feedback_only,balanced_permutation_b_k8,balanced_permutation_b,balanced,8,1.06340039778946,1.0,0.6340039778945984,64,64,64,fixed_cache,64,0.2920067078113039,0.29591546277380615
s9316_r1_n750_a375,confirmatory,9316,1,0.75,0.375,feedback_only,comb_contiguous_k1,comb_contiguous,comb,1,0.225,0.125,1.0,64,64,8,fixed_cache,64,0.28069563824612215,0.28427822542301956
s9316_r1_n750_a375,confirmatory,9316,1,0.75,0.375,feedback_only,comb_contiguous_k2,comb_contiguous,comb,2,0.35,0.25,1.0,64,64,16,fixed_cache,64,0.2799647001867904,0.283779996056156
s9316_r1_n750_a375,confirmatory,9316,1,0.75,0.375,feedback_only,comb_contiguous_k4,comb_contiguous,comb,4,0.6,0.5,1.0,64,64,32,fixed_cache,64,0.28001543542079266,0.28387484327245144
s9316_r1_n750_a375,confirmatory,9316,1,0.75,0.375,feedback_only,comb_contiguous_k8,comb_contiguous,comb,8,1.1,1.0,1.0,64,64,64,fixed_cache,64,0.2920067078113039,0.29591546277380615
s9316_r1_n750_a375,confirmatory,9316,1,0.75,0.375,feedback_only,balanced_contiguous_k1,balanced_contiguous,balanced,1,0.1737418407321983,0.125,0.487418407321983,64,64,8,fixed_cache,256,0.2796760727372949,0.2840592356521889
s9316_r1_n750_a375,confirmatory,9316,1,0.75,0.375,feedback_only,balanced_contiguous_k2,balanced_contiguous,balanced,2,0.2987418407321983,0.25,0.487418407321983,64,64,16,fixed_cache,256,0.2815033831272137,0.2855540456038265
s9316_r1_n750_a375,confirmatory,9316,1,0.75,0.375,feedback_only,balanced_contiguous_k4,balanced_contiguous,balanced,4,0.5487418407321983,0.5,0.487418407321983,64,64,32,fixed_cache,256,0.2821440925554878,0.28613562428782313
s9316_r1_n750_a375,confirmatory,9316,1,0.75,0.375,feedback_only,balanced_contiguous_k8,balanced_contiguous,balanced,8,1.0487418407321982,1.0,0.487418407321983,64,64,64,fixed_cache,256,0.29259885473498115,0.2956887650917658
s9316_r1_n750_a375,confirmatory,9316,1,0.75,0.375,feedback_only,balanced_interleaved_k1,balanced_interleaved,balanced,1,0.19088469787505546,0.125,0.6588469787505544,64,64,8,fixed_cache,256,0.2796760727372949,0.2840592356521889
s9316_r1_n750_a375,confirmatory,9316,1,0.75,0.375,feedback_only,balanced_interleaved_k2,balanced_interleaved,balanced,2,0.31588469787505546,0.25,0.6588469787505544,64,64,16,fixed_cache,256,0.2798861524039876,0.28420415305343416
s9316_r1_n750_a375,confirmatory,9316,1,0.75,0.375,feedback_only,balanced_interleaved_k4,balanced_interleaved,balanced,4,0.5658846978750555,0.5,0.6588469787505544,64,64,32,fixed_cache,256,0.28164225954304967,0.28567918098078604
s9316_r1_n750_a375,confirmatory,9316,1,0.75,0.375,feedback_only,balanced_interleaved_k8,balanced_interleaved,balanced,8,1.0658846978750554,1.0,0.6588469787505544,64,64,64,fixed_cache,256,0.29259885473498115,0.2956887650917658
s9316_r1_n750_a375,confirmatory,9316,1,0.75,0.375,feedback_only,balanced_permutation_a_k1,balanced_permutation_a,balanced,1,0.18899250811836066,0.125,0.6399250811836067,64,64,8,fixed_cache,256,0.2796760727372949,0.2840592356521889
s9316_r1_n750_a375,confirmatory,9316,1,0.75,0.375,feedback_only,balanced_permutation_a_k2,balanced_permutation_a,balanced,2,0.31399250811836066,0.25,0.6399250811836067,64,64,16,fixed_cache,256,0.28168016536770724,0.28571344049689723
s9316_r1_n750_a375,confirmatory,9316,1,0.75,0.375,feedback_only,balanced_permutation_a_k4,balanced_permutation_a,balanced,4,0.5639925081183607,0.5,0.6399250811836067,64,64,32,fixed_cache,256,0.28729476702331136,0.2909142926223922
s9316_r1_n750_a375,confirmatory,9316,1,0.75,0.375,feedback_only,balanced_permutation_a_k8,balanced_permutation_a,balanced,8,1.0639925081183608,1.0,0.6399250811836067,64,64,64,fixed_cache,256,0.29259885473498115,0.2956887650917658
s9316_r1_n750_a375,confirmatory,9316,1,0.75,0.375,feedback_only,balanced_permutation_b_k1,balanced_permutation_b,balanced,1,0.18840039778945986,0.125,0.6340039778945984,64,64,8,fixed_cache,256,0.2796760727372949,0.2840592356521889
s9316_r1_n750_a375,confirmatory,9316,1,0.75,0.375,feedback_only,balanced_permutation_b_k2,balanced_permutation_b,balanced,2,0.31340039778945983,0.25,0.6340039778945984,64,64,16,fixed_cache,256,0.2852416913969115,0.2890075352352184
s9316_r1_n750_a375,confirmatory,9316,1,0.75,0.375,feedback_only,balanced_permutation_b_k4,balanced_permutation_b,balanced,4,0.5634003977894598,0.5,0.6340039778945984,64,64,32,fixed_cache,256,0.28626392883040297,0.2899584656800351
s9316_r1_n750_a375,confirmatory,9316,1,0.75,0.375,feedback_only,balanced_permutation_b_k8,balanced_permutation_b,balanced,8,1.06340039778946,1.0,0.6340039778945984,64,64,64,fixed_cache,256,0.29259885473498115,0.2956887650917658
s9316_r1_n750_a375,confirmatory,9316,1,0.75,0.375,feedback_only,comb_contiguous_k1,comb_contiguous,comb,1,0.225,0.125,1.0,64,64,8,fixed_cache,256,0.2796760727372949,0.2840592356521889
s9316_r1_n750_a375,confirmatory,9316,1,0.75,0.375,feedback_only,comb_contiguous_k2,comb_contiguous,comb,2,0.35,0.25,1.0,64,64,16,fixed_cache,256,0.2800615045790865,0.28433280142095324
s9316_r1_n750_a375,confirmatory,9316,1,0.75,0.375,feedback_only,comb_contiguous_k4,comb_contiguous,comb,4,0.6,0.5,1.0,64,64,32,fixed_cache,256,0.28032215131644056,0.2845355821538465
s9316_r1_n750_a375,confirmatory,9316,1,0.75,0.375,feedback_only,comb_contiguous_k8,comb_contiguous,comb,8,1.1,1.0,1.0,64,64,64,fixed_cache,256,0.29259885473498115,0.2956887650917658
s9316_r1_n750_a375,confirmatory,9316,1,0.75,0.375,feedback_only,balanced_contiguous_k1,balanced_contiguous,balanced,1,0.1737418407321983,0.125,0.487418407321983,64,64,8,fresh_iid,16,0.39846554472720447,0.39386753080038067
s9316_r1_n750_a375,confirmatory,9316,1,0.75,0.375,feedback_only,balanced_contiguous_k2,balanced_contiguous,balanced,2,0.2987418407321983,0.25,0.487418407321983,64,64,16,fresh_iid,16,0.3137867696114941,0.3136790586748164
s9316_r1_n750_a375,confirmatory,9316,1,0.75,0.375,feedback_only,balanced_contiguous_k4,balanced_contiguous,balanced,4,0.5487418407321983,0.5,0.487418407321983,64,64,32,fresh_iid,16,0.30589257656744767,0.3063792099706351
s9316_r1_n750_a375,confirmatory,9316,1,0.75,0.375,feedback_only,balanced_contiguous_k8,balanced_contiguous,balanced,8,1.0487418407321982,1.0,0.487418407321983,64,64,64,fresh_iid,16,0.3111821818777353,0.31072336936724076
s9316_r1_n750_a375,confirmatory,9316,1,0.75,0.375,feedback_only,balanced_interleaved_k1,balanced_interleaved,balanced,1,0.19088469787505546,0.125,0.6588469787505544,64,64,8,fresh_iid,16,0.39846554472720447,0.39386753080038067
s9316_r1_n750_a375,confirmatory,9316,1,0.75,0.375,feedback_only,balanced_interleaved_k2,balanced_interleaved,balanced,2,0.31588469787505546,0.25,0.6588469787505544,64,64,16,fresh_iid,16,0.3795015096057546,0.3757520245817431
s9316_r1_n750_a375,confirmatory,9316,1,0.75,0.375,feedback_only,balanced_interleaved_k4,balanced_interleaved,balanced,4,0.5658846978750555,0.5,0.6588469787505544,64,64,32,fresh_iid,16,0.3116844518863514,0.3117285102895454
s9316_r1_n750_a375,confirmatory,9316,1,0.75,0.375,feedback_only,balanced_interleaved_k8,balanced_interleaved,balanced,8,1.0658846978750554,1.0,0.6588469787505544,64,64,64,fresh_iid,16,0.3111821818777353,0.31072336936724076
s9316_r1_n750_a375,confirmatory,9316,1,0.75,0.375,feedback_only,balanced_permutation_a_k1,balanced_permutation_a,balanced,1,0.18899250811836066,0.125,0.6399250811836067,64,64,8,fresh_iid,16,0.39846554472720447,0.39386753080038067
s9316_r1_n750_a375,confirmatory,9316,1,0.75,0.375,feedback_only,balanced_permutation_a_k2,balanced_permutation_a,balanced,2,0.31399250811836066,0.25,0.6399250811836067,64,64,16,fresh_iid,16,0.31115448088747477,0.3112374754521988
s9316_r1_n750_a375,confirmatory,9316,1,0.75,0.375,feedback_only,balanced_permutation_a_k4,balanced_permutation_a,balanced,4,0.5639925081183607,0.5,0.6399250811836067,64,64,32,fresh_iid,16,0.29666919144510134,0.29795090674303315
s9316_r1_n750_a375,confirmatory,9316,1,0.75,0.375,feedback_only,balanced_permutation_a_k8,balanced_permutation_a,balanced,8,1.0639925081183608,1.0,0.6399250811836067,64,64,64,fresh_iid,16,0.3111821818777353,0.31072336936724076
s9316_r1_n750_a375,confirmatory,9316,1,0.75,0.375,feedback_only,balanced_permutation_b_k1,balanced_permutation_b,balanced,1,0.18840039778945986,0.125,0.6340039778945984,64,64,8,fresh_iid,16,0.39846554472720447,0.39386753080038067
s9316_r1_n750_a375,confirmatory,9316,1,0.75,0.375,feedback_only,balanced_permutation_b_k2,balanced_permutation_b,balanced,2,0.31340039778945983,0.25,0.6340039778945984,64,64,16,fresh_iid,16,0.29553086873146817,0.2969498746976234
s9316_r1_n750_a375,confirmatory,9316,1,0.75,0.375,feedback_only,balanced_permutation_b_k4,balanced_permutation_b,balanced,4,0.5634003977894598,0.5,0.6340039778945984,64,64,32,fresh_iid,16,0.295697118982572,0.29709454682860204
s9316_r1_n750_a375,confirmatory,9316,1,0.75,0.375,feedback_only,balanced_permutation_b_k8,balanced_permutation_b,balanced,8,1.06340039778946,1.0,0.6340039778945984,64,64,64,fresh_iid,16,0.3111821818777353,0.31072336936724076
s9316_r1_n750_a375,confirmatory,9316,1,0.75,0.375,feedback_only,comb_contiguous_k1,comb_contiguous,comb,1,0.225,0.125,1.0,64,64,8,fresh_iid,16,0.39846554472720447,0.39386753080038067
s9316_r1_n750_a375,confirmatory,9316,1,0.75,0.375,feedback_only,comb_contiguous_k2,comb_contiguous,comb,2,0.35,0.25,1.0,64,64,16,fresh_iid,16,0.36609565853304366,0.36298309342507395
s9316_r1_n750_a375,confirmatory,9316,1,0.75,0.375,feedback_only,comb_contiguous_k4,comb_contiguous,comb,4,0.6,0.5,1.0,64,64,32,fresh_iid,16,0.35001242569686775,0.3477166967464724
s9316_r1_n750_a375,confirmatory,9316,1,0.75,0.375,feedback_only,comb_contiguous_k8,comb_contiguous,comb,8,1.1,1.0,1.0,64,64,64,fresh_iid,16,0.3111821818777353,0.31072336936724076
s9316_r1_n750_a375,confirmatory,9316,1,0.75,0.375,feedback_only,balanced_contiguous_k1,balanced_contiguous,balanced,1,0.1737418407321983,0.125,0.487418407321983,64,64,8,fresh_iid,64,0.27809445377797204,0.28263906291012403
s9316_r1_n750_a375,confirmatory,9316,1,0.75,0.375,feedback_only,balanced_contiguous_k2,balanced_contiguous,balanced,2,0.2987418407321983,0.25,0.487418407321983,64,64,16,fresh_iid,64,0.2770102614651624,0.2830805830535344
s9316_r1_n750_a375,confirmatory,9316,1,0.75,0.375,feedback_only,balanced_contiguous_k4,balanced_contiguous,balanced,4,0.5487418407321983,0.5,0.487418407321983,64,64,32,fresh_iid,64,0.27728226544608914,0.28357177377703935
s9316_r1_n750_a375,confirmatory,9316,1,0.75,0.375,feedback_only,balanced_contiguous_k8,balanced_contiguous,balanced,8,1.0487418407321982,1.0,0.487418407321983,64,64,64,fresh_iid,64,0.2896302310796889,0.2974631218644197
s9316_r1_n750_a375,confirmatory,9316,1,0.75,0.375,feedback_only,balanced_interleaved_k1,balanced_interleaved,balanced,1,0.19088469787505546,0.125,0.6588469787505544,64,64,8,fresh_iid,64,0.27809445377797204,0.28263906291012403
s9316_r1_n750_a375,confirmatory,9316,1,0.75,0.375,feedback_only,balanced_interleaved_k2,balanced_interleaved,balanced,2,0.31588469787505546,0.25,0.6588469787505544,64,64,16,fresh_iid,64,0.2774431521278588,0.2823222830371661
s9316_r1_n750_a375,confirmatory,9316,1,0.75,0.375,feedback_only,balanced_interleaved_k4,balanced_interleaved,balanced,4,0.5658846978750555,0.5,0.6588469787505544,64,64,32,fresh_iid,64,0.277061513902498,0.2831846826037177
s9316_r1_n750_a375,confirmatory,9316,1,0.75,0.375,feedback_only,balanced_interleaved_k8,balanced_interleaved,balanced,8,1.0658846978750554,1.0,0.6588469787505544,64,64,64,fresh_iid,64,0.2896302310796889,0.2974631218644197
s9316_r1_n750_a375,confirmatory,9316,1,0.75,0.375,feedback_only,balanced_permutation_a_k1,balanced_permutation_a,balanced,1,0.18899250811836066,0.125,0.6399250811836067,64,64,8,fresh_iid,64,0.27809445377797204,0.28263906291012403
s9316_r1_n750_a375,confirmatory,9316,1,0.75,0.375,feedback_only,balanced_permutation_a_k2,balanced_permutation_a,balanced,2,0.31399250811836066,0.25,0.6399250811836067,64,64,16,fresh_iid,64,0.27707632619724953,0.28321333003430993
s9316_r1_n750_a375,confirmatory,9316,1,0.75,0.375,feedback_only,balanced_permutation_a_k4,balanced_permutation_a,balanced,4,0.5639925081183607,0.5,0.6399250811836067,64,64,32,fresh_iid,64,0.28157991164107965,0.28879267813454945
s9316_r1_n750_a375,confirmatory,9316,1,0.75,0.375,feedback_only,balanced_permutation_a_k8,balanced_permutation_a,balanced,8,1.0639925081183608,1.0,0.6399250811836067,64,64,64,fresh_iid,64,0.2896302310796889,0.2974631218644197
s9316_r1_n750_a375,confirmatory,9316,1,0.75,0.375,feedback_only,balanced_permutation_b_k1,balanced_permutation_b,balanced,1,0.18840039778945986,0.125,0.6340039778945984,64,64,8,fresh_iid,64,0.27809445377797204,0.28263906291012403
s9316_r1_n750_a375,confirmatory,9316,1,0.75,0.375,feedback_only,balanced_permutation_b_k2,balanced_permutation_b,balanced,2,0.31340039778945983,0.25,0.6340039778945984,64,64,16,fresh_iid,64,0.27946603803294356,0.28639483320999
s9316_r1_n750_a375,confirmatory,9316,1,0.75,0.375,feedback_only,balanced_permutation_b_k4,balanced_permutation_b,balanced,4,0.5634003977894598,0.5,0.6340039778945984,64,64,32,fresh_iid,64,0.28045152303005716,0.28752851593660456
s9316_r1_n750_a375,confirmatory,9316,1,0.75,0.375,feedback_only,balanced_permutation_b_k8,balanced_permutation_b,balanced,8,1.06340039778946,1.0,0.6340039778945984,64,64,64,fresh_iid,64,0.2896302310796889,0.2974631218644197
s9316_r1_n750_a375,confirmatory,9316,1,0.75,0.375,feedback_only,comb_contiguous_k1,comb_contiguous,comb,1,0.225,0.125,1.0,64,64,8,fresh_iid,64,0.27809445377797204,0.28263906291012403
s9316_r1_n750_a375,confirmatory,9316,1,0.75,0.375,feedback_only,comb_contiguous_k2,comb_contiguous,comb,2,0.35,0.25,1.0,64,64,16,fresh_iid,64,0.2771481555032368,0.28225455571095703
s9316_r1_n750_a375,confirmatory,9316,1,0.75,0.375,feedback_only,comb_contiguous_k4,comb_contiguous,comb,4,0.6,0.5,1.0,64,64,32,fresh_iid,64,0.27693226938642124,0.2823086933779788
s9316_r1_n750_a375,confirmatory,9316,1,0.75,0.375,feedback_only,comb_contiguous_k8,comb_contiguous,comb,8,1.1,1.0,1.0,64,64,64,fresh_iid,64,0.2896302310796889,0.2974631218644197
s9316_r1_n750_a375,confirmatory,9316,1,0.75,0.375,feedback_only,balanced_contiguous_k1,balanced_contiguous,balanced,1,0.1737418407321983,0.125,0.487418407321983,64,64,8,fresh_iid,256,0.27538015461115434,0.28177631797141295
s9316_r1_n750_a375,confirmatory,9316,1,0.75,0.375,feedback_only,balanced_contiguous_k2,balanced_contiguous,balanced,2,0.2987418407321983,0.25,0.487418407321983,64,64,16,fresh_iid,256,0.27570309033629914,0.2823809680390416
s9316_r1_n750_a375,confirmatory,9316,1,0.75,0.375,feedback_only,balanced_contiguous_k4,balanced_contiguous,balanced,4,0.5487418407321983,0.5,0.487418407321983,64,64,32,fresh_iid,256,0.2758040554685639,0.2824935408741337
s9316_r1_n750_a375,confirmatory,9316,1,0.75,0.375,feedback_only,balanced_contiguous_k8,balanced_contiguous,balanced,8,1.0487418407321982,1.0,0.487418407321983,64,64,64,fresh_iid,256,0.28029483724162085,0.2855907317218355
s9316_r1_n750_a375,confirmatory,9316,1,0.75,0.375,feedback_only,balanced_interleaved_k1,balanced_interleaved,balanced,1,0.19088469787505546,0.125,0.6588469787505544,64,64,8,fresh_iid,256,0.27538015461115434,0.28177631797141295
s9316_r1_n750_a375,confirmatory,9316,1,0.75,0.375,feedback_only,balanced_interleaved_k2,balanced_interleaved,balanced,2,0.31588469787505546,0.25,0.6588469787505544,64,64,16,fresh_iid,256,0.275409261031405,0.2818665415028922
s9316_r1_n750_a375,confirmatory,9316,1,0.75,0.375,feedback_only,balanced_interleaved_k4,balanced_interleaved,balanced,4,0.5658846978750555,0.5,0.6588469787505544,64,64,32,fresh_iid,256,0.27572551597040185,0.28240801344498334
s9316_r1_n750_a375,confirmatory,9316,1,0.75,0.375,feedback_only,balanced_interleaved_k8,balanced_interleaved,balanced,8,1.0658846978750554,1.0,0.6588469787505544,64,64,64,fresh_iid,256,0.28029483724162085,0.2855907317218355
s9316_r1_n750_a375,confirmatory,9316,1,0.75,0.375,feedback_only,balanced_permutation_a_k1,balanced_permutation_a,balanced,1,0.18899250811836066,0.125,0.6399250811836067,64,64,8,fresh_iid,256,0.27538015461115434,0.28177631797141295
s9316_r1_n750_a375,confirmatory,9316,1,0.75,0.375,feedback_only,balanced_permutation_a_k2,balanced_permutation_a,balanced,2,0.31399250811836066,0.25,0.6399250811836067,64,64,16,fresh_iid,256,0.27573156992293757,0.28241510194843916
s9316_r1_n750_a375,confirmatory,9316,1,0.75,0.375,feedback_only,balanced_permutation_a_k4,balanced_permutation_a,balanced,4,0.5639925081183607,0.5,0.6399250811836067,64,64,32,fresh_iid,256,0.27688823756776526,0.2832279181504113
s9316_r1_n750_a375,confirmatory,9316,1,0.75,0.375,feedback_only,balanced_permutation_a_k8,balanced_permutation_a,balanced,8,1.0639925081183608,1.0,0.6399250811836067,64,64,64,fresh_iid,256,0.28029483724162085,0.2855907317218355
s9316_r1_n750_a375,confirmatory,9316,1,0.75,0.375,feedback_only,balanced_permutation_b_k1,balanced_permutation_b,balanced,1,0.18840039778945986,0.125,0.6340039778945984,64,64,8,fresh_iid,256,0.27538015461115434,0.28177631797141295
s9316_r1_n750_a375,confirmatory,9316,1,0.75,0.375,feedback_only,balanced_permutation_b_k2,balanced_permutation_b,balanced,2,0.31340039778945983,0.25,0.6340039778945984,64,64,16,fresh_iid,256,0.27634253228082056,0.2828899950132001
s9316_r1_n750_a375,confirmatory,9316,1,0.75,0.375,feedback_only,balanced_permutation_b_k4,balanced_permutation_b,balanced,4,0.5634003977894598,0.5,0.6340039778945984,64,64,32,fresh_iid,256,0.276586085457989,0.2830406392454666
s9316_r1_n750_a375,confirmatory,9316,1,0.75,0.375,feedback_only,balanced_permutation_b_k8,balanced_permutation_b,balanced,8,1.06340039778946,1.0,0.6340039778945984,64,64,64,fresh_iid,256,0.28029483724162085,0.2855907317218355
s9316_r1_n750_a375,confirmatory,9316,1,0.75,0.375,feedback_only,comb_contiguous_k1,comb_contiguous,comb,1,0.225,0.125,1.0,64,64,8,fresh_iid,256,0.27538015461115434,0.28177631797141295
s9316_r1_n750_a375,confirmatory,9316,1,0.75,0.375,feedback_only,comb_contiguous_k2,comb_contiguous,comb,2,0.35,0.25,1.0,64,64,16,fresh_iid,256,0.27543945170257006,0.2819418412486611
s9316_r1_n750_a375,confirmatory,9316,1,0.75,0.375,feedback_only,comb_contiguous_k4,comb_contiguous,comb,4,0.6,0.5,1.0,64,64,32,fresh_iid,256,0.27548915269239366,0.282047431179745
s9316_r1_n750_a375,confirmatory,9316,1,0.75,0.375,feedback_only,comb_contiguous_k8,comb_contiguous,comb,8,1.1,1.0,1.0,64,64,64,fresh_iid,256,0.28029483724162085,0.2855907317218355
s9316_r1_n750_a375,confirmatory,9316,1,0.75,0.375,joint_forward_feedback,balanced_contiguous_k1,balanced_contiguous,balanced,1,0.1737418407321983,0.125,0.487418407321983,64,64,8,fixed_cache,16,0.5077358841369857,0.4980208428998851
s9316_r1_n750_a375,confirmatory,9316,1,0.75,0.375,joint_forward_feedback,balanced_contiguous_k2,balanced_contiguous,balanced,2,0.2987418407321983,0.25,0.487418407321983,64,64,16,fixed_cache,16,0.3839443388453995,0.3790749115018781
s9316_r1_n750_a375,confirmatory,9316,1,0.75,0.375,joint_forward_feedback,balanced_contiguous_k4,balanced_contiguous,balanced,4,0.5487418407321983,0.5,0.487418407321983,64,64,32,fixed_cache,16,0.36548266806435936,0.3615476863371712
s9316_r1_n750_a375,confirmatory,9316,1,0.75,0.375,joint_forward_feedback,balanced_contiguous_k8,balanced_contiguous,balanced,8,1.0487418407321982,1.0,0.487418407321983,64,64,64,fixed_cache,16,0.300835179927693,0.3018882326385698
s9316_r1_n750_a375,confirmatory,9316,1,0.75,0.375,joint_forward_feedback,balanced_interleaved_k1,balanced_interleaved,balanced,1,0.19088469787505546,0.125,0.6588469787505544,64,64,8,fixed_cache,16,0.4758519263306792,0.467230225429092
s9316_r1_n750_a375,confirmatory,9316,1,0.75,0.375,joint_forward_feedback,balanced_interleaved_k2,balanced_interleaved,balanced,2,0.31588469787505546,0.25,0.6588469787505544,64,64,16,fixed_cache,16,0.45408919906545364,0.4462623311366387
s9316_r1_n750_a375,confirmatory,9316,1,0.75,0.375,joint_forward_feedback,balanced_interleaved_k4,balanced_interleaved,balanced,4,0.5658846978750555,0.5,0.6588469787505544,64,64,32,fixed_cache,16,0.35647235231984564,0.3530315999262101
s9316_r1_n750_a375,confirmatory,9316,1,0.75,0.375,joint_forward_feedback,balanced_interleaved_k8,balanced_interleaved,balanced,8,1.0658846978750554,1.0,0.6588469787505544,64,64,64,fixed_cache,16,0.2941594646606306,0.296885618482523
s9316_r1_n750_a375,confirmatory,9316,1,0.75,0.375,joint_forward_feedback,balanced_permutation_a_k1,balanced_permutation_a,balanced,1,0.18899250811836066,0.125,0.6399250811836067,64,64,8,fixed_cache,16,0.4754416548455681,0.4668345433427947
s9316_r1_n750_a375,confirmatory,9316,1,0.75,0.375,joint_forward_feedback,balanced_permutation_a_k2,balanced_permutation_a,balanced,2,0.31399250811836066,0.25,0.6399250811836067,64,64,16,fixed_cache,16,0.34753678741194116,0.3446180544740921
s9316_r1_n750_a375,confirmatory,9316,1,0.75,0.375,joint_forward_feedback,balanced_permutation_a_k4,balanced_permutation_a,balanced,4,0.5639925081183607,0.5,0.6399250811836067,64,64,32,fixed_cache,16,0.29810583501858684,0.29962162629984573
s9316_r1_n750_a375,confirmatory,9316,1,0.75,0.375,joint_forward_feedback,balanced_permutation_a_k8,balanced_permutation_a,balanced,8,1.0639925081183608,1.0,0.6399250811836067,64,64,64,fixed_cache,16,0.2940085387758492,0.2970206580721296
s9316_r1_n750_a375,confirmatory,9316,1,0.75,0.375,joint_forward_feedback,balanced_permutation_b_k1,balanced_permutation_b,balanced,1,0.18840039778945986,0.125,0.6340039778945984,64,64,8,fixed_cache,16,0.46635344105519894,0.45807326980261753
s9316_r1_n750_a375,confirmatory,9316,1,0.75,0.375,joint_forward_feedback,balanced_permutation_b_k2,balanced_permutation_b,balanced,2,0.31340039778945983,0.25,0.6340039778945984,64,64,16,fixed_cache,16,0.3059304904300477,0.3063065574607221
s9316_r1_n750_a375,confirmatory,9316,1,0.75,0.375,joint_forward_feedback,balanced_permutation_b_k4,balanced_permutation_b,balanced,4,0.5634003977894598,0.5,0.6340039778945984,64,64,32,fixed_cache,16,0.3006510463203157,0.3017322855909385
s9316_r1_n750_a375,confirmatory,9316,1,0.75,0.375,joint_forward_feedback,balanced_permutation_b_k8,balanced_permutation_b,balanced,8,1.06340039778946,1.0,0.6340039778945984,64,64,64,fixed_cache,16,0.2943527812083425,0.29771658913452265
s9316_r1_n750_a375,confirmatory,9316,1,0.75,0.375,joint_forward_feedback,comb_contiguous_k1,comb_contiguous,comb,1,0.225,0.125,1.0,64,64,8,fixed_cache,16,0.4903424328727712,0.4812142869568665
s9316_r1_n750_a375,confirmatory,9316,1,0.75,0.375,joint_forward_feedback,comb_contiguous_k2,comb_contiguous,comb,2,0.35,0.25,1.0,64,64,16,fixed_cache,16,0.4491924097819283,0.4415507186968557
s9316_r1_n750_a375,confirmatory,9316,1,0.75,0.375,joint_forward_feedback,comb_contiguous_k4,comb_contiguous,comb,4,0.6,0.5,1.0,64,64,32,fixed_cache,16,0.42747683695840316,0.4206887939598589
s9316_r1_n750_a375,confirmatory,9316,1,0.75,0.375,joint_forward_feedback,comb_contiguous_k8,comb_contiguous,comb,8,1.1,1.0,1.0,64,64,64,fixed_cache,16,0.29693872365669066,0.29869540208567713
s9316_r1_n750_a375,confirmatory,9316,1,0.75,0.375,joint_forward_feedback,balanced_contiguous_k1,balanced_contiguous,balanced,1,0.1737418407321983,0.125,0.487418407321983,64,64,8,fixed_cache,64,0.3021610249150336,0.303300032274071
s9316_r1_n750_a375,confirmatory,9316,1,0.75,0.375,joint_forward_feedback,balanced_contiguous_k2,balanced_contiguous,balanced,2,0.2987418407321983,0.25,0.487418407321983,64,64,16,fixed_cache,64,0.28043177925674057,0.2840797503286497
s9316_r1_n750_a375,confirmatory,9316,1,0.75,0.375,joint_forward_feedback,balanced_contiguous_k4,balanced_contiguous,balanced,4,0.5487418407321983,0.5,0.487418407321983,64,64,32,fixed_cache,64,0.2800134798070912,0.2837982837980146
s9316_r1_n750_a375,confirmatory,9316,1,0.75,0.375,joint_forward_feedback,balanced_contiguous_k8,balanced_contiguous,balanced,8,1.0487418407321982,1.0,0.487418407321983,64,64,64,fixed_cache,64,0.2820118451247837,0.28565261112897156
s9316_r1_n750_a375,confirmatory,9316,1,0.75,0.375,joint_forward_feedback,balanced_interleaved_k1,balanced_interleaved,balanced,1,0.19088469787505546,0.125,0.6588469787505544,64,64,8,fixed_cache,64,0.29207527088071006,0.2941270865096579
s9316_r1_n750_a375,confirmatory,9316,1,0.75,0.375,joint_forward_feedback,balanced_interleaved_k2,balanced_interleaved,balanced,2,0.31588469787505546,0.25,0.6588469787505544,64,64,16,fixed_cache,64,0.2873678608991359,0.28993445415248037
s9316_r1_n750_a375,confirmatory,9316,1,0.75,0.375,joint_forward_feedback,balanced_interleaved_k4,balanced_interleaved,balanced,4,0.5658846978750555,0.5,0.6588469787505544,64,64,32,fixed_cache,64,0.279955232498627,0.283783000624965
s9316_r1_n750_a375,confirmatory,9316,1,0.75,0.375,joint_forward_feedback,balanced_interleaved_k8,balanced_interleaved,balanced,8,1.0658846978750554,1.0,0.6588469787505544,64,64,64,fixed_cache,64,0.284027898293745,0.28755486967606836
s9316_r1_n750_a375,confirmatory,9316,1,0.75,0.375,joint_forward_feedback,balanced_permutation_a_k1,balanced_permutation_a,balanced,1,0.18899250811836066,0.125,0.6399250811836067,64,64,8,fixed_cache,64,0.2919716934033971,0.2940340154361922
s9316_r1_n750_a375,confirmatory,9316,1,0.75,0.375,joint_forward_feedback,balanced_permutation_a_k2,balanced_permutation_a,balanced,2,0.31399250811836066,0.25,0.6399250811836067,64,64,16,fixed_cache,64,0.27998350917383563,0.2838375165892827
s9316_r1_n750_a375,confirmatory,9316,1,0.75,0.375,joint_forward_feedback,balanced_permutation_a_k4,balanced_permutation_a,balanced,4,0.5639925081183607,0.5,0.6399250811836067,64,64,32,fixed_cache,64,0.28244463600262043,0.2860421131565007
s9316_r1_n750_a375,confirmatory,9316,1,0.75,0.375,joint_forward_feedback,balanced_permutation_a_k8,balanced_permutation_a,balanced,8,1.0639925081183608,1.0,0.6399250811836067,64,64,64,fixed_cache,64,0.2845879623647167,0.28812006884957364
s9316_r1_n750_a375,confirmatory,9316,1,0.75,0.375,joint_forward_feedback,balanced_permutation_b_k1,balanced_permutation_b,balanced,1,0.18840039778945986,0.125,0.6340039778945984,64,64,8,fixed_cache,64,0.28982879842166065,0.29211591880980536
s9316_r1_n750_a375,confirmatory,9316,1,0.75,0.375,joint_forward_feedback,balanced_permutation_b_k2,balanced_permutation_b,balanced,2,0.31340039778945983,0.25,0.6340039778945984,64,64,16,fixed_cache,64,0.28147246665049264,0.2851785089633694
s9316_r1_n750_a375,confirmatory,9316,1,0.75,0.375,joint_forward_feedback,balanced_permutation_b_k4,balanced_permutation_b,balanced,4,0.5634003977894598,0.5,0.6340039778945984,64,64,32,fixed_cache,64,0.2820365229673142,0.2856745756844951
s9316_r1_n750_a375,confirmatory,9316,1,0.75,0.375,joint_forward_feedback,balanced_permutation_b_k8,balanced_permutation_b,balanced,8,1.06340039778946,1.0,0.6340039778945984,64,64,64,fixed_cache,64,0.2854818476735956,0.28904333033510476
s9316_r1_n750_a375,confirmatory,9316,1,0.75,0.375,joint_forward_feedback,comb_contiguous_k1,comb_contiguous,comb,1,0.225,0.125,1.0,64,64,8,fixed_cache,64,0.296139865076624,0.29780055824734775
s9316_r1_n750_a375,confirmatory,9316,1,0.75,0.375,joint_forward_feedback,comb_contiguous_k2,comb_contiguous,comb,2,0.35,0.25,1.0,64,64,16,fixed_cache,64,0.2865127194208777,0.2891833011675099
s9316_r1_n750_a375,confirmatory,9316,1,0.75,0.375,joint_forward_feedback,comb_contiguous_k4,comb_contiguous,comb,4,0.6,0.5,1.0,64,64,32,fixed_cache,64,0.283493490824747,0.2865735083816425
s9316_r1_n750_a375,confirmatory,9316,1,0.75,0.375,joint_forward_feedback,comb_contiguous_k8,comb_contiguous,comb,8,1.1,1.0,1.0,64,64,64,fixed_cache,64,0.2826971918275074,0.2862739800338452
s9316_r1_n750_a375,confirmatory,9316,1,0.75,0.375,joint_forward_feedback,balanced_contiguous_k1,balanced_contiguous,balanced,1,0.1737418407321983,0.125,0.487418407321983,64,64,8,fixed_cache,256,0.2787378551677197,0.283490530973875
s9316_r1_n750_a375,confirmatory,9316,1,0.75,0.375,joint_forward_feedback,balanced_contiguous_k2,balanced_contiguous,balanced,2,0.2987418407321983,0.25,0.487418407321983,64,64,16,fixed_cache,256,0.2797487506394772,0.2841082192463695
s9316_r1_n750_a375,confirmatory,9316,1,0.75,0.375,joint_forward_feedback,balanced_contiguous_k4,balanced_contiguous,balanced,4,0.5487418407321983,0.5,0.487418407321983,64,64,32,fixed_cache,256,0.2799756059030639,0.28426893370847045
s9316_r1_n750_a375,confirmatory,9316,1,0.75,0.375,joint_forward_feedback,balanced_contiguous_k8,balanced_contiguous,balanced,8,1.0487418407321982,1.0,0.487418407321983,64,64,64,fixed_cache,256,0.28256330928772544,0.28652049407738994
s9316_r1_n750_a375,confirmatory,9316,1,0.75,0.375,joint_forward_feedback,balanced_interleaved_k1,balanced_interleaved,balanced,1,0.19088469787505546,0.125,0.6588469787505544,64,64,8,fixed_cache,256,0.2789537155073132,0.28362126325471504
s9316_r1_n750_a375,confirmatory,9316,1,0.75,0.375,joint_forward_feedback,balanced_interleaved_k2,balanced_interleaved,balanced,2,0.31588469787505546,0.25,0.6588469787505544,64,64,16,fixed_cache,256,0.27911545298482665,0.283715063460306
s9316_r1_n750_a375,confirmatory,9316,1,0.75,0.375,joint_forward_feedback,balanced_interleaved_k4,balanced_interleaved,balanced,4,0.5658846978750555,0.5,0.6588469787505544,64,64,32,fixed_cache,256,0.28010719448895616,0.2843674071288961
s9316_r1_n750_a375,confirmatory,9316,1,0.75,0.375,joint_forward_feedback,balanced_interleaved_k8,balanced_interleaved,balanced,8,1.0658846978750554,1.0,0.6588469787505544,64,64,64,fixed_cache,256,0.28548522503123996,0.2892342450453244
s9316_r1_n750_a375,confirmatory,9316,1,0.75,0.375,joint_forward_feedback,balanced_permutation_a_k1,balanced_permutation_a,balanced,1,0.18899250811836066,0.125,0.6399250811836067,64,64,8,fixed_cache,256,0.2789566582579888,0.28362298112489637
s9316_r1_n750_a375,confirmatory,9316,1,0.75,0.375,joint_forward_feedback,balanced_permutation_a_k2,balanced_permutation_a,balanced,2,0.31399250811836066,0.25,0.6399250811836067,64,64,16,fixed_cache,256,0.28025862205695345,0.28448501538215815
s9316_r1_n750_a375,confirmatory,9316,1,0.75,0.375,joint_forward_feedback,balanced_permutation_a_k4,balanced_permutation_a,balanced,4,0.5639925081183607,0.5,0.6399250811836067,64,64,32,fixed_cache,256,0.28314499616775396,0.28705783866026
s9316_r1_n750_a375,confirmatory,9316,1,0.75,0.375,joint_forward_feedback,balanced_permutation_a_k8,balanced_permutation_a,balanced,8,1.0639925081183608,1.0,0.6399250811836067,64,64,64,fixed_cache,256,0.2862966121327112,0.28998882979125995
s9316_r1_n750_a375,confirmatory,9316,1,0.75,0.375,joint_forward_feedback,balanced_permutation_b_k1,balanced_permutation_b,balanced,1,0.18840039778945986,0.125,0.6340039778945984,64,64,8,fixed_cache,256,0.2790228814574028,0.28366146683555926
s9316_r1_n750_a375,confirmatory,9316,1,0.75,0.375,joint_forward_feedback,balanced_permutation_b_k2,balanced_permutation_b,balanced,2,0.31340039778945983,0.25,0.6340039778945984,64,64,16,fixed_cache,256,0.28190341147593767,0.28591599430862297
s9316_r1_n750_a375,confirmatory,9316,1,0.75,0.375,joint_forward_feedback,balanced_permutation_b_k4,balanced_permutation_b,balanced,4,0.5634003977894598,0.5,0.6340039778945984,64,64,32,fixed_cache,256,0.2825952827218827,0.28654994418062985
s9316_r1_n750_a375,confirmatory,9316,1,0.75,0.375,joint_forward_feedback,balanced_permutation_b_k8,balanced_permutation_b,balanced,8,1.06340039778946,1.0,0.6340039778945984,64,64,64,fixed_cache,256,0.2874863521546551,0.291091423202889
s9316_r1_n750_a375,confirmatory,9316,1,0.75,0.375,joint_forward_feedback,comb_contiguous_k1,comb_contiguous,comb,1,0.225,0.125,1.0,64,64,8,fixed_cache,256,0.2788523897866332,0.28356137220163297
s9316_r1_n750_a375,confirmatory,9316,1,0.75,0.375,joint_forward_feedback,comb_contiguous_k2,comb_contiguous,comb,2,0.35,0.25,1.0,64,64,16,fixed_cache,256,0.2791534912199032,0.2837371421848392
s9316_r1_n750_a375,confirmatory,9316,1,0.75,0.375,joint_forward_feedback,comb_contiguous_k4,comb_contiguous,comb,4,0.6,0.5,1.0,64,64,32,fixed_cache,256,0.27933058906142494,0.2838415006320849
s9316_r1_n750_a375,confirmatory,9316,1,0.75,0.375,joint_forward_feedback,comb_contiguous_k8,comb_contiguous,comb,8,1.1,1.0,1.0,64,64,64,fixed_cache,256,0.2835027426555008,0.28738956312515124
s9316_r1_n750_a375,confirmatory,9316,1,0.75,0.375,joint_forward_feedback,balanced_contiguous_k1,balanced_contiguous,balanced,1,0.1737418407321983,0.125,0.487418407321983,64,64,8,fresh_iid,16,0.5165059005068254,0.5074283277315342
s9316_r1_n750_a375,confirmatory,9316,1,0.75,0.375,joint_forward_feedback,balanced_contiguous_k2,balanced_contiguous,balanced,2,0.2987418407321983,0.25,0.487418407321983,64,64,16,fresh_iid,16,0.3915493940453747,0.3872545640310482
s9316_r1_n750_a375,confirmatory,9316,1,0.75,0.375,joint_forward_feedback,balanced_contiguous_k4,balanced_contiguous,balanced,4,0.5487418407321983,0.5,0.487418407321983,64,64,32,fresh_iid,16,0.3723891753854547,0.36897325100401795
s9316_r1_n750_a375,confirmatory,9316,1,0.75,0.375,joint_forward_feedback,balanced_contiguous_k8,balanced_contiguous,balanced,8,1.0487418407321982,1.0,0.487418407321983,64,64,64,fresh_iid,16,0.3025905537173983,0.3033496037572008
s9316_r1_n750_a375,confirmatory,9316,1,0.75,0.375,joint_forward_feedback,balanced_interleaved_k1,balanced_interleaved,balanced,1,0.19088469787505546,0.125,0.6588469787505544,64,64,8,fresh_iid,16,0.4847519140398666,0.47678382208088865
s9316_r1_n750_a375,confirmatory,9316,1,0.75,0.375,joint_forward_feedback,balanced_interleaved_k2,balanced_interleaved,balanced,2,0.31588469787505546,0.25,0.6588469787505544,64,64,16,fresh_iid,16,0.46293325209898906,0.45576089006190734
s9316_r1_n750_a375,confirmatory,9316,1,0.75,0.375,joint_forward_feedback,balanced_interleaved_k4,balanced_interleaved,balanced,4,0.5658846978750555,0.5,0.6588469787505544,64,64,32,fresh_iid,16,0.36295688926636654,0.3599987721757161
s9316_r1_n750_a375,confirmatory,9316,1,0.75,0.375,joint_forward_feedback,balanced_interleaved_k8,balanced_interleaved,balanced,8,1.0658846978750554,1.0,0.6588469787505544,64,64,64,fresh_iid,16,0.2954849914322699,0.296908446340538
s9316_r1_n750_a375,confirmatory,9316,1,0.75,0.375,joint_forward_feedback,balanced_permutation_a_k1,balanced_permutation_a,balanced,1,0.18899250811836066,0.125,0.6399250811836067,64,64,8,fresh_iid,16,0.48434173916490747,0.4763883354064925
s9316_r1_n750_a375,confirmatory,9316,1,0.75,0.375,joint_forward_feedback,balanced_permutation_a_k2,balanced_permutation_a,balanced,2,0.31399250811836066,0.25,0.6399250811836067,64,64,16,fresh_iid,16,0.35353944042159047,0.3510588336172934
s9316_r1_n750_a375,confirmatory,9316,1,0.75,0.375,joint_forward_feedback,balanced_permutation_a_k4,balanced_permutation_a,balanced,4,0.5639925081183607,0.5,0.6399250811836067,64,64,32,fresh_iid,16,0.2994892465341423,0.30052205607516946
s9316_r1_n750_a375,confirmatory,9316,1,0.75,0.375,joint_forward_feedback,balanced_permutation_a_k8,balanced_permutation_a,balanced,8,1.0639925081183608,1.0,0.6399250811836067,64,64,64,fresh_iid,16,0.29571669707763293,0.29711179990556263
s9316_r1_n750_a375,confirmatory,9316,1,0.75,0.375,joint_forward_feedback,balanced_permutation_b_k1,balanced_permutation_b,balanced,1,0.18840039778945986,0.125,0.6340039778945984,64,64,8,fresh_iid,16,0.4752445994116581,0.467619543535159
s9316_r1_n750_a375,confirmatory,9316,1,0.75,0.375,joint_forward_feedback,balanced_permutation_b_k2,balanced_permutation_b,balanced,2,0.31340039778945983,0.25,0.6340039778945984,64,64,16,fresh_iid,16,0.30836445952818486,0.3086573700684865
s9316_r1_n750_a375,confirmatory,9316,1,0.75,0.375,joint_forward_feedback,balanced_permutation_b_k4,balanced_permutation_b,balanced,4,0.5634003977894598,0.5,0.6340039778945984,64,64,32,fresh_iid,16,0.3023810137579469,0.30315795836092363
s9316_r1_n750_a375,confirmatory,9316,1,0.75,0.375,joint_forward_feedback,balanced_permutation_b_k8,balanced_permutation_b,balanced,8,1.06340039778946,1.0,0.6340039778945984,64,64,64,fresh_iid,16,0.29692436833752683,0.2981755470510103
s9316_r1_n750_a375,confirmatory,9316,1,0.75,0.375,joint_forward_feedback,comb_contiguous_k1,comb_contiguous,comb,1,0.225,0.125,1.0,64,64,8,fresh_iid,16,0.49921254379995905,0.49073267391769143
s9316_r1_n750_a375,confirmatory,9316,1,0.75,0.375,joint_forward_feedback,comb_contiguous_k2,comb_contiguous,comb,2,0.35,0.25,1.0,64,64,16,fresh_iid,16,0.4580057765276676,0.45101748232219974
s9316_r1_n750_a375,confirmatory,9316,1,0.75,0.375,joint_forward_feedback,comb_contiguous_k4,comb_contiguous,comb,4,0.6,0.5,1.0,64,64,32,fresh_iid,16,0.4360649099719405,0.4299186259043969
s9316_r1_n750_a375,confirmatory,9316,1,0.75,0.375,joint_forward_feedback,comb_contiguous_k8,comb_contiguous,comb,8,1.1,1.0,1.0,64,64,64,fresh_iid,16,0.29817809715931354,0.29933332849757793
s9316_r1_n750_a375,confirmatory,9316,1,0.75,0.375,joint_forward_feedback,balanced_contiguous_k1,balanced_contiguous,balanced,1,0.1737418407321983,0.125,0.487418407321983,64,64,8,fresh_iid,64,0.29698987877586924,0.2986896960955106
s9316_r1_n750_a375,confirmatory,9316,1,0.75,0.375,joint_forward_feedback,balanced_contiguous_k2,balanced_contiguous,balanced,2,0.2987418407321983,0.25,0.487418407321983,64,64,16,fresh_iid,64,0.27782013523197874,0.28248903360781336
s9316_r1_n750_a375,confirmatory,9316,1,0.75,0.375,joint_forward_feedback,balanced_contiguous_k4,balanced_contiguous,balanced,4,0.5487418407321983,0.5,0.487418407321983,64,64,32,fresh_iid,64,0.2772720969105295,0.28227243309492867
s9316_r1_n750_a375,confirmatory,9316,1,0.75,0.375,joint_forward_feedback,balanced_contiguous_k8,balanced_contiguous,balanced,8,1.0487418407321982,1.0,0.487418407321983,64,64,64,fresh_iid,64,0.2775016215186419,0.2839082306244557
s9316_r1_n750_a375,confirmatory,9316,1,0.75,0.375,joint_forward_feedback,balanced_interleaved_k1,balanced_interleaved,balanced,1,0.19088469787505546,0.125,0.6588469787505544,64,64,8,fresh_iid,64,0.2880509239896061,0.290684515504516
s9316_r1_n750_a375,confirmatory,9316,1,0.75,0.375,joint_forward_feedback,balanced_interleaved_k2,balanced_interleaved,balanced,2,0.31588469787505546,0.25,0.6588469787505544,64,64,16,fresh_iid,64,0.28396023087825123,0.2871539736823212
s9316_r1_n750_a375,confirmatory,9316,1,0.75,0.375,joint_forward_feedback,balanced_interleaved_k4,balanced_interleaved,balanced,4,0.5658846978750555,0.5,0.6588469787505544,64,64,32,fresh_iid,64,0.27709512336269815,0.28225417154243293
s9316_r1_n750_a375,confirmatory,9316,1,0.75,0.375,joint_forward_feedback,balanced_interleaved_k8,balanced_interleaved,balanced,8,1.0658846978750554,1.0,0.6588469787505544,64,64,64,fresh_iid,64,0.2796889840473712,0.28665463628039856
s9316_r1_n750_a375,confirmatory,9316,1,0.75,0.375,joint_forward_feedback,balanced_permutation_a_k1,balanced_permutation_a,balanced,1,0.18899250811836066,0.125,0.6399250811836067,64,64,8,fresh_iid,64,0.2879603482926739,0.2906050464214262
s9316_r1_n750_a375,confirmatory,9316,1,0.75,0.375,joint_forward_feedback,balanced_permutation_a_k2,balanced_permutation_a,balanced,2,0.31399250811836066,0.25,0.6399250811836067,64,64,16,fresh_iid,64,0.2769681182637814,0.282285062213931
s9316_r1_n750_a375,confirmatory,9316,1,0.75,0.375,joint_forward_feedback,balanced_permutation_a_k4,balanced_permutation_a,balanced,4,0.5639925081183607,0.5,0.6399250811836067,64,64,32,fresh_iid,64,0.27784963673580537,0.284396188053621
s9316_r1_n750_a375,confirmatory,9316,1,0.75,0.375,joint_forward_feedback,balanced_permutation_a_k8,balanced_permutation_a,balanced,8,1.0639925081183608,1.0,0.6399250811836067,64,64,64,fresh_iid,64,0.2804851999180167,0.28756667834445093
s9316_r1_n750_a375,confirmatory,9316,1,0.75,0.375,joint_forward_feedback,balanced_permutation_b_k1,balanced_permutation_b,balanced,1,0.18840039778945986,0.125,0.6340039778945984,64,64,8,fresh_iid,64,0.2860923376090293,0.2889775577616044
s9316_r1_n750_a375,confirmatory,9316,1,0.75,0.375,joint_forward_feedback,balanced_permutation_b_k2,balanced_permutation_b,balanced,2,0.31340039778945983,0.25,0.6340039778945984,64,64,16,fresh_iid,64,0.27717004739266493,0.2833840201079949
s9316_r1_n750_a375,confirmatory,9316,1,0.75,0.375,joint_forward_feedback,balanced_permutation_b_k4,balanced_permutation_b,balanced,4,0.5634003977894598,0.5,0.6340039778945984,64,64,32,fresh_iid,64,0.27751948891125977,0.2839343991744049
s9316_r1_n750_a375,confirmatory,9316,1,0.75,0.375,joint_forward_feedback,balanced_permutation_b_k8,balanced_permutation_b,balanced,8,1.06340039778946,1.0,0.6340039778945984,64,64,64,fresh_iid,64,0.2818049058298846,0.2890418041863161
s9316_r1_n750_a375,confirmatory,9316,1,0.75,0.375,joint_forward_feedback,comb_contiguous_k1,comb_contiguous,comb,1,0.225,0.125,1.0,64,64,8,fresh_iid,64,0.2916258031996296,0.2938527418381321
s9316_r1_n750_a375,confirmatory,9316,1,0.75,0.375,joint_forward_feedback,comb_contiguous_k2,comb_contiguous,comb,2,0.35,0.25,1.0,64,64,16,fresh_iid,64,0.28322205616757956,0.2865340876325772
s9316_r1_n750_a375,confirmatory,9316,1,0.75,0.375,joint_forward_feedback,comb_contiguous_k4,comb_contiguous,comb,4,0.6,0.5,1.0,64,64,32,fresh_iid,64,0.2806160745217321,0.2844216634754086
s9316_r1_n750_a375,confirmatory,9316,1,0.75,0.375,joint_forward_feedback,comb_contiguous_k8,comb_contiguous,comb,8,1.1,1.0,1.0,64,64,64,fresh_iid,64,0.27808645811399624,0.28470942364138124
s9316_r1_n750_a375,confirmatory,9316,1,0.75,0.375,joint_forward_feedback,balanced_contiguous_k1,balanced_contiguous,balanced,1,0.1737418407321983,0.125,0.487418407321983,64,64,8,fresh_iid,256,0.2754147402373122,0.2814781505617131
s9316_r1_n750_a375,confirmatory,9316,1,0.75,0.375,joint_forward_feedback,balanced_contiguous_k2,balanced_contiguous,balanced,2,0.2987418407321983,0.25,0.487418407321983,64,64,16,fresh_iid,256,0.2753891226115812,0.2818072035201973
s9316_r1_n750_a375,confirmatory,9316,1,0.75,0.375,joint_forward_feedback,balanced_contiguous_k4,balanced_contiguous,balanced,4,0.5487418407321983,0.5,0.487418407321983,64,64,32,fresh_iid,256,0.2754241624786381,0.28190518607282605
s9316_r1_n750_a375,confirmatory,9316,1,0.75,0.375,joint_forward_feedback,balanced_contiguous_k8,balanced_contiguous,balanced,8,1.0487418407321982,1.0,0.487418407321983,64,64,64,fresh_iid,256,0.2758684639498947,0.2825546412778322
s9316_r1_n750_a375,confirmatory,9316,1,0.75,0.375,joint_forward_feedback,balanced_interleaved_k1,balanced_interleaved,balanced,1,0.19088469787505546,0.125,0.6588469787505544,64,64,8,fresh_iid,256,0.27537897794363875,0.2815302380606162
s9316_r1_n750_a375,confirmatory,9316,1,0.75,0.375,joint_forward_feedback,balanced_interleaved_k2,balanced_interleaved,balanced,2,0.31588469787505546,0.25,0.6588469787505544,64,64,16,fresh_iid,256,0.2753641462375941,0.2815739112972512
s9316_r1_n750_a375,confirmatory,9316,1,0.75,0.375,joint_forward_feedback,balanced_interleaved_k4,balanced_interleaved,balanced,4,0.5658846978750555,0.5,0.6588469787505544,64,64,32,fresh_iid,256,0.2754478821231517,0.28196104487892637
s9316_r1_n750_a375,confirmatory,9316,1,0.75,0.375,joint_forward_feedback,balanced_interleaved_k8,balanced_interleaved,balanced,8,1.0658846978750554,1.0,0.6588469787505544,64,64,64,fresh_iid,256,0.27639628055977394,0.2829234623421435
s9316_r1_n750_a375,confirmatory,9316,1,0.75,0.375,joint_forward_feedback,balanced_permutation_a_k1,balanced_permutation_a,balanced,1,0.18899250811836066,0.125,0.6399250811836067,64,64,8,fresh_iid,256,0.2753786259115288,0.2815309847959027
s9316_r1_n750_a375,confirmatory,9316,1,0.75,0.375,joint_forward_feedback,balanced_permutation_a_k2,balanced_permutation_a,balanced,2,0.31399250811836066,0.25,0.6399250811836067,64,64,16,fresh_iid,256,0.2754767790368823,0.28202267298586814
s9316_r1_n750_a375,confirmatory,9316,1,0.75,0.375,joint_forward_feedback,balanced_permutation_a_k4,balanced_permutation_a,balanced,4,0.5639925081183607,0.5,0.6399250811836067,64,64,32,fresh_iid,256,0.2759591561700433,0.2826304147178242
s9316_r1_n750_a375,confirmatory,9316,1,0.75,0.375,joint_forward_feedback,balanced_permutation_a_k8,balanced_permutation_a,balanced,8,1.0639925081183608,1.0,0.6399250811836067,64,64,64,fresh_iid,256,0.27659471124619167,0.28304595544089356
s9316_r1_n750_a375,confirmatory,9316,1,0.75,0.375,joint_forward_feedback,balanced_permutation_b_k1,balanced_permutation_b,balanced,1,0.18840039778945986,0.125,0.6340039778945984,64,64,8,fresh_iid,256,0.275371524186698,0.28154821979076033
s9316_r1_n750_a375,confirmatory,9316,1,0.75,0.375,joint_forward_feedback,balanced_permutation_b_k2,balanced_permutation_b,balanced,2,0.31340039778945983,0.25,0.6340039778945984,64,64,16,fresh_iid,256,0.2757667566251118,0.28245460481012524
s9316_r1_n750_a375,confirmatory,9316,1,0.75,0.375,joint_forward_feedback,balanced_permutation_b_k4,balanced_permutation_b,balanced,4,0.5634003977894598,0.5,0.6340039778945984,64,64,32,fresh_iid,256,0.27587338408328066,0.28255902942157046
s9316_r1_n750_a375,confirmatory,9316,1,0.75,0.375,joint_forward_feedback,balanced_permutation_b_k8,balanced_permutation_b,balanced,8,1.06340039778946,1.0,0.6340039778945984,64,64,64,fresh_iid,256,0.2769519929193564,0.2832678577969198
s9316_r1_n750_a375,confirmatory,9316,1,0.75,0.375,joint_forward_feedback,comb_contiguous_k1,comb_contiguous,comb,1,0.225,0.125,1.0,64,64,8,fresh_iid,256,0.2753931261923234,0.2815053070288463
s9316_r1_n750_a375,confirmatory,9316,1,0.75,0.375,joint_forward_feedback,comb_contiguous_k2,comb_contiguous,comb,2,0.35,0.25,1.0,64,64,16,fresh_iid,256,0.2753619584741661,0.2815850793049977
s9316_r1_n750_a375,confirmatory,9316,1,0.75,0.375,joint_forward_feedback,comb_contiguous_k4,comb_contiguous,comb,4,0.6,0.5,1.0,64,64,32,fresh_iid,256,0.275358195280491,0.2816422114907532
s9316_r1_n750_a375,confirmatory,9316,1,0.75,0.375,joint_forward_feedback,comb_contiguous_k8,comb_contiguous,comb,8,1.1,1.0,1.0,64,64,64,fresh_iid,256,0.27601700054394207,0.2826742192583385
s9316_r2_n000_a125,confirmatory,9316,2,0.0,0.125,feedback_only,balanced_contiguous_k1,balanced_contiguous,balanced,1,0.1737418407321983,0.125,0.487418407321983,64,64,8,fixed_cache,16,0.25371611166724983,0.2513690227331802
s9316_r2_n000_a125,confirmatory,9316,2,0.0,0.125,feedback_only,balanced_contiguous_k2,balanced_contiguous,balanced,2,0.2987418407321983,0.25,0.487418407321983,64,64,16,fixed_cache,16,0.003858093861538618,0.003806380508463663
s9316_r2_n000_a125,confirmatory,9316,2,0.0,0.125,feedback_only,balanced_contiguous_k4,balanced_contiguous,balanced,4,0.5487418407321983,0.5,0.487418407321983,64,64,32,fixed_cache,16,0.0030293106836098357,0.002990022910197763
s9316_r2_n000_a125,confirmatory,9316,2,0.0,0.125,feedback_only,balanced_contiguous_k8,balanced_contiguous,balanced,8,1.0487418407321982,1.0,0.487418407321983,64,64,64,fixed_cache,16,0.002002103829445678,0.0019780540029351447
s9316_r2_n000_a125,confirmatory,9316,2,0.0,0.125,feedback_only,balanced_interleaved_k1,balanced_interleaved,balanced,1,0.19088469787505546,0.125,0.6588469787505544,64,64,8,fixed_cache,16,0.25371611166724983,0.2513690227331802
s9316_r2_n000_a125,confirmatory,9316,2,0.0,0.125,feedback_only,balanced_interleaved_k2,balanced_interleaved,balanced,2,0.31588469787505546,0.25,0.6588469787505544,64,64,16,fixed_cache,16,0.24856427944636772,0.2462501771433816
s9316_r2_n000_a125,confirmatory,9316,2,0.0,0.125,feedback_only,balanced_interleaved_k4,balanced_interleaved,balanced,4,0.5658846978750555,0.5,0.6588469787505544,64,64,32,fixed_cache,16,0.1829515355655558,0.18104613122293614
s9316_r2_n000_a125,confirmatory,9316,2,0.0,0.125,feedback_only,balanced_interleaved_k8,balanced_interleaved,balanced,8,1.0658846978750554,1.0,0.6588469787505544,64,64,64,fixed_cache,16,0.002002103829445678,0.0019780540029351447
s9316_r2_n000_a125,confirmatory,9316,2,0.0,0.125,feedback_only,balanced_permutation_a_k1,balanced_permutation_a,balanced,1,0.18899250811836066,0.125,0.6399250811836067,64,64,8,fixed_cache,16,0.25371611166724983,0.2513690227331802
s9316_r2_n000_a125,confirmatory,9316,2,0.0,0.125,feedback_only,balanced_permutation_a_k2,balanced_permutation_a,balanced,2,0.31399250811836066,0.25,0.6399250811836067,64,64,16,fixed_cache,16,0.2531029194219808,0.25075712909048364
s9316_r2_n000_a125,confirmatory,9316,2,0.0,0.125,feedback_only,balanced_permutation_a_k4,balanced_permutation_a,balanced,4,0.5639925081183607,0.5,0.6399250811836067,64,64,32,fixed_cache,16,0.23810453145662536,0.2358466389943399
s9316_r2_n000_a125,confirmatory,9316,2,0.0,0.125,feedback_only,balanced_permutation_a_k8,balanced_permutation_a,balanced,8,1.0639925081183608,1.0,0.6399250811836067,64,64,64,fixed_cache,16,0.002002103829445678,0.0019780540029351447
s9316_r2_n000_a125,confirmatory,9316,2,0.0,0.125,feedback_only,balanced_permutation_b_k1,balanced_permutation_b,balanced,1,0.18840039778945986,0.125,0.6340039778945984,64,64,8,fixed_cache,16,0.25371611166724983,0.2513690227331802
s9316_r2_n000_a125,confirmatory,9316,2,0.0,0.125,feedback_only,balanced_permutation_b_k2,balanced_permutation_b,balanced,2,0.31340039778945983,0.25,0.6340039778945984,64,64,16,fixed_cache,16,0.2198511504739672,0.2176498243501925
s9316_r2_n000_a125,confirmatory,9316,2,0.0,0.125,feedback_only,balanced_permutation_b_k4,balanced_permutation_b,balanced,4,0.5634003977894598,0.5,0.6340039778945984,64,64,32,fixed_cache,16,0.1791585595278883,0.17723200856436383
s9316_r2_n000_a125,confirmatory,9316,2,0.0,0.125,feedback_only,balanced_permutation_b_k8,balanced_permutation_b,balanced,8,1.06340039778946,1.0,0.6340039778945984,64,64,64,fixed_cache,16,0.002002103829445678,0.0019780540029351447
s9316_r2_n000_a125,confirmatory,9316,2,0.0,0.125,feedback_only,comb_contiguous_k1,comb_contiguous,comb,1,0.225,0.125,1.0,64,64,8,fixed_cache,16,0.25371611166724983,0.2513690227331802
s9316_r2_n000_a125,confirmatory,9316,2,0.0,0.125,feedback_only,comb_contiguous_k2,comb_contiguous,comb,2,0.35,0.25,1.0,64,64,16,fixed_cache,16,0.24747617196702698,0.24515613788833104
s9316_r2_n000_a125,confirmatory,9316,2,0.0,0.125,feedback_only,comb_contiguous_k4,comb_contiguous,comb,4,0.6,0.5,1.0,64,64,32,fixed_cache,16,0.026774057201387542,0.026401124424259924
s9316_r2_n000_a125,confirmatory,9316,2,0.0,0.125,feedback_only,comb_contiguous_k8,comb_contiguous,comb,8,1.1,1.0,1.0,64,64,64,fixed_cache,16,0.002002103829445678,0.0019780540029351447
s9316_r2_n000_a125,confirmatory,9316,2,0.0,0.125,feedback_only,balanced_contiguous_k1,balanced_contiguous,balanced,1,0.1737418407321983,0.125,0.487418407321983,64,64,8,fixed_cache,64,0.2541714042991231,0.25168658818607137
s9316_r2_n000_a125,confirmatory,9316,2,0.0,0.125,feedback_only,balanced_contiguous_k2,balanced_contiguous,balanced,2,0.2987418407321983,0.25,0.487418407321983,64,64,16,fixed_cache,64,1.98840730395422e-10,1.9584877232299368e-10
s9316_r2_n000_a125,confirmatory,9316,2,0.0,0.125,feedback_only,balanced_contiguous_k4,balanced_contiguous,balanced,4,0.5487418407321983,0.5,0.487418407321983,64,64,32,fixed_cache,64,6.645889326840105e-11,6.554357177321569e-11
s9316_r2_n000_a125,confirmatory,9316,2,0.0,0.125,feedback_only,balanced_contiguous_k8,balanced_contiguous,balanced,8,1.0487418407321982,1.0,0.487418407321983,64,64,64,fixed_cache,64,9.286979917853361e-12,9.166842819864231e-12
s9316_r2_n000_a125,confirmatory,9316,2,0.0,0.125,feedback_only,balanced_interleaved_k1,balanced_interleaved,balanced,1,0.19088469787505546,0.125,0.6588469787505544,64,64,8,fixed_cache,64,0.2541714042991231,0.25168658818607137
s9316_r2_n000_a125,confirmatory,9316,2,0.0,0.125,feedback_only,balanced_interleaved_k2,balanced_interleaved,balanced,2,0.31588469787505546,0.25,0.6588469787505544,64,64,16,fixed_cache,64,0.23032088474705764,0.22801676913310023
s9316_r2_n000_a125,confirmatory,9316,2,0.0,0.125,feedback_only,balanced_interleaved_k4,balanced_interleaved,balanced,4,0.5658846978750555,0.5,0.6588469787505544,64,64,32,fixed_cache,64,0.053333119781666036,0.05262046660573299
s9316_r2_n000_a125,confirmatory,9316,2,0.0,0.125,feedback_only,balanced_interleaved_k8,balanced_interleaved,balanced,8,1.0658846978750554,1.0,0.6588469787505544,64,64,64,fixed_cache,64,9.286979917853361e-12,9.166842819864231e-12
s9316_r2_n000_a125,confirmatory,9316,2,0.0,0.125,feedback_only,balanced_permutation_a_k1,balanced_permutation_a,balanced,1,0.18899250811836066,0.125,0.6399250811836067,64,64,8,fixed_cache,64,0.2541714042991231,0.25168658818607137
s9316_r2_n000_a125,confirmatory,9316,2,0.0,0.125,feedback_only,balanced_permutation_a_k2,balanced_permutation_a,balanced,2,0.31399250811836066,0.25,0.6399250811836067,64,64,16,fixed_cache,64,0.25147007473951677,0.24900460900491564
s9316_r2_n000_a125,confirmatory,9316,2,0.0,0.125,feedback_only,balanced_permutation_a_k4,balanced_permutation_a,balanced,4,0.5639925081183607,0.5,0.6399250811836067,64,64,32,fixed_cache,64,0.187850764477754,0.1858773515499308
s9316_r2_n000_a125,confirmatory,9316,2,0.0,0.125,feedback_only,balanced_permutation_a_k8,balanced_permutation_a,balanced,8,1.0639925081183608,1.0,0.6399250811836067,64,64,64,fixed_cache,64,9.286979917853361e-12,9.166842819864231e-12
s9316_r2_n000_a125,confirmatory,9316,2,0.0,0.125,feedback_only,balanced_permutation_b_k1,balanced_permutation_b,balanced,1,0.18840039778945986,0.125,0.6340039778945984,64,64,8,fixed_cache,64,0.2541714042991231,0.25168658818607137
s9316_r2_n000_a125,confirmatory,9316,2,0.0,0.125,feedback_only,balanced_permutation_b_k2,balanced_permutation_b,balanced,2,0.31340039778945983,0.25,0.6340039778945984,64,64,16,fixed_cache,64,0.128214911580661,0.12674251077047796
s9316_r2_n000_a125,confirmatory,9316,2,0.0,0.125,feedback_only,balanced_permutation_b_k4,balanced_permutation_b,balanced,4,0.5634003977894598,0.5,0.6340039778945984,64,64,32,fixed_cache,64,0.04783771215013856,0.04718970643835701
s9316_r2_n000_a125,confirmatory,9316,2,0.0,0.125,feedback_only,balanced_permutation_b_k8,balanced_permutation_b,balanced,8,1.06340039778946,1.0,0.6340039778945984,64,64,64,fixed_cache,64,9.286979917853361e-12,9.166842819864231e-12
s9316_r2_n000_a125,confirmatory,9316,2,0.0,0.125,feedback_only,comb_contiguous_k1,comb_contiguous,comb,1,0.225,0.125,1.0,64,64,8,fixed_cache,64,0.2541714042991231,0.25168658818607137
s9316_r2_n000_a125,confirmatory,9316,2,0.0,0.125,feedback_only,comb_contiguous_k2,comb_contiguous,comb,2,0.35,0.25,1.0,64,64,16,fixed_cache,64,0.22570619163486405,0.22342944860712416
s9316_r2_n000_a125,confirmatory,9316,2,0.0,0.125,feedback_only,comb_contiguous_k4,comb_contiguous,comb,4,0.6,0.5,1.0,64,64,32,fixed_cache,64,6.474011866618998e-06,6.3566626701075155e-06
s9316_r2_n000_a125,confirmatory,9316,2,0.0,0.125,feedback_only,comb_contiguous_k8,comb_contiguous,comb,8,1.1,1.0,1.0,64,64,64,fixed_cache,64,9.286979917853361e-12,9.166842819864231e-12
s9316_r2_n000_a125,confirmatory,9316,2,0.0,0.125,feedback_only,balanced_contiguous_k1,balanced_contiguous,balanced,1,0.1737418407321983,0.125,0.487418407321983,64,64,8,fixed_cache,256,0.25334117884120316,0.25113261145344007
s9316_r2_n000_a125,confirmatory,9316,2,0.0,0.125,feedback_only,balanced_contiguous_k2,balanced_contiguous,balanced,2,0.2987418407321983,0.25,0.487418407321983,64,64,16,fixed_cache,256,5.137309013599628e-32,1.2784112322254804e-32
s9316_r2_n000_a125,confirmatory,9316,2,0.0,0.125,feedback_only,balanced_contiguous_k4,balanced_contiguous,balanced,4,0.5487418407321983,0.5,0.487418407321983,64,64,32,fixed_cache,256,5.18801642289618e-32,1.281947119232754e-32
s9316_r2_n000_a125,confirmatory,9316,2,0.0,0.125,feedback_only,balanced_contiguous_k8,balanced_contiguous,balanced,8,1.0487418407321982,1.0,0.487418407321983,64,64,64,fixed_cache,256,5.298575487665121e-32,1.2158185090328953e-32
s9316_r2_n000_a125,confirmatory,9316,2,0.0,0.125,feedback_only,balanced_interleaved_k1,balanced_interleaved,balanced,1,0.19088469787505546,0.125,0.6588469787505544,64,64,8,fixed_cache,256,0.25334117884120316,0.25113261145344007
s9316_r2_n000_a125,confirmatory,9316,2,0.0,0.125,feedback_only,balanced_interleaved_k2,balanced_interleaved,balanced,2,0.31588469787505546,0.25,0.6588469787505544,64,64,16,fixed_cache,256,0.17265891956843415,0.171075496313988
s9316_r2_n000_a125,confirmatory,9316,2,0.0,0.125,feedback_only,balanced_interleaved_k4,balanced_interleaved,balanced,4,0.5658846978750555,0.5,0.6588469787505544,64,64,32,fixed_cache,256,0.0005860200832643665,0.0005774574337673823
s9316_r2_n000_a125,confirmatory,9316,2,0.0,0.125,feedback_only,balanced_interleaved_k8,balanced_interleaved,balanced,8,1.0658846978750554,1.0,0.6588469787505544,64,64,64,fixed_cache,256,5.298575487665121e-32,1.2158185090328953e-32
s9316_r2_n000_a125,confirmatory,9316,2,0.0,0.125,feedback_only,balanced_permutation_a_k1,balanced_permutation_a,balanced,1,0.18899250811836066,0.125,0.6399250811836067,64,64,8,fixed_cache,256,0.25334117884120316,0.25113261145344007
s9316_r2_n000_a125,confirmatory,9316,2,0.0,0.125,feedback_only,balanced_permutation_a_k2,balanced_permutation_a,balanced,2,0.31399250811836066,0.25,0.6399250811836067,64,64,16,fixed_cache,256,0.2427473164437592,0.24063955751042665
s9316_r2_n000_a125,confirmatory,9316,2,0.0,0.125,feedback_only,balanced_permutation_a_k4,balanced_permutation_a,balanced,4,0.5639925081183607,0.5,0.6399250811836067,64,64,32,fixed_cache,256,0.07786047410756766,0.07709522687422372
s9316_r2_n000_a125,confirmatory,9316,2,0.0,0.125,feedback_only,balanced_permutation_a_k8,balanced_permutation_a,balanced,8,1.0639925081183608,1.0,0.6399250811836067,64,64,64,fixed_cache,256,5.298575487665121e-32,1.2158185090328953e-32
s9316_r2_n000_a125,confirmatory,9316,2,0.0,0.125,feedback_only,balanced_permutation_b_k1,balanced_permutation_b,balanced,1,0.18840039778945986,0.125,0.6340039778945984,64,64,8,fixed_cache,256,0.25334117884120316,0.25113261145344007
s9316_r2_n000_a125,confirmatory,9316,2,0.0,0.125,feedback_only,balanced_permutation_b_k2,balanced_permutation_b,balanced,2,0.31340039778945983,0.25,0.6340039778945984,64,64,16,fixed_cache,256,0.018103873986420927,0.0178769578163933
s9316_r2_n000_a125,confirmatory,9316,2,0.0,0.125,feedback_only,balanced_permutation_b_k4,balanced_permutation_b,balanced,4,0.5634003977894598,0.5,0.6340039778945984,64,64,32,fixed_cache,256,0.00040150449912810355,0.0003951374236563647
s9316_r2_n000_a125,confirmatory,9316,2,0.0,0.125,feedback_only,balanced_permutation_b_k8,balanced_permutation_b,balanced,8,1.06340039778946,1.0,0.6340039778945984,64,64,64,fixed_cache,256,5.298575487665121e-32,1.2158185090328953e-32
s9316_r2_n000_a125,confirmatory,9316,2,0.0,0.125,feedback_only,comb_contiguous_k1,comb_contiguous,comb,1,0.225,0.125,1.0,64,64,8,fixed_cache,256,0.25334117884120316,0.25113261145344007
s9316_r2_n000_a125,confirmatory,9316,2,0.0,0.125,feedback_only,comb_contiguous_k2,comb_contiguous,comb,2,0.35,0.25,1.0,64,64,16,fixed_cache,256,0.15999985688373947,0.1584898233893881
s9316_r2_n000_a125,confirmatory,9316,2,0.0,0.125,feedback_only,comb_contiguous_k4,comb_contiguous,comb,4,0.6,0.5,1.0,64,64,32,fixed_cache,256,1.086585461114953e-19,1.0779195875158733e-19
s9316_r2_n000_a125,confirmatory,9316,2,0.0,0.125,feedback_only,comb_contiguous_k8,comb_contiguous,comb,8,1.1,1.0,1.0,64,64,64,fixed_cache,256,5.298575487665121e-32,1.2158185090328953e-32
s9316_r2_n000_a125,confirmatory,9316,2,0.0,0.125,feedback_only,balanced_contiguous_k1,balanced_contiguous,balanced,1,0.1737418407321983,0.125,0.487418407321983,64,64,8,fresh_iid,16,0.2533267902622752,0.2509981449533342
s9316_r2_n000_a125,confirmatory,9316,2,0.0,0.125,feedback_only,balanced_contiguous_k2,balanced_contiguous,balanced,2,0.2987418407321983,0.25,0.487418407321983,64,64,16,fresh_iid,16,0.0018608002191877356,0.0018298298046209502
s9316_r2_n000_a125,confirmatory,9316,2,0.0,0.125,feedback_only,balanced_contiguous_k4,balanced_contiguous,balanced,4,0.5487418407321983,0.5,0.487418407321983,64,64,32,fresh_iid,16,0.0015356523517228732,0.0015056065784274362
s9316_r2_n000_a125,confirmatory,9316,2,0.0,0.125,feedback_only,balanced_contiguous_k8,balanced_contiguous,balanced,8,1.0487418407321982,1.0,0.487418407321983,64,64,64,fresh_iid,16,0.0008445616588893785,0.0008282112545520001
s9316_r2_n000_a125,confirmatory,9316,2,0.0,0.125,feedback_only,balanced_interleaved_k1,balanced_interleaved,balanced,1,0.19088469787505546,0.125,0.6588469787505544,64,64,8,fresh_iid,16,0.2533267902622752,0.2509981449533342
s9316_r2_n000_a125,confirmatory,9316,2,0.0,0.125,feedback_only,balanced_interleaved_k2,balanced_interleaved,balanced,2,0.31588469787505546,0.25,0.6588469787505544,64,64,16,fresh_iid,16,0.24705250037267124,0.24480877495528228
s9316_r2_n000_a125,confirmatory,9316,2,0.0,0.125,feedback_only,balanced_interleaved_k4,balanced_interleaved,balanced,4,0.5658846978750555,0.5,0.6588469787505544,64,64,32,fresh_iid,16,0.1701503215292144,0.1687835300160628
s9316_r2_n000_a125,confirmatory,9316,2,0.0,0.125,feedback_only,balanced_interleaved_k8,balanced_interleaved,balanced,8,1.0658846978750554,1.0,0.6588469787505544,64,64,64,fresh_iid,16,0.0008445616588893785,0.0008282112545520001
s9316_r2_n000_a125,confirmatory,9316,2,0.0,0.125,feedback_only,balanced_permutation_a_k1,balanced_permutation_a,balanced,1,0.18899250811836066,0.125,0.6399250811836067,64,64,8,fresh_iid,16,0.2533267902622752,0.2509981449533342
s9316_r2_n000_a125,confirmatory,9316,2,0.0,0.125,feedback_only,balanced_permutation_a_k2,balanced_permutation_a,balanced,2,0.31399250811836066,0.25,0.6399250811836067,64,64,16,fresh_iid,16,0.25249976831702703,0.2501872754531145
s9316_r2_n000_a125,confirmatory,9316,2,0.0,0.125,feedback_only,balanced_permutation_a_k4,balanced_permutation_a,balanced,4,0.5639925081183607,0.5,0.6399250811836067,64,64,32,fresh_iid,16,0.23427696081189192,0.23220917454224205
s9316_r2_n000_a125,confirmatory,9316,2,0.0,0.125,feedback_only,balanced_permutation_a_k8,balanced_permutation_a,balanced,8,1.0639925081183608,1.0,0.6399250811836067,64,64,64,fresh_iid,16,0.0008445616588893785,0.0008282112545520001
s9316_r2_n000_a125,confirmatory,9316,2,0.0,0.125,feedback_only,balanced_permutation_b_k1,balanced_permutation_b,balanced,1,0.18840039778945986,0.125,0.6340039778945984,64,64,8,fresh_iid,16,0.2533267902622752,0.2509981449533342
s9316_r2_n000_a125,confirmatory,9316,2,0.0,0.125,feedback_only,balanced_permutation_b_k2,balanced_permutation_b,balanced,2,0.31340039778945983,0.25,0.6340039778945984,64,64,16,fresh_iid,16,0.21297169062330212,0.21105227007671817
s9316_r2_n000_a125,confirmatory,9316,2,0.0,0.125,feedback_only,balanced_permutation_b_k4,balanced_permutation_b,balanced,4,0.5634003977894598,0.5,0.6340039778945984,64,64,32,fresh_iid,16,0.16565138004939556,0.1642671580901145
s9316_r2_n000_a125,confirmatory,9316,2,0.0,0.125,feedback_only,balanced_permutation_b_k8,balanced_permutation_b,balanced,8,1.06340039778946,1.0,0.6340039778945984,64,64,64,fresh_iid,16,0.0008445616588893785,0.0008282112545520001
s9316_r2_n000_a125,confirmatory,9316,2,0.0,0.125,feedback_only,comb_contiguous_k1,comb_contiguous,comb,1,0.225,0.125,1.0,64,64,8,fresh_iid,16,0.2533267902622752,0.2509981449533342
s9316_r2_n000_a125,confirmatory,9316,2,0.0,0.125,feedback_only,comb_contiguous_k2,comb_contiguous,comb,2,0.35,0.25,1.0,64,64,16,fresh_iid,16,0.24583952087414424,0.24358988340017265
s9316_r2_n000_a125,confirmatory,9316,2,0.0,0.125,feedback_only,comb_contiguous_k4,comb_contiguous,comb,4,0.6,0.5,1.0,64,64,32,fresh_iid,16,0.016009905867898733,0.01593882154798111
s9316_r2_n000_a125,confirmatory,9316,2,0.0,0.125,feedback_only,comb_contiguous_k8,comb_contiguous,comb,8,1.1,1.0,1.0,64,64,64,fresh_iid,16,0.0008445616588893785,0.0008282112545520001
s9316_r2_n000_a125,confirmatory,9316,2,0.0,0.125,feedback_only,balanced_contiguous_k1,balanced_contiguous,balanced,1,0.1737418407321983,0.125,0.487418407321983,64,64,8,fresh_iid,64,0.2542283934288443,0.2515407904541777
s9316_r2_n000_a125,confirmatory,9316,2,0.0,0.125,feedback_only,balanced_contiguous_k2,balanced_contiguous,balanced,2,0.2987418407321983,0.25,0.487418407321983,64,64,16,fresh_iid,64,9.88356472757433e-10,9.38189706947494e-10
s9316_r2_n000_a125,confirmatory,9316,2,0.0,0.125,feedback_only,balanced_contiguous_k4,balanced_contiguous,balanced,4,0.5487418407321983,0.5,0.487418407321983,64,64,32,fresh_iid,64,3.26089804882079e-10,3.0951202113145125e-10
s9316_r2_n000_a125,confirmatory,9316,2,0.0,0.125,feedback_only,balanced_contiguous_k8,balanced_contiguous,balanced,8,1.0487418407321982,1.0,0.487418407321983,64,64,64,fresh_iid,64,6.808638463018698e-11,6.464207493499872e-11
s9316_r2_n000_a125,confirmatory,9316,2,0.0,0.125,feedback_only,balanced_interleaved_k1,balanced_interleaved,balanced,1,0.19088469787505546,0.125,0.6588469787505544,64,64,8,fresh_iid,64,0.2542283934288443,0.2515407904541777
s9316_r2_n000_a125,confirmatory,9316,2,0.0,0.125,feedback_only,balanced_interleaved_k2,balanced_interleaved,balanced,2,0.31588469787505546,0.25,0.6588469787505544,64,64,16,fresh_iid,64,0.23084266047200214,0.22841058375756426
s9316_r2_n000_a125,confirmatory,9316,2,0.0,0.125,feedback_only,balanced_interleaved_k4,balanced_interleaved,balanced,4,0.5658846978750555,0.5,0.6588469787505544,64,64,32,fresh_iid,64,0.05486847277926791,0.054334179626594044
s9316_r2_n000_a125,confirmatory,9316,2,0.0,0.125,feedback_only,balanced_interleaved_k8,balanced_interleaved,balanced,8,1.0658846978750554,1.0,0.6588469787505544,64,64,64,fresh_iid,64,6.808638463018698e-11,6.464207493499872e-11
s9316_r2_n000_a125,confirmatory,9316,2,0.0,0.125,feedback_only,balanced_permutation_a_k1,balanced_permutation_a,balanced,1,0.18899250811836066,0.125,0.6399250811836067,64,64,8,fresh_iid,64,0.2542283934288443,0.2515407904541777
s9316_r2_n000_a125,confirmatory,9316,2,0.0,0.125,feedback_only,balanced_permutation_a_k2,balanced_permutation_a,balanced,2,0.31399250811836066,0.25,0.6399250811836067,64,64,16,fresh_iid,64,0.2516170341500521,0.24894753406741577
s9316_r2_n000_a125,confirmatory,9316,2,0.0,0.125,feedback_only,balanced_permutation_a_k4,balanced_permutation_a,balanced,4,0.5639925081183607,0.5,0.6399250811836067,64,64,32,fresh_iid,64,0.18913773463431152,0.18713445128524564
s9316_r2_n000_a125,confirmatory,9316,2,0.0,0.125,feedback_only,balanced_permutation_a_k8,balanced_permutation_a,balanced,8,1.0639925081183608,1.0,0.6399250811836067,64,64,64,fresh_iid,64,6.808638463018698e-11,6.464207493499872e-11
s9316_r2_n000_a125,confirmatory,9316,2,0.0,0.125,feedback_only,balanced_permutation_b_k1,balanced_permutation_b,balanced,1,0.18840039778945986,0.125,0.6340039778945984,64,64,8,fresh_iid,64,0.2542283934288443,0.2515407904541777
s9316_r2_n000_a125,confirmatory,9316,2,0.0,0.125,feedback_only,balanced_permutation_b_k2,balanced_permutation_b,balanced,2,0.31340039778945983,0.25,0.6340039778945984,64,64,16,fresh_iid,64,0.1297906787566743,0.1285410206558846
s9316_r2_n000_a125,confirmatory,9316,2,0.0,0.125,feedback_only,balanced_permutation_b_k4,balanced_permutation_b,balanced,4,0.5634003977894598,0.5,0.6340039778945984,64,64,32,fresh_iid,64,0.04920812574607684,0.048789803567260634
s9316_r2_n000_a125,confirmatory,9316,2,0.0,0.125,feedback_only,balanced_permutation_b_k8,balanced_permutation_b,balanced,8,1.06340039778946,1.0,0.6340039778945984,64,64,64,fresh_iid,64,6.808638463018698e-11,6.464207493499872e-11
s9316_r2_n000_a125,confirmatory,9316,2,0.0,0.125,feedback_only,comb_contiguous_k1,comb_contiguous,comb,1,0.225,0.125,1.0,64,64,8,fresh_iid,64,0.2542283934288443,0.2515407904541777
s9316_r2_n000_a125,confirmatory,9316,2,0.0,0.125,feedback_only,comb_contiguous_k2,comb_contiguous,comb,2,0.35,0.25,1.0,64,64,16,fresh_iid,64,0.22625554053478963,0.2238938020444999
s9316_r2_n000_a125,confirmatory,9316,2,0.0,0.125,feedback_only,comb_contiguous_k4,comb_contiguous,comb,4,0.6,0.5,1.0,64,64,32,fresh_iid,64,8.417333281305925e-06,8.186141405321521e-06
s9316_r2_n000_a125,confirmatory,9316,2,0.0,0.125,feedback_only,comb_contiguous_k8,comb_contiguous,comb,8,1.1,1.0,1.0,64,64,64,fresh_iid,64,6.808638463018698e-11,6.464207493499872e-11
s9316_r2_n000_a125,confirmatory,9316,2,0.0,0.125,feedback_only,balanced_contiguous_k1,balanced_contiguous,balanced,1,0.1737418407321983,0.125,0.487418407321983,64,64,8,fresh_iid,256,0.25292073051711594,0.25064213551922226
s9316_r2_n000_a125,confirmatory,9316,2,0.0,0.125,feedback_only,balanced_contiguous_k2,balanced_contiguous,balanced,2,0.2987418407321983,0.25,0.487418407321983,64,64,16,fresh_iid,256,5.425995373032325e-32,2.5772102384716226e-32
s9316_r2_n000_a125,confirmatory,9316,2,0.0,0.125,feedback_only,balanced_contiguous_k4,balanced_contiguous,balanced,4,0.5487418407321983,0.5,0.487418407321983,64,64,32,fresh_iid,256,5.131161508752614e-32,1.4962820571842865e-32
s9316_r2_n000_a125,confirmatory,9316,2,0.0,0.125,feedback_only,balanced_contiguous_k8,balanced_contiguous,balanced,8,1.0487418407321982,1.0,0.487418407321983,64,64,64,fresh_iid,256,4.8663287326896354e-32,1.6160508256008677e-32
s9316_r2_n000_a125,confirmatory,9316,2,0.0,0.125,feedback_only,balanced_interleaved_k1,balanced_interleaved,balanced,1,0.19088469787505546,0.125,0.6588469787505544,64,64,8,fresh_iid,256,0.25292073051711594,0.25064213551922226
s9316_r2_n000_a125,confirmatory,9316,2,0.0,0.125,feedback_only,balanced_interleaved_k2,balanced_interleaved,balanced,2,0.31588469787505546,0.25,0.6588469787505544,64,64,16,fresh_iid,256,0.16914910127000268,0.1676930866073399
s9316_r2_n000_a125,confirmatory,9316,2,0.0,0.125,feedback_only,balanced_interleaved_k4,balanced_interleaved,balanced,4,0.5658846978750555,0.5,0.6588469787505544,64,64,32,fresh_iid,256,0.00042298467571894624,0.0004221756011389216
s9316_r2_n000_a125,confirmatory,9316,2,0.0,0.125,feedback_only,balanced_interleaved_k8,balanced_interleaved,balanced,8,1.0658846978750554,1.0,0.6588469787505544,64,64,64,fresh_iid,256,4.8663287326896354e-32,1.6160508256008677e-32
s9316_r2_n000_a125,confirmatory,9316,2,0.0,0.125,feedback_only,balanced_permutation_a_k1,balanced_permutation_a,balanced,1,0.18899250811836066,0.125,0.6399250811836067,64,64,8,fresh_iid,256,0.25292073051711594,0.25064213551922226
s9316_r2_n000_a125,confirmatory,9316,2,0.0,0.125,feedback_only,balanced_permutation_a_k2,balanced_permutation_a,balanced,2,0.31399250811836066,0.25,0.6399250811836067,64,64,16,fresh_iid,256,0.241771874227048,0.23961866748041785
s9316_r2_n000_a125,confirmatory,9316,2,0.0,0.125,feedback_only,balanced_permutation_a_k4,balanced_permutation_a,balanced,4,0.5639925081183607,0.5,0.6399250811836067,64,64,32,fresh_iid,256,0.07314168993006051,0.07258556691411591
s9316_r2_n000_a125,confirmatory,9316,2,0.0,0.125,feedback_only,balanced_permutation_a_k8,balanced_permutation_a,balanced,8,1.0639925081183608,1.0,0.6399250811836067,64,64,64,fresh_iid,256,4.8663287326896354e-32,1.6160508256008677e-32
s9316_r2_n000_a125,confirmatory,9316,2,0.0,0.125,feedback_only,balanced_permutation_b_k1,balanced_permutation_b,balanced,1,0.18840039778945986,0.125,0.6340039778945984,64,64,8,fresh_iid,256,0.25292073051711594,0.25064213551922226
s9316_r2_n000_a125,confirmatory,9316,2,0.0,0.125,feedback_only,balanced_permutation_b_k2,balanced_permutation_b,balanced,2,0.31340039778945983,0.25,0.6340039778945984,64,64,16,fresh_iid,256,0.015874099307042394,0.015764256428339746
s9316_r2_n000_a125,confirmatory,9316,2,0.0,0.125,feedback_only,balanced_permutation_b_k4,balanced_permutation_b,balanced,4,0.5634003977894598,0.5,0.6340039778945984,64,64,32,fresh_iid,256,0.0002885690861576171,0.0002879213889168169
s9316_r2_n000_a125,confirmatory,9316,2,0.0,0.125,feedback_only,balanced_permutation_b_k8,balanced_permutation_b,balanced,8,1.06340039778946,1.0,0.6340039778945984,64,64,64,fresh_iid,256,4.8663287326896354e-32,1.6160508256008677e-32
s9316_r2_n000_a125,confirmatory,9316,2,0.0,0.125,feedback_only,comb_contiguous_k1,comb_contiguous,comb,1,0.225,0.125,1.0,64,64,8,fresh_iid,256,0.25292073051711594,0.25064213551922226
s9316_r2_n000_a125,confirmatory,9316,2,0.0,0.125,feedback_only,comb_contiguous_k2,comb_contiguous,comb,2,0.35,0.25,1.0,64,64,16,fresh_iid,256,0.15623249354624533,0.15487801692349024
s9316_r2_n000_a125,confirmatory,9316,2,0.0,0.125,feedback_only,comb_contiguous_k4,comb_contiguous,comb,4,0.6,0.5,1.0,64,64,32,fresh_iid,256,3.4716697267640386e-20,3.541235957311335e-20
s9316_r2_n000_a125,confirmatory,9316,2,0.0,0.125,feedback_only,comb_contiguous_k8,comb_contiguous,comb,8,1.1,1.0,1.0,64,64,64,fresh_iid,256,4.8663287326896354e-32,1.6160508256008677e-32
s9316_r2_n000_a125,confirmatory,9316,2,0.0,0.125,joint_forward_feedback,balanced_contiguous_k1,balanced_contiguous,balanced,1,0.1737418407321983,0.125,0.487418407321983,64,64,8,fixed_cache,16,0.2628688285112982,0.26053737462146953
s9316_r2_n000_a125,confirmatory,9316,2,0.0,0.125,joint_forward_feedback,balanced_contiguous_k2,balanced_contiguous,balanced,2,0.2987418407321983,0.25,0.487418407321983,64,64,16,fixed_cache,16,0.03816822139725276,0.03755424966625302
s9316_r2_n000_a125,confirmatory,9316,2,0.0,0.125,joint_forward_feedback,balanced_contiguous_k4,balanced_contiguous,balanced,4,0.5487418407321983,0.5,0.487418407321983,64,64,32,fixed_cache,16,0.03457698497528116,0.03402378332325387
s9316_r2_n000_a125,confirmatory,9316,2,0.0,0.125,joint_forward_feedback,balanced_contiguous_k8,balanced_contiguous,balanced,8,1.0487418407321982,1.0,0.487418407321983,64,64,64,fixed_cache,16,0.030322362747015642,0.029837819973111843
s9316_r2_n000_a125,confirmatory,9316,2,0.0,0.125,joint_forward_feedback,balanced_interleaved_k1,balanced_interleaved,balanced,1,0.19088469787505546,0.125,0.6588469787505544,64,64,8,fixed_cache,16,0.2582445738324467,0.25595566070049947
s9316_r2_n000_a125,confirmatory,9316,2,0.0,0.125,joint_forward_feedback,balanced_interleaved_k2,balanced_interleaved,balanced,2,0.31588469787505546,0.25,0.6588469787505544,64,64,16,fixed_cache,16,0.2549522052724492,0.252689774005488
s9316_r2_n000_a125,confirmatory,9316,2,0.0,0.125,joint_forward_feedback,balanced_interleaved_k4,balanced_interleaved,balanced,4,0.5658846978750555,0.5,0.6588469787505544,64,64,32,fixed_cache,16,0.2125606278750246,0.21054246478990765
s9316_r2_n000_a125,confirmatory,9316,2,0.0,0.125,joint_forward_feedback,balanced_interleaved_k8,balanced_interleaved,balanced,8,1.0658846978750554,1.0,0.6588469787505544,64,64,64,fixed_cache,16,0.02776096514233552,0.02735965776783647
s9316_r2_n000_a125,confirmatory,9316,2,0.0,0.125,joint_forward_feedback,balanced_permutation_a_k1,balanced_permutation_a,balanced,1,0.18899250811836066,0.125,0.6399250811836067,64,64,8,fixed_cache,16,0.25851011970366455,0.2562088479338588
s9316_r2_n000_a125,confirmatory,9316,2,0.0,0.125,joint_forward_feedback,balanced_permutation_a_k2,balanced_permutation_a,balanced,2,0.31399250811836066,0.25,0.6399250811836067,64,64,16,fixed_cache,16,0.25706316314370026,0.2547811853228682
s9316_r2_n000_a125,confirmatory,9316,2,0.0,0.125,joint_forward_feedback,balanced_permutation_a_k4,balanced_permutation_a,balanced,4,0.5639925081183607,0.5,0.6399250811836067,64,64,32,fixed_cache,16,0.24718127026289258,0.24496694699796662
s9316_r2_n000_a125,confirmatory,9316,2,0.0,0.125,joint_forward_feedback,balanced_permutation_a_k8,balanced_permutation_a,balanced,8,1.0639925081183608,1.0,0.6399250811836067,64,64,64,fixed_cache,16,0.03516183500441233,0.034670601005276136
s9316_r2_n000_a125,confirmatory,9316,2,0.0,0.125,joint_forward_feedback,balanced_permutation_b_k1,balanced_permutation_b,balanced,1,0.18840039778945986,0.125,0.6340039778945984,64,64,8,fixed_cache,16,0.25838631780410865,0.2560749482029528
s9316_r2_n000_a125,confirmatory,9316,2,0.0,0.125,joint_forward_feedback,balanced_permutation_b_k2,balanced_permutation_b,balanced,2,0.31340039778945983,0.25,0.6340039778945984,64,64,16,fixed_cache,16,0.2354809145845784,0.233212013151531
s9316_r2_n000_a125,confirmatory,9316,2,0.0,0.125,joint_forward_feedback,balanced_permutation_b_k4,balanced_permutation_b,balanced,4,0.5634003977894598,0.5,0.6340039778945984,64,64,32,fixed_cache,16,0.2090056886788313,0.2068632235545373
s9316_r2_n000_a125,confirmatory,9316,2,0.0,0.125,joint_forward_feedback,balanced_permutation_b_k8,balanced_permutation_b,balanced,8,1.06340039778946,1.0,0.6340039778945984,64,64,64,fixed_cache,16,0.03301077434654849,0.032526088932104597
s9316_r2_n000_a125,confirmatory,9316,2,0.0,0.125,joint_forward_feedback,comb_contiguous_k1,comb_contiguous,comb,1,0.225,0.125,1.0,64,64,8,fixed_cache,16,0.2572601349641978,0.25507857989360233
s9316_r2_n000_a125,confirmatory,9316,2,0.0,0.125,joint_forward_feedback,comb_contiguous_k2,comb_contiguous,comb,2,0.35,0.25,1.0,64,64,16,fixed_cache,16,0.2541731750560533,0.25200220474876406
s9316_r2_n000_a125,confirmatory,9316,2,0.0,0.125,joint_forward_feedback,comb_contiguous_k4,comb_contiguous,comb,4,0.6,0.5,1.0,64,64,32,fixed_cache,16,0.06239554402941365,0.06168900498101415
s9316_r2_n000_a125,confirmatory,9316,2,0.0,0.125,joint_forward_feedback,comb_contiguous_k8,comb_contiguous,comb,8,1.1,1.0,1.0,64,64,64,fixed_cache,16,0.014339918929669262,0.014156661801927903
s9316_r2_n000_a125,confirmatory,9316,2,0.0,0.125,joint_forward_feedback,balanced_contiguous_k1,balanced_contiguous,balanced,1,0.1737418407321983,0.125,0.487418407321983,64,64,8,fixed_cache,64,0.2534135438204793,0.2509779068010173
s9316_r2_n000_a125,confirmatory,9316,2,0.0,0.125,joint_forward_feedback,balanced_contiguous_k2,balanced_contiguous,balanced,2,0.2987418407321983,0.25,0.487418407321983,64,64,16,fixed_cache,64,7.10602901077961e-06,6.959619645224368e-06
s9316_r2_n000_a125,confirmatory,9316,2,0.0,0.125,joint_forward_feedback,balanced_contiguous_k4,balanced_contiguous,balanced,4,0.5487418407321983,0.5,0.487418407321983,64,64,32,fixed_cache,64,4.494256658555812e-06,4.41240204564149e-06
s9316_r2_n000_a125,confirmatory,9316,2,0.0,0.125,joint_forward_feedback,balanced_contiguous_k8,balanced_contiguous,balanced,8,1.0487418407321982,1.0,0.487418407321983,64,64,64,fixed_cache,64,2.515760417041421e-06,2.465272618409007e-06
s9316_r2_n000_a125,confirmatory,9316,2,0.0,0.125,joint_forward_feedback,balanced_interleaved_k1,balanced_interleaved,balanced,1,0.19088469787505546,0.125,0.6588469787505544,64,64,8,fixed_cache,64,0.25360465777794494,0.2511611426491719
s9316_r2_n000_a125,confirmatory,9316,2,0.0,0.125,joint_forward_feedback,balanced_interleaved_k2,balanced_interleaved,balanced,2,0.31588469787505546,0.25,0.6588469787505544,64,64,16,fixed_cache,64,0.2386444952951866,0.2363153945765372
s9316_r2_n000_a125,confirmatory,9316,2,0.0,0.125,joint_forward_feedback,balanced_interleaved_k4,balanced_interleaved,balanced,4,0.5658846978750555,0.5,0.6588469787505544,64,64,32,fixed_cache,64,0.09946662525674464,0.09829450704768879
s9316_r2_n000_a125,confirmatory,9316,2,0.0,0.125,joint_forward_feedback,balanced_interleaved_k8,balanced_interleaved,balanced,8,1.0658846978750554,1.0,0.6588469787505544,64,64,64,fixed_cache,64,3.422709117734693e-06,3.348504757436535e-06
s9316_r2_n000_a125,confirmatory,9316,2,0.0,0.125,joint_forward_feedback,balanced_permutation_a_k1,balanced_permutation_a,balanced,1,0.18899250811836066,0.125,0.6399250811836067,64,64,8,fixed_cache,64,0.25353271797193655,0.25108377245355734
s9316_r2_n000_a125,confirmatory,9316,2,0.0,0.125,joint_forward_feedback,balanced_permutation_a_k2,balanced_permutation_a,balanced,2,0.31399250811836066,0.25,0.6399250811836067,64,64,16,fixed_cache,64,0.25069545054711484,0.24827267901930392
s9316_r2_n000_a125,confirmatory,9316,2,0.0,0.125,joint_forward_feedback,balanced_permutation_a_k4,balanced_permutation_a,balanced,4,0.5639925081183607,0.5,0.6399250811836067,64,64,32,fixed_cache,64,0.2115163662665905,0.20939450677694205
s9316_r2_n000_a125,confirmatory,9316,2,0.0,0.125,joint_forward_feedback,balanced_permutation_a_k8,balanced_permutation_a,balanced,8,1.0639925081183608,1.0,0.6399250811836067,64,64,64,fixed_cache,64,1.2931630819643975e-05,1.2652256827689988e-05
s9316_r2_n000_a125,confirmatory,9316,2,0.0,0.125,joint_forward_feedback,balanced_permutation_b_k1,balanced_permutation_b,balanced,1,0.18840039778945986,0.125,0.6340039778945984,64,64,8,fixed_cache,64,0.2534820923649229,0.2510272504905929
s9316_r2_n000_a125,confirmatory,9316,2,0.0,0.125,joint_forward_feedback,balanced_permutation_b_k2,balanced_permutation_b,balanced,2,0.31340039778945983,0.25,0.6340039778945984,64,64,16,fixed_cache,64,0.16475408228833982,0.16296973930198075
s9316_r2_n000_a125,confirmatory,9316,2,0.0,0.125,joint_forward_feedback,balanced_permutation_b_k4,balanced_permutation_b,balanced,4,0.5634003977894598,0.5,0.6340039778945984,64,64,32,fixed_cache,64,0.09217879917075072,0.09106523686884976
s9316_r2_n000_a125,confirmatory,9316,2,0.0,0.125,joint_forward_feedback,balanced_permutation_b_k8,balanced_permutation_b,balanced,8,1.06340039778946,1.0,0.6340039778945984,64,64,64,fixed_cache,64,8.45520996258907e-06,8.274732357607315e-06
s9316_r2_n000_a125,confirmatory,9316,2,0.0,0.125,joint_forward_feedback,comb_contiguous_k1,comb_contiguous,comb,1,0.225,0.125,1.0,64,64,8,fixed_cache,64,0.2543995328858145,0.2520437418169908
s9316_r2_n000_a125,confirmatory,9316,2,0.0,0.125,joint_forward_feedback,comb_contiguous_k2,comb_contiguous,comb,2,0.35,0.25,1.0,64,64,16,fixed_cache,64,0.24019821716602485,0.23793497053553997
s9316_r2_n000_a125,confirmatory,9316,2,0.0,0.125,joint_forward_feedback,comb_contiguous_k4,comb_contiguous,comb,4,0.6,0.5,1.0,64,64,32,fixed_cache,64,0.0003705541547986052,0.00036622895692640727
s9316_r2_n000_a125,confirmatory,9316,2,0.0,0.125,joint_forward_feedback,comb_contiguous_k8,comb_contiguous,comb,8,1.1,1.0,1.0,64,64,64,fixed_cache,64,5.843355627328708e-07,5.890590116314387e-07
s9316_r2_n000_a125,confirmatory,9316,2,0.0,0.125,joint_forward_feedback,balanced_contiguous_k1,balanced_contiguous,balanced,1,0.1737418407321983,0.125,0.487418407321983,64,64,8,fixed_cache,256,0.25261796961003236,0.2503130213249697
s9316_r2_n000_a125,confirmatory,9316,2,0.0,0.125,joint_forward_feedback,balanced_contiguous_k2,balanced_contiguous,balanced,2,0.2987418407321983,0.25,0.487418407321983,64,64,16,fixed_cache,256,2.1284940412733185e-19,2.0919731234155e-19
s9316_r2_n000_a125,confirmatory,9316,2,0.0,0.125,joint_forward_feedback,balanced_contiguous_k4,balanced_contiguous,balanced,4,0.5487418407321983,0.5,0.487418407321983,64,64,32,fixed_cache,256,1.0252833821217777e-19,1.0408995545024005e-19
s9316_r2_n000_a125,confirmatory,9316,2,0.0,0.125,joint_forward_feedback,balanced_contiguous_k8,balanced_contiguous,balanced,8,1.0487418407321982,1.0,0.487418407321983,64,64,64,fixed_cache,256,4.296301733619121e-21,4.2609748856647254e-21
s9316_r2_n000_a125,confirmatory,9316,2,0.0,0.125,joint_forward_feedback,balanced_interleaved_k1,balanced_interleaved,balanced,1,0.19088469787505546,0.125,0.6588469787505544,64,64,8,fixed_cache,256,0.2527085528701909,0.2504247724544906
s9316_r2_n000_a125,confirmatory,9316,2,0.0,0.125,joint_forward_feedback,balanced_interleaved_k2,balanced_interleaved,balanced,2,0.31588469787505546,0.25,0.6588469787505544,64,64,16,fixed_cache,256,0.19944237877462295,0.19758596153715763
s9316_r2_n000_a125,confirmatory,9316,2,0.0,0.125,joint_forward_feedback,balanced_interleaved_k4,balanced_interleaved,balanced,4,0.5658846978750555,0.5,0.6588469787505544,64,64,32,fixed_cache,256,0.00667472613225306,0.006587584959084887
s9316_r2_n000_a125,confirmatory,9316,2,0.0,0.125,joint_forward_feedback,balanced_interleaved_k8,balanced_interleaved,balanced,8,1.0658846978750554,1.0,0.6588469787505544,64,64,64,fixed_cache,256,1.519753613610055e-20,1.496849779411601e-20
s9316_r2_n000_a125,confirmatory,9316,2,0.0,0.125,joint_forward_feedback,balanced_permutation_a_k1,balanced_permutation_a,balanced,1,0.18899250811836066,0.125,0.6399250811836067,64,64,8,fixed_cache,256,0.2526879123292105,0.25038711853754053
s9316_r2_n000_a125,confirmatory,9316,2,0.0,0.125,joint_forward_feedback,balanced_permutation_a_k2,balanced_permutation_a,balanced,2,0.31399250811836066,0.25,0.6399250811836067,64,64,16,fixed_cache,256,0.24152360971904374,0.23933129044760276
s9316_r2_n000_a125,confirmatory,9316,2,0.0,0.125,joint_forward_feedback,balanced_permutation_a_k4,balanced_permutation_a,balanced,4,0.5639925081183607,0.5,0.6399250811836067,64,64,32,fixed_cache,256,0.12453844687926607,0.12331887920477622
s9316_r2_n000_a125,confirmatory,9316,2,0.0,0.125,joint_forward_feedback,balanced_permutation_a_k8,balanced_permutation_a,balanced,8,1.0639925081183608,1.0,0.6399250811836067,64,64,64,fixed_cache,256,2.842855277297941e-18,2.7937830737025906e-18
s9316_r2_n000_a125,confirmatory,9316,2,0.0,0.125,joint_forward_feedback,balanced_permutation_b_k1,balanced_permutation_b,balanced,1,0.18840039778945986,0.125,0.6340039778945984,64,64,8,fixed_cache,256,0.2526794485083548,0.25036469612715595
s9316_r2_n000_a125,confirmatory,9316,2,0.0,0.125,joint_forward_feedback,balanced_permutation_b_k2,balanced_permutation_b,balanced,2,0.31340039778945983,0.25,0.6340039778945984,64,64,16,fixed_cache,256,0.048089906518077284,0.047526633096758454
s9316_r2_n000_a125,confirmatory,9316,2,0.0,0.125,joint_forward_feedback,balanced_permutation_b_k4,balanced_permutation_b,balanced,4,0.5634003977894598,0.5,0.6340039778945984,64,64,32,fixed_cache,256,0.005146571964540613,0.00507375281931243
s9316_r2_n000_a125,confirmatory,9316,2,0.0,0.125,joint_forward_feedback,balanced_permutation_b_k8,balanced_permutation_b,balanced,8,1.06340039778946,1.0,0.6340039778945984,64,64,64,fixed_cache,256,7.570992813262908e-19,7.424495678615518e-19
s9316_r2_n000_a125,confirmatory,9316,2,0.0,0.125,joint_forward_feedback,comb_contiguous_k1,comb_contiguous,comb,1,0.225,0.125,1.0,64,64,8,fixed_cache,256,0.25298177633381924,0.25092582665816826
s9316_r2_n000_a125,confirmatory,9316,2,0.0,0.125,joint_forward_feedback,comb_contiguous_k2,comb_contiguous,comb,2,0.35,0.25,1.0,64,64,16,fixed_cache,256,0.202360663221818,0.20064714975335948
s9316_r2_n000_a125,confirmatory,9316,2,0.0,0.125,joint_forward_feedback,comb_contiguous_k4,comb_contiguous,comb,4,0.6,0.5,1.0,64,64,32,fixed_cache,256,1.4403982449499614e-12,1.4380951955960126e-12
s9316_r2_n000_a125,confirmatory,9316,2,0.0,0.125,joint_forward_feedback,comb_contiguous_k8,comb_contiguous,comb,8,1.1,1.0,1.0,64,64,64,fixed_cache,256,2.1210593048855973e-22,2.1762634211156727e-22
s9316_r2_n000_a125,confirmatory,9316,2,0.0,0.125,joint_forward_feedback,balanced_contiguous_k1,balanced_contiguous,balanced,1,0.1737418407321983,0.125,0.487418407321983,64,64,8,fresh_iid,16,0.26433541221208867,0.2619454748855225
s9316_r2_n000_a125,confirmatory,9316,2,0.0,0.125,joint_forward_feedback,balanced_contiguous_k2,balanced_contiguous,balanced,2,0.2987418407321983,0.25,0.487418407321983,64,64,16,fresh_iid,16,0.028297295896139146,0.027927983974990248
s9316_r2_n000_a125,confirmatory,9316,2,0.0,0.125,joint_forward_feedback,balanced_contiguous_k4,balanced_contiguous,balanced,4,0.5487418407321983,0.5,0.487418407321983,64,64,32,fresh_iid,16,0.02563703662859797,0.025294132079081412
s9316_r2_n000_a125,confirmatory,9316,2,0.0,0.125,joint_forward_feedback,balanced_contiguous_k8,balanced_contiguous,balanced,8,1.0487418407321982,1.0,0.487418407321983,64,64,64,fresh_iid,16,0.02181328215743881,0.021524885078017017
s9316_r2_n000_a125,confirmatory,9316,2,0.0,0.125,joint_forward_feedback,balanced_interleaved_k1,balanced_interleaved,balanced,1,0.19088469787505546,0.125,0.6588469787505544,64,64,8,fresh_iid,16,0.2591390740303484,0.2568054020329036
s9316_r2_n000_a125,confirmatory,9316,2,0.0,0.125,joint_forward_feedback,balanced_interleaved_k2,balanced_interleaved,balanced,2,0.31588469787505546,0.25,0.6588469787505544,64,64,16,fresh_iid,16,0.25510500373604883,0.2528313185461053
s9316_r2_n000_a125,confirmatory,9316,2,0.0,0.125,joint_forward_feedback,balanced_interleaved_k4,balanced_interleaved,balanced,4,0.5658846978750555,0.5,0.6588469787505544,64,64,32,fresh_iid,16,0.20477360332198102,0.20307737776293658
s9316_r2_n000_a125,confirmatory,9316,2,0.0,0.125,joint_forward_feedback,balanced_interleaved_k8,balanced_interleaved,balanced,8,1.0658846978750554,1.0,0.6588469787505544,64,64,64,fresh_iid,16,0.017973924123536662,0.017820557770489517
s9316_r2_n000_a125,confirmatory,9316,2,0.0,0.125,joint_forward_feedback,balanced_permutation_a_k1,balanced_permutation_a,balanced,1,0.18899250811836066,0.125,0.6399250811836067,64,64,8,fresh_iid,16,0.2595109713682811,0.25715933610775993
s9316_r2_n000_a125,confirmatory,9316,2,0.0,0.125,joint_forward_feedback,balanced_permutation_a_k2,balanced_permutation_a,balanced,2,0.31399250811836066,0.25,0.6399250811836067,64,64,16,fresh_iid,16,0.25772492631594845,0.25540716097720667
s9316_r2_n000_a125,confirmatory,9316,2,0.0,0.125,joint_forward_feedback,balanced_permutation_a_k4,balanced_permutation_a,balanced,4,0.5639925081183607,0.5,0.6399250811836067,64,64,32,fresh_iid,16,0.2457070530669255,0.24355107526596095
s9316_r2_n000_a125,confirmatory,9316,2,0.0,0.125,joint_forward_feedback,balanced_permutation_a_k8,balanced_permutation_a,balanced,8,1.0639925081183608,1.0,0.6399250811836067,64,64,64,fresh_iid,16,0.023337642653428213,0.02317319909646285
s9316_r2_n000_a125,confirmatory,9316,2,0.0,0.125,joint_forward_feedback,balanced_permutation_b_k1,balanced_permutation_b,balanced,1,0.18840039778945986,0.125,0.6340039778945984,64,64,8,fresh_iid,16,0.25942949834408197,0.25706410515259714
s9316_r2_n000_a125,confirmatory,9316,2,0.0,0.125,joint_forward_feedback,balanced_permutation_b_k2,balanced_permutation_b,balanced,2,0.31340039778945983,0.25,0.6340039778945984,64,64,16,fresh_iid,16,0.23222286869344902,0.23007244438970612
s9316_r2_n000_a125,confirmatory,9316,2,0.0,0.125,joint_forward_feedback,balanced_permutation_b_k4,balanced_permutation_b,balanced,4,0.5634003977894598,0.5,0.6340039778945984,64,64,32,fresh_iid,16,0.20090999351540026,0.19908332488139105
s9316_r2_n000_a125,confirmatory,9316,2,0.0,0.125,joint_forward_feedback,balanced_permutation_b_k8,balanced_permutation_b,balanced,8,1.06340039778946,1.0,0.6340039778945984,64,64,64,fresh_iid,16,0.021458827070097754,0.021289649996746728
s9316_r2_n000_a125,confirmatory,9316,2,0.0,0.125,joint_forward_feedback,comb_contiguous_k1,comb_contiguous,comb,1,0.225,0.125,1.0,64,64,8,fresh_iid,16,0.25716202876921207,0.255002648236306
s9316_r2_n000_a125,confirmatory,9316,2,0.0,0.125,joint_forward_feedback,comb_contiguous_k2,comb_contiguous,comb,2,0.35,0.25,1.0,64,64,16,fresh_iid,16,0.2535064974959568,0.2513808104342699
s9316_r2_n000_a125,confirmatory,9316,2,0.0,0.125,joint_forward_feedback,comb_contiguous_k4,comb_contiguous,comb,4,0.6,0.5,1.0,64,64,32,fresh_iid,16,0.048465055728006474,0.04821641477201933
s9316_r2_n000_a125,confirmatory,9316,2,0.0,0.125,joint_forward_feedback,comb_contiguous_k8,comb_contiguous,comb,8,1.1,1.0,1.0,64,64,64,fresh_iid,16,0.01000599839985179,0.009885730432737173
s9316_r2_n000_a125,confirmatory,9316,2,0.0,0.125,joint_forward_feedback,balanced_contiguous_k1,balanced_contiguous,balanced,1,0.1737418407321983,0.125,0.487418407321983,64,64,8,fresh_iid,64,0.25325639429504854,0.2506661877274469
s9316_r2_n000_a125,confirmatory,9316,2,0.0,0.125,joint_forward_feedback,balanced_contiguous_k2,balanced_contiguous,balanced,2,0.2987418407321983,0.25,0.487418407321983,64,64,16,fresh_iid,64,1.0421783702327547e-05,1.0226630234338641e-05
s9316_r2_n000_a125,confirmatory,9316,2,0.0,0.125,joint_forward_feedback,balanced_contiguous_k4,balanced_contiguous,balanced,4,0.5487418407321983,0.5,0.487418407321983,64,64,32,fresh_iid,64,6.876110324000986e-06,6.722416776868686e-06
s9316_r2_n000_a125,confirmatory,9316,2,0.0,0.125,joint_forward_feedback,balanced_contiguous_k8,balanced_contiguous,balanced,8,1.0487418407321982,1.0,0.487418407321983,64,64,64,fresh_iid,64,4.002192618961556e-06,3.909850411294041e-06
s9316_r2_n000_a125,confirmatory,9316,2,0.0,0.125,joint_forward_feedback,balanced_interleaved_k1,balanced_interleaved,balanced,1,0.19088469787505546,0.125,0.6588469787505544,64,64,8,fresh_iid,64,0.25347921990305433,0.2508608068917407
s9316_r2_n000_a125,confirmatory,9316,2,0.0,0.125,joint_forward_feedback,balanced_interleaved_k2,balanced_interleaved,balanced,2,0.31588469787505546,0.25,0.6588469787505544,64,64,16,fresh_iid,64,0.23880865976531493,0.23634730760393224
s9316_r2_n000_a125,confirmatory,9316,2,0.0,0.125,joint_forward_feedback,balanced_interleaved_k4,balanced_interleaved,balanced,4,0.5658846978750555,0.5,0.6588469787505544,64,64,32,fresh_iid,64,0.10107568033796768,0.10009058782617633
s9316_r2_n000_a125,confirmatory,9316,2,0.0,0.125,joint_forward_feedback,balanced_interleaved_k8,balanced_interleaved,balanced,8,1.0658846978750554,1.0,0.6588469787505544,64,64,64,fresh_iid,64,4.969919779583349e-06,4.856640890581475e-06
s9316_r2_n000_a125,confirmatory,9316,2,0.0,0.125,joint_forward_feedback,balanced_permutation_a_k1,balanced_permutation_a,balanced,1,0.18899250811836066,0.125,0.6399250811836067,64,64,8,fresh_iid,64,0.253398933586343,0.250789103355213
s9316_r2_n000_a125,confirmatory,9316,2,0.0,0.125,joint_forward_feedback,balanced_permutation_a_k2,balanced_permutation_a,balanced,2,0.31399250811836066,0.25,0.6399250811836067,64,64,16,fresh_iid,64,0.25063558783829787,0.24804411816358826
s9316_r2_n000_a125,confirmatory,9316,2,0.0,0.125,joint_forward_feedback,balanced_permutation_a_k4,balanced_permutation_a,balanced,4,0.5639925081183607,0.5,0.6399250811836067,64,64,32,fresh_iid,64,0.21218129703588756,0.20999363309321914
s9316_r2_n000_a125,confirmatory,9316,2,0.0,0.125,joint_forward_feedback,balanced_permutation_a_k8,balanced_permutation_a,balanced,8,1.0639925081183608,1.0,0.6399250811836067,64,64,64,fresh_iid,64,1.6987045416738816e-05,1.66679220600306e-05
s9316_r2_n000_a125,confirmatory,9316,2,0.0,0.125,joint_forward_feedback,balanced_permutation_b_k1,balanced_permutation_b,balanced,1,0.18840039778945986,0.125,0.6340039778945984,64,64,8,fresh_iid,64,0.25334571483209434,0.25074133334068843
s9316_r2_n000_a125,confirmatory,9316,2,0.0,0.125,joint_forward_feedback,balanced_permutation_b_k2,balanced_permutation_b,balanced,2,0.31340039778945983,0.25,0.6340039778945984,64,64,16,fresh_iid,64,0.16595497847818558,0.16434943667328014
s9316_r2_n000_a125,confirmatory,9316,2,0.0,0.125,joint_forward_feedback,balanced_permutation_b_k4,balanced_permutation_b,balanced,4,0.5634003977894598,0.5,0.6340039778945984,64,64,32,fresh_iid,64,0.09372614502578172,0.0928952965755237
s9316_r2_n000_a125,confirmatory,9316,2,0.0,0.125,joint_forward_feedback,balanced_permutation_b_k8,balanced_permutation_b,balanced,8,1.06340039778946,1.0,0.6340039778945984,64,64,64,fresh_iid,64,1.1397733259349289e-05,1.1247536760027402e-05
s9316_r2_n000_a125,confirmatory,9316,2,0.0,0.125,joint_forward_feedback,comb_contiguous_k1,comb_contiguous,comb,1,0.225,0.125,1.0,64,64,8,fresh_iid,64,0.25451999356073735,0.2517927866071906
s9316_r2_n000_a125,confirmatory,9316,2,0.0,0.125,joint_forward_feedback,comb_contiguous_k2,comb_contiguous,comb,2,0.35,0.25,1.0,64,64,16,fresh_iid,64,0.24055513392337058,0.23798722968220426
s9316_r2_n000_a125,confirmatory,9316,2,0.0,0.125,joint_forward_feedback,comb_contiguous_k4,comb_contiguous,comb,4,0.6,0.5,1.0,64,64,32,fresh_iid,64,0.00037340450820283835,0.00036580392525801235
s9316_r2_n000_a125,confirmatory,9316,2,0.0,0.125,joint_forward_feedback,comb_contiguous_k8,comb_contiguous,comb,8,1.1,1.0,1.0,64,64,64,fresh_iid,64,3.8338469356346846e-07,3.7003520000450087e-07
s9316_r2_n000_a125,confirmatory,9316,2,0.0,0.125,joint_forward_feedback,balanced_contiguous_k1,balanced_contiguous,balanced,1,0.1737418407321983,0.125,0.487418407321983,64,64,8,fresh_iid,256,0.25254007816301494,0.2502255796383128
s9316_r2_n000_a125,confirmatory,9316,2,0.0,0.125,joint_forward_feedback,balanced_contiguous_k2,balanced_contiguous,balanced,2,0.2987418407321983,0.25,0.487418407321983,64,64,16,fresh_iid,256,8.454504559714814e-20,8.605382647405857e-20
s9316_r2_n000_a125,confirmatory,9316,2,0.0,0.125,joint_forward_feedback,balanced_contiguous_k4,balanced_contiguous,balanced,4,0.5487418407321983,0.5,0.487418407321983,64,64,32,fresh_iid,256,1.649027662934495e-20,1.6617218562072095e-20
s9316_r2_n000_a125,confirmatory,9316,2,0.0,0.125,joint_forward_feedback,balanced_contiguous_k8,balanced_contiguous,balanced,8,1.0487418407321982,1.0,0.487418407321983,64,64,64,fresh_iid,256,1.4857814494864738e-21,1.5056154172133363e-21
s9316_r2_n000_a125,confirmatory,9316,2,0.0,0.125,joint_forward_feedback,balanced_interleaved_k1,balanced_interleaved,balanced,1,0.19088469787505546,0.125,0.6588469787505544,64,64,8,fresh_iid,256,0.2525932713319906,0.25028450023039445
s9316_r2_n000_a125,confirmatory,9316,2,0.0,0.125,joint_forward_feedback,balanced_interleaved_k2,balanced_interleaved,balanced,2,0.31588469787505546,0.25,0.6588469787505544,64,64,16,fresh_iid,256,0.19706033916984034,0.19531145024279323
s9316_r2_n000_a125,confirmatory,9316,2,0.0,0.125,joint_forward_feedback,balanced_interleaved_k4,balanced_interleaved,balanced,4,0.5658846978750555,0.5,0.6588469787505544,64,64,32,fresh_iid,256,0.005516577887390975,0.005487917207202701
s9316_r2_n000_a125,confirmatory,9316,2,0.0,0.125,joint_forward_feedback,balanced_interleaved_k8,balanced_interleaved,balanced,8,1.0658846978750554,1.0,0.6588469787505544,64,64,64,fresh_iid,256,6.085758669028674e-21,6.202118894715897e-21
s9316_r2_n000_a125,confirmatory,9316,2,0.0,0.125,joint_forward_feedback,balanced_permutation_a_k1,balanced_permutation_a,balanced,1,0.18899250811836066,0.125,0.6399250811836067,64,64,8,fresh_iid,256,0.25258531415517516,0.2502616408021257
s9316_r2_n000_a125,confirmatory,9316,2,0.0,0.125,joint_forward_feedback,balanced_permutation_a_k2,balanced_permutation_a,balanced,2,0.31399250811836066,0.25,0.6399250811836067,64,64,16,fresh_iid,256,0.2408767959286744,0.23868791089574493
s9316_r2_n000_a125,confirmatory,9316,2,0.0,0.125,joint_forward_feedback,balanced_permutation_a_k4,balanced_permutation_a,balanced,4,0.5639925081183607,0.5,0.6399250811836067,64,64,32,fresh_iid,256,0.12016280018703937,0.11916123766904305
s9316_r2_n000_a125,confirmatory,9316,2,0.0,0.125,joint_forward_feedback,balanced_permutation_a_k8,balanced_permutation_a,balanced,8,1.0639925081183608,1.0,0.6399250811836067,64,64,64,fresh_iid,256,1.0295169196307793e-18,1.0529559020900594e-18
s9316_r2_n000_a125,confirmatory,9316,2,0.0,0.125,joint_forward_feedback,balanced_permutation_b_k1,balanced_permutation_b,balanced,1,0.18840039778945986,0.125,0.6340039778945984,64,64,8,fresh_iid,256,0.252584129758271,0.2502470314588624
s9316_r2_n000_a125,confirmatory,9316,2,0.0,0.125,joint_forward_feedback,balanced_permutation_b_k2,balanced_permutation_b,balanced,2,0.31340039778945983,0.25,0.6340039778945984,64,64,16,fresh_iid,256,0.04439350674355652,0.04403316469362535
s9316_r2_n000_a125,confirmatory,9316,2,0.0,0.125,joint_forward_feedback,balanced_permutation_b_k4,balanced_permutation_b,balanced,4,0.5634003977894598,0.5,0.6340039778945984,64,64,32,fresh_iid,256,0.004248847336064857,0.004223730639261013
s9316_r2_n000_a125,confirmatory,9316,2,0.0,0.125,joint_forward_feedback,balanced_permutation_b_k8,balanced_permutation_b,balanced,8,1.06340039778946,1.0,0.6340039778945984,64,64,64,fresh_iid,256,3.075692254032642e-19,3.14690984457116e-19
s9316_r2_n000_a125,confirmatory,9316,2,0.0,0.125,joint_forward_feedback,comb_contiguous_k1,comb_contiguous,comb,1,0.225,0.125,1.0,64,64,8,fresh_iid,256,0.25267665462795885,0.25057518783057176
s9316_r2_n000_a125,confirmatory,9316,2,0.0,0.125,joint_forward_feedback,comb_contiguous_k2,comb_contiguous,comb,2,0.35,0.25,1.0,64,64,16,fresh_iid,256,0.19985162298022552,0.19822259362757436
s9316_r2_n000_a125,confirmatory,9316,2,0.0,0.125,joint_forward_feedback,comb_contiguous_k4,comb_contiguous,comb,4,0.6,0.5,1.0,64,64,32,fresh_iid,256,3.112294774282946e-13,3.1887393209149495e-13
s9316_r2_n000_a125,confirmatory,9316,2,0.0,0.125,joint_forward_feedback,comb_contiguous_k8,comb_contiguous,comb,8,1.1,1.0,1.0,64,64,64,fresh_iid,256,1.103690133428592e-24,1.1268253346624233e-24
s9316_r2_n000_a375,confirmatory,9316,2,0.0,0.375,feedback_only,balanced_contiguous_k1,balanced_contiguous,balanced,1,0.1737418407321983,0.125,0.487418407321983,64,64,8,fixed_cache,16,0.28739825450314255,0.28337663817453396
s9316_r2_n000_a375,confirmatory,9316,2,0.0,0.375,feedback_only,balanced_contiguous_k2,balanced_contiguous,balanced,2,0.2987418407321983,0.25,0.487418407321983,64,64,16,fixed_cache,16,0.08686487373988613,0.08485699136241867
s9316_r2_n000_a375,confirmatory,9316,2,0.0,0.375,feedback_only,balanced_contiguous_k4,balanced_contiguous,balanced,4,0.5487418407321983,0.5,0.487418407321983,64,64,32,fixed_cache,16,0.04518921575958426,0.044852507329417785
s9316_r2_n000_a375,confirmatory,9316,2,0.0,0.375,feedback_only,balanced_contiguous_k8,balanced_contiguous,balanced,8,1.0487418407321982,1.0,0.487418407321983,64,64,64,fixed_cache,16,0.001435038187636518,0.0014081672155198109
s9316_r2_n000_a375,confirmatory,9316,2,0.0,0.375,feedback_only,balanced_interleaved_k1,balanced_interleaved,balanced,1,0.19088469787505546,0.125,0.6588469787505544,64,64,8,fixed_cache,16,0.28739825450314255,0.28337663817453396
s9316_r2_n000_a375,confirmatory,9316,2,0.0,0.375,feedback_only,balanced_interleaved_k2,balanced_interleaved,balanced,2,0.31588469787505546,0.25,0.6588469787505544,64,64,16,fixed_cache,16,0.2759036525847194,0.27239515859612773
s9316_r2_n000_a375,confirmatory,9316,2,0.0,0.375,feedback_only,balanced_interleaved_k4,balanced_interleaved,balanced,4,0.5658846978750555,0.5,0.6588469787505544,64,64,32,fixed_cache,16,0.0781606030846686,0.0775665270706688
s9316_r2_n000_a375,confirmatory,9316,2,0.0,0.375,feedback_only,balanced_interleaved_k8,balanced_interleaved,balanced,8,1.0658846978750554,1.0,0.6588469787505544,64,64,64,fixed_cache,16,0.001435038187636518,0.0014081672155198109
s9316_r2_n000_a375,confirmatory,9316,2,0.0,0.375,feedback_only,balanced_permutation_a_k1,balanced_permutation_a,balanced,1,0.18899250811836066,0.125,0.6399250811836067,64,64,8,fixed_cache,16,0.28739825450314255,0.28337663817453396
s9316_r2_n000_a375,confirmatory,9316,2,0.0,0.375,feedback_only,balanced_permutation_a_k2,balanced_permutation_a,balanced,2,0.31399250811836066,0.25,0.6399250811836067,64,64,16,fixed_cache,16,0.23532503226002088,0.23079394433934178
s9316_r2_n000_a375,confirmatory,9316,2,0.0,0.375,feedback_only,balanced_permutation_a_k4,balanced_permutation_a,balanced,4,0.5639925081183607,0.5,0.6399250811836067,64,64,32,fixed_cache,16,0.17172806897136378,0.16785841940845908
s9316_r2_n000_a375,confirmatory,9316,2,0.0,0.375,feedback_only,balanced_permutation_a_k8,balanced_permutation_a,balanced,8,1.0639925081183608,1.0,0.6399250811836067,64,64,64,fixed_cache,16,0.001435038187636518,0.0014081672155198109
s9316_r2_n000_a375,confirmatory,9316,2,0.0,0.375,feedback_only,balanced_permutation_b_k1,balanced_permutation_b,balanced,1,0.18840039778945986,0.125,0.6340039778945984,64,64,8,fixed_cache,16,0.28739825450314255,0.28337663817453396
s9316_r2_n000_a375,confirmatory,9316,2,0.0,0.375,feedback_only,balanced_permutation_b_k2,balanced_permutation_b,balanced,2,0.31340039778945983,0.25,0.6340039778945984,64,64,16,fixed_cache,16,0.0673493266116592,0.06464625776989688
s9316_r2_n000_a375,confirmatory,9316,2,0.0,0.375,feedback_only,balanced_permutation_b_k4,balanced_permutation_b,balanced,4,0.5634003977894598,0.5,0.6340039778945984,64,64,32,fixed_cache,16,0.028090177397323543,0.027037933470089696
s9316_r2_n000_a375,confirmatory,9316,2,0.0,0.375,feedback_only,balanced_permutation_b_k8,balanced_permutation_b,balanced,8,1.06340039778946,1.0,0.6340039778945984,64,64,64,fixed_cache,16,0.001435038187636518,0.0014081672155198109
s9316_r2_n000_a375,confirmatory,9316,2,0.0,0.375,feedback_only,comb_contiguous_k1,comb_contiguous,comb,1,0.225,0.125,1.0,64,64,8,fixed_cache,16,0.28739825450314255,0.28337663817453396
s9316_r2_n000_a375,confirmatory,9316,2,0.0,0.375,feedback_only,comb_contiguous_k2,comb_contiguous,comb,2,0.35,0.25,1.0,64,64,16,fixed_cache,16,0.2162621199458978,0.214977833515695
s9316_r2_n000_a375,confirmatory,9316,2,0.0,0.375,feedback_only,comb_contiguous_k4,comb_contiguous,comb,4,0.6,0.5,1.0,64,64,32,fixed_cache,16,0.13686262691419482,0.1363226476582463
s9316_r2_n000_a375,confirmatory,9316,2,0.0,0.375,feedback_only,comb_contiguous_k8,comb_contiguous,comb,8,1.1,1.0,1.0,64,64,64,fixed_cache,16,0.001435038187636518,0.0014081672155198109
s9316_r2_n000_a375,confirmatory,9316,2,0.0,0.375,feedback_only,balanced_contiguous_k1,balanced_contiguous,balanced,1,0.1737418407321983,0.125,0.487418407321983,64,64,8,fixed_cache,64,0.2555455549849008,0.2532867994575776
s9316_r2_n000_a375,confirmatory,9316,2,0.0,0.375,feedback_only,balanced_contiguous_k2,balanced_contiguous,balanced,2,0.2987418407321983,0.25,0.487418407321983,64,64,16,fixed_cache,64,0.00046948628989634296,0.000457587197319298
s9316_r2_n000_a375,confirmatory,9316,2,0.0,0.375,feedback_only,balanced_contiguous_k4,balanced_contiguous,balanced,4,0.5487418407321983,0.5,0.487418407321983,64,64,32,fixed_cache,64,0.00019177926452651045,0.00019160715441717306
s9316_r2_n000_a375,confirmatory,9316,2,0.0,0.375,feedback_only,balanced_contiguous_k8,balanced_contiguous,balanced,8,1.0487418407321982,1.0,0.487418407321983,64,64,64,fixed_cache,64,3.558928442026297e-11,3.5000120783128786e-11
s9316_r2_n000_a375,confirmatory,9316,2,0.0,0.375,feedback_only,balanced_interleaved_k1,balanced_interleaved,balanced,1,0.19088469787505546,0.125,0.6588469787505544,64,64,8,fixed_cache,64,0.2555455549849008,0.2532867994575776
s9316_r2_n000_a375,confirmatory,9316,2,0.0,0.375,feedback_only,balanced_interleaved_k2,balanced_interleaved,balanced,2,0.31588469787505546,0.25,0.6588469787505544,64,64,16,fixed_cache,64,0.24980036679493686,0.2478653439681644
s9316_r2_n000_a375,confirmatory,9316,2,0.0,0.375,feedback_only,balanced_interleaved_k4,balanced_interleaved,balanced,4,0.5658846978750555,0.5,0.6588469787505544,64,64,32,fixed_cache,64,0.0018563820392788755,0.0018551968796922291
s9316_r2_n000_a375,confirmatory,9316,2,0.0,0.375,feedback_only,balanced_interleaved_k8,balanced_interleaved,balanced,8,1.0658846978750554,1.0,0.6588469787505544,64,64,64,fixed_cache,64,3.558928442026297e-11,3.5000120783128786e-11
s9316_r2_n000_a375,confirmatory,9316,2,0.0,0.375,feedback_only,balanced_permutation_a_k1,balanced_permutation_a,balanced,1,0.18899250811836066,0.125,0.6399250811836067,64,64,8,fixed_cache,64,0.2555455549849008,0.2532867994575776
s9316_r2_n000_a375,confirmatory,9316,2,0.0,0.375,feedback_only,balanced_permutation_a_k2,balanced_permutation_a,balanced,2,0.31399250811836066,0.25,0.6399250811836067,64,64,16,fixed_cache,64,0.14819859965831372,0.14589636541643544
s9316_r2_n000_a375,confirmatory,9316,2,0.0,0.375,feedback_only,balanced_permutation_a_k4,balanced_permutation_a,balanced,4,0.5639925081183607,0.5,0.6399250811836067,64,64,32,fixed_cache,64,0.04727748956140794,0.04640977094314533
s9316_r2_n000_a375,confirmatory,9316,2,0.0,0.375,feedback_only,balanced_permutation_a_k8,balanced_permutation_a,balanced,8,1.0639925081183608,1.0,0.6399250811836067,64,64,64,fixed_cache,64,3.558928442026297e-11,3.5000120783128786e-11
s9316_r2_n000_a375,confirmatory,9316,2,0.0,0.375,feedback_only,balanced_permutation_b_k1,balanced_permutation_b,balanced,1,0.18840039778945986,0.125,0.6340039778945984,64,64,8,fixed_cache,64,0.2555455549849008,0.2532867994575776
s9316_r2_n000_a375,confirmatory,9316,2,0.0,0.375,feedback_only,balanced_permutation_b_k2,balanced_permutation_b,balanced,2,0.31340039778945983,0.25,0.6340039778945984,64,64,16,fixed_cache,64,0.0005817213479004271,0.0005451160679486594
s9316_r2_n000_a375,confirmatory,9316,2,0.0,0.375,feedback_only,balanced_permutation_b_k4,balanced_permutation_b,balanced,4,0.5634003977894598,0.5,0.6340039778945984,64,64,32,fixed_cache,64,3.836872130531892e-05,3.659304402629417e-05
s9316_r2_n000_a375,confirmatory,9316,2,0.0,0.375,feedback_only,balanced_permutation_b_k8,balanced_permutation_b,balanced,8,1.06340039778946,1.0,0.6340039778945984,64,64,64,fixed_cache,64,3.558928442026297e-11,3.5000120783128786e-11
s9316_r2_n000_a375,confirmatory,9316,2,0.0,0.375,feedback_only,comb_contiguous_k1,comb_contiguous,comb,1,0.225,0.125,1.0,64,64,8,fixed_cache,64,0.2555455549849008,0.2532867994575776
s9316_r2_n000_a375,confirmatory,9316,2,0.0,0.375,feedback_only,comb_contiguous_k2,comb_contiguous,comb,2,0.35,0.25,1.0,64,64,16,fixed_cache,64,0.1218731537650886,0.12171610399393662
s9316_r2_n000_a375,confirmatory,9316,2,0.0,0.375,feedback_only,comb_contiguous_k4,comb_contiguous,comb,4,0.6,0.5,1.0,64,64,32,fixed_cache,64,0.02026204938143607,0.02026774956916745
s9316_r2_n000_a375,confirmatory,9316,2,0.0,0.375,feedback_only,comb_contiguous_k8,comb_contiguous,comb,8,1.1,1.0,1.0,64,64,64,fixed_cache,64,3.558928442026297e-11,3.5000120783128786e-11
s9316_r2_n000_a375,confirmatory,9316,2,0.0,0.375,feedback_only,balanced_contiguous_k1,balanced_contiguous,balanced,1,0.1737418407321983,0.125,0.487418407321983,64,64,8,fixed_cache,256,0.25354375871036805,0.25108234706214616
s9316_r2_n000_a375,confirmatory,9316,2,0.0,0.375,feedback_only,balanced_contiguous_k2,balanced_contiguous,balanced,2,0.2987418407321983,0.25,0.487418407321983,64,64,16,fixed_cache,256,5.208990209431568e-12,5.185471293285491e-12
s9316_r2_n000_a375,confirmatory,9316,2,0.0,0.375,feedback_only,balanced_contiguous_k4,balanced_contiguous,balanced,4,0.5487418407321983,0.5,0.487418407321983,64,64,32,fixed_cache,256,6.855466421660981e-13,6.921101640548808e-13
s9316_r2_n000_a375,confirmatory,9316,2,0.0,0.375,feedback_only,balanced_contiguous_k8,balanced_contiguous,balanced,8,1.0487418407321982,1.0,0.487418407321983,64,64,64,fixed_cache,256,4.340790656052976e-32,4.718528363748728e-33
s9316_r2_n000_a375,confirmatory,9316,2,0.0,0.375,feedback_only,balanced_interleaved_k1,balanced_interleaved,balanced,1,0.19088469787505546,0.125,0.6588469787505544,64,64,8,fixed_cache,256,0.25354375871036805,0.25108234706214616
s9316_r2_n000_a375,confirmatory,9316,2,0.0,0.375,feedback_only,balanced_interleaved_k2,balanced_interleaved,balanced,2,0.31588469787505546,0.25,0.6588469787505544,64,64,16,fixed_cache,256,0.2300768239856702,0.22811230148136197
s9316_r2_n000_a375,confirmatory,9316,2,0.0,0.375,feedback_only,balanced_interleaved_k4,balanced_interleaved,balanced,4,0.5658846978750555,0.5,0.6588469787505544,64,64,32,fixed_cache,256,1.8438766982955892e-09,1.8609892190823875e-09
s9316_r2_n000_a375,confirmatory,9316,2,0.0,0.375,feedback_only,balanced_interleaved_k8,balanced_interleaved,balanced,8,1.0658846978750554,1.0,0.6588469787505544,64,64,64,fixed_cache,256,4.340790656052976e-32,4.718528363748728e-33
s9316_r2_n000_a375,confirmatory,9316,2,0.0,0.375,feedback_only,balanced_permutation_a_k1,balanced_permutation_a,balanced,1,0.18899250811836066,0.125,0.6399250811836067,64,64,8,fixed_cache,256,0.25354375871036805,0.25108234706214616
s9316_r2_n000_a375,confirmatory,9316,2,0.0,0.375,feedback_only,balanced_permutation_a_k2,balanced_permutation_a,balanced,2,0.31399250811836066,0.25,0.6399250811836067,64,64,16,fixed_cache,256,0.028063538931942925,0.02755703740808249
s9316_r2_n000_a375,confirmatory,9316,2,0.0,0.375,feedback_only,balanced_permutation_a_k4,balanced_permutation_a,balanced,4,0.5639925081183607,0.5,0.6399250811836067,64,64,32,fixed_cache,256,0.00030873308616127077,0.00030154760403385954
s9316_r2_n000_a375,confirmatory,9316,2,0.0,0.375,feedback_only,balanced_permutation_a_k8,balanced_permutation_a,balanced,8,1.0639925081183608,1.0,0.6399250811836067,64,64,64,fixed_cache,256,4.340790656052976e-32,4.718528363748728e-33
s9316_r2_n000_a375,confirmatory,9316,2,0.0,0.375,feedback_only,balanced_permutation_b_k1,balanced_permutation_b,balanced,1,0.18840039778945986,0.125,0.6340039778945984,64,64,8,fixed_cache,256,0.25354375871036805,0.25108234706214616
s9316_r2_n000_a375,confirmatory,9316,2,0.0,0.375,feedback_only,balanced_permutation_b_k2,balanced_permutation_b,balanced,2,0.31340039778945983,0.25,0.6340039778945984,64,64,16,fixed_cache,256,5.124035193925026e-11,4.912069236914805e-11
s9316_r2_n000_a375,confirmatory,9316,2,0.0,0.375,feedback_only,balanced_permutation_b_k4,balanced_permutation_b,balanced,4,0.5634003977894598,0.5,0.6340039778945984,64,64,32,fixed_cache,256,2.6326112096172934e-15,2.6398835574366994e-15
s9316_r2_n000_a375,confirmatory,9316,2,0.0,0.375,feedback_only,balanced_permutation_b_k8,balanced_permutation_b,balanced,8,1.06340039778946,1.0,0.6340039778945984,64,64,64,fixed_cache,256,4.340790656052976e-32,4.718528363748728e-33
s9316_r2_n000_a375,confirmatory,9316,2,0.0,0.375,feedback_only,comb_contiguous_k1,comb_contiguous,comb,1,0.225,0.125,1.0,64,64,8,fixed_cache,256,0.25354375871036805,0.25108234706214616
s9316_r2_n000_a375,confirmatory,9316,2,0.0,0.375,feedback_only,comb_contiguous_k2,comb_contiguous,comb,2,0.35,0.25,1.0,64,64,16,fixed_cache,256,0.01377124237222668,0.01377786604410893
s9316_r2_n000_a375,confirmatory,9316,2,0.0,0.375,feedback_only,comb_contiguous_k4,comb_contiguous,comb,4,0.6,0.5,1.0,64,64,32,fixed_cache,256,1.5691110785702412e-05,1.5769750100295778e-05
s9316_r2_n000_a375,confirmatory,9316,2,0.0,0.375,feedback_only,comb_contiguous_k8,comb_contiguous,comb,8,1.1,1.0,1.0,64,64,64,fixed_cache,256,4.340790656052976e-32,4.718528363748728e-33
s9316_r2_n000_a375,confirmatory,9316,2,0.0,0.375,feedback_only,balanced_contiguous_k1,balanced_contiguous,balanced,1,0.1737418407321983,0.125,0.487418407321983,64,64,8,fresh_iid,16,0.2809622791712446,0.27717646231071735
s9316_r2_n000_a375,confirmatory,9316,2,0.0,0.375,feedback_only,balanced_contiguous_k2,balanced_contiguous,balanced,2,0.2987418407321983,0.25,0.487418407321983,64,64,16,fresh_iid,16,0.07568672241278954,0.07388245390426265
s9316_r2_n000_a375,confirmatory,9316,2,0.0,0.375,feedback_only,balanced_contiguous_k4,balanced_contiguous,balanced,4,0.5487418407321983,0.5,0.487418407321983,64,64,32,fresh_iid,16,0.03987007035099933,0.039496987161013145
s9316_r2_n000_a375,confirmatory,9316,2,0.0,0.375,feedback_only,balanced_contiguous_k8,balanced_contiguous,balanced,8,1.0487418407321982,1.0,0.487418407321983,64,64,64,fresh_iid,16,0.0009632135825331856,0.0009265672547349177
s9316_r2_n000_a375,confirmatory,9316,2,0.0,0.375,feedback_only,balanced_interleaved_k1,balanced_interleaved,balanced,1,0.19088469787505546,0.125,0.6588469787505544,64,64,8,fresh_iid,16,0.2809622791712446,0.27717646231071735
s9316_r2_n000_a375,confirmatory,9316,2,0.0,0.375,feedback_only,balanced_interleaved_k2,balanced_interleaved,balanced,2,0.31588469787505546,0.25,0.6588469787505544,64,64,16,fresh_iid,16,0.2693879182406689,0.26616029196986946
s9316_r2_n000_a375,confirmatory,9316,2,0.0,0.375,feedback_only,balanced_interleaved_k4,balanced_interleaved,balanced,4,0.5658846978750555,0.5,0.6588469787505544,64,64,32,fresh_iid,16,0.07251175364327025,0.07197438821609659
s9316_r2_n000_a375,confirmatory,9316,2,0.0,0.375,feedback_only,balanced_interleaved_k8,balanced_interleaved,balanced,8,1.0658846978750554,1.0,0.6588469787505544,64,64,64,fresh_iid,16,0.0009632135825331856,0.0009265672547349177
s9316_r2_n000_a375,confirmatory,9316,2,0.0,0.375,feedback_only,balanced_permutation_a_k1,balanced_permutation_a,balanced,1,0.18899250811836066,0.125,0.6399250811836067,64,64,8,fresh_iid,16,0.2809622791712446,0.27717646231071735
s9316_r2_n000_a375,confirmatory,9316,2,0.0,0.375,feedback_only,balanced_permutation_a_k2,balanced_permutation_a,balanced,2,0.31399250811836066,0.25,0.6399250811836067,64,64,16,fresh_iid,16,0.2307333985040018,0.2263518022071564
s9316_r2_n000_a375,confirmatory,9316,2,0.0,0.375,feedback_only,balanced_permutation_a_k4,balanced_permutation_a,balanced,4,0.5639925081183607,0.5,0.6399250811836067,64,64,32,fresh_iid,16,0.1674169625071509,0.1640338722425203
s9316_r2_n000_a375,confirmatory,9316,2,0.0,0.375,feedback_only,balanced_permutation_a_k8,balanced_permutation_a,balanced,8,1.0639925081183608,1.0,0.6399250811836067,64,64,64,fresh_iid,16,0.0009632135825331856,0.0009265672547349177
s9316_r2_n000_a375,confirmatory,9316,2,0.0,0.375,feedback_only,balanced_permutation_b_k1,balanced_permutation_b,balanced,1,0.18840039778945986,0.125,0.6340039778945984,64,64,8,fresh_iid,16,0.2809622791712446,0.27717646231071735
s9316_r2_n000_a375,confirmatory,9316,2,0.0,0.375,feedback_only,balanced_permutation_b_k2,balanced_permutation_b,balanced,2,0.31340039778945983,0.25,0.6340039778945984,64,64,16,fresh_iid,16,0.058312822906431326,0.05585080212181287
s9316_r2_n000_a375,confirmatory,9316,2,0.0,0.375,feedback_only,balanced_permutation_b_k4,balanced_permutation_b,balanced,4,0.5634003977894598,0.5,0.6340039778945984,64,64,32,fresh_iid,16,0.025787622228744173,0.024655657060189032
s9316_r2_n000_a375,confirmatory,9316,2,0.0,0.375,feedback_only,balanced_permutation_b_k8,balanced_permutation_b,balanced,8,1.06340039778946,1.0,0.6340039778945984,64,64,64,fresh_iid,16,0.0009632135825331856,0.0009265672547349177
s9316_r2_n000_a375,confirmatory,9316,2,0.0,0.375,feedback_only,comb_contiguous_k1,comb_contiguous,comb,1,0.225,0.125,1.0,64,64,8,fresh_iid,16,0.2809622791712446,0.27717646231071735
s9316_r2_n000_a375,confirmatory,9316,2,0.0,0.375,feedback_only,comb_contiguous_k2,comb_contiguous,comb,2,0.35,0.25,1.0,64,64,16,fresh_iid,16,0.21207729807770548,0.21092646141693971
s9316_r2_n000_a375,confirmatory,9316,2,0.0,0.375,feedback_only,comb_contiguous_k4,comb_contiguous,comb,4,0.6,0.5,1.0,64,64,32,fresh_iid,16,0.13318586673381563,0.1325833222826962
s9316_r2_n000_a375,confirmatory,9316,2,0.0,0.375,feedback_only,comb_contiguous_k8,comb_contiguous,comb,8,1.1,1.0,1.0,64,64,64,fresh_iid,16,0.0009632135825331856,0.0009265672547349177
s9316_r2_n000_a375,confirmatory,9316,2,0.0,0.375,feedback_only,balanced_contiguous_k1,balanced_contiguous,balanced,1,0.1737418407321983,0.125,0.487418407321983,64,64,8,fresh_iid,64,0.25725480177535426,0.25405211404781547
s9316_r2_n000_a375,confirmatory,9316,2,0.0,0.375,feedback_only,balanced_contiguous_k2,balanced_contiguous,balanced,2,0.2987418407321983,0.25,0.487418407321983,64,64,16,fresh_iid,64,0.00041908446858711693,0.0004106677243430329
s9316_r2_n000_a375,confirmatory,9316,2,0.0,0.375,feedback_only,balanced_contiguous_k4,balanced_contiguous,balanced,4,0.5487418407321983,0.5,0.487418407321983,64,64,32,fresh_iid,64,0.00011650990296438277,0.00011508582783457571
s9316_r2_n000_a375,confirmatory,9316,2,0.0,0.375,feedback_only,balanced_contiguous_k8,balanced_contiguous,balanced,8,1.0487418407321982,1.0,0.487418407321983,64,64,64,fresh_iid,64,1.3006832509911103e-11,1.2406760232058063e-11
s9316_r2_n000_a375,confirmatory,9316,2,0.0,0.375,feedback_only,balanced_interleaved_k1,balanced_interleaved,balanced,1,0.19088469787505546,0.125,0.6588469787505544,64,64,8,fresh_iid,64,0.25725480177535426,0.25405211404781547
s9316_r2_n000_a375,confirmatory,9316,2,0.0,0.375,feedback_only,balanced_interleaved_k2,balanced_interleaved,balanced,2,0.31588469787505546,0.25,0.6588469787505544,64,64,16,fresh_iid,64,0.2522310419902364,0.24910150275376464
s9316_r2_n000_a375,confirmatory,9316,2,0.0,0.375,feedback_only,balanced_interleaved_k4,balanced_interleaved,balanced,4,0.5658846978750555,0.5,0.6588469787505544,64,64,32,fresh_iid,64,0.0014674913388931083,0.0014456122909884653
s9316_r2_n000_a375,confirmatory,9316,2,0.0,0.375,feedback_only,balanced_interleaved_k8,balanced_interleaved,balanced,8,1.0658846978750554,1.0,0.6588469787505544,64,64,64,fresh_iid,64,1.3006832509911103e-11,1.2406760232058063e-11
s9316_r2_n000_a375,confirmatory,9316,2,0.0,0.375,feedback_only,balanced_permutation_a_k1,balanced_permutation_a,balanced,1,0.18899250811836066,0.125,0.6399250811836067,64,64,8,fresh_iid,64,0.25725480177535426,0.25405211404781547
s9316_r2_n000_a375,confirmatory,9316,2,0.0,0.375,feedback_only,balanced_permutation_a_k2,balanced_permutation_a,balanced,2,0.31399250811836066,0.25,0.6399250811836067,64,64,16,fresh_iid,64,0.14953371917346614,0.14667048325263735
s9316_r2_n000_a375,confirmatory,9316,2,0.0,0.375,feedback_only,balanced_permutation_a_k4,balanced_permutation_a,balanced,4,0.5639925081183607,0.5,0.6399250811836067,64,64,32,fresh_iid,64,0.048886968980375596,0.04782880190610122
s9316_r2_n000_a375,confirmatory,9316,2,0.0,0.375,feedback_only,balanced_permutation_a_k8,balanced_permutation_a,balanced,8,1.0639925081183608,1.0,0.6399250811836067,64,64,64,fresh_iid,64,1.3006832509911103e-11,1.2406760232058063e-11
s9316_r2_n000_a375,confirmatory,9316,2,0.0,0.375,feedback_only,balanced_permutation_b_k1,balanced_permutation_b,balanced,1,0.18840039778945986,0.125,0.6340039778945984,64,64,8,fresh_iid,64,0.25725480177535426,0.25405211404781547
s9316_r2_n000_a375,confirmatory,9316,2,0.0,0.375,feedback_only,balanced_permutation_b_k2,balanced_permutation_b,balanced,2,0.31340039778945983,0.25,0.6340039778945984,64,64,16,fresh_iid,64,0.0007576380586969873,0.0007202422298814974
s9316_r2_n000_a375,confirmatory,9316,2,0.0,0.375,feedback_only,balanced_permutation_b_k4,balanced_permutation_b,balanced,4,0.5634003977894598,0.5,0.6340039778945984,64,64,32,fresh_iid,64,7.002954390120641e-05,6.62814594616027e-05
s9316_r2_n000_a375,confirmatory,9316,2,0.0,0.375,feedback_only,balanced_permutation_b_k8,balanced_permutation_b,balanced,8,1.06340039778946,1.0,0.6340039778945984,64,64,64,fresh_iid,64,1.3006832509911103e-11,1.2406760232058063e-11
s9316_r2_n000_a375,confirmatory,9316,2,0.0,0.375,feedback_only,comb_contiguous_k1,comb_contiguous,comb,1,0.225,0.125,1.0,64,64,8,fresh_iid,64,0.25725480177535426,0.25405211404781547
s9316_r2_n000_a375,confirmatory,9316,2,0.0,0.375,feedback_only,comb_contiguous_k2,comb_contiguous,comb,2,0.35,0.25,1.0,64,64,16,fresh_iid,64,0.12199479291646322,0.12075897608103872
s9316_r2_n000_a375,confirmatory,9316,2,0.0,0.375,feedback_only,comb_contiguous_k4,comb_contiguous,comb,4,0.6,0.5,1.0,64,64,32,fresh_iid,64,0.018113319946932577,0.01794102488349869
s9316_r2_n000_a375,confirmatory,9316,2,0.0,0.375,feedback_only,comb_contiguous_k8,comb_contiguous,comb,8,1.1,1.0,1.0,64,64,64,fresh_iid,64,1.3006832509911103e-11,1.2406760232058063e-11
s9316_r2_n000_a375,confirmatory,9316,2,0.0,0.375,feedback_only,balanced_contiguous_k1,balanced_contiguous,balanced,1,0.1737418407321983,0.125,0.487418407321983,64,64,8,fresh_iid,256,0.25442379252194364,0.2517792136540493
s9316_r2_n000_a375,confirmatory,9316,2,0.0,0.375,feedback_only,balanced_contiguous_k2,balanced_contiguous,balanced,2,0.2987418407321983,0.25,0.487418407321983,64,64,16,fresh_iid,256,7.225150538770797e-13,7.08967000032401e-13
s9316_r2_n000_a375,confirmatory,9316,2,0.0,0.375,feedback_only,balanced_contiguous_k4,balanced_contiguous,balanced,4,0.5487418407321983,0.5,0.487418407321983,64,64,32,fresh_iid,256,3.0039606856632626e-14,2.987349301449099e-14
s9316_r2_n000_a375,confirmatory,9316,2,0.0,0.375,feedback_only,balanced_contiguous_k8,balanced_contiguous,balanced,8,1.0487418407321982,1.0,0.487418407321983,64,64,64,fresh_iid,256,4.191463714842984e-32,1.1471320231256474e-32
s9316_r2_n000_a375,confirmatory,9316,2,0.0,0.375,feedback_only,balanced_interleaved_k1,balanced_interleaved,balanced,1,0.19088469787505546,0.125,0.6588469787505544,64,64,8,fresh_iid,256,0.25442379252194364,0.2517792136540493
s9316_r2_n000_a375,confirmatory,9316,2,0.0,0.375,feedback_only,balanced_interleaved_k2,balanced_interleaved,balanced,2,0.31588469787505546,0.25,0.6588469787505544,64,64,16,fresh_iid,256,0.2299798419392745,0.22779816509948403
s9316_r2_n000_a375,confirmatory,9316,2,0.0,0.375,feedback_only,balanced_interleaved_k4,balanced_interleaved,balanced,4,0.5658846978750555,0.5,0.6588469787505544,64,64,32,fresh_iid,256,2.5603602044224263e-10,2.543747388893866e-10
s9316_r2_n000_a375,confirmatory,9316,2,0.0,0.375,feedback_only,balanced_interleaved_k8,balanced_interleaved,balanced,8,1.0658846978750554,1.0,0.6588469787505544,64,64,64,fresh_iid,256,4.191463714842984e-32,1.1471320231256474e-32
s9316_r2_n000_a375,confirmatory,9316,2,0.0,0.375,feedback_only,balanced_permutation_a_k1,balanced_permutation_a,balanced,1,0.18899250811836066,0.125,0.6399250811836067,64,64,8,fresh_iid,256,0.25442379252194364,0.2517792136540493
s9316_r2_n000_a375,confirmatory,9316,2,0.0,0.375,feedback_only,balanced_permutation_a_k2,balanced_permutation_a,balanced,2,0.31399250811836066,0.25,0.6399250811836067,64,64,16,fresh_iid,256,0.026296796402967216,0.025839533045543643
s9316_r2_n000_a375,confirmatory,9316,2,0.0,0.375,feedback_only,balanced_permutation_a_k4,balanced_permutation_a,balanced,4,0.5639925081183607,0.5,0.6399250811836067,64,64,32,fresh_iid,256,0.00024410630942035458,0.00023947510242576525
s9316_r2_n000_a375,confirmatory,9316,2,0.0,0.375,feedback_only,balanced_permutation_a_k8,balanced_permutation_a,balanced,8,1.0639925081183608,1.0,0.6399250811836067,64,64,64,fresh_iid,256,4.191463714842984e-32,1.1471320231256474e-32
s9316_r2_n000_a375,confirmatory,9316,2,0.0,0.375,feedback_only,balanced_permutation_b_k1,balanced_permutation_b,balanced,1,0.18840039778945986,0.125,0.6340039778945984,64,64,8,fresh_iid,256,0.25442379252194364,0.2517792136540493
s9316_r2_n000_a375,confirmatory,9316,2,0.0,0.375,feedback_only,balanced_permutation_b_k2,balanced_permutation_b,balanced,2,0.31340039778945983,0.25,0.6340039778945984,64,64,16,fresh_iid,256,3.03285789607604e-11,2.8961199219109708e-11
s9316_r2_n000_a375,confirmatory,9316,2,0.0,0.375,feedback_only,balanced_permutation_b_k4,balanced_permutation_b,balanced,4,0.5634003977894598,0.5,0.6340039778945984,64,64,32,fresh_iid,256,1.1357167327893897e-15,1.1103954753188508e-15
s9316_r2_n000_a375,confirmatory,9316,2,0.0,0.375,feedback_only,balanced_permutation_b_k8,balanced_permutation_b,balanced,8,1.06340039778946,1.0,0.6340039778945984,64,64,64,fresh_iid,256,4.191463714842984e-32,1.1471320231256474e-32
s9316_r2_n000_a375,confirmatory,9316,2,0.0,0.375,feedback_only,comb_contiguous_k1,comb_contiguous,comb,1,0.225,0.125,1.0,64,64,8,fresh_iid,256,0.25442379252194364,0.2517792136540493
s9316_r2_n000_a375,confirmatory,9316,2,0.0,0.375,feedback_only,comb_contiguous_k2,comb_contiguous,comb,2,0.35,0.25,1.0,64,64,16,fresh_iid,256,0.011465539392504068,0.011434239156479342
s9316_r2_n000_a375,confirmatory,9316,2,0.0,0.375,feedback_only,comb_contiguous_k4,comb_contiguous,comb,4,0.6,0.5,1.0,64,64,32,fresh_iid,256,6.5921875828449215e-06,6.5752397411016315e-06
s9316_r2_n000_a375,confirmatory,9316,2,0.0,0.375,feedback_only,comb_contiguous_k8,comb_contiguous,comb,8,1.1,1.0,1.0,64,64,64,fresh_iid,256,4.191463714842984e-32,1.1471320231256474e-32
s9316_r2_n000_a375,confirmatory,9316,2,0.0,0.375,joint_forward_feedback,balanced_contiguous_k1,balanced_contiguous,balanced,1,0.1737418407321983,0.125,0.487418407321983,64,64,8,fixed_cache,16,0.34275490064249914,0.3367604855433837
s9316_r2_n000_a375,confirmatory,9316,2,0.0,0.375,joint_forward_feedback,balanced_contiguous_k2,balanced_contiguous,balanced,2,0.2987418407321983,0.25,0.487418407321983,64,64,16,fixed_cache,16,0.2023980817457767,0.1975773963279388
s9316_r2_n000_a375,confirmatory,9316,2,0.0,0.375,joint_forward_feedback,balanced_contiguous_k4,balanced_contiguous,balanced,4,0.5487418407321983,0.5,0.487418407321983,64,64,32,fixed_cache,16,0.1319724104992631,0.13028891391948982
s9316_r2_n000_a375,confirmatory,9316,2,0.0,0.375,joint_forward_feedback,balanced_contiguous_k8,balanced_contiguous,balanced,8,1.0487418407321982,1.0,0.487418407321983,64,64,64,fixed_cache,16,0.050615527839811686,0.04968953332212271
s9316_r2_n000_a375,confirmatory,9316,2,0.0,0.375,joint_forward_feedback,balanced_interleaved_k1,balanced_interleaved,balanced,1,0.19088469787505546,0.125,0.6588469787505544,64,64,8,fixed_cache,16,0.3265944585594642,0.32120318920410473
s9316_r2_n000_a375,confirmatory,9316,2,0.0,0.375,joint_forward_feedback,balanced_interleaved_k2,balanced_interleaved,balanced,2,0.31588469787505546,0.25,0.6588469787505544,64,64,16,fixed_cache,16,0.31107795246395986,0.3063925137636825
s9316_r2_n000_a375,confirmatory,9316,2,0.0,0.375,joint_forward_feedback,balanced_interleaved_k4,balanced_interleaved,balanced,4,0.5658846978750555,0.5,0.6588469787505544,64,64,32,fixed_cache,16,0.14031779374411107,0.13900717047374841
s9316_r2_n000_a375,confirmatory,9316,2,0.0,0.375,joint_forward_feedback,balanced_interleaved_k8,balanced_interleaved,balanced,8,1.0658846978750554,1.0,0.6588469787505544,64,64,64,fixed_cache,16,0.02174998419373439,0.02132783470147158
s9316_r2_n000_a375,confirmatory,9316,2,0.0,0.375,joint_forward_feedback,balanced_permutation_a_k1,balanced_permutation_a,balanced,1,0.18899250811836066,0.125,0.6399250811836067,64,64,8,fixed_cache,16,0.33015367980422483,0.32449381022102725
s9316_r2_n000_a375,confirmatory,9316,2,0.0,0.375,joint_forward_feedback,balanced_permutation_a_k2,balanced_permutation_a,balanced,2,0.31399250811836066,0.25,0.6399250811836067,64,64,16,fixed_cache,16,0.27458300133711927,0.2690646929036903
s9316_r2_n000_a375,confirmatory,9316,2,0.0,0.375,joint_forward_feedback,balanced_permutation_a_k4,balanced_permutation_a,balanced,4,0.5639925081183607,0.5,0.6399250811836067,64,64,32,fixed_cache,16,0.21435202985756122,0.20954070225810198
s9316_r2_n000_a375,confirmatory,9316,2,0.0,0.375,joint_forward_feedback,balanced_permutation_a_k8,balanced_permutation_a,balanced,8,1.0639925081183608,1.0,0.6399250811836067,64,64,64,fixed_cache,16,0.026692309895184375,0.02607731520944193
s9316_r2_n000_a375,confirmatory,9316,2,0.0,0.375,joint_forward_feedback,balanced_permutation_b_k1,balanced_permutation_b,balanced,1,0.18840039778945986,0.125,0.6340039778945984,64,64,8,fixed_cache,16,0.3305313824146361,0.3246664378870751
s9316_r2_n000_a375,confirmatory,9316,2,0.0,0.375,joint_forward_feedback,balanced_permutation_b_k2,balanced_permutation_b,balanced,2,0.31340039778945983,0.25,0.6340039778945984,64,64,16,fixed_cache,16,0.14349822788215272,0.13813502347894985
s9316_r2_n000_a375,confirmatory,9316,2,0.0,0.375,joint_forward_feedback,balanced_permutation_b_k4,balanced_permutation_b,balanced,4,0.5634003977894598,0.5,0.6340039778945984,64,64,32,fixed_cache,16,0.08956862768624752,0.08619676810466714
s9316_r2_n000_a375,confirmatory,9316,2,0.0,0.375,joint_forward_feedback,balanced_permutation_b_k8,balanced_permutation_b,balanced,8,1.06340039778946,1.0,0.6340039778945984,64,64,64,fixed_cache,16,0.017645845653616155,0.01715655638480442
s9316_r2_n000_a375,confirmatory,9316,2,0.0,0.375,joint_forward_feedback,comb_contiguous_k1,comb_contiguous,comb,1,0.225,0.125,1.0,64,64,8,fixed_cache,16,0.3240637019461937,0.3190949330688224
s9316_r2_n000_a375,confirmatory,9316,2,0.0,0.375,joint_forward_feedback,comb_contiguous_k2,comb_contiguous,comb,2,0.35,0.25,1.0,64,64,16,fixed_cache,16,0.24074533838927914,0.239394235375336
s9316_r2_n000_a375,confirmatory,9316,2,0.0,0.375,joint_forward_feedback,comb_contiguous_k4,comb_contiguous,comb,4,0.6,0.5,1.0,64,64,32,fixed_cache,16,0.182868033807597,0.18220996029963274
s9316_r2_n000_a375,confirmatory,9316,2,0.0,0.375,joint_forward_feedback,comb_contiguous_k8,comb_contiguous,comb,8,1.1,1.0,1.0,64,64,64,fixed_cache,16,0.025378934043890737,0.025171836151374048
s9316_r2_n000_a375,confirmatory,9316,2,0.0,0.375,joint_forward_feedback,balanced_contiguous_k1,balanced_contiguous,balanced,1,0.1737418407321983,0.125,0.487418407321983,64,64,8,fixed_cache,64,0.25807504964981964,0.25552907124094426
s9316_r2_n000_a375,confirmatory,9316,2,0.0,0.375,joint_forward_feedback,balanced_contiguous_k2,balanced_contiguous,balanced,2,0.2987418407321983,0.25,0.487418407321983,64,64,16,fixed_cache,64,0.013284162319635896,0.01294195343587315
s9316_r2_n000_a375,confirmatory,9316,2,0.0,0.375,joint_forward_feedback,balanced_contiguous_k4,balanced_contiguous,balanced,4,0.5487418407321983,0.5,0.487418407321983,64,64,32,fixed_cache,64,0.006028547303534547,0.006023297921041823
s9316_r2_n000_a375,confirmatory,9316,2,0.0,0.375,joint_forward_feedback,balanced_contiguous_k8,balanced_contiguous,balanced,8,1.0487418407321982,1.0,0.487418407321983,64,64,64,fixed_cache,64,8.323961474384549e-05,8.254906820061371e-05
s9316_r2_n000_a375,confirmatory,9316,2,0.0,0.375,joint_forward_feedback,balanced_interleaved_k1,balanced_interleaved,balanced,1,0.19088469787505546,0.125,0.6588469787505544,64,64,8,fixed_cache,64,0.2558585976258874,0.25341853997864394
s9316_r2_n000_a375,confirmatory,9316,2,0.0,0.375,joint_forward_feedback,balanced_interleaved_k2,balanced_interleaved,balanced,2,0.31588469787505546,0.25,0.6588469787505544,64,64,16,fixed_cache,64,0.25093105261822174,0.24881090784556836
s9316_r2_n000_a375,confirmatory,9316,2,0.0,0.375,joint_forward_feedback,balanced_interleaved_k4,balanced_interleaved,balanced,4,0.5658846978750555,0.5,0.6588469787505544,64,64,32,fixed_cache,64,0.01306965582256028,0.013051658403300984
s9316_r2_n000_a375,confirmatory,9316,2,0.0,0.375,joint_forward_feedback,balanced_interleaved_k8,balanced_interleaved,balanced,8,1.0658846978750554,1.0,0.6588469787505544,64,64,64,fixed_cache,64,2.845130845623445e-06,2.815264813610233e-06
s9316_r2_n000_a375,confirmatory,9316,2,0.0,0.375,joint_forward_feedback,balanced_permutation_a_k1,balanced_permutation_a,balanced,1,0.18899250811836066,0.125,0.6399250811836067,64,64,8,fixed_cache,64,0.2565057795989397,0.25384865275579194
s9316_r2_n000_a375,confirmatory,9316,2,0.0,0.375,joint_forward_feedback,balanced_permutation_a_k2,balanced_permutation_a,balanced,2,0.31399250811836066,0.25,0.6399250811836067,64,64,16,fixed_cache,64,0.19372583496220414,0.19044186219432618
s9316_r2_n000_a375,confirmatory,9316,2,0.0,0.375,joint_forward_feedback,balanced_permutation_a_k4,balanced_permutation_a,balanced,4,0.5639925081183607,0.5,0.6399250811836067,64,64,32,fixed_cache,64,0.10657658056331093,0.10452126574144548
s9316_r2_n000_a375,confirmatory,9316,2,0.0,0.375,joint_forward_feedback,balanced_permutation_a_k8,balanced_permutation_a,balanced,8,1.0639925081183608,1.0,0.6399250811836067,64,64,64,fixed_cache,64,8.330120891947679e-06,8.186868995707266e-06
s9316_r2_n000_a375,confirmatory,9316,2,0.0,0.375,joint_forward_feedback,balanced_permutation_b_k1,balanced_permutation_b,balanced,1,0.18840039778945986,0.125,0.6340039778945984,64,64,8,fixed_cache,64,0.2569477291978184,0.25401154005940296
s9316_r2_n000_a375,confirmatory,9316,2,0.0,0.375,joint_forward_feedback,balanced_permutation_b_k2,balanced_permutation_b,balanced,2,0.31340039778945983,0.25,0.6340039778945984,64,64,16,fixed_cache,64,0.008033450123744283,0.007555708056273716
s9316_r2_n000_a375,confirmatory,9316,2,0.0,0.375,joint_forward_feedback,balanced_permutation_b_k4,balanced_permutation_b,balanced,4,0.5634003977894598,0.5,0.6340039778945984,64,64,32,fixed_cache,64,0.001842878378397844,0.0017373311777710058
s9316_r2_n000_a375,confirmatory,9316,2,0.0,0.375,joint_forward_feedback,balanced_permutation_b_k8,balanced_permutation_b,balanced,8,1.06340039778946,1.0,0.6340039778945984,64,64,64,fixed_cache,64,7.849968689587631e-07,7.473253945085531e-07
s9316_r2_n000_a375,confirmatory,9316,2,0.0,0.375,joint_forward_feedback,comb_contiguous_k1,comb_contiguous,comb,1,0.225,0.125,1.0,64,64,8,fixed_cache,64,0.25494725862019785,0.25297695259494263
s9316_r2_n000_a375,confirmatory,9316,2,0.0,0.375,joint_forward_feedback,comb_contiguous_k2,comb_contiguous,comb,2,0.35,0.25,1.0,64,64,16,fixed_cache,64,0.15805693064903978,0.15797364836795183
s9316_r2_n000_a375,confirmatory,9316,2,0.0,0.375,joint_forward_feedback,comb_contiguous_k4,comb_contiguous,comb,4,0.6,0.5,1.0,64,64,32,fixed_cache,64,0.05727561228885723,0.05731758965568347
s9316_r2_n000_a375,confirmatory,9316,2,0.0,0.375,joint_forward_feedback,comb_contiguous_k8,comb_contiguous,comb,8,1.1,1.0,1.0,64,64,64,fixed_cache,64,2.1205359119525585e-05,2.1125343216249416e-05
s9316_r2_n000_a375,confirmatory,9316,2,0.0,0.375,joint_forward_feedback,balanced_contiguous_k1,balanced_contiguous,balanced,1,0.1737418407321983,0.125,0.487418407321983,64,64,8,fixed_cache,256,0.2534622175026193,0.2508275562165081
s9316_r2_n000_a375,confirmatory,9316,2,0.0,0.375,joint_forward_feedback,balanced_contiguous_k2,balanced_contiguous,balanced,2,0.2987418407321983,0.25,0.487418407321983,64,64,16,fixed_cache,256,7.921136117935915e-07,7.775310125007106e-07
s9316_r2_n000_a375,confirmatory,9316,2,0.0,0.375,joint_forward_feedback,balanced_contiguous_k4,balanced_contiguous,balanced,4,0.5487418407321983,0.5,0.487418407321983,64,64,32,fixed_cache,256,2.2644164153977352e-07,2.2718031388091572e-07
s9316_r2_n000_a375,confirmatory,9316,2,0.0,0.375,joint_forward_feedback,balanced_contiguous_k8,balanced_contiguous,balanced,8,1.0487418407321982,1.0,0.487418407321983,64,64,64,fixed_cache,256,2.642621149616982e-14,2.6653307954344564e-14
s9316_r2_n000_a375,confirmatory,9316,2,0.0,0.375,joint_forward_feedback,balanced_interleaved_k1,balanced_interleaved,balanced,1,0.19088469787505546,0.125,0.6588469787505544,64,64,8,fixed_cache,256,0.2534677331651121,0.2508603003828426
s9316_r2_n000_a375,confirmatory,9316,2,0.0,0.375,joint_forward_feedback,balanced_interleaved_k2,balanced_interleaved,balanced,2,0.31588469787505546,0.25,0.6588469787505544,64,64,16,fixed_cache,256,0.23860954756597913,0.236386255282015
s9316_r2_n000_a375,confirmatory,9316,2,0.0,0.375,joint_forward_feedback,balanced_interleaved_k4,balanced_interleaved,balanced,4,0.5658846978750555,0.5,0.6588469787505544,64,64,32,fixed_cache,256,2.9623454543035083e-06,2.9720247343479944e-06
s9316_r2_n000_a375,confirmatory,9316,2,0.0,0.375,joint_forward_feedback,balanced_interleaved_k8,balanced_interleaved,balanced,8,1.0658846978750554,1.0,0.6588469787505544,64,64,64,fixed_cache,256,5.2987849420731627e-20,5.3729950234619894e-20
s9316_r2_n000_a375,confirmatory,9316,2,0.0,0.375,joint_forward_feedback,balanced_permutation_a_k1,balanced_permutation_a,balanced,1,0.18899250811836066,0.125,0.6399250811836067,64,64,8,fixed_cache,256,0.2536580117934734,0.2508516538035402
s9316_r2_n000_a375,confirmatory,9316,2,0.0,0.375,joint_forward_feedback,balanced_permutation_a_k2,balanced_permutation_a,balanced,2,0.31399250811836066,0.25,0.6399250811836067,64,64,16,fixed_cache,256,0.08315315312519707,0.08160003926082343
s9316_r2_n000_a375,confirmatory,9316,2,0.0,0.375,joint_forward_feedback,balanced_permutation_a_k4,balanced_permutation_a,balanced,4,0.5639925081183607,0.5,0.6399250811836067,64,64,32,fixed_cache,256,0.00774003878794939,0.0075577997960035136
s9316_r2_n000_a375,confirmatory,9316,2,0.0,0.375,joint_forward_feedback,balanced_permutation_a_k8,balanced_permutation_a,balanced,8,1.0639925081183608,1.0,0.6399250811836067,64,64,64,fixed_cache,256,9.412493626246363e-19,9.404068468639686e-19
s9316_r2_n000_a375,confirmatory,9316,2,0.0,0.375,joint_forward_feedback,balanced_permutation_b_k1,balanced_permutation_b,balanced,1,0.18840039778945986,0.125,0.6340039778945984,64,64,8,fixed_cache,256,0.2539240691959952,0.250849227630776
s9316_r2_n000_a375,confirmatory,9316,2,0.0,0.375,joint_forward_feedback,balanced_permutation_b_k2,balanced_permutation_b,balanced,2,0.31340039778945983,0.25,0.6340039778945984,64,64,16,fixed_cache,256,6.706835151867212e-07,6.370403080407959e-07
s9316_r2_n000_a375,confirmatory,9316,2,0.0,0.375,joint_forward_feedback,balanced_permutation_b_k4,balanced_permutation_b,balanced,4,0.5634003977894598,0.5,0.6340039778945984,64,64,32,fixed_cache,256,2.582917170317316e-09,2.531808535842222e-09
s9316_r2_n000_a375,confirmatory,9316,2,0.0,0.375,joint_forward_feedback,balanced_permutation_b_k8,balanced_permutation_b,balanced,8,1.06340039778946,1.0,0.6340039778945984,64,64,64,fixed_cache,256,3.3686413988386624e-22,3.2173700025539375e-22
s9316_r2_n000_a375,confirmatory,9316,2,0.0,0.375,joint_forward_feedback,comb_contiguous_k1,comb_contiguous,comb,1,0.225,0.125,1.0,64,64,8,fixed_cache,256,0.2530111951370664,0.2508595488469794
s9316_r2_n000_a375,confirmatory,9316,2,0.0,0.375,joint_forward_feedback,comb_contiguous_k2,comb_contiguous,comb,2,0.35,0.25,1.0,64,64,16,fixed_cache,256,0.039616964841909685,0.03962545331319421
s9316_r2_n000_a375,confirmatory,9316,2,0.0,0.375,joint_forward_feedback,comb_contiguous_k4,comb_contiguous,comb,4,0.6,0.5,1.0,64,64,32,fixed_cache,256,0.0008321394141647003,0.0008348669237871486
s9316_r2_n000_a375,confirmatory,9316,2,0.0,0.375,joint_forward_feedback,comb_contiguous_k8,comb_contiguous,comb,8,1.1,1.0,1.0,64,64,64,fixed_cache,256,2.6824750696636964e-16,2.706352415854038e-16
s9316_r2_n000_a375,confirmatory,9316,2,0.0,0.375,joint_forward_feedback,balanced_contiguous_k1,balanced_contiguous,balanced,1,0.1737418407321983,0.125,0.487418407321983,64,64,8,fresh_iid,16,0.337465246154321,0.33160426741067034
s9316_r2_n000_a375,confirmatory,9316,2,0.0,0.375,joint_forward_feedback,balanced_contiguous_k2,balanced_contiguous,balanced,2,0.2987418407321983,0.25,0.487418407321983,64,64,16,fresh_iid,16,0.18980655948117936,0.18521805133372848
s9316_r2_n000_a375,confirmatory,9316,2,0.0,0.375,joint_forward_feedback,balanced_contiguous_k4,balanced_contiguous,balanced,4,0.5487418407321983,0.5,0.487418407321983,64,64,32,fresh_iid,16,0.11995955397026631,0.11854705673052376
s9316_r2_n000_a375,confirmatory,9316,2,0.0,0.375,joint_forward_feedback,balanced_contiguous_k8,balanced_contiguous,balanced,8,1.0487418407321982,1.0,0.487418407321983,64,64,64,fresh_iid,16,0.04211479038267377,0.041315253104245185
s9316_r2_n000_a375,confirmatory,9316,2,0.0,0.375,joint_forward_feedback,balanced_interleaved_k1,balanced_interleaved,balanced,1,0.19088469787505546,0.125,0.6588469787505544,64,64,8,fresh_iid,16,0.32078908005329704,0.3155610750384552
s9316_r2_n000_a375,confirmatory,9316,2,0.0,0.375,joint_forward_feedback,balanced_interleaved_k2,balanced_interleaved,balanced,2,0.31588469787505546,0.25,0.6588469787505544,64,64,16,fresh_iid,16,0.304536433317421,0.30008115908940614
s9316_r2_n000_a375,confirmatory,9316,2,0.0,0.375,joint_forward_feedback,balanced_interleaved_k4,balanced_interleaved,balanced,4,0.5658846978750555,0.5,0.6588469787505544,64,64,32,fresh_iid,16,0.12974769041106238,0.1287840315911844
s9316_r2_n000_a375,confirmatory,9316,2,0.0,0.375,joint_forward_feedback,balanced_interleaved_k8,balanced_interleaved,balanced,8,1.0658846978750554,1.0,0.6588469787505544,64,64,64,fresh_iid,16,0.016580908716866308,0.016228240980337868
s9316_r2_n000_a375,confirmatory,9316,2,0.0,0.375,joint_forward_feedback,balanced_permutation_a_k1,balanced_permutation_a,balanced,1,0.18899250811836066,0.125,0.6399250811836067,64,64,8,fresh_iid,16,0.3246911679055293,0.31915850783128485
s9316_r2_n000_a375,confirmatory,9316,2,0.0,0.375,joint_forward_feedback,balanced_permutation_a_k2,balanced_permutation_a,balanced,2,0.31399250811836066,0.25,0.6399250811836067,64,64,16,fresh_iid,16,0.26983552913119846,0.26431046461939944
s9316_r2_n000_a375,confirmatory,9316,2,0.0,0.375,joint_forward_feedback,balanced_permutation_a_k4,balanced_permutation_a,balanced,4,0.5639925081183607,0.5,0.6399250811836067,64,64,32,fresh_iid,16,0.2099749839697512,0.20536025788559567
s9316_r2_n000_a375,confirmatory,9316,2,0.0,0.375,joint_forward_feedback,balanced_permutation_a_k8,balanced_permutation_a,balanced,8,1.0639925081183608,1.0,0.6399250811836067,64,64,64,fresh_iid,16,0.020118139599347502,0.019698005197831596
s9316_r2_n000_a375,confirmatory,9316,2,0.0,0.375,joint_forward_feedback,balanced_permutation_b_k1,balanced_permutation_b,balanced,1,0.18840039778945986,0.125,0.6340039778945984,64,64,8,fresh_iid,16,0.32540284412412557,0.3196246994308093
s9316_r2_n000_a375,confirmatory,9316,2,0.0,0.375,joint_forward_feedback,balanced_permutation_b_k2,balanced_permutation_b,balanced,2,0.31340039778945983,0.25,0.6340039778945984,64,64,16,fresh_iid,16,0.13259167828961174,0.1274264752227374
s9316_r2_n000_a375,confirmatory,9316,2,0.0,0.375,joint_forward_feedback,balanced_permutation_b_k4,balanced_permutation_b,balanced,4,0.5634003977894598,0.5,0.6340039778945984,64,64,32,fresh_iid,16,0.0813721641481067,0.07803986425129794
s9316_r2_n000_a375,confirmatory,9316,2,0.0,0.375,joint_forward_feedback,balanced_permutation_b_k8,balanced_permutation_b,balanced,8,1.06340039778946,1.0,0.6340039778945984,64,64,64,fresh_iid,16,0.012420267745419147,0.012055159532238357
s9316_r2_n000_a375,confirmatory,9316,2,0.0,0.375,joint_forward_feedback,comb_contiguous_k1,comb_contiguous,comb,1,0.225,0.125,1.0,64,64,8,fresh_iid,16,0.3176079654381278,0.3128804388100129
s9316_r2_n000_a375,confirmatory,9316,2,0.0,0.375,joint_forward_feedback,comb_contiguous_k2,comb_contiguous,comb,2,0.35,0.25,1.0,64,64,16,fresh_iid,16,0.2325760589493338,0.231707957668535
s9316_r2_n000_a375,confirmatory,9316,2,0.0,0.375,joint_forward_feedback,comb_contiguous_k4,comb_contiguous,comb,4,0.6,0.5,1.0,64,64,32,fresh_iid,16,0.17562845373289193,0.17523715604216197
s9316_r2_n000_a375,confirmatory,9316,2,0.0,0.375,joint_forward_feedback,comb_contiguous_k8,comb_contiguous,comb,8,1.1,1.0,1.0,64,64,64,fresh_iid,16,0.02199114567182345,0.021685132429547796
s9316_r2_n000_a375,confirmatory,9316,2,0.0,0.375,joint_forward_feedback,balanced_contiguous_k1,balanced_contiguous,balanced,1,0.1737418407321983,0.125,0.487418407321983,64,64,8,fresh_iid,64,0.2583770191707861,0.25558742976339777
s9316_r2_n000_a375,confirmatory,9316,2,0.0,0.375,joint_forward_feedback,balanced_contiguous_k2,balanced_contiguous,balanced,2,0.2987418407321983,0.25,0.487418407321983,64,64,16,fresh_iid,64,0.013014588813522045,0.012708740230911616
s9316_r2_n000_a375,confirmatory,9316,2,0.0,0.375,joint_forward_feedback,balanced_contiguous_k4,balanced_contiguous,balanced,4,0.5487418407321983,0.5,0.487418407321983,64,64,32,fresh_iid,64,0.004751192565239994,0.004736803477266583
s9316_r2_n000_a375,confirmatory,9316,2,0.0,0.375,joint_forward_feedback,balanced_contiguous_k8,balanced_contiguous,balanced,8,1.0487418407321982,1.0,0.487418407321983,64,64,64,fresh_iid,64,5.220128106041199e-05,5.1736860050280194e-05
s9316_r2_n000_a375,confirmatory,9316,2,0.0,0.375,joint_forward_feedback,balanced_interleaved_k1,balanced_interleaved,balanced,1,0.19088469787505546,0.125,0.6588469787505544,64,64,8,fresh_iid,64,0.2562860498550501,0.2534692933945056
s9316_r2_n000_a375,confirmatory,9316,2,0.0,0.375,joint_forward_feedback,balanced_interleaved_k2,balanced_interleaved,balanced,2,0.31588469787505546,0.25,0.6588469787505544,64,64,16,fresh_iid,64,0.25184485904386733,0.24918081767573166
s9316_r2_n000_a375,confirmatory,9316,2,0.0,0.375,joint_forward_feedback,balanced_interleaved_k4,balanced_interleaved,balanced,4,0.5658846978750555,0.5,0.6588469787505544,64,64,32,fresh_iid,64,0.011273689016037662,0.011179834642435563
s9316_r2_n000_a375,confirmatory,9316,2,0.0,0.375,joint_forward_feedback,balanced_interleaved_k8,balanced_interleaved,balanced,8,1.0658846978750554,1.0,0.6588469787505544,64,64,64,fresh_iid,64,1.6289066622107636e-06,1.6046281408014086e-06
s9316_r2_n000_a375,confirmatory,9316,2,0.0,0.375,joint_forward_feedback,balanced_permutation_a_k1,balanced_permutation_a,balanced,1,0.18899250811836066,0.125,0.6399250811836067,64,64,8,fresh_iid,64,0.2566735662958175,0.2536813425133294
s9316_r2_n000_a375,confirmatory,9316,2,0.0,0.375,joint_forward_feedback,balanced_permutation_a_k2,balanced_permutation_a,balanced,2,0.31399250811836066,0.25,0.6399250811836067,64,64,16,fresh_iid,64,0.19399538949949457,0.1903498395650587
s9316_r2_n000_a375,confirmatory,9316,2,0.0,0.375,joint_forward_feedback,balanced_permutation_a_k4,balanced_permutation_a,balanced,4,0.5639925081183607,0.5,0.6399250811836067,64,64,32,fresh_iid,64,0.10835289459886205,0.10600562550460402
s9316_r2_n000_a375,confirmatory,9316,2,0.0,0.375,joint_forward_feedback,balanced_permutation_a_k8,balanced_permutation_a,balanced,8,1.0639925081183608,1.0,0.6399250811836067,64,64,64,fresh_iid,64,7.56403329123852e-06,7.478412972962564e-06
s9316_r2_n000_a375,confirmatory,9316,2,0.0,0.375,joint_forward_feedback,balanced_permutation_b_k1,balanced_permutation_b,balanced,1,0.18840039778945986,0.125,0.6340039778945984,64,64,8,fresh_iid,64,0.25682839470389285,0.25357335644801104
s9316_r2_n000_a375,confirmatory,9316,2,0.0,0.375,joint_forward_feedback,balanced_permutation_b_k2,balanced_permutation_b,balanced,2,0.31340039778945983,0.25,0.6340039778945984,64,64,16,fresh_iid,64,0.009366361976834874,0.008890841613591787
s9316_r2_n000_a375,confirmatory,9316,2,0.0,0.375,joint_forward_feedback,balanced_permutation_b_k4,balanced_permutation_b,balanced,4,0.5634003977894598,0.5,0.6340039778945984,64,64,32,fresh_iid,64,0.0025304659743892893,0.002393625841073701
s9316_r2_n000_a375,confirmatory,9316,2,0.0,0.375,joint_forward_feedback,balanced_permutation_b_k8,balanced_permutation_b,balanced,8,1.06340039778946,1.0,0.6340039778945984,64,64,64,fresh_iid,64,8.195590138445366e-07,8.123684371303625e-07
s9316_r2_n000_a375,confirmatory,9316,2,0.0,0.375,joint_forward_feedback,comb_contiguous_k1,comb_contiguous,comb,1,0.225,0.125,1.0,64,64,8,fresh_iid,64,0.25592263749164823,0.2535306105368541
s9316_r2_n000_a375,confirmatory,9316,2,0.0,0.375,joint_forward_feedback,comb_contiguous_k2,comb_contiguous,comb,2,0.35,0.25,1.0,64,64,16,fresh_iid,64,0.157542211571842,0.1565555115511748
s9316_r2_n000_a375,confirmatory,9316,2,0.0,0.375,joint_forward_feedback,comb_contiguous_k4,comb_contiguous,comb,4,0.6,0.5,1.0,64,64,32,fresh_iid,64,0.053298409548175954,0.053029713910440465
s9316_r2_n000_a375,confirmatory,9316,2,0.0,0.375,joint_forward_feedback,comb_contiguous_k8,comb_contiguous,comb,8,1.1,1.0,1.0,64,64,64,fresh_iid,64,1.0707394351832162e-05,1.0557449082888434e-05
s9316_r2_n000_a375,confirmatory,9316,2,0.0,0.375,joint_forward_feedback,balanced_contiguous_k1,balanced_contiguous,balanced,1,0.1737418407321983,0.125,0.487418407321983,64,64,8,fresh_iid,256,0.25363724240433383,0.2509717091323156
s9316_r2_n000_a375,confirmatory,9316,2,0.0,0.375,joint_forward_feedback,balanced_contiguous_k2,balanced_contiguous,balanced,2,0.2987418407321983,0.25,0.487418407321983,64,64,16,fresh_iid,256,3.7078480635881126e-07,3.608514160308694e-07
s9316_r2_n000_a375,confirmatory,9316,2,0.0,0.375,joint_forward_feedback,balanced_contiguous_k4,balanced_contiguous,balanced,4,0.5487418407321983,0.5,0.487418407321983,64,64,32,fresh_iid,256,5.5357827615367404e-08,5.5154788298930194e-08
s9316_r2_n000_a375,confirmatory,9316,2,0.0,0.375,joint_forward_feedback,balanced_contiguous_k8,balanced_contiguous,balanced,8,1.0487418407321982,1.0,0.487418407321983,64,64,64,fresh_iid,256,7.636827568506877e-16,7.580988266118267e-16
s9316_r2_n000_a375,confirmatory,9316,2,0.0,0.375,joint_forward_feedback,balanced_interleaved_k1,balanced_interleaved,balanced,1,0.19088469787505546,0.125,0.6588469787505544,64,64,8,fresh_iid,256,0.2538313201154486,0.2511723245773696
s9316_r2_n000_a375,confirmatory,9316,2,0.0,0.375,joint_forward_feedback,balanced_interleaved_k2,balanced_interleaved,balanced,2,0.31588469787505546,0.25,0.6588469787505544,64,64,16,fresh_iid,256,0.23846153076614424,0.23617275143030828
s9316_r2_n000_a375,confirmatory,9316,2,0.0,0.375,joint_forward_feedback,balanced_interleaved_k4,balanced_interleaved,balanced,4,0.5658846978750555,0.5,0.6588469787505544,64,64,32,fresh_iid,256,1.0202133593562642e-06,1.0155977913958822e-06
s9316_r2_n000_a375,confirmatory,9316,2,0.0,0.375,joint_forward_feedback,balanced_interleaved_k8,balanced_interleaved,balanced,8,1.0658846978750554,1.0,0.6588469787505544,64,64,64,fresh_iid,256,3.36438913900592e-22,3.3288113685766625e-22
s9316_r2_n000_a375,confirmatory,9316,2,0.0,0.375,joint_forward_feedback,balanced_permutation_a_k1,balanced_permutation_a,balanced,1,0.18899250811836066,0.125,0.6399250811836067,64,64,8,fresh_iid,256,0.253977008900582,0.25112389741134344
s9316_r2_n000_a375,confirmatory,9316,2,0.0,0.375,joint_forward_feedback,balanced_permutation_a_k2,balanced_permutation_a,balanced,2,0.31399250811836066,0.25,0.6399250811836067,64,64,16,fresh_iid,256,0.08067618153393655,0.07921578343245705
s9316_r2_n000_a375,confirmatory,9316,2,0.0,0.375,joint_forward_feedback,balanced_permutation_a_k4,balanced_permutation_a,balanced,4,0.5639925081183607,0.5,0.6399250811836067,64,64,32,fresh_iid,256,0.007055067162754384,0.006908145677627176
s9316_r2_n000_a375,confirmatory,9316,2,0.0,0.375,joint_forward_feedback,balanced_permutation_a_k8,balanced_permutation_a,balanced,8,1.0639925081183608,1.0,0.6399250811836067,64,64,64,fresh_iid,256,8.187409269175118e-20,8.15698043571529e-20
s9316_r2_n000_a375,confirmatory,9316,2,0.0,0.375,joint_forward_feedback,balanced_permutation_b_k1,balanced_permutation_b,balanced,1,0.18840039778945986,0.125,0.6340039778945984,64,64,8,fresh_iid,256,0.2542329617659948,0.25111197932452284
s9316_r2_n000_a375,confirmatory,9316,2,0.0,0.375,joint_forward_feedback,balanced_permutation_b_k2,balanced_permutation_b,balanced,2,0.31340039778945983,0.25,0.6340039778945984,64,64,16,fresh_iid,256,5.265614947814983e-07,4.981609467605165e-07
s9316_r2_n000_a375,confirmatory,9316,2,0.0,0.375,joint_forward_feedback,balanced_permutation_b_k4,balanced_permutation_b,balanced,4,0.5634003977894598,0.5,0.6340039778945984,64,64,32,fresh_iid,256,2.1727092373485573e-09,2.0878184582768137e-09
s9316_r2_n000_a375,confirmatory,9316,2,0.0,0.375,joint_forward_feedback,balanced_permutation_b_k8,balanced_permutation_b,balanced,8,1.06340039778946,1.0,0.6340039778945984,64,64,64,fresh_iid,256,2.8047005858428286e-22,2.8125576671594393e-22
s9316_r2_n000_a375,confirmatory,9316,2,0.0,0.375,joint_forward_feedback,comb_contiguous_k1,comb_contiguous,comb,1,0.225,0.125,1.0,64,64,8,fresh_iid,256,0.2533981894941114,0.25119532187778404
s9316_r2_n000_a375,confirmatory,9316,2,0.0,0.375,joint_forward_feedback,comb_contiguous_k2,comb_contiguous,comb,2,0.35,0.25,1.0,64,64,16,fresh_iid,256,0.03546368779213839,0.03540912134628775
s9316_r2_n000_a375,confirmatory,9316,2,0.0,0.375,joint_forward_feedback,comb_contiguous_k4,comb_contiguous,comb,4,0.6,0.5,1.0,64,64,32,fresh_iid,256,0.0005416112753415745,0.0005411381640286621
s9316_r2_n000_a375,confirmatory,9316,2,0.0,0.375,joint_forward_feedback,comb_contiguous_k8,comb_contiguous,comb,8,1.1,1.0,1.0,64,64,64,fresh_iid,256,4.2483721746458375e-18,4.23988366528456e-18
s9316_r2_n750_a125,confirmatory,9316,2,0.75,0.125,feedback_only,balanced_contiguous_k1,balanced_contiguous,balanced,1,0.1737418407321983,0.125,0.487418407321983,64,64,8,fixed_cache,16,0.5424361481880378,0.5395017388120691
s9316_r2_n750_a125,confirmatory,9316,2,0.75,0.125,feedback_only,balanced_contiguous_k2,balanced_contiguous,balanced,2,0.2987418407321983,0.25,0.487418407321983,64,64,16,fixed_cache,16,0.286991105965739,0.29625138582271715
s9316_r2_n750_a125,confirmatory,9316,2,0.75,0.125,feedback_only,balanced_contiguous_k4,balanced_contiguous,balanced,4,0.5487418407321983,0.5,0.487418407321983,64,64,32,fixed_cache,16,0.2871553934646921,0.29655725930569127
s9316_r2_n750_a125,confirmatory,9316,2,0.75,0.125,feedback_only,balanced_contiguous_k8,balanced_contiguous,balanced,8,1.0487418407321982,1.0,0.487418407321983,64,64,64,fixed_cache,16,0.28879492166109966,0.29841759904430487
s9316_r2_n750_a125,confirmatory,9316,2,0.75,0.125,feedback_only,balanced_interleaved_k1,balanced_interleaved,balanced,1,0.19088469787505546,0.125,0.6588469787505544,64,64,8,fixed_cache,16,0.5424361481880378,0.5395017388120691
s9316_r2_n750_a125,confirmatory,9316,2,0.75,0.125,feedback_only,balanced_interleaved_k2,balanced_interleaved,balanced,2,0.31588469787505546,0.25,0.6588469787505544,64,64,16,fixed_cache,16,0.5365081376266051,0.5338238697586944
s9316_r2_n750_a125,confirmatory,9316,2,0.75,0.125,feedback_only,balanced_interleaved_k4,balanced_interleaved,balanced,4,0.5658846978750555,0.5,0.6588469787505544,64,64,32,fixed_cache,16,0.4631655259993043,0.46279379962690154
s9316_r2_n750_a125,confirmatory,9316,2,0.75,0.125,feedback_only,balanced_interleaved_k8,balanced_interleaved,balanced,8,1.0658846978750554,1.0,0.6588469787505544,64,64,64,fixed_cache,16,0.28879492166109966,0.29841759904430487
s9316_r2_n750_a125,confirmatory,9316,2,0.75,0.125,feedback_only,balanced_permutation_a_k1,balanced_permutation_a,balanced,1,0.18899250811836066,0.125,0.6399250811836067,64,64,8,fixed_cache,16,0.5424361481880378,0.5395017388120691
s9316_r2_n750_a125,confirmatory,9316,2,0.75,0.125,feedback_only,balanced_permutation_a_k2,balanced_permutation_a,balanced,2,0.31399250811836066,0.25,0.6399250811836067,64,64,16,fixed_cache,16,0.541942300733742,0.539108621948587
s9316_r2_n750_a125,confirmatory,9316,2,0.75,0.125,feedback_only,balanced_permutation_a_k4,balanced_permutation_a,balanced,4,0.5639925081183607,0.5,0.6399250811836067,64,64,32,fixed_cache,16,0.5251148231214828,0.5230691458919224
s9316_r2_n750_a125,confirmatory,9316,2,0.75,0.125,feedback_only,balanced_permutation_a_k8,balanced_permutation_a,balanced,8,1.0639925081183608,1.0,0.6399250811836067,64,64,64,fixed_cache,16,0.28879492166109966,0.29841759904430487
s9316_r2_n750_a125,confirmatory,9316,2,0.75,0.125,feedback_only,balanced_permutation_b_k1,balanced_permutation_b,balanced,1,0.18840039778945986,0.125,0.6340039778945984,64,64,8,fixed_cache,16,0.5424361481880378,0.5395017388120691
s9316_r2_n750_a125,confirmatory,9316,2,0.75,0.125,feedback_only,balanced_permutation_b_k2,balanced_permutation_b,balanced,2,0.31340039778945983,0.25,0.6340039778945984,64,64,16,fixed_cache,16,0.5063723080741359,0.5039389280382187
s9316_r2_n750_a125,confirmatory,9316,2,0.75,0.125,feedback_only,balanced_permutation_b_k4,balanced_permutation_b,balanced,4,0.5634003977894598,0.5,0.6340039778945984,64,64,32,fixed_cache,16,0.46144539964636433,0.4603557391911821
s9316_r2_n750_a125,confirmatory,9316,2,0.75,0.125,feedback_only,balanced_permutation_b_k8,balanced_permutation_b,balanced,8,1.06340039778946,1.0,0.6340039778945984,64,64,64,fixed_cache,16,0.28879492166109966,0.29841759904430487
s9316_r2_n750_a125,confirmatory,9316,2,0.75,0.125,feedback_only,comb_contiguous_k1,comb_contiguous,comb,1,0.225,0.125,1.0,64,64,8,fixed_cache,16,0.5424361481880378,0.5395017388120691
s9316_r2_n750_a125,confirmatory,9316,2,0.75,0.125,feedback_only,comb_contiguous_k2,comb_contiguous,comb,2,0.35,0.25,1.0,64,64,16,fixed_cache,16,0.535636301377068,0.5328144957093889
s9316_r2_n750_a125,confirmatory,9316,2,0.75,0.125,feedback_only,comb_contiguous_k4,comb_contiguous,comb,4,0.6,0.5,1.0,64,64,32,fixed_cache,16,0.3000480700795824,0.3071920502748495
s9316_r2_n750_a125,confirmatory,9316,2,0.75,0.125,feedback_only,comb_contiguous_k8,comb_contiguous,comb,8,1.1,1.0,1.0,64,64,64,fixed_cache,16,0.28879492166109966,0.29841759904430487
s9316_r2_n750_a125,confirmatory,9316,2,0.75,0.125,feedback_only,balanced_contiguous_k1,balanced_contiguous,balanced,1,0.1737418407321983,0.125,0.487418407321983,64,64,8,fixed_cache,64,0.5388278659380559,0.5350795982853149
s9316_r2_n750_a125,confirmatory,9316,2,0.75,0.125,feedback_only,balanced_contiguous_k2,balanced_contiguous,balanced,2,0.2987418407321983,0.25,0.487418407321983,64,64,16,fixed_cache,64,0.2893510059741242,0.3013267267812908
s9316_r2_n750_a125,confirmatory,9316,2,0.75,0.125,feedback_only,balanced_contiguous_k4,balanced_contiguous,balanced,4,0.5487418407321983,0.5,0.487418407321983,64,64,32,fixed_cache,64,0.2901260834053372,0.3021867363379812
s9316_r2_n750_a125,confirmatory,9316,2,0.75,0.125,feedback_only,balanced_contiguous_k8,balanced_contiguous,balanced,8,1.0487418407321982,1.0,0.487418407321983,64,64,64,fixed_cache,64,0.29131943292834284,0.3036705715401808
s9316_r2_n750_a125,confirmatory,9316,2,0.75,0.125,feedback_only,balanced_interleaved_k1,balanced_interleaved,balanced,1,0.19088469787505546,0.125,0.6588469787505544,64,64,8,fixed_cache,64,0.5388278659380559,0.5350795982853149
s9316_r2_n750_a125,confirmatory,9316,2,0.75,0.125,feedback_only,balanced_interleaved_k2,balanced_interleaved,balanced,2,0.31588469787505546,0.25,0.6588469787505544,64,64,16,fixed_cache,64,0.5136429095485191,0.5107115434241793
s9316_r2_n750_a125,confirmatory,9316,2,0.75,0.125,feedback_only,balanced_interleaved_k4,balanced_interleaved,balanced,4,0.5658846978750555,0.5,0.6588469787505544,64,64,32,fixed_cache,64,0.3298170760031144,0.33429901832976233
s9316_r2_n750_a125,confirmatory,9316,2,0.75,0.125,feedback_only,balanced_interleaved_k8,balanced_interleaved,balanced,8,1.0658846978750554,1.0,0.6588469787505544,64,64,64,fixed_cache,64,0.29131943292834284,0.3036705715401808
s9316_r2_n750_a125,confirmatory,9316,2,0.75,0.125,feedback_only,balanced_permutation_a_k1,balanced_permutation_a,balanced,1,0.18899250811836066,0.125,0.6399250811836067,64,64,8,fixed_cache,64,0.5388278659380559,0.5350795982853149
s9316_r2_n750_a125,confirmatory,9316,2,0.75,0.125,feedback_only,balanced_permutation_a_k2,balanced_permutation_a,balanced,2,0.31399250811836066,0.25,0.6399250811836067,64,64,16,fixed_cache,64,0.5358704782602008,0.5322742504895378
s9316_r2_n750_a125,confirmatory,9316,2,0.75,0.125,feedback_only,balanced_permutation_a_k4,balanced_permutation_a,balanced,4,0.5639925081183607,0.5,0.6399250811836067,64,64,32,fixed_cache,64,0.46884365509299597,0.4675558862207511
s9316_r2_n750_a125,confirmatory,9316,2,0.75,0.125,feedback_only,balanced_permutation_a_k8,balanced_permutation_a,balanced,8,1.0639925081183608,1.0,0.6399250811836067,64,64,64,fixed_cache,64,0.29131943292834284,0.3036705715401808
s9316_r2_n750_a125,confirmatory,9316,2,0.75,0.125,feedback_only,balanced_permutation_b_k1,balanced_permutation_b,balanced,1,0.18840039778945986,0.125,0.6340039778945984,64,64,8,fixed_cache,64,0.5388278659380559,0.5350795982853149
s9316_r2_n750_a125,confirmatory,9316,2,0.75,0.125,feedback_only,balanced_permutation_b_k2,balanced_permutation_b,balanced,2,0.31340039778945983,0.25,0.6340039778945984,64,64,16,fixed_cache,64,0.40663429517193717,0.407188824476599
s9316_r2_n750_a125,confirmatory,9316,2,0.75,0.125,feedback_only,balanced_permutation_b_k4,balanced_permutation_b,balanced,4,0.5634003977894598,0.5,0.6340039778945984,64,64,32,fixed_cache,64,0.3236881895935303,0.3283731436350176
s9316_r2_n750_a125,confirmatory,9316,2,0.75,0.125,feedback_only,balanced_permutation_b_k8,balanced_permutation_b,balanced,8,1.06340039778946,1.0,0.6340039778945984,64,64,64,fixed_cache,64,0.29131943292834284,0.3036705715401808
s9316_r2_n750_a125,confirmatory,9316,2,0.75,0.125,feedback_only,comb_contiguous_k1,comb_contiguous,comb,1,0.225,0.125,1.0,64,64,8,fixed_cache,64,0.5388278659380559,0.5350795982853149
s9316_r2_n750_a125,confirmatory,9316,2,0.75,0.125,feedback_only,comb_contiguous_k2,comb_contiguous,comb,2,0.35,0.25,1.0,64,64,16,fixed_cache,64,0.5088640964351505,0.5059844200612457
s9316_r2_n750_a125,confirmatory,9316,2,0.75,0.125,feedback_only,comb_contiguous_k4,comb_contiguous,comb,4,0.6,0.5,1.0,64,64,32,fixed_cache,64,0.28169859321686364,0.29245536198357847
s9316_r2_n750_a125,confirmatory,9316,2,0.75,0.125,feedback_only,comb_contiguous_k8,comb_contiguous,comb,8,1.1,1.0,1.0,64,64,64,fixed_cache,64,0.29131943292834284,0.3036705715401808
s9316_r2_n750_a125,confirmatory,9316,2,0.75,0.125,feedback_only,balanced_contiguous_k1,balanced_contiguous,balanced,1,0.1737418407321983,0.125,0.487418407321983,64,64,8,fixed_cache,256,0.5440501029565468,0.5415607038308445
s9316_r2_n750_a125,confirmatory,9316,2,0.75,0.125,feedback_only,balanced_contiguous_k2,balanced_contiguous,balanced,2,0.2987418407321983,0.25,0.487418407321983,64,64,16,fixed_cache,256,0.29541579775278404,0.30781768830730605
s9316_r2_n750_a125,confirmatory,9316,2,0.75,0.125,feedback_only,balanced_contiguous_k4,balanced_contiguous,balanced,4,0.5487418407321983,0.5,0.487418407321983,64,64,32,fixed_cache,256,0.29595774891476967,0.3083692534401399
s9316_r2_n750_a125,confirmatory,9316,2,0.75,0.125,feedback_only,balanced_contiguous_k8,balanced_contiguous,balanced,8,1.0487418407321982,1.0,0.487418407321983,64,64,64,fixed_cache,256,0.297482149202301,0.3099825613521282
s9316_r2_n750_a125,confirmatory,9316,2,0.75,0.125,feedback_only,balanced_interleaved_k1,balanced_interleaved,balanced,1,0.19088469787505546,0.125,0.6588469787505544,64,64,8,fixed_cache,256,0.5440501029565468,0.5415607038308445
s9316_r2_n750_a125,confirmatory,9316,2,0.75,0.125,feedback_only,balanced_interleaved_k2,balanced_interleaved,balanced,2,0.31588469787505546,0.25,0.6588469787505544,64,64,16,fixed_cache,256,0.4587879385273886,0.45906475658581797
s9316_r2_n750_a125,confirmatory,9316,2,0.75,0.125,feedback_only,balanced_interleaved_k4,balanced_interleaved,balanced,4,0.5658846978750555,0.5,0.6588469787505544,64,64,32,fixed_cache,256,0.28180918833436597,0.29193890231093034
s9316_r2_n750_a125,confirmatory,9316,2,0.75,0.125,feedback_only,balanced_interleaved_k8,balanced_interleaved,balanced,8,1.0658846978750554,1.0,0.6588469787505544,64,64,64,fixed_cache,256,0.297482149202301,0.3099825613521282
s9316_r2_n750_a125,confirmatory,9316,2,0.75,0.125,feedback_only,balanced_permutation_a_k1,balanced_permutation_a,balanced,1,0.18899250811836066,0.125,0.6399250811836067,64,64,8,fixed_cache,256,0.5440501029565468,0.5415607038308445
s9316_r2_n750_a125,confirmatory,9316,2,0.75,0.125,feedback_only,balanced_permutation_a_k2,balanced_permutation_a,balanced,2,0.31399250811836066,0.25,0.6399250811836067,64,64,16,fixed_cache,256,0.5330220308944044,0.5309461594342729
s9316_r2_n750_a125,confirmatory,9316,2,0.75,0.125,feedback_only,balanced_permutation_a_k4,balanced_permutation_a,balanced,4,0.5639925081183607,0.5,0.6399250811836067,64,64,32,fixed_cache,256,0.3600749203352163,0.3643204683264265
s9316_r2_n750_a125,confirmatory,9316,2,0.75,0.125,feedback_only,balanced_permutation_a_k8,balanced_permutation_a,balanced,8,1.0639925081183608,1.0,0.6399250811836067,64,64,64,fixed_cache,256,0.297482149202301,0.3099825613521282
s9316_r2_n750_a125,confirmatory,9316,2,0.75,0.125,feedback_only,balanced_permutation_b_k1,balanced_permutation_b,balanced,1,0.18840039778945986,0.125,0.6340039778945984,64,64,8,fixed_cache,256,0.5440501029565468,0.5415607038308445
s9316_r2_n750_a125,confirmatory,9316,2,0.75,0.125,feedback_only,balanced_permutation_b_k2,balanced_permutation_b,balanced,2,0.31340039778945983,0.25,0.6340039778945984,64,64,16,fixed_cache,256,0.29832769909298895,0.30604212887095417
s9316_r2_n750_a125,confirmatory,9316,2,0.75,0.125,feedback_only,balanced_permutation_b_k4,balanced_permutation_b,balanced,4,0.5634003977894598,0.5,0.6340039778945984,64,64,32,fixed_cache,256,0.28246596579117333,0.2928466384855013
s9316_r2_n750_a125,confirmatory,9316,2,0.75,0.125,feedback_only,balanced_permutation_b_k8,balanced_permutation_b,balanced,8,1.06340039778946,1.0,0.6340039778945984,64,64,64,fixed_cache,256,0.297482149202301,0.3099825613521282
s9316_r2_n750_a125,confirmatory,9316,2,0.75,0.125,feedback_only,comb_contiguous_k1,comb_contiguous,comb,1,0.225,0.125,1.0,64,64,8,fixed_cache,256,0.5440501029565468,0.5415607038308445
s9316_r2_n750_a125,confirmatory,9316,2,0.75,0.125,feedback_only,comb_contiguous_k2,comb_contiguous,comb,2,0.35,0.25,1.0,64,64,16,fixed_cache,256,0.4455171963659269,0.4461332055651132
s9316_r2_n750_a125,confirmatory,9316,2,0.75,0.125,feedback_only,comb_contiguous_k4,comb_contiguous,comb,4,0.6,0.5,1.0,64,64,32,fixed_cache,256,0.2903147951639694,0.30192991255869206
s9316_r2_n750_a125,confirmatory,9316,2,0.75,0.125,feedback_only,comb_contiguous_k8,comb_contiguous,comb,8,1.1,1.0,1.0,64,64,64,fixed_cache,256,0.297482149202301,0.3099825613521282
s9316_r2_n750_a125,confirmatory,9316,2,0.75,0.125,feedback_only,balanced_contiguous_k1,balanced_contiguous,balanced,1,0.1737418407321983,0.125,0.487418407321983,64,64,8,fresh_iid,16,0.5466417792078356,0.543807628172754
s9316_r2_n750_a125,confirmatory,9316,2,0.75,0.125,feedback_only,balanced_contiguous_k2,balanced_contiguous,balanced,2,0.2987418407321983,0.25,0.487418407321983,64,64,16,fresh_iid,16,0.2976937781544883,0.30421414832091953
s9316_r2_n750_a125,confirmatory,9316,2,0.75,0.125,feedback_only,balanced_contiguous_k4,balanced_contiguous,balanced,4,0.5487418407321983,0.5,0.487418407321983,64,64,32,fresh_iid,16,0.2978953026048472,0.30452190751008096
s9316_r2_n750_a125,confirmatory,9316,2,0.75,0.125,feedback_only,balanced_contiguous_k8,balanced_contiguous,balanced,8,1.0487418407321982,1.0,0.487418407321983,64,64,64,fresh_iid,16,0.3012572717693802,0.3079430158134472
s9316_r2_n750_a125,confirmatory,9316,2,0.75,0.125,feedback_only,balanced_interleaved_k1,balanced_interleaved,balanced,1,0.19088469787505546,0.125,0.6588469787505544,64,64,8,fresh_iid,16,0.5466417792078356,0.543807628172754
s9316_r2_n750_a125,confirmatory,9316,2,0.75,0.125,feedback_only,balanced_interleaved_k2,balanced_interleaved,balanced,2,0.31588469787505546,0.25,0.6588469787505544,64,64,16,fresh_iid,16,0.540309702590551,0.5377203770450476
s9316_r2_n750_a125,confirmatory,9316,2,0.75,0.125,feedback_only,balanced_interleaved_k4,balanced_interleaved,balanced,4,0.5658846978750555,0.5,0.6588469787505544,64,64,32,fresh_iid,16,0.46331549420204315,0.4628969682928079
s9316_r2_n750_a125,confirmatory,9316,2,0.75,0.125,feedback_only,balanced_interleaved_k8,balanced_interleaved,balanced,8,1.0658846978750554,1.0,0.6588469787505544,64,64,64,fresh_iid,16,0.3012572717693802,0.3079430158134472
s9316_r2_n750_a125,confirmatory,9316,2,0.75,0.125,feedback_only,balanced_permutation_a_k1,balanced_permutation_a,balanced,1,0.18899250811836066,0.125,0.6399250811836067,64,64,8,fresh_iid,16,0.5466417792078356,0.543807628172754
s9316_r2_n750_a125,confirmatory,9316,2,0.75,0.125,feedback_only,balanced_permutation_a_k2,balanced_permutation_a,balanced,2,0.31399250811836066,0.25,0.6399250811836067,64,64,16,fresh_iid,16,0.5464129075712492,0.5436698319938269
s9316_r2_n750_a125,confirmatory,9316,2,0.75,0.125,feedback_only,balanced_permutation_a_k4,balanced_permutation_a,balanced,4,0.5639925081183607,0.5,0.6399250811836067,64,64,32,fresh_iid,16,0.5290507500159968,0.5270668932651632
s9316_r2_n750_a125,confirmatory,9316,2,0.75,0.125,feedback_only,balanced_permutation_a_k8,balanced_permutation_a,balanced,8,1.0639925081183608,1.0,0.6399250811836067,64,64,64,fresh_iid,16,0.3012572717693802,0.3079430158134472
s9316_r2_n750_a125,confirmatory,9316,2,0.75,0.125,feedback_only,balanced_permutation_b_k1,balanced_permutation_b,balanced,1,0.18840039778945986,0.125,0.6340039778945984,64,64,8,fresh_iid,16,0.5466417792078356,0.543807628172754
s9316_r2_n750_a125,confirmatory,9316,2,0.75,0.125,feedback_only,balanced_permutation_b_k2,balanced_permutation_b,balanced,2,0.31340039778945983,0.25,0.6340039778945984,64,64,16,fresh_iid,16,0.5085188629685864,0.5061858164320794
s9316_r2_n750_a125,confirmatory,9316,2,0.75,0.125,feedback_only,balanced_permutation_b_k4,balanced_permutation_b,balanced,4,0.5634003977894598,0.5,0.6340039778945984,64,64,32,fresh_iid,16,0.4614086040379761,0.4602815720526212
s9316_r2_n750_a125,confirmatory,9316,2,0.75,0.125,feedback_only,balanced_permutation_b_k8,balanced_permutation_b,balanced,8,1.06340039778946,1.0,0.6340039778945984,64,64,64,fresh_iid,16,0.3012572717693802,0.3079430158134472
s9316_r2_n750_a125,confirmatory,9316,2,0.75,0.125,feedback_only,comb_contiguous_k1,comb_contiguous,comb,1,0.225,0.125,1.0,64,64,8,fresh_iid,16,0.5466417792078356,0.543807628172754
s9316_r2_n750_a125,confirmatory,9316,2,0.75,0.125,feedback_only,comb_contiguous_k2,comb_contiguous,comb,2,0.35,0.25,1.0,64,64,16,fresh_iid,16,0.5393655332280198,0.5366513039832466
s9316_r2_n750_a125,confirmatory,9316,2,0.75,0.125,feedback_only,comb_contiguous_k4,comb_contiguous,comb,4,0.6,0.5,1.0,64,64,32,fresh_iid,16,0.3071787718821611,0.3123699778218762
s9316_r2_n750_a125,confirmatory,9316,2,0.75,0.125,feedback_only,comb_contiguous_k8,comb_contiguous,comb,8,1.1,1.0,1.0,64,64,64,fresh_iid,16,0.3012572717693802,0.3079430158134472
s9316_r2_n750_a125,confirmatory,9316,2,0.75,0.125,feedback_only,balanced_contiguous_k1,balanced_contiguous,balanced,1,0.1737418407321983,0.125,0.487418407321983,64,64,8,fresh_iid,64,0.5514344888110808,0.5473135213030967
s9316_r2_n750_a125,confirmatory,9316,2,0.75,0.125,feedback_only,balanced_contiguous_k2,balanced_contiguous,balanced,2,0.2987418407321983,0.25,0.487418407321983,64,64,16,fresh_iid,64,0.2949847065761664,0.30100879844643863
s9316_r2_n750_a125,confirmatory,9316,2,0.75,0.125,feedback_only,balanced_contiguous_k4,balanced_contiguous,balanced,4,0.5487418407321983,0.5,0.487418407321983,64,64,32,fresh_iid,64,0.29594410356970346,0.30187509811857155
s9316_r2_n750_a125,confirmatory,9316,2,0.75,0.125,feedback_only,balanced_contiguous_k8,balanced_contiguous,balanced,8,1.0487418407321982,1.0,0.487418407321983,64,64,64,fresh_iid,64,0.2976970092172546,0.30365035045245403
s9316_r2_n750_a125,confirmatory,9316,2,0.75,0.125,feedback_only,balanced_interleaved_k1,balanced_interleaved,balanced,1,0.19088469787505546,0.125,0.6588469787505544,64,64,8,fresh_iid,64,0.5514344888110808,0.5473135213030967
s9316_r2_n750_a125,confirmatory,9316,2,0.75,0.125,feedback_only,balanced_interleaved_k2,balanced_interleaved,balanced,2,0.31588469787505546,0.25,0.6588469787505544,64,64,16,fresh_iid,64,0.5284065582047591,0.5249728145846398
s9316_r2_n750_a125,confirmatory,9316,2,0.75,0.125,feedback_only,balanced_interleaved_k4,balanced_interleaved,balanced,4,0.5658846978750555,0.5,0.6588469787505544,64,64,32,fresh_iid,64,0.3503501737628831,0.35295529039566964
s9316_r2_n750_a125,confirmatory,9316,2,0.75,0.125,feedback_only,balanced_interleaved_k8,balanced_interleaved,balanced,8,1.0658846978750554,1.0,0.6588469787505544,64,64,64,fresh_iid,64,0.2976970092172546,0.30365035045245403
s9316_r2_n750_a125,confirmatory,9316,2,0.75,0.125,feedback_only,balanced_permutation_a_k1,balanced_permutation_a,balanced,1,0.18899250811836066,0.125,0.6399250811836067,64,64,8,fresh_iid,64,0.5514344888110808,0.5473135213030967
s9316_r2_n750_a125,confirmatory,9316,2,0.75,0.125,feedback_only,balanced_permutation_a_k2,balanced_permutation_a,balanced,2,0.31399250811836066,0.25,0.6399250811836067,64,64,16,fresh_iid,64,0.5493200247223051,0.5452958932075676
s9316_r2_n750_a125,confirmatory,9316,2,0.75,0.125,feedback_only,balanced_permutation_a_k4,balanced_permutation_a,balanced,4,0.5639925081183607,0.5,0.6399250811836067,64,64,32,fresh_iid,64,0.48817348816086986,0.486036924774341
s9316_r2_n750_a125,confirmatory,9316,2,0.75,0.125,feedback_only,balanced_permutation_a_k8,balanced_permutation_a,balanced,8,1.0639925081183608,1.0,0.6399250811836067,64,64,64,fresh_iid,64,0.2976970092172546,0.30365035045245403
s9316_r2_n750_a125,confirmatory,9316,2,0.75,0.125,feedback_only,balanced_permutation_b_k1,balanced_permutation_b,balanced,1,0.18840039778945986,0.125,0.6340039778945984,64,64,8,fresh_iid,64,0.5514344888110808,0.5473135213030967
s9316_r2_n750_a125,confirmatory,9316,2,0.75,0.125,feedback_only,balanced_permutation_b_k2,balanced_permutation_b,balanced,2,0.31340039778945983,0.25,0.6340039778945984,64,64,16,fresh_iid,64,0.42663819458444674,0.42623223127027465
s9316_r2_n750_a125,confirmatory,9316,2,0.75,0.125,feedback_only,balanced_permutation_b_k4,balanced_permutation_b,balanced,4,0.5634003977894598,0.5,0.6340039778945984,64,64,32,fresh_iid,64,0.3437786575655444,0.34662056011070047
s9316_r2_n750_a125,confirmatory,9316,2,0.75,0.125,feedback_only,balanced_permutation_b_k8,balanced_permutation_b,balanced,8,1.06340039778946,1.0,0.6340039778945984,64,64,64,fresh_iid,64,0.2976970092172546,0.30365035045245403
s9316_r2_n750_a125,confirmatory,9316,2,0.75,0.125,feedback_only,comb_contiguous_k1,comb_contiguous,comb,1,0.225,0.125,1.0,64,64,8,fresh_iid,64,0.5514344888110808,0.5473135213030967
s9316_r2_n750_a125,confirmatory,9316,2,0.75,0.125,feedback_only,comb_contiguous_k2,comb_contiguous,comb,2,0.35,0.25,1.0,64,64,16,fresh_iid,64,0.5235482798779019,0.5202018316913278
s9316_r2_n750_a125,confirmatory,9316,2,0.75,0.125,feedback_only,comb_contiguous_k4,comb_contiguous,comb,4,0.6,0.5,1.0,64,64,32,fresh_iid,64,0.29050364920456057,0.2967139145640872
s9316_r2_n750_a125,confirmatory,9316,2,0.75,0.125,feedback_only,comb_contiguous_k8,comb_contiguous,comb,8,1.1,1.0,1.0,64,64,64,fresh_iid,64,0.2976970092172546,0.30365035045245403
s9316_r2_n750_a125,confirmatory,9316,2,0.75,0.125,feedback_only,balanced_contiguous_k1,balanced_contiguous,balanced,1,0.1737418407321983,0.125,0.487418407321983,64,64,8,fresh_iid,256,0.5446112375294373,0.5394637754251439
s9316_r2_n750_a125,confirmatory,9316,2,0.75,0.125,feedback_only,balanced_contiguous_k2,balanced_contiguous,balanced,2,0.2987418407321983,0.25,0.487418407321983,64,64,16,fresh_iid,256,0.28433933073780726,0.29007237743606007
s9316_r2_n750_a125,confirmatory,9316,2,0.75,0.125,feedback_only,balanced_contiguous_k4,balanced_contiguous,balanced,4,0.5487418407321983,0.5,0.487418407321983,64,64,32,fresh_iid,256,0.284781964377934,0.29042920266939554
s9316_r2_n750_a125,confirmatory,9316,2,0.75,0.125,feedback_only,balanced_contiguous_k8,balanced_contiguous,balanced,8,1.0487418407321982,1.0,0.487418407321983,64,64,64,fresh_iid,256,0.28677966106594077,0.29219751314612535
s9316_r2_n750_a125,confirmatory,9316,2,0.75,0.125,feedback_only,balanced_interleaved_k1,balanced_interleaved,balanced,1,0.19088469787505546,0.125,0.6588469787505544,64,64,8,fresh_iid,256,0.5446112375294373,0.5394637754251439
s9316_r2_n750_a125,confirmatory,9316,2,0.75,0.125,feedback_only,balanced_interleaved_k2,balanced_interleaved,balanced,2,0.31588469787505546,0.25,0.6588469787505544,64,64,16,fresh_iid,256,0.45956670632955393,0.4572442437154351
s9316_r2_n750_a125,confirmatory,9316,2,0.75,0.125,feedback_only,balanced_interleaved_k4,balanced_interleaved,balanced,4,0.5658846978750555,0.5,0.6588469787505544,64,64,32,fresh_iid,256,0.28153035574242086,0.28878340289106263
s9316_r2_n750_a125,confirmatory,9316,2,0.75,0.125,feedback_only,balanced_interleaved_k8,balanced_interleaved,balanced,8,1.0658846978750554,1.0,0.6588469787505544,64,64,64,fresh_iid,256,0.28677966106594077,0.29219751314612535
s9316_r2_n750_a125,confirmatory,9316,2,0.75,0.125,feedback_only,balanced_permutation_a_k1,balanced_permutation_a,balanced,1,0.18899250811836066,0.125,0.6399250811836067,64,64,8,fresh_iid,256,0.5446112375294373,0.5394637754251439
s9316_r2_n750_a125,confirmatory,9316,2,0.75,0.125,feedback_only,balanced_permutation_a_k2,balanced_permutation_a,balanced,2,0.31399250811836066,0.25,0.6399250811836067,64,64,16,fresh_iid,256,0.5336409860061204,0.5288978810748446
s9316_r2_n750_a125,confirmatory,9316,2,0.75,0.125,feedback_only,balanced_permutation_a_k4,balanced_permutation_a,balanced,4,0.5639925081183607,0.5,0.6399250811836067,64,64,32,fresh_iid,256,0.36152149319507937,0.36317546639541914
s9316_r2_n750_a125,confirmatory,9316,2,0.75,0.125,feedback_only,balanced_permutation_a_k8,balanced_permutation_a,balanced,8,1.0639925081183608,1.0,0.6399250811836067,64,64,64,fresh_iid,256,0.28677966106594077,0.29219751314612535
s9316_r2_n750_a125,confirmatory,9316,2,0.75,0.125,feedback_only,balanced_permutation_b_k1,balanced_permutation_b,balanced,1,0.18840039778945986,0.125,0.6340039778945984,64,64,8,fresh_iid,256,0.5446112375294373,0.5394637754251439
s9316_r2_n750_a125,confirmatory,9316,2,0.75,0.125,feedback_only,balanced_permutation_b_k2,balanced_permutation_b,balanced,2,0.31340039778945983,0.25,0.6340039778945984,64,64,16,fresh_iid,256,0.300467738033846,0.3052323386811805
s9316_r2_n750_a125,confirmatory,9316,2,0.75,0.125,feedback_only,balanced_permutation_b_k4,balanced_permutation_b,balanced,4,0.5634003977894598,0.5,0.6340039778945984,64,64,32,fresh_iid,256,0.2819456500946435,0.2891080573258534
s9316_r2_n750_a125,confirmatory,9316,2,0.75,0.125,feedback_only,balanced_permutation_b_k8,balanced_permutation_b,balanced,8,1.06340039778946,1.0,0.6340039778945984,64,64,64,fresh_iid,256,0.28677966106594077,0.29219751314612535
s9316_r2_n750_a125,confirmatory,9316,2,0.75,0.125,feedback_only,comb_contiguous_k1,comb_contiguous,comb,1,0.225,0.125,1.0,64,64,8,fresh_iid,256,0.5446112375294373,0.5394637754251439
s9316_r2_n750_a125,confirmatory,9316,2,0.75,0.125,feedback_only,comb_contiguous_k2,comb_contiguous,comb,2,0.35,0.25,1.0,64,64,16,fresh_iid,256,0.4464972973020782,0.4445036684570447
s9316_r2_n750_a125,confirmatory,9316,2,0.75,0.125,feedback_only,comb_contiguous_k4,comb_contiguous,comb,4,0.6,0.5,1.0,64,64,32,fresh_iid,256,0.2810792669021868,0.2880498337536958
s9316_r2_n750_a125,confirmatory,9316,2,0.75,0.125,feedback_only,comb_contiguous_k8,comb_contiguous,comb,8,1.1,1.0,1.0,64,64,64,fresh_iid,256,0.28677966106594077,0.29219751314612535
s9316_r2_n750_a125,confirmatory,9316,2,0.75,0.125,joint_forward_feedback,balanced_contiguous_k1,balanced_contiguous,balanced,1,0.1737418407321983,0.125,0.487418407321983,64,64,8,fixed_cache,16,0.5436112696165081,0.5409202338476427
s9316_r2_n750_a125,confirmatory,9316,2,0.75,0.125,joint_forward_feedback,balanced_contiguous_k2,balanced_contiguous,balanced,2,0.2987418407321983,0.25,0.487418407321983,64,64,16,fixed_cache,16,0.3037233968729264,0.31063320473435097
s9316_r2_n750_a125,confirmatory,9316,2,0.75,0.125,joint_forward_feedback,balanced_contiguous_k4,balanced_contiguous,balanced,4,0.5487418407321983,0.5,0.487418407321983,64,64,32,fixed_cache,16,0.3005170721232804,0.30776013892502657
s9316_r2_n750_a125,confirmatory,9316,2,0.75,0.125,joint_forward_feedback,balanced_contiguous_k8,balanced_contiguous,balanced,8,1.0487418407321982,1.0,0.487418407321983,64,64,64,fixed_cache,16,0.29771199614993366,0.3050548179966314
s9316_r2_n750_a125,confirmatory,9316,2,0.75,0.125,joint_forward_feedback,balanced_interleaved_k1,balanced_interleaved,balanced,1,0.19088469787505546,0.125,0.6588469787505544,64,64,8,fixed_cache,16,0.5412629300226204,0.5384601859661944
s9316_r2_n750_a125,confirmatory,9316,2,0.75,0.125,joint_forward_feedback,balanced_interleaved_k2,balanced_interleaved,balanced,2,0.31588469787505546,0.25,0.6588469787505544,64,64,16,fixed_cache,16,0.5374956412630114,0.534871462132269
s9316_r2_n750_a125,confirmatory,9316,2,0.75,0.125,joint_forward_feedback,balanced_interleaved_k4,balanced_interleaved,balanced,4,0.5658846978750555,0.5,0.6588469787505544,64,64,32,fixed_cache,16,0.4901194961587871,0.48894683709056974
s9316_r2_n750_a125,confirmatory,9316,2,0.75,0.125,joint_forward_feedback,balanced_interleaved_k8,balanced_interleaved,balanced,8,1.0658846978750554,1.0,0.6588469787505544,64,64,64,fixed_cache,16,0.2976249524222877,0.304747581814121
s9316_r2_n750_a125,confirmatory,9316,2,0.75,0.125,joint_forward_feedback,balanced_permutation_a_k1,balanced_permutation_a,balanced,1,0.18899250811836066,0.125,0.6399250811836067,64,64,8,fixed_cache,16,0.5414886045988834,0.5386084051418474
s9316_r2_n750_a125,confirmatory,9316,2,0.75,0.125,joint_forward_feedback,balanced_permutation_a_k2,balanced_permutation_a,balanced,2,0.31399250811836066,0.25,0.6399250811836067,64,64,16,fixed_cache,16,0.5403558864742767,0.5375673630272526
s9316_r2_n750_a125,confirmatory,9316,2,0.75,0.125,joint_forward_feedback,balanced_permutation_a_k4,balanced_permutation_a,balanced,4,0.5639925081183607,0.5,0.6399250811836067,64,64,32,fixed_cache,16,0.5298282340855369,0.5274756294513772
s9316_r2_n750_a125,confirmatory,9316,2,0.75,0.125,joint_forward_feedback,balanced_permutation_a_k8,balanced_permutation_a,balanced,8,1.0639925081183608,1.0,0.6399250811836067,64,64,64,fixed_cache,16,0.30403528339798824,0.3106116425433031
s9316_r2_n750_a125,confirmatory,9316,2,0.75,0.125,joint_forward_feedback,balanced_permutation_b_k1,balanced_permutation_b,balanced,1,0.18840039778945986,0.125,0.6340039778945984,64,64,8,fixed_cache,16,0.5415634066205628,0.5385962718686814
s9316_r2_n750_a125,confirmatory,9316,2,0.75,0.125,joint_forward_feedback,balanced_permutation_b_k2,balanced_permutation_b,balanced,2,0.31340039778945983,0.25,0.6340039778945984,64,64,16,fixed_cache,16,0.5178547814780625,0.51492120547584
s9316_r2_n750_a125,confirmatory,9316,2,0.75,0.125,joint_forward_feedback,balanced_permutation_b_k4,balanced_permutation_b,balanced,4,0.5634003977894598,0.5,0.6340039778945984,64,64,32,fixed_cache,16,0.4889905407368717,0.48668704745513625
s9316_r2_n750_a125,confirmatory,9316,2,0.75,0.125,joint_forward_feedback,balanced_permutation_b_k8,balanced_permutation_b,balanced,8,1.06340039778946,1.0,0.6340039778945984,64,64,64,fixed_cache,16,0.30329436027558376,0.3097451305340833
s9316_r2_n750_a125,confirmatory,9316,2,0.75,0.125,joint_forward_feedback,comb_contiguous_k1,comb_contiguous,comb,1,0.225,0.125,1.0,64,64,8,fixed_cache,16,0.5395127017076593,0.5376949363181764
s9316_r2_n750_a125,confirmatory,9316,2,0.75,0.125,joint_forward_feedback,comb_contiguous_k2,comb_contiguous,comb,2,0.35,0.25,1.0,64,64,16,fixed_cache,16,0.5361234156856833,0.5343524297757285
s9316_r2_n750_a125,confirmatory,9316,2,0.75,0.125,joint_forward_feedback,comb_contiguous_k4,comb_contiguous,comb,4,0.6,0.5,1.0,64,64,32,fixed_cache,16,0.32661119919176407,0.3328707062225438
s9316_r2_n750_a125,confirmatory,9316,2,0.75,0.125,joint_forward_feedback,comb_contiguous_k8,comb_contiguous,comb,8,1.1,1.0,1.0,64,64,64,fixed_cache,16,0.2870179006633705,0.2956971012041977
s9316_r2_n750_a125,confirmatory,9316,2,0.75,0.125,joint_forward_feedback,balanced_contiguous_k1,balanced_contiguous,balanced,1,0.1737418407321983,0.125,0.487418407321983,64,64,8,fixed_cache,64,0.5393566284343136,0.5352913242637154
s9316_r2_n750_a125,confirmatory,9316,2,0.75,0.125,joint_forward_feedback,balanced_contiguous_k2,balanced_contiguous,balanced,2,0.2987418407321983,0.25,0.487418407321983,64,64,16,fixed_cache,64,0.2824993874736996,0.2929867064103055
s9316_r2_n750_a125,confirmatory,9316,2,0.75,0.125,joint_forward_feedback,balanced_contiguous_k4,balanced_contiguous,balanced,4,0.5487418407321983,0.5,0.487418407321983,64,64,32,fixed_cache,64,0.28296031095591295,0.29350691828268394
s9316_r2_n750_a125,confirmatory,9316,2,0.75,0.125,joint_forward_feedback,balanced_contiguous_k8,balanced_contiguous,balanced,8,1.0487418407321982,1.0,0.487418407321983,64,64,64,fixed_cache,64,0.28322965740290496,0.293872324930732
s9316_r2_n750_a125,confirmatory,9316,2,0.75,0.125,joint_forward_feedback,balanced_interleaved_k1,balanced_interleaved,balanced,1,0.19088469787505546,0.125,0.6588469787505544,64,64,8,fixed_cache,64,0.5392727777500717,0.5352569340690212
s9316_r2_n750_a125,confirmatory,9316,2,0.75,0.125,joint_forward_feedback,balanced_interleaved_k2,balanced_interleaved,balanced,2,0.31588469787505546,0.25,0.6588469787505544,64,64,16,fixed_cache,64,0.5234410083199703,0.5199577434295021
s9316_r2_n750_a125,confirmatory,9316,2,0.75,0.125,joint_forward_feedback,balanced_interleaved_k4,balanced_interleaved,balanced,4,0.5658846978750555,0.5,0.6588469787505544,64,64,32,fixed_cache,64,0.37801349473878976,0.3798153281398826
s9316_r2_n750_a125,confirmatory,9316,2,0.75,0.125,joint_forward_feedback,balanced_interleaved_k8,balanced_interleaved,balanced,8,1.0658846978750554,1.0,0.6588469787505544,64,64,64,fixed_cache,64,0.2826679733100054,0.29335965357796073
s9316_r2_n750_a125,confirmatory,9316,2,0.75,0.125,joint_forward_feedback,balanced_permutation_a_k1,balanced_permutation_a,balanced,1,0.18899250811836066,0.125,0.6399250811836067,64,64,8,fixed_cache,64,0.5392786962090437,0.5351984479948382
s9316_r2_n750_a125,confirmatory,9316,2,0.75,0.125,joint_forward_feedback,balanced_permutation_a_k2,balanced_permutation_a,balanced,2,0.31399250811836066,0.25,0.6399250811836067,64,64,16,fixed_cache,64,0.5361407523011261,0.5322373781196426
s9316_r2_n750_a125,confirmatory,9316,2,0.75,0.125,joint_forward_feedback,balanced_permutation_a_k4,balanced_permutation_a,balanced,4,0.5639925081183607,0.5,0.6399250811836067,64,64,32,fixed_cache,64,0.4946868763785395,0.49221222150186167
s9316_r2_n750_a125,confirmatory,9316,2,0.75,0.125,joint_forward_feedback,balanced_permutation_a_k8,balanced_permutation_a,balanced,8,1.0639925081183608,1.0,0.6399250811836067,64,64,64,fixed_cache,64,0.28166209419517946,0.29217879002177816
s9316_r2_n750_a125,confirmatory,9316,2,0.75,0.125,joint_forward_feedback,balanced_permutation_b_k1,balanced_permutation_b,balanced,1,0.18840039778945986,0.125,0.6340039778945984,64,64,8,fixed_cache,64,0.5392713138931825,0.535136151339396
s9316_r2_n750_a125,confirmatory,9316,2,0.75,0.125,joint_forward_feedback,balanced_permutation_b_k2,balanced_permutation_b,balanced,2,0.31340039778945983,0.25,0.6340039778945984,64,64,16,fixed_cache,64,0.4458174403490094,0.44444803484654005
s9316_r2_n750_a125,confirmatory,9316,2,0.75,0.125,joint_forward_feedback,balanced_permutation_b_k4,balanced_permutation_b,balanced,4,0.5634003977894598,0.5,0.6340039778945984,64,64,32,fixed_cache,64,0.36983624761468903,0.37156234636935337
s9316_r2_n750_a125,confirmatory,9316,2,0.75,0.125,joint_forward_feedback,balanced_permutation_b_k8,balanced_permutation_b,balanced,8,1.06340039778946,1.0,0.6340039778945984,64,64,64,fixed_cache,64,0.28192939326784006,0.2925959467670034
s9316_r2_n750_a125,confirmatory,9316,2,0.75,0.125,joint_forward_feedback,comb_contiguous_k1,comb_contiguous,comb,1,0.225,0.125,1.0,64,64,8,fixed_cache,64,0.5392949669587314,0.536071319549946
s9316_r2_n750_a125,confirmatory,9316,2,0.75,0.125,joint_forward_feedback,comb_contiguous_k2,comb_contiguous,comb,2,0.35,0.25,1.0,64,64,16,fixed_cache,64,0.5244408133995982,0.5216068416195565
s9316_r2_n750_a125,confirmatory,9316,2,0.75,0.125,joint_forward_feedback,comb_contiguous_k4,comb_contiguous,comb,4,0.6,0.5,1.0,64,64,32,fixed_cache,64,0.28082010952151837,0.2906233117034337
s9316_r2_n750_a125,confirmatory,9316,2,0.75,0.125,joint_forward_feedback,comb_contiguous_k8,comb_contiguous,comb,8,1.1,1.0,1.0,64,64,64,fixed_cache,64,0.2856717443263942,0.29666036986640293
s9316_r2_n750_a125,confirmatory,9316,2,0.75,0.125,joint_forward_feedback,balanced_contiguous_k1,balanced_contiguous,balanced,1,0.1737418407321983,0.125,0.487418407321983,64,64,8,fixed_cache,256,0.5403508033959061,0.5377029750644282
s9316_r2_n750_a125,confirmatory,9316,2,0.75,0.125,joint_forward_feedback,balanced_contiguous_k2,balanced_contiguous,balanced,2,0.2987418407321983,0.25,0.487418407321983,64,64,16,fixed_cache,256,0.2877231691863218,0.29944008609710204
s9316_r2_n750_a125,confirmatory,9316,2,0.75,0.125,joint_forward_feedback,balanced_contiguous_k4,balanced_contiguous,balanced,4,0.5487418407321983,0.5,0.487418407321983,64,64,32,fixed_cache,256,0.2880676887292152,0.29982035364408816
s9316_r2_n750_a125,confirmatory,9316,2,0.75,0.125,joint_forward_feedback,balanced_contiguous_k8,balanced_contiguous,balanced,8,1.0487418407321982,1.0,0.487418407321983,64,64,64,fixed_cache,256,0.28859178696622534,0.30040168380898447
s9316_r2_n750_a125,confirmatory,9316,2,0.75,0.125,joint_forward_feedback,balanced_interleaved_k1,balanced_interleaved,balanced,1,0.19088469787505546,0.125,0.6588469787505544,64,64,8,fixed_cache,256,0.5410227213359039,0.538422569997577
s9316_r2_n750_a125,confirmatory,9316,2,0.75,0.125,joint_forward_feedback,balanced_interleaved_k2,balanced_interleaved,balanced,2,0.31588469787505546,0.25,0.6588469787505544,64,64,16,fixed_cache,256,0.4846612175431525,0.4838990173087637
s9316_r2_n750_a125,confirmatory,9316,2,0.75,0.125,joint_forward_feedback,balanced_interleaved_k4,balanced_interleaved,balanced,4,0.5658846978750555,0.5,0.6588469787505544,64,64,32,fixed_cache,256,0.2846227921956118,0.29358592057399435
s9316_r2_n750_a125,confirmatory,9316,2,0.75,0.125,joint_forward_feedback,balanced_interleaved_k8,balanced_interleaved,balanced,8,1.0658846978750554,1.0,0.6588469787505544,64,64,64,fixed_cache,256,0.2890219925209627,0.3008059604044565
s9316_r2_n750_a125,confirmatory,9316,2,0.75,0.125,joint_forward_feedback,balanced_permutation_a_k1,balanced_permutation_a,balanced,1,0.18899250811836066,0.125,0.6399250811836067,64,64,8,fixed_cache,256,0.54104086599779,0.5383529328778033
s9316_r2_n750_a125,confirmatory,9316,2,0.75,0.125,joint_forward_feedback,balanced_permutation_a_k2,balanced_permutation_a,balanced,2,0.31399250811836066,0.25,0.6399250811836067,64,64,16,fixed_cache,256,0.5292724069185727,0.5270513234448074
s9316_r2_n750_a125,confirmatory,9316,2,0.75,0.125,joint_forward_feedback,balanced_permutation_a_k4,balanced_permutation_a,balanced,4,0.5639925081183607,0.5,0.6399250811836067,64,64,32,fixed_cache,256,0.4061255374826213,0.4082435778515645
s9316_r2_n750_a125,confirmatory,9316,2,0.75,0.125,joint_forward_feedback,balanced_permutation_a_k8,balanced_permutation_a,balanced,8,1.0639925081183608,1.0,0.6399250811836067,64,64,64,fixed_cache,256,0.28816369048100565,0.2998193099167005
s9316_r2_n750_a125,confirmatory,9316,2,0.75,0.125,joint_forward_feedback,balanced_permutation_b_k1,balanced_permutation_b,balanced,1,0.18840039778945986,0.125,0.6340039778945984,64,64,8,fixed_cache,256,0.5411345685726721,0.5383661559785022
s9316_r2_n750_a125,confirmatory,9316,2,0.75,0.125,joint_forward_feedback,balanced_permutation_b_k2,balanced_permutation_b,balanced,2,0.31340039778945983,0.25,0.6340039778945984,64,64,16,fixed_cache,256,0.32647948350371636,0.3319224742401585
s9316_r2_n750_a125,confirmatory,9316,2,0.75,0.125,joint_forward_feedback,balanced_permutation_b_k4,balanced_permutation_b,balanced,4,0.5634003977894598,0.5,0.6340039778945984,64,64,32,fixed_cache,256,0.28370333735268444,0.2929253075106653
s9316_r2_n750_a125,confirmatory,9316,2,0.75,0.125,joint_forward_feedback,balanced_permutation_b_k8,balanced_permutation_b,balanced,8,1.06340039778946,1.0,0.6340039778945984,64,64,64,fixed_cache,256,0.28872453238719903,0.30050013942292847
s9316_r2_n750_a125,confirmatory,9316,2,0.75,0.125,joint_forward_feedback,comb_contiguous_k1,comb_contiguous,comb,1,0.225,0.125,1.0,64,64,8,fixed_cache,256,0.5405944755230594,0.5390391175015856
s9316_r2_n750_a125,confirmatory,9316,2,0.75,0.125,joint_forward_feedback,comb_contiguous_k2,comb_contiguous,comb,2,0.35,0.25,1.0,64,64,16,fixed_cache,256,0.4874012467279811,0.4873303408509567
s9316_r2_n750_a125,confirmatory,9316,2,0.75,0.125,joint_forward_feedback,comb_contiguous_k4,comb_contiguous,comb,4,0.6,0.5,1.0,64,64,32,fixed_cache,256,0.28515091861607567,0.296314993258697
s9316_r2_n750_a125,confirmatory,9316,2,0.75,0.125,joint_forward_feedback,comb_contiguous_k8,comb_contiguous,comb,8,1.1,1.0,1.0,64,64,64,fixed_cache,256,0.2910502032548635,0.3029791934982889
s9316_r2_n750_a125,confirmatory,9316,2,0.75,0.125,joint_forward_feedback,balanced_contiguous_k1,balanced_contiguous,balanced,1,0.1737418407321983,0.125,0.487418407321983,64,64,8,fresh_iid,16,0.5476830177010488,0.545087704763539
s9316_r2_n750_a125,confirmatory,9316,2,0.75,0.125,joint_forward_feedback,balanced_contiguous_k2,balanced_contiguous,balanced,2,0.2987418407321983,0.25,0.487418407321983,64,64,16,fresh_iid,16,0.3097035651510985,0.31477507882180084
s9316_r2_n750_a125,confirmatory,9316,2,0.75,0.125,joint_forward_feedback,balanced_contiguous_k4,balanced_contiguous,balanced,4,0.5487418407321983,0.5,0.487418407321983,64,64,32,fresh_iid,16,0.3070503305236465,0.3123723769967126
s9316_r2_n750_a125,confirmatory,9316,2,0.75,0.125,joint_forward_feedback,balanced_contiguous_k8,balanced_contiguous,balanced,8,1.0487418407321982,1.0,0.487418407321983,64,64,64,fresh_iid,16,0.30417445189385517,0.30954537389677894
s9316_r2_n750_a125,confirmatory,9316,2,0.75,0.125,joint_forward_feedback,balanced_interleaved_k1,balanced_interleaved,balanced,1,0.19088469787505546,0.125,0.6588469787505544,64,64,8,fresh_iid,16,0.5443864387550125,0.5416949943609061
s9316_r2_n750_a125,confirmatory,9316,2,0.75,0.125,joint_forward_feedback,balanced_interleaved_k2,balanced_interleaved,balanced,2,0.31588469787505546,0.25,0.6588469787505544,64,64,16,fresh_iid,16,0.5403272169869635,0.5378056007438199
s9316_r2_n750_a125,confirmatory,9316,2,0.75,0.125,joint_forward_feedback,balanced_interleaved_k4,balanced_interleaved,balanced,4,0.5658846978750555,0.5,0.6588469787505544,64,64,32,fresh_iid,16,0.489879716089195,0.4887610148137895
s9316_r2_n750_a125,confirmatory,9316,2,0.75,0.125,joint_forward_feedback,balanced_interleaved_k8,balanced_interleaved,balanced,8,1.0658846978750554,1.0,0.6588469787505544,64,64,64,fresh_iid,16,0.30305517457841646,0.30823324879427544
s9316_r2_n750_a125,confirmatory,9316,2,0.75,0.125,joint_forward_feedback,balanced_permutation_a_k1,balanced_permutation_a,balanced,1,0.18899250811836066,0.125,0.6399250811836067,64,64,8,fresh_iid,16,0.5446586312124282,0.5419002527445804
s9316_r2_n750_a125,confirmatory,9316,2,0.75,0.125,joint_forward_feedback,balanced_permutation_a_k2,balanced_permutation_a,balanced,2,0.31399250811836066,0.25,0.6399250811836067,64,64,16,fresh_iid,16,0.5433163378679039,0.5406397306351582
s9316_r2_n750_a125,confirmatory,9316,2,0.75,0.125,joint_forward_feedback,balanced_permutation_a_k4,balanced_permutation_a,balanced,4,0.5639925081183607,0.5,0.6399250811836067,64,64,32,fresh_iid,16,0.5318872166918124,0.5296276423558635
s9316_r2_n750_a125,confirmatory,9316,2,0.75,0.125,joint_forward_feedback,balanced_permutation_a_k8,balanced_permutation_a,balanced,8,1.0639925081183608,1.0,0.6399250811836067,64,64,64,fresh_iid,16,0.30831036244350873,0.31311730376889113
s9316_r2_n750_a125,confirmatory,9316,2,0.75,0.125,joint_forward_feedback,balanced_permutation_b_k1,balanced_permutation_b,balanced,1,0.18840039778945986,0.125,0.6340039778945984,64,64,8,fresh_iid,16,0.5447004069577182,0.5418664707298699
s9316_r2_n750_a125,confirmatory,9316,2,0.75,0.125,joint_forward_feedback,balanced_permutation_b_k2,balanced_permutation_b,balanced,2,0.31340039778945983,0.25,0.6340039778945984,64,64,16,fresh_iid,16,0.5187144372682573,0.5159928028379356
s9316_r2_n750_a125,confirmatory,9316,2,0.75,0.125,joint_forward_feedback,balanced_permutation_b_k4,balanced_permutation_b,balanced,4,0.5634003977894598,0.5,0.6340039778945984,64,64,32,fresh_iid,16,0.4877559131302106,0.4856480582822934
s9316_r2_n750_a125,confirmatory,9316,2,0.75,0.125,joint_forward_feedback,balanced_permutation_b_k8,balanced_permutation_b,balanced,8,1.06340039778946,1.0,0.6340039778945984,64,64,64,fresh_iid,16,0.30761016074121705,0.31223686261460387
s9316_r2_n750_a125,confirmatory,9316,2,0.75,0.125,joint_forward_feedback,comb_contiguous_k1,comb_contiguous,comb,1,0.225,0.125,1.0,64,64,8,fresh_iid,16,0.5424308042076533,0.5405856054921541
s9316_r2_n750_a125,confirmatory,9316,2,0.75,0.125,joint_forward_feedback,comb_contiguous_k2,comb_contiguous,comb,2,0.35,0.25,1.0,64,64,16,fresh_iid,16,0.5388015083396136,0.5370113534932577
s9316_r2_n750_a125,confirmatory,9316,2,0.75,0.125,joint_forward_feedback,comb_contiguous_k4,comb_contiguous,comb,4,0.6,0.5,1.0,64,64,32,fresh_iid,16,0.3301927119129603,0.3350135758250577
s9316_r2_n750_a125,confirmatory,9316,2,0.75,0.125,joint_forward_feedback,comb_contiguous_k8,comb_contiguous,comb,8,1.1,1.0,1.0,64,64,64,fresh_iid,16,0.2950331400062699,0.30142360129483703
s9316_r2_n750_a125,confirmatory,9316,2,0.75,0.125,joint_forward_feedback,balanced_contiguous_k1,balanced_contiguous,balanced,1,0.1737418407321983,0.125,0.487418407321983,64,64,8,fresh_iid,64,0.5443295541983113,0.5401589265961539
s9316_r2_n750_a125,confirmatory,9316,2,0.75,0.125,joint_forward_feedback,balanced_contiguous_k2,balanced_contiguous,balanced,2,0.2987418407321983,0.25,0.487418407321983,64,64,16,fresh_iid,64,0.28497921895430767,0.2912712762132992
s9316_r2_n750_a125,confirmatory,9316,2,0.75,0.125,joint_forward_feedback,balanced_contiguous_k4,balanced_contiguous,balanced,4,0.5487418407321983,0.5,0.487418407321983,64,64,32,fresh_iid,64,0.2855039163026738,0.2917370417048181
s9316_r2_n750_a125,confirmatory,9316,2,0.75,0.125,joint_forward_feedback,balanced_contiguous_k8,balanced_contiguous,balanced,8,1.0487418407321982,1.0,0.487418407321983,64,64,64,fresh_iid,64,0.28600902720023524,0.29225965078900407
s9316_r2_n750_a125,confirmatory,9316,2,0.75,0.125,joint_forward_feedback,balanced_interleaved_k1,balanced_interleaved,balanced,1,0.19088469787505546,0.125,0.6588469787505544,64,64,8,fresh_iid,64,0.5460026669299214,0.5418402490957878
s9316_r2_n750_a125,confirmatory,9316,2,0.75,0.125,joint_forward_feedback,balanced_interleaved_k2,balanced_interleaved,balanced,2,0.31588469787505546,0.25,0.6588469787505544,64,64,16,fresh_iid,64,0.531609124072225,0.5278915059152491
s9316_r2_n750_a125,confirmatory,9316,2,0.75,0.125,joint_forward_feedback,balanced_interleaved_k4,balanced_interleaved,balanced,4,0.5658846978750555,0.5,0.6588469787505544,64,64,32,fresh_iid,64,0.39384483019145883,0.3945156198896887
s9316_r2_n750_a125,confirmatory,9316,2,0.75,0.125,joint_forward_feedback,balanced_interleaved_k8,balanced_interleaved,balanced,8,1.0658846978750554,1.0,0.6588469787505544,64,64,64,fresh_iid,64,0.28706995674730784,0.2933876515812518
s9316_r2_n750_a125,confirmatory,9316,2,0.75,0.125,joint_forward_feedback,balanced_permutation_a_k1,balanced_permutation_a,balanced,1,0.18899250811836066,0.125,0.6399250811836067,64,64,8,fresh_iid,64,0.5457033818558891,0.5415062778877514
s9316_r2_n750_a125,confirmatory,9316,2,0.75,0.125,joint_forward_feedback,balanced_permutation_a_k2,balanced_permutation_a,balanced,2,0.31399250811836066,0.25,0.6399250811836067,64,64,16,fresh_iid,64,0.5434566919794748,0.5393822343927497
s9316_r2_n750_a125,confirmatory,9316,2,0.75,0.125,joint_forward_feedback,balanced_permutation_a_k4,balanced_permutation_a,balanced,4,0.5639925081183607,0.5,0.6399250811836067,64,64,32,fresh_iid,64,0.506077050053865,0.5031786958780379
s9316_r2_n750_a125,confirmatory,9316,2,0.75,0.125,joint_forward_feedback,balanced_permutation_a_k8,balanced_permutation_a,balanced,8,1.0639925081183608,1.0,0.6399250811836067,64,64,64,fresh_iid,64,0.28653491227803674,0.29289561662144387
s9316_r2_n750_a125,confirmatory,9316,2,0.75,0.125,joint_forward_feedback,balanced_permutation_b_k1,balanced_permutation_b,balanced,1,0.18840039778945986,0.125,0.6340039778945984,64,64,8,fresh_iid,64,0.5455925713490271,0.541363343735344
s9316_r2_n750_a125,confirmatory,9316,2,0.75,0.125,joint_forward_feedback,balanced_permutation_b_k2,balanced_permutation_b,balanced,2,0.31340039778945983,0.25,0.6340039778945984,64,64,16,fresh_iid,64,0.4586411018004651,0.4568254682242404
s9316_r2_n750_a125,confirmatory,9316,2,0.75,0.125,joint_forward_feedback,balanced_permutation_b_k4,balanced_permutation_b,balanced,4,0.5634003977894598,0.5,0.6340039778945984,64,64,32,fresh_iid,64,0.3858644052786119,0.3865505895666996
s9316_r2_n750_a125,confirmatory,9316,2,0.75,0.125,joint_forward_feedback,balanced_permutation_b_k8,balanced_permutation_b,balanced,8,1.06340039778946,1.0,0.6340039778945984,64,64,64,fresh_iid,64,0.2861509055496251,0.29265459588538273
s9316_r2_n750_a125,confirmatory,9316,2,0.75,0.125,joint_forward_feedback,comb_contiguous_k1,comb_contiguous,comb,1,0.225,0.125,1.0,64,64,8,fresh_iid,64,0.5489578374420376,0.545174132983639
s9316_r2_n750_a125,confirmatory,9316,2,0.75,0.125,joint_forward_feedback,comb_contiguous_k2,comb_contiguous,comb,2,0.35,0.25,1.0,64,64,16,fresh_iid,64,0.5350230318609475,0.5316017738757268
s9316_r2_n750_a125,confirmatory,9316,2,0.75,0.125,joint_forward_feedback,comb_contiguous_k4,comb_contiguous,comb,4,0.6,0.5,1.0,64,64,32,fresh_iid,64,0.2877075563487845,0.2936691931712853
s9316_r2_n750_a125,confirmatory,9316,2,0.75,0.125,joint_forward_feedback,comb_contiguous_k8,comb_contiguous,comb,8,1.1,1.0,1.0,64,64,64,fresh_iid,64,0.29084276034923545,0.29667737824057455
s9316_r2_n750_a125,confirmatory,9316,2,0.75,0.125,joint_forward_feedback,balanced_contiguous_k1,balanced_contiguous,balanced,1,0.1737418407321983,0.125,0.487418407321983,64,64,8,fresh_iid,256,0.5393206377781234,0.534527600150194
s9316_r2_n750_a125,confirmatory,9316,2,0.75,0.125,joint_forward_feedback,balanced_contiguous_k2,balanced_contiguous,balanced,2,0.2987418407321983,0.25,0.487418407321983,64,64,16,fresh_iid,256,0.27736916801821265,0.284497943856145
s9316_r2_n750_a125,confirmatory,9316,2,0.75,0.125,joint_forward_feedback,balanced_contiguous_k4,balanced_contiguous,balanced,4,0.5487418407321983,0.5,0.487418407321983,64,64,32,fresh_iid,256,0.2774872865900116,0.284554992189576
s9316_r2_n750_a125,confirmatory,9316,2,0.75,0.125,joint_forward_feedback,balanced_contiguous_k8,balanced_contiguous,balanced,8,1.0487418407321982,1.0,0.487418407321983,64,64,64,fresh_iid,256,0.2778831252504098,0.28485540487266264
s9316_r2_n750_a125,confirmatory,9316,2,0.75,0.125,joint_forward_feedback,balanced_interleaved_k1,balanced_interleaved,balanced,1,0.19088469787505546,0.125,0.6588469787505544,64,64,8,fresh_iid,256,0.5403169186077474,0.5354151380784736
s9316_r2_n750_a125,confirmatory,9316,2,0.75,0.125,joint_forward_feedback,balanced_interleaved_k2,balanced_interleaved,balanced,2,0.31588469787505546,0.25,0.6588469787505544,64,64,16,fresh_iid,256,0.48409111092976487,0.4810348698585164
s9316_r2_n750_a125,confirmatory,9316,2,0.75,0.125,joint_forward_feedback,balanced_interleaved_k4,balanced_interleaved,balanced,4,0.5658846978750555,0.5,0.6588469787505544,64,64,32,fresh_iid,256,0.2847324842466581,0.29103105579566696
s9316_r2_n750_a125,confirmatory,9316,2,0.75,0.125,joint_forward_feedback,balanced_interleaved_k8,balanced_interleaved,balanced,8,1.0658846978750554,1.0,0.6588469787505544,64,64,64,fresh_iid,256,0.2788409043308503,0.28577531441578297
s9316_r2_n750_a125,confirmatory,9316,2,0.75,0.125,joint_forward_feedback,balanced_permutation_a_k1,balanced_permutation_a,balanced,1,0.18899250811836066,0.125,0.6399250811836067,64,64,8,fresh_iid,256,0.5402892421155956,0.5353152191046728
s9316_r2_n750_a125,confirmatory,9316,2,0.75,0.125,joint_forward_feedback,balanced_permutation_a_k2,balanced_permutation_a,balanced,2,0.31399250811836066,0.25,0.6399250811836067,64,64,16,fresh_iid,256,0.5286474472033051,0.5241048414500177
s9316_r2_n750_a125,confirmatory,9316,2,0.75,0.125,joint_forward_feedback,balanced_permutation_a_k4,balanced_permutation_a,balanced,4,0.5639925081183607,0.5,0.6399250811836067,64,64,32,fresh_iid,256,0.40611834113196965,0.4058639506722695
s9316_r2_n750_a125,confirmatory,9316,2,0.75,0.125,joint_forward_feedback,balanced_permutation_a_k8,balanced_permutation_a,balanced,8,1.0639925081183608,1.0,0.6399250811836067,64,64,64,fresh_iid,256,0.2786439135450308,0.28574231114932724
s9316_r2_n750_a125,confirmatory,9316,2,0.75,0.125,joint_forward_feedback,balanced_permutation_b_k1,balanced_permutation_b,balanced,1,0.18840039778945986,0.125,0.6340039778945984,64,64,8,fresh_iid,256,0.5403750178325495,0.5353206731216462
s9316_r2_n750_a125,confirmatory,9316,2,0.75,0.125,joint_forward_feedback,balanced_permutation_b_k2,balanced_permutation_b,balanced,2,0.31340039778945983,0.25,0.6340039778945984,64,64,16,fresh_iid,256,0.3275562264759573,0.3303840002553433
s9316_r2_n750_a125,confirmatory,9316,2,0.75,0.125,joint_forward_feedback,balanced_permutation_b_k4,balanced_permutation_b,balanced,4,0.5634003977894598,0.5,0.6340039778945984,64,64,32,fresh_iid,256,0.2835976413987983,0.2898484096878164
s9316_r2_n750_a125,confirmatory,9316,2,0.75,0.125,joint_forward_feedback,balanced_permutation_b_k8,balanced_permutation_b,balanced,8,1.06340039778946,1.0,0.6340039778945984,64,64,64,fresh_iid,256,0.27901747131669535,0.28598526351214487
s9316_r2_n750_a125,confirmatory,9316,2,0.75,0.125,joint_forward_feedback,comb_contiguous_k1,comb_contiguous,comb,1,0.225,0.125,1.0,64,64,8,fresh_iid,256,0.5400336659685134,0.5361171107050307
s9316_r2_n750_a125,confirmatory,9316,2,0.75,0.125,joint_forward_feedback,comb_contiguous_k2,comb_contiguous,comb,2,0.35,0.25,1.0,64,64,16,fresh_iid,256,0.4866737328702787,0.48428828277433233
s9316_r2_n750_a125,confirmatory,9316,2,0.75,0.125,joint_forward_feedback,comb_contiguous_k4,comb_contiguous,comb,4,0.6,0.5,1.0,64,64,32,fresh_iid,256,0.2777298363052828,0.2853162779290233
s9316_r2_n750_a125,confirmatory,9316,2,0.75,0.125,joint_forward_feedback,comb_contiguous_k8,comb_contiguous,comb,8,1.1,1.0,1.0,64,64,64,fresh_iid,256,0.27951225703712645,0.28611294153978006
s9316_r2_n750_a375,confirmatory,9316,2,0.75,0.375,feedback_only,balanced_contiguous_k1,balanced_contiguous,balanced,1,0.1737418407321983,0.125,0.487418407321983,64,64,8,fixed_cache,16,0.5733206101180048,0.5645062958719546
s9316_r2_n750_a375,confirmatory,9316,2,0.75,0.375,feedback_only,balanced_contiguous_k2,balanced_contiguous,balanced,2,0.2987418407321983,0.25,0.487418407321983,64,64,16,fixed_cache,16,0.3587620517435116,0.3580111278502593
s9316_r2_n750_a375,confirmatory,9316,2,0.75,0.375,feedback_only,balanced_contiguous_k4,balanced_contiguous,balanced,4,0.5487418407321983,0.5,0.487418407321983,64,64,32,fixed_cache,16,0.31642854751989324,0.32116123704931393
s9316_r2_n750_a375,confirmatory,9316,2,0.75,0.375,feedback_only,balanced_contiguous_k8,balanced_contiguous,balanced,8,1.0487418407321982,1.0,0.487418407321983,64,64,64,fixed_cache,16,0.28921788592438,0.2984492148693615
s9316_r2_n750_a375,confirmatory,9316,2,0.75,0.375,feedback_only,balanced_interleaved_k1,balanced_interleaved,balanced,1,0.19088469787505546,0.125,0.6588469787505544,64,64,8,fixed_cache,16,0.5733206101180048,0.5645062958719546
s9316_r2_n750_a375,confirmatory,9316,2,0.75,0.375,feedback_only,balanced_interleaved_k2,balanced_interleaved,balanced,2,0.31588469787505546,0.25,0.6588469787505544,64,64,16,fixed_cache,16,0.5608672564106858,0.5532326078077181
s9316_r2_n750_a375,confirmatory,9316,2,0.75,0.375,feedback_only,balanced_interleaved_k4,balanced_interleaved,balanced,4,0.5658846978750555,0.5,0.6588469787505544,64,64,32,fixed_cache,16,0.34715972801340145,0.3501660733846971
s9316_r2_n750_a375,confirmatory,9316,2,0.75,0.375,feedback_only,balanced_interleaved_k8,balanced_interleaved,balanced,8,1.0658846978750554,1.0,0.6588469787505544,64,64,64,fixed_cache,16,0.28921788592438,0.2984492148693615
s9316_r2_n750_a375,confirmatory,9316,2,0.75,0.375,feedback_only,balanced_permutation_a_k1,balanced_permutation_a,balanced,1,0.18899250811836066,0.125,0.6399250811836067,64,64,8,fixed_cache,16,0.5733206101180048,0.5645062958719546
s9316_r2_n750_a375,confirmatory,9316,2,0.75,0.375,feedback_only,balanced_permutation_a_k2,balanced_permutation_a,balanced,2,0.31399250811836066,0.25,0.6399250811836067,64,64,16,fixed_cache,16,0.5197192662492148,0.5105202691985213
s9316_r2_n750_a375,confirmatory,9316,2,0.75,0.375,feedback_only,balanced_permutation_a_k4,balanced_permutation_a,balanced,4,0.5639925081183607,0.5,0.6399250811836067,64,64,32,fixed_cache,16,0.4523079121802005,0.4459284057313969
s9316_r2_n750_a375,confirmatory,9316,2,0.75,0.375,feedback_only,balanced_permutation_a_k8,balanced_permutation_a,balanced,8,1.0639925081183608,1.0,0.6399250811836067,64,64,64,fixed_cache,16,0.28921788592438,0.2984492148693615
s9316_r2_n750_a375,confirmatory,9316,2,0.75,0.375,feedback_only,balanced_permutation_b_k1,balanced_permutation_b,balanced,1,0.18840039778945986,0.125,0.6340039778945984,64,64,8,fixed_cache,16,0.5733206101180048,0.5645062958719546
s9316_r2_n750_a375,confirmatory,9316,2,0.75,0.375,feedback_only,balanced_permutation_b_k2,balanced_permutation_b,balanced,2,0.31340039778945983,0.25,0.6340039778945984,64,64,16,fixed_cache,16,0.34524468569969324,0.3441387048160812
s9316_r2_n750_a375,confirmatory,9316,2,0.75,0.375,feedback_only,balanced_permutation_b_k4,balanced_permutation_b,balanced,4,0.5634003977894598,0.5,0.6340039778945984,64,64,32,fixed_cache,16,0.3084361537270505,0.31290073314432276
s9316_r2_n750_a375,confirmatory,9316,2,0.75,0.375,feedback_only,balanced_permutation_b_k8,balanced_permutation_b,balanced,8,1.06340039778946,1.0,0.6340039778945984,64,64,64,fixed_cache,16,0.28921788592438,0.2984492148693615
s9316_r2_n750_a375,confirmatory,9316,2,0.75,0.375,feedback_only,comb_contiguous_k1,comb_contiguous,comb,1,0.225,0.125,1.0,64,64,8,fixed_cache,16,0.5733206101180048,0.5645062958719546
s9316_r2_n750_a375,confirmatory,9316,2,0.75,0.375,feedback_only,comb_contiguous_k2,comb_contiguous,comb,2,0.35,0.25,1.0,64,64,16,fixed_cache,16,0.4920033932149891,0.49127499685917453
s9316_r2_n750_a375,confirmatory,9316,2,0.75,0.375,feedback_only,comb_contiguous_k4,comb_contiguous,comb,4,0.6,0.5,1.0,64,64,32,fixed_cache,16,0.40702432801764743,0.4096410501562382
s9316_r2_n750_a375,confirmatory,9316,2,0.75,0.375,feedback_only,comb_contiguous_k8,comb_contiguous,comb,8,1.1,1.0,1.0,64,64,64,fixed_cache,16,0.28921788592438,0.2984492148693615
s9316_r2_n750_a375,confirmatory,9316,2,0.75,0.375,feedback_only,balanced_contiguous_k1,balanced_contiguous,balanced,1,0.1737418407321983,0.125,0.487418407321983,64,64,8,fixed_cache,64,0.5480252496286326,0.5395010074398902
s9316_r2_n750_a375,confirmatory,9316,2,0.75,0.375,feedback_only,balanced_contiguous_k2,balanced_contiguous,balanced,2,0.2987418407321983,0.25,0.487418407321983,64,64,16,fixed_cache,64,0.2808112250396231,0.2901048207684247
s9316_r2_n750_a375,confirmatory,9316,2,0.75,0.375,feedback_only,balanced_contiguous_k4,balanced_contiguous,balanced,4,0.5487418407321983,0.5,0.487418407321983,64,64,32,fixed_cache,64,0.2860129726959635,0.2962364750701215
s9316_r2_n750_a375,confirmatory,9316,2,0.75,0.375,feedback_only,balanced_contiguous_k8,balanced_contiguous,balanced,8,1.0487418407321982,1.0,0.487418407321983,64,64,64,fixed_cache,64,0.2913192168792654,0.3036702699274162
s9316_r2_n750_a375,confirmatory,9316,2,0.75,0.375,feedback_only,balanced_interleaved_k1,balanced_interleaved,balanced,1,0.19088469787505546,0.125,0.6588469787505544,64,64,8,fixed_cache,64,0.5480252496286326,0.5395010074398902
s9316_r2_n750_a375,confirmatory,9316,2,0.75,0.375,feedback_only,balanced_interleaved_k2,balanced_interleaved,balanced,2,0.31588469787505546,0.25,0.6588469787505544,64,64,16,fixed_cache,64,0.5420245319985981,0.5342080871852828
s9316_r2_n750_a375,confirmatory,9316,2,0.75,0.375,feedback_only,balanced_interleaved_k4,balanced_interleaved,balanced,4,0.5658846978750555,0.5,0.6588469787505544,64,64,32,fixed_cache,64,0.28726595116677817,0.2962857956435314
s9316_r2_n750_a375,confirmatory,9316,2,0.75,0.375,feedback_only,balanced_interleaved_k8,balanced_interleaved,balanced,8,1.0658846978750554,1.0,0.6588469787505544,64,64,64,fixed_cache,64,0.2913192168792654,0.3036702699274162
s9316_r2_n750_a375,confirmatory,9316,2,0.75,0.375,feedback_only,balanced_permutation_a_k1,balanced_permutation_a,balanced,1,0.18899250811836066,0.125,0.6399250811836067,64,64,8,fixed_cache,64,0.5480252496286326,0.5395010074398902
s9316_r2_n750_a375,confirmatory,9316,2,0.75,0.375,feedback_only,balanced_permutation_a_k2,balanced_permutation_a,balanced,2,0.31399250811836066,0.25,0.6399250811836067,64,64,16,fixed_cache,64,0.4362775164246212,0.43033522304632593
s9316_r2_n750_a375,confirmatory,9316,2,0.75,0.375,feedback_only,balanced_permutation_a_k4,balanced_permutation_a,balanced,4,0.5639925081183607,0.5,0.6399250811836067,64,64,32,fixed_cache,64,0.32978921678381745,0.3311943931066024
s9316_r2_n750_a375,confirmatory,9316,2,0.75,0.375,feedback_only,balanced_permutation_a_k8,balanced_permutation_a,balanced,8,1.0639925081183608,1.0,0.6399250811836067,64,64,64,fixed_cache,64,0.2913192168792654,0.3036702699274162
s9316_r2_n750_a375,confirmatory,9316,2,0.75,0.375,feedback_only,balanced_permutation_b_k1,balanced_permutation_b,balanced,1,0.18840039778945986,0.125,0.6340039778945984,64,64,8,fixed_cache,64,0.5480252496286326,0.5395010074398902
s9316_r2_n750_a375,confirmatory,9316,2,0.75,0.375,feedback_only,balanced_permutation_b_k2,balanced_permutation_b,balanced,2,0.31340039778945983,0.25,0.6340039778945984,64,64,16,fixed_cache,64,0.2793043718443849,0.28899061175047547
s9316_r2_n750_a375,confirmatory,9316,2,0.75,0.375,feedback_only,balanced_permutation_b_k4,balanced_permutation_b,balanced,4,0.5634003977894598,0.5,0.6340039778945984,64,64,32,fixed_cache,64,0.28358310109564616,0.2946796759051055
s9316_r2_n750_a375,confirmatory,9316,2,0.75,0.375,feedback_only,balanced_permutation_b_k8,balanced_permutation_b,balanced,8,1.06340039778946,1.0,0.6340039778945984,64,64,64,fixed_cache,64,0.2913192168792654,0.3036702699274162
s9316_r2_n750_a375,confirmatory,9316,2,0.75,0.375,feedback_only,comb_contiguous_k1,comb_contiguous,comb,1,0.225,0.125,1.0,64,64,8,fixed_cache,64,0.5480252496286326,0.5395010074398902
s9316_r2_n750_a375,confirmatory,9316,2,0.75,0.375,feedback_only,comb_contiguous_k2,comb_contiguous,comb,2,0.35,0.25,1.0,64,64,16,fixed_cache,64,0.40981996475954446,0.4105418125014765
s9316_r2_n750_a375,confirmatory,9316,2,0.75,0.375,feedback_only,comb_contiguous_k4,comb_contiguous,comb,4,0.6,0.5,1.0,64,64,32,fixed_cache,64,0.3082596188292187,0.31504854545260186
s9316_r2_n750_a375,confirmatory,9316,2,0.75,0.375,feedback_only,comb_contiguous_k8,comb_contiguous,comb,8,1.1,1.0,1.0,64,64,64,fixed_cache,64,0.2913192168792654,0.3036702699274162
s9316_r2_n750_a375,confirmatory,9316,2,0.75,0.375,feedback_only,balanced_contiguous_k1,balanced_contiguous,balanced,1,0.1737418407321983,0.125,0.487418407321983,64,64,8,fixed_cache,256,0.5434576444395535,0.5361147802522535
s9316_r2_n750_a375,confirmatory,9316,2,0.75,0.375,feedback_only,balanced_contiguous_k2,balanced_contiguous,balanced,2,0.2987418407321983,0.25,0.487418407321983,64,64,16,fixed_cache,256,0.2834642987069589,0.2947104761369454
s9316_r2_n750_a375,confirmatory,9316,2,0.75,0.375,feedback_only,balanced_contiguous_k4,balanced_contiguous,balanced,4,0.5487418407321983,0.5,0.487418407321983,64,64,32,fixed_cache,256,0.2878675220707751,0.29957580871640205
s9316_r2_n750_a375,confirmatory,9316,2,0.75,0.375,feedback_only,balanced_contiguous_k8,balanced_contiguous,balanced,8,1.0487418407321982,1.0,0.487418407321983,64,64,64,fixed_cache,256,0.297482149202301,0.3099825613521282
s9316_r2_n750_a375,confirmatory,9316,2,0.75,0.375,feedback_only,balanced_interleaved_k1,balanced_interleaved,balanced,1,0.19088469787505546,0.125,0.6588469787505544,64,64,8,fixed_cache,256,0.5434576444395535,0.5361147802522535
s9316_r2_n750_a375,confirmatory,9316,2,0.75,0.375,feedback_only,balanced_interleaved_k2,balanced_interleaved,balanced,2,0.31588469787505546,0.25,0.6588469787505544,64,64,16,fixed_cache,256,0.5184953285870835,0.512607132465496
s9316_r2_n750_a375,confirmatory,9316,2,0.75,0.375,feedback_only,balanced_interleaved_k4,balanced_interleaved,balanced,4,0.5658846978750555,0.5,0.6588469787505544,64,64,32,fixed_cache,256,0.28518482362159525,0.29646953471421444
s9316_r2_n750_a375,confirmatory,9316,2,0.75,0.375,feedback_only,balanced_interleaved_k8,balanced_interleaved,balanced,8,1.0658846978750554,1.0,0.6588469787505544,64,64,64,fixed_cache,256,0.297482149202301,0.3099825613521282
s9316_r2_n750_a375,confirmatory,9316,2,0.75,0.375,feedback_only,balanced_permutation_a_k1,balanced_permutation_a,balanced,1,0.18899250811836066,0.125,0.6399250811836067,64,64,8,fixed_cache,256,0.5434576444395535,0.5361147802522535
s9316_r2_n750_a375,confirmatory,9316,2,0.75,0.375,feedback_only,balanced_permutation_a_k2,balanced_permutation_a,balanced,2,0.31399250811836066,0.25,0.6399250811836067,64,64,16,fixed_cache,256,0.303650138543435,0.3077860098596062
s9316_r2_n750_a375,confirmatory,9316,2,0.75,0.375,feedback_only,balanced_permutation_a_k4,balanced_permutation_a,balanced,4,0.5639925081183607,0.5,0.6399250811836067,64,64,32,fixed_cache,256,0.2797022267297638,0.2892453782323068
s9316_r2_n750_a375,confirmatory,9316,2,0.75,0.375,feedback_only,balanced_permutation_a_k8,balanced_permutation_a,balanced,8,1.0639925081183608,1.0,0.6399250811836067,64,64,64,fixed_cache,256,0.297482149202301,0.3099825613521282
s9316_r2_n750_a375,confirmatory,9316,2,0.75,0.375,feedback_only,balanced_permutation_b_k1,balanced_permutation_b,balanced,1,0.18840039778945986,0.125,0.6340039778945984,64,64,8,fixed_cache,256,0.5434576444395535,0.5361147802522535
s9316_r2_n750_a375,confirmatory,9316,2,0.75,0.375,feedback_only,balanced_permutation_b_k2,balanced_permutation_b,balanced,2,0.31340039778945983,0.25,0.6340039778945984,64,64,16,fixed_cache,256,0.2852740764603946,0.29673903872667323
s9316_r2_n750_a375,confirmatory,9316,2,0.75,0.375,feedback_only,balanced_permutation_b_k4,balanced_permutation_b,balanced,4,0.5634003977894598,0.5,0.6340039778945984,64,64,32,fixed_cache,256,0.29005071278634376,0.3022470940451448
s9316_r2_n750_a375,confirmatory,9316,2,0.75,0.375,feedback_only,balanced_permutation_b_k8,balanced_permutation_b,balanced,8,1.06340039778946,1.0,0.6340039778945984,64,64,64,fixed_cache,256,0.297482149202301,0.3099825613521282
s9316_r2_n750_a375,confirmatory,9316,2,0.75,0.375,feedback_only,comb_contiguous_k1,comb_contiguous,comb,1,0.225,0.125,1.0,64,64,8,fixed_cache,256,0.5434576444395535,0.5361147802522535
s9316_r2_n750_a375,confirmatory,9316,2,0.75,0.375,feedback_only,comb_contiguous_k2,comb_contiguous,comb,2,0.35,0.25,1.0,64,64,16,fixed_cache,256,0.2933609843118075,0.300713546138789
s9316_r2_n750_a375,confirmatory,9316,2,0.75,0.375,feedback_only,comb_contiguous_k4,comb_contiguous,comb,4,0.6,0.5,1.0,64,64,32,fixed_cache,256,0.2836754305402973,0.2945528733449876
s9316_r2_n750_a375,confirmatory,9316,2,0.75,0.375,feedback_only,comb_contiguous_k8,comb_contiguous,comb,8,1.1,1.0,1.0,64,64,64,fixed_cache,256,0.297482149202301,0.3099825613521282
s9316_r2_n750_a375,confirmatory,9316,2,0.75,0.375,feedback_only,balanced_contiguous_k1,balanced_contiguous,balanced,1,0.1737418407321983,0.125,0.487418407321983,64,64,8,fresh_iid,16,0.5725078506882744,0.562829711991084
s9316_r2_n750_a375,confirmatory,9316,2,0.75,0.375,feedback_only,balanced_contiguous_k2,balanced_contiguous,balanced,2,0.2987418407321983,0.25,0.487418407321983,64,64,16,fresh_iid,16,0.36092174334404037,0.35920431972617195
s9316_r2_n750_a375,confirmatory,9316,2,0.75,0.375,feedback_only,balanced_contiguous_k4,balanced_contiguous,balanced,4,0.5487418407321983,0.5,0.487418407321983,64,64,32,fresh_iid,16,0.3242929649747486,0.32690421729976205
s9316_r2_n750_a375,confirmatory,9316,2,0.75,0.375,feedback_only,balanced_contiguous_k8,balanced_contiguous,balanced,8,1.0487418407321982,1.0,0.487418407321983,64,64,64,fresh_iid,16,0.3015452611023702,0.3079182618213578
s9316_r2_n750_a375,confirmatory,9316,2,0.75,0.375,feedback_only,balanced_interleaved_k1,balanced_interleaved,balanced,1,0.19088469787505546,0.125,0.6588469787505544,64,64,8,fresh_iid,16,0.5725078506882744,0.562829711991084
s9316_r2_n750_a375,confirmatory,9316,2,0.75,0.375,feedback_only,balanced_interleaved_k2,balanced_interleaved,balanced,2,0.31588469787505546,0.25,0.6588469787505544,64,64,16,fresh_iid,16,0.5606324036150743,0.55198471923274
s9316_r2_n750_a375,confirmatory,9316,2,0.75,0.375,feedback_only,balanced_interleaved_k4,balanced_interleaved,balanced,4,0.5658846978750555,0.5,0.6588469787505544,64,64,32,fresh_iid,16,0.3570021485085453,0.35788042852541835
s9316_r2_n750_a375,confirmatory,9316,2,0.75,0.375,feedback_only,balanced_interleaved_k8,balanced_interleaved,balanced,8,1.0658846978750554,1.0,0.6588469787505544,64,64,64,fresh_iid,16,0.3015452611023702,0.3079182618213578
s9316_r2_n750_a375,confirmatory,9316,2,0.75,0.375,feedback_only,balanced_permutation_a_k1,balanced_permutation_a,balanced,1,0.18899250811836066,0.125,0.6399250811836067,64,64,8,fresh_iid,16,0.5725078506882744,0.562829711991084
s9316_r2_n750_a375,confirmatory,9316,2,0.75,0.375,feedback_only,balanced_permutation_a_k2,balanced_permutation_a,balanced,2,0.31399250811836066,0.25,0.6399250811836067,64,64,16,fresh_iid,16,0.521592775243894,0.5120351402557497
s9316_r2_n750_a375,confirmatory,9316,2,0.75,0.375,feedback_only,balanced_permutation_a_k4,balanced_permutation_a,balanced,4,0.5639925081183607,0.5,0.6399250811836067,64,64,32,fresh_iid,16,0.45695482415045996,0.4508675628119535
s9316_r2_n750_a375,confirmatory,9316,2,0.75,0.375,feedback_only,balanced_permutation_a_k8,balanced_permutation_a,balanced,8,1.0639925081183608,1.0,0.6399250811836067,64,64,64,fresh_iid,16,0.3015452611023702,0.3079182618213578
s9316_r2_n750_a375,confirmatory,9316,2,0.75,0.375,feedback_only,balanced_permutation_b_k1,balanced_permutation_b,balanced,1,0.18840039778945986,0.125,0.6340039778945984,64,64,8,fresh_iid,16,0.5725078506882744,0.562829711991084
s9316_r2_n750_a375,confirmatory,9316,2,0.75,0.375,feedback_only,balanced_permutation_b_k2,balanced_permutation_b,balanced,2,0.31340039778945983,0.25,0.6340039778945984,64,64,16,fresh_iid,16,0.3460187865625655,0.3441541086527617
s9316_r2_n750_a375,confirmatory,9316,2,0.75,0.375,feedback_only,balanced_permutation_b_k4,balanced_permutation_b,balanced,4,0.5634003977894598,0.5,0.6340039778945984,64,64,32,fresh_iid,16,0.3129017213174733,0.3157377243871097
s9316_r2_n750_a375,confirmatory,9316,2,0.75,0.375,feedback_only,balanced_permutation_b_k8,balanced_permutation_b,balanced,8,1.06340039778946,1.0,0.6340039778945984,64,64,64,fresh_iid,16,0.3015452611023702,0.3079182618213578
s9316_r2_n750_a375,confirmatory,9316,2,0.75,0.375,feedback_only,comb_contiguous_k1,comb_contiguous,comb,1,0.225,0.125,1.0,64,64,8,fresh_iid,16,0.5725078506882744,0.562829711991084
s9316_r2_n750_a375,confirmatory,9316,2,0.75,0.375,feedback_only,comb_contiguous_k2,comb_contiguous,comb,2,0.35,0.25,1.0,64,64,16,fresh_iid,16,0.49933226237328515,0.49605797806100593
s9316_r2_n750_a375,confirmatory,9316,2,0.75,0.375,feedback_only,comb_contiguous_k4,comb_contiguous,comb,4,0.6,0.5,1.0,64,64,32,fresh_iid,16,0.41819396089856786,0.41799779036901863
s9316_r2_n750_a375,confirmatory,9316,2,0.75,0.375,feedback_only,comb_contiguous_k8,comb_contiguous,comb,8,1.1,1.0,1.0,64,64,64,fresh_iid,16,0.3015452611023702,0.3079182618213578
s9316_r2_n750_a375,confirmatory,9316,2,0.75,0.375,feedback_only,balanced_contiguous_k1,balanced_contiguous,balanced,1,0.1737418407321983,0.125,0.487418407321983,64,64,8,fresh_iid,64,0.5549298363090869,0.5436118445592948
s9316_r2_n750_a375,confirmatory,9316,2,0.75,0.375,feedback_only,balanced_contiguous_k2,balanced_contiguous,balanced,2,0.2987418407321983,0.25,0.487418407321983,64,64,16,fresh_iid,64,0.2817849844000284,0.2876274178859045
s9316_r2_n750_a375,confirmatory,9316,2,0.75,0.375,feedback_only,balanced_contiguous_k4,balanced_contiguous,balanced,4,0.5487418407321983,0.5,0.487418407321983,64,64,32,fresh_iid,64,0.2879887085910513,0.29337961599396306
s9316_r2_n750_a375,confirmatory,9316,2,0.75,0.375,feedback_only,balanced_contiguous_k8,balanced_contiguous,balanced,8,1.0487418407321982,1.0,0.487418407321983,64,64,64,fresh_iid,64,0.29769696692711933,0.3036501977465142
s9316_r2_n750_a375,confirmatory,9316,2,0.75,0.375,feedback_only,balanced_interleaved_k1,balanced_interleaved,balanced,1,0.19088469787505546,0.125,0.6588469787505544,64,64,8,fresh_iid,64,0.5549298363090869,0.5436118445592948
s9316_r2_n750_a375,confirmatory,9316,2,0.75,0.375,feedback_only,balanced_interleaved_k2,balanced_interleaved,balanced,2,0.31588469787505546,0.25,0.6588469787505544,64,64,16,fresh_iid,64,0.552061209948753,0.5408132831368068
s9316_r2_n750_a375,confirmatory,9316,2,0.75,0.375,feedback_only,balanced_interleaved_k4,balanced_interleaved,balanced,4,0.5658846978750555,0.5,0.6588469787505544,64,64,32,fresh_iid,64,0.2915324943886741,0.29589253048810954
s9316_r2_n750_a375,confirmatory,9316,2,0.75,0.375,feedback_only,balanced_interleaved_k8,balanced_interleaved,balanced,8,1.0658846978750554,1.0,0.6588469787505544,64,64,64,fresh_iid,64,0.29769696692711933,0.3036501977465142
s9316_r2_n750_a375,confirmatory,9316,2,0.75,0.375,feedback_only,balanced_permutation_a_k1,balanced_permutation_a,balanced,1,0.18899250811836066,0.125,0.6399250811836067,64,64,8,fresh_iid,64,0.5549298363090869,0.5436118445592948
s9316_r2_n750_a375,confirmatory,9316,2,0.75,0.375,feedback_only,balanced_permutation_a_k2,balanced_permutation_a,balanced,2,0.31399250811836066,0.25,0.6399250811836067,64,64,16,fresh_iid,64,0.4493868270766207,0.44099090548564207
s9316_r2_n750_a375,confirmatory,9316,2,0.75,0.375,feedback_only,balanced_permutation_a_k4,balanced_permutation_a,balanced,4,0.5639925081183607,0.5,0.6399250811836067,64,64,32,fresh_iid,64,0.35088830454771874,0.3487462842230266
s9316_r2_n750_a375,confirmatory,9316,2,0.75,0.375,feedback_only,balanced_permutation_a_k8,balanced_permutation_a,balanced,8,1.0639925081183608,1.0,0.6399250811836067,64,64,64,fresh_iid,64,0.29769696692711933,0.3036501977465142
s9316_r2_n750_a375,confirmatory,9316,2,0.75,0.375,feedback_only,balanced_permutation_b_k1,balanced_permutation_b,balanced,1,0.18840039778945986,0.125,0.6340039778945984,64,64,8,fresh_iid,64,0.5549298363090869,0.5436118445592948
s9316_r2_n750_a375,confirmatory,9316,2,0.75,0.375,feedback_only,balanced_permutation_b_k2,balanced_permutation_b,balanced,2,0.31340039778945983,0.25,0.6340039778945984,64,64,16,fresh_iid,64,0.28276656754462004,0.2891111366629036
s9316_r2_n750_a375,confirmatory,9316,2,0.75,0.375,feedback_only,balanced_permutation_b_k4,balanced_permutation_b,balanced,4,0.5634003977894598,0.5,0.6340039778945984,64,64,32,fresh_iid,64,0.2833447895149679,0.29031181216921076
s9316_r2_n750_a375,confirmatory,9316,2,0.75,0.375,feedback_only,balanced_permutation_b_k8,balanced_permutation_b,balanced,8,1.06340039778946,1.0,0.6340039778945984,64,64,64,fresh_iid,64,0.29769696692711933,0.3036501977465142
s9316_r2_n750_a375,confirmatory,9316,2,0.75,0.375,feedback_only,comb_contiguous_k1,comb_contiguous,comb,1,0.225,0.125,1.0,64,64,8,fresh_iid,64,0.5549298363090869,0.5436118445592948
s9316_r2_n750_a375,confirmatory,9316,2,0.75,0.375,feedback_only,comb_contiguous_k2,comb_contiguous,comb,2,0.35,0.25,1.0,64,64,16,fresh_iid,64,0.42414041148364223,0.4191389564509549
s9316_r2_n750_a375,confirmatory,9316,2,0.75,0.375,feedback_only,comb_contiguous_k4,comb_contiguous,comb,4,0.6,0.5,1.0,64,64,32,fresh_iid,64,0.3125091388709424,0.31427415166554407
s9316_r2_n750_a375,confirmatory,9316,2,0.75,0.375,feedback_only,comb_contiguous_k8,comb_contiguous,comb,8,1.1,1.0,1.0,64,64,64,fresh_iid,64,0.29769696692711933,0.3036501977465142
s9316_r2_n750_a375,confirmatory,9316,2,0.75,0.375,feedback_only,balanced_contiguous_k1,balanced_contiguous,balanced,1,0.1737418407321983,0.125,0.487418407321983,64,64,8,fresh_iid,256,0.5441895609019367,0.5352777520318389
s9316_r2_n750_a375,confirmatory,9316,2,0.75,0.375,feedback_only,balanced_contiguous_k2,balanced_contiguous,balanced,2,0.2987418407321983,0.25,0.487418407321983,64,64,16,fresh_iid,256,0.275371850850737,0.2831477040189424
s9316_r2_n750_a375,confirmatory,9316,2,0.75,0.375,feedback_only,balanced_contiguous_k4,balanced_contiguous,balanced,4,0.5487418407321983,0.5,0.487418407321983,64,64,32,fresh_iid,256,0.27675265849091046,0.2838082285830148
s9316_r2_n750_a375,confirmatory,9316,2,0.75,0.375,feedback_only,balanced_contiguous_k8,balanced_contiguous,balanced,8,1.0487418407321982,1.0,0.487418407321983,64,64,64,fresh_iid,256,0.28677966106594077,0.29219751314612535
s9316_r2_n750_a375,confirmatory,9316,2,0.75,0.375,feedback_only,balanced_interleaved_k1,balanced_interleaved,balanced,1,0.19088469787505546,0.125,0.6588469787505544,64,64,8,fresh_iid,256,0.5441895609019367,0.5352777520318389
s9316_r2_n750_a375,confirmatory,9316,2,0.75,0.375,feedback_only,balanced_interleaved_k2,balanced_interleaved,balanced,2,0.31588469787505546,0.25,0.6588469787505544,64,64,16,fresh_iid,256,0.5192215026157023,0.511549840672664
s9316_r2_n750_a375,confirmatory,9316,2,0.75,0.375,feedback_only,balanced_interleaved_k4,balanced_interleaved,balanced,4,0.5658846978750555,0.5,0.6588469787505544,64,64,32,fresh_iid,256,0.27622186185162195,0.2836528978880296
s9316_r2_n750_a375,confirmatory,9316,2,0.75,0.375,feedback_only,balanced_interleaved_k8,balanced_interleaved,balanced,8,1.0658846978750554,1.0,0.6588469787505544,64,64,64,fresh_iid,256,0.28677966106594077,0.29219751314612535
s9316_r2_n750_a375,confirmatory,9316,2,0.75,0.375,feedback_only,balanced_permutation_a_k1,balanced_permutation_a,balanced,1,0.18899250811836066,0.125,0.6399250811836067,64,64,8,fresh_iid,256,0.5441895609019367,0.5352777520318389
s9316_r2_n750_a375,confirmatory,9316,2,0.75,0.375,feedback_only,balanced_permutation_a_k2,balanced_permutation_a,balanced,2,0.31399250811836066,0.25,0.6399250811836067,64,64,16,fresh_iid,256,0.307711736532162,0.3098607439731761
s9316_r2_n750_a375,confirmatory,9316,2,0.75,0.375,feedback_only,balanced_permutation_a_k4,balanced_permutation_a,balanced,4,0.5639925081183607,0.5,0.6399250811836067,64,64,32,fresh_iid,256,0.27883841925348907,0.2862369069916223
s9316_r2_n750_a375,confirmatory,9316,2,0.75,0.375,feedback_only,balanced_permutation_a_k8,balanced_permutation_a,balanced,8,1.0639925081183608,1.0,0.6399250811836067,64,64,64,fresh_iid,256,0.28677966106594077,0.29219751314612535
s9316_r2_n750_a375,confirmatory,9316,2,0.75,0.375,feedback_only,balanced_permutation_b_k1,balanced_permutation_b,balanced,1,0.18840039778945986,0.125,0.6340039778945984,64,64,8,fresh_iid,256,0.5441895609019367,0.5352777520318389
s9316_r2_n750_a375,confirmatory,9316,2,0.75,0.375,feedback_only,balanced_permutation_b_k2,balanced_permutation_b,balanced,2,0.31340039778945983,0.25,0.6340039778945984,64,64,16,fresh_iid,256,0.27736292373314075,0.28481248126603825
s9316_r2_n750_a375,confirmatory,9316,2,0.75,0.375,feedback_only,balanced_permutation_b_k4,balanced_permutation_b,balanced,4,0.5634003977894598,0.5,0.6340039778945984,64,64,32,fresh_iid,256,0.2792309301725541,0.2858263307001482
s9316_r2_n750_a375,confirmatory,9316,2,0.75,0.375,feedback_only,balanced_permutation_b_k8,balanced_permutation_b,balanced,8,1.06340039778946,1.0,0.6340039778945984,64,64,64,fresh_iid,256,0.28677966106594077,0.29219751314612535
s9316_r2_n750_a375,confirmatory,9316,2,0.75,0.375,feedback_only,comb_contiguous_k1,comb_contiguous,comb,1,0.225,0.125,1.0,64,64,8,fresh_iid,256,0.5441895609019367,0.5352777520318389
s9316_r2_n750_a375,confirmatory,9316,2,0.75,0.375,feedback_only,comb_contiguous_k2,comb_contiguous,comb,2,0.35,0.25,1.0,64,64,16,fresh_iid,256,0.2894467957938274,0.294691789691837
s9316_r2_n750_a375,confirmatory,9316,2,0.75,0.375,feedback_only,comb_contiguous_k4,comb_contiguous,comb,4,0.6,0.5,1.0,64,64,32,fresh_iid,256,0.27594017069857024,0.2833657068961296
s9316_r2_n750_a375,confirmatory,9316,2,0.75,0.375,feedback_only,comb_contiguous_k8,comb_contiguous,comb,8,1.1,1.0,1.0,64,64,64,fresh_iid,256,0.28677966106594077,0.29219751314612535
s9316_r2_n750_a375,confirmatory,9316,2,0.75,0.375,joint_forward_feedback,balanced_contiguous_k1,balanced_contiguous,balanced,1,0.1737418407321983,0.125,0.487418407321983,64,64,8,fixed_cache,16,0.6303984189427327,0.6180818326172872
s9316_r2_n750_a375,confirmatory,9316,2,0.75,0.375,joint_forward_feedback,balanced_contiguous_k2,balanced_contiguous,balanced,2,0.2987418407321983,0.25,0.487418407321983,64,64,16,fixed_cache,16,0.47743464623940157,0.46977521629444063
s9316_r2_n750_a375,confirmatory,9316,2,0.75,0.375,joint_forward_feedback,balanced_contiguous_k4,balanced_contiguous,balanced,4,0.5487418407321983,0.5,0.487418407321983,64,64,32,fixed_cache,16,0.40195535816548644,0.4011671435231273
s9316_r2_n750_a375,confirmatory,9316,2,0.75,0.375,joint_forward_feedback,balanced_contiguous_k8,balanced_contiguous,balanced,8,1.0487418407321982,1.0,0.487418407321983,64,64,64,fixed_cache,16,0.3222327817526999,0.32485035876233515
s9316_r2_n750_a375,confirmatory,9316,2,0.75,0.375,joint_forward_feedback,balanced_interleaved_k1,balanced_interleaved,balanced,1,0.19088469787505546,0.125,0.6588469787505544,64,64,8,fixed_cache,16,0.6138063153431537,0.6024693856947013
s9316_r2_n750_a375,confirmatory,9316,2,0.75,0.375,joint_forward_feedback,balanced_interleaved_k2,balanced_interleaved,balanced,2,0.31588469787505546,0.25,0.6588469787505544,64,64,16,fixed_cache,16,0.5975013930702737,0.5874365175072396
s9316_r2_n750_a375,confirmatory,9316,2,0.75,0.375,joint_forward_feedback,balanced_interleaved_k4,balanced_interleaved,balanced,4,0.5658846978750555,0.5,0.6588469787505544,64,64,32,fixed_cache,16,0.41055861285033435,0.41015232682207736
s9316_r2_n750_a375,confirmatory,9316,2,0.75,0.375,joint_forward_feedback,balanced_interleaved_k8,balanced_interleaved,balanced,8,1.0658846978750554,1.0,0.6588469787505544,64,64,64,fixed_cache,16,0.2966156085728049,0.30182864434874046
s9316_r2_n750_a375,confirmatory,9316,2,0.75,0.375,joint_forward_feedback,balanced_permutation_a_k1,balanced_permutation_a,balanced,1,0.18899250811836066,0.125,0.6399250811836067,64,64,8,fixed_cache,16,0.6176316867182401,0.6058169165081935
s9316_r2_n750_a375,confirmatory,9316,2,0.75,0.375,joint_forward_feedback,balanced_permutation_a_k2,balanced_permutation_a,balanced,2,0.31399250811836066,0.25,0.6399250811836067,64,64,16,fixed_cache,16,0.5608981683927499,0.5494400167440414
s9316_r2_n750_a375,confirmatory,9316,2,0.75,0.375,joint_forward_feedback,balanced_permutation_a_k4,balanced_permutation_a,balanced,4,0.5639925081183607,0.5,0.6399250811836067,64,64,32,fixed_cache,16,0.4982658705438271,0.4889627234233166
s9316_r2_n750_a375,confirmatory,9316,2,0.75,0.375,joint_forward_feedback,balanced_permutation_a_k8,balanced_permutation_a,balanced,8,1.0639925081183608,1.0,0.6399250811836067,64,64,64,fixed_cache,16,0.3006576422591106,0.30499146213184186
s9316_r2_n750_a375,confirmatory,9316,2,0.75,0.375,joint_forward_feedback,balanced_permutation_b_k1,balanced_permutation_b,balanced,1,0.18840039778945986,0.125,0.6340039778945984,64,64,8,fixed_cache,16,0.618229825956649,0.6060377184064898
s9316_r2_n750_a375,confirmatory,9316,2,0.75,0.375,joint_forward_feedback,balanced_permutation_b_k2,balanced_permutation_b,balanced,2,0.31340039778945983,0.25,0.6340039778945984,64,64,16,fixed_cache,16,0.42114295731837426,0.41371576901471174
s9316_r2_n750_a375,confirmatory,9316,2,0.75,0.375,joint_forward_feedback,balanced_permutation_b_k4,balanced_permutation_b,balanced,4,0.5634003977894598,0.5,0.6340039778945984,64,64,32,fixed_cache,16,0.3664173426777008,0.36438546505326547
s9316_r2_n750_a375,confirmatory,9316,2,0.75,0.375,joint_forward_feedback,balanced_permutation_b_k8,balanced_permutation_b,balanced,8,1.06340039778946,1.0,0.6340039778945984,64,64,64,fixed_cache,16,0.294608529397942,0.30001444839370456
s9316_r2_n750_a375,confirmatory,9316,2,0.75,0.375,joint_forward_feedback,comb_contiguous_k1,comb_contiguous,comb,1,0.225,0.125,1.0,64,64,8,fixed_cache,16,0.6107254050379595,0.600196759161122
s9316_r2_n750_a375,confirmatory,9316,2,0.75,0.375,joint_forward_feedback,comb_contiguous_k2,comb_contiguous,comb,2,0.35,0.25,1.0,64,64,16,fixed_cache,16,0.5174980523291246,0.5159286904556345
s9316_r2_n750_a375,confirmatory,9316,2,0.75,0.375,joint_forward_feedback,comb_contiguous_k4,comb_contiguous,comb,4,0.6,0.5,1.0,64,64,32,fixed_cache,16,0.4541100171386863,0.4556282300369071
s9316_r2_n750_a375,confirmatory,9316,2,0.75,0.375,joint_forward_feedback,comb_contiguous_k8,comb_contiguous,comb,8,1.1,1.0,1.0,64,64,64,fixed_cache,16,0.30022253891354295,0.30623326185489386
s9316_r2_n750_a375,confirmatory,9316,2,0.75,0.375,joint_forward_feedback,balanced_contiguous_k1,balanced_contiguous,balanced,1,0.1737418407321983,0.125,0.487418407321983,64,64,8,fixed_cache,64,0.5492325154443045,0.5405318422755081
s9316_r2_n750_a375,confirmatory,9316,2,0.75,0.375,joint_forward_feedback,balanced_contiguous_k2,balanced_contiguous,balanced,2,0.2987418407321983,0.25,0.487418407321983,64,64,16,fixed_cache,64,0.29347090389576375,0.29938297042840145
s9316_r2_n750_a375,confirmatory,9316,2,0.75,0.375,joint_forward_feedback,balanced_contiguous_k4,balanced_contiguous,balanced,4,0.5487418407321983,0.5,0.487418407321983,64,64,32,fixed_cache,64,0.28828857804441327,0.29643181459155077
s9316_r2_n750_a375,confirmatory,9316,2,0.75,0.375,joint_forward_feedback,balanced_contiguous_k8,balanced_contiguous,balanced,8,1.0487418407321982,1.0,0.487418407321983,64,64,64,fixed_cache,64,0.2822479580357491,0.292263557261821
s9316_r2_n750_a375,confirmatory,9316,2,0.75,0.375,joint_forward_feedback,balanced_interleaved_k1,balanced_interleaved,balanced,1,0.19088469787505546,0.125,0.6588469787505544,64,64,8,fixed_cache,64,0.5473445394530122,0.5387832334912523
s9316_r2_n750_a375,confirmatory,9316,2,0.75,0.375,joint_forward_feedback,balanced_interleaved_k2,balanced_interleaved,balanced,2,0.31588469787505546,0.25,0.6588469787505544,64,64,16,fixed_cache,64,0.5422200823639054,0.5343579613772862
s9316_r2_n750_a375,confirmatory,9316,2,0.75,0.375,joint_forward_feedback,balanced_interleaved_k4,balanced_interleaved,balanced,4,0.5658846978750555,0.5,0.6588469787505544,64,64,32,fixed_cache,64,0.29653672985899093,0.3034383169182967
s9316_r2_n750_a375,confirmatory,9316,2,0.75,0.375,joint_forward_feedback,balanced_interleaved_k8,balanced_interleaved,balanced,8,1.0658846978750554,1.0,0.6588469787505544,64,64,64,fixed_cache,64,0.2839028188866888,0.29458955636383216
s9316_r2_n750_a375,confirmatory,9316,2,0.75,0.375,joint_forward_feedback,balanced_permutation_a_k1,balanced_permutation_a,balanced,1,0.18899250811836066,0.125,0.6399250811836067,64,64,8,fixed_cache,64,0.5481974956371012,0.5391967978362932
s9316_r2_n750_a375,confirmatory,9316,2,0.75,0.375,joint_forward_feedback,balanced_permutation_a_k2,balanced_permutation_a,balanced,2,0.31399250811836066,0.25,0.6399250811836067,64,64,16,fixed_cache,64,0.48416074889255306,0.4753151589131082
s9316_r2_n750_a375,confirmatory,9316,2,0.75,0.375,joint_forward_feedback,balanced_permutation_a_k4,balanced_permutation_a,balanced,4,0.5639925081183607,0.5,0.6399250811836067,64,64,32,fixed_cache,64,0.3921883134158497,0.38836857420865023
s9316_r2_n750_a375,confirmatory,9316,2,0.75,0.375,joint_forward_feedback,balanced_permutation_a_k8,balanced_permutation_a,balanced,8,1.0639925081183608,1.0,0.6399250811836067,64,64,64,fixed_cache,64,0.28245281121451815,0.2928949386524667
s9316_r2_n750_a375,confirmatory,9316,2,0.75,0.375,joint_forward_feedback,balanced_permutation_b_k1,balanced_permutation_b,balanced,1,0.18840039778945986,0.125,0.6340039778945984,64,64,8,fixed_cache,64,0.5489953785161833,0.5394336955036281
s9316_r2_n750_a375,confirmatory,9316,2,0.75,0.375,joint_forward_feedback,balanced_permutation_b_k2,balanced_permutation_b,balanced,2,0.31340039778945983,0.25,0.6340039778945984,64,64,16,fixed_cache,64,0.28604062746304854,0.29316065749806863
s9316_r2_n750_a375,confirmatory,9316,2,0.75,0.375,joint_forward_feedback,balanced_permutation_b_k4,balanced_permutation_b,balanced,4,0.5634003977894598,0.5,0.6340039778945984,64,64,32,fixed_cache,64,0.28098409849095296,0.2907124221088492
s9316_r2_n750_a375,confirmatory,9316,2,0.75,0.375,joint_forward_feedback,balanced_permutation_b_k8,balanced_permutation_b,balanced,8,1.06340039778946,1.0,0.6340039778945984,64,64,64,fixed_cache,64,0.2832378482540526,0.29408741145971196
s9316_r2_n750_a375,confirmatory,9316,2,0.75,0.375,joint_forward_feedback,comb_contiguous_k1,comb_contiguous,comb,1,0.225,0.125,1.0,64,64,8,fixed_cache,64,0.5457579233550375,0.5382517734634499
s9316_r2_n750_a375,confirmatory,9316,2,0.75,0.375,joint_forward_feedback,comb_contiguous_k2,comb_contiguous,comb,2,0.35,0.25,1.0,64,64,16,fixed_cache,64,0.44469204350278835,0.44517284627516607
s9316_r2_n750_a375,confirmatory,9316,2,0.75,0.375,joint_forward_feedback,comb_contiguous_k4,comb_contiguous,comb,4,0.6,0.5,1.0,64,64,32,fixed_cache,64,0.3436037306707716,0.3487318569873139
s9316_r2_n750_a375,confirmatory,9316,2,0.75,0.375,joint_forward_feedback,comb_contiguous_k8,comb_contiguous,comb,8,1.1,1.0,1.0,64,64,64,fixed_cache,64,0.2870296613960496,0.29787032004889374
s9316_r2_n750_a375,confirmatory,9316,2,0.75,0.375,joint_forward_feedback,balanced_contiguous_k1,balanced_contiguous,balanced,1,0.1737418407321983,0.125,0.487418407321983,64,64,8,fixed_cache,256,0.5425469607836446,0.5351475380773993
s9316_r2_n750_a375,confirmatory,9316,2,0.75,0.375,joint_forward_feedback,balanced_contiguous_k2,balanced_contiguous,balanced,2,0.2987418407321983,0.25,0.487418407321983,64,64,16,fixed_cache,256,0.2787648212564351,0.28944078065519396
s9316_r2_n750_a375,confirmatory,9316,2,0.75,0.375,joint_forward_feedback,balanced_contiguous_k4,balanced_contiguous,balanced,4,0.5487418407321983,0.5,0.487418407321983,64,64,32,fixed_cache,256,0.28165262182131506,0.2926169472638868
s9316_r2_n750_a375,confirmatory,9316,2,0.75,0.375,joint_forward_feedback,balanced_contiguous_k8,balanced_contiguous,balanced,8,1.0487418407321982,1.0,0.487418407321983,64,64,64,fixed_cache,256,0.28606715121995685,0.2976004867488782
s9316_r2_n750_a375,confirmatory,9316,2,0.75,0.375,joint_forward_feedback,balanced_interleaved_k1,balanced_interleaved,balanced,1,0.19088469787505546,0.125,0.6588469787505544,64,64,8,fixed_cache,256,0.542705228346664,0.5353106037869905
s9316_r2_n750_a375,confirmatory,9316,2,0.75,0.375,joint_forward_feedback,balanced_interleaved_k2,balanced_interleaved,balanced,2,0.31588469787505546,0.25,0.6588469787505544,64,64,16,fixed_cache,256,0.5267298704082761,0.5204298335395325
s9316_r2_n750_a375,confirmatory,9316,2,0.75,0.375,joint_forward_feedback,balanced_interleaved_k4,balanced_interleaved,balanced,4,0.5658846978750555,0.5,0.6588469787505544,64,64,32,fixed_cache,256,0.280896507169867,0.2916359397412039
s9316_r2_n750_a375,confirmatory,9316,2,0.75,0.375,joint_forward_feedback,balanced_interleaved_k8,balanced_interleaved,balanced,8,1.0658846978750554,1.0,0.6588469787505544,64,64,64,fixed_cache,256,0.2891694546513493,0.3010121718141713
s9316_r2_n750_a375,confirmatory,9316,2,0.75,0.375,joint_forward_feedback,balanced_permutation_a_k1,balanced_permutation_a,balanced,1,0.18899250811836066,0.125,0.6399250811836067,64,64,8,fixed_cache,256,0.5430404924707841,0.5351990418239758
s9316_r2_n750_a375,confirmatory,9316,2,0.75,0.375,joint_forward_feedback,balanced_permutation_a_k2,balanced_permutation_a,balanced,2,0.31399250811836066,0.25,0.6399250811836067,64,64,16,fixed_cache,256,0.36091862433761335,0.36002181983263604
s9316_r2_n750_a375,confirmatory,9316,2,0.75,0.375,joint_forward_feedback,balanced_permutation_a_k4,balanced_permutation_a,balanced,4,0.5639925081183607,0.5,0.6399250811836067,64,64,32,fixed_cache,256,0.2834894219034233,0.2905551287092821
s9316_r2_n750_a375,confirmatory,9316,2,0.75,0.375,joint_forward_feedback,balanced_permutation_a_k8,balanced_permutation_a,balanced,8,1.0639925081183608,1.0,0.6399250811836067,64,64,64,fixed_cache,256,0.2882719875326628,0.29991125688118025
s9316_r2_n750_a375,confirmatory,9316,2,0.75,0.375,joint_forward_feedback,balanced_permutation_b_k1,balanced_permutation_b,balanced,1,0.18840039778945986,0.125,0.6340039778945984,64,64,8,fixed_cache,256,0.5435370182533238,0.5351018796279079
s9316_r2_n750_a375,confirmatory,9316,2,0.75,0.375,joint_forward_feedback,balanced_permutation_b_k2,balanced_permutation_b,balanced,2,0.31340039778945983,0.25,0.6340039778945984,64,64,16,fixed_cache,256,0.28145904169738273,0.2925381197915026
s9316_r2_n750_a375,confirmatory,9316,2,0.75,0.375,joint_forward_feedback,balanced_permutation_b_k4,balanced_permutation_b,balanced,4,0.5634003977894598,0.5,0.6340039778945984,64,64,32,fixed_cache,256,0.2854517705766954,0.297025545561735
s9316_r2_n750_a375,confirmatory,9316,2,0.75,0.375,joint_forward_feedback,balanced_permutation_b_k8,balanced_permutation_b,balanced,8,1.06340039778946,1.0,0.6340039778945984,64,64,64,fixed_cache,256,0.2897570288578067,0.30166023344445664
s9316_r2_n750_a375,confirmatory,9316,2,0.75,0.375,joint_forward_feedback,comb_contiguous_k1,comb_contiguous,comb,1,0.225,0.125,1.0,64,64,8,fixed_cache,256,0.541813410993073,0.5355347295399495
s9316_r2_n750_a375,confirmatory,9316,2,0.75,0.375,joint_forward_feedback,comb_contiguous_k2,comb_contiguous,comb,2,0.35,0.25,1.0,64,64,16,fixed_cache,256,0.3182807125575082,0.3240474794564818
s9316_r2_n750_a375,confirmatory,9316,2,0.75,0.375,joint_forward_feedback,comb_contiguous_k4,comb_contiguous,comb,4,0.6,0.5,1.0,64,64,32,fixed_cache,256,0.2821994061901726,0.2922161134330963
s9316_r2_n750_a375,confirmatory,9316,2,0.75,0.375,joint_forward_feedback,comb_contiguous_k8,comb_contiguous,comb,8,1.1,1.0,1.0,64,64,64,fixed_cache,256,0.29009025921891174,0.30207840179796186
s9316_r2_n750_a375,confirmatory,9316,2,0.75,0.375,joint_forward_feedback,balanced_contiguous_k1,balanced_contiguous,balanced,1,0.1737418407321983,0.125,0.487418407321983,64,64,8,fresh_iid,16,0.6288956616420442,0.6160032210491291
s9316_r2_n750_a375,confirmatory,9316,2,0.75,0.375,joint_forward_feedback,balanced_contiguous_k2,balanced_contiguous,balanced,2,0.2987418407321983,0.25,0.487418407321983,64,64,16,fresh_iid,16,0.47655141151889296,0.4685358553430851
s9316_r2_n750_a375,confirmatory,9316,2,0.75,0.375,joint_forward_feedback,balanced_contiguous_k4,balanced_contiguous,balanced,4,0.5487418407321983,0.5,0.487418407321983,64,64,32,fresh_iid,16,0.4052712093441558,0.40320403731313004
s9316_r2_n750_a375,confirmatory,9316,2,0.75,0.375,joint_forward_feedback,balanced_contiguous_k8,balanced_contiguous,balanced,8,1.0487418407321982,1.0,0.487418407321983,64,64,64,fresh_iid,16,0.32691558440772317,0.3280371049139503
s9316_r2_n750_a375,confirmatory,9316,2,0.75,0.375,joint_forward_feedback,balanced_interleaved_k1,balanced_interleaved,balanced,1,0.19088469787505546,0.125,0.6588469787505544,64,64,8,fresh_iid,16,0.6123143217961617,0.6003310433084097
s9316_r2_n750_a375,confirmatory,9316,2,0.75,0.375,joint_forward_feedback,balanced_interleaved_k2,balanced_interleaved,balanced,2,0.31588469787505546,0.25,0.6588469787505544,64,64,16,fresh_iid,16,0.5960325622639467,0.5852194900989408
s9316_r2_n750_a375,confirmatory,9316,2,0.75,0.375,joint_forward_feedback,balanced_interleaved_k4,balanced_interleaved,balanced,4,0.5658846978750555,0.5,0.6588469787505544,64,64,32,fresh_iid,16,0.415799886040475,0.4138320408140945
s9316_r2_n750_a375,confirmatory,9316,2,0.75,0.375,joint_forward_feedback,balanced_interleaved_k8,balanced_interleaved,balanced,8,1.0658846978750554,1.0,0.6588469787505544,64,64,64,fresh_iid,16,0.3030130797615328,0.30633688806812376
s9316_r2_n750_a375,confirmatory,9316,2,0.75,0.375,joint_forward_feedback,balanced_permutation_a_k1,balanced_permutation_a,balanced,1,0.18899250811836066,0.125,0.6399250811836067,64,64,8,fresh_iid,16,0.616233608806019,0.6038092859630765
s9316_r2_n750_a375,confirmatory,9316,2,0.75,0.375,joint_forward_feedback,balanced_permutation_a_k2,balanced_permutation_a,balanced,2,0.31399250811836066,0.25,0.6399250811836067,64,64,16,fresh_iid,16,0.5612976487391189,0.5494048040716681
s9316_r2_n750_a375,confirmatory,9316,2,0.75,0.375,joint_forward_feedback,balanced_permutation_a_k4,balanced_permutation_a,balanced,4,0.5639925081183607,0.5,0.6399250811836067,64,64,32,fresh_iid,16,0.5006891852552284,0.49134460162912313
s9316_r2_n750_a375,confirmatory,9316,2,0.75,0.375,joint_forward_feedback,balanced_permutation_a_k8,balanced_permutation_a,balanced,8,1.0639925081183608,1.0,0.6399250811836067,64,64,64,fresh_iid,16,0.30717755627635734,0.3098377386385289
s9316_r2_n750_a375,confirmatory,9316,2,0.75,0.375,joint_forward_feedback,balanced_permutation_b_k1,balanced_permutation_b,balanced,1,0.18840039778945986,0.125,0.6340039778945984,64,64,8,fresh_iid,16,0.6169845373720202,0.604212560306393
s9316_r2_n750_a375,confirmatory,9316,2,0.75,0.375,joint_forward_feedback,balanced_permutation_b_k2,balanced_permutation_b,balanced,2,0.31340039778945983,0.25,0.6340039778945984,64,64,16,fresh_iid,16,0.4191643827597984,0.4116721309929881
s9316_r2_n750_a375,confirmatory,9316,2,0.75,0.375,joint_forward_feedback,balanced_permutation_b_k4,balanced_permutation_b,balanced,4,0.5634003977894598,0.5,0.6340039778945984,64,64,32,fresh_iid,16,0.365940010549418,0.36332963980468597
s9316_r2_n750_a375,confirmatory,9316,2,0.75,0.375,joint_forward_feedback,balanced_permutation_b_k8,balanced_permutation_b,balanced,8,1.06340039778946,1.0,0.6340039778945984,64,64,64,fresh_iid,16,0.30101531335357273,0.3045418399909944
s9316_r2_n750_a375,confirmatory,9316,2,0.75,0.375,joint_forward_feedback,comb_contiguous_k1,comb_contiguous,comb,1,0.225,0.125,1.0,64,64,8,fresh_iid,16,0.6090292194612913,0.5977870631283668
s9316_r2_n750_a375,confirmatory,9316,2,0.75,0.375,joint_forward_feedback,comb_contiguous_k2,comb_contiguous,comb,2,0.35,0.25,1.0,64,64,16,fresh_iid,16,0.5209846132130583,0.5173460032167687
s9316_r2_n750_a375,confirmatory,9316,2,0.75,0.375,joint_forward_feedback,comb_contiguous_k4,comb_contiguous,comb,4,0.6,0.5,1.0,64,64,32,fresh_iid,16,0.46163474123633724,0.4606278530973646
s9316_r2_n750_a375,confirmatory,9316,2,0.75,0.375,joint_forward_feedback,comb_contiguous_k8,comb_contiguous,comb,8,1.1,1.0,1.0,64,64,64,fresh_iid,16,0.30740883788823836,0.3112317462135318
s9316_r2_n750_a375,confirmatory,9316,2,0.75,0.375,joint_forward_feedback,balanced_contiguous_k1,balanced_contiguous,balanced,1,0.1737418407321983,0.125,0.487418407321983,64,64,8,fresh_iid,64,0.5507539350798596,0.5404379997370731
s9316_r2_n750_a375,confirmatory,9316,2,0.75,0.375,joint_forward_feedback,balanced_contiguous_k2,balanced_contiguous,balanced,2,0.2987418407321983,0.25,0.487418407321983,64,64,16,fresh_iid,64,0.29435350987624553,0.2977187480729472
s9316_r2_n750_a375,confirmatory,9316,2,0.75,0.375,joint_forward_feedback,balanced_contiguous_k4,balanced_contiguous,balanced,4,0.5487418407321983,0.5,0.487418407321983,64,64,32,fresh_iid,64,0.2865804813187607,0.2913309494362669
s9316_r2_n750_a375,confirmatory,9316,2,0.75,0.375,joint_forward_feedback,balanced_contiguous_k8,balanced_contiguous,balanced,8,1.0487418407321982,1.0,0.487418407321983,64,64,64,fresh_iid,64,0.28380352608202314,0.28980797861993274
s9316_r2_n750_a375,confirmatory,9316,2,0.75,0.375,joint_forward_feedback,balanced_interleaved_k1,balanced_interleaved,balanced,1,0.19088469787505546,0.125,0.6588469787505544,64,64,8,fresh_iid,64,0.5495264892222159,0.5391092485801385
s9316_r2_n750_a375,confirmatory,9316,2,0.75,0.375,joint_forward_feedback,balanced_interleaved_k2,balanced_interleaved,balanced,2,0.31588469787505546,0.25,0.6588469787505544,64,64,16,fresh_iid,64,0.5460324681033335,0.5358725030126883
s9316_r2_n750_a375,confirmatory,9316,2,0.75,0.375,joint_forward_feedback,balanced_interleaved_k4,balanced_interleaved,balanced,4,0.5658846978750555,0.5,0.6588469787505544,64,64,32,fresh_iid,64,0.29732163639737064,0.30050599999725713
s9316_r2_n750_a375,confirmatory,9316,2,0.75,0.375,joint_forward_feedback,balanced_interleaved_k8,balanced_interleaved,balanced,8,1.0658846978750554,1.0,0.6588469787505544,64,64,64,fresh_iid,64,0.2872820003992449,0.2933683222528824
s9316_r2_n750_a375,confirmatory,9316,2,0.75,0.375,joint_forward_feedback,balanced_permutation_a_k1,balanced_permutation_a,balanced,1,0.18899250811836066,0.125,0.6399250811836067,64,64,8,fresh_iid,64,0.549752111325469,0.5390793817195103
s9316_r2_n750_a375,confirmatory,9316,2,0.75,0.375,joint_forward_feedback,balanced_permutation_a_k2,balanced_permutation_a,balanced,2,0.31399250811836066,0.25,0.6399250811836067,64,64,16,fresh_iid,64,0.489482236998411,0.479177755527445
s9316_r2_n750_a375,confirmatory,9316,2,0.75,0.375,joint_forward_feedback,balanced_permutation_a_k4,balanced_permutation_a,balanced,4,0.5639925081183607,0.5,0.6399250811836067,64,64,32,fresh_iid,64,0.40784051099660357,0.40162019520397496
s9316_r2_n750_a375,confirmatory,9316,2,0.75,0.375,joint_forward_feedback,balanced_permutation_a_k8,balanced_permutation_a,balanced,8,1.0639925081183608,1.0,0.6399250811836067,64,64,64,fresh_iid,64,0.28758163917093565,0.29361479913412497
s9316_r2_n750_a375,confirmatory,9316,2,0.75,0.375,joint_forward_feedback,balanced_permutation_b_k1,balanced_permutation_b,balanced,1,0.18840039778945986,0.125,0.6340039778945984,64,64,8,fresh_iid,64,0.5499436027405458,0.5388861671159745
s9316_r2_n750_a375,confirmatory,9316,2,0.75,0.375,joint_forward_feedback,balanced_permutation_b_k2,balanced_permutation_b,balanced,2,0.31340039778945983,0.25,0.6340039778945984,64,64,16,fresh_iid,64,0.2913351688833736,0.2956500202082507
s9316_r2_n750_a375,confirmatory,9316,2,0.75,0.375,joint_forward_feedback,balanced_permutation_b_k4,balanced_permutation_b,balanced,4,0.5634003977894598,0.5,0.6340039778945984,64,64,32,fresh_iid,64,0.28230464993924714,0.2887101819798207
s9316_r2_n750_a375,confirmatory,9316,2,0.75,0.375,joint_forward_feedback,balanced_permutation_b_k8,balanced_permutation_b,balanced,8,1.06340039778946,1.0,0.6340039778945984,64,64,64,fresh_iid,64,0.28727051311131574,0.29363207968003247
s9316_r2_n750_a375,confirmatory,9316,2,0.75,0.375,joint_forward_feedback,comb_contiguous_k1,comb_contiguous,comb,1,0.225,0.125,1.0,64,64,8,fresh_iid,64,0.5491313498777337,0.5394065484805852
s9316_r2_n750_a375,confirmatory,9316,2,0.75,0.375,joint_forward_feedback,comb_contiguous_k2,comb_contiguous,comb,2,0.35,0.25,1.0,64,64,16,fresh_iid,64,0.4534057886784726,0.4487751074169623
s9316_r2_n750_a375,confirmatory,9316,2,0.75,0.375,joint_forward_feedback,comb_contiguous_k4,comb_contiguous,comb,4,0.6,0.5,1.0,64,64,32,fresh_iid,64,0.3444280093248632,0.34487729662010314
s9316_r2_n750_a375,confirmatory,9316,2,0.75,0.375,joint_forward_feedback,comb_contiguous_k8,comb_contiguous,comb,8,1.1,1.0,1.0,64,64,64,fresh_iid,64,0.2888551646534256,0.2945299109041235
s9316_r2_n750_a375,confirmatory,9316,2,0.75,0.375,joint_forward_feedback,balanced_contiguous_k1,balanced_contiguous,balanced,1,0.1737418407321983,0.125,0.487418407321983,64,64,8,fresh_iid,256,0.5416900931865876,0.5334100974812888
s9316_r2_n750_a375,confirmatory,9316,2,0.75,0.375,joint_forward_feedback,balanced_contiguous_k2,balanced_contiguous,balanced,2,0.2987418407321983,0.25,0.487418407321983,64,64,16,fresh_iid,256,0.27408504706911874,0.2822874403100177
s9316_r2_n750_a375,confirmatory,9316,2,0.75,0.375,joint_forward_feedback,balanced_contiguous_k4,balanced_contiguous,balanced,4,0.5487418407321983,0.5,0.487418407321983,64,64,32,fresh_iid,256,0.27450419386318137,0.2824695665051618
s9316_r2_n750_a375,confirmatory,9316,2,0.75,0.375,joint_forward_feedback,balanced_contiguous_k8,balanced_contiguous,balanced,8,1.0487418407321982,1.0,0.487418407321983,64,64,64,fresh_iid,256,0.2762578961470785,0.2836614765149759
s9316_r2_n750_a375,confirmatory,9316,2,0.75,0.375,joint_forward_feedback,balanced_interleaved_k1,balanced_interleaved,balanced,1,0.19088469787505546,0.125,0.6588469787505544,64,64,8,fresh_iid,256,0.5422481259294765,0.5338316464259666
s9316_r2_n750_a375,confirmatory,9316,2,0.75,0.375,joint_forward_feedback,balanced_interleaved_k2,balanced_interleaved,balanced,2,0.31588469787505546,0.25,0.6588469787505544,64,64,16,fresh_iid,256,0.5265578357498657,0.5190428359667243
s9316_r2_n750_a375,confirmatory,9316,2,0.75,0.375,joint_forward_feedback,balanced_interleaved_k4,balanced_interleaved,balanced,4,0.5658846978750555,0.5,0.6588469787505544,64,64,32,fresh_iid,256,0.2748022861112765,0.282719404400349
s9316_r2_n750_a375,confirmatory,9316,2,0.75,0.375,joint_forward_feedback,balanced_interleaved_k8,balanced_interleaved,balanced,8,1.0658846978750554,1.0,0.6588469787505544,64,64,64,fresh_iid,256,0.27821636600519023,0.28509603630185054
s9316_r2_n750_a375,confirmatory,9316,2,0.75,0.375,joint_forward_feedback,balanced_permutation_a_k1,balanced_permutation_a,balanced,1,0.18899250811836066,0.125,0.6399250811836067,64,64,8,fresh_iid,256,0.5425522769319204,0.5337459980885741
s9316_r2_n750_a375,confirmatory,9316,2,0.75,0.375,joint_forward_feedback,balanced_permutation_a_k2,balanced_permutation_a,balanced,2,0.31399250811836066,0.25,0.6399250811836067,64,64,16,fresh_iid,256,0.3651133404935743,0.362583669740808
s9316_r2_n750_a375,confirmatory,9316,2,0.75,0.375,joint_forward_feedback,balanced_permutation_a_k4,balanced_permutation_a,balanced,4,0.5639925081183607,0.5,0.6399250811836067,64,64,32,fresh_iid,256,0.28636213568336705,0.2912549597298888
s9316_r2_n750_a375,confirmatory,9316,2,0.75,0.375,joint_forward_feedback,balanced_permutation_a_k8,balanced_permutation_a,balanced,8,1.0639925081183608,1.0,0.6399250811836067,64,64,64,fresh_iid,256,0.2782290169051226,0.2853308687243731
s9316_r2_n750_a375,confirmatory,9316,2,0.75,0.375,joint_forward_feedback,balanced_permutation_b_k1,balanced_permutation_b,balanced,1,0.18840039778945986,0.125,0.6340039778945984,64,64,8,fresh_iid,256,0.5431147201346211,0.533747025092483
s9316_r2_n750_a375,confirmatory,9316,2,0.75,0.375,joint_forward_feedback,balanced_permutation_b_k2,balanced_permutation_b,balanced,2,0.31340039778945983,0.25,0.6340039778945984,64,64,16,fresh_iid,256,0.27536873750503316,0.2832462113951973
s9316_r2_n750_a375,confirmatory,9316,2,0.75,0.375,joint_forward_feedback,balanced_permutation_b_k4,balanced_permutation_b,balanced,4,0.5634003977894598,0.5,0.6340039778945984,64,64,32,fresh_iid,256,0.27600508653180555,0.2835274731566816
s9316_r2_n750_a375,confirmatory,9316,2,0.75,0.375,joint_forward_feedback,balanced_permutation_b_k8,balanced_permutation_b,balanced,8,1.06340039778946,1.0,0.6340039778945984,64,64,64,fresh_iid,256,0.2793252265670749,0.2861014233702266
s9316_r2_n750_a375,confirmatory,9316,2,0.75,0.375,joint_forward_feedback,comb_contiguous_k1,comb_contiguous,comb,1,0.225,0.125,1.0,64,64,8,fresh_iid,256,0.5412286908440015,0.5338443539647122
s9316_r2_n750_a375,confirmatory,9316,2,0.75,0.375,joint_forward_feedback,comb_contiguous_k2,comb_contiguous,comb,2,0.35,0.25,1.0,64,64,16,fresh_iid,256,0.31417707325666727,0.31814818498452185
s9316_r2_n750_a375,confirmatory,9316,2,0.75,0.375,joint_forward_feedback,comb_contiguous_k4,comb_contiguous,comb,4,0.6,0.5,1.0,64,64,32,fresh_iid,256,0.27574583625081805,0.28309505986152794
s9316_r2_n750_a375,confirmatory,9316,2,0.75,0.375,joint_forward_feedback,comb_contiguous_k8,comb_contiguous,comb,8,1.1,1.0,1.0,64,64,64,fresh_iid,256,0.27801146712755387,0.2846575720234308
s9316_r4_n000_a125,confirmatory,9316,4,0.0,0.125,feedback_only,balanced_contiguous_k1,balanced_contiguous,balanced,1,0.1737418407321983,0.125,0.487418407321983,64,64,8,fixed_cache,16,0.3873594117384715,0.38700735892150684
s9316_r4_n000_a125,confirmatory,9316,4,0.0,0.125,feedback_only,balanced_contiguous_k2,balanced_contiguous,balanced,2,0.2987418407321983,0.25,0.487418407321983,64,64,16,fixed_cache,16,0.27428427531764177,0.27331331762745625
s9316_r4_n000_a125,confirmatory,9316,4,0.0,0.125,feedback_only,balanced_contiguous_k4,balanced_contiguous,balanced,4,0.5487418407321983,0.5,0.487418407321983,64,64,32,fixed_cache,16,0.04557019611100288,0.0467719001104318
s9316_r4_n000_a125,confirmatory,9316,4,0.0,0.125,feedback_only,balanced_contiguous_k8,balanced_contiguous,balanced,8,1.0487418407321982,1.0,0.487418407321983,64,64,64,fixed_cache,16,0.03756538011160418,0.0384782688901963
s9316_r4_n000_a125,confirmatory,9316,4,0.0,0.125,feedback_only,balanced_interleaved_k1,balanced_interleaved,balanced,1,0.19088469787505546,0.125,0.6588469787505544,64,64,8,fixed_cache,16,0.3873594117384715,0.38700735892150684
s9316_r4_n000_a125,confirmatory,9316,4,0.0,0.125,feedback_only,balanced_interleaved_k2,balanced_interleaved,balanced,2,0.31588469787505546,0.25,0.6588469787505544,64,64,16,fixed_cache,16,0.3844390809505095,0.38409828898101384
s9316_r4_n000_a125,confirmatory,9316,4,0.0,0.125,feedback_only,balanced_interleaved_k4,balanced_interleaved,balanced,4,0.5658846978750555,0.5,0.6588469787505544,64,64,32,fixed_cache,16,0.2584755730220097,0.25813019456318664
s9316_r4_n000_a125,confirmatory,9316,4,0.0,0.125,feedback_only,balanced_interleaved_k8,balanced_interleaved,balanced,8,1.0658846978750554,1.0,0.6588469787505544,64,64,64,fixed_cache,16,0.03756538011160418,0.0384782688901963
s9316_r4_n000_a125,confirmatory,9316,4,0.0,0.125,feedback_only,balanced_permutation_a_k1,balanced_permutation_a,balanced,1,0.18899250811836066,0.125,0.6399250811836067,64,64,8,fixed_cache,16,0.3873594117384715,0.38700735892150684
s9316_r4_n000_a125,confirmatory,9316,4,0.0,0.125,feedback_only,balanced_permutation_a_k2,balanced_permutation_a,balanced,2,0.31399250811836066,0.25,0.6399250811836067,64,64,16,fixed_cache,16,0.38026097703784323,0.3802819685192107
s9316_r4_n000_a125,confirmatory,9316,4,0.0,0.125,feedback_only,balanced_permutation_a_k4,balanced_permutation_a,balanced,4,0.5639925081183607,0.5,0.6399250811836067,64,64,32,fixed_cache,16,0.23747229766027791,0.23932192357288717
s9316_r4_n000_a125,confirmatory,9316,4,0.0,0.125,feedback_only,balanced_permutation_a_k8,balanced_permutation_a,balanced,8,1.0639925081183608,1.0,0.6399250811836067,64,64,64,fixed_cache,16,0.03756538011160418,0.0384782688901963
s9316_r4_n000_a125,confirmatory,9316,4,0.0,0.125,feedback_only,balanced_permutation_b_k1,balanced_permutation_b,balanced,1,0.18840039778945986,0.125,0.6340039778945984,64,64,8,fixed_cache,16,0.3873594117384715,0.38700735892150684
s9316_r4_n000_a125,confirmatory,9316,4,0.0,0.125,feedback_only,balanced_permutation_b_k2,balanced_permutation_b,balanced,2,0.31340039778945983,0.25,0.6340039778945984,64,64,16,fixed_cache,16,0.3685156427363998,0.36720643029695593
s9316_r4_n000_a125,confirmatory,9316,4,0.0,0.125,feedback_only,balanced_permutation_b_k4,balanced_permutation_b,balanced,4,0.5634003977894598,0.5,0.6340039778945984,64,64,32,fixed_cache,16,0.2229579045040025,0.22295971189300057
s9316_r4_n000_a125,confirmatory,9316,4,0.0,0.125,feedback_only,balanced_permutation_b_k8,balanced_permutation_b,balanced,8,1.06340039778946,1.0,0.6340039778945984,64,64,64,fixed_cache,16,0.03756538011160418,0.0384782688901963
s9316_r4_n000_a125,confirmatory,9316,4,0.0,0.125,feedback_only,comb_contiguous_k1,comb_contiguous,comb,1,0.225,0.125,1.0,64,64,8,fixed_cache,16,0.3873594117384715,0.38700735892150684
s9316_r4_n000_a125,confirmatory,9316,4,0.0,0.125,feedback_only,comb_contiguous_k2,comb_contiguous,comb,2,0.35,0.25,1.0,64,64,16,fixed_cache,16,0.32839406803273574,0.329884720699334
s9316_r4_n000_a125,confirmatory,9316,4,0.0,0.125,feedback_only,comb_contiguous_k4,comb_contiguous,comb,4,0.6,0.5,1.0,64,64,32,fixed_cache,16,0.184041844231515,0.18685909840395412
s9316_r4_n000_a125,confirmatory,9316,4,0.0,0.125,feedback_only,comb_contiguous_k8,comb_contiguous,comb,8,1.1,1.0,1.0,64,64,64,fixed_cache,16,0.03756538011160418,0.0384782688901963
s9316_r4_n000_a125,confirmatory,9316,4,0.0,0.125,feedback_only,balanced_contiguous_k1,balanced_contiguous,balanced,1,0.1737418407321983,0.125,0.487418407321983,64,64,8,fixed_cache,64,0.37527055589861946,0.37522907107120845
s9316_r4_n000_a125,confirmatory,9316,4,0.0,0.125,feedback_only,balanced_contiguous_k2,balanced_contiguous,balanced,2,0.2987418407321983,0.25,0.487418407321983,64,64,16,fixed_cache,64,0.2551025662833828,0.2518328593831648
s9316_r4_n000_a125,confirmatory,9316,4,0.0,0.125,feedback_only,balanced_contiguous_k4,balanced_contiguous,balanced,4,0.5487418407321983,0.5,0.487418407321983,64,64,32,fixed_cache,64,3.3610257764376194e-05,3.418389694931992e-05
s9316_r4_n000_a125,confirmatory,9316,4,0.0,0.125,feedback_only,balanced_contiguous_k8,balanced_contiguous,balanced,8,1.0487418407321982,1.0,0.487418407321983,64,64,64,fixed_cache,64,1.5322784422745492e-05,1.5430482531837098e-05
s9316_r4_n000_a125,confirmatory,9316,4,0.0,0.125,feedback_only,balanced_interleaved_k1,balanced_interleaved,balanced,1,0.19088469787505546,0.125,0.6588469787505544,64,64,8,fixed_cache,64,0.37527055589861946,0.37522907107120845
s9316_r4_n000_a125,confirmatory,9316,4,0.0,0.125,feedback_only,balanced_interleaved_k2,balanced_interleaved,balanced,2,0.31588469787505546,0.25,0.6588469787505544,64,64,16,fixed_cache,64,0.36529291769761374,0.36497747926050494
s9316_r4_n000_a125,confirmatory,9316,4,0.0,0.125,feedback_only,balanced_interleaved_k4,balanced_interleaved,balanced,4,0.5658846978750555,0.5,0.6588469787505544,64,64,32,fixed_cache,64,0.21070184151138263,0.2082471592196443
s9316_r4_n000_a125,confirmatory,9316,4,0.0,0.125,feedback_only,balanced_interleaved_k8,balanced_interleaved,balanced,8,1.0658846978750554,1.0,0.6588469787505544,64,64,64,fixed_cache,64,1.5322784422745492e-05,1.5430482531837098e-05
s9316_r4_n000_a125,confirmatory,9316,4,0.0,0.125,feedback_only,balanced_permutation_a_k1,balanced_permutation_a,balanced,1,0.18899250811836066,0.125,0.6399250811836067,64,64,8,fixed_cache,64,0.37527055589861946,0.37522907107120845
s9316_r4_n000_a125,confirmatory,9316,4,0.0,0.125,feedback_only,balanced_permutation_a_k2,balanced_permutation_a,balanced,2,0.31399250811836066,0.25,0.6399250811836067,64,64,16,fixed_cache,64,0.3502244756547722,0.35058599546431407
s9316_r4_n000_a125,confirmatory,9316,4,0.0,0.125,feedback_only,balanced_permutation_a_k4,balanced_permutation_a,balanced,4,0.5639925081183607,0.5,0.6399250811836067,64,64,32,fixed_cache,64,0.1275467630431135,0.12898011469628404
s9316_r4_n000_a125,confirmatory,9316,4,0.0,0.125,feedback_only,balanced_permutation_a_k8,balanced_permutation_a,balanced,8,1.0639925081183608,1.0,0.6399250811836067,64,64,64,fixed_cache,64,1.5322784422745492e-05,1.5430482531837098e-05
s9316_r4_n000_a125,confirmatory,9316,4,0.0,0.125,feedback_only,balanced_permutation_b_k1,balanced_permutation_b,balanced,1,0.18840039778945986,0.125,0.6340039778945984,64,64,8,fixed_cache,64,0.37527055589861946,0.37522907107120845
s9316_r4_n000_a125,confirmatory,9316,4,0.0,0.125,feedback_only,balanced_permutation_b_k2,balanced_permutation_b,balanced,2,0.31340039778945983,0.25,0.6340039778945984,64,64,16,fixed_cache,64,0.3220951600221449,0.31944009237309773
s9316_r4_n000_a125,confirmatory,9316,4,0.0,0.125,feedback_only,balanced_permutation_b_k4,balanced_permutation_b,balanced,4,0.5634003977894598,0.5,0.6340039778945984,64,64,32,fixed_cache,64,0.10506445779521845,0.10306292395837476
s9316_r4_n000_a125,confirmatory,9316,4,0.0,0.125,feedback_only,balanced_permutation_b_k8,balanced_permutation_b,balanced,8,1.06340039778946,1.0,0.6340039778945984,64,64,64,fixed_cache,64,1.5322784422745492e-05,1.5430482531837098e-05
s9316_r4_n000_a125,confirmatory,9316,4,0.0,0.125,feedback_only,comb_contiguous_k1,comb_contiguous,comb,1,0.225,0.125,1.0,64,64,8,fixed_cache,64,0.37527055589861946,0.37522907107120845
s9316_r4_n000_a125,confirmatory,9316,4,0.0,0.125,feedback_only,comb_contiguous_k2,comb_contiguous,comb,2,0.35,0.25,1.0,64,64,16,fixed_cache,64,0.25688906014393453,0.2603071615239932
s9316_r4_n000_a125,confirmatory,9316,4,0.0,0.125,feedback_only,comb_contiguous_k4,comb_contiguous,comb,4,0.6,0.5,1.0,64,64,32,fixed_cache,64,0.07031771842749228,0.07076045641422958
s9316_r4_n000_a125,confirmatory,9316,4,0.0,0.125,feedback_only,comb_contiguous_k8,comb_contiguous,comb,8,1.1,1.0,1.0,64,64,64,fixed_cache,64,1.5322784422745492e-05,1.5430482531837098e-05
s9316_r4_n000_a125,confirmatory,9316,4,0.0,0.125,feedback_only,balanced_contiguous_k1,balanced_contiguous,balanced,1,0.1737418407321983,0.125,0.487418407321983,64,64,8,fixed_cache,256,0.3756102358256256,0.37533780760490154
s9316_r4_n000_a125,confirmatory,9316,4,0.0,0.125,feedback_only,balanced_contiguous_k2,balanced_contiguous,balanced,2,0.2987418407321983,0.25,0.487418407321983,64,64,16,fixed_cache,256,0.25557018986846014,0.25166622874852973
s9316_r4_n000_a125,confirmatory,9316,4,0.0,0.125,feedback_only,balanced_contiguous_k4,balanced_contiguous,balanced,4,0.5487418407321983,0.5,0.487418407321983,64,64,32,fixed_cache,256,5.89200922769105e-16,5.745147364124832e-16
s9316_r4_n000_a125,confirmatory,9316,4,0.0,0.125,feedback_only,balanced_contiguous_k8,balanced_contiguous,balanced,8,1.0487418407321982,1.0,0.487418407321983,64,64,64,fixed_cache,256,5.4177914600772785e-17,5.277194202505226e-17
s9316_r4_n000_a125,confirmatory,9316,4,0.0,0.125,feedback_only,balanced_interleaved_k1,balanced_interleaved,balanced,1,0.19088469787505546,0.125,0.6588469787505544,64,64,8,fixed_cache,256,0.3756102358256256,0.37533780760490154
s9316_r4_n000_a125,confirmatory,9316,4,0.0,0.125,feedback_only,balanced_interleaved_k2,balanced_interleaved,balanced,2,0.31588469787505546,0.25,0.6588469787505544,64,64,16,fixed_cache,256,0.3415125064037082,0.34010635591247296
s9316_r4_n000_a125,confirmatory,9316,4,0.0,0.125,feedback_only,balanced_interleaved_k4,balanced_interleaved,balanced,4,0.5658846978750555,0.5,0.6588469787505544,64,64,32,fixed_cache,256,0.14937470437747213,0.1479825929915996
s9316_r4_n000_a125,confirmatory,9316,4,0.0,0.125,feedback_only,balanced_interleaved_k8,balanced_interleaved,balanced,8,1.0658846978750554,1.0,0.6588469787505544,64,64,64,fixed_cache,256,5.4177914600772785e-17,5.277194202505226e-17
s9316_r4_n000_a125,confirmatory,9316,4,0.0,0.125,feedback_only,balanced_permutation_a_k1,balanced_permutation_a,balanced,1,0.18899250811836066,0.125,0.6399250811836067,64,64,8,fixed_cache,256,0.3756102358256256,0.37533780760490154
s9316_r4_n000_a125,confirmatory,9316,4,0.0,0.125,feedback_only,balanced_permutation_a_k2,balanced_permutation_a,balanced,2,0.31399250811836066,0.25,0.6399250811836067,64,64,16,fixed_cache,256,0.3045147078754017,0.3047972345495278
s9316_r4_n000_a125,confirmatory,9316,4,0.0,0.125,feedback_only,balanced_permutation_a_k4,balanced_permutation_a,balanced,4,0.5639925081183607,0.5,0.6399250811836067,64,64,32,fixed_cache,256,0.11385273993811723,0.11456770804945836
s9316_r4_n000_a125,confirmatory,9316,4,0.0,0.125,feedback_only,balanced_permutation_a_k8,balanced_permutation_a,balanced,8,1.0639925081183608,1.0,0.6399250811836067,64,64,64,fixed_cache,256,5.4177914600772785e-17,5.277194202505226e-17
s9316_r4_n000_a125,confirmatory,9316,4,0.0,0.125,feedback_only,balanced_permutation_b_k1,balanced_permutation_b,balanced,1,0.18840039778945986,0.125,0.6340039778945984,64,64,8,fixed_cache,256,0.3756102358256256,0.37533780760490154
s9316_r4_n000_a125,confirmatory,9316,4,0.0,0.125,feedback_only,balanced_permutation_b_k2,balanced_permutation_b,balanced,2,0.31340039778945983,0.25,0.6340039778945984,64,64,16,fixed_cache,256,0.2678634254740833,0.2638374093774759
s9316_r4_n000_a125,confirmatory,9316,4,0.0,0.125,feedback_only,balanced_permutation_b_k4,balanced_permutation_b,balanced,4,0.5634003977894598,0.5,0.6340039778945984,64,64,32,fixed_cache,256,0.0460489595620317,0.04527667713926626
s9316_r4_n000_a125,confirmatory,9316,4,0.0,0.125,feedback_only,balanced_permutation_b_k8,balanced_permutation_b,balanced,8,1.06340039778946,1.0,0.6340039778945984,64,64,64,fixed_cache,256,5.4177914600772785e-17,5.277194202505226e-17
s9316_r4_n000_a125,confirmatory,9316,4,0.0,0.125,feedback_only,comb_contiguous_k1,comb_contiguous,comb,1,0.225,0.125,1.0,64,64,8,fixed_cache,256,0.3756102358256256,0.37533780760490154
s9316_r4_n000_a125,confirmatory,9316,4,0.0,0.125,feedback_only,comb_contiguous_k2,comb_contiguous,comb,2,0.35,0.25,1.0,64,64,16,fixed_cache,256,0.24719060373535168,0.25112755187207053
s9316_r4_n000_a125,confirmatory,9316,4,0.0,0.125,feedback_only,comb_contiguous_k4,comb_contiguous,comb,4,0.6,0.5,1.0,64,64,32,fixed_cache,256,0.010078126325496997,0.010014414429396278
s9316_r4_n000_a125,confirmatory,9316,4,0.0,0.125,feedback_only,comb_contiguous_k8,comb_contiguous,comb,8,1.1,1.0,1.0,64,64,64,fixed_cache,256,5.4177914600772785e-17,5.277194202505226e-17
s9316_r4_n000_a125,confirmatory,9316,4,0.0,0.125,feedback_only,balanced_contiguous_k1,balanced_contiguous,balanced,1,0.1737418407321983,0.125,0.487418407321983,64,64,8,fresh_iid,16,0.3885998029813901,0.3882215146366951
s9316_r4_n000_a125,confirmatory,9316,4,0.0,0.125,feedback_only,balanced_contiguous_k2,balanced_contiguous,balanced,2,0.2987418407321983,0.25,0.487418407321983,64,64,16,fresh_iid,16,0.2684240484279868,0.2662129579062451
s9316_r4_n000_a125,confirmatory,9316,4,0.0,0.125,feedback_only,balanced_contiguous_k4,balanced_contiguous,balanced,4,0.5487418407321983,0.5,0.487418407321983,64,64,32,fresh_iid,16,0.03013487696110711,0.03041543146926133
s9316_r4_n000_a125,confirmatory,9316,4,0.0,0.125,feedback_only,balanced_contiguous_k8,balanced_contiguous,balanced,8,1.0487418407321982,1.0,0.487418407321983,64,64,64,fresh_iid,16,0.022295116997604496,0.022416047577682643
s9316_r4_n000_a125,confirmatory,9316,4,0.0,0.125,feedback_only,balanced_interleaved_k1,balanced_interleaved,balanced,1,0.19088469787505546,0.125,0.6588469787505544,64,64,8,fresh_iid,16,0.3885998029813901,0.3882215146366951
s9316_r4_n000_a125,confirmatory,9316,4,0.0,0.125,feedback_only,balanced_interleaved_k2,balanced_interleaved,balanced,2,0.31588469787505546,0.25,0.6588469787505544,64,64,16,fresh_iid,16,0.38580105035886264,0.38537798670586393
s9316_r4_n000_a125,confirmatory,9316,4,0.0,0.125,feedback_only,balanced_interleaved_k4,balanced_interleaved,balanced,4,0.5658846978750555,0.5,0.6588469787505544,64,64,32,fresh_iid,16,0.2575155366359519,0.255431297388632
s9316_r4_n000_a125,confirmatory,9316,4,0.0,0.125,feedback_only,balanced_interleaved_k8,balanced_interleaved,balanced,8,1.0658846978750554,1.0,0.6588469787505544,64,64,64,fresh_iid,16,0.022295116997604496,0.022416047577682643
s9316_r4_n000_a125,confirmatory,9316,4,0.0,0.125,feedback_only,balanced_permutation_a_k1,balanced_permutation_a,balanced,1,0.18899250811836066,0.125,0.6399250811836067,64,64,8,fresh_iid,16,0.3885998029813901,0.3882215146366951
s9316_r4_n000_a125,confirmatory,9316,4,0.0,0.125,feedback_only,balanced_permutation_a_k2,balanced_permutation_a,balanced,2,0.31399250811836066,0.25,0.6399250811836067,64,64,16,fresh_iid,16,0.3804224376195998,0.38034215412075734
s9316_r4_n000_a125,confirmatory,9316,4,0.0,0.125,feedback_only,balanced_permutation_a_k4,balanced_permutation_a,balanced,4,0.5639925081183607,0.5,0.6399250811836067,64,64,32,fresh_iid,16,0.2181727868156792,0.2191608360064882
s9316_r4_n000_a125,confirmatory,9316,4,0.0,0.125,feedback_only,balanced_permutation_a_k8,balanced_permutation_a,balanced,8,1.0639925081183608,1.0,0.6399250811836067,64,64,64,fresh_iid,16,0.022295116997604496,0.022416047577682643
s9316_r4_n000_a125,confirmatory,9316,4,0.0,0.125,feedback_only,balanced_permutation_b_k1,balanced_permutation_b,balanced,1,0.18840039778945986,0.125,0.6340039778945984,64,64,8,fresh_iid,16,0.3885998029813901,0.3882215146366951
s9316_r4_n000_a125,confirmatory,9316,4,0.0,0.125,feedback_only,balanced_permutation_b_k2,balanced_permutation_b,balanced,2,0.31340039778945983,0.25,0.6340039778945984,64,64,16,fresh_iid,16,0.36924826291813095,0.36757231858382233
s9316_r4_n000_a125,confirmatory,9316,4,0.0,0.125,feedback_only,balanced_permutation_b_k4,balanced_permutation_b,balanced,4,0.5634003977894598,0.5,0.6340039778945984,64,64,32,fresh_iid,16,0.2025180702214388,0.20082561367052398
s9316_r4_n000_a125,confirmatory,9316,4,0.0,0.125,feedback_only,balanced_permutation_b_k8,balanced_permutation_b,balanced,8,1.06340039778946,1.0,0.6340039778945984,64,64,64,fresh_iid,16,0.022295116997604496,0.022416047577682643
s9316_r4_n000_a125,confirmatory,9316,4,0.0,0.125,feedback_only,comb_contiguous_k1,comb_contiguous,comb,1,0.225,0.125,1.0,64,64,8,fresh_iid,16,0.3885998029813901,0.3882215146366951
s9316_r4_n000_a125,confirmatory,9316,4,0.0,0.125,feedback_only,comb_contiguous_k2,comb_contiguous,comb,2,0.35,0.25,1.0,64,64,16,fresh_iid,16,0.31941011042773493,0.320948135963221
s9316_r4_n000_a125,confirmatory,9316,4,0.0,0.125,feedback_only,comb_contiguous_k4,comb_contiguous,comb,4,0.6,0.5,1.0,64,64,32,fresh_iid,16,0.16633089678511487,0.16787767419428612
s9316_r4_n000_a125,confirmatory,9316,4,0.0,0.125,feedback_only,comb_contiguous_k8,comb_contiguous,comb,8,1.1,1.0,1.0,64,64,64,fresh_iid,16,0.022295116997604496,0.022416047577682643
s9316_r4_n000_a125,confirmatory,9316,4,0.0,0.125,feedback_only,balanced_contiguous_k1,balanced_contiguous,balanced,1,0.1737418407321983,0.125,0.487418407321983,64,64,8,fresh_iid,64,0.37548490992935135,0.37529633386110384
s9316_r4_n000_a125,confirmatory,9316,4,0.0,0.125,feedback_only,balanced_contiguous_k2,balanced_contiguous,balanced,2,0.2987418407321983,0.25,0.487418407321983,64,64,16,fresh_iid,64,0.254558592570164,0.25088063911205094
s9316_r4_n000_a125,confirmatory,9316,4,0.0,0.125,feedback_only,balanced_contiguous_k4,balanced_contiguous,balanced,4,0.5487418407321983,0.5,0.487418407321983,64,64,32,fresh_iid,64,1.4152097505766837e-05,1.4229430348699048e-05
s9316_r4_n000_a125,confirmatory,9316,4,0.0,0.125,feedback_only,balanced_contiguous_k8,balanced_contiguous,balanced,8,1.0487418407321982,1.0,0.487418407321983,64,64,64,fresh_iid,64,4.127791740426202e-06,4.107335793530602e-06
s9316_r4_n000_a125,confirmatory,9316,4,0.0,0.125,feedback_only,balanced_interleaved_k1,balanced_interleaved,balanced,1,0.19088469787505546,0.125,0.6588469787505544,64,64,8,fresh_iid,64,0.37548490992935135,0.37529633386110384
s9316_r4_n000_a125,confirmatory,9316,4,0.0,0.125,feedback_only,balanced_interleaved_k2,balanced_interleaved,balanced,2,0.31588469787505546,0.25,0.6588469787505544,64,64,16,fresh_iid,64,0.36555778324913024,0.3650773005313404
s9316_r4_n000_a125,confirmatory,9316,4,0.0,0.125,feedback_only,balanced_interleaved_k4,balanced_interleaved,balanced,4,0.5658846978750555,0.5,0.6588469787505544,64,64,32,fresh_iid,64,0.20689413664187373,0.20606905780603987
s9316_r4_n000_a125,confirmatory,9316,4,0.0,0.125,feedback_only,balanced_interleaved_k8,balanced_interleaved,balanced,8,1.0658846978750554,1.0,0.6588469787505544,64,64,64,fresh_iid,64,4.127791740426202e-06,4.107335793530602e-06
s9316_r4_n000_a125,confirmatory,9316,4,0.0,0.125,feedback_only,balanced_permutation_a_k1,balanced_permutation_a,balanced,1,0.18899250811836066,0.125,0.6399250811836067,64,64,8,fresh_iid,64,0.37548490992935135,0.37529633386110384
s9316_r4_n000_a125,confirmatory,9316,4,0.0,0.125,feedback_only,balanced_permutation_a_k2,balanced_permutation_a,balanced,2,0.31399250811836066,0.25,0.6399250811836067,64,64,16,fresh_iid,64,0.3504837883311349,0.35079181230567424
s9316_r4_n000_a125,confirmatory,9316,4,0.0,0.125,feedback_only,balanced_permutation_a_k4,balanced_permutation_a,balanced,4,0.5639925081183607,0.5,0.6399250811836067,64,64,32,fresh_iid,64,0.12561148494867164,0.1268562846917044
s9316_r4_n000_a125,confirmatory,9316,4,0.0,0.125,feedback_only,balanced_permutation_a_k8,balanced_permutation_a,balanced,8,1.0639925081183608,1.0,0.6399250811836067,64,64,64,fresh_iid,64,4.127791740426202e-06,4.107335793530602e-06
s9316_r4_n000_a125,confirmatory,9316,4,0.0,0.125,feedback_only,balanced_permutation_b_k1,balanced_permutation_b,balanced,1,0.18840039778945986,0.125,0.6340039778945984,64,64,8,fresh_iid,64,0.37548490992935135,0.37529633386110384
s9316_r4_n000_a125,confirmatory,9316,4,0.0,0.125,feedback_only,balanced_permutation_b_k2,balanced_permutation_b,balanced,2,0.31340039778945983,0.25,0.6340039778945984,64,64,16,fresh_iid,64,0.32131647480798914,0.31841676146531744
s9316_r4_n000_a125,confirmatory,9316,4,0.0,0.125,feedback_only,balanced_permutation_b_k4,balanced_permutation_b,balanced,4,0.5634003977894598,0.5,0.6340039778945984,64,64,32,fresh_iid,64,0.10050221570910982,0.0988672367843714
s9316_r4_n000_a125,confirmatory,9316,4,0.0,0.125,feedback_only,balanced_permutation_b_k8,balanced_permutation_b,balanced,8,1.06340039778946,1.0,0.6340039778945984,64,64,64,fresh_iid,64,4.127791740426202e-06,4.107335793530602e-06
s9316_r4_n000_a125,confirmatory,9316,4,0.0,0.125,feedback_only,comb_contiguous_k1,comb_contiguous,comb,1,0.225,0.125,1.0,64,64,8,fresh_iid,64,0.37548490992935135,0.37529633386110384
s9316_r4_n000_a125,confirmatory,9316,4,0.0,0.125,feedback_only,comb_contiguous_k2,comb_contiguous,comb,2,0.35,0.25,1.0,64,64,16,fresh_iid,64,0.2558699294715676,0.25925611759906
s9316_r4_n000_a125,confirmatory,9316,4,0.0,0.125,feedback_only,comb_contiguous_k4,comb_contiguous,comb,4,0.6,0.5,1.0,64,64,32,fresh_iid,64,0.06999338193738783,0.07047602187968306
s9316_r4_n000_a125,confirmatory,9316,4,0.0,0.125,feedback_only,comb_contiguous_k8,comb_contiguous,comb,8,1.1,1.0,1.0,64,64,64,fresh_iid,64,4.127791740426202e-06,4.107335793530602e-06
s9316_r4_n000_a125,confirmatory,9316,4,0.0,0.125,feedback_only,balanced_contiguous_k1,balanced_contiguous,balanced,1,0.1737418407321983,0.125,0.487418407321983,64,64,8,fresh_iid,256,0.37550978404908886,0.3753196922963886
s9316_r4_n000_a125,confirmatory,9316,4,0.0,0.125,feedback_only,balanced_contiguous_k2,balanced_contiguous,balanced,2,0.2987418407321983,0.25,0.487418407321983,64,64,16,fresh_iid,256,0.2543792604619155,0.2508877445107831
s9316_r4_n000_a125,confirmatory,9316,4,0.0,0.125,feedback_only,balanced_contiguous_k4,balanced_contiguous,balanced,4,0.5487418407321983,0.5,0.487418407321983,64,64,32,fresh_iid,256,2.496317979123122e-18,2.4817793609232525e-18
s9316_r4_n000_a125,confirmatory,9316,4,0.0,0.125,feedback_only,balanced_contiguous_k8,balanced_contiguous,balanced,8,1.0487418407321982,1.0,0.487418407321983,64,64,64,fresh_iid,256,1.2269679415995001e-20,1.1750801897636227e-20
s9316_r4_n000_a125,confirmatory,9316,4,0.0,0.125,feedback_only,balanced_interleaved_k1,balanced_interleaved,balanced,1,0.19088469787505546,0.125,0.6588469787505544,64,64,8,fresh_iid,256,0.37550978404908886,0.3753196922963886
s9316_r4_n000_a125,confirmatory,9316,4,0.0,0.125,feedback_only,balanced_interleaved_k2,balanced_interleaved,balanced,2,0.31588469787505546,0.25,0.6588469787505544,64,64,16,fresh_iid,256,0.34289332681505713,0.34157221530954784
s9316_r4_n000_a125,confirmatory,9316,4,0.0,0.125,feedback_only,balanced_interleaved_k4,balanced_interleaved,balanced,4,0.5658846978750555,0.5,0.6588469787505544,64,64,32,fresh_iid,256,0.14783242236597083,0.14655496775034352
s9316_r4_n000_a125,confirmatory,9316,4,0.0,0.125,feedback_only,balanced_interleaved_k8,balanced_interleaved,balanced,8,1.0658846978750554,1.0,0.6588469787505544,64,64,64,fresh_iid,256,1.2269679415995001e-20,1.1750801897636227e-20
s9316_r4_n000_a125,confirmatory,9316,4,0.0,0.125,feedback_only,balanced_permutation_a_k1,balanced_permutation_a,balanced,1,0.18899250811836066,0.125,0.6399250811836067,64,64,8,fresh_iid,256,0.37550978404908886,0.3753196922963886
s9316_r4_n000_a125,confirmatory,9316,4,0.0,0.125,feedback_only,balanced_permutation_a_k2,balanced_permutation_a,balanced,2,0.31399250811836066,0.25,0.6399250811836067,64,64,16,fresh_iid,256,0.30398444905450545,0.30500927008204465
s9316_r4_n000_a125,confirmatory,9316,4,0.0,0.125,feedback_only,balanced_permutation_a_k4,balanced_permutation_a,balanced,4,0.5639925081183607,0.5,0.6399250811836067,64,64,32,fresh_iid,256,0.11277337526389467,0.11364806053900103
s9316_r4_n000_a125,confirmatory,9316,4,0.0,0.125,feedback_only,balanced_permutation_a_k8,balanced_permutation_a,balanced,8,1.0639925081183608,1.0,0.6399250811836067,64,64,64,fresh_iid,256,1.2269679415995001e-20,1.1750801897636227e-20
s9316_r4_n000_a125,confirmatory,9316,4,0.0,0.125,feedback_only,balanced_permutation_b_k1,balanced_permutation_b,balanced,1,0.18840039778945986,0.125,0.6340039778945984,64,64,8,fresh_iid,256,0.37550978404908886,0.3753196922963886
s9316_r4_n000_a125,confirmatory,9316,4,0.0,0.125,feedback_only,balanced_permutation_b_k2,balanced_permutation_b,balanced,2,0.31340039778945983,0.25,0.6340039778945984,64,64,16,fresh_iid,256,0.26831839881911,0.26395322232961393
s9316_r4_n000_a125,confirmatory,9316,4,0.0,0.125,feedback_only,balanced_permutation_b_k4,balanced_permutation_b,balanced,4,0.5634003977894598,0.5,0.6340039778945984,64,64,32,fresh_iid,256,0.043552201795846616,0.04277179755762444
s9316_r4_n000_a125,confirmatory,9316,4,0.0,0.125,feedback_only,balanced_permutation_b_k8,balanced_permutation_b,balanced,8,1.06340039778946,1.0,0.6340039778945984,64,64,64,fresh_iid,256,1.2269679415995001e-20,1.1750801897636227e-20
s9316_r4_n000_a125,confirmatory,9316,4,0.0,0.125,feedback_only,comb_contiguous_k1,comb_contiguous,comb,1,0.225,0.125,1.0,64,64,8,fresh_iid,256,0.37550978404908886,0.3753196922963886
s9316_r4_n000_a125,confirmatory,9316,4,0.0,0.125,feedback_only,comb_contiguous_k2,comb_contiguous,comb,2,0.35,0.25,1.0,64,64,16,fresh_iid,256,0.2464833654019838,0.2506644635957189
s9316_r4_n000_a125,confirmatory,9316,4,0.0,0.125,feedback_only,comb_contiguous_k4,comb_contiguous,comb,4,0.6,0.5,1.0,64,64,32,fresh_iid,256,0.013801153185642248,0.013871309426831808
s9316_r4_n000_a125,confirmatory,9316,4,0.0,0.125,feedback_only,comb_contiguous_k8,comb_contiguous,comb,8,1.1,1.0,1.0,64,64,64,fresh_iid,256,1.2269679415995001e-20,1.1750801897636227e-20
s9316_r4_n000_a125,confirmatory,9316,4,0.0,0.125,joint_forward_feedback,balanced_contiguous_k1,balanced_contiguous,balanced,1,0.1737418407321983,0.125,0.487418407321983,64,64,8,fixed_cache,16,0.41300023583139245,0.41298535762139504
s9316_r4_n000_a125,confirmatory,9316,4,0.0,0.125,joint_forward_feedback,balanced_contiguous_k2,balanced_contiguous,balanced,2,0.2987418407321983,0.25,0.487418407321983,64,64,16,fixed_cache,16,0.31945078052941567,0.31980719948103364
s9316_r4_n000_a125,confirmatory,9316,4,0.0,0.125,joint_forward_feedback,balanced_contiguous_k4,balanced_contiguous,balanced,4,0.5487418407321983,0.5,0.487418407321983,64,64,32,fixed_cache,16,0.14634097226530843,0.14842148125144597
s9316_r4_n000_a125,confirmatory,9316,4,0.0,0.125,joint_forward_feedback,balanced_contiguous_k8,balanced_contiguous,balanced,8,1.0487418407321982,1.0,0.487418407321983,64,64,64,fixed_cache,16,0.13849247863499475,0.1403941036709259
s9316_r4_n000_a125,confirmatory,9316,4,0.0,0.125,joint_forward_feedback,balanced_interleaved_k1,balanced_interleaved,balanced,1,0.19088469787505546,0.125,0.6588469787505544,64,64,8,fixed_cache,16,0.4052781292392155,0.40516414121259525
s9316_r4_n000_a125,confirmatory,9316,4,0.0,0.125,joint_forward_feedback,balanced_interleaved_k2,balanced_interleaved,balanced,2,0.31588469787505546,0.25,0.6588469787505544,64,64,16,fixed_cache,16,0.403288331630848,0.4031945274839163
s9316_r4_n000_a125,confirmatory,9316,4,0.0,0.125,joint_forward_feedback,balanced_interleaved_k4,balanced_interleaved,balanced,4,0.5658846978750555,0.5,0.6588469787505544,64,64,32,fixed_cache,16,0.29731774897876195,0.29741113597853586
s9316_r4_n000_a125,confirmatory,9316,4,0.0,0.125,joint_forward_feedback,balanced_interleaved_k8,balanced_interleaved,balanced,8,1.0658846978750554,1.0,0.6588469787505544,64,64,64,fixed_cache,16,0.12107115481118899,0.12273211866061838
s9316_r4_n000_a125,confirmatory,9316,4,0.0,0.125,joint_forward_feedback,balanced_permutation_a_k1,balanced_permutation_a,balanced,1,0.18899250811836066,0.125,0.6399250811836067,64,64,8,fixed_cache,16,0.40585312336392937,0.40609516786523847
s9316_r4_n000_a125,confirmatory,9316,4,0.0,0.125,joint_forward_feedback,balanced_permutation_a_k2,balanced_permutation_a,balanced,2,0.31399250811836066,0.25,0.6399250811836067,64,64,16,fixed_cache,16,0.40169493058479644,0.40215236710201563
s9316_r4_n000_a125,confirmatory,9316,4,0.0,0.125,joint_forward_feedback,balanced_permutation_a_k4,balanced_permutation_a,balanced,4,0.5639925081183607,0.5,0.6399250811836067,64,64,32,fixed_cache,16,0.3010464568975503,0.30299037279880897
s9316_r4_n000_a125,confirmatory,9316,4,0.0,0.125,joint_forward_feedback,balanced_permutation_a_k8,balanced_permutation_a,balanced,8,1.0639925081183608,1.0,0.6399250811836067,64,64,64,fixed_cache,16,0.12889318049628098,0.1313746169984119
s9316_r4_n000_a125,confirmatory,9316,4,0.0,0.125,joint_forward_feedback,balanced_permutation_b_k1,balanced_permutation_b,balanced,1,0.18840039778945986,0.125,0.6340039778945984,64,64,8,fixed_cache,16,0.4057486840147969,0.40581321857002095
s9316_r4_n000_a125,confirmatory,9316,4,0.0,0.125,joint_forward_feedback,balanced_permutation_b_k2,balanced_permutation_b,balanced,2,0.31340039778945983,0.25,0.6340039778945984,64,64,16,fixed_cache,16,0.393386676091676,0.3927540116498296
s9316_r4_n000_a125,confirmatory,9316,4,0.0,0.125,joint_forward_feedback,balanced_permutation_b_k4,balanced_permutation_b,balanced,4,0.5634003977894598,0.5,0.6340039778945984,64,64,32,fixed_cache,16,0.2893185569946707,0.28980326662298195
s9316_r4_n000_a125,confirmatory,9316,4,0.0,0.125,joint_forward_feedback,balanced_permutation_b_k8,balanced_permutation_b,balanced,8,1.06340039778946,1.0,0.6340039778945984,64,64,64,fixed_cache,16,0.1266344708692865,0.12875508042898615
s9316_r4_n000_a125,confirmatory,9316,4,0.0,0.125,joint_forward_feedback,comb_contiguous_k1,comb_contiguous,comb,1,0.225,0.125,1.0,64,64,8,fixed_cache,16,0.4005714569413583,0.40030641488422425
s9316_r4_n000_a125,confirmatory,9316,4,0.0,0.125,joint_forward_feedback,comb_contiguous_k2,comb_contiguous,comb,2,0.35,0.25,1.0,64,64,16,fixed_cache,16,0.35322863917666003,0.35433194029260917
s9316_r4_n000_a125,confirmatory,9316,4,0.0,0.125,joint_forward_feedback,comb_contiguous_k4,comb_contiguous,comb,4,0.6,0.5,1.0,64,64,32,fixed_cache,16,0.22653526390262246,0.22923110786592166
s9316_r4_n000_a125,confirmatory,9316,4,0.0,0.125,joint_forward_feedback,comb_contiguous_k8,comb_contiguous,comb,8,1.1,1.0,1.0,64,64,64,fixed_cache,16,0.09853072891880431,0.09994849538289383
s9316_r4_n000_a125,confirmatory,9316,4,0.0,0.125,joint_forward_feedback,balanced_contiguous_k1,balanced_contiguous,balanced,1,0.1737418407321983,0.125,0.487418407321983,64,64,8,fixed_cache,64,0.37582727995525356,0.37567175260771757
s9316_r4_n000_a125,confirmatory,9316,4,0.0,0.125,joint_forward_feedback,balanced_contiguous_k2,balanced_contiguous,balanced,2,0.2987418407321983,0.25,0.487418407321983,64,64,16,fixed_cache,64,0.2550253311024461,0.25209387665046123
s9316_r4_n000_a125,confirmatory,9316,4,0.0,0.125,joint_forward_feedback,balanced_contiguous_k4,balanced_contiguous,balanced,4,0.5487418407321983,0.5,0.487418407321983,64,64,32,fixed_cache,64,0.0034281417319577323,0.0034602233331026515
s9316_r4_n000_a125,confirmatory,9316,4,0.0,0.125,joint_forward_feedback,balanced_contiguous_k8,balanced_contiguous,balanced,8,1.0487418407321982,1.0,0.487418407321983,64,64,64,fixed_cache,64,0.0026845649902928637,0.0027007295300382306
s9316_r4_n000_a125,confirmatory,9316,4,0.0,0.125,joint_forward_feedback,balanced_interleaved_k1,balanced_interleaved,balanced,1,0.19088469787505546,0.125,0.6588469787505544,64,64,8,fixed_cache,64,0.37540792489880015,0.3752864458123184
s9316_r4_n000_a125,confirmatory,9316,4,0.0,0.125,joint_forward_feedback,balanced_interleaved_k2,balanced_interleaved,balanced,2,0.31588469787505546,0.25,0.6588469787505544,64,64,16,fixed_cache,64,0.3691144353191363,0.36885544520437286
s9316_r4_n000_a125,confirmatory,9316,4,0.0,0.125,joint_forward_feedback,balanced_interleaved_k4,balanced_interleaved,balanced,4,0.5658846978750555,0.5,0.6588469787505544,64,64,32,fixed_cache,64,0.2250351034322335,0.22293999996089747
s9316_r4_n000_a125,confirmatory,9316,4,0.0,0.125,joint_forward_feedback,balanced_interleaved_k8,balanced_interleaved,balanced,8,1.0658846978750554,1.0,0.6588469787505544,64,64,64,fixed_cache,64,0.001894544522106743,0.001887370185516466
s9316_r4_n000_a125,confirmatory,9316,4,0.0,0.125,joint_forward_feedback,balanced_permutation_a_k1,balanced_permutation_a,balanced,1,0.18899250811836066,0.125,0.6399250811836067,64,64,8,fixed_cache,64,0.37496067040688597,0.37533235294735046
s9316_r4_n000_a125,confirmatory,9316,4,0.0,0.125,joint_forward_feedback,balanced_permutation_a_k2,balanced_permutation_a,balanced,2,0.31399250811836066,0.25,0.6399250811836067,64,64,16,fixed_cache,64,0.36575935379773217,0.36644662426359986
s9316_r4_n000_a125,confirmatory,9316,4,0.0,0.125,joint_forward_feedback,balanced_permutation_a_k4,balanced_permutation_a,balanced,4,0.5639925081183607,0.5,0.6399250811836067,64,64,32,fixed_cache,64,0.14919261021918906,0.15077794500969102
s9316_r4_n000_a125,confirmatory,9316,4,0.0,0.125,joint_forward_feedback,balanced_permutation_a_k8,balanced_permutation_a,balanced,8,1.0639925081183608,1.0,0.6399250811836067,64,64,64,fixed_cache,64,0.0028617694686178478,0.002940467324202537
s9316_r4_n000_a125,confirmatory,9316,4,0.0,0.125,joint_forward_feedback,balanced_permutation_b_k1,balanced_permutation_b,balanced,1,0.18840039778945986,0.125,0.6340039778945984,64,64,8,fixed_cache,64,0.37514602210740644,0.37530803674405644
s9316_r4_n000_a125,confirmatory,9316,4,0.0,0.125,joint_forward_feedback,balanced_permutation_b_k2,balanced_permutation_b,balanced,2,0.31340039778945983,0.25,0.6340039778945984,64,64,16,fixed_cache,64,0.341830989385717,0.3401278491161553
s9316_r4_n000_a125,confirmatory,9316,4,0.0,0.125,joint_forward_feedback,balanced_permutation_b_k4,balanced_permutation_b,balanced,4,0.5634003977894598,0.5,0.6340039778945984,64,64,32,fixed_cache,64,0.13303955807090576,0.13160089024790048
s9316_r4_n000_a125,confirmatory,9316,4,0.0,0.125,joint_forward_feedback,balanced_permutation_b_k8,balanced_permutation_b,balanced,8,1.06340039778946,1.0,0.6340039778945984,64,64,64,fixed_cache,64,0.002287556394968097,0.002311949931826862
s9316_r4_n000_a125,confirmatory,9316,4,0.0,0.125,joint_forward_feedback,comb_contiguous_k1,comb_contiguous,comb,1,0.225,0.125,1.0,64,64,8,fixed_cache,64,0.3752194619442952,0.3753153675621075
s9316_r4_n000_a125,confirmatory,9316,4,0.0,0.125,joint_forward_feedback,comb_contiguous_k2,comb_contiguous,comb,2,0.35,0.25,1.0,64,64,16,fixed_cache,64,0.26616601191902856,0.26895175595642173
s9316_r4_n000_a125,confirmatory,9316,4,0.0,0.125,joint_forward_feedback,comb_contiguous_k4,comb_contiguous,comb,4,0.6,0.5,1.0,64,64,32,fixed_cache,64,0.09410852348766441,0.09443111870554599
s9316_r4_n000_a125,confirmatory,9316,4,0.0,0.125,joint_forward_feedback,comb_contiguous_k8,comb_contiguous,comb,8,1.1,1.0,1.0,64,64,64,fixed_cache,64,0.0008034826602558499,0.0008002589857760565
s9316_r4_n000_a125,confirmatory,9316,4,0.0,0.125,joint_forward_feedback,balanced_contiguous_k1,balanced_contiguous,balanced,1,0.1737418407321983,0.125,0.487418407321983,64,64,8,fixed_cache,256,0.3753022644484677,0.37511229832084547
s9316_r4_n000_a125,confirmatory,9316,4,0.0,0.125,joint_forward_feedback,balanced_contiguous_k2,balanced_contiguous,balanced,2,0.2987418407321983,0.25,0.487418407321983,64,64,16,fixed_cache,256,0.25454828727664924,0.2508941849736387
s9316_r4_n000_a125,confirmatory,9316,4,0.0,0.125,joint_forward_feedback,balanced_contiguous_k4,balanced_contiguous,balanced,4,0.5487418407321983,0.5,0.487418407321983,64,64,32,fixed_cache,256,1.543037675958174e-08,1.5198430115932036e-08
s9316_r4_n000_a125,confirmatory,9316,4,0.0,0.125,joint_forward_feedback,balanced_contiguous_k8,balanced_contiguous,balanced,8,1.0487418407321982,1.0,0.487418407321983,64,64,64,fixed_cache,256,7.736396959668782e-09,7.60727136459832e-09
s9316_r4_n000_a125,confirmatory,9316,4,0.0,0.125,joint_forward_feedback,balanced_interleaved_k1,balanced_interleaved,balanced,1,0.19088469787505546,0.125,0.6588469787505544,64,64,8,fixed_cache,256,0.37535249599222476,0.37514432585234925
s9316_r4_n000_a125,confirmatory,9316,4,0.0,0.125,joint_forward_feedback,balanced_interleaved_k2,balanced_interleaved,balanced,2,0.31588469787505546,0.25,0.6588469787505544,64,64,16,fixed_cache,256,0.35300677176374706,0.3520799562177538
s9316_r4_n000_a125,confirmatory,9316,4,0.0,0.125,joint_forward_feedback,balanced_interleaved_k4,balanced_interleaved,balanced,4,0.5658846978750555,0.5,0.6588469787505544,64,64,32,fixed_cache,256,0.17200667162879169,0.17041391570517478
s9316_r4_n000_a125,confirmatory,9316,4,0.0,0.125,joint_forward_feedback,balanced_interleaved_k8,balanced_interleaved,balanced,8,1.0658846978750554,1.0,0.6588469787505544,64,64,64,fixed_cache,256,1.4081440806407205e-09,1.395017387187574e-09
s9316_r4_n000_a125,confirmatory,9316,4,0.0,0.125,joint_forward_feedback,balanced_permutation_a_k1,balanced_permutation_a,balanced,1,0.18899250811836066,0.125,0.6399250811836067,64,64,8,fixed_cache,256,0.37484963346069733,0.37511540420271394
s9316_r4_n000_a125,confirmatory,9316,4,0.0,0.125,joint_forward_feedback,balanced_permutation_a_k2,balanced_permutation_a,balanced,2,0.31399250811836066,0.25,0.6399250811836067,64,64,16,fixed_cache,256,0.34411751996829426,0.34455985152175805
s9316_r4_n000_a125,confirmatory,9316,4,0.0,0.125,joint_forward_feedback,balanced_permutation_a_k4,balanced_permutation_a,balanced,4,0.5639925081183607,0.5,0.6399250811836067,64,64,32,fixed_cache,256,0.11757811075241507,0.11842317950133936
s9316_r4_n000_a125,confirmatory,9316,4,0.0,0.125,joint_forward_feedback,balanced_permutation_a_k8,balanced_permutation_a,balanced,8,1.0639925081183608,1.0,0.6399250811836067,64,64,64,fixed_cache,256,1.450405940186338e-08,1.4895516627860842e-08
s9316_r4_n000_a125,confirmatory,9316,4,0.0,0.125,joint_forward_feedback,balanced_permutation_b_k1,balanced_permutation_b,balanced,1,0.18840039778945986,0.125,0.6340039778945984,64,64,8,fixed_cache,256,0.3750348024897258,0.3751185105018554
s9316_r4_n000_a125,confirmatory,9316,4,0.0,0.125,joint_forward_feedback,balanced_permutation_b_k2,balanced_permutation_b,balanced,2,0.31340039778945983,0.25,0.6340039778945984,64,64,16,fixed_cache,256,0.2887934716717423,0.2856705635837962
s9316_r4_n000_a125,confirmatory,9316,4,0.0,0.125,joint_forward_feedback,balanced_permutation_b_k4,balanced_permutation_b,balanced,4,0.5634003977894598,0.5,0.6340039778945984,64,64,32,fixed_cache,256,0.06856025874946158,0.06740950447374056
s9316_r4_n000_a125,confirmatory,9316,4,0.0,0.125,joint_forward_feedback,balanced_permutation_b_k8,balanced_permutation_b,balanced,8,1.06340039778946,1.0,0.6340039778945984,64,64,64,fixed_cache,256,3.873646179389288e-09,3.916793313817965e-09
s9316_r4_n000_a125,confirmatory,9316,4,0.0,0.125,joint_forward_feedback,comb_contiguous_k1,comb_contiguous,comb,1,0.225,0.125,1.0,64,64,8,fixed_cache,256,0.37540634212592294,0.37529356922397067
s9316_r4_n000_a125,confirmatory,9316,4,0.0,0.125,joint_forward_feedback,comb_contiguous_k2,comb_contiguous,comb,2,0.35,0.25,1.0,64,64,16,fixed_cache,256,0.24774746830169886,0.25115589768577773
s9316_r4_n000_a125,confirmatory,9316,4,0.0,0.125,joint_forward_feedback,comb_contiguous_k4,comb_contiguous,comb,4,0.6,0.5,1.0,64,64,32,fixed_cache,256,0.021426289551505894,0.02117558594740579
s9316_r4_n000_a125,confirmatory,9316,4,0.0,0.125,joint_forward_feedback,comb_contiguous_k8,comb_contiguous,comb,8,1.1,1.0,1.0,64,64,64,fixed_cache,256,7.00870864029304e-11,7.069272517530473e-11
s9316_r4_n000_a125,confirmatory,9316,4,0.0,0.125,joint_forward_feedback,balanced_contiguous_k1,balanced_contiguous,balanced,1,0.1737418407321983,0.125,0.487418407321983,64,64,8,fresh_iid,16,0.41300082142662214,0.4129034862714548
s9316_r4_n000_a125,confirmatory,9316,4,0.0,0.125,joint_forward_feedback,balanced_contiguous_k2,balanced_contiguous,balanced,2,0.2987418407321983,0.25,0.487418407321983,64,64,16,fresh_iid,16,0.31204112749466617,0.31087587901065633
s9316_r4_n000_a125,confirmatory,9316,4,0.0,0.125,joint_forward_feedback,balanced_contiguous_k4,balanced_contiguous,balanced,4,0.5487418407321983,0.5,0.487418407321983,64,64,32,fresh_iid,16,0.1218075673270829,0.12213280360772853
s9316_r4_n000_a125,confirmatory,9316,4,0.0,0.125,joint_forward_feedback,balanced_contiguous_k8,balanced_contiguous,balanced,8,1.0487418407321982,1.0,0.487418407321983,64,64,64,fresh_iid,16,0.11370550374518643,0.11388191448059225
s9316_r4_n000_a125,confirmatory,9316,4,0.0,0.125,joint_forward_feedback,balanced_interleaved_k1,balanced_interleaved,balanced,1,0.19088469787505546,0.125,0.6588469787505544,64,64,8,fresh_iid,16,0.40560320555348,0.4054171721290627
s9316_r4_n000_a125,confirmatory,9316,4,0.0,0.125,joint_forward_feedback,balanced_interleaved_k2,balanced_interleaved,balanced,2,0.31588469787505546,0.25,0.6588469787505544,64,64,16,fresh_iid,16,0.40372557802131914,0.40353003102669416
s9316_r4_n000_a125,confirmatory,9316,4,0.0,0.125,joint_forward_feedback,balanced_interleaved_k4,balanced_interleaved,balanced,4,0.5658846978750555,0.5,0.6588469787505544,64,64,32,fresh_iid,16,0.2908298216223721,0.2898561224090054
s9316_r4_n000_a125,confirmatory,9316,4,0.0,0.125,joint_forward_feedback,balanced_interleaved_k8,balanced_interleaved,balanced,8,1.0658846978750554,1.0,0.6588469787505544,64,64,64,fresh_iid,16,0.09720872504604333,0.09708776719605758
s9316_r4_n000_a125,confirmatory,9316,4,0.0,0.125,joint_forward_feedback,balanced_permutation_a_k1,balanced_permutation_a,balanced,1,0.18899250811836066,0.125,0.6399250811836067,64,64,8,fresh_iid,16,0.4061444654178681,0.406326405353887
s9316_r4_n000_a125,confirmatory,9316,4,0.0,0.125,joint_forward_feedback,balanced_permutation_a_k2,balanced_permutation_a,balanced,2,0.31399250811836066,0.25,0.6399250811836067,64,64,16,fresh_iid,16,0.40186528380422193,0.40225083503848286
s9316_r4_n000_a125,confirmatory,9316,4,0.0,0.125,joint_forward_feedback,balanced_permutation_a_k4,balanced_permutation_a,balanced,4,0.5639925081183607,0.5,0.6399250811836067,64,64,32,fresh_iid,16,0.28354756080550025,0.28487864045950695
s9316_r4_n000_a125,confirmatory,9316,4,0.0,0.125,joint_forward_feedback,balanced_permutation_a_k8,balanced_permutation_a,balanced,8,1.0639925081183608,1.0,0.6399250811836067,64,64,64,fresh_iid,16,0.10451715902458414,0.10534843241435704
s9316_r4_n000_a125,confirmatory,9316,4,0.0,0.125,joint_forward_feedback,balanced_permutation_b_k1,balanced_permutation_b,balanced,1,0.18840039778945986,0.125,0.6340039778945984,64,64,8,fresh_iid,16,0.4060646270432633,0.4060607968796742
s9316_r4_n000_a125,confirmatory,9316,4,0.0,0.125,joint_forward_feedback,balanced_permutation_b_k2,balanced_permutation_b,balanced,2,0.31340039778945983,0.25,0.6340039778945984,64,64,16,fresh_iid,16,0.39307324166979907,0.392108695100387
s9316_r4_n000_a125,confirmatory,9316,4,0.0,0.125,joint_forward_feedback,balanced_permutation_b_k4,balanced_permutation_b,balanced,4,0.5634003977894598,0.5,0.6340039778945984,64,64,32,fresh_iid,16,0.26985746287634865,0.26915825327598353
s9316_r4_n000_a125,confirmatory,9316,4,0.0,0.125,joint_forward_feedback,balanced_permutation_b_k8,balanced_permutation_b,balanced,8,1.06340039778946,1.0,0.6340039778945984,64,64,64,fresh_iid,16,0.10203224232138328,0.1024655259713308
s9316_r4_n000_a125,confirmatory,9316,4,0.0,0.125,joint_forward_feedback,comb_contiguous_k1,comb_contiguous,comb,1,0.225,0.125,1.0,64,64,8,fresh_iid,16,0.4022301964189775,0.40189457524370426
s9316_r4_n000_a125,confirmatory,9316,4,0.0,0.125,joint_forward_feedback,comb_contiguous_k2,comb_contiguous,comb,2,0.35,0.25,1.0,64,64,16,fresh_iid,16,0.3453092036259172,0.3463789487893646
s9316_r4_n000_a125,confirmatory,9316,4,0.0,0.125,joint_forward_feedback,comb_contiguous_k4,comb_contiguous,comb,4,0.6,0.5,1.0,64,64,32,fresh_iid,16,0.20923481810506722,0.21063976940871698
s9316_r4_n000_a125,confirmatory,9316,4,0.0,0.125,joint_forward_feedback,comb_contiguous_k8,comb_contiguous,comb,8,1.1,1.0,1.0,64,64,64,fresh_iid,16,0.07570155727087793,0.07565995187495475
s9316_r4_n000_a125,confirmatory,9316,4,0.0,0.125,joint_forward_feedback,balanced_contiguous_k1,balanced_contiguous,balanced,1,0.1737418407321983,0.125,0.487418407321983,64,64,8,fresh_iid,64,0.3761649455732887,0.3758500255911803
s9316_r4_n000_a125,confirmatory,9316,4,0.0,0.125,joint_forward_feedback,balanced_contiguous_k2,balanced_contiguous,balanced,2,0.2987418407321983,0.25,0.487418407321983,64,64,16,fresh_iid,64,0.2547527138683238,0.25141988738552373
s9316_r4_n000_a125,confirmatory,9316,4,0.0,0.125,joint_forward_feedback,balanced_contiguous_k4,balanced_contiguous,balanced,4,0.5487418407321983,0.5,0.487418407321983,64,64,32,fresh_iid,64,0.0025212510140770203,0.0025204821615487654
s9316_r4_n000_a125,confirmatory,9316,4,0.0,0.125,joint_forward_feedback,balanced_contiguous_k8,balanced_contiguous,balanced,8,1.0487418407321982,1.0,0.487418407321983,64,64,64,fresh_iid,64,0.0018566361793344653,0.0018476286686425441
s9316_r4_n000_a125,confirmatory,9316,4,0.0,0.125,joint_forward_feedback,balanced_interleaved_k1,balanced_interleaved,balanced,1,0.19088469787505546,0.125,0.6588469787505544,64,64,8,fresh_iid,64,0.3756904926762345,0.3754167508248619
s9316_r4_n000_a125,confirmatory,9316,4,0.0,0.125,joint_forward_feedback,balanced_interleaved_k2,balanced_interleaved,balanced,2,0.31588469787505546,0.25,0.6588469787505544,64,64,16,fresh_iid,64,0.36942397646680664,0.36899996442071537
s9316_r4_n000_a125,confirmatory,9316,4,0.0,0.125,joint_forward_feedback,balanced_interleaved_k4,balanced_interleaved,balanced,4,0.5658846978750555,0.5,0.6588469787505544,64,64,32,fresh_iid,64,0.22267130214872602,0.22152968567793457
s9316_r4_n000_a125,confirmatory,9316,4,0.0,0.125,joint_forward_feedback,balanced_interleaved_k8,balanced_interleaved,balanced,8,1.0658846978750554,1.0,0.6588469787505544,64,64,64,fresh_iid,64,0.001117395462157974,0.0011070023587688874
s9316_r4_n000_a125,confirmatory,9316,4,0.0,0.125,joint_forward_feedback,balanced_permutation_a_k1,balanced_permutation_a,balanced,1,0.18899250811836066,0.125,0.6399250811836067,64,64,8,fresh_iid,64,0.3752335995559698,0.37545730540290956
s9316_r4_n000_a125,confirmatory,9316,4,0.0,0.125,joint_forward_feedback,balanced_permutation_a_k2,balanced_permutation_a,balanced,2,0.31399250811836066,0.25,0.6399250811836067,64,64,16,fresh_iid,64,0.36604337472424797,0.3666220788347522
s9316_r4_n000_a125,confirmatory,9316,4,0.0,0.125,joint_forward_feedback,balanced_permutation_a_k4,balanced_permutation_a,balanced,4,0.5639925081183607,0.5,0.6399250811836067,64,64,32,fresh_iid,64,0.14665701549886906,0.14803310112274368
s9316_r4_n000_a125,confirmatory,9316,4,0.0,0.125,joint_forward_feedback,balanced_permutation_a_k8,balanced_permutation_a,balanced,8,1.0639925081183608,1.0,0.6399250811836067,64,64,64,fresh_iid,64,0.0017230374390560274,0.001748475341997054
s9316_r4_n000_a125,confirmatory,9316,4,0.0,0.125,joint_forward_feedback,balanced_permutation_b_k1,balanced_permutation_b,balanced,1,0.18840039778945986,0.125,0.6340039778945984,64,64,8,fresh_iid,64,0.3754404614199162,0.37545042857317285
s9316_r4_n000_a125,confirmatory,9316,4,0.0,0.125,joint_forward_feedback,balanced_permutation_b_k2,balanced_permutation_b,balanced,2,0.31340039778945983,0.25,0.6340039778945984,64,64,16,fresh_iid,64,0.34085369618515754,0.3389034698409049
s9316_r4_n000_a125,confirmatory,9316,4,0.0,0.125,joint_forward_feedback,balanced_permutation_b_k4,balanced_permutation_b,balanced,4,0.5634003977894598,0.5,0.6340039778945984,64,64,32,fresh_iid,64,0.12912269174409421,0.12776674714724431
s9316_r4_n000_a125,confirmatory,9316,4,0.0,0.125,joint_forward_feedback,balanced_permutation_b_k8,balanced_permutation_b,balanced,8,1.06340039778946,1.0,0.6340039778945984,64,64,64,fresh_iid,64,0.0013732230585938225,0.0013881795885233319
s9316_r4_n000_a125,confirmatory,9316,4,0.0,0.125,joint_forward_feedback,comb_contiguous_k1,comb_contiguous,comb,1,0.225,0.125,1.0,64,64,8,fresh_iid,64,0.37572254208682054,0.375476283336171
s9316_r4_n000_a125,confirmatory,9316,4,0.0,0.125,joint_forward_feedback,comb_contiguous_k2,comb_contiguous,comb,2,0.35,0.25,1.0,64,64,16,fresh_iid,64,0.26454329288073275,0.2670570142021602
s9316_r4_n000_a125,confirmatory,9316,4,0.0,0.125,joint_forward_feedback,comb_contiguous_k4,comb_contiguous,comb,4,0.6,0.5,1.0,64,64,32,fresh_iid,64,0.0909587647357113,0.0910174906418941
s9316_r4_n000_a125,confirmatory,9316,4,0.0,0.125,joint_forward_feedback,comb_contiguous_k8,comb_contiguous,comb,8,1.1,1.0,1.0,64,64,64,fresh_iid,64,0.0006101853470334657,0.0005951428484138917
s9316_r4_n000_a125,confirmatory,9316,4,0.0,0.125,joint_forward_feedback,balanced_contiguous_k1,balanced_contiguous,balanced,1,0.1737418407321983,0.125,0.487418407321983,64,64,8,fresh_iid,256,0.3753462268441786,0.3751908677848043
s9316_r4_n000_a125,confirmatory,9316,4,0.0,0.125,joint_forward_feedback,balanced_contiguous_k2,balanced_contiguous,balanced,2,0.2987418407321983,0.25,0.487418407321983,64,64,16,fresh_iid,256,0.25397603454799833,0.2505366745929949
s9316_r4_n000_a125,confirmatory,9316,4,0.0,0.125,joint_forward_feedback,balanced_contiguous_k4,balanced_contiguous,balanced,4,0.5487418407321983,0.5,0.487418407321983,64,64,32,fresh_iid,256,1.5398855685810619e-09,1.5235182647613612e-09
s9316_r4_n000_a125,confirmatory,9316,4,0.0,0.125,joint_forward_feedback,balanced_contiguous_k8,balanced_contiguous,balanced,8,1.0487418407321982,1.0,0.487418407321983,64,64,64,fresh_iid,256,3.718342450081047e-10,3.6583667398751653e-10
s9316_r4_n000_a125,confirmatory,9316,4,0.0,0.125,joint_forward_feedback,balanced_interleaved_k1,balanced_interleaved,balanced,1,0.19088469787505546,0.125,0.6588469787505544,64,64,8,fresh_iid,256,0.37537513886369767,0.37521780817841466
s9316_r4_n000_a125,confirmatory,9316,4,0.0,0.125,joint_forward_feedback,balanced_interleaved_k2,balanced_interleaved,balanced,2,0.31588469787505546,0.25,0.6588469787505544,64,64,16,fresh_iid,256,0.35403548734760015,0.3531650919303511
s9316_r4_n000_a125,confirmatory,9316,4,0.0,0.125,joint_forward_feedback,balanced_interleaved_k4,balanced_interleaved,balanced,4,0.5658846978750555,0.5,0.6588469787505544,64,64,32,fresh_iid,256,0.17150312204686752,0.1698137739407634
s9316_r4_n000_a125,confirmatory,9316,4,0.0,0.125,joint_forward_feedback,balanced_interleaved_k8,balanced_interleaved,balanced,8,1.0658846978750554,1.0,0.6588469787505544,64,64,64,fresh_iid,256,1.038895112472815e-10,1.0393821606593699e-10
s9316_r4_n000_a125,confirmatory,9316,4,0.0,0.125,joint_forward_feedback,balanced_permutation_a_k1,balanced_permutation_a,balanced,1,0.18899250811836066,0.125,0.6399250811836067,64,64,8,fresh_iid,256,0.37479161116163096,0.3751381465674996
s9316_r4_n000_a125,confirmatory,9316,4,0.0,0.125,joint_forward_feedback,balanced_permutation_a_k2,balanced_permutation_a,balanced,2,0.31399250811836066,0.25,0.6399250811836067,64,64,16,fresh_iid,256,0.344073476593061,0.3449527925185952
s9316_r4_n000_a125,confirmatory,9316,4,0.0,0.125,joint_forward_feedback,balanced_permutation_a_k4,balanced_permutation_a,balanced,4,0.5639925081183607,0.5,0.6399250811836067,64,64,32,fresh_iid,256,0.11694156344977324,0.11784540864841928
s9316_r4_n000_a125,confirmatory,9316,4,0.0,0.125,joint_forward_feedback,balanced_permutation_a_k8,balanced_permutation_a,balanced,8,1.0639925081183608,1.0,0.6399250811836067,64,64,64,fresh_iid,256,1.5990362040012214e-09,1.6689749105360122e-09
s9316_r4_n000_a125,confirmatory,9316,4,0.0,0.125,joint_forward_feedback,balanced_permutation_b_k1,balanced_permutation_b,balanced,1,0.18840039778945986,0.125,0.6340039778945984,64,64,8,fresh_iid,256,0.37502313536325904,0.3751683457312545
s9316_r4_n000_a125,confirmatory,9316,4,0.0,0.125,joint_forward_feedback,balanced_permutation_b_k2,balanced_permutation_b,balanced,2,0.31340039778945983,0.25,0.6340039778945984,64,64,16,fresh_iid,256,0.2882553235455243,0.2847600164963613
s9316_r4_n000_a125,confirmatory,9316,4,0.0,0.125,joint_forward_feedback,balanced_permutation_b_k4,balanced_permutation_b,balanced,4,0.5634003977894598,0.5,0.6340039778945984,64,64,32,fresh_iid,256,0.06638497859269382,0.06521798838020251
s9316_r4_n000_a125,confirmatory,9316,4,0.0,0.125,joint_forward_feedback,balanced_permutation_b_k8,balanced_permutation_b,balanced,8,1.06340039778946,1.0,0.6340039778945984,64,64,64,fresh_iid,256,3.6680052693427147e-10,3.8012453180453007e-10
s9316_r4_n000_a125,confirmatory,9316,4,0.0,0.125,joint_forward_feedback,comb_contiguous_k1,comb_contiguous,comb,1,0.225,0.125,1.0,64,64,8,fresh_iid,256,0.3755025602401487,0.3754677577466815
s9316_r4_n000_a125,confirmatory,9316,4,0.0,0.125,joint_forward_feedback,comb_contiguous_k2,comb_contiguous,comb,2,0.35,0.25,1.0,64,64,16,fresh_iid,256,0.24707462045478334,0.25069411422370036
s9316_r4_n000_a125,confirmatory,9316,4,0.0,0.125,joint_forward_feedback,comb_contiguous_k4,comb_contiguous,comb,4,0.6,0.5,1.0,64,64,32,fresh_iid,256,0.02608025449421357,0.02597762165588825
s9316_r4_n000_a125,confirmatory,9316,4,0.0,0.125,joint_forward_feedback,comb_contiguous_k8,comb_contiguous,comb,8,1.1,1.0,1.0,64,64,64,fresh_iid,256,5.2896952466147854e-11,4.985765796119232e-11
s9316_r4_n000_a375,confirmatory,9316,4,0.0,0.375,feedback_only,balanced_contiguous_k1,balanced_contiguous,balanced,1,0.1737418407321983,0.125,0.487418407321983,64,64,8,fixed_cache,16,0.4108350596656835,0.42092116159933113
s9316_r4_n000_a375,confirmatory,9316,4,0.0,0.375,feedback_only,balanced_contiguous_k2,balanced_contiguous,balanced,2,0.2987418407321983,0.25,0.487418407321983,64,64,16,fixed_cache,16,0.3113726488620712,0.316007044704244
s9316_r4_n000_a375,confirmatory,9316,4,0.0,0.375,feedback_only,balanced_contiguous_k4,balanced_contiguous,balanced,4,0.5487418407321983,0.5,0.487418407321983,64,64,32,fixed_cache,16,0.17134838838393585,0.17448895620459529
s9316_r4_n000_a375,confirmatory,9316,4,0.0,0.375,feedback_only,balanced_contiguous_k8,balanced_contiguous,balanced,8,1.0487418407321982,1.0,0.487418407321983,64,64,64,fixed_cache,16,0.030703346253487983,0.03184339137512999
s9316_r4_n000_a375,confirmatory,9316,4,0.0,0.375,feedback_only,balanced_interleaved_k1,balanced_interleaved,balanced,1,0.19088469787505546,0.125,0.6588469787505544,64,64,8,fixed_cache,16,0.4108350596656835,0.42092116159933113
s9316_r4_n000_a375,confirmatory,9316,4,0.0,0.375,feedback_only,balanced_interleaved_k2,balanced_interleaved,balanced,2,0.31588469787505546,0.25,0.6588469787505544,64,64,16,fixed_cache,16,0.39611587387316954,0.40611993471617003
s9316_r4_n000_a375,confirmatory,9316,4,0.0,0.375,feedback_only,balanced_interleaved_k4,balanced_interleaved,balanced,4,0.5658846978750555,0.5,0.6588469787505544,64,64,32,fixed_cache,16,0.23513692117161938,0.24205446517536872
s9316_r4_n000_a375,confirmatory,9316,4,0.0,0.375,feedback_only,balanced_interleaved_k8,balanced_interleaved,balanced,8,1.0658846978750554,1.0,0.6588469787505544,64,64,64,fixed_cache,16,0.030703346253487983,0.03184339137512999
s9316_r4_n000_a375,confirmatory,9316,4,0.0,0.375,feedback_only,balanced_permutation_a_k1,balanced_permutation_a,balanced,1,0.18899250811836066,0.125,0.6399250811836067,64,64,8,fixed_cache,16,0.4108350596656835,0.42092116159933113
s9316_r4_n000_a375,confirmatory,9316,4,0.0,0.375,feedback_only,balanced_permutation_a_k2,balanced_permutation_a,balanced,2,0.31399250811836066,0.25,0.6399250811836067,64,64,16,fixed_cache,16,0.36539090867745194,0.37515375151509356
s9316_r4_n000_a375,confirmatory,9316,4,0.0,0.375,feedback_only,balanced_permutation_a_k4,balanced_permutation_a,balanced,4,0.5639925081183607,0.5,0.6399250811836067,64,64,32,fixed_cache,16,0.2447747178293243,0.2506154852028574
s9316_r4_n000_a375,confirmatory,9316,4,0.0,0.375,feedback_only,balanced_permutation_a_k8,balanced_permutation_a,balanced,8,1.0639925081183608,1.0,0.6399250811836067,64,64,64,fixed_cache,16,0.030703346253487983,0.03184339137512999
s9316_r4_n000_a375,confirmatory,9316,4,0.0,0.375,feedback_only,balanced_permutation_b_k1,balanced_permutation_b,balanced,1,0.18840039778945986,0.125,0.6340039778945984,64,64,8,fixed_cache,16,0.4108350596656835,0.42092116159933113
s9316_r4_n000_a375,confirmatory,9316,4,0.0,0.375,feedback_only,balanced_permutation_b_k2,balanced_permutation_b,balanced,2,0.31340039778945983,0.25,0.6340039778945984,64,64,16,fixed_cache,16,0.3183388474289114,0.32618592606378133
s9316_r4_n000_a375,confirmatory,9316,4,0.0,0.375,feedback_only,balanced_permutation_b_k4,balanced_permutation_b,balanced,4,0.5634003977894598,0.5,0.6340039778945984,64,64,32,fixed_cache,16,0.18294353319887102,0.186075639721221
s9316_r4_n000_a375,confirmatory,9316,4,0.0,0.375,feedback_only,balanced_permutation_b_k8,balanced_permutation_b,balanced,8,1.06340039778946,1.0,0.6340039778945984,64,64,64,fixed_cache,16,0.030703346253487983,0.03184339137512999
s9316_r4_n000_a375,confirmatory,9316,4,0.0,0.375,feedback_only,comb_contiguous_k1,comb_contiguous,comb,1,0.225,0.125,1.0,64,64,8,fixed_cache,16,0.4108350596656835,0.42092116159933113
s9316_r4_n000_a375,confirmatory,9316,4,0.0,0.375,feedback_only,comb_contiguous_k2,comb_contiguous,comb,2,0.35,0.25,1.0,64,64,16,fixed_cache,16,0.34561965020932606,0.35481654160739107
s9316_r4_n000_a375,confirmatory,9316,4,0.0,0.375,feedback_only,comb_contiguous_k4,comb_contiguous,comb,4,0.6,0.5,1.0,64,64,32,fixed_cache,16,0.20171950966497437,0.20753039815530475
s9316_r4_n000_a375,confirmatory,9316,4,0.0,0.375,feedback_only,comb_contiguous_k8,comb_contiguous,comb,8,1.1,1.0,1.0,64,64,64,fixed_cache,16,0.030703346253487983,0.03184339137512999
s9316_r4_n000_a375,confirmatory,9316,4,0.0,0.375,feedback_only,balanced_contiguous_k1,balanced_contiguous,balanced,1,0.1737418407321983,0.125,0.487418407321983,64,64,8,fixed_cache,64,0.3742732062225369,0.3808153954666359
s9316_r4_n000_a375,confirmatory,9316,4,0.0,0.375,feedback_only,balanced_contiguous_k2,balanced_contiguous,balanced,2,0.2987418407321983,0.25,0.487418407321983,64,64,16,fixed_cache,64,0.26187741587726543,0.26177182137210325
s9316_r4_n000_a375,confirmatory,9316,4,0.0,0.375,feedback_only,balanced_contiguous_k4,balanced_contiguous,balanced,4,0.5487418407321983,0.5,0.487418407321983,64,64,32,fixed_cache,64,0.044751918206157926,0.044917944863036005
s9316_r4_n000_a375,confirmatory,9316,4,0.0,0.375,feedback_only,balanced_contiguous_k8,balanced_contiguous,balanced,8,1.0487418407321982,1.0,0.487418407321983,64,64,64,fixed_cache,64,1.1868424407947593e-05,1.2033367791632802e-05
s9316_r4_n000_a375,confirmatory,9316,4,0.0,0.375,feedback_only,balanced_interleaved_k1,balanced_interleaved,balanced,1,0.19088469787505546,0.125,0.6588469787505544,64,64,8,fixed_cache,64,0.3742732062225369,0.3808153954666359
s9316_r4_n000_a375,confirmatory,9316,4,0.0,0.375,feedback_only,balanced_interleaved_k2,balanced_interleaved,balanced,2,0.31588469787505546,0.25,0.6588469787505544,64,64,16,fixed_cache,64,0.3344210783265852,0.3405100259869595
s9316_r4_n000_a375,confirmatory,9316,4,0.0,0.375,feedback_only,balanced_interleaved_k4,balanced_interleaved,balanced,4,0.5658846978750555,0.5,0.6588469787505544,64,64,32,fixed_cache,64,0.1303614836298873,0.1321720810599666
s9316_r4_n000_a375,confirmatory,9316,4,0.0,0.375,feedback_only,balanced_interleaved_k8,balanced_interleaved,balanced,8,1.0658846978750554,1.0,0.6588469787505544,64,64,64,fixed_cache,64,1.1868424407947593e-05,1.2033367791632802e-05
s9316_r4_n000_a375,confirmatory,9316,4,0.0,0.375,feedback_only,balanced_permutation_a_k1,balanced_permutation_a,balanced,1,0.18899250811836066,0.125,0.6399250811836067,64,64,8,fixed_cache,64,0.3742732062225369,0.3808153954666359
s9316_r4_n000_a375,confirmatory,9316,4,0.0,0.375,feedback_only,balanced_permutation_a_k2,balanced_permutation_a,balanced,2,0.31399250811836066,0.25,0.6399250811836067,64,64,16,fixed_cache,64,0.28029902474923285,0.28424034585163466
s9316_r4_n000_a375,confirmatory,9316,4,0.0,0.375,feedback_only,balanced_permutation_a_k4,balanced_permutation_a,balanced,4,0.5639925081183607,0.5,0.6399250811836067,64,64,32,fixed_cache,64,0.12102754654389293,0.12301370992402133
s9316_r4_n000_a375,confirmatory,9316,4,0.0,0.375,feedback_only,balanced_permutation_a_k8,balanced_permutation_a,balanced,8,1.0639925081183608,1.0,0.6399250811836067,64,64,64,fixed_cache,64,1.1868424407947593e-05,1.2033367791632802e-05
s9316_r4_n000_a375,confirmatory,9316,4,0.0,0.375,feedback_only,balanced_permutation_b_k1,balanced_permutation_b,balanced,1,0.18840039778945986,0.125,0.6340039778945984,64,64,8,fixed_cache,64,0.3742732062225369,0.3808153954666359
s9316_r4_n000_a375,confirmatory,9316,4,0.0,0.375,feedback_only,balanced_permutation_b_k2,balanced_permutation_b,balanced,2,0.31340039778945983,0.25,0.6340039778945984,64,64,16,fixed_cache,64,0.25794438580560025,0.2608051561157678
s9316_r4_n000_a375,confirmatory,9316,4,0.0,0.375,feedback_only,balanced_permutation_b_k4,balanced_permutation_b,balanced,4,0.5634003977894598,0.5,0.6340039778945984,64,64,32,fixed_cache,64,0.0658304371277049,0.06516311761256498
s9316_r4_n000_a375,confirmatory,9316,4,0.0,0.375,feedback_only,balanced_permutation_b_k8,balanced_permutation_b,balanced,8,1.06340039778946,1.0,0.6340039778945984,64,64,64,fixed_cache,64,1.1868424407947593e-05,1.2033367791632802e-05
s9316_r4_n000_a375,confirmatory,9316,4,0.0,0.375,feedback_only,comb_contiguous_k1,comb_contiguous,comb,1,0.225,0.125,1.0,64,64,8,fixed_cache,64,0.3742732062225369,0.3808153954666359
s9316_r4_n000_a375,confirmatory,9316,4,0.0,0.375,feedback_only,comb_contiguous_k2,comb_contiguous,comb,2,0.35,0.25,1.0,64,64,16,fixed_cache,64,0.2697365310312865,0.27439822621760906
s9316_r4_n000_a375,confirmatory,9316,4,0.0,0.375,feedback_only,comb_contiguous_k4,comb_contiguous,comb,4,0.6,0.5,1.0,64,64,32,fixed_cache,64,0.09207886950013994,0.09437023976935054
s9316_r4_n000_a375,confirmatory,9316,4,0.0,0.375,feedback_only,comb_contiguous_k8,comb_contiguous,comb,8,1.1,1.0,1.0,64,64,64,fixed_cache,64,1.1868424407947593e-05,1.2033367791632802e-05
s9316_r4_n000_a375,confirmatory,9316,4,0.0,0.375,feedback_only,balanced_contiguous_k1,balanced_contiguous,balanced,1,0.1737418407321983,0.125,0.487418407321983,64,64,8,fixed_cache,256,0.3738953079722013,0.3786278274543215
s9316_r4_n000_a375,confirmatory,9316,4,0.0,0.375,feedback_only,balanced_contiguous_k2,balanced_contiguous,balanced,2,0.2987418407321983,0.25,0.487418407321983,64,64,16,fixed_cache,256,0.2570395255977245,0.25657975321680143
s9316_r4_n000_a375,confirmatory,9316,4,0.0,0.375,feedback_only,balanced_contiguous_k4,balanced_contiguous,balanced,4,0.5487418407321983,0.5,0.487418407321983,64,64,32,fixed_cache,256,0.00020650365427044275,0.00020683581391365332
s9316_r4_n000_a375,confirmatory,9316,4,0.0,0.375,feedback_only,balanced_contiguous_k8,balanced_contiguous,balanced,8,1.0487418407321982,1.0,0.487418407321983,64,64,64,fixed_cache,256,1.744163114049771e-17,1.6993253427543586e-17
s9316_r4_n000_a375,confirmatory,9316,4,0.0,0.375,feedback_only,balanced_interleaved_k1,balanced_interleaved,balanced,1,0.19088469787505546,0.125,0.6588469787505544,64,64,8,fixed_cache,256,0.3738953079722013,0.3786278274543215
s9316_r4_n000_a375,confirmatory,9316,4,0.0,0.375,feedback_only,balanced_interleaved_k2,balanced_interleaved,balanced,2,0.31588469787505546,0.25,0.6588469787505544,64,64,16,fixed_cache,256,0.2782151110045198,0.28088085936836926
s9316_r4_n000_a375,confirmatory,9316,4,0.0,0.375,feedback_only,balanced_interleaved_k4,balanced_interleaved,balanced,4,0.5658846978750555,0.5,0.6588469787505544,64,64,32,fixed_cache,256,0.08194198416020315,0.0819199247195663
s9316_r4_n000_a375,confirmatory,9316,4,0.0,0.375,feedback_only,balanced_interleaved_k8,balanced_interleaved,balanced,8,1.0658846978750554,1.0,0.6588469787505544,64,64,64,fixed_cache,256,1.744163114049771e-17,1.6993253427543586e-17
s9316_r4_n000_a375,confirmatory,9316,4,0.0,0.375,feedback_only,balanced_permutation_a_k1,balanced_permutation_a,balanced,1,0.18899250811836066,0.125,0.6399250811836067,64,64,8,fixed_cache,256,0.3738953079722013,0.3786278274543215
s9316_r4_n000_a375,confirmatory,9316,4,0.0,0.375,feedback_only,balanced_permutation_a_k2,balanced_permutation_a,balanced,2,0.31399250811836066,0.25,0.6399250811836067,64,64,16,fixed_cache,256,0.2534809856135777,0.25434373621641654
s9316_r4_n000_a375,confirmatory,9316,4,0.0,0.375,feedback_only,balanced_permutation_a_k4,balanced_permutation_a,balanced,4,0.5639925081183607,0.5,0.6399250811836067,64,64,32,fixed_cache,256,0.06195573806836382,0.06189002178156958
s9316_r4_n000_a375,confirmatory,9316,4,0.0,0.375,feedback_only,balanced_permutation_a_k8,balanced_permutation_a,balanced,8,1.0639925081183608,1.0,0.6399250811836067,64,64,64,fixed_cache,256,1.744163114049771e-17,1.6993253427543586e-17
s9316_r4_n000_a375,confirmatory,9316,4,0.0,0.375,feedback_only,balanced_permutation_b_k1,balanced_permutation_b,balanced,1,0.18840039778945986,0.125,0.6340039778945984,64,64,8,fixed_cache,256,0.3738953079722013,0.3786278274543215
s9316_r4_n000_a375,confirmatory,9316,4,0.0,0.375,feedback_only,balanced_permutation_b_k2,balanced_permutation_b,balanced,2,0.31340039778945983,0.25,0.6340039778945984,64,64,16,fixed_cache,256,0.24814943410374168,0.2516909942347595
s9316_r4_n000_a375,confirmatory,9316,4,0.0,0.375,feedback_only,balanced_permutation_b_k4,balanced_permutation_b,balanced,4,0.5634003977894598,0.5,0.6340039778945984,64,64,32,fixed_cache,256,0.007060371428680752,0.006957167085524251
s9316_r4_n000_a375,confirmatory,9316,4,0.0,0.375,feedback_only,balanced_permutation_b_k8,balanced_permutation_b,balanced,8,1.06340039778946,1.0,0.6340039778945984,64,64,64,fixed_cache,256,1.744163114049771e-17,1.6993253427543586e-17
s9316_r4_n000_a375,confirmatory,9316,4,0.0,0.375,feedback_only,comb_contiguous_k1,comb_contiguous,comb,1,0.225,0.125,1.0,64,64,8,fixed_cache,256,0.3738953079722013,0.3786278274543215
s9316_r4_n000_a375,confirmatory,9316,4,0.0,0.375,feedback_only,comb_contiguous_k2,comb_contiguous,comb,2,0.35,0.25,1.0,64,64,16,fixed_cache,256,0.24947611877564824,0.252507862762201
s9316_r4_n000_a375,confirmatory,9316,4,0.0,0.375,feedback_only,comb_contiguous_k4,comb_contiguous,comb,4,0.6,0.5,1.0,64,64,32,fixed_cache,256,0.027366949156067744,0.027832207961236286
s9316_r4_n000_a375,confirmatory,9316,4,0.0,0.375,feedback_only,comb_contiguous_k8,comb_contiguous,comb,8,1.1,1.0,1.0,64,64,64,fixed_cache,256,1.744163114049771e-17,1.6993253427543586e-17
s9316_r4_n000_a375,confirmatory,9316,4,0.0,0.375,feedback_only,balanced_contiguous_k1,balanced_contiguous,balanced,1,0.1737418407321983,0.125,0.487418407321983,64,64,8,fresh_iid,16,0.4120959264758276,0.4209894472661482
s9316_r4_n000_a375,confirmatory,9316,4,0.0,0.375,feedback_only,balanced_contiguous_k2,balanced_contiguous,balanced,2,0.2987418407321983,0.25,0.487418407321983,64,64,16,fresh_iid,16,0.3096484973195018,0.3148354389646737
s9316_r4_n000_a375,confirmatory,9316,4,0.0,0.375,feedback_only,balanced_contiguous_k4,balanced_contiguous,balanced,4,0.5487418407321983,0.5,0.487418407321983,64,64,32,fresh_iid,16,0.17335489555532207,0.17727127162110914
s9316_r4_n000_a375,confirmatory,9316,4,0.0,0.375,feedback_only,balanced_contiguous_k8,balanced_contiguous,balanced,8,1.0487418407321982,1.0,0.487418407321983,64,64,64,fresh_iid,16,0.027853506408412044,0.028682183331946894
s9316_r4_n000_a375,confirmatory,9316,4,0.0,0.375,feedback_only,balanced_interleaved_k1,balanced_interleaved,balanced,1,0.19088469787505546,0.125,0.6588469787505544,64,64,8,fresh_iid,16,0.4120959264758276,0.4209894472661482
s9316_r4_n000_a375,confirmatory,9316,4,0.0,0.375,feedback_only,balanced_interleaved_k2,balanced_interleaved,balanced,2,0.31588469787505546,0.25,0.6588469787505544,64,64,16,fresh_iid,16,0.3981775139743441,0.4068561605501289
s9316_r4_n000_a375,confirmatory,9316,4,0.0,0.375,feedback_only,balanced_interleaved_k4,balanced_interleaved,balanced,4,0.5658846978750555,0.5,0.6588469787505544,64,64,32,fresh_iid,16,0.24359359882204001,0.24846375945733576
s9316_r4_n000_a375,confirmatory,9316,4,0.0,0.375,feedback_only,balanced_interleaved_k8,balanced_interleaved,balanced,8,1.0658846978750554,1.0,0.6588469787505544,64,64,64,fresh_iid,16,0.027853506408412044,0.028682183331946894
s9316_r4_n000_a375,confirmatory,9316,4,0.0,0.375,feedback_only,balanced_permutation_a_k1,balanced_permutation_a,balanced,1,0.18899250811836066,0.125,0.6399250811836067,64,64,8,fresh_iid,16,0.4120959264758276,0.4209894472661482
s9316_r4_n000_a375,confirmatory,9316,4,0.0,0.375,feedback_only,balanced_permutation_a_k2,balanced_permutation_a,balanced,2,0.31399250811836066,0.25,0.6399250811836067,64,64,16,fresh_iid,16,0.36047744021898886,0.3682754843634738
s9316_r4_n000_a375,confirmatory,9316,4,0.0,0.375,feedback_only,balanced_permutation_a_k4,balanced_permutation_a,balanced,4,0.5639925081183607,0.5,0.6399250811836067,64,64,32,fresh_iid,16,0.2445692817254423,0.24933343226057936
s9316_r4_n000_a375,confirmatory,9316,4,0.0,0.375,feedback_only,balanced_permutation_a_k8,balanced_permutation_a,balanced,8,1.0639925081183608,1.0,0.6399250811836067,64,64,64,fresh_iid,16,0.027853506408412044,0.028682183331946894
s9316_r4_n000_a375,confirmatory,9316,4,0.0,0.375,feedback_only,balanced_permutation_b_k1,balanced_permutation_b,balanced,1,0.18840039778945986,0.125,0.6340039778945984,64,64,8,fresh_iid,16,0.4120959264758276,0.4209894472661482
s9316_r4_n000_a375,confirmatory,9316,4,0.0,0.375,feedback_only,balanced_permutation_b_k2,balanced_permutation_b,balanced,2,0.31340039778945983,0.25,0.6340039778945984,64,64,16,fresh_iid,16,0.3199622891993431,0.32667041423838666
s9316_r4_n000_a375,confirmatory,9316,4,0.0,0.375,feedback_only,balanced_permutation_b_k4,balanced_permutation_b,balanced,4,0.5634003977894598,0.5,0.6340039778945984,64,64,32,fresh_iid,16,0.18064897985231293,0.18282529834975558
s9316_r4_n000_a375,confirmatory,9316,4,0.0,0.375,feedback_only,balanced_permutation_b_k8,balanced_permutation_b,balanced,8,1.06340039778946,1.0,0.6340039778945984,64,64,64,fresh_iid,16,0.027853506408412044,0.028682183331946894
s9316_r4_n000_a375,confirmatory,9316,4,0.0,0.375,feedback_only,comb_contiguous_k1,comb_contiguous,comb,1,0.225,0.125,1.0,64,64,8,fresh_iid,16,0.4120959264758276,0.4209894472661482
s9316_r4_n000_a375,confirmatory,9316,4,0.0,0.375,feedback_only,comb_contiguous_k2,comb_contiguous,comb,2,0.35,0.25,1.0,64,64,16,fresh_iid,16,0.34961862803112664,0.35722494623744167
s9316_r4_n000_a375,confirmatory,9316,4,0.0,0.375,feedback_only,comb_contiguous_k4,comb_contiguous,comb,4,0.6,0.5,1.0,64,64,32,fresh_iid,16,0.19576696128004567,0.2000102092309071
s9316_r4_n000_a375,confirmatory,9316,4,0.0,0.375,feedback_only,comb_contiguous_k8,comb_contiguous,comb,8,1.1,1.0,1.0,64,64,64,fresh_iid,16,0.027853506408412044,0.028682183331946894
s9316_r4_n000_a375,confirmatory,9316,4,0.0,0.375,feedback_only,balanced_contiguous_k1,balanced_contiguous,balanced,1,0.1737418407321983,0.125,0.487418407321983,64,64,8,fresh_iid,64,0.37420969335698917,0.37935961028916876
s9316_r4_n000_a375,confirmatory,9316,4,0.0,0.375,feedback_only,balanced_contiguous_k2,balanced_contiguous,balanced,2,0.2987418407321983,0.25,0.487418407321983,64,64,16,fresh_iid,64,0.2599775696902259,0.2573017174112472
s9316_r4_n000_a375,confirmatory,9316,4,0.0,0.375,feedback_only,balanced_contiguous_k4,balanced_contiguous,balanced,4,0.5487418407321983,0.5,0.487418407321983,64,64,32,fresh_iid,64,0.039953414788240306,0.040311901137414695
s9316_r4_n000_a375,confirmatory,9316,4,0.0,0.375,feedback_only,balanced_contiguous_k8,balanced_contiguous,balanced,8,1.0487418407321982,1.0,0.487418407321983,64,64,64,fresh_iid,64,4.998617016403138e-06,5.049651708424858e-06
s9316_r4_n000_a375,confirmatory,9316,4,0.0,0.375,feedback_only,balanced_interleaved_k1,balanced_interleaved,balanced,1,0.19088469787505546,0.125,0.6588469787505544,64,64,8,fresh_iid,64,0.37420969335698917,0.37935961028916876
s9316_r4_n000_a375,confirmatory,9316,4,0.0,0.375,feedback_only,balanced_interleaved_k2,balanced_interleaved,balanced,2,0.31588469787505546,0.25,0.6588469787505544,64,64,16,fresh_iid,64,0.334555038009156,0.3391766813928337
s9316_r4_n000_a375,confirmatory,9316,4,0.0,0.375,feedback_only,balanced_interleaved_k4,balanced_interleaved,balanced,4,0.5658846978750555,0.5,0.6588469787505544,64,64,32,fresh_iid,64,0.13343911318022367,0.13477854756857813
s9316_r4_n000_a375,confirmatory,9316,4,0.0,0.375,feedback_only,balanced_interleaved_k8,balanced_interleaved,balanced,8,1.0658846978750554,1.0,0.6588469787505544,64,64,64,fresh_iid,64,4.998617016403138e-06,5.049651708424858e-06
s9316_r4_n000_a375,confirmatory,9316,4,0.0,0.375,feedback_only,balanced_permutation_a_k1,balanced_permutation_a,balanced,1,0.18899250811836066,0.125,0.6399250811836067,64,64,8,fresh_iid,64,0.37420969335698917,0.37935961028916876
s9316_r4_n000_a375,confirmatory,9316,4,0.0,0.375,feedback_only,balanced_permutation_a_k2,balanced_permutation_a,balanced,2,0.31399250811836066,0.25,0.6399250811836067,64,64,16,fresh_iid,64,0.2744647646415838,0.27649484636663296
s9316_r4_n000_a375,confirmatory,9316,4,0.0,0.375,feedback_only,balanced_permutation_a_k4,balanced_permutation_a,balanced,4,0.5639925081183607,0.5,0.6399250811836067,64,64,32,fresh_iid,64,0.11758832294990271,0.11811980709183043
s9316_r4_n000_a375,confirmatory,9316,4,0.0,0.375,feedback_only,balanced_permutation_a_k8,balanced_permutation_a,balanced,8,1.0639925081183608,1.0,0.6399250811836067,64,64,64,fresh_iid,64,4.998617016403138e-06,5.049651708424858e-06
s9316_r4_n000_a375,confirmatory,9316,4,0.0,0.375,feedback_only,balanced_permutation_b_k1,balanced_permutation_b,balanced,1,0.18840039778945986,0.125,0.6340039778945984,64,64,8,fresh_iid,64,0.37420969335698917,0.37935961028916876
s9316_r4_n000_a375,confirmatory,9316,4,0.0,0.375,feedback_only,balanced_permutation_b_k2,balanced_permutation_b,balanced,2,0.31340039778945983,0.25,0.6340039778945984,64,64,16,fresh_iid,64,0.2561410298455148,0.25981612417087746
s9316_r4_n000_a375,confirmatory,9316,4,0.0,0.375,feedback_only,balanced_permutation_b_k4,balanced_permutation_b,balanced,4,0.5634003977894598,0.5,0.6340039778945984,64,64,32,fresh_iid,64,0.06371090683031538,0.06332447545216535
s9316_r4_n000_a375,confirmatory,9316,4,0.0,0.375,feedback_only,balanced_permutation_b_k8,balanced_permutation_b,balanced,8,1.06340039778946,1.0,0.6340039778945984,64,64,64,fresh_iid,64,4.998617016403138e-06,5.049651708424858e-06
s9316_r4_n000_a375,confirmatory,9316,4,0.0,0.375,feedback_only,comb_contiguous_k1,comb_contiguous,comb,1,0.225,0.125,1.0,64,64,8,fresh_iid,64,0.37420969335698917,0.37935961028916876
s9316_r4_n000_a375,confirmatory,9316,4,0.0,0.375,feedback_only,comb_contiguous_k2,comb_contiguous,comb,2,0.35,0.25,1.0,64,64,16,fresh_iid,64,0.27204660956006144,0.27531672209522046
s9316_r4_n000_a375,confirmatory,9316,4,0.0,0.375,feedback_only,comb_contiguous_k4,comb_contiguous,comb,4,0.6,0.5,1.0,64,64,32,fresh_iid,64,0.08780449497798862,0.08917791286662168
s9316_r4_n000_a375,confirmatory,9316,4,0.0,0.375,feedback_only,comb_contiguous_k8,comb_contiguous,comb,8,1.1,1.0,1.0,64,64,64,fresh_iid,64,4.998617016403138e-06,5.049651708424858e-06
s9316_r4_n000_a375,confirmatory,9316,4,0.0,0.375,feedback_only,balanced_contiguous_k1,balanced_contiguous,balanced,1,0.1737418407321983,0.125,0.487418407321983,64,64,8,fresh_iid,256,0.3728314275091729,0.37584126730865675
s9316_r4_n000_a375,confirmatory,9316,4,0.0,0.375,feedback_only,balanced_contiguous_k2,balanced_contiguous,balanced,2,0.2987418407321983,0.25,0.487418407321983,64,64,16,fresh_iid,256,0.25379844460309,0.2515029647440883
s9316_r4_n000_a375,confirmatory,9316,4,0.0,0.375,feedback_only,balanced_contiguous_k4,balanced_contiguous,balanced,4,0.5487418407321983,0.5,0.487418407321983,64,64,32,fresh_iid,256,0.0001308870576741923,0.00013218648592477165
s9316_r4_n000_a375,confirmatory,9316,4,0.0,0.375,feedback_only,balanced_contiguous_k8,balanced_contiguous,balanced,8,1.0487418407321982,1.0,0.487418407321983,64,64,64,fresh_iid,256,9.350486862908745e-21,9.051115467359394e-21
s9316_r4_n000_a375,confirmatory,9316,4,0.0,0.375,feedback_only,balanced_interleaved_k1,balanced_interleaved,balanced,1,0.19088469787505546,0.125,0.6588469787505544,64,64,8,fresh_iid,256,0.3728314275091729,0.37584126730865675
s9316_r4_n000_a375,confirmatory,9316,4,0.0,0.375,feedback_only,balanced_interleaved_k2,balanced_interleaved,balanced,2,0.31588469787505546,0.25,0.6588469787505544,64,64,16,fresh_iid,256,0.27920351081808775,0.281179224626603
s9316_r4_n000_a375,confirmatory,9316,4,0.0,0.375,feedback_only,balanced_interleaved_k4,balanced_interleaved,balanced,4,0.5658846978750555,0.5,0.6588469787505544,64,64,32,fresh_iid,256,0.07978280979223887,0.08004379638775715
s9316_r4_n000_a375,confirmatory,9316,4,0.0,0.375,feedback_only,balanced_interleaved_k8,balanced_interleaved,balanced,8,1.0658846978750554,1.0,0.6588469787505544,64,64,64,fresh_iid,256,9.350486862908745e-21,9.051115467359394e-21
s9316_r4_n000_a375,confirmatory,9316,4,0.0,0.375,feedback_only,balanced_permutation_a_k1,balanced_permutation_a,balanced,1,0.18899250811836066,0.125,0.6399250811836067,64,64,8,fresh_iid,256,0.3728314275091729,0.37584126730865675
s9316_r4_n000_a375,confirmatory,9316,4,0.0,0.375,feedback_only,balanced_permutation_a_k2,balanced_permutation_a,balanced,2,0.31399250811836066,0.25,0.6399250811836067,64,64,16,fresh_iid,256,0.25055105037010306,0.2510844749859126
s9316_r4_n000_a375,confirmatory,9316,4,0.0,0.375,feedback_only,balanced_permutation_a_k4,balanced_permutation_a,balanced,4,0.5639925081183607,0.5,0.6399250811836067,64,64,32,fresh_iid,256,0.057509486838017584,0.05726685411692327
s9316_r4_n000_a375,confirmatory,9316,4,0.0,0.375,feedback_only,balanced_permutation_a_k8,balanced_permutation_a,balanced,8,1.0639925081183608,1.0,0.6399250811836067,64,64,64,fresh_iid,256,9.350486862908745e-21,9.051115467359394e-21
s9316_r4_n000_a375,confirmatory,9316,4,0.0,0.375,feedback_only,balanced_permutation_b_k1,balanced_permutation_b,balanced,1,0.18840039778945986,0.125,0.6340039778945984,64,64,8,fresh_iid,256,0.3728314275091729,0.37584126730865675
s9316_r4_n000_a375,confirmatory,9316,4,0.0,0.375,feedback_only,balanced_permutation_b_k2,balanced_permutation_b,balanced,2,0.31340039778945983,0.25,0.6340039778945984,64,64,16,fresh_iid,256,0.2503386105685267,0.25310415500679784
s9316_r4_n000_a375,confirmatory,9316,4,0.0,0.375,feedback_only,balanced_permutation_b_k4,balanced_permutation_b,balanced,4,0.5634003977894598,0.5,0.6340039778945984,64,64,32,fresh_iid,256,0.007309762590475849,0.007202069174578861
s9316_r4_n000_a375,confirmatory,9316,4,0.0,0.375,feedback_only,balanced_permutation_b_k8,balanced_permutation_b,balanced,8,1.06340039778946,1.0,0.6340039778945984,64,64,64,fresh_iid,256,9.350486862908745e-21,9.051115467359394e-21
s9316_r4_n000_a375,confirmatory,9316,4,0.0,0.375,feedback_only,comb_contiguous_k1,comb_contiguous,comb,1,0.225,0.125,1.0,64,64,8,fresh_iid,256,0.3728314275091729,0.37584126730865675
s9316_r4_n000_a375,confirmatory,9316,4,0.0,0.375,feedback_only,comb_contiguous_k2,comb_contiguous,comb,2,0.35,0.25,1.0,64,64,16,fresh_iid,256,0.24932187978195175,0.2517653023123
s9316_r4_n000_a375,confirmatory,9316,4,0.0,0.375,feedback_only,comb_contiguous_k4,comb_contiguous,comb,4,0.6,0.5,1.0,64,64,32,fresh_iid,256,0.023974044250142573,0.02424652366636129
s9316_r4_n000_a375,confirmatory,9316,4,0.0,0.375,feedback_only,comb_contiguous_k8,comb_contiguous,comb,8,1.1,1.0,1.0,64,64,64,fresh_iid,256,9.350486862908745e-21,9.051115467359394e-21
s9316_r4_n000_a375,confirmatory,9316,4,0.0,0.375,joint_forward_feedback,balanced_contiguous_k1,balanced_contiguous,balanced,1,0.1737418407321983,0.125,0.487418407321983,64,64,8,fixed_cache,16,0.43753803478727415,0.44913729570035604
s9316_r4_n000_a375,confirmatory,9316,4,0.0,0.375,joint_forward_feedback,balanced_contiguous_k2,balanced_contiguous,balanced,2,0.2987418407321983,0.25,0.487418407321983,64,64,16,fixed_cache,16,0.36296629992989593,0.37078403624950823
s9316_r4_n000_a375,confirmatory,9316,4,0.0,0.375,joint_forward_feedback,balanced_contiguous_k4,balanced_contiguous,balanced,4,0.5487418407321983,0.5,0.487418407321983,64,64,32,fixed_cache,16,0.25462757857678786,0.26081249463626877
s9316_r4_n000_a375,confirmatory,9316,4,0.0,0.375,joint_forward_feedback,balanced_contiguous_k8,balanced_contiguous,balanced,8,1.0487418407321982,1.0,0.487418407321983,64,64,64,fixed_cache,16,0.16148788680617224,0.16613843537521036
s9316_r4_n000_a375,confirmatory,9316,4,0.0,0.375,joint_forward_feedback,balanced_interleaved_k1,balanced_interleaved,balanced,1,0.19088469787505546,0.125,0.6588469787505544,64,64,8,fixed_cache,16,0.4309531363606146,0.44221840789051536
s9316_r4_n000_a375,confirmatory,9316,4,0.0,0.375,joint_forward_feedback,balanced_interleaved_k2,balanced_interleaved,balanced,2,0.31588469787505546,0.25,0.6588469787505544,64,64,16,fixed_cache,16,0.4203185177407398,0.43154267973170385
s9316_r4_n000_a375,confirmatory,9316,4,0.0,0.375,joint_forward_feedback,balanced_interleaved_k4,balanced_interleaved,balanced,4,0.5658846978750555,0.5,0.6588469787505544,64,64,32,fixed_cache,16,0.2890922084070059,0.2978757120990234
s9316_r4_n000_a375,confirmatory,9316,4,0.0,0.375,joint_forward_feedback,balanced_interleaved_k8,balanced_interleaved,balanced,8,1.0658846978750554,1.0,0.6588469787505544,64,64,64,fixed_cache,16,0.11188575623032522,0.11578191971953267
s9316_r4_n000_a375,confirmatory,9316,4,0.0,0.375,joint_forward_feedback,balanced_permutation_a_k1,balanced_permutation_a,balanced,1,0.18899250811836066,0.125,0.6399250811836067,64,64,8,fixed_cache,16,0.43345401916313475,0.44502573107130117
s9316_r4_n000_a375,confirmatory,9316,4,0.0,0.375,joint_forward_feedback,balanced_permutation_a_k2,balanced_permutation_a,balanced,2,0.31399250811836066,0.25,0.6399250811836067,64,64,16,fixed_cache,16,0.3994409604751745,0.41081009706525606
s9316_r4_n000_a375,confirmatory,9316,4,0.0,0.375,joint_forward_feedback,balanced_permutation_a_k4,balanced_permutation_a,balanced,4,0.5639925081183607,0.5,0.6399250811836067,64,64,32,fixed_cache,16,0.30263914539567865,0.31078441698150405
s9316_r4_n000_a375,confirmatory,9316,4,0.0,0.375,joint_forward_feedback,balanced_permutation_a_k8,balanced_permutation_a,balanced,8,1.0639925081183608,1.0,0.6399250811836067,64,64,64,fixed_cache,16,0.1164963802040213,0.1207381159206993
s9316_r4_n000_a375,confirmatory,9316,4,0.0,0.375,joint_forward_feedback,balanced_permutation_b_k1,balanced_permutation_b,balanced,1,0.18840039778945986,0.125,0.6340039778945984,64,64,8,fixed_cache,16,0.43303618587489034,0.4445756188186198
s9316_r4_n000_a375,confirmatory,9316,4,0.0,0.375,joint_forward_feedback,balanced_permutation_b_k2,balanced_permutation_b,balanced,2,0.31340039778945983,0.25,0.6340039778945984,64,64,16,fixed_cache,16,0.3590758345413934,0.3686282371916689
s9316_r4_n000_a375,confirmatory,9316,4,0.0,0.375,joint_forward_feedback,balanced_permutation_b_k4,balanced_permutation_b,balanced,4,0.5634003977894598,0.5,0.6340039778945984,64,64,32,fixed_cache,16,0.256644517291439,0.2626847317371419
s9316_r4_n000_a375,confirmatory,9316,4,0.0,0.375,joint_forward_feedback,balanced_permutation_b_k8,balanced_permutation_b,balanced,8,1.06340039778946,1.0,0.6340039778945984,64,64,64,fixed_cache,16,0.10955813289057684,0.11364453882666989
s9316_r4_n000_a375,confirmatory,9316,4,0.0,0.375,joint_forward_feedback,comb_contiguous_k1,comb_contiguous,comb,1,0.225,0.125,1.0,64,64,8,fixed_cache,16,0.42711487714356733,0.43770006958153784
s9316_r4_n000_a375,confirmatory,9316,4,0.0,0.375,joint_forward_feedback,comb_contiguous_k2,comb_contiguous,comb,2,0.35,0.25,1.0,64,64,16,fixed_cache,16,0.3651797929797619,0.3749473895751983
s9316_r4_n000_a375,confirmatory,9316,4,0.0,0.375,joint_forward_feedback,comb_contiguous_k4,comb_contiguous,comb,4,0.6,0.5,1.0,64,64,32,fixed_cache,16,0.23909991950474357,0.24564840278985609
s9316_r4_n000_a375,confirmatory,9316,4,0.0,0.375,joint_forward_feedback,comb_contiguous_k8,comb_contiguous,comb,8,1.1,1.0,1.0,64,64,64,fixed_cache,16,0.10080602484476359,0.10355027547825545
s9316_r4_n000_a375,confirmatory,9316,4,0.0,0.375,joint_forward_feedback,balanced_contiguous_k1,balanced_contiguous,balanced,1,0.1737418407321983,0.125,0.487418407321983,64,64,8,fixed_cache,64,0.38641124756245526,0.39481674601614225
s9316_r4_n000_a375,confirmatory,9316,4,0.0,0.375,joint_forward_feedback,balanced_contiguous_k2,balanced_contiguous,balanced,2,0.2987418407321983,0.25,0.487418407321983,64,64,16,fixed_cache,64,0.27594459688693695,0.27780488489819133
s9316_r4_n000_a375,confirmatory,9316,4,0.0,0.375,joint_forward_feedback,balanced_contiguous_k4,balanced_contiguous,balanced,4,0.5487418407321983,0.5,0.487418407321983,64,64,32,fixed_cache,64,0.10424706978206108,0.10543755999942234
s9316_r4_n000_a375,confirmatory,9316,4,0.0,0.375,joint_forward_feedback,balanced_contiguous_k8,balanced_contiguous,balanced,8,1.0487418407321982,1.0,0.487418407321983,64,64,64,fixed_cache,64,0.009724588868014224,0.009896286122053764
s9316_r4_n000_a375,confirmatory,9316,4,0.0,0.375,joint_forward_feedback,balanced_interleaved_k1,balanced_interleaved,balanced,1,0.19088469787505546,0.125,0.6588469787505544,64,64,8,fixed_cache,64,0.381627102785395,0.3895092793793108
s9316_r4_n000_a375,confirmatory,9316,4,0.0,0.375,joint_forward_feedback,balanced_interleaved_k2,balanced_interleaved,balanced,2,0.31588469787505546,0.25,0.6588469787505544,64,64,16,fixed_cache,64,0.3537497577126807,0.3613275399359463
s9316_r4_n000_a375,confirmatory,9316,4,0.0,0.375,joint_forward_feedback,balanced_interleaved_k4,balanced_interleaved,balanced,4,0.5658846978750555,0.5,0.6588469787505544,64,64,32,fixed_cache,64,0.15944248743646158,0.16248665459286882
s9316_r4_n000_a375,confirmatory,9316,4,0.0,0.375,joint_forward_feedback,balanced_interleaved_k8,balanced_interleaved,balanced,8,1.0658846978750554,1.0,0.6588469787505544,64,64,64,fixed_cache,64,0.001652809257555145,0.0017181229621069918
s9316_r4_n000_a375,confirmatory,9316,4,0.0,0.375,joint_forward_feedback,balanced_permutation_a_k1,balanced_permutation_a,balanced,1,0.18899250811836066,0.125,0.6399250811836067,64,64,8,fixed_cache,64,0.3831021989732023,0.3915414178443833
s9316_r4_n000_a375,confirmatory,9316,4,0.0,0.375,joint_forward_feedback,balanced_permutation_a_k2,balanced_permutation_a,balanced,2,0.31399250811836066,0.25,0.6399250811836067,64,64,16,fixed_cache,64,0.30977120990198015,0.3164374686551862
s9316_r4_n000_a375,confirmatory,9316,4,0.0,0.375,joint_forward_feedback,balanced_permutation_a_k4,balanced_permutation_a,balanced,4,0.5639925081183607,0.5,0.6399250811836067,64,64,32,fixed_cache,64,0.15937404122979337,0.16287074483892416
s9316_r4_n000_a375,confirmatory,9316,4,0.0,0.375,joint_forward_feedback,balanced_permutation_a_k8,balanced_permutation_a,balanced,8,1.0639925081183608,1.0,0.6399250811836067,64,64,64,fixed_cache,64,0.002660019073270048,0.0027709888845236326
s9316_r4_n000_a375,confirmatory,9316,4,0.0,0.375,joint_forward_feedback,balanced_permutation_b_k1,balanced_permutation_b,balanced,1,0.18840039778945986,0.125,0.6340039778945984,64,64,8,fixed_cache,64,0.3824630002052902,0.39089888409370677
s9316_r4_n000_a375,confirmatory,9316,4,0.0,0.375,joint_forward_feedback,balanced_permutation_b_k2,balanced_permutation_b,balanced,2,0.31340039778945983,0.25,0.6340039778945984,64,64,16,fixed_cache,64,0.2734800258526711,0.2783181365528023
s9316_r4_n000_a375,confirmatory,9316,4,0.0,0.375,joint_forward_feedback,balanced_permutation_b_k4,balanced_permutation_b,balanced,4,0.5634003977894598,0.5,0.6340039778945984,64,64,32,fixed_cache,64,0.0965601615573054,0.09641382950234151
s9316_r4_n000_a375,confirmatory,9316,4,0.0,0.375,joint_forward_feedback,balanced_permutation_b_k8,balanced_permutation_b,balanced,8,1.06340039778946,1.0,0.6340039778945984,64,64,64,fixed_cache,64,0.0014721294818223552,0.001546347502488261
s9316_r4_n000_a375,confirmatory,9316,4,0.0,0.375,joint_forward_feedback,comb_contiguous_k1,comb_contiguous,comb,1,0.225,0.125,1.0,64,64,8,fixed_cache,64,0.38025338978686773,0.38681205379010125
s9316_r4_n000_a375,confirmatory,9316,4,0.0,0.375,joint_forward_feedback,comb_contiguous_k2,comb_contiguous,comb,2,0.35,0.25,1.0,64,64,16,fixed_cache,64,0.2785567711415811,0.2835753731819173
s9316_r4_n000_a375,confirmatory,9316,4,0.0,0.375,joint_forward_feedback,comb_contiguous_k4,comb_contiguous,comb,4,0.6,0.5,1.0,64,64,32,fixed_cache,64,0.11460402272866402,0.11739928781863626
s9316_r4_n000_a375,confirmatory,9316,4,0.0,0.375,joint_forward_feedback,comb_contiguous_k8,comb_contiguous,comb,8,1.1,1.0,1.0,64,64,64,fixed_cache,64,0.002448500554836118,0.0024976618193814568
s9316_r4_n000_a375,confirmatory,9316,4,0.0,0.375,joint_forward_feedback,balanced_contiguous_k1,balanced_contiguous,balanced,1,0.1737418407321983,0.125,0.487418407321983,64,64,8,fixed_cache,256,0.3725965345531991,0.3776676569764562
s9316_r4_n000_a375,confirmatory,9316,4,0.0,0.375,joint_forward_feedback,balanced_contiguous_k2,balanced_contiguous,balanced,2,0.2987418407321983,0.25,0.487418407321983,64,64,16,fixed_cache,256,0.2549516227173553,0.2548299119695429
s9316_r4_n000_a375,confirmatory,9316,4,0.0,0.375,joint_forward_feedback,balanced_contiguous_k4,balanced_contiguous,balanced,4,0.5487418407321983,0.5,0.487418407321983,64,64,32,fixed_cache,256,0.006545579139251126,0.006593827009505593
s9316_r4_n000_a375,confirmatory,9316,4,0.0,0.375,joint_forward_feedback,balanced_contiguous_k8,balanced_contiguous,balanced,8,1.0487418407321982,1.0,0.487418407321983,64,64,64,fixed_cache,256,5.059534306272391e-07,5.017918405780848e-07
s9316_r4_n000_a375,confirmatory,9316,4,0.0,0.375,joint_forward_feedback,balanced_interleaved_k1,balanced_interleaved,balanced,1,0.19088469787505546,0.125,0.6588469787505544,64,64,8,fixed_cache,256,0.3730337683515347,0.3779582618597048
s9316_r4_n000_a375,confirmatory,9316,4,0.0,0.375,joint_forward_feedback,balanced_interleaved_k2,balanced_interleaved,balanced,2,0.31588469787505546,0.25,0.6588469787505544,64,64,16,fixed_cache,256,0.2985855688141829,0.30191877139159207
s9316_r4_n000_a375,confirmatory,9316,4,0.0,0.375,joint_forward_feedback,balanced_interleaved_k4,balanced_interleaved,balanced,4,0.5658846978750555,0.5,0.6588469787505544,64,64,32,fixed_cache,256,0.09698831082033106,0.09749846038694518
s9316_r4_n000_a375,confirmatory,9316,4,0.0,0.375,joint_forward_feedback,balanced_interleaved_k8,balanced_interleaved,balanced,8,1.0658846978750554,1.0,0.6588469787505544,64,64,64,fixed_cache,256,5.06457054928492e-10,5.120301612299207e-10
s9316_r4_n000_a375,confirmatory,9316,4,0.0,0.375,joint_forward_feedback,balanced_permutation_a_k1,balanced_permutation_a,balanced,1,0.18899250811836066,0.125,0.6399250811836067,64,64,8,fixed_cache,256,0.37261699949366534,0.3777523848736334
s9316_r4_n000_a375,confirmatory,9316,4,0.0,0.375,joint_forward_feedback,balanced_permutation_a_k2,balanced_permutation_a,balanced,2,0.31399250811836066,0.25,0.6399250811836067,64,64,16,fixed_cache,256,0.25642522616449803,0.2581329133503286
s9316_r4_n000_a375,confirmatory,9316,4,0.0,0.375,joint_forward_feedback,balanced_permutation_a_k4,balanced_permutation_a,balanced,4,0.5639925081183607,0.5,0.6399250811836067,64,64,32,fixed_cache,256,0.07994900598425123,0.08023798524582382
s9316_r4_n000_a375,confirmatory,9316,4,0.0,0.375,joint_forward_feedback,balanced_permutation_a_k8,balanced_permutation_a,balanced,8,1.0639925081183608,1.0,0.6399250811836067,64,64,64,fixed_cache,256,1.1083847310663157e-08,1.106387963968055e-08
s9316_r4_n000_a375,confirmatory,9316,4,0.0,0.375,joint_forward_feedback,balanced_permutation_b_k1,balanced_permutation_b,balanced,1,0.18840039778945986,0.125,0.6340039778945984,64,64,8,fixed_cache,256,0.3722505510841045,0.37765386255057515
s9316_r4_n000_a375,confirmatory,9316,4,0.0,0.375,joint_forward_feedback,balanced_permutation_b_k2,balanced_permutation_b,balanced,2,0.31340039778945983,0.25,0.6340039778945984,64,64,16,fixed_cache,256,0.24767848642772206,0.25143617116360334
s9316_r4_n000_a375,confirmatory,9316,4,0.0,0.375,joint_forward_feedback,balanced_permutation_b_k4,balanced_permutation_b,balanced,4,0.5634003977894598,0.5,0.6340039778945984,64,64,32,fixed_cache,256,0.02165741689185169,0.02136597464998647
s9316_r4_n000_a375,confirmatory,9316,4,0.0,0.375,joint_forward_feedback,balanced_permutation_b_k8,balanced_permutation_b,balanced,8,1.06340039778946,1.0,0.6340039778945984,64,64,64,fixed_cache,256,4.005815869810564e-10,4.2061414236376703e-10
s9316_r4_n000_a375,confirmatory,9316,4,0.0,0.375,joint_forward_feedback,comb_contiguous_k1,comb_contiguous,comb,1,0.225,0.125,1.0,64,64,8,fixed_cache,256,0.37389768907085297,0.37820675692753897
s9316_r4_n000_a375,confirmatory,9316,4,0.0,0.375,joint_forward_feedback,comb_contiguous_k2,comb_contiguous,comb,2,0.35,0.25,1.0,64,64,16,fixed_cache,256,0.24956699196105092,0.25211718718756976
s9316_r4_n000_a375,confirmatory,9316,4,0.0,0.375,joint_forward_feedback,comb_contiguous_k4,comb_contiguous,comb,4,0.6,0.5,1.0,64,64,32,fixed_cache,256,0.049549006150965115,0.05055224391672345
s9316_r4_n000_a375,confirmatory,9316,4,0.0,0.375,joint_forward_feedback,comb_contiguous_k8,comb_contiguous,comb,8,1.1,1.0,1.0,64,64,64,fixed_cache,256,9.714082070404482e-09,9.855932220886698e-09
s9316_r4_n000_a375,confirmatory,9316,4,0.0,0.375,joint_forward_feedback,balanced_contiguous_k1,balanced_contiguous,balanced,1,0.1737418407321983,0.125,0.487418407321983,64,64,8,fresh_iid,16,0.4381901359194342,0.44903334088766467
s9316_r4_n000_a375,confirmatory,9316,4,0.0,0.375,joint_forward_feedback,balanced_contiguous_k2,balanced_contiguous,balanced,2,0.2987418407321983,0.25,0.487418407321983,64,64,16,fresh_iid,16,0.3605432486716761,0.368532568762492
s9316_r4_n000_a375,confirmatory,9316,4,0.0,0.375,joint_forward_feedback,balanced_contiguous_k4,balanced_contiguous,balanced,4,0.5487418407321983,0.5,0.487418407321983,64,64,32,fresh_iid,16,0.2487767841539602,0.2549993219338467
s9316_r4_n000_a375,confirmatory,9316,4,0.0,0.375,joint_forward_feedback,balanced_contiguous_k8,balanced_contiguous,balanced,8,1.0487418407321982,1.0,0.487418407321983,64,64,64,fresh_iid,16,0.1598632662036861,0.16407060817526367
s9316_r4_n000_a375,confirmatory,9316,4,0.0,0.375,joint_forward_feedback,balanced_interleaved_k1,balanced_interleaved,balanced,1,0.19088469787505546,0.125,0.6588469787505544,64,64,8,fresh_iid,16,0.4317337569195928,0.4421382783668656
s9316_r4_n000_a375,confirmatory,9316,4,0.0,0.375,joint_forward_feedback,balanced_interleaved_k2,balanced_interleaved,balanced,2,0.31588469787505546,0.25,0.6588469787505544,64,64,16,fresh_iid,16,0.42184304547892354,0.4321240112220144
s9316_r4_n000_a375,confirmatory,9316,4,0.0,0.375,joint_forward_feedback,balanced_interleaved_k4,balanced_interleaved,balanced,4,0.5658846978750555,0.5,0.6588469787505544,64,64,32,fresh_iid,16,0.2941781099587144,0.30134671752643144
s9316_r4_n000_a375,confirmatory,9316,4,0.0,0.375,joint_forward_feedback,balanced_interleaved_k8,balanced_interleaved,balanced,8,1.0658846978750554,1.0,0.6588469787505544,64,64,64,fresh_iid,16,0.10905962013594339,0.1121164718893557
s9316_r4_n000_a375,confirmatory,9316,4,0.0,0.375,joint_forward_feedback,balanced_permutation_a_k1,balanced_permutation_a,balanced,1,0.18899250811836066,0.125,0.6399250811836067,64,64,8,fresh_iid,16,0.43434560635307,0.4450952540882914
s9316_r4_n000_a375,confirmatory,9316,4,0.0,0.375,joint_forward_feedback,balanced_permutation_a_k2,balanced_permutation_a,balanced,2,0.31399250811836066,0.25,0.6399250811836067,64,64,16,fresh_iid,16,0.3976499296938082,0.4076831392920981
s9316_r4_n000_a375,confirmatory,9316,4,0.0,0.375,joint_forward_feedback,balanced_permutation_a_k4,balanced_permutation_a,balanced,4,0.5639925081183607,0.5,0.6399250811836067,64,64,32,fresh_iid,16,0.3039402042159246,0.31091915481796367
s9316_r4_n000_a375,confirmatory,9316,4,0.0,0.375,joint_forward_feedback,balanced_permutation_a_k8,balanced_permutation_a,balanced,8,1.0639925081183608,1.0,0.6399250811836067,64,64,64,fresh_iid,16,0.11333186070739808,0.11668207469624726
s9316_r4_n000_a375,confirmatory,9316,4,0.0,0.375,joint_forward_feedback,balanced_permutation_b_k1,balanced_permutation_b,balanced,1,0.18840039778945986,0.125,0.6340039778945984,64,64,8,fresh_iid,16,0.43406930605727106,0.4448077109482361
s9316_r4_n000_a375,confirmatory,9316,4,0.0,0.375,joint_forward_feedback,balanced_permutation_b_k2,balanced_permutation_b,balanced,2,0.31340039778945983,0.25,0.6340039778945984,64,64,16,fresh_iid,16,0.36164345331553044,0.37032239094201114
s9316_r4_n000_a375,confirmatory,9316,4,0.0,0.375,joint_forward_feedback,balanced_permutation_b_k4,balanced_permutation_b,balanced,4,0.5634003977894598,0.5,0.6340039778945984,64,64,32,fresh_iid,16,0.2529623261926297,0.257889805336144
s9316_r4_n000_a375,confirmatory,9316,4,0.0,0.375,joint_forward_feedback,balanced_permutation_b_k8,balanced_permutation_b,balanced,8,1.06340039778946,1.0,0.6340039778945984,64,64,64,fresh_iid,16,0.10566733317305813,0.108923096289904
s9316_r4_n000_a375,confirmatory,9316,4,0.0,0.375,joint_forward_feedback,comb_contiguous_k1,comb_contiguous,comb,1,0.225,0.125,1.0,64,64,8,fresh_iid,16,0.4280140319217707,0.4377353123740326
s9316_r4_n000_a375,confirmatory,9316,4,0.0,0.375,joint_forward_feedback,comb_contiguous_k2,comb_contiguous,comb,2,0.35,0.25,1.0,64,64,16,fresh_iid,16,0.36904641933828297,0.377635404852422
s9316_r4_n000_a375,confirmatory,9316,4,0.0,0.375,joint_forward_feedback,comb_contiguous_k4,comb_contiguous,comb,4,0.6,0.5,1.0,64,64,32,fresh_iid,16,0.23670844698688526,0.24180980672377722
s9316_r4_n000_a375,confirmatory,9316,4,0.0,0.375,joint_forward_feedback,comb_contiguous_k8,comb_contiguous,comb,8,1.1,1.0,1.0,64,64,64,fresh_iid,16,0.09686246486319765,0.09905404932357598
s9316_r4_n000_a375,confirmatory,9316,4,0.0,0.375,joint_forward_feedback,balanced_contiguous_k1,balanced_contiguous,balanced,1,0.1737418407321983,0.125,0.487418407321983,64,64,8,fresh_iid,64,0.3859536007012818,0.3932421505029449
s9316_r4_n000_a375,confirmatory,9316,4,0.0,0.375,joint_forward_feedback,balanced_contiguous_k2,balanced_contiguous,balanced,2,0.2987418407321983,0.25,0.487418407321983,64,64,16,fresh_iid,64,0.27311953239426623,0.2729443620835427
s9316_r4_n000_a375,confirmatory,9316,4,0.0,0.375,joint_forward_feedback,balanced_contiguous_k4,balanced_contiguous,balanced,4,0.5487418407321983,0.5,0.487418407321983,64,64,32,fresh_iid,64,0.09973799171992212,0.10088235375303321
s9316_r4_n000_a375,confirmatory,9316,4,0.0,0.375,joint_forward_feedback,balanced_contiguous_k8,balanced_contiguous,balanced,8,1.0487418407321982,1.0,0.487418407321983,64,64,64,fresh_iid,64,0.008633866216482315,0.008775635750414817
s9316_r4_n000_a375,confirmatory,9316,4,0.0,0.375,joint_forward_feedback,balanced_interleaved_k1,balanced_interleaved,balanced,1,0.19088469787505546,0.125,0.6588469787505544,64,64,8,fresh_iid,64,0.381395256761456,0.38806072633006067
s9316_r4_n000_a375,confirmatory,9316,4,0.0,0.375,joint_forward_feedback,balanced_interleaved_k2,balanced_interleaved,balanced,2,0.31588469787505546,0.25,0.6588469787505544,64,64,16,fresh_iid,64,0.3537435089212474,0.36000648190971357
s9316_r4_n000_a375,confirmatory,9316,4,0.0,0.375,joint_forward_feedback,balanced_interleaved_k4,balanced_interleaved,balanced,4,0.5658846978750555,0.5,0.6588469787505544,64,64,32,fresh_iid,64,0.16270908098481646,0.16489529988366014
s9316_r4_n000_a375,confirmatory,9316,4,0.0,0.375,joint_forward_feedback,balanced_interleaved_k8,balanced_interleaved,balanced,8,1.0658846978750554,1.0,0.6588469787505544,64,64,64,fresh_iid,64,0.0013508369023045152,0.0013770004873657933
s9316_r4_n000_a375,confirmatory,9316,4,0.0,0.375,joint_forward_feedback,balanced_permutation_a_k1,balanced_permutation_a,balanced,1,0.18899250811836066,0.125,0.6399250811836067,64,64,8,fresh_iid,64,0.38272900877306437,0.38995694183135526
s9316_r4_n000_a375,confirmatory,9316,4,0.0,0.375,joint_forward_feedback,balanced_permutation_a_k2,balanced_permutation_a,balanced,2,0.31399250811836066,0.25,0.6399250811836067,64,64,16,fresh_iid,64,0.30533475034275964,0.3100884789187406
s9316_r4_n000_a375,confirmatory,9316,4,0.0,0.375,joint_forward_feedback,balanced_permutation_a_k4,balanced_permutation_a,balanced,4,0.5639925081183607,0.5,0.6399250811836067,64,64,32,fresh_iid,64,0.15717378598295279,0.1591825306036323
s9316_r4_n000_a375,confirmatory,9316,4,0.0,0.375,joint_forward_feedback,balanced_permutation_a_k8,balanced_permutation_a,balanced,8,1.0639925081183608,1.0,0.6399250811836067,64,64,64,fresh_iid,64,0.0019537394880602046,0.001983545091758199
s9316_r4_n000_a375,confirmatory,9316,4,0.0,0.375,joint_forward_feedback,balanced_permutation_b_k1,balanced_permutation_b,balanced,1,0.18840039778945986,0.125,0.6340039778945984,64,64,8,fresh_iid,64,0.38229695882785086,0.38953878627600635
s9316_r4_n000_a375,confirmatory,9316,4,0.0,0.375,joint_forward_feedback,balanced_permutation_b_k2,balanced_permutation_b,balanced,2,0.31340039778945983,0.25,0.6340039778945984,64,64,16,fresh_iid,64,0.27222435204638057,0.27684197538739863
s9316_r4_n000_a375,confirmatory,9316,4,0.0,0.375,joint_forward_feedback,balanced_permutation_b_k4,balanced_permutation_b,balanced,4,0.5634003977894598,0.5,0.6340039778945984,64,64,32,fresh_iid,64,0.0955207517297083,0.09532499724113239
s9316_r4_n000_a375,confirmatory,9316,4,0.0,0.375,joint_forward_feedback,balanced_permutation_b_k8,balanced_permutation_b,balanced,8,1.06340039778946,1.0,0.6340039778945984,64,64,64,fresh_iid,64,0.0011867971216899854,0.0012248585919727817
s9316_r4_n000_a375,confirmatory,9316,4,0.0,0.375,joint_forward_feedback,comb_contiguous_k1,comb_contiguous,comb,1,0.225,0.125,1.0,64,64,8,fresh_iid,64,0.3804450233319421,0.3857656668890055
s9316_r4_n000_a375,confirmatory,9316,4,0.0,0.375,joint_forward_feedback,comb_contiguous_k2,comb_contiguous,comb,2,0.35,0.25,1.0,64,64,16,fresh_iid,64,0.2807213098970447,0.2844830080829795
s9316_r4_n000_a375,confirmatory,9316,4,0.0,0.375,joint_forward_feedback,comb_contiguous_k4,comb_contiguous,comb,4,0.6,0.5,1.0,64,64,32,fresh_iid,64,0.11042945552934993,0.1121920702512114
s9316_r4_n000_a375,confirmatory,9316,4,0.0,0.375,joint_forward_feedback,comb_contiguous_k8,comb_contiguous,comb,8,1.1,1.0,1.0,64,64,64,fresh_iid,64,0.001704160603796989,0.001718600677000072
s9316_r4_n000_a375,confirmatory,9316,4,0.0,0.375,joint_forward_feedback,balanced_contiguous_k1,balanced_contiguous,balanced,1,0.1737418407321983,0.125,0.487418407321983,64,64,8,fresh_iid,256,0.3721220068686576,0.37554911478613523
s9316_r4_n000_a375,confirmatory,9316,4,0.0,0.375,joint_forward_feedback,balanced_contiguous_k2,balanced_contiguous,balanced,2,0.2987418407321983,0.25,0.487418407321983,64,64,16,fresh_iid,256,0.25252034804989365,0.25082925996017225
s9316_r4_n000_a375,confirmatory,9316,4,0.0,0.375,joint_forward_feedback,balanced_contiguous_k4,balanced_contiguous,balanced,4,0.5487418407321983,0.5,0.487418407321983,64,64,32,fresh_iid,256,0.005488715136909616,0.00553640173632332
s9316_r4_n000_a375,confirmatory,9316,4,0.0,0.375,joint_forward_feedback,balanced_contiguous_k8,balanced_contiguous,balanced,8,1.0487418407321982,1.0,0.487418407321983,64,64,64,fresh_iid,256,1.659730470858355e-07,1.671152479301136e-07
s9316_r4_n000_a375,confirmatory,9316,4,0.0,0.375,joint_forward_feedback,balanced_interleaved_k1,balanced_interleaved,balanced,1,0.19088469787505546,0.125,0.6588469787505544,64,64,8,fresh_iid,256,0.3722800150001083,0.37556263653678695
s9316_r4_n000_a375,confirmatory,9316,4,0.0,0.375,joint_forward_feedback,balanced_interleaved_k2,balanced_interleaved,balanced,2,0.31588469787505546,0.25,0.6588469787505544,64,64,16,fresh_iid,256,0.30038838001046997,0.3028017902540245
s9316_r4_n000_a375,confirmatory,9316,4,0.0,0.375,joint_forward_feedback,balanced_interleaved_k4,balanced_interleaved,balanced,4,0.5658846978750555,0.5,0.6588469787505544,64,64,32,fresh_iid,256,0.09571099344598118,0.09638025288964663
s9316_r4_n000_a375,confirmatory,9316,4,0.0,0.375,joint_forward_feedback,balanced_interleaved_k8,balanced_interleaved,balanced,8,1.0658846978750554,1.0,0.6588469787505544,64,64,64,fresh_iid,256,5.630714606802937e-11,5.671633426668381e-11
s9316_r4_n000_a375,confirmatory,9316,4,0.0,0.375,joint_forward_feedback,balanced_permutation_a_k1,balanced_permutation_a,balanced,1,0.18899250811836066,0.125,0.6399250811836067,64,64,8,fresh_iid,256,0.3718733321401585,0.3755090143724188
s9316_r4_n000_a375,confirmatory,9316,4,0.0,0.375,joint_forward_feedback,balanced_permutation_a_k2,balanced_permutation_a,balanced,2,0.31399250811836066,0.25,0.6399250811836067,64,64,16,fresh_iid,256,0.25402544091230245,0.2550402025364778
s9316_r4_n000_a375,confirmatory,9316,4,0.0,0.375,joint_forward_feedback,balanced_permutation_a_k4,balanced_permutation_a,balanced,4,0.5639925081183607,0.5,0.6399250811836067,64,64,32,fresh_iid,256,0.07602118932596229,0.07607231511636274
s9316_r4_n000_a375,confirmatory,9316,4,0.0,0.375,joint_forward_feedback,balanced_permutation_a_k8,balanced_permutation_a,balanced,8,1.0639925081183608,1.0,0.6399250811836067,64,64,64,fresh_iid,256,1.4672454727291883e-09,1.474138686184051e-09
s9316_r4_n000_a375,confirmatory,9316,4,0.0,0.375,joint_forward_feedback,balanced_permutation_b_k1,balanced_permutation_b,balanced,1,0.18840039778945986,0.125,0.6340039778945984,64,64,8,fresh_iid,256,0.37174423636847237,0.3755591884093459
s9316_r4_n000_a375,confirmatory,9316,4,0.0,0.375,joint_forward_feedback,balanced_permutation_b_k2,balanced_permutation_b,balanced,2,0.31340039778945983,0.25,0.6340039778945984,64,64,16,fresh_iid,256,0.24881084321088753,0.25200533780418183
s9316_r4_n000_a375,confirmatory,9316,4,0.0,0.375,joint_forward_feedback,balanced_permutation_b_k4,balanced_permutation_b,balanced,4,0.5634003977894598,0.5,0.6340039778945984,64,64,32,fresh_iid,256,0.022250204740786622,0.021980669913355785
s9316_r4_n000_a375,confirmatory,9316,4,0.0,0.375,joint_forward_feedback,balanced_permutation_b_k8,balanced_permutation_b,balanced,8,1.06340039778946,1.0,0.6340039778945984,64,64,64,fresh_iid,256,1.58313468352535e-10,1.6587396681157577e-10
s9316_r4_n000_a375,confirmatory,9316,4,0.0,0.375,joint_forward_feedback,comb_contiguous_k1,comb_contiguous,comb,1,0.225,0.125,1.0,64,64,8,fresh_iid,256,0.3734447948639435,0.37568060380026
s9316_r4_n000_a375,confirmatory,9316,4,0.0,0.375,joint_forward_feedback,comb_contiguous_k2,comb_contiguous,comb,2,0.35,0.25,1.0,64,64,16,fresh_iid,256,0.2501156176033824,0.2517178299360998
s9316_r4_n000_a375,confirmatory,9316,4,0.0,0.375,joint_forward_feedback,comb_contiguous_k4,comb_contiguous,comb,4,0.6,0.5,1.0,64,64,32,fresh_iid,256,0.04594184311552271,0.04655274556833498
s9316_r4_n000_a375,confirmatory,9316,4,0.0,0.375,joint_forward_feedback,comb_contiguous_k8,comb_contiguous,comb,8,1.1,1.0,1.0,64,64,64,fresh_iid,256,8.254124102598935e-10,8.226745401942588e-10
s9316_r4_n750_a125,confirmatory,9316,4,0.75,0.125,feedback_only,balanced_contiguous_k1,balanced_contiguous,balanced,1,0.1737418407321983,0.125,0.487418407321983,64,64,8,fixed_cache,16,0.668819323623485,0.679020205222305
s9316_r4_n750_a125,confirmatory,9316,4,0.75,0.125,feedback_only,balanced_contiguous_k2,balanced_contiguous,balanced,2,0.2987418407321983,0.25,0.487418407321983,64,64,16,fixed_cache,16,0.5545887979677963,0.5677562746804876
s9316_r4_n750_a125,confirmatory,9316,4,0.75,0.125,feedback_only,balanced_contiguous_k4,balanced_contiguous,balanced,4,0.5487418407321983,0.5,0.487418407321983,64,64,32,fixed_cache,16,0.33921180173691207,0.3440466209122378
s9316_r4_n750_a125,confirmatory,9316,4,0.75,0.125,feedback_only,balanced_contiguous_k8,balanced_contiguous,balanced,8,1.0487418407321982,1.0,0.487418407321983,64,64,64,fixed_cache,16,0.3324059000281482,0.33628126655556456
s9316_r4_n750_a125,confirmatory,9316,4,0.75,0.125,feedback_only,balanced_interleaved_k1,balanced_interleaved,balanced,1,0.19088469787505546,0.125,0.6588469787505544,64,64,8,fixed_cache,16,0.668819323623485,0.679020205222305
s9316_r4_n750_a125,confirmatory,9316,4,0.75,0.125,feedback_only,balanced_interleaved_k2,balanced_interleaved,balanced,2,0.31588469787505546,0.25,0.6588469787505544,64,64,16,fixed_cache,16,0.666105675109581,0.6762579212638691
s9316_r4_n750_a125,confirmatory,9316,4,0.75,0.125,feedback_only,balanced_interleaved_k4,balanced_interleaved,balanced,4,0.5658846978750555,0.5,0.6588469787505544,64,64,32,fixed_cache,16,0.5488717262810219,0.5514614910308135
s9316_r4_n750_a125,confirmatory,9316,4,0.75,0.125,feedback_only,balanced_interleaved_k8,balanced_interleaved,balanced,8,1.0658846978750554,1.0,0.6588469787505544,64,64,64,fixed_cache,16,0.3324059000281482,0.33628126655556456
s9316_r4_n750_a125,confirmatory,9316,4,0.75,0.125,feedback_only,balanced_permutation_a_k1,balanced_permutation_a,balanced,1,0.18899250811836066,0.125,0.6399250811836067,64,64,8,fixed_cache,16,0.668819323623485,0.679020205222305
s9316_r4_n750_a125,confirmatory,9316,4,0.75,0.125,feedback_only,balanced_permutation_a_k2,balanced_permutation_a,balanced,2,0.31399250811836066,0.25,0.6399250811836067,64,64,16,fixed_cache,16,0.6624550009478991,0.6726385156354815
s9316_r4_n750_a125,confirmatory,9316,4,0.75,0.125,feedback_only,balanced_permutation_a_k4,balanced_permutation_a,balanced,4,0.5639925081183607,0.5,0.6399250811836067,64,64,32,fixed_cache,16,0.5209344439849315,0.529083520206319
s9316_r4_n750_a125,confirmatory,9316,4,0.75,0.125,feedback_only,balanced_permutation_a_k8,balanced_permutation_a,balanced,8,1.0639925081183608,1.0,0.6399250811836067,64,64,64,fixed_cache,16,0.3324059000281482,0.33628126655556456
s9316_r4_n750_a125,confirmatory,9316,4,0.75,0.125,feedback_only,balanced_permutation_b_k1,balanced_permutation_b,balanced,1,0.18840039778945986,0.125,0.6340039778945984,64,64,8,fixed_cache,16,0.668819323623485,0.679020205222305
s9316_r4_n750_a125,confirmatory,9316,4,0.75,0.125,feedback_only,balanced_permutation_b_k2,balanced_permutation_b,balanced,2,0.31340039778945983,0.25,0.6340039778945984,64,64,16,fixed_cache,16,0.6516265467858515,0.6605649114720185
s9316_r4_n750_a125,confirmatory,9316,4,0.75,0.125,feedback_only,balanced_permutation_b_k4,balanced_permutation_b,balanced,4,0.5634003977894598,0.5,0.6340039778945984,64,64,32,fixed_cache,16,0.5075646663803542,0.5128367915879943
s9316_r4_n750_a125,confirmatory,9316,4,0.75,0.125,feedback_only,balanced_permutation_b_k8,balanced_permutation_b,balanced,8,1.06340039778946,1.0,0.6340039778945984,64,64,64,fixed_cache,16,0.3324059000281482,0.33628126655556456
s9316_r4_n750_a125,confirmatory,9316,4,0.75,0.125,feedback_only,comb_contiguous_k1,comb_contiguous,comb,1,0.225,0.125,1.0,64,64,8,fixed_cache,16,0.668819323623485,0.679020205222305
s9316_r4_n750_a125,confirmatory,9316,4,0.75,0.125,feedback_only,comb_contiguous_k2,comb_contiguous,comb,2,0.35,0.25,1.0,64,64,16,fixed_cache,16,0.6102781370799749,0.6199643257320913
s9316_r4_n750_a125,confirmatory,9316,4,0.75,0.125,feedback_only,comb_contiguous_k4,comb_contiguous,comb,4,0.6,0.5,1.0,64,64,32,fixed_cache,16,0.4675194435821902,0.47868513663329615
s9316_r4_n750_a125,confirmatory,9316,4,0.75,0.125,feedback_only,comb_contiguous_k8,comb_contiguous,comb,8,1.1,1.0,1.0,64,64,64,fixed_cache,16,0.3324059000281482,0.33628126655556456
s9316_r4_n750_a125,confirmatory,9316,4,0.75,0.125,feedback_only,balanced_contiguous_k1,balanced_contiguous,balanced,1,0.1737418407321983,0.125,0.487418407321983,64,64,8,fixed_cache,64,0.6491349484204882,0.6608180968082003
s9316_r4_n750_a125,confirmatory,9316,4,0.75,0.125,feedback_only,balanced_contiguous_k2,balanced_contiguous,balanced,2,0.2987418407321983,0.25,0.487418407321983,64,64,16,fixed_cache,64,0.5324170705520862,0.5426268742162055
s9316_r4_n750_a125,confirmatory,9316,4,0.75,0.125,feedback_only,balanced_contiguous_k4,balanced_contiguous,balanced,4,0.5487418407321983,0.5,0.487418407321983,64,64,32,fixed_cache,64,0.2916255656909206,0.29317616707884553
s9316_r4_n750_a125,confirmatory,9316,4,0.75,0.125,feedback_only,balanced_contiguous_k8,balanced_contiguous,balanced,8,1.0487418407321982,1.0,0.487418407321983,64,64,64,fixed_cache,64,0.2923772871462036,0.2937888504814999
s9316_r4_n750_a125,confirmatory,9316,4,0.75,0.125,feedback_only,balanced_interleaved_k1,balanced_interleaved,balanced,1,0.19088469787505546,0.125,0.6588469787505544,64,64,8,fixed_cache,64,0.6491349484204882,0.6608180968082003
s9316_r4_n750_a125,confirmatory,9316,4,0.75,0.125,feedback_only,balanced_interleaved_k2,balanced_interleaved,balanced,2,0.31588469787505546,0.25,0.6588469787505544,64,64,16,fixed_cache,64,0.6399701481776756,0.6511554418961554
s9316_r4_n750_a125,confirmatory,9316,4,0.75,0.125,feedback_only,balanced_interleaved_k4,balanced_interleaved,balanced,4,0.5658846978750555,0.5,0.6588469787505544,64,64,32,fixed_cache,64,0.49877701310767386,0.49780479399839916
s9316_r4_n750_a125,confirmatory,9316,4,0.75,0.125,feedback_only,balanced_interleaved_k8,balanced_interleaved,balanced,8,1.0658846978750554,1.0,0.6588469787505544,64,64,64,fixed_cache,64,0.2923772871462036,0.2937888504814999
s9316_r4_n750_a125,confirmatory,9316,4,0.75,0.125,feedback_only,balanced_permutation_a_k1,balanced_permutation_a,balanced,1,0.18899250811836066,0.125,0.6399250811836067,64,64,8,fixed_cache,64,0.6491349484204882,0.6608180968082003
s9316_r4_n750_a125,confirmatory,9316,4,0.75,0.125,feedback_only,balanced_permutation_a_k2,balanced_permutation_a,balanced,2,0.31399250811836066,0.25,0.6399250811836067,64,64,16,fixed_cache,64,0.6261120530851203,0.6372834998540029
s9316_r4_n750_a125,confirmatory,9316,4,0.75,0.125,feedback_only,balanced_permutation_a_k4,balanced_permutation_a,balanced,4,0.5639925081183607,0.5,0.6399250811836067,64,64,32,fixed_cache,64,0.4140245918221102,0.415640084583412
s9316_r4_n750_a125,confirmatory,9316,4,0.75,0.125,feedback_only,balanced_permutation_a_k8,balanced_permutation_a,balanced,8,1.0639925081183608,1.0,0.6399250811836067,64,64,64,fixed_cache,64,0.2923772871462036,0.2937888504814999
s9316_r4_n750_a125,confirmatory,9316,4,0.75,0.125,feedback_only,balanced_permutation_b_k1,balanced_permutation_b,balanced,1,0.18840039778945986,0.125,0.6340039778945984,64,64,8,fixed_cache,64,0.6491349484204882,0.6608180968082003
s9316_r4_n750_a125,confirmatory,9316,4,0.75,0.125,feedback_only,balanced_permutation_b_k2,balanced_permutation_b,balanced,2,0.31340039778945983,0.25,0.6340039778945984,64,64,16,fixed_cache,64,0.599310589773925,0.6075337851494851
s9316_r4_n750_a125,confirmatory,9316,4,0.75,0.125,feedback_only,balanced_permutation_b_k4,balanced_permutation_b,balanced,4,0.5634003977894598,0.5,0.6340039778945984,64,64,32,fixed_cache,64,0.3916904081239328,0.39099728692458724
s9316_r4_n750_a125,confirmatory,9316,4,0.75,0.125,feedback_only,balanced_permutation_b_k8,balanced_permutation_b,balanced,8,1.06340039778946,1.0,0.6340039778945984,64,64,64,fixed_cache,64,0.2923772871462036,0.2937888504814999
s9316_r4_n750_a125,confirmatory,9316,4,0.75,0.125,feedback_only,comb_contiguous_k1,comb_contiguous,comb,1,0.225,0.125,1.0,64,64,8,fixed_cache,64,0.6491349484204882,0.6608180968082003
s9316_r4_n750_a125,confirmatory,9316,4,0.75,0.125,feedback_only,comb_contiguous_k2,comb_contiguous,comb,2,0.35,0.25,1.0,64,64,16,fixed_cache,64,0.5366937060656259,0.5448752432644772
s9316_r4_n750_a125,confirmatory,9316,4,0.75,0.125,feedback_only,comb_contiguous_k4,comb_contiguous,comb,4,0.6,0.5,1.0,64,64,32,fixed_cache,64,0.35203057339236044,0.3599670343930391
s9316_r4_n750_a125,confirmatory,9316,4,0.75,0.125,feedback_only,comb_contiguous_k8,comb_contiguous,comb,8,1.1,1.0,1.0,64,64,64,fixed_cache,64,0.2923772871462036,0.2937888504814999
s9316_r4_n750_a125,confirmatory,9316,4,0.75,0.125,feedback_only,balanced_contiguous_k1,balanced_contiguous,balanced,1,0.1737418407321983,0.125,0.487418407321983,64,64,8,fixed_cache,256,0.6454409253755823,0.6588429610022349
s9316_r4_n750_a125,confirmatory,9316,4,0.75,0.125,feedback_only,balanced_contiguous_k2,balanced_contiguous,balanced,2,0.2987418407321983,0.25,0.487418407321983,64,64,16,fixed_cache,256,0.5241372241641242,0.5398120252853358
s9316_r4_n750_a125,confirmatory,9316,4,0.75,0.125,feedback_only,balanced_contiguous_k4,balanced_contiguous,balanced,4,0.5487418407321983,0.5,0.487418407321983,64,64,32,fixed_cache,256,0.2921858035320851,0.2980364955743062
s9316_r4_n750_a125,confirmatory,9316,4,0.75,0.125,feedback_only,balanced_contiguous_k8,balanced_contiguous,balanced,8,1.0487418407321982,1.0,0.487418407321983,64,64,64,fixed_cache,256,0.29295857993913754,0.29882310597811507
s9316_r4_n750_a125,confirmatory,9316,4,0.75,0.125,feedback_only,balanced_interleaved_k1,balanced_interleaved,balanced,1,0.19088469787505546,0.125,0.6588469787505544,64,64,8,fixed_cache,256,0.6454409253755823,0.6588429610022349
s9316_r4_n750_a125,confirmatory,9316,4,0.75,0.125,feedback_only,balanced_interleaved_k2,balanced_interleaved,balanced,2,0.31588469787505546,0.25,0.6588469787505544,64,64,16,fixed_cache,256,0.6133255038138039,0.6250613738726432
s9316_r4_n750_a125,confirmatory,9316,4,0.75,0.125,feedback_only,balanced_interleaved_k4,balanced_interleaved,balanced,4,0.5658846978750555,0.5,0.6588469787505544,64,64,32,fixed_cache,256,0.43538321558529336,0.43581229283580813
s9316_r4_n750_a125,confirmatory,9316,4,0.75,0.125,feedback_only,balanced_interleaved_k8,balanced_interleaved,balanced,8,1.0658846978750554,1.0,0.6588469787505544,64,64,64,fixed_cache,256,0.29295857993913754,0.29882310597811507
s9316_r4_n750_a125,confirmatory,9316,4,0.75,0.125,feedback_only,balanced_permutation_a_k1,balanced_permutation_a,balanced,1,0.18899250811836066,0.125,0.6399250811836067,64,64,8,fixed_cache,256,0.6454409253755823,0.6588429610022349
s9316_r4_n750_a125,confirmatory,9316,4,0.75,0.125,feedback_only,balanced_permutation_a_k2,balanced_permutation_a,balanced,2,0.31399250811836066,0.25,0.6399250811836067,64,64,16,fixed_cache,256,0.5772397182494744,0.5894125033543943
s9316_r4_n750_a125,confirmatory,9316,4,0.75,0.125,feedback_only,balanced_permutation_a_k4,balanced_permutation_a,balanced,4,0.5639925081183607,0.5,0.6399250811836067,64,64,32,fixed_cache,256,0.40322965041960224,0.40541505777734427
s9316_r4_n750_a125,confirmatory,9316,4,0.75,0.125,feedback_only,balanced_permutation_a_k8,balanced_permutation_a,balanced,8,1.0639925081183608,1.0,0.6399250811836067,64,64,64,fixed_cache,256,0.29295857993913754,0.29882310597811507
s9316_r4_n750_a125,confirmatory,9316,4,0.75,0.125,feedback_only,balanced_permutation_b_k1,balanced_permutation_b,balanced,1,0.18840039778945986,0.125,0.6340039778945984,64,64,8,fixed_cache,256,0.6454409253755823,0.6588429610022349
s9316_r4_n750_a125,confirmatory,9316,4,0.75,0.125,feedback_only,balanced_permutation_b_k2,balanced_permutation_b,balanced,2,0.31340039778945983,0.25,0.6340039778945984,64,64,16,fixed_cache,256,0.5410626568831169,0.5485148406284015
s9316_r4_n750_a125,confirmatory,9316,4,0.75,0.125,feedback_only,balanced_permutation_b_k4,balanced_permutation_b,balanced,4,0.5634003977894598,0.5,0.6340039778945984,64,64,32,fixed_cache,256,0.33147341432394306,0.33393533865646813
s9316_r4_n750_a125,confirmatory,9316,4,0.75,0.125,feedback_only,balanced_permutation_b_k8,balanced_permutation_b,balanced,8,1.06340039778946,1.0,0.6340039778945984,64,64,64,fixed_cache,256,0.29295857993913754,0.29882310597811507
s9316_r4_n750_a125,confirmatory,9316,4,0.75,0.125,feedback_only,comb_contiguous_k1,comb_contiguous,comb,1,0.225,0.125,1.0,64,64,8,fixed_cache,256,0.6454409253755823,0.6588429610022349
s9316_r4_n750_a125,confirmatory,9316,4,0.75,0.125,feedback_only,comb_contiguous_k2,comb_contiguous,comb,2,0.35,0.25,1.0,64,64,16,fixed_cache,256,0.5254114046264441,0.5348679503433124
s9316_r4_n750_a125,confirmatory,9316,4,0.75,0.125,feedback_only,comb_contiguous_k4,comb_contiguous,comb,4,0.6,0.5,1.0,64,64,32,fixed_cache,256,0.29540265439472846,0.30186215476124123
s9316_r4_n750_a125,confirmatory,9316,4,0.75,0.125,feedback_only,comb_contiguous_k8,comb_contiguous,comb,8,1.1,1.0,1.0,64,64,64,fixed_cache,256,0.29295857993913754,0.29882310597811507
s9316_r4_n750_a125,confirmatory,9316,4,0.75,0.125,feedback_only,balanced_contiguous_k1,balanced_contiguous,balanced,1,0.1737418407321983,0.125,0.487418407321983,64,64,8,fresh_iid,16,0.6598040024176668,0.6717177969403043
s9316_r4_n750_a125,confirmatory,9316,4,0.75,0.125,feedback_only,balanced_contiguous_k2,balanced_contiguous,balanced,2,0.2987418407321983,0.25,0.487418407321983,64,64,16,fresh_iid,16,0.545111468327014,0.5556782046721179
s9316_r4_n750_a125,confirmatory,9316,4,0.75,0.125,feedback_only,balanced_contiguous_k4,balanced_contiguous,balanced,4,0.5487418407321983,0.5,0.487418407321983,64,64,32,fresh_iid,16,0.3282482352259017,0.32963656616751397
s9316_r4_n750_a125,confirmatory,9316,4,0.75,0.125,feedback_only,balanced_contiguous_k8,balanced_contiguous,balanced,8,1.0487418407321982,1.0,0.487418407321983,64,64,64,fresh_iid,16,0.32197455724128676,0.3228205785393814
s9316_r4_n750_a125,confirmatory,9316,4,0.75,0.125,feedback_only,balanced_interleaved_k1,balanced_interleaved,balanced,1,0.19088469787505546,0.125,0.6588469787505544,64,64,8,fresh_iid,16,0.6598040024176668,0.6717177969403043
s9316_r4_n750_a125,confirmatory,9316,4,0.75,0.125,feedback_only,balanced_interleaved_k2,balanced_interleaved,balanced,2,0.31588469787505546,0.25,0.6588469787505544,64,64,16,fresh_iid,16,0.6571983859296602,0.6690237840263058
s9316_r4_n750_a125,confirmatory,9316,4,0.75,0.125,feedback_only,balanced_interleaved_k4,balanced_interleaved,balanced,4,0.5658846978750555,0.5,0.6588469787505544,64,64,32,fresh_iid,16,0.550822793019939,0.5532311858407705
s9316_r4_n750_a125,confirmatory,9316,4,0.75,0.125,feedback_only,balanced_interleaved_k8,balanced_interleaved,balanced,8,1.0658846978750554,1.0,0.6588469787505544,64,64,64,fresh_iid,16,0.32197455724128676,0.3228205785393814
s9316_r4_n750_a125,confirmatory,9316,4,0.75,0.125,feedback_only,balanced_permutation_a_k1,balanced_permutation_a,balanced,1,0.18899250811836066,0.125,0.6399250811836067,64,64,8,fresh_iid,16,0.6598040024176668,0.6717177969403043
s9316_r4_n750_a125,confirmatory,9316,4,0.75,0.125,feedback_only,balanced_permutation_a_k2,balanced_permutation_a,balanced,2,0.31399250811836066,0.25,0.6399250811836067,64,64,16,fresh_iid,16,0.6510546957642169,0.6628612123015512
s9316_r4_n750_a125,confirmatory,9316,4,0.75,0.125,feedback_only,balanced_permutation_a_k4,balanced_permutation_a,balanced,4,0.5639925081183607,0.5,0.6399250811836067,64,64,32,fresh_iid,16,0.49562512417287025,0.5030213071995252
s9316_r4_n750_a125,confirmatory,9316,4,0.75,0.125,feedback_only,balanced_permutation_a_k8,balanced_permutation_a,balanced,8,1.0639925081183608,1.0,0.6399250811836067,64,64,64,fresh_iid,16,0.32197455724128676,0.3228205785393814
s9316_r4_n750_a125,confirmatory,9316,4,0.75,0.125,feedback_only,balanced_permutation_b_k1,balanced_permutation_b,balanced,1,0.18840039778945986,0.125,0.6340039778945984,64,64,8,fresh_iid,16,0.6598040024176668,0.6717177969403043
s9316_r4_n750_a125,confirmatory,9316,4,0.75,0.125,feedback_only,balanced_permutation_b_k2,balanced_permutation_b,balanced,2,0.31340039778945983,0.25,0.6340039778945984,64,64,16,fresh_iid,16,0.6437643279586794,0.6541328329777317
s9316_r4_n750_a125,confirmatory,9316,4,0.75,0.125,feedback_only,balanced_permutation_b_k4,balanced_permutation_b,balanced,4,0.5634003977894598,0.5,0.6340039778945984,64,64,32,fresh_iid,16,0.48801637878164295,0.4920483177667496
s9316_r4_n750_a125,confirmatory,9316,4,0.75,0.125,feedback_only,balanced_permutation_b_k8,balanced_permutation_b,balanced,8,1.06340039778946,1.0,0.6340039778945984,64,64,64,fresh_iid,16,0.32197455724128676,0.3228205785393814
s9316_r4_n750_a125,confirmatory,9316,4,0.75,0.125,feedback_only,comb_contiguous_k1,comb_contiguous,comb,1,0.225,0.125,1.0,64,64,8,fresh_iid,16,0.6598040024176668,0.6717177969403043
s9316_r4_n750_a125,confirmatory,9316,4,0.75,0.125,feedback_only,comb_contiguous_k2,comb_contiguous,comb,2,0.35,0.25,1.0,64,64,16,fresh_iid,16,0.5941675973252046,0.6048289716387083
s9316_r4_n750_a125,confirmatory,9316,4,0.75,0.125,feedback_only,comb_contiguous_k4,comb_contiguous,comb,4,0.6,0.5,1.0,64,64,32,fresh_iid,16,0.45180895862709514,0.46127688639735387
s9316_r4_n750_a125,confirmatory,9316,4,0.75,0.125,feedback_only,comb_contiguous_k8,comb_contiguous,comb,8,1.1,1.0,1.0,64,64,64,fresh_iid,16,0.32197455724128676,0.3228205785393814
s9316_r4_n750_a125,confirmatory,9316,4,0.75,0.125,feedback_only,balanced_contiguous_k1,balanced_contiguous,balanced,1,0.1737418407321983,0.125,0.487418407321983,64,64,8,fresh_iid,64,0.6460603302331293,0.6584695774104208
s9316_r4_n750_a125,confirmatory,9316,4,0.75,0.125,feedback_only,balanced_contiguous_k2,balanced_contiguous,balanced,2,0.2987418407321983,0.25,0.487418407321983,64,64,16,fresh_iid,64,0.5218176053900597,0.5371655370052164
s9316_r4_n750_a125,confirmatory,9316,4,0.75,0.125,feedback_only,balanced_contiguous_k4,balanced_contiguous,balanced,4,0.5487418407321983,0.5,0.487418407321983,64,64,32,fresh_iid,64,0.2906058555266161,0.29181108183547233
s9316_r4_n750_a125,confirmatory,9316,4,0.75,0.125,feedback_only,balanced_contiguous_k8,balanced_contiguous,balanced,8,1.0487418407321982,1.0,0.487418407321983,64,64,64,fresh_iid,64,0.29228273889691225,0.2932665636663244
s9316_r4_n750_a125,confirmatory,9316,4,0.75,0.125,feedback_only,balanced_interleaved_k1,balanced_interleaved,balanced,1,0.19088469787505546,0.125,0.6588469787505544,64,64,8,fresh_iid,64,0.6460603302331293,0.6584695774104208
s9316_r4_n750_a125,confirmatory,9316,4,0.75,0.125,feedback_only,balanced_interleaved_k2,balanced_interleaved,balanced,2,0.31588469787505546,0.25,0.6588469787505544,64,64,16,fresh_iid,64,0.6365489202599084,0.6485225571947306
s9316_r4_n750_a125,confirmatory,9316,4,0.75,0.125,feedback_only,balanced_interleaved_k4,balanced_interleaved,balanced,4,0.5658846978750555,0.5,0.6588469787505544,64,64,32,fresh_iid,64,0.489114399120979,0.49052690196055887
s9316_r4_n750_a125,confirmatory,9316,4,0.75,0.125,feedback_only,balanced_interleaved_k8,balanced_interleaved,balanced,8,1.0658846978750554,1.0,0.6588469787505544,64,64,64,fresh_iid,64,0.29228273889691225,0.2932665636663244
s9316_r4_n750_a125,confirmatory,9316,4,0.75,0.125,feedback_only,balanced_permutation_a_k1,balanced_permutation_a,balanced,1,0.18899250811836066,0.125,0.6399250811836067,64,64,8,fresh_iid,64,0.6460603302331293,0.6584695774104208
s9316_r4_n750_a125,confirmatory,9316,4,0.75,0.125,feedback_only,balanced_permutation_a_k2,balanced_permutation_a,balanced,2,0.31399250811836066,0.25,0.6399250811836067,64,64,16,fresh_iid,64,0.6210273418624355,0.6330003318637556
s9316_r4_n750_a125,confirmatory,9316,4,0.75,0.125,feedback_only,balanced_permutation_a_k4,balanced_permutation_a,balanced,4,0.5639925081183607,0.5,0.6399250811836067,64,64,32,fresh_iid,64,0.41061008530373966,0.4118313203814683
s9316_r4_n750_a125,confirmatory,9316,4,0.75,0.125,feedback_only,balanced_permutation_a_k8,balanced_permutation_a,balanced,8,1.0639925081183608,1.0,0.6399250811836067,64,64,64,fresh_iid,64,0.29228273889691225,0.2932665636663244
s9316_r4_n750_a125,confirmatory,9316,4,0.75,0.125,feedback_only,balanced_permutation_b_k1,balanced_permutation_b,balanced,1,0.18840039778945986,0.125,0.6340039778945984,64,64,8,fresh_iid,64,0.6460603302331293,0.6584695774104208
s9316_r4_n750_a125,confirmatory,9316,4,0.75,0.125,feedback_only,balanced_permutation_b_k2,balanced_permutation_b,balanced,2,0.31340039778945983,0.25,0.6340039778945984,64,64,16,fresh_iid,64,0.5954626642103427,0.6043982251511621
s9316_r4_n750_a125,confirmatory,9316,4,0.75,0.125,feedback_only,balanced_permutation_b_k4,balanced_permutation_b,balanced,4,0.5634003977894598,0.5,0.6340039778945984,64,64,32,fresh_iid,64,0.38548026137268404,0.3850913780770829
s9316_r4_n750_a125,confirmatory,9316,4,0.75,0.125,feedback_only,balanced_permutation_b_k8,balanced_permutation_b,balanced,8,1.06340039778946,1.0,0.6340039778945984,64,64,64,fresh_iid,64,0.29228273889691225,0.2932665636663244
s9316_r4_n750_a125,confirmatory,9316,4,0.75,0.125,feedback_only,comb_contiguous_k1,comb_contiguous,comb,1,0.225,0.125,1.0,64,64,8,fresh_iid,64,0.6460603302331293,0.6584695774104208
s9316_r4_n750_a125,confirmatory,9316,4,0.75,0.125,feedback_only,comb_contiguous_k2,comb_contiguous,comb,2,0.35,0.25,1.0,64,64,16,fresh_iid,64,0.5346374215639407,0.5442311986224265
s9316_r4_n750_a125,confirmatory,9316,4,0.75,0.125,feedback_only,comb_contiguous_k4,comb_contiguous,comb,4,0.6,0.5,1.0,64,64,32,fresh_iid,64,0.3525622822526409,0.3617004966453886
s9316_r4_n750_a125,confirmatory,9316,4,0.75,0.125,feedback_only,comb_contiguous_k8,comb_contiguous,comb,8,1.1,1.0,1.0,64,64,64,fresh_iid,64,0.29228273889691225,0.2932665636663244
s9316_r4_n750_a125,confirmatory,9316,4,0.75,0.125,feedback_only,balanced_contiguous_k1,balanced_contiguous,balanced,1,0.1737418407321983,0.125,0.487418407321983,64,64,8,fresh_iid,256,0.6447759522533786,0.6577429940492769
s9316_r4_n750_a125,confirmatory,9316,4,0.75,0.125,feedback_only,balanced_contiguous_k2,balanced_contiguous,balanced,2,0.2987418407321983,0.25,0.487418407321983,64,64,16,fresh_iid,256,0.5209202759553946,0.536270444682626
s9316_r4_n750_a125,confirmatory,9316,4,0.75,0.125,feedback_only,balanced_contiguous_k4,balanced_contiguous,balanced,4,0.5487418407321983,0.5,0.487418407321983,64,64,32,fresh_iid,256,0.2857876919677654,0.2900667903526891
s9316_r4_n750_a125,confirmatory,9316,4,0.75,0.125,feedback_only,balanced_contiguous_k8,balanced_contiguous,balanced,8,1.0487418407321982,1.0,0.487418407321983,64,64,64,fresh_iid,256,0.2862351289178362,0.29074782042605163
s9316_r4_n750_a125,confirmatory,9316,4,0.75,0.125,feedback_only,balanced_interleaved_k1,balanced_interleaved,balanced,1,0.19088469787505546,0.125,0.6588469787505544,64,64,8,fresh_iid,256,0.6447759522533786,0.6577429940492769
s9316_r4_n750_a125,confirmatory,9316,4,0.75,0.125,feedback_only,balanced_interleaved_k2,balanced_interleaved,balanced,2,0.31588469787505546,0.25,0.6588469787505544,64,64,16,fresh_iid,256,0.6137101505113222,0.6250899361515163
s9316_r4_n750_a125,confirmatory,9316,4,0.75,0.125,feedback_only,balanced_interleaved_k4,balanced_interleaved,balanced,4,0.5658846978750555,0.5,0.6588469787505544,64,64,32,fresh_iid,256,0.43326277108459726,0.433234631835709
s9316_r4_n750_a125,confirmatory,9316,4,0.75,0.125,feedback_only,balanced_interleaved_k8,balanced_interleaved,balanced,8,1.0658846978750554,1.0,0.6588469787505544,64,64,64,fresh_iid,256,0.2862351289178362,0.29074782042605163
s9316_r4_n750_a125,confirmatory,9316,4,0.75,0.125,feedback_only,balanced_permutation_a_k1,balanced_permutation_a,balanced,1,0.18899250811836066,0.125,0.6399250811836067,64,64,8,fresh_iid,256,0.6447759522533786,0.6577429940492769
s9316_r4_n750_a125,confirmatory,9316,4,0.75,0.125,feedback_only,balanced_permutation_a_k2,balanced_permutation_a,balanced,2,0.31399250811836066,0.25,0.6399250811836067,64,64,16,fresh_iid,256,0.5758318674605405,0.5876965094023486
s9316_r4_n750_a125,confirmatory,9316,4,0.75,0.125,feedback_only,balanced_permutation_a_k4,balanced_permutation_a,balanced,4,0.5639925081183607,0.5,0.6399250811836067,64,64,32,fresh_iid,256,0.39896511141510826,0.39936480905245964
s9316_r4_n750_a125,confirmatory,9316,4,0.75,0.125,feedback_only,balanced_permutation_a_k8,balanced_permutation_a,balanced,8,1.0639925081183608,1.0,0.6399250811836067,64,64,64,fresh_iid,256,0.2862351289178362,0.29074782042605163
s9316_r4_n750_a125,confirmatory,9316,4,0.75,0.125,feedback_only,balanced_permutation_b_k1,balanced_permutation_b,balanced,1,0.18840039778945986,0.125,0.6340039778945984,64,64,8,fresh_iid,256,0.6447759522533786,0.6577429940492769
s9316_r4_n750_a125,confirmatory,9316,4,0.75,0.125,feedback_only,balanced_permutation_b_k2,balanced_permutation_b,balanced,2,0.31340039778945983,0.25,0.6340039778945984,64,64,16,fresh_iid,256,0.5413984761417145,0.5481852886340061
s9316_r4_n750_a125,confirmatory,9316,4,0.75,0.125,feedback_only,balanced_permutation_b_k4,balanced_permutation_b,balanced,4,0.5634003977894598,0.5,0.6340039778945984,64,64,32,fresh_iid,256,0.3294372637626467,0.32983997655597164
s9316_r4_n750_a125,confirmatory,9316,4,0.75,0.125,feedback_only,balanced_permutation_b_k8,balanced_permutation_b,balanced,8,1.06340039778946,1.0,0.6340039778945984,64,64,64,fresh_iid,256,0.2862351289178362,0.29074782042605163
s9316_r4_n750_a125,confirmatory,9316,4,0.75,0.125,feedback_only,comb_contiguous_k1,comb_contiguous,comb,1,0.225,0.125,1.0,64,64,8,fresh_iid,256,0.6447759522533786,0.6577429940492769
s9316_r4_n750_a125,confirmatory,9316,4,0.75,0.125,feedback_only,comb_contiguous_k2,comb_contiguous,comb,2,0.35,0.25,1.0,64,64,16,fresh_iid,256,0.524668613638575,0.5339130129043834
s9316_r4_n750_a125,confirmatory,9316,4,0.75,0.125,feedback_only,comb_contiguous_k4,comb_contiguous,comb,4,0.6,0.5,1.0,64,64,32,fresh_iid,256,0.29306097634087325,0.3007208331588592
s9316_r4_n750_a125,confirmatory,9316,4,0.75,0.125,feedback_only,comb_contiguous_k8,comb_contiguous,comb,8,1.1,1.0,1.0,64,64,64,fresh_iid,256,0.2862351289178362,0.29074782042605163
s9316_r4_n750_a125,confirmatory,9316,4,0.75,0.125,joint_forward_feedback,balanced_contiguous_k1,balanced_contiguous,balanced,1,0.1737418407321983,0.125,0.487418407321983,64,64,8,fixed_cache,16,0.6918532401266669,0.702623697628589
s9316_r4_n750_a125,confirmatory,9316,4,0.75,0.125,joint_forward_feedback,balanced_contiguous_k2,balanced_contiguous,balanced,2,0.2987418407321983,0.25,0.487418407321983,64,64,16,fixed_cache,16,0.595886949008319,0.6099582465454483
s9316_r4_n750_a125,confirmatory,9316,4,0.75,0.125,joint_forward_feedback,balanced_contiguous_k4,balanced_contiguous,balanced,4,0.5487418407321983,0.5,0.487418407321983,64,64,32,fixed_cache,16,0.42902545797779407,0.43824682630795725
s9316_r4_n750_a125,confirmatory,9316,4,0.75,0.125,joint_forward_feedback,balanced_contiguous_k8,balanced_contiguous,balanced,8,1.0487418407321982,1.0,0.487418407321983,64,64,64,fixed_cache,16,0.42196240646406125,0.430722274043323
s9316_r4_n750_a125,confirmatory,9316,4,0.75,0.125,joint_forward_feedback,balanced_interleaved_k1,balanced_interleaved,balanced,1,0.19088469787505546,0.125,0.6588469787505544,64,64,8,fixed_cache,16,0.684930065649857,0.6955460133431077
s9316_r4_n750_a125,confirmatory,9316,4,0.75,0.125,joint_forward_feedback,balanced_interleaved_k2,balanced_interleaved,balanced,2,0.31588469787505546,0.25,0.6588469787505544,64,64,16,fixed_cache,16,0.6830782862632653,0.6936746487827704
s9316_r4_n750_a125,confirmatory,9316,4,0.75,0.125,joint_forward_feedback,balanced_interleaved_k4,balanced_interleaved,balanced,4,0.5658846978750555,0.5,0.6588469787505544,64,64,32,fixed_cache,16,0.582270261608319,0.5872531260259475
s9316_r4_n750_a125,confirmatory,9316,4,0.75,0.125,joint_forward_feedback,balanced_interleaved_k8,balanced_interleaved,balanced,8,1.0658846978750554,1.0,0.6588469787505544,64,64,64,fixed_cache,16,0.4068741431921184,0.4142309040641191
s9316_r4_n750_a125,confirmatory,9316,4,0.75,0.125,joint_forward_feedback,balanced_permutation_a_k1,balanced_permutation_a,balanced,1,0.18899250811836066,0.125,0.6399250811836067,64,64,8,fixed_cache,16,0.6861668446722289,0.6968626783474635
s9316_r4_n750_a125,confirmatory,9316,4,0.75,0.125,joint_forward_feedback,balanced_permutation_a_k2,balanced_permutation_a,balanced,2,0.31399250811836066,0.25,0.6399250811836067,64,64,16,fixed_cache,16,0.6825652243917505,0.6932693506361232
s9316_r4_n750_a125,confirmatory,9316,4,0.75,0.125,joint_forward_feedback,balanced_permutation_a_k4,balanced_permutation_a,balanced,4,0.5639925081183607,0.5,0.6399250811836067,64,64,32,fixed_cache,16,0.5816850680182983,0.591210334886376
s9316_r4_n750_a125,confirmatory,9316,4,0.75,0.125,joint_forward_feedback,balanced_permutation_a_k8,balanced_permutation_a,balanced,8,1.0639925081183608,1.0,0.6399250811836067,64,64,64,fixed_cache,16,0.41466629991436527,0.42282540100966987
s9316_r4_n750_a125,confirmatory,9316,4,0.75,0.125,joint_forward_feedback,balanced_permutation_b_k1,balanced_permutation_b,balanced,1,0.18840039778945986,0.125,0.6340039778945984,64,64,8,fixed_cache,16,0.6859582393359763,0.6965417649895863
s9316_r4_n750_a125,confirmatory,9316,4,0.75,0.125,joint_forward_feedback,balanced_permutation_b_k2,balanced_permutation_b,balanced,2,0.31340039778945983,0.25,0.6340039778945984,64,64,16,fixed_cache,16,0.674800424364396,0.6845459282982852
s9316_r4_n750_a125,confirmatory,9316,4,0.75,0.125,joint_forward_feedback,balanced_permutation_b_k4,balanced_permutation_b,balanced,4,0.5634003977894598,0.5,0.6340039778945984,64,64,32,fixed_cache,16,0.5707842477208256,0.5782677193391849
s9316_r4_n750_a125,confirmatory,9316,4,0.75,0.125,joint_forward_feedback,balanced_permutation_b_k8,balanced_permutation_b,balanced,8,1.06340039778946,1.0,0.6340039778945984,64,64,64,fixed_cache,16,0.4125174045759275,0.4201486838766752
s9316_r4_n750_a125,confirmatory,9316,4,0.75,0.125,joint_forward_feedback,comb_contiguous_k1,comb_contiguous,comb,1,0.225,0.125,1.0,64,64,8,fixed_cache,16,0.6789716422438663,0.6897433008560306
s9316_r4_n750_a125,confirmatory,9316,4,0.75,0.125,joint_forward_feedback,comb_contiguous_k2,comb_contiguous,comb,2,0.35,0.25,1.0,64,64,16,fixed_cache,16,0.6319573527312272,0.6422211285365942
s9316_r4_n750_a125,confirmatory,9316,4,0.75,0.125,joint_forward_feedback,comb_contiguous_k4,comb_contiguous,comb,4,0.6,0.5,1.0,64,64,32,fixed_cache,16,0.506965069154544,0.5185068737013664
s9316_r4_n750_a125,confirmatory,9316,4,0.75,0.125,joint_forward_feedback,comb_contiguous_k8,comb_contiguous,comb,8,1.1,1.0,1.0,64,64,64,fixed_cache,16,0.38438548879134515,0.3919029096737676
s9316_r4_n750_a125,confirmatory,9316,4,0.75,0.125,joint_forward_feedback,balanced_contiguous_k1,balanced_contiguous,balanced,1,0.1737418407321983,0.125,0.487418407321983,64,64,8,fixed_cache,64,0.6477663661705199,0.6596551078550776
s9316_r4_n750_a125,confirmatory,9316,4,0.75,0.125,joint_forward_feedback,balanced_contiguous_k2,balanced_contiguous,balanced,2,0.2987418407321983,0.25,0.487418407321983,64,64,16,fixed_cache,64,0.5266502939448847,0.5383176006579469
s9316_r4_n750_a125,confirmatory,9316,4,0.75,0.125,joint_forward_feedback,balanced_contiguous_k4,balanced_contiguous,balanced,4,0.5487418407321983,0.5,0.487418407321983,64,64,32,fixed_cache,64,0.28846947200178674,0.2910897377573379
s9316_r4_n750_a125,confirmatory,9316,4,0.75,0.125,joint_forward_feedback,balanced_contiguous_k8,balanced_contiguous,balanced,8,1.0487418407321982,1.0,0.487418407321983,64,64,64,fixed_cache,64,0.28783780026614547,0.29029794437981565
s9316_r4_n750_a125,confirmatory,9316,4,0.75,0.125,joint_forward_feedback,balanced_interleaved_k1,balanced_interleaved,balanced,1,0.19088469787505546,0.125,0.6588469787505544,64,64,8,fixed_cache,64,0.6478027938525783,0.6596881621650572
s9316_r4_n750_a125,confirmatory,9316,4,0.75,0.125,joint_forward_feedback,balanced_interleaved_k2,balanced_interleaved,balanced,2,0.31588469787505546,0.25,0.6588469787505544,64,64,16,fixed_cache,64,0.6420211689268797,0.6536176179865956
s9316_r4_n750_a125,confirmatory,9316,4,0.75,0.125,joint_forward_feedback,balanced_interleaved_k4,balanced_interleaved,balanced,4,0.5658846978750555,0.5,0.6588469787505544,64,64,32,fixed_cache,64,0.510340428289696,0.51022356941094
s9316_r4_n750_a125,confirmatory,9316,4,0.75,0.125,joint_forward_feedback,balanced_interleaved_k8,balanced_interleaved,balanced,8,1.0658846978750554,1.0,0.6588469787505544,64,64,64,fixed_cache,64,0.28785692103985416,0.28990168819991813
s9316_r4_n750_a125,confirmatory,9316,4,0.75,0.125,joint_forward_feedback,balanced_permutation_a_k1,balanced_permutation_a,balanced,1,0.18899250811836066,0.125,0.6399250811836067,64,64,8,fixed_cache,64,0.6480573470471178,0.6597749681158409
s9316_r4_n750_a125,confirmatory,9316,4,0.75,0.125,joint_forward_feedback,balanced_permutation_a_k2,balanced_permutation_a,balanced,2,0.31399250811836066,0.25,0.6399250811836067,64,64,16,fixed_cache,64,0.6399082230699019,0.6514266913022729
s9316_r4_n750_a125,confirmatory,9316,4,0.75,0.125,joint_forward_feedback,balanced_permutation_a_k4,balanced_permutation_a,balanced,4,0.5639925081183607,0.5,0.6399250811836067,64,64,32,fixed_cache,64,0.4317434637079369,0.43598569680061905
s9316_r4_n750_a125,confirmatory,9316,4,0.75,0.125,joint_forward_feedback,balanced_permutation_a_k8,balanced_permutation_a,balanced,8,1.0639925081183608,1.0,0.6399250811836067,64,64,64,fixed_cache,64,0.28907400273041794,0.2909608117137914
s9316_r4_n750_a125,confirmatory,9316,4,0.75,0.125,joint_forward_feedback,balanced_permutation_b_k1,balanced_permutation_b,balanced,1,0.18840039778945986,0.125,0.6340039778945984,64,64,8,fixed_cache,64,0.6481362235833901,0.6598262668769549
s9316_r4_n750_a125,confirmatory,9316,4,0.75,0.125,joint_forward_feedback,balanced_permutation_b_k2,balanced_permutation_b,balanced,2,0.31340039778945983,0.25,0.6340039778945984,64,64,16,fixed_cache,64,0.6165139204872557,0.6260517085504389
s9316_r4_n750_a125,confirmatory,9316,4,0.75,0.125,joint_forward_feedback,balanced_permutation_b_k4,balanced_permutation_b,balanced,4,0.5634003977894598,0.5,0.6340039778945984,64,64,32,fixed_cache,64,0.4156302055276736,0.4169969060717059
s9316_r4_n750_a125,confirmatory,9316,4,0.75,0.125,joint_forward_feedback,balanced_permutation_b_k8,balanced_permutation_b,balanced,8,1.06340039778946,1.0,0.6340039778945984,64,64,64,fixed_cache,64,0.2885350487320957,0.2902228244108838
s9316_r4_n750_a125,confirmatory,9316,4,0.75,0.125,joint_forward_feedback,comb_contiguous_k1,comb_contiguous,comb,1,0.225,0.125,1.0,64,64,8,fixed_cache,64,0.6470353120047564,0.6596385470873136
s9316_r4_n750_a125,confirmatory,9316,4,0.75,0.125,joint_forward_feedback,comb_contiguous_k2,comb_contiguous,comb,2,0.35,0.25,1.0,64,64,16,fixed_cache,64,0.5416413466398624,0.5511282036356566
s9316_r4_n750_a125,confirmatory,9316,4,0.75,0.125,joint_forward_feedback,comb_contiguous_k4,comb_contiguous,comb,4,0.6,0.5,1.0,64,64,32,fixed_cache,64,0.3714221955877003,0.38020157626253187
s9316_r4_n750_a125,confirmatory,9316,4,0.75,0.125,joint_forward_feedback,comb_contiguous_k8,comb_contiguous,comb,8,1.1,1.0,1.0,64,64,64,fixed_cache,64,0.28774067236100725,0.29011111355010377
s9316_r4_n750_a125,confirmatory,9316,4,0.75,0.125,joint_forward_feedback,balanced_contiguous_k1,balanced_contiguous,balanced,1,0.1737418407321983,0.125,0.487418407321983,64,64,8,fixed_cache,256,0.6446094158508748,0.6578600457248618
s9316_r4_n750_a125,confirmatory,9316,4,0.75,0.125,joint_forward_feedback,balanced_contiguous_k2,balanced_contiguous,balanced,2,0.2987418407321983,0.25,0.487418407321983,64,64,16,fixed_cache,256,0.5204285392958357,0.5355465847959302
s9316_r4_n750_a125,confirmatory,9316,4,0.75,0.125,joint_forward_feedback,balanced_contiguous_k4,balanced_contiguous,balanced,4,0.5487418407321983,0.5,0.487418407321983,64,64,32,fixed_cache,256,0.2858738348207508,0.29125548130879364
s9316_r4_n750_a125,confirmatory,9316,4,0.75,0.125,joint_forward_feedback,balanced_contiguous_k8,balanced_contiguous,balanced,8,1.0487418407321982,1.0,0.487418407321983,64,64,64,fixed_cache,256,0.2862445241304625,0.2916253057549452
s9316_r4_n750_a125,confirmatory,9316,4,0.75,0.125,joint_forward_feedback,balanced_interleaved_k1,balanced_interleaved,balanced,1,0.19088469787505546,0.125,0.6588469787505544,64,64,8,fixed_cache,256,0.6447141940679024,0.658024962831795
s9316_r4_n750_a125,confirmatory,9316,4,0.75,0.125,joint_forward_feedback,balanced_interleaved_k2,balanced_interleaved,balanced,2,0.31588469787505546,0.25,0.6588469787505544,64,64,16,fixed_cache,256,0.6237188197542565,0.6359774434825459
s9316_r4_n750_a125,confirmatory,9316,4,0.75,0.125,joint_forward_feedback,balanced_interleaved_k4,balanced_interleaved,balanced,4,0.5658846978750555,0.5,0.6588469787505544,64,64,32,fixed_cache,256,0.45546702733882105,0.456606219865648
s9316_r4_n750_a125,confirmatory,9316,4,0.75,0.125,joint_forward_feedback,balanced_interleaved_k8,balanced_interleaved,balanced,8,1.0658846978750554,1.0,0.6588469787505544,64,64,64,fixed_cache,256,0.2866506686727084,0.2919597469666823
s9316_r4_n750_a125,confirmatory,9316,4,0.75,0.125,joint_forward_feedback,balanced_permutation_a_k1,balanced_permutation_a,balanced,1,0.18899250811836066,0.125,0.6399250811836067,64,64,8,fixed_cache,256,0.6447239033497562,0.6578208834061404
s9316_r4_n750_a125,confirmatory,9316,4,0.75,0.125,joint_forward_feedback,balanced_permutation_a_k2,balanced_permutation_a,balanced,2,0.31399250811836066,0.25,0.6399250811836067,64,64,16,fixed_cache,256,0.6156529068624866,0.6281073006910235
s9316_r4_n750_a125,confirmatory,9316,4,0.75,0.125,joint_forward_feedback,balanced_permutation_a_k4,balanced_permutation_a,balanced,4,0.5639925081183607,0.5,0.6399250811836067,64,64,32,fixed_cache,256,0.40290773297502047,0.40527380220316955
s9316_r4_n750_a125,confirmatory,9316,4,0.75,0.125,joint_forward_feedback,balanced_permutation_a_k8,balanced_permutation_a,balanced,8,1.0639925081183608,1.0,0.6399250811836067,64,64,64,fixed_cache,256,0.28651902963053355,0.2917470000185984
s9316_r4_n750_a125,confirmatory,9316,4,0.75,0.125,joint_forward_feedback,balanced_permutation_b_k1,balanced_permutation_b,balanced,1,0.18840039778945986,0.125,0.6340039778945984,64,64,8,fixed_cache,256,0.6448502403919131,0.6579248076162103
s9316_r4_n750_a125,confirmatory,9316,4,0.75,0.125,joint_forward_feedback,balanced_permutation_b_k2,balanced_permutation_b,balanced,2,0.31340039778945983,0.25,0.6340039778945984,64,64,16,fixed_cache,256,0.5605206849419289,0.5694312930290826
s9316_r4_n750_a125,confirmatory,9316,4,0.75,0.125,joint_forward_feedback,balanced_permutation_b_k4,balanced_permutation_b,balanced,4,0.5634003977894598,0.5,0.6340039778945984,64,64,32,fixed_cache,256,0.3520000012679654,0.3537546873300499
s9316_r4_n750_a125,confirmatory,9316,4,0.75,0.125,joint_forward_feedback,balanced_permutation_b_k8,balanced_permutation_b,balanced,8,1.06340039778946,1.0,0.6340039778945984,64,64,64,fixed_cache,256,0.2865254838832536,0.2917357199240931
s9316_r4_n750_a125,confirmatory,9316,4,0.75,0.125,joint_forward_feedback,comb_contiguous_k1,comb_contiguous,comb,1,0.225,0.125,1.0,64,64,8,fixed_cache,256,0.6442124190157342,0.6584990493527338
s9316_r4_n750_a125,confirmatory,9316,4,0.75,0.125,joint_forward_feedback,comb_contiguous_k2,comb_contiguous,comb,2,0.35,0.25,1.0,64,64,16,fixed_cache,256,0.5244453056549506,0.5342606409003743
s9316_r4_n750_a125,confirmatory,9316,4,0.75,0.125,joint_forward_feedback,comb_contiguous_k4,comb_contiguous,comb,4,0.6,0.5,1.0,64,64,32,fixed_cache,256,0.3041530628339583,0.3113624504521005
s9316_r4_n750_a125,confirmatory,9316,4,0.75,0.125,joint_forward_feedback,comb_contiguous_k8,comb_contiguous,comb,8,1.1,1.0,1.0,64,64,64,fixed_cache,256,0.28845820491982643,0.29387883105454204
s9316_r4_n750_a125,confirmatory,9316,4,0.75,0.125,joint_forward_feedback,balanced_contiguous_k1,balanced_contiguous,balanced,1,0.1737418407321983,0.125,0.487418407321983,64,64,8,fresh_iid,16,0.6848279147631701,0.6966435088096288
s9316_r4_n750_a125,confirmatory,9316,4,0.75,0.125,joint_forward_feedback,balanced_contiguous_k2,balanced_contiguous,balanced,2,0.2987418407321983,0.25,0.487418407321983,64,64,16,fresh_iid,16,0.587236039062053,0.5985395138839409
s9316_r4_n750_a125,confirmatory,9316,4,0.75,0.125,joint_forward_feedback,balanced_contiguous_k4,balanced_contiguous,balanced,4,0.5487418407321983,0.5,0.487418407321983,64,64,32,fresh_iid,16,0.4080411906700648,0.4131053735045648
s9316_r4_n750_a125,confirmatory,9316,4,0.75,0.125,joint_forward_feedback,balanced_contiguous_k8,balanced_contiguous,balanced,8,1.0487418407321982,1.0,0.487418407321983,64,64,64,fresh_iid,16,0.40063319200848135,0.40528097091772697
s9316_r4_n750_a125,confirmatory,9316,4,0.75,0.125,joint_forward_feedback,balanced_interleaved_k1,balanced_interleaved,balanced,1,0.19088469787505546,0.125,0.6588469787505544,64,64,8,fresh_iid,16,0.6773362829482676,0.689148471840022
s9316_r4_n750_a125,confirmatory,9316,4,0.75,0.125,joint_forward_feedback,balanced_interleaved_k2,balanced_interleaved,balanced,2,0.31588469787505546,0.25,0.6588469787505544,64,64,16,fresh_iid,16,0.6755756439995139,0.6873519789686408
s9316_r4_n750_a125,confirmatory,9316,4,0.75,0.125,joint_forward_feedback,balanced_interleaved_k4,balanced_interleaved,balanced,4,0.5658846978750555,0.5,0.6588469787505544,64,64,32,fresh_iid,16,0.5791824474805112,0.5839981454445731
s9316_r4_n750_a125,confirmatory,9316,4,0.75,0.125,joint_forward_feedback,balanced_interleaved_k8,balanced_interleaved,balanced,8,1.0658846978750554,1.0,0.6588469787505544,64,64,64,fresh_iid,16,0.38598241075427403,0.38951804709099547
s9316_r4_n750_a125,confirmatory,9316,4,0.75,0.125,joint_forward_feedback,balanced_permutation_a_k1,balanced_permutation_a,balanced,1,0.18899250811836066,0.125,0.6399250811836067,64,64,8,fresh_iid,16,0.6780688369808429,0.6898962427835458
s9316_r4_n750_a125,confirmatory,9316,4,0.75,0.125,joint_forward_feedback,balanced_permutation_a_k2,balanced_permutation_a,balanced,2,0.31399250811836066,0.25,0.6399250811836067,64,64,16,fresh_iid,16,0.6736059507358835,0.6854403887627096
s9316_r4_n750_a125,confirmatory,9316,4,0.75,0.125,joint_forward_feedback,balanced_permutation_a_k4,balanced_permutation_a,balanced,4,0.5639925081183607,0.5,0.6399250811836067,64,64,32,fresh_iid,16,0.5585283729867043,0.5676407117595424
s9316_r4_n750_a125,confirmatory,9316,4,0.75,0.125,joint_forward_feedback,balanced_permutation_a_k8,balanced_permutation_a,balanced,8,1.0639925081183608,1.0,0.6399250811836067,64,64,64,fresh_iid,16,0.39169140766632715,0.3963702839599032
s9316_r4_n750_a125,confirmatory,9316,4,0.75,0.125,joint_forward_feedback,balanced_permutation_b_k1,balanced_permutation_b,balanced,1,0.18840039778945986,0.125,0.6340039778945984,64,64,8,fresh_iid,16,0.6780839605296799,0.6898068869343508
s9316_r4_n750_a125,confirmatory,9316,4,0.75,0.125,joint_forward_feedback,balanced_permutation_b_k2,balanced_permutation_b,balanced,2,0.31340039778945983,0.25,0.6340039778945984,64,64,16,fresh_iid,16,0.6672922838789324,0.6778965056705398
s9316_r4_n750_a125,confirmatory,9316,4,0.75,0.125,joint_forward_feedback,balanced_permutation_b_k4,balanced_permutation_b,balanced,4,0.5634003977894598,0.5,0.6340039778945984,64,64,32,fresh_iid,16,0.5524595450801364,0.5589023918864394
s9316_r4_n750_a125,confirmatory,9316,4,0.75,0.125,joint_forward_feedback,balanced_permutation_b_k8,balanced_permutation_b,balanced,8,1.06340039778946,1.0,0.6340039778945984,64,64,64,fresh_iid,16,0.3904410943372634,0.39442621521110255
s9316_r4_n750_a125,confirmatory,9316,4,0.75,0.125,joint_forward_feedback,comb_contiguous_k1,comb_contiguous,comb,1,0.225,0.125,1.0,64,64,8,fresh_iid,16,0.6739680145486949,0.6861448032886962
s9316_r4_n750_a125,confirmatory,9316,4,0.75,0.125,joint_forward_feedback,comb_contiguous_k2,comb_contiguous,comb,2,0.35,0.25,1.0,64,64,16,fresh_iid,16,0.619818252783673,0.6308775861419085
s9316_r4_n750_a125,confirmatory,9316,4,0.75,0.125,joint_forward_feedback,comb_contiguous_k4,comb_contiguous,comb,4,0.6,0.5,1.0,64,64,32,fresh_iid,16,0.4901861303785419,0.5001227035301896
s9316_r4_n750_a125,confirmatory,9316,4,0.75,0.125,joint_forward_feedback,comb_contiguous_k8,comb_contiguous,comb,8,1.1,1.0,1.0,64,64,64,fresh_iid,16,0.3664453924640062,0.37035008300356964
s9316_r4_n750_a125,confirmatory,9316,4,0.75,0.125,joint_forward_feedback,balanced_contiguous_k1,balanced_contiguous,balanced,1,0.1737418407321983,0.125,0.487418407321983,64,64,8,fresh_iid,64,0.6474872137777318,0.6596587465097603
s9316_r4_n750_a125,confirmatory,9316,4,0.75,0.125,joint_forward_feedback,balanced_contiguous_k2,balanced_contiguous,balanced,2,0.2987418407321983,0.25,0.487418407321983,64,64,16,fresh_iid,64,0.523303967976447,0.5373487907871772
s9316_r4_n750_a125,confirmatory,9316,4,0.75,0.125,joint_forward_feedback,balanced_contiguous_k4,balanced_contiguous,balanced,4,0.5487418407321983,0.5,0.487418407321983,64,64,32,fresh_iid,64,0.2871295863830742,0.2898185672786391
s9316_r4_n750_a125,confirmatory,9316,4,0.75,0.125,joint_forward_feedback,balanced_contiguous_k8,balanced_contiguous,balanced,8,1.0487418407321982,1.0,0.487418407321983,64,64,64,fresh_iid,64,0.28713459422599624,0.28964340963139057
s9316_r4_n750_a125,confirmatory,9316,4,0.75,0.125,joint_forward_feedback,balanced_interleaved_k1,balanced_interleaved,balanced,1,0.19088469787505546,0.125,0.6588469787505544,64,64,8,fresh_iid,64,0.6467111046412646,0.6589828284681108
s9316_r4_n750_a125,confirmatory,9316,4,0.75,0.125,joint_forward_feedback,balanced_interleaved_k2,balanced_interleaved,balanced,2,0.31588469787505546,0.25,0.6588469787505544,64,64,16,fresh_iid,64,0.6407074771917707,0.652740051867629
s9316_r4_n750_a125,confirmatory,9316,4,0.75,0.125,joint_forward_feedback,balanced_interleaved_k4,balanced_interleaved,balanced,4,0.5658846978750555,0.5,0.6588469787505544,64,64,32,fresh_iid,64,0.5041723318906182,0.505878085806502
s9316_r4_n750_a125,confirmatory,9316,4,0.75,0.125,joint_forward_feedback,balanced_interleaved_k8,balanced_interleaved,balanced,8,1.0658846978750554,1.0,0.6588469787505544,64,64,64,fresh_iid,64,0.2870295237919427,0.28906023512067136
s9316_r4_n750_a125,confirmatory,9316,4,0.75,0.125,joint_forward_feedback,balanced_permutation_a_k1,balanced_permutation_a,balanced,1,0.18899250811836066,0.125,0.6399250811836067,64,64,8,fresh_iid,64,0.6468480409120126,0.6590629726457284
s9316_r4_n750_a125,confirmatory,9316,4,0.75,0.125,joint_forward_feedback,balanced_permutation_a_k2,balanced_permutation_a,balanced,2,0.31399250811836066,0.25,0.6399250811836067,64,64,16,fresh_iid,64,0.6376058340733459,0.6497351564571043
s9316_r4_n750_a125,confirmatory,9316,4,0.75,0.125,joint_forward_feedback,balanced_permutation_a_k4,balanced_permutation_a,balanced,4,0.5639925081183607,0.5,0.6399250811836067,64,64,32,fresh_iid,64,0.429228177569428,0.433181980837653
s9316_r4_n750_a125,confirmatory,9316,4,0.75,0.125,joint_forward_feedback,balanced_permutation_a_k8,balanced_permutation_a,balanced,8,1.0639925081183608,1.0,0.6399250811836067,64,64,64,fresh_iid,64,0.2871404321867994,0.2892536818137404
s9316_r4_n750_a125,confirmatory,9316,4,0.75,0.125,joint_forward_feedback,balanced_permutation_b_k1,balanced_permutation_b,balanced,1,0.18840039778945986,0.125,0.6340039778945984,64,64,8,fresh_iid,64,0.6468961066568866,0.6590206568056326
s9316_r4_n750_a125,confirmatory,9316,4,0.75,0.125,joint_forward_feedback,balanced_permutation_b_k2,balanced_permutation_b,balanced,2,0.31340039778945983,0.25,0.6340039778945984,64,64,16,fresh_iid,64,0.614881357226868,0.6246587396227264
s9316_r4_n750_a125,confirmatory,9316,4,0.75,0.125,joint_forward_feedback,balanced_permutation_b_k4,balanced_permutation_b,balanced,4,0.5634003977894598,0.5,0.6340039778945984,64,64,32,fresh_iid,64,0.41356489344441993,0.41505331078138996
s9316_r4_n750_a125,confirmatory,9316,4,0.75,0.125,joint_forward_feedback,balanced_permutation_b_k8,balanced_permutation_b,balanced,8,1.06340039778946,1.0,0.6340039778945984,64,64,64,fresh_iid,64,0.2872663242491158,0.2892354814325957
s9316_r4_n750_a125,confirmatory,9316,4,0.75,0.125,joint_forward_feedback,comb_contiguous_k1,comb_contiguous,comb,1,0.225,0.125,1.0,64,64,8,fresh_iid,64,0.6456551541548128,0.658689400420417
s9316_r4_n750_a125,confirmatory,9316,4,0.75,0.125,joint_forward_feedback,comb_contiguous_k2,comb_contiguous,comb,2,0.35,0.25,1.0,64,64,16,fresh_iid,64,0.5421481732736646,0.5524488720605752
s9316_r4_n750_a125,confirmatory,9316,4,0.75,0.125,joint_forward_feedback,comb_contiguous_k4,comb_contiguous,comb,4,0.6,0.5,1.0,64,64,32,fresh_iid,64,0.3713796677164168,0.38056896561404724
s9316_r4_n750_a125,confirmatory,9316,4,0.75,0.125,joint_forward_feedback,comb_contiguous_k8,comb_contiguous,comb,8,1.1,1.0,1.0,64,64,64,fresh_iid,64,0.28829662405786666,0.2904574682338075
s9316_r4_n750_a125,confirmatory,9316,4,0.75,0.125,joint_forward_feedback,balanced_contiguous_k1,balanced_contiguous,balanced,1,0.1737418407321983,0.125,0.487418407321983,64,64,8,fresh_iid,256,0.6440439131639666,0.6569954863778672
s9316_r4_n750_a125,confirmatory,9316,4,0.75,0.125,joint_forward_feedback,balanced_contiguous_k2,balanced_contiguous,balanced,2,0.2987418407321983,0.25,0.487418407321983,64,64,16,fresh_iid,256,0.5189619841743542,0.5335749735714251
s9316_r4_n750_a125,confirmatory,9316,4,0.75,0.125,joint_forward_feedback,balanced_contiguous_k4,balanced_contiguous,balanced,4,0.5487418407321983,0.5,0.487418407321983,64,64,32,fresh_iid,256,0.28288440196610154,0.2858866410056909
s9316_r4_n750_a125,confirmatory,9316,4,0.75,0.125,joint_forward_feedback,balanced_contiguous_k8,balanced_contiguous,balanced,8,1.0487418407321982,1.0,0.487418407321983,64,64,64,fresh_iid,256,0.28296562370653117,0.28601428670279383
s9316_r4_n750_a125,confirmatory,9316,4,0.75,0.125,joint_forward_feedback,balanced_interleaved_k1,balanced_interleaved,balanced,1,0.19088469787505546,0.125,0.6588469787505544,64,64,8,fresh_iid,256,0.6441475460652557,0.657107395121995
s9316_r4_n750_a125,confirmatory,9316,4,0.75,0.125,joint_forward_feedback,balanced_interleaved_k2,balanced_interleaved,balanced,2,0.31588469787505546,0.25,0.6588469787505544,64,64,16,fresh_iid,256,0.6238642835834273,0.6358081993312775
s9316_r4_n750_a125,confirmatory,9316,4,0.75,0.125,joint_forward_feedback,balanced_interleaved_k4,balanced_interleaved,balanced,4,0.5658846978750555,0.5,0.6588469787505544,64,64,32,fresh_iid,256,0.45435382804137026,0.45503901245104283
s9316_r4_n750_a125,confirmatory,9316,4,0.75,0.125,joint_forward_feedback,balanced_interleaved_k8,balanced_interleaved,balanced,8,1.0658846978750554,1.0,0.6588469787505544,64,64,64,fresh_iid,256,0.2835478208320025,0.28658748149487595
s9316_r4_n750_a125,confirmatory,9316,4,0.75,0.125,joint_forward_feedback,balanced_permutation_a_k1,balanced_permutation_a,balanced,1,0.18899250811836066,0.125,0.6399250811836067,64,64,8,fresh_iid,256,0.644156758492487,0.6570195739538692
s9316_r4_n750_a125,confirmatory,9316,4,0.75,0.125,joint_forward_feedback,balanced_permutation_a_k2,balanced_permutation_a,balanced,2,0.31399250811836066,0.25,0.6399250811836067,64,64,16,fresh_iid,256,0.61458153859078,0.6269764081718315
s9316_r4_n750_a125,confirmatory,9316,4,0.75,0.125,joint_forward_feedback,balanced_permutation_a_k4,balanced_permutation_a,balanced,4,0.5639925081183607,0.5,0.6399250811836067,64,64,32,fresh_iid,256,0.4012863527672649,0.40183248434631175
s9316_r4_n750_a125,confirmatory,9316,4,0.75,0.125,joint_forward_feedback,balanced_permutation_a_k8,balanced_permutation_a,balanced,8,1.0639925081183608,1.0,0.6399250811836067,64,64,64,fresh_iid,256,0.2827661922036575,0.28572965296447084
s9316_r4_n750_a125,confirmatory,9316,4,0.75,0.125,joint_forward_feedback,balanced_permutation_b_k1,balanced_permutation_b,balanced,1,0.18840039778945986,0.125,0.6340039778945984,64,64,8,fresh_iid,256,0.6442233782966122,0.6570279817394518
s9316_r4_n750_a125,confirmatory,9316,4,0.75,0.125,joint_forward_feedback,balanced_permutation_b_k2,balanced_permutation_b,balanced,2,0.31340039778945983,0.25,0.6340039778945984,64,64,16,fresh_iid,256,0.5606421870485971,0.5689533856696672
s9316_r4_n750_a125,confirmatory,9316,4,0.75,0.125,joint_forward_feedback,balanced_permutation_b_k4,balanced_permutation_b,balanced,4,0.5634003977894598,0.5,0.6340039778945984,64,64,32,fresh_iid,256,0.3501657841120128,0.3502478524596999
s9316_r4_n750_a125,confirmatory,9316,4,0.75,0.125,joint_forward_feedback,balanced_permutation_b_k8,balanced_permutation_b,balanced,8,1.06340039778946,1.0,0.6340039778945984,64,64,64,fresh_iid,256,0.2829221129895646,0.28585834727178944
s9316_r4_n750_a125,confirmatory,9316,4,0.75,0.125,joint_forward_feedback,comb_contiguous_k1,comb_contiguous,comb,1,0.225,0.125,1.0,64,64,8,fresh_iid,256,0.6435388368846906,0.6574153215873056
s9316_r4_n750_a125,confirmatory,9316,4,0.75,0.125,joint_forward_feedback,comb_contiguous_k2,comb_contiguous,comb,2,0.35,0.25,1.0,64,64,16,fresh_iid,256,0.5236386284996962,0.5331732562737493
s9316_r4_n750_a125,confirmatory,9316,4,0.75,0.125,joint_forward_feedback,comb_contiguous_k4,comb_contiguous,comb,4,0.6,0.5,1.0,64,64,32,fresh_iid,256,0.30291978380223683,0.3108780674282511
s9316_r4_n750_a125,confirmatory,9316,4,0.75,0.125,joint_forward_feedback,comb_contiguous_k8,comb_contiguous,comb,8,1.1,1.0,1.0,64,64,64,fresh_iid,256,0.2835649919230606,0.2873977307306302
s9316_r4_n750_a375,confirmatory,9316,4,0.75,0.375,feedback_only,balanced_contiguous_k1,balanced_contiguous,balanced,1,0.1737418407321983,0.125,0.487418407321983,64,64,8,fixed_cache,16,0.6888436405231039,0.7059458154595657
s9316_r4_n750_a375,confirmatory,9316,4,0.75,0.375,feedback_only,balanced_contiguous_k2,balanced_contiguous,balanced,2,0.2987418407321983,0.25,0.487418407321983,64,64,16,fixed_cache,16,0.5923481764503211,0.6056753514465594
s9316_r4_n750_a375,confirmatory,9316,4,0.75,0.375,feedback_only,balanced_contiguous_k4,balanced_contiguous,balanced,4,0.5487418407321983,0.5,0.487418407321983,64,64,32,fixed_cache,16,0.4540524613991206,0.46439567067780707
s9316_r4_n750_a375,confirmatory,9316,4,0.75,0.375,feedback_only,balanced_contiguous_k8,balanced_contiguous,balanced,8,1.0487418407321982,1.0,0.487418407321983,64,64,64,fixed_cache,16,0.3276265711861235,0.3297442768782277
s9316_r4_n750_a375,confirmatory,9316,4,0.75,0.375,feedback_only,balanced_interleaved_k1,balanced_interleaved,balanced,1,0.19088469787505546,0.125,0.6588469787505544,64,64,8,fixed_cache,16,0.6888436405231039,0.7059458154595657
s9316_r4_n750_a375,confirmatory,9316,4,0.75,0.375,feedback_only,balanced_interleaved_k2,balanced_interleaved,balanced,2,0.31588469787505546,0.25,0.6588469787505544,64,64,16,fixed_cache,16,0.6761228627877104,0.6927090951643129
s9316_r4_n750_a375,confirmatory,9316,4,0.75,0.375,feedback_only,balanced_interleaved_k4,balanced_interleaved,balanced,4,0.5658846978750555,0.5,0.6588469787505544,64,64,32,fixed_cache,16,0.5179719672109333,0.5283658356247274
s9316_r4_n750_a375,confirmatory,9316,4,0.75,0.375,feedback_only,balanced_interleaved_k8,balanced_interleaved,balanced,8,1.0658846978750554,1.0,0.6588469787505544,64,64,64,fixed_cache,16,0.3276265711861235,0.3297442768782277
s9316_r4_n750_a375,confirmatory,9316,4,0.75,0.375,feedback_only,balanced_permutation_a_k1,balanced_permutation_a,balanced,1,0.18899250811836066,0.125,0.6399250811836067,64,64,8,fixed_cache,16,0.6888436405231039,0.7059458154595657
s9316_r4_n750_a375,confirmatory,9316,4,0.75,0.375,feedback_only,balanced_permutation_a_k2,balanced_permutation_a,balanced,2,0.31399250811836066,0.25,0.6399250811836067,64,64,16,fixed_cache,16,0.6513673802032505,0.6665323601163982
s9316_r4_n750_a375,confirmatory,9316,4,0.75,0.375,feedback_only,balanced_permutation_a_k4,balanced_permutation_a,balanced,4,0.5639925081183607,0.5,0.6399250811836067,64,64,32,fixed_cache,16,0.5299438396419884,0.5438140535025149
s9316_r4_n750_a375,confirmatory,9316,4,0.75,0.375,feedback_only,balanced_permutation_a_k8,balanced_permutation_a,balanced,8,1.0639925081183608,1.0,0.6399250811836067,64,64,64,fixed_cache,16,0.3276265711861235,0.3297442768782277
s9316_r4_n750_a375,confirmatory,9316,4,0.75,0.375,feedback_only,balanced_permutation_b_k1,balanced_permutation_b,balanced,1,0.18840039778945986,0.125,0.6340039778945984,64,64,8,fixed_cache,16,0.6888436405231039,0.7059458154595657
s9316_r4_n750_a375,confirmatory,9316,4,0.75,0.375,feedback_only,balanced_permutation_b_k2,balanced_permutation_b,balanced,2,0.31340039778945983,0.25,0.6340039778945984,64,64,16,fixed_cache,16,0.6033968590063276,0.6140700393863233
s9316_r4_n750_a375,confirmatory,9316,4,0.75,0.375,feedback_only,balanced_permutation_b_k4,balanced_permutation_b,balanced,4,0.5634003977894598,0.5,0.6340039778945984,64,64,32,fixed_cache,16,0.4676026280465763,0.4749714277517253
s9316_r4_n750_a375,confirmatory,9316,4,0.75,0.375,feedback_only,balanced_permutation_b_k8,balanced_permutation_b,balanced,8,1.06340039778946,1.0,0.6340039778945984,64,64,64,fixed_cache,16,0.3276265711861235,0.3297442768782277
s9316_r4_n750_a375,confirmatory,9316,4,0.75,0.375,feedback_only,comb_contiguous_k1,comb_contiguous,comb,1,0.225,0.125,1.0,64,64,8,fixed_cache,16,0.6888436405231039,0.7059458154595657
s9316_r4_n750_a375,confirmatory,9316,4,0.75,0.375,feedback_only,comb_contiguous_k2,comb_contiguous,comb,2,0.35,0.25,1.0,64,64,16,fixed_cache,16,0.6277758160850271,0.6421092216556508
s9316_r4_n750_a375,confirmatory,9316,4,0.75,0.375,feedback_only,comb_contiguous_k4,comb_contiguous,comb,4,0.6,0.5,1.0,64,64,32,fixed_cache,16,0.4814656171584627,0.4937167845656005
s9316_r4_n750_a375,confirmatory,9316,4,0.75,0.375,feedback_only,comb_contiguous_k8,comb_contiguous,comb,8,1.1,1.0,1.0,64,64,64,fixed_cache,16,0.3276265711861235,0.3297442768782277
s9316_r4_n750_a375,confirmatory,9316,4,0.75,0.375,feedback_only,balanced_contiguous_k1,balanced_contiguous,balanced,1,0.1737418407321983,0.125,0.487418407321983,64,64,8,fixed_cache,64,0.6447601182452043,0.6619022517670493
s9316_r4_n750_a375,confirmatory,9316,4,0.75,0.375,feedback_only,balanced_contiguous_k2,balanced_contiguous,balanced,2,0.2987418407321983,0.25,0.487418407321983,64,64,16,fixed_cache,64,0.5385490518488496,0.5483277754521316
s9316_r4_n750_a375,confirmatory,9316,4,0.75,0.375,feedback_only,balanced_contiguous_k4,balanced_contiguous,balanced,4,0.5487418407321983,0.5,0.487418407321983,64,64,32,fixed_cache,64,0.3305789129835873,0.3360342941482781
s9316_r4_n750_a375,confirmatory,9316,4,0.75,0.375,feedback_only,balanced_contiguous_k8,balanced_contiguous,balanced,8,1.0487418407321982,1.0,0.487418407321983,64,64,64,fixed_cache,64,0.2924652097681919,0.2938561738017033
s9316_r4_n750_a375,confirmatory,9316,4,0.75,0.375,feedback_only,balanced_interleaved_k1,balanced_interleaved,balanced,1,0.19088469787505546,0.125,0.6588469787505544,64,64,8,fixed_cache,64,0.6447601182452043,0.6619022517670493
s9316_r4_n750_a375,confirmatory,9316,4,0.75,0.375,feedback_only,balanced_interleaved_k2,balanced_interleaved,balanced,2,0.31588469787505546,0.25,0.6588469787505544,64,64,16,fixed_cache,64,0.6082745023130618,0.6232038118861853
s9316_r4_n750_a375,confirmatory,9316,4,0.75,0.375,feedback_only,balanced_interleaved_k4,balanced_interleaved,balanced,4,0.5658846978750555,0.5,0.6588469787505544,64,64,32,fixed_cache,64,0.4127704988245497,0.4168630555628288
s9316_r4_n750_a375,confirmatory,9316,4,0.75,0.375,feedback_only,balanced_interleaved_k8,balanced_interleaved,balanced,8,1.0658846978750554,1.0,0.6588469787505544,64,64,64,fixed_cache,64,0.2924652097681919,0.2938561738017033
s9316_r4_n750_a375,confirmatory,9316,4,0.75,0.375,feedback_only,balanced_permutation_a_k1,balanced_permutation_a,balanced,1,0.18899250811836066,0.125,0.6399250811836067,64,64,8,fixed_cache,64,0.6447601182452043,0.6619022517670493
s9316_r4_n750_a375,confirmatory,9316,4,0.75,0.375,feedback_only,balanced_permutation_a_k2,balanced_permutation_a,balanced,2,0.31399250811836066,0.25,0.6399250811836067,64,64,16,fixed_cache,64,0.5575540669795217,0.5684676703071223
s9316_r4_n750_a375,confirmatory,9316,4,0.75,0.375,feedback_only,balanced_permutation_a_k4,balanced_permutation_a,balanced,4,0.5639925081183607,0.5,0.6399250811836067,64,64,32,fixed_cache,64,0.4011086676115782,0.4092720833122542
s9316_r4_n750_a375,confirmatory,9316,4,0.75,0.375,feedback_only,balanced_permutation_a_k8,balanced_permutation_a,balanced,8,1.0639925081183608,1.0,0.6399250811836067,64,64,64,fixed_cache,64,0.2924652097681919,0.2938561738017033
s9316_r4_n750_a375,confirmatory,9316,4,0.75,0.375,feedback_only,balanced_permutation_b_k1,balanced_permutation_b,balanced,1,0.18840039778945986,0.125,0.6340039778945984,64,64,8,fixed_cache,64,0.6447601182452043,0.6619022517670493
s9316_r4_n750_a375,confirmatory,9316,4,0.75,0.375,feedback_only,balanced_permutation_b_k2,balanced_permutation_b,balanced,2,0.31340039778945983,0.25,0.6340039778945984,64,64,16,fixed_cache,64,0.5369523692013517,0.546240138604895
s9316_r4_n750_a375,confirmatory,9316,4,0.75,0.375,feedback_only,balanced_permutation_b_k4,balanced_permutation_b,balanced,4,0.5634003977894598,0.5,0.6340039778945984,64,64,32,fixed_cache,64,0.34861607806593825,0.3552141839713826
s9316_r4_n750_a375,confirmatory,9316,4,0.75,0.375,feedback_only,balanced_permutation_b_k8,balanced_permutation_b,balanced,8,1.06340039778946,1.0,0.6340039778945984,64,64,64,fixed_cache,64,0.2924652097681919,0.2938561738017033
s9316_r4_n750_a375,confirmatory,9316,4,0.75,0.375,feedback_only,comb_contiguous_k1,comb_contiguous,comb,1,0.225,0.125,1.0,64,64,8,fixed_cache,64,0.6447601182452043,0.6619022517670493
s9316_r4_n750_a375,confirmatory,9316,4,0.75,0.375,feedback_only,comb_contiguous_k2,comb_contiguous,comb,2,0.35,0.25,1.0,64,64,16,fixed_cache,64,0.5449090013346264,0.5542756512272449
s9316_r4_n750_a375,confirmatory,9316,4,0.75,0.375,feedback_only,comb_contiguous_k4,comb_contiguous,comb,4,0.6,0.5,1.0,64,64,32,fixed_cache,64,0.37148032999863856,0.37949363325621177
s9316_r4_n750_a375,confirmatory,9316,4,0.75,0.375,feedback_only,comb_contiguous_k8,comb_contiguous,comb,8,1.1,1.0,1.0,64,64,64,fixed_cache,64,0.2924652097681919,0.2938561738017033
s9316_r4_n750_a375,confirmatory,9316,4,0.75,0.375,feedback_only,balanced_contiguous_k1,balanced_contiguous,balanced,1,0.1737418407321983,0.125,0.487418407321983,64,64,8,fixed_cache,256,0.6434411038714106,0.661967439748146
s9316_r4_n750_a375,confirmatory,9316,4,0.75,0.375,feedback_only,balanced_contiguous_k2,balanced_contiguous,balanced,2,0.2987418407321983,0.25,0.487418407321983,64,64,16,fixed_cache,256,0.5241129507632043,0.5394548072401846
s9316_r4_n750_a375,confirmatory,9316,4,0.75,0.375,feedback_only,balanced_contiguous_k4,balanced_contiguous,balanced,4,0.5487418407321983,0.5,0.487418407321983,64,64,32,fixed_cache,256,0.2861960619279715,0.2922848861792442
s9316_r4_n750_a375,confirmatory,9316,4,0.75,0.375,feedback_only,balanced_contiguous_k8,balanced_contiguous,balanced,8,1.0487418407321982,1.0,0.487418407321983,64,64,64,fixed_cache,256,0.292958580216576,0.2988231061963042
s9316_r4_n750_a375,confirmatory,9316,4,0.75,0.375,feedback_only,balanced_interleaved_k1,balanced_interleaved,balanced,1,0.19088469787505546,0.125,0.6588469787505544,64,64,8,fixed_cache,256,0.6434411038714106,0.661967439748146
s9316_r4_n750_a375,confirmatory,9316,4,0.75,0.375,feedback_only,balanced_interleaved_k2,balanced_interleaved,balanced,2,0.31588469787505546,0.25,0.6588469787505544,64,64,16,fixed_cache,256,0.5527548821116302,0.5657052129323197
s9316_r4_n750_a375,confirmatory,9316,4,0.75,0.375,feedback_only,balanced_interleaved_k4,balanced_interleaved,balanced,4,0.5658846978750555,0.5,0.6588469787505544,64,64,32,fixed_cache,256,0.3721859161897061,0.3744891666612675
s9316_r4_n750_a375,confirmatory,9316,4,0.75,0.375,feedback_only,balanced_interleaved_k8,balanced_interleaved,balanced,8,1.0658846978750554,1.0,0.6588469787505544,64,64,64,fixed_cache,256,0.292958580216576,0.2988231061963042
s9316_r4_n750_a375,confirmatory,9316,4,0.75,0.375,feedback_only,balanced_permutation_a_k1,balanced_permutation_a,balanced,1,0.18899250811836066,0.125,0.6399250811836067,64,64,8,fixed_cache,256,0.6434411038714106,0.661967439748146
s9316_r4_n750_a375,confirmatory,9316,4,0.75,0.375,feedback_only,balanced_permutation_a_k2,balanced_permutation_a,balanced,2,0.31399250811836066,0.25,0.6399250811836067,64,64,16,fixed_cache,256,0.5251372355841617,0.53793774035623
s9316_r4_n750_a375,confirmatory,9316,4,0.75,0.375,feedback_only,balanced_permutation_a_k4,balanced_permutation_a,balanced,4,0.5639925081183607,0.5,0.6399250811836067,64,64,32,fixed_cache,256,0.3451877662496208,0.35401363537536673
s9316_r4_n750_a375,confirmatory,9316,4,0.75,0.375,feedback_only,balanced_permutation_a_k8,balanced_permutation_a,balanced,8,1.0639925081183608,1.0,0.6399250811836067,64,64,64,fixed_cache,256,0.292958580216576,0.2988231061963042
s9316_r4_n750_a375,confirmatory,9316,4,0.75,0.375,feedback_only,balanced_permutation_b_k1,balanced_permutation_b,balanced,1,0.18840039778945986,0.125,0.6340039778945984,64,64,8,fixed_cache,256,0.6434411038714106,0.661967439748146
s9316_r4_n750_a375,confirmatory,9316,4,0.75,0.375,feedback_only,balanced_permutation_b_k2,balanced_permutation_b,balanced,2,0.31340039778945983,0.25,0.6340039778945984,64,64,16,fixed_cache,256,0.5223501095889422,0.5370983200887132
s9316_r4_n750_a375,confirmatory,9316,4,0.75,0.375,feedback_only,balanced_permutation_b_k4,balanced_permutation_b,balanced,4,0.5634003977894598,0.5,0.6340039778945984,64,64,32,fixed_cache,256,0.2924824106869834,0.2993665960516804
s9316_r4_n750_a375,confirmatory,9316,4,0.75,0.375,feedback_only,balanced_permutation_b_k8,balanced_permutation_b,balanced,8,1.06340039778946,1.0,0.6340039778945984,64,64,64,fixed_cache,256,0.292958580216576,0.2988231061963042
s9316_r4_n750_a375,confirmatory,9316,4,0.75,0.375,feedback_only,comb_contiguous_k1,comb_contiguous,comb,1,0.225,0.125,1.0,64,64,8,fixed_cache,256,0.6434411038714106,0.661967439748146
s9316_r4_n750_a375,confirmatory,9316,4,0.75,0.375,feedback_only,comb_contiguous_k2,comb_contiguous,comb,2,0.35,0.25,1.0,64,64,16,fixed_cache,256,0.5282238179994798,0.5366776967336391
s9316_r4_n750_a375,confirmatory,9316,4,0.75,0.375,feedback_only,comb_contiguous_k4,comb_contiguous,comb,4,0.6,0.5,1.0,64,64,32,fixed_cache,256,0.31296107254086936,0.3202925706594821
s9316_r4_n750_a375,confirmatory,9316,4,0.75,0.375,feedback_only,comb_contiguous_k8,comb_contiguous,comb,8,1.1,1.0,1.0,64,64,64,fixed_cache,256,0.292958580216576,0.2988231061963042
s9316_r4_n750_a375,confirmatory,9316,4,0.75,0.375,feedback_only,balanced_contiguous_k1,balanced_contiguous,balanced,1,0.1737418407321983,0.125,0.487418407321983,64,64,8,fresh_iid,16,0.6921961781199772,0.7084969151747808
s9316_r4_n750_a375,confirmatory,9316,4,0.75,0.375,feedback_only,balanced_contiguous_k2,balanced_contiguous,balanced,2,0.2987418407321983,0.25,0.487418407321983,64,64,16,fresh_iid,16,0.5894048386577859,0.602795012939434
s9316_r4_n750_a375,confirmatory,9316,4,0.75,0.375,feedback_only,balanced_contiguous_k4,balanced_contiguous,balanced,4,0.5487418407321983,0.5,0.487418407321983,64,64,32,fresh_iid,16,0.4557391932395059,0.46572151529627726
s9316_r4_n750_a375,confirmatory,9316,4,0.75,0.375,feedback_only,balanced_contiguous_k8,balanced_contiguous,balanced,8,1.0487418407321982,1.0,0.487418407321983,64,64,64,fresh_iid,16,0.32309862654964805,0.3247808057949362
s9316_r4_n750_a375,confirmatory,9316,4,0.75,0.375,feedback_only,balanced_interleaved_k1,balanced_interleaved,balanced,1,0.19088469787505546,0.125,0.6588469787505544,64,64,8,fresh_iid,16,0.6921961781199772,0.7084969151747808
s9316_r4_n750_a375,confirmatory,9316,4,0.75,0.375,feedback_only,balanced_interleaved_k2,balanced_interleaved,balanced,2,0.31588469787505546,0.25,0.6588469787505544,64,64,16,fresh_iid,16,0.6759968313052409,0.6916498522209842
s9316_r4_n750_a375,confirmatory,9316,4,0.75,0.375,feedback_only,balanced_interleaved_k4,balanced_interleaved,balanced,4,0.5658846978750555,0.5,0.6588469787505544,64,64,32,fresh_iid,16,0.5295399743115297,0.5361754476623911
s9316_r4_n750_a375,confirmatory,9316,4,0.75,0.375,feedback_only,balanced_interleaved_k8,balanced_interleaved,balanced,8,1.0658846978750554,1.0,0.6588469787505544,64,64,64,fresh_iid,16,0.32309862654964805,0.3247808057949362
s9316_r4_n750_a375,confirmatory,9316,4,0.75,0.375,feedback_only,balanced_permutation_a_k1,balanced_permutation_a,balanced,1,0.18899250811836066,0.125,0.6399250811836067,64,64,8,fresh_iid,16,0.6921961781199772,0.7084969151747808
s9316_r4_n750_a375,confirmatory,9316,4,0.75,0.375,feedback_only,balanced_permutation_a_k2,balanced_permutation_a,balanced,2,0.31399250811836066,0.25,0.6399250811836067,64,64,16,fresh_iid,16,0.6372084085303231,0.650490389687266
s9316_r4_n750_a375,confirmatory,9316,4,0.75,0.375,feedback_only,balanced_permutation_a_k4,balanced_permutation_a,balanced,4,0.5639925081183607,0.5,0.6399250811836067,64,64,32,fresh_iid,16,0.5139313611138104,0.5266131623121764
s9316_r4_n750_a375,confirmatory,9316,4,0.75,0.375,feedback_only,balanced_permutation_a_k8,balanced_permutation_a,balanced,8,1.0639925081183608,1.0,0.6399250811836067,64,64,64,fresh_iid,16,0.32309862654964805,0.3247808057949362
s9316_r4_n750_a375,confirmatory,9316,4,0.75,0.375,feedback_only,balanced_permutation_b_k1,balanced_permutation_b,balanced,1,0.18840039778945986,0.125,0.6340039778945984,64,64,8,fresh_iid,16,0.6921961781199772,0.7084969151747808
s9316_r4_n750_a375,confirmatory,9316,4,0.75,0.375,feedback_only,balanced_permutation_b_k2,balanced_permutation_b,balanced,2,0.31340039778945983,0.25,0.6340039778945984,64,64,16,fresh_iid,16,0.6121655923262248,0.6225724813048265
s9316_r4_n750_a375,confirmatory,9316,4,0.75,0.375,feedback_only,balanced_permutation_b_k4,balanced_permutation_b,balanced,4,0.5634003977894598,0.5,0.6340039778945984,64,64,32,fresh_iid,16,0.47217194660366435,0.4782880707582692
s9316_r4_n750_a375,confirmatory,9316,4,0.75,0.375,feedback_only,balanced_permutation_b_k8,balanced_permutation_b,balanced,8,1.06340039778946,1.0,0.6340039778945984,64,64,64,fresh_iid,16,0.32309862654964805,0.3247808057949362
s9316_r4_n750_a375,confirmatory,9316,4,0.75,0.375,feedback_only,comb_contiguous_k1,comb_contiguous,comb,1,0.225,0.125,1.0,64,64,8,fresh_iid,16,0.6921961781199772,0.7084969151747808
s9316_r4_n750_a375,confirmatory,9316,4,0.75,0.375,feedback_only,comb_contiguous_k2,comb_contiguous,comb,2,0.35,0.25,1.0,64,64,16,fresh_iid,16,0.6269805677254262,0.6393249955702542
s9316_r4_n750_a375,confirmatory,9316,4,0.75,0.375,feedback_only,comb_contiguous_k4,comb_contiguous,comb,4,0.6,0.5,1.0,64,64,32,fresh_iid,16,0.4695812238274464,0.4791163811195465
s9316_r4_n750_a375,confirmatory,9316,4,0.75,0.375,feedback_only,comb_contiguous_k8,comb_contiguous,comb,8,1.1,1.0,1.0,64,64,64,fresh_iid,16,0.32309862654964805,0.3247808057949362
s9316_r4_n750_a375,confirmatory,9316,4,0.75,0.375,feedback_only,balanced_contiguous_k1,balanced_contiguous,balanced,1,0.1737418407321983,0.125,0.487418407321983,64,64,8,fresh_iid,64,0.6462232323426778,0.6634750205370461
s9316_r4_n750_a375,confirmatory,9316,4,0.75,0.375,feedback_only,balanced_contiguous_k2,balanced_contiguous,balanced,2,0.2987418407321983,0.25,0.487418407321983,64,64,16,fresh_iid,64,0.5331861633921416,0.5454105385993406
s9316_r4_n750_a375,confirmatory,9316,4,0.75,0.375,feedback_only,balanced_contiguous_k4,balanced_contiguous,balanced,4,0.5487418407321983,0.5,0.487418407321983,64,64,32,fresh_iid,64,0.31897807686613483,0.3242139796948835
s9316_r4_n750_a375,confirmatory,9316,4,0.75,0.375,feedback_only,balanced_contiguous_k8,balanced_contiguous,balanced,8,1.0487418407321982,1.0,0.487418407321983,64,64,64,fresh_iid,64,0.2923085017662099,0.2932866278335108
s9316_r4_n750_a375,confirmatory,9316,4,0.75,0.375,feedback_only,balanced_interleaved_k1,balanced_interleaved,balanced,1,0.19088469787505546,0.125,0.6588469787505544,64,64,8,fresh_iid,64,0.6462232323426778,0.6634750205370461
s9316_r4_n750_a375,confirmatory,9316,4,0.75,0.375,feedback_only,balanced_interleaved_k2,balanced_interleaved,balanced,2,0.31588469787505546,0.25,0.6588469787505544,64,64,16,fresh_iid,64,0.6050309535400868,0.6199711723533587
s9316_r4_n750_a375,confirmatory,9316,4,0.75,0.375,feedback_only,balanced_interleaved_k4,balanced_interleaved,balanced,4,0.5658846978750555,0.5,0.6588469787505544,64,64,32,fresh_iid,64,0.41785935778517963,0.4197971132057419
s9316_r4_n750_a375,confirmatory,9316,4,0.75,0.375,feedback_only,balanced_interleaved_k8,balanced_interleaved,balanced,8,1.0658846978750554,1.0,0.6588469787505544,64,64,64,fresh_iid,64,0.2923085017662099,0.2932866278335108
s9316_r4_n750_a375,confirmatory,9316,4,0.75,0.375,feedback_only,balanced_permutation_a_k1,balanced_permutation_a,balanced,1,0.18899250811836066,0.125,0.6399250811836067,64,64,8,fresh_iid,64,0.6462232323426778,0.6634750205370461
s9316_r4_n750_a375,confirmatory,9316,4,0.75,0.375,feedback_only,balanced_permutation_a_k2,balanced_permutation_a,balanced,2,0.31399250811836066,0.25,0.6399250811836067,64,64,16,fresh_iid,64,0.5488304453518472,0.558790882174232
s9316_r4_n750_a375,confirmatory,9316,4,0.75,0.375,feedback_only,balanced_permutation_a_k4,balanced_permutation_a,balanced,4,0.5639925081183607,0.5,0.6399250811836067,64,64,32,fresh_iid,64,0.39329471282330863,0.4018684602697242
s9316_r4_n750_a375,confirmatory,9316,4,0.75,0.375,feedback_only,balanced_permutation_a_k8,balanced_permutation_a,balanced,8,1.0639925081183608,1.0,0.6399250811836067,64,64,64,fresh_iid,64,0.2923085017662099,0.2932866278335108
s9316_r4_n750_a375,confirmatory,9316,4,0.75,0.375,feedback_only,balanced_permutation_b_k1,balanced_permutation_b,balanced,1,0.18840039778945986,0.125,0.6340039778945984,64,64,8,fresh_iid,64,0.6462232323426778,0.6634750205370461
s9316_r4_n750_a375,confirmatory,9316,4,0.75,0.375,feedback_only,balanced_permutation_b_k2,balanced_permutation_b,balanced,2,0.31340039778945983,0.25,0.6340039778945984,64,64,16,fresh_iid,64,0.5370925600092418,0.5469017909088478
s9316_r4_n750_a375,confirmatory,9316,4,0.75,0.375,feedback_only,balanced_permutation_b_k4,balanced_permutation_b,balanced,4,0.5634003977894598,0.5,0.6340039778945984,64,64,32,fresh_iid,64,0.33960721854199116,0.3460724792199612
s9316_r4_n750_a375,confirmatory,9316,4,0.75,0.375,feedback_only,balanced_permutation_b_k8,balanced_permutation_b,balanced,8,1.06340039778946,1.0,0.6340039778945984,64,64,64,fresh_iid,64,0.2923085017662099,0.2932866278335108
s9316_r4_n750_a375,confirmatory,9316,4,0.75,0.375,feedback_only,comb_contiguous_k1,comb_contiguous,comb,1,0.225,0.125,1.0,64,64,8,fresh_iid,64,0.6462232323426778,0.6634750205370461
s9316_r4_n750_a375,confirmatory,9316,4,0.75,0.375,feedback_only,comb_contiguous_k2,comb_contiguous,comb,2,0.35,0.25,1.0,64,64,16,fresh_iid,64,0.5493384641715235,0.5573013169705301
s9316_r4_n750_a375,confirmatory,9316,4,0.75,0.375,feedback_only,comb_contiguous_k4,comb_contiguous,comb,4,0.6,0.5,1.0,64,64,32,fresh_iid,64,0.3713075218708377,0.3780534810784115
s9316_r4_n750_a375,confirmatory,9316,4,0.75,0.375,feedback_only,comb_contiguous_k8,comb_contiguous,comb,8,1.1,1.0,1.0,64,64,64,fresh_iid,64,0.2923085017662099,0.2932866278335108
s9316_r4_n750_a375,confirmatory,9316,4,0.75,0.375,feedback_only,balanced_contiguous_k1,balanced_contiguous,balanced,1,0.1737418407321983,0.125,0.487418407321983,64,64,8,fresh_iid,256,0.6411196809664162,0.6577380543852852
s9316_r4_n750_a375,confirmatory,9316,4,0.75,0.375,feedback_only,balanced_contiguous_k2,balanced_contiguous,balanced,2,0.2987418407321983,0.25,0.487418407321983,64,64,16,fresh_iid,256,0.5210265656079072,0.5340873907366815
s9316_r4_n750_a375,confirmatory,9316,4,0.75,0.375,feedback_only,balanced_contiguous_k4,balanced_contiguous,balanced,4,0.5487418407321983,0.5,0.487418407321983,64,64,32,fresh_iid,256,0.28379001561082506,0.2875204100995601
s9316_r4_n750_a375,confirmatory,9316,4,0.75,0.375,feedback_only,balanced_contiguous_k8,balanced_contiguous,balanced,8,1.0487418407321982,1.0,0.487418407321983,64,64,64,fresh_iid,256,0.28623512891890446,0.2907478204269651
s9316_r4_n750_a375,confirmatory,9316,4,0.75,0.375,feedback_only,balanced_interleaved_k1,balanced_interleaved,balanced,1,0.19088469787505546,0.125,0.6588469787505544,64,64,8,fresh_iid,256,0.6411196809664162,0.6577380543852852
s9316_r4_n750_a375,confirmatory,9316,4,0.75,0.375,feedback_only,balanced_interleaved_k2,balanced_interleaved,balanced,2,0.31588469787505546,0.25,0.6588469787505544,64,64,16,fresh_iid,256,0.5503135855903973,0.5612608589558392
s9316_r4_n750_a375,confirmatory,9316,4,0.75,0.375,feedback_only,balanced_interleaved_k4,balanced_interleaved,balanced,4,0.5658846978750555,0.5,0.6588469787505544,64,64,32,fresh_iid,256,0.36191023800827327,0.3643661465057825
s9316_r4_n750_a375,confirmatory,9316,4,0.75,0.375,feedback_only,balanced_interleaved_k8,balanced_interleaved,balanced,8,1.0658846978750554,1.0,0.6588469787505544,64,64,64,fresh_iid,256,0.28623512891890446,0.2907478204269651
s9316_r4_n750_a375,confirmatory,9316,4,0.75,0.375,feedback_only,balanced_permutation_a_k1,balanced_permutation_a,balanced,1,0.18899250811836066,0.125,0.6399250811836067,64,64,8,fresh_iid,256,0.6411196809664162,0.6577380543852852
s9316_r4_n750_a375,confirmatory,9316,4,0.75,0.375,feedback_only,balanced_permutation_a_k2,balanced_permutation_a,balanced,2,0.31399250811836066,0.25,0.6399250811836067,64,64,16,fresh_iid,256,0.5229025368818216,0.5341736571589415
s9316_r4_n750_a375,confirmatory,9316,4,0.75,0.375,feedback_only,balanced_permutation_a_k4,balanced_permutation_a,balanced,4,0.5639925081183607,0.5,0.6399250811836067,64,64,32,fresh_iid,256,0.33637463303727866,0.34254153334565385
s9316_r4_n750_a375,confirmatory,9316,4,0.75,0.375,feedback_only,balanced_permutation_a_k8,balanced_permutation_a,balanced,8,1.0639925081183608,1.0,0.6399250811836067,64,64,64,fresh_iid,256,0.28623512891890446,0.2907478204269651
s9316_r4_n750_a375,confirmatory,9316,4,0.75,0.375,feedback_only,balanced_permutation_b_k1,balanced_permutation_b,balanced,1,0.18840039778945986,0.125,0.6340039778945984,64,64,8,fresh_iid,256,0.6411196809664162,0.6577380543852852
s9316_r4_n750_a375,confirmatory,9316,4,0.75,0.375,feedback_only,balanced_permutation_b_k2,balanced_permutation_b,balanced,2,0.31340039778945983,0.25,0.6340039778945984,64,64,16,fresh_iid,256,0.5220866284048018,0.5338612483122407
s9316_r4_n750_a375,confirmatory,9316,4,0.75,0.375,feedback_only,balanced_permutation_b_k4,balanced_permutation_b,balanced,4,0.5634003977894598,0.5,0.6340039778945984,64,64,32,fresh_iid,256,0.28498528327879113,0.2895561598077786
s9316_r4_n750_a375,confirmatory,9316,4,0.75,0.375,feedback_only,balanced_permutation_b_k8,balanced_permutation_b,balanced,8,1.06340039778946,1.0,0.6340039778945984,64,64,64,fresh_iid,256,0.28623512891890446,0.2907478204269651
s9316_r4_n750_a375,confirmatory,9316,4,0.75,0.375,feedback_only,comb_contiguous_k1,comb_contiguous,comb,1,0.225,0.125,1.0,64,64,8,fresh_iid,256,0.6411196809664162,0.6577380543852852
s9316_r4_n750_a375,confirmatory,9316,4,0.75,0.375,feedback_only,comb_contiguous_k2,comb_contiguous,comb,2,0.35,0.25,1.0,64,64,16,fresh_iid,256,0.5283945014588658,0.5353822313722392
s9316_r4_n750_a375,confirmatory,9316,4,0.75,0.375,feedback_only,comb_contiguous_k4,comb_contiguous,comb,4,0.6,0.5,1.0,64,64,32,fresh_iid,256,0.30368990226159864,0.3094700384795101
s9316_r4_n750_a375,confirmatory,9316,4,0.75,0.375,feedback_only,comb_contiguous_k8,comb_contiguous,comb,8,1.1,1.0,1.0,64,64,64,fresh_iid,256,0.28623512891890446,0.2907478204269651
s9316_r4_n750_a375,confirmatory,9316,4,0.75,0.375,joint_forward_feedback,balanced_contiguous_k1,balanced_contiguous,balanced,1,0.1737418407321983,0.125,0.487418407321983,64,64,8,fixed_cache,16,0.7153310566491669,0.7325921688854535
s9316_r4_n750_a375,confirmatory,9316,4,0.75,0.375,joint_forward_feedback,balanced_contiguous_k2,balanced_contiguous,balanced,2,0.2987418407321983,0.25,0.487418407321983,64,64,16,fixed_cache,16,0.6429676879442563,0.6576507920058835
s9316_r4_n750_a375,confirmatory,9316,4,0.75,0.375,joint_forward_feedback,balanced_contiguous_k4,balanced_contiguous,balanced,4,0.5487418407321983,0.5,0.487418407321983,64,64,32,fixed_cache,16,0.5331891714732038,0.5457979958491412
s9316_r4_n750_a375,confirmatory,9316,4,0.75,0.375,joint_forward_feedback,balanced_contiguous_k8,balanced_contiguous,balanced,8,1.0487418407321982,1.0,0.487418407321983,64,64,64,fixed_cache,16,0.4479943250747349,0.45704364804218983
s9316_r4_n750_a375,confirmatory,9316,4,0.75,0.375,joint_forward_feedback,balanced_interleaved_k1,balanced_interleaved,balanced,1,0.19088469787505546,0.125,0.6588469787505544,64,64,8,fixed_cache,16,0.7087909710527649,0.72602160990125
s9316_r4_n750_a375,confirmatory,9316,4,0.75,0.375,joint_forward_feedback,balanced_interleaved_k2,balanced_interleaved,balanced,2,0.31588469787505546,0.25,0.6588469787505544,64,64,16,fixed_cache,16,0.6997416395452521,0.7166645491967262
s9316_r4_n750_a375,confirmatory,9316,4,0.75,0.375,joint_forward_feedback,balanced_interleaved_k4,balanced_interleaved,balanced,4,0.5658846978750555,0.5,0.6588469787505544,64,64,32,fixed_cache,16,0.5688129603843706,0.5814081592825444
s9316_r4_n750_a375,confirmatory,9316,4,0.75,0.375,joint_forward_feedback,balanced_interleaved_k8,balanced_interleaved,balanced,8,1.0658846978750554,1.0,0.6588469787505544,64,64,64,fixed_cache,16,0.4023692472853647,0.40917715747618333
s9316_r4_n750_a375,confirmatory,9316,4,0.75,0.375,joint_forward_feedback,balanced_permutation_a_k1,balanced_permutation_a,balanced,1,0.18899250811836066,0.125,0.6399250811836067,64,64,8,fixed_cache,16,0.7119626219709375,0.7292352443095549
s9316_r4_n750_a375,confirmatory,9316,4,0.75,0.375,joint_forward_feedback,balanced_permutation_a_k2,balanced_permutation_a,balanced,2,0.31399250811836066,0.25,0.6399250811836067,64,64,16,fixed_cache,16,0.6847176709959129,0.7007424935794905
s9316_r4_n750_a375,confirmatory,9316,4,0.75,0.375,joint_forward_feedback,balanced_permutation_a_k4,balanced_permutation_a,balanced,4,0.5639925081183607,0.5,0.6399250811836067,64,64,32,fixed_cache,16,0.5854628046596433,0.6003301335761124
s9316_r4_n750_a375,confirmatory,9316,4,0.75,0.375,joint_forward_feedback,balanced_permutation_a_k8,balanced_permutation_a,balanced,8,1.0639925081183608,1.0,0.6399250811836067,64,64,64,fixed_cache,16,0.40756333119514815,0.4142985515888684
s9316_r4_n750_a375,confirmatory,9316,4,0.75,0.375,joint_forward_feedback,balanced_permutation_b_k1,balanced_permutation_b,balanced,1,0.18840039778945986,0.125,0.6340039778945984,64,64,8,fixed_cache,16,0.7113583539079831,0.7285894989599688
s9316_r4_n750_a375,confirmatory,9316,4,0.75,0.375,joint_forward_feedback,balanced_permutation_b_k2,balanced_permutation_b,balanced,2,0.31340039778945983,0.25,0.6340039778945984,64,64,16,fixed_cache,16,0.6418345206747045,0.654437502804838
s9316_r4_n750_a375,confirmatory,9316,4,0.75,0.375,joint_forward_feedback,balanced_permutation_b_k4,balanced_permutation_b,balanced,4,0.5634003977894598,0.5,0.6340039778945984,64,64,32,fixed_cache,16,0.5383294335482837,0.5483834835017203
s9316_r4_n750_a375,confirmatory,9316,4,0.75,0.375,joint_forward_feedback,balanced_permutation_b_k8,balanced_permutation_b,balanced,8,1.06340039778946,1.0,0.6340039778945984,64,64,64,fixed_cache,16,0.40076170366638614,0.4071378259000768
s9316_r4_n750_a375,confirmatory,9316,4,0.75,0.375,joint_forward_feedback,comb_contiguous_k1,comb_contiguous,comb,1,0.225,0.125,1.0,64,64,8,fixed_cache,16,0.7037693344681768,0.7207096359501703
s9316_r4_n750_a375,confirmatory,9316,4,0.75,0.375,joint_forward_feedback,comb_contiguous_k2,comb_contiguous,comb,2,0.35,0.25,1.0,64,64,16,fixed_cache,16,0.6463945762169552,0.6611174024264996
s9316_r4_n750_a375,confirmatory,9316,4,0.75,0.375,joint_forward_feedback,comb_contiguous_k4,comb_contiguous,comb,4,0.6,0.5,1.0,64,64,32,fixed_cache,16,0.5172665776934948,0.5300742043232349
s9316_r4_n750_a375,confirmatory,9316,4,0.75,0.375,joint_forward_feedback,comb_contiguous_k8,comb_contiguous,comb,8,1.1,1.0,1.0,64,64,64,fixed_cache,16,0.39013650341183326,0.3968578538658558
s9316_r4_n750_a375,confirmatory,9316,4,0.75,0.375,joint_forward_feedback,balanced_contiguous_k1,balanced_contiguous,balanced,1,0.1737418407321983,0.125,0.487418407321983,64,64,8,fixed_cache,64,0.6571442651912662,0.6744567369616652
s9316_r4_n750_a375,confirmatory,9316,4,0.75,0.375,joint_forward_feedback,balanced_contiguous_k2,balanced_contiguous,balanced,2,0.2987418407321983,0.25,0.487418407321983,64,64,16,fixed_cache,64,0.5502110401094205,0.5610198546613454
s9316_r4_n750_a375,confirmatory,9316,4,0.75,0.375,joint_forward_feedback,balanced_contiguous_k4,balanced_contiguous,balanced,4,0.5487418407321983,0.5,0.487418407321983,64,64,32,fixed_cache,64,0.38607799088332606,0.39357997154578356
s9316_r4_n750_a375,confirmatory,9316,4,0.75,0.375,joint_forward_feedback,balanced_contiguous_k8,balanced_contiguous,balanced,8,1.0487418407321982,1.0,0.487418407321983,64,64,64,fixed_cache,64,0.29516534835839675,0.2982961105341996
s9316_r4_n750_a375,confirmatory,9316,4,0.75,0.375,joint_forward_feedback,balanced_interleaved_k1,balanced_interleaved,balanced,1,0.19088469787505546,0.125,0.6588469787505544,64,64,8,fixed_cache,64,0.6521287234602222,0.669419957478014
s9316_r4_n750_a375,confirmatory,9316,4,0.75,0.375,joint_forward_feedback,balanced_interleaved_k2,balanced_interleaved,balanced,2,0.31588469787505546,0.25,0.6588469787505544,64,64,16,fixed_cache,64,0.6268939405485128,0.6427661553175941
s9316_r4_n750_a375,confirmatory,9316,4,0.75,0.375,joint_forward_feedback,balanced_interleaved_k4,balanced_interleaved,balanced,4,0.5658846978750555,0.5,0.6588469787505544,64,64,32,fixed_cache,64,0.4394391806751901,0.4454586948166992
s9316_r4_n750_a375,confirmatory,9316,4,0.75,0.375,joint_forward_feedback,balanced_interleaved_k8,balanced_interleaved,balanced,8,1.0658846978750554,1.0,0.6588469787505544,64,64,64,fixed_cache,64,0.28830255068571387,0.2904317215700085
s9316_r4_n750_a375,confirmatory,9316,4,0.75,0.375,joint_forward_feedback,balanced_permutation_a_k1,balanced_permutation_a,balanced,1,0.18899250811836066,0.125,0.6399250811836067,64,64,8,fixed_cache,64,0.6541542312469673,0.6715047827021936
s9316_r4_n750_a375,confirmatory,9316,4,0.75,0.375,joint_forward_feedback,balanced_permutation_a_k2,balanced_permutation_a,balanced,2,0.31399250811836066,0.25,0.6399250811836067,64,64,16,fixed_cache,64,0.587077521885397,0.5996139377017764
s9316_r4_n750_a375,confirmatory,9316,4,0.75,0.375,joint_forward_feedback,balanced_permutation_a_k4,balanced_permutation_a,balanced,4,0.5639925081183607,0.5,0.6399250811836067,64,64,32,fixed_cache,64,0.43681295446054025,0.4474883013998427
s9316_r4_n750_a375,confirmatory,9316,4,0.75,0.375,joint_forward_feedback,balanced_permutation_a_k8,balanced_permutation_a,balanced,8,1.0639925081183608,1.0,0.6399250811836067,64,64,64,fixed_cache,64,0.2897172667927906,0.2916630288772559
s9316_r4_n750_a375,confirmatory,9316,4,0.75,0.375,joint_forward_feedback,balanced_permutation_b_k1,balanced_permutation_b,balanced,1,0.18840039778945986,0.125,0.6340039778945984,64,64,8,fixed_cache,64,0.653379151132838,0.6707201539207855
s9316_r4_n750_a375,confirmatory,9316,4,0.75,0.375,joint_forward_feedback,balanced_permutation_b_k2,balanced_permutation_b,balanced,2,0.31340039778945983,0.25,0.6340039778945984,64,64,16,fixed_cache,64,0.5525267001317358,0.562630537321555
s9316_r4_n750_a375,confirmatory,9316,4,0.75,0.375,joint_forward_feedback,balanced_permutation_b_k4,balanced_permutation_b,balanced,4,0.5634003977894598,0.5,0.6340039778945984,64,64,32,fixed_cache,64,0.37529885958129694,0.3814714969060985
s9316_r4_n750_a375,confirmatory,9316,4,0.75,0.375,joint_forward_feedback,balanced_permutation_b_k8,balanced_permutation_b,balanced,8,1.06340039778946,1.0,0.6340039778945984,64,64,64,fixed_cache,64,0.2886303623701019,0.29023116893081463
s9316_r4_n750_a375,confirmatory,9316,4,0.75,0.375,joint_forward_feedback,comb_contiguous_k1,comb_contiguous,comb,1,0.225,0.125,1.0,64,64,8,fixed_cache,64,0.6505643024255834,0.6670022234986168
s9316_r4_n750_a375,confirmatory,9316,4,0.75,0.375,joint_forward_feedback,comb_contiguous_k2,comb_contiguous,comb,2,0.35,0.25,1.0,64,64,16,fixed_cache,64,0.5541321539252251,0.5641059297479982
s9316_r4_n750_a375,confirmatory,9316,4,0.75,0.375,joint_forward_feedback,comb_contiguous_k4,comb_contiguous,comb,4,0.6,0.5,1.0,64,64,32,fixed_cache,64,0.39122566690768584,0.40057789294463514
s9316_r4_n750_a375,confirmatory,9316,4,0.75,0.375,joint_forward_feedback,comb_contiguous_k8,comb_contiguous,comb,8,1.1,1.0,1.0,64,64,64,fixed_cache,64,0.28876241152522153,0.29124822184307575
s9316_r4_n750_a375,confirmatory,9316,4,0.75,0.375,joint_forward_feedback,balanced_contiguous_k1,balanced_contiguous,balanced,1,0.1737418407321983,0.125,0.487418407321983,64,64,8,fixed_cache,256,0.6414275886182642,0.6597682067436161
s9316_r4_n750_a375,confirmatory,9316,4,0.75,0.375,joint_forward_feedback,balanced_contiguous_k2,balanced_contiguous,balanced,2,0.2987418407321983,0.25,0.487418407321983,64,64,16,fixed_cache,256,0.5215781914756461,0.5368242810102231
s9316_r4_n750_a375,confirmatory,9316,4,0.75,0.375,joint_forward_feedback,balanced_contiguous_k4,balanced_contiguous,balanced,4,0.5487418407321983,0.5,0.487418407321983,64,64,32,fixed_cache,256,0.2879762488021209,0.29480162595208687
s9316_r4_n750_a375,confirmatory,9316,4,0.75,0.375,joint_forward_feedback,balanced_contiguous_k8,balanced_contiguous,balanced,8,1.0487418407321982,1.0,0.487418407321983,64,64,64,fixed_cache,256,0.28478898330561897,0.2901469302472904
s9316_r4_n750_a375,confirmatory,9316,4,0.75,0.375,joint_forward_feedback,balanced_interleaved_k1,balanced_interleaved,balanced,1,0.19088469787505546,0.125,0.6588469787505544,64,64,8,fixed_cache,256,0.6419330901722873,0.6603289110042246
s9316_r4_n750_a375,confirmatory,9316,4,0.75,0.375,joint_forward_feedback,balanced_interleaved_k2,balanced_interleaved,balanced,2,0.31588469787505546,0.25,0.6588469787505544,64,64,16,fixed_cache,256,0.5715646577251179,0.5857006329960324
s9316_r4_n750_a375,confirmatory,9316,4,0.75,0.375,joint_forward_feedback,balanced_interleaved_k4,balanced_interleaved,balanced,4,0.5658846978750555,0.5,0.6588469787505544,64,64,32,fixed_cache,256,0.3830051571275135,0.38566693236064364
s9316_r4_n750_a375,confirmatory,9316,4,0.75,0.375,joint_forward_feedback,balanced_interleaved_k8,balanced_interleaved,balanced,8,1.0658846978750554,1.0,0.6588469787505544,64,64,64,fixed_cache,256,0.2870475801429846,0.2924856808004487
s9316_r4_n750_a375,confirmatory,9316,4,0.75,0.375,joint_forward_feedback,balanced_permutation_a_k1,balanced_permutation_a,balanced,1,0.18899250811836066,0.125,0.6399250811836067,64,64,8,fixed_cache,256,0.6420051562771042,0.66007490056479
s9316_r4_n750_a375,confirmatory,9316,4,0.75,0.375,joint_forward_feedback,balanced_permutation_a_k2,balanced_permutation_a,balanced,2,0.31399250811836066,0.25,0.6399250811836067,64,64,16,fixed_cache,256,0.5256510942090705,0.5373664368665954
s9316_r4_n750_a375,confirmatory,9316,4,0.75,0.375,joint_forward_feedback,balanced_permutation_a_k4,balanced_permutation_a,balanced,4,0.5639925081183607,0.5,0.6399250811836067,64,64,32,fixed_cache,256,0.3590426031475905,0.3676981092441366
s9316_r4_n750_a375,confirmatory,9316,4,0.75,0.375,joint_forward_feedback,balanced_permutation_a_k8,balanced_permutation_a,balanced,8,1.0639925081183608,1.0,0.6399250811836067,64,64,64,fixed_cache,256,0.2862992985599785,0.29159130498504615
s9316_r4_n750_a375,confirmatory,9316,4,0.75,0.375,joint_forward_feedback,balanced_permutation_b_k1,balanced_permutation_b,balanced,1,0.18840039778945986,0.125,0.6340039778945984,64,64,8,fixed_cache,256,0.6417489008638089,0.6600269978671609
s9316_r4_n750_a375,confirmatory,9316,4,0.75,0.375,joint_forward_feedback,balanced_permutation_b_k2,balanced_permutation_b,balanced,2,0.31340039778945983,0.25,0.6340039778945984,64,64,16,fixed_cache,256,0.5210804807041749,0.5349305737226127
s9316_r4_n750_a375,confirmatory,9316,4,0.75,0.375,joint_forward_feedback,balanced_permutation_b_k4,balanced_permutation_b,balanced,4,0.5634003977894598,0.5,0.6340039778945984,64,64,32,fixed_cache,256,0.30360575321094385,0.3110765621142547
s9316_r4_n750_a375,confirmatory,9316,4,0.75,0.375,joint_forward_feedback,balanced_permutation_b_k8,balanced_permutation_b,balanced,8,1.06340039778946,1.0,0.6340039778945984,64,64,64,fixed_cache,256,0.28688698706586735,0.29222642647761027
s9316_r4_n750_a375,confirmatory,9316,4,0.75,0.375,joint_forward_feedback,comb_contiguous_k1,comb_contiguous,comb,1,0.225,0.125,1.0,64,64,8,fixed_cache,256,0.6423682377452788,0.6605403904161015
s9316_r4_n750_a375,confirmatory,9316,4,0.75,0.375,joint_forward_feedback,comb_contiguous_k2,comb_contiguous,comb,2,0.35,0.25,1.0,64,64,16,fixed_cache,256,0.5268790472333906,0.535061684429462
s9316_r4_n750_a375,confirmatory,9316,4,0.75,0.375,joint_forward_feedback,comb_contiguous_k4,comb_contiguous,comb,4,0.6,0.5,1.0,64,64,32,fixed_cache,256,0.33323097960643233,0.34114099468431774
s9316_r4_n750_a375,confirmatory,9316,4,0.75,0.375,joint_forward_feedback,comb_contiguous_k8,comb_contiguous,comb,8,1.1,1.0,1.0,64,64,64,fixed_cache,256,0.2887385510855557,0.2942699423140073
s9316_r4_n750_a375,confirmatory,9316,4,0.75,0.375,joint_forward_feedback,balanced_contiguous_k1,balanced_contiguous,balanced,1,0.1737418407321983,0.125,0.487418407321983,64,64,8,fresh_iid,16,0.7182140647107047,0.7349982548548921
s9316_r4_n750_a375,confirmatory,9316,4,0.75,0.375,joint_forward_feedback,balanced_contiguous_k2,balanced_contiguous,balanced,2,0.2987418407321983,0.25,0.487418407321983,64,64,16,fresh_iid,16,0.6394756759066191,0.6540386325187946
s9316_r4_n750_a375,confirmatory,9316,4,0.75,0.375,joint_forward_feedback,balanced_contiguous_k4,balanced_contiguous,balanced,4,0.5487418407321983,0.5,0.487418407321983,64,64,32,fresh_iid,16,0.5263486068549155,0.5384147327797335
s9316_r4_n750_a375,confirmatory,9316,4,0.75,0.375,joint_forward_feedback,balanced_contiguous_k8,balanced_contiguous,balanced,8,1.0487418407321982,1.0,0.487418407321983,64,64,64,fresh_iid,16,0.43868445925894123,0.4465960033273601
s9316_r4_n750_a375,confirmatory,9316,4,0.75,0.375,joint_forward_feedback,balanced_interleaved_k1,balanced_interleaved,balanced,1,0.19088469787505546,0.125,0.6588469787505544,64,64,8,fresh_iid,16,0.7118968336545461,0.7285773203346047
s9316_r4_n750_a375,confirmatory,9316,4,0.75,0.375,joint_forward_feedback,balanced_interleaved_k2,balanced_interleaved,balanced,2,0.31588469787505546,0.25,0.6588469787505544,64,64,16,fresh_iid,16,0.7006328553843996,0.716936660188327
s9316_r4_n750_a375,confirmatory,9316,4,0.75,0.375,joint_forward_feedback,balanced_interleaved_k4,balanced_interleaved,balanced,4,0.5658846978750555,0.5,0.6588469787505544,64,64,32,fresh_iid,16,0.5752645337601805,0.5856928770922147
s9316_r4_n750_a375,confirmatory,9316,4,0.75,0.375,joint_forward_feedback,balanced_interleaved_k8,balanced_interleaved,balanced,8,1.0658846978750554,1.0,0.6588469787505544,64,64,64,fresh_iid,16,0.3918769110325837,0.3970840373324944
s9316_r4_n750_a375,confirmatory,9316,4,0.75,0.375,joint_forward_feedback,balanced_permutation_a_k1,balanced_permutation_a,balanced,1,0.18899250811836066,0.125,0.6399250811836067,64,64,8,fresh_iid,16,0.7143484250226495,0.731105409241394
s9316_r4_n750_a375,confirmatory,9316,4,0.75,0.375,joint_forward_feedback,balanced_permutation_a_k2,balanced_permutation_a,balanced,2,0.31399250811836066,0.25,0.6399250811836067,64,64,16,fresh_iid,16,0.675915835864175,0.69060253797656
s9316_r4_n750_a375,confirmatory,9316,4,0.75,0.375,joint_forward_feedback,balanced_permutation_a_k4,balanced_permutation_a,balanced,4,0.5639925081183607,0.5,0.6399250811836067,64,64,32,fresh_iid,16,0.5773890233451153,0.5912006109976897
s9316_r4_n750_a375,confirmatory,9316,4,0.75,0.375,joint_forward_feedback,balanced_permutation_a_k8,balanced_permutation_a,balanced,8,1.0639925081183608,1.0,0.6399250811836067,64,64,64,fresh_iid,16,0.3957871448911738,0.40115119122217446
s9316_r4_n750_a375,confirmatory,9316,4,0.75,0.375,joint_forward_feedback,balanced_permutation_b_k1,balanced_permutation_b,balanced,1,0.18840039778945986,0.125,0.6340039778945984,64,64,8,fresh_iid,16,0.7142040731963943,0.7309579955372261
s9316_r4_n750_a375,confirmatory,9316,4,0.75,0.375,joint_forward_feedback,balanced_permutation_b_k2,balanced_permutation_b,balanced,2,0.31340039778945983,0.25,0.6340039778945984,64,64,16,fresh_iid,16,0.6495991210639706,0.6619509818983194
s9316_r4_n750_a375,confirmatory,9316,4,0.75,0.375,joint_forward_feedback,balanced_permutation_b_k4,balanced_permutation_b,balanced,4,0.5634003977894598,0.5,0.6340039778945984,64,64,32,fresh_iid,16,0.541397642833458,0.5498784217685126
s9316_r4_n750_a375,confirmatory,9316,4,0.75,0.375,joint_forward_feedback,balanced_permutation_b_k8,balanced_permutation_b,balanced,8,1.06340039778946,1.0,0.6340039778945984,64,64,64,fresh_iid,16,0.38891376092310204,0.39377052890424596
s9316_r4_n750_a375,confirmatory,9316,4,0.75,0.375,joint_forward_feedback,comb_contiguous_k1,comb_contiguous,comb,1,0.225,0.125,1.0,64,64,8,fresh_iid,16,0.7086831033181745,0.7250297326455182
s9316_r4_n750_a375,confirmatory,9316,4,0.75,0.375,joint_forward_feedback,comb_contiguous_k2,comb_contiguous,comb,2,0.35,0.25,1.0,64,64,16,fresh_iid,16,0.6468436084136073,0.6602728254236536
s9316_r4_n750_a375,confirmatory,9316,4,0.75,0.375,joint_forward_feedback,comb_contiguous_k4,comb_contiguous,comb,4,0.6,0.5,1.0,64,64,32,fresh_iid,16,0.5091998995830483,0.5197006828744128
s9316_r4_n750_a375,confirmatory,9316,4,0.75,0.375,joint_forward_feedback,comb_contiguous_k8,comb_contiguous,comb,8,1.1,1.0,1.0,64,64,64,fresh_iid,16,0.38000932753954475,0.38513794288167735
s9316_r4_n750_a375,confirmatory,9316,4,0.75,0.375,joint_forward_feedback,balanced_contiguous_k1,balanced_contiguous,balanced,1,0.1737418407321983,0.125,0.487418407321983,64,64,8,fresh_iid,64,0.661584392443979,0.6787513622524399
s9316_r4_n750_a375,confirmatory,9316,4,0.75,0.375,joint_forward_feedback,balanced_contiguous_k2,balanced_contiguous,balanced,2,0.2987418407321983,0.25,0.487418407321983,64,64,16,fresh_iid,64,0.5489887222617229,0.5607394903385644
s9316_r4_n750_a375,confirmatory,9316,4,0.75,0.375,joint_forward_feedback,balanced_contiguous_k4,balanced_contiguous,balanced,4,0.5487418407321983,0.5,0.487418407321983,64,64,32,fresh_iid,64,0.3762193523858504,0.38404959605039674
s9316_r4_n750_a375,confirmatory,9316,4,0.75,0.375,joint_forward_feedback,balanced_contiguous_k8,balanced_contiguous,balanced,8,1.0487418407321982,1.0,0.487418407321983,64,64,64,fresh_iid,64,0.29136010166674603,0.2945031527763672
s9316_r4_n750_a375,confirmatory,9316,4,0.75,0.375,joint_forward_feedback,balanced_interleaved_k1,balanced_interleaved,balanced,1,0.19088469787505546,0.125,0.6588469787505544,64,64,8,fresh_iid,64,0.6561442617784696,0.6733045037768042
s9316_r4_n750_a375,confirmatory,9316,4,0.75,0.375,joint_forward_feedback,balanced_interleaved_k2,balanced_interleaved,balanced,2,0.31588469787505546,0.25,0.6588469787505544,64,64,16,fresh_iid,64,0.6272067836987384,0.6428533290892487
s9316_r4_n750_a375,confirmatory,9316,4,0.75,0.375,joint_forward_feedback,balanced_interleaved_k4,balanced_interleaved,balanced,4,0.5658846978750555,0.5,0.6588469787505544,64,64,32,fresh_iid,64,0.4440601220767565,0.4481350714789666
s9316_r4_n750_a375,confirmatory,9316,4,0.75,0.375,joint_forward_feedback,balanced_interleaved_k8,balanced_interleaved,balanced,8,1.0658846978750554,1.0,0.6588469787505544,64,64,64,fresh_iid,64,0.2874335095224516,0.2893634453965842
s9316_r4_n750_a375,confirmatory,9316,4,0.75,0.375,joint_forward_feedback,balanced_permutation_a_k1,balanced_permutation_a,balanced,1,0.18899250811836066,0.125,0.6399250811836067,64,64,8,fresh_iid,64,0.6581510828909376,0.6752932835778969
s9316_r4_n750_a375,confirmatory,9316,4,0.75,0.375,joint_forward_feedback,balanced_permutation_a_k2,balanced_permutation_a,balanced,2,0.31399250811836066,0.25,0.6399250811836067,64,64,16,fresh_iid,64,0.5817641483866827,0.5929729094636748
s9316_r4_n750_a375,confirmatory,9316,4,0.75,0.375,joint_forward_feedback,balanced_permutation_a_k4,balanced_permutation_a,balanced,4,0.5639925081183607,0.5,0.6399250811836067,64,64,32,fresh_iid,64,0.43039923296490445,0.44078646783234343
s9316_r4_n750_a375,confirmatory,9316,4,0.75,0.375,joint_forward_feedback,balanced_permutation_a_k8,balanced_permutation_a,balanced,8,1.0639925081183608,1.0,0.6399250811836067,64,64,64,fresh_iid,64,0.2880010936280378,0.2899204931279996
s9316_r4_n750_a375,confirmatory,9316,4,0.75,0.375,joint_forward_feedback,balanced_permutation_b_k1,balanced_permutation_b,balanced,1,0.18840039778945986,0.125,0.6340039778945984,64,64,8,fresh_iid,64,0.657762086854395,0.6749312733191555
s9316_r4_n750_a375,confirmatory,9316,4,0.75,0.375,joint_forward_feedback,balanced_permutation_b_k2,balanced_permutation_b,balanced,2,0.31340039778945983,0.25,0.6340039778945984,64,64,16,fresh_iid,64,0.5548564283687253,0.5642164936939332
s9316_r4_n750_a375,confirmatory,9316,4,0.75,0.375,joint_forward_feedback,balanced_permutation_b_k4,balanced_permutation_b,balanced,4,0.5634003977894598,0.5,0.6340039778945984,64,64,32,fresh_iid,64,0.3747085235562381,0.3800458452117412
s9316_r4_n750_a375,confirmatory,9316,4,0.75,0.375,joint_forward_feedback,balanced_permutation_b_k8,balanced_permutation_b,balanced,8,1.06340039778946,1.0,0.6340039778945984,64,64,64,fresh_iid,64,0.28731879978460595,0.2891807283663706
s9316_r4_n750_a375,confirmatory,9316,4,0.75,0.375,joint_forward_feedback,comb_contiguous_k1,comb_contiguous,comb,1,0.225,0.125,1.0,64,64,8,fresh_iid,64,0.6541717324029837,0.6707368811155826
s9316_r4_n750_a375,confirmatory,9316,4,0.75,0.375,joint_forward_feedback,comb_contiguous_k2,comb_contiguous,comb,2,0.35,0.25,1.0,64,64,16,fresh_iid,64,0.5579041767671119,0.5667963222104919
s9316_r4_n750_a375,confirmatory,9316,4,0.75,0.375,joint_forward_feedback,comb_contiguous_k4,comb_contiguous,comb,4,0.6,0.5,1.0,64,64,32,fresh_iid,64,0.390815585535547,0.39908998021878545
s9316_r4_n750_a375,confirmatory,9316,4,0.75,0.375,joint_forward_feedback,comb_contiguous_k8,comb_contiguous,comb,8,1.1,1.0,1.0,64,64,64,fresh_iid,64,0.2902088261348294,0.29216412865611296
s9316_r4_n750_a375,confirmatory,9316,4,0.75,0.375,joint_forward_feedback,balanced_contiguous_k1,balanced_contiguous,balanced,1,0.1737418407321983,0.125,0.487418407321983,64,64,8,fresh_iid,256,0.6405937948419078,0.6571721773418006
s9316_r4_n750_a375,confirmatory,9316,4,0.75,0.375,joint_forward_feedback,balanced_contiguous_k2,balanced_contiguous,balanced,2,0.2987418407321983,0.25,0.487418407321983,64,64,16,fresh_iid,256,0.5207735099636515,0.5331826662077815
s9316_r4_n750_a375,confirmatory,9316,4,0.75,0.375,joint_forward_feedback,balanced_contiguous_k4,balanced_contiguous,balanced,4,0.5487418407321983,0.5,0.487418407321983,64,64,32,fresh_iid,256,0.28558039515392697,0.28936030663182893
s9316_r4_n750_a375,confirmatory,9316,4,0.75,0.375,joint_forward_feedback,balanced_contiguous_k8,balanced_contiguous,balanced,8,1.0487418407321982,1.0,0.487418407321983,64,64,64,fresh_iid,256,0.28263373908384715,0.285507784757867
s9316_r4_n750_a375,confirmatory,9316,4,0.75,0.375,joint_forward_feedback,balanced_interleaved_k1,balanced_interleaved,balanced,1,0.19088469787505546,0.125,0.6588469787505544,64,64,8,fresh_iid,256,0.6406235204016838,0.6572201345750208
s9316_r4_n750_a375,confirmatory,9316,4,0.75,0.375,joint_forward_feedback,balanced_interleaved_k2,balanced_interleaved,balanced,2,0.31588469787505546,0.25,0.6588469787505544,64,64,16,fresh_iid,256,0.5703471635405426,0.5825584070363184
s9316_r4_n750_a375,confirmatory,9316,4,0.75,0.375,joint_forward_feedback,balanced_interleaved_k4,balanced_interleaved,balanced,4,0.5658846978750555,0.5,0.6588469787505544,64,64,32,fresh_iid,256,0.37725117922828744,0.3796131679263742
s9316_r4_n750_a375,confirmatory,9316,4,0.75,0.375,joint_forward_feedback,balanced_interleaved_k8,balanced_interleaved,balanced,8,1.0658846978750554,1.0,0.6588469787505544,64,64,64,fresh_iid,256,0.28335330345486615,0.2865717039358848
s9316_r4_n750_a375,confirmatory,9316,4,0.75,0.375,joint_forward_feedback,balanced_permutation_a_k1,balanced_permutation_a,balanced,1,0.18899250811836066,0.125,0.6399250811836067,64,64,8,fresh_iid,256,0.6408333056490627,0.6571367251188375
s9316_r4_n750_a375,confirmatory,9316,4,0.75,0.375,joint_forward_feedback,balanced_permutation_a_k2,balanced_permutation_a,balanced,2,0.31399250811836066,0.25,0.6399250811836067,64,64,16,fresh_iid,256,0.5268317690254412,0.5370803630323782
s9316_r4_n750_a375,confirmatory,9316,4,0.75,0.375,joint_forward_feedback,balanced_permutation_a_k4,balanced_permutation_a,balanced,4,0.5639925081183607,0.5,0.6399250811836067,64,64,32,fresh_iid,256,0.35215016440576175,0.3589209250883444
s9316_r4_n750_a375,confirmatory,9316,4,0.75,0.375,joint_forward_feedback,balanced_permutation_a_k8,balanced_permutation_a,balanced,8,1.0639925081183608,1.0,0.6399250811836067,64,64,64,fresh_iid,256,0.2834551699156084,0.286584635202828
s9316_r4_n750_a375,confirmatory,9316,4,0.75,0.375,joint_forward_feedback,balanced_permutation_b_k1,balanced_permutation_b,balanced,1,0.18840039778945986,0.125,0.6340039778945984,64,64,8,fresh_iid,256,0.6406927868235832,0.657196453462946
s9316_r4_n750_a375,confirmatory,9316,4,0.75,0.375,joint_forward_feedback,balanced_permutation_b_k2,balanced_permutation_b,balanced,2,0.31340039778945983,0.25,0.6340039778945984,64,64,16,fresh_iid,256,0.5217192930168093,0.5334613805479924
s9316_r4_n750_a375,confirmatory,9316,4,0.75,0.375,joint_forward_feedback,balanced_permutation_b_k4,balanced_permutation_b,balanced,4,0.5634003977894598,0.5,0.6340039778945984,64,64,32,fresh_iid,256,0.2971872150969895,0.3027045297271995
s9316_r4_n750_a375,confirmatory,9316,4,0.75,0.375,joint_forward_feedback,balanced_permutation_b_k8,balanced_permutation_b,balanced,8,1.06340039778946,1.0,0.6340039778945984,64,64,64,fresh_iid,256,0.28330713905150784,0.28653193509030817
s9316_r4_n750_a375,confirmatory,9316,4,0.75,0.375,joint_forward_feedback,comb_contiguous_k1,comb_contiguous,comb,1,0.225,0.125,1.0,64,64,8,fresh_iid,256,0.6409417150623762,0.6573989670319906
s9316_r4_n750_a375,confirmatory,9316,4,0.75,0.375,joint_forward_feedback,comb_contiguous_k2,comb_contiguous,comb,2,0.35,0.25,1.0,64,64,16,fresh_iid,256,0.5281814056658041,0.5345436901951682
s9316_r4_n750_a375,confirmatory,9316,4,0.75,0.375,joint_forward_feedback,comb_contiguous_k4,comb_contiguous,comb,4,0.6,0.5,1.0,64,64,32,fresh_iid,256,0.32396494441071766,0.32979564680434725
s9316_r4_n750_a375,confirmatory,9316,4,0.75,0.375,joint_forward_feedback,comb_contiguous_k8,comb_contiguous,comb,8,1.1,1.0,1.0,64,64,64,fresh_iid,256,0.2833089825543267,0.2870821948269296
s9316_r8_n000_a125,confirmatory,9316,8,0.0,0.125,feedback_only,balanced_contiguous_k1,balanced_contiguous,balanced,1,0.1737418407321983,0.125,0.487418407321983,64,64,8,fixed_cache,16,0.4568583030546339,0.4510831262351225
s9316_r8_n000_a125,confirmatory,9316,8,0.0,0.125,feedback_only,balanced_contiguous_k2,balanced_contiguous,balanced,2,0.2987418407321983,0.25,0.487418407321983,64,64,16,fixed_cache,16,0.42220157732552044,0.41776016262990456
s9316_r8_n000_a125,confirmatory,9316,8,0.0,0.125,feedback_only,balanced_contiguous_k4,balanced_contiguous,balanced,4,0.5487418407321983,0.5,0.487418407321983,64,64,32,fixed_cache,16,0.32140953078908585,0.32046350390484546
s9316_r8_n000_a125,confirmatory,9316,8,0.0,0.125,feedback_only,balanced_contiguous_k8,balanced_contiguous,balanced,8,1.0487418407321982,1.0,0.487418407321983,64,64,64,fixed_cache,16,0.13452957349637715,0.1322437654863164
s9316_r8_n000_a125,confirmatory,9316,8,0.0,0.125,feedback_only,balanced_interleaved_k1,balanced_interleaved,balanced,1,0.19088469787505546,0.125,0.6588469787505544,64,64,8,fixed_cache,16,0.4568583030546339,0.4510831262351225
s9316_r8_n000_a125,confirmatory,9316,8,0.0,0.125,feedback_only,balanced_interleaved_k2,balanced_interleaved,balanced,2,0.31588469787505546,0.25,0.6588469787505544,64,64,16,fixed_cache,16,0.4061933470927798,0.39652267797598073
s9316_r8_n000_a125,confirmatory,9316,8,0.0,0.125,feedback_only,balanced_interleaved_k4,balanced_interleaved,balanced,4,0.5658846978750555,0.5,0.6588469787505544,64,64,32,fixed_cache,16,0.31998142198835083,0.3116624757965847
s9316_r8_n000_a125,confirmatory,9316,8,0.0,0.125,feedback_only,balanced_interleaved_k8,balanced_interleaved,balanced,8,1.0658846978750554,1.0,0.6588469787505544,64,64,64,fixed_cache,16,0.13452957349637715,0.1322437654863164
s9316_r8_n000_a125,confirmatory,9316,8,0.0,0.125,feedback_only,balanced_permutation_a_k1,balanced_permutation_a,balanced,1,0.18899250811836066,0.125,0.6399250811836067,64,64,8,fixed_cache,16,0.4568583030546339,0.4510831262351225
s9316_r8_n000_a125,confirmatory,9316,8,0.0,0.125,feedback_only,balanced_permutation_a_k2,balanced_permutation_a,balanced,2,0.31399250811836066,0.25,0.6399250811836067,64,64,16,fixed_cache,16,0.4147268661962598,0.40400212624912313
s9316_r8_n000_a125,confirmatory,9316,8,0.0,0.125,feedback_only,balanced_permutation_a_k4,balanced_permutation_a,balanced,4,0.5639925081183607,0.5,0.6399250811836067,64,64,32,fixed_cache,16,0.31233504597583817,0.30823495352554
s9316_r8_n000_a125,confirmatory,9316,8,0.0,0.125,feedback_only,balanced_permutation_a_k8,balanced_permutation_a,balanced,8,1.0639925081183608,1.0,0.6399250811836067,64,64,64,fixed_cache,16,0.13452957349637715,0.1322437654863164
s9316_r8_n000_a125,confirmatory,9316,8,0.0,0.125,feedback_only,balanced_permutation_b_k1,balanced_permutation_b,balanced,1,0.18840039778945986,0.125,0.6340039778945984,64,64,8,fixed_cache,16,0.4568583030546339,0.4510831262351225
s9316_r8_n000_a125,confirmatory,9316,8,0.0,0.125,feedback_only,balanced_permutation_b_k2,balanced_permutation_b,balanced,2,0.31340039778945983,0.25,0.6340039778945984,64,64,16,fixed_cache,16,0.4038756744398929,0.40171461269255215
s9316_r8_n000_a125,confirmatory,9316,8,0.0,0.125,feedback_only,balanced_permutation_b_k4,balanced_permutation_b,balanced,4,0.5634003977894598,0.5,0.6340039778945984,64,64,32,fixed_cache,16,0.3110091845090368,0.307174100015524
s9316_r8_n000_a125,confirmatory,9316,8,0.0,0.125,feedback_only,balanced_permutation_b_k8,balanced_permutation_b,balanced,8,1.06340039778946,1.0,0.6340039778945984,64,64,64,fixed_cache,16,0.13452957349637715,0.1322437654863164
s9316_r8_n000_a125,confirmatory,9316,8,0.0,0.125,feedback_only,comb_contiguous_k1,comb_contiguous,comb,1,0.225,0.125,1.0,64,64,8,fixed_cache,16,0.4568583030546339,0.4510831262351225
s9316_r8_n000_a125,confirmatory,9316,8,0.0,0.125,feedback_only,comb_contiguous_k2,comb_contiguous,comb,2,0.35,0.25,1.0,64,64,16,fixed_cache,16,0.41077547075971577,0.4019202363351135
s9316_r8_n000_a125,confirmatory,9316,8,0.0,0.125,feedback_only,comb_contiguous_k4,comb_contiguous,comb,4,0.6,0.5,1.0,64,64,32,fixed_cache,16,0.33223702000485855,0.32603891932081275
s9316_r8_n000_a125,confirmatory,9316,8,0.0,0.125,feedback_only,comb_contiguous_k8,comb_contiguous,comb,8,1.1,1.0,1.0,64,64,64,fixed_cache,16,0.13452957349637715,0.1322437654863164
s9316_r8_n000_a125,confirmatory,9316,8,0.0,0.125,feedback_only,balanced_contiguous_k1,balanced_contiguous,balanced,1,0.1737418407321983,0.125,0.487418407321983,64,64,8,fixed_cache,64,0.4442518986373757,0.43954746698149605
s9316_r8_n000_a125,confirmatory,9316,8,0.0,0.125,feedback_only,balanced_contiguous_k2,balanced_contiguous,balanced,2,0.2987418407321983,0.25,0.487418407321983,64,64,16,fixed_cache,64,0.38224038106409114,0.3785367762611085
s9316_r8_n000_a125,confirmatory,9316,8,0.0,0.125,feedback_only,balanced_contiguous_k4,balanced_contiguous,balanced,4,0.5487418407321983,0.5,0.487418407321983,64,64,32,fixed_cache,64,0.25054350993800445,0.2533732687032114
s9316_r8_n000_a125,confirmatory,9316,8,0.0,0.125,feedback_only,balanced_contiguous_k8,balanced_contiguous,balanced,8,1.0487418407321982,1.0,0.487418407321983,64,64,64,fixed_cache,64,0.003830667413360394,0.003767086220264033
s9316_r8_n000_a125,confirmatory,9316,8,0.0,0.125,feedback_only,balanced_interleaved_k1,balanced_interleaved,balanced,1,0.19088469787505546,0.125,0.6588469787505544,64,64,8,fixed_cache,64,0.4442518986373757,0.43954746698149605
s9316_r8_n000_a125,confirmatory,9316,8,0.0,0.125,feedback_only,balanced_interleaved_k2,balanced_interleaved,balanced,2,0.31588469787505546,0.25,0.6588469787505544,64,64,16,fixed_cache,64,0.39218829964289015,0.3815096675103633
s9316_r8_n000_a125,confirmatory,9316,8,0.0,0.125,feedback_only,balanced_interleaved_k4,balanced_interleaved,balanced,4,0.5658846978750555,0.5,0.6588469787505544,64,64,32,fixed_cache,64,0.2729895565711977,0.2672860401925541
s9316_r8_n000_a125,confirmatory,9316,8,0.0,0.125,feedback_only,balanced_interleaved_k8,balanced_interleaved,balanced,8,1.0658846978750554,1.0,0.6588469787505544,64,64,64,fixed_cache,64,0.003830667413360394,0.003767086220264033
s9316_r8_n000_a125,confirmatory,9316,8,0.0,0.125,feedback_only,balanced_permutation_a_k1,balanced_permutation_a,balanced,1,0.18899250811836066,0.125,0.6399250811836067,64,64,8,fixed_cache,64,0.4442518986373757,0.43954746698149605
s9316_r8_n000_a125,confirmatory,9316,8,0.0,0.125,feedback_only,balanced_permutation_a_k2,balanced_permutation_a,balanced,2,0.31399250811836066,0.25,0.6399250811836067,64,64,16,fixed_cache,64,0.39156306866998797,0.3812279598768905
s9316_r8_n000_a125,confirmatory,9316,8,0.0,0.125,feedback_only,balanced_permutation_a_k4,balanced_permutation_a,balanced,4,0.5639925081183607,0.5,0.6399250811836067,64,64,32,fixed_cache,64,0.2567291907096206,0.25874852288034655
s9316_r8_n000_a125,confirmatory,9316,8,0.0,0.125,feedback_only,balanced_permutation_a_k8,balanced_permutation_a,balanced,8,1.0639925081183608,1.0,0.6399250811836067,64,64,64,fixed_cache,64,0.003830667413360394,0.003767086220264033
s9316_r8_n000_a125,confirmatory,9316,8,0.0,0.125,feedback_only,balanced_permutation_b_k1,balanced_permutation_b,balanced,1,0.18840039778945986,0.125,0.6340039778945984,64,64,8,fixed_cache,64,0.4442518986373757,0.43954746698149605
s9316_r8_n000_a125,confirmatory,9316,8,0.0,0.125,feedback_only,balanced_permutation_b_k2,balanced_permutation_b,balanced,2,0.31340039778945983,0.25,0.6340039778945984,64,64,16,fixed_cache,64,0.3833671996688838,0.38301500982329806
s9316_r8_n000_a125,confirmatory,9316,8,0.0,0.125,feedback_only,balanced_permutation_b_k4,balanced_permutation_b,balanced,4,0.5634003977894598,0.5,0.6340039778945984,64,64,32,fixed_cache,64,0.2678198414003534,0.26189254329453393
s9316_r8_n000_a125,confirmatory,9316,8,0.0,0.125,feedback_only,balanced_permutation_b_k8,balanced_permutation_b,balanced,8,1.06340039778946,1.0,0.6340039778945984,64,64,64,fixed_cache,64,0.003830667413360394,0.003767086220264033
s9316_r8_n000_a125,confirmatory,9316,8,0.0,0.125,feedback_only,comb_contiguous_k1,comb_contiguous,comb,1,0.225,0.125,1.0,64,64,8,fixed_cache,64,0.4442518986373757,0.43954746698149605
s9316_r8_n000_a125,confirmatory,9316,8,0.0,0.125,feedback_only,comb_contiguous_k2,comb_contiguous,comb,2,0.35,0.25,1.0,64,64,16,fixed_cache,64,0.38676388219097324,0.37833625174525987
s9316_r8_n000_a125,confirmatory,9316,8,0.0,0.125,feedback_only,comb_contiguous_k4,comb_contiguous,comb,4,0.6,0.5,1.0,64,64,32,fixed_cache,64,0.26133146348364467,0.25884431809775293
s9316_r8_n000_a125,confirmatory,9316,8,0.0,0.125,feedback_only,comb_contiguous_k8,comb_contiguous,comb,8,1.1,1.0,1.0,64,64,64,fixed_cache,64,0.003830667413360394,0.003767086220264033
s9316_r8_n000_a125,confirmatory,9316,8,0.0,0.125,feedback_only,balanced_contiguous_k1,balanced_contiguous,balanced,1,0.1737418407321983,0.125,0.487418407321983,64,64,8,fixed_cache,256,0.4443492914122565,0.4389110895676933
s9316_r8_n000_a125,confirmatory,9316,8,0.0,0.125,feedback_only,balanced_contiguous_k2,balanced_contiguous,balanced,2,0.2987418407321983,0.25,0.487418407321983,64,64,16,fixed_cache,256,0.38430958729173226,0.38080304054187625
s9316_r8_n000_a125,confirmatory,9316,8,0.0,0.125,feedback_only,balanced_contiguous_k4,balanced_contiguous,balanced,4,0.5487418407321983,0.5,0.487418407321983,64,64,32,fixed_cache,256,0.2528445887799574,0.2549177992057475
s9316_r8_n000_a125,confirmatory,9316,8,0.0,0.125,feedback_only,balanced_contiguous_k8,balanced_contiguous,balanced,8,1.0487418407321982,1.0,0.487418407321983,64,64,64,fixed_cache,256,1.496435869102737e-07,1.4530687921212543e-07
s9316_r8_n000_a125,confirmatory,9316,8,0.0,0.125,feedback_only,balanced_interleaved_k1,balanced_interleaved,balanced,1,0.19088469787505546,0.125,0.6588469787505544,64,64,8,fixed_cache,256,0.4443492914122565,0.4389110895676933
s9316_r8_n000_a125,confirmatory,9316,8,0.0,0.125,feedback_only,balanced_interleaved_k2,balanced_interleaved,balanced,2,0.31588469787505546,0.25,0.6588469787505544,64,64,16,fixed_cache,256,0.3928503576342723,0.37955740112117153
s9316_r8_n000_a125,confirmatory,9316,8,0.0,0.125,feedback_only,balanced_interleaved_k4,balanced_interleaved,balanced,4,0.5658846978750555,0.5,0.6588469787505544,64,64,32,fixed_cache,256,0.2654550891683748,0.2604690811491581
s9316_r8_n000_a125,confirmatory,9316,8,0.0,0.125,feedback_only,balanced_interleaved_k8,balanced_interleaved,balanced,8,1.0658846978750554,1.0,0.6588469787505544,64,64,64,fixed_cache,256,1.496435869102737e-07,1.4530687921212543e-07
s9316_r8_n000_a125,confirmatory,9316,8,0.0,0.125,feedback_only,balanced_permutation_a_k1,balanced_permutation_a,balanced,1,0.18899250811836066,0.125,0.6399250811836067,64,64,8,fixed_cache,256,0.4443492914122565,0.4389110895676933
s9316_r8_n000_a125,confirmatory,9316,8,0.0,0.125,feedback_only,balanced_permutation_a_k2,balanced_permutation_a,balanced,2,0.31399250811836066,0.25,0.6399250811836067,64,64,16,fixed_cache,256,0.38997032840057627,0.38067178842921895
s9316_r8_n000_a125,confirmatory,9316,8,0.0,0.125,feedback_only,balanced_permutation_a_k4,balanced_permutation_a,balanced,4,0.5639925081183607,0.5,0.6399250811836067,64,64,32,fixed_cache,256,0.25756971944595186,0.2602351466871854
s9316_r8_n000_a125,confirmatory,9316,8,0.0,0.125,feedback_only,balanced_permutation_a_k8,balanced_permutation_a,balanced,8,1.0639925081183608,1.0,0.6399250811836067,64,64,64,fixed_cache,256,1.496435869102737e-07,1.4530687921212543e-07
s9316_r8_n000_a125,confirmatory,9316,8,0.0,0.125,feedback_only,balanced_permutation_b_k1,balanced_permutation_b,balanced,1,0.18840039778945986,0.125,0.6340039778945984,64,64,8,fixed_cache,256,0.4443492914122565,0.4389110895676933
s9316_r8_n000_a125,confirmatory,9316,8,0.0,0.125,feedback_only,balanced_permutation_b_k2,balanced_permutation_b,balanced,2,0.31340039778945983,0.25,0.6340039778945984,64,64,16,fixed_cache,256,0.3788000943347789,0.37824526982801954
s9316_r8_n000_a125,confirmatory,9316,8,0.0,0.125,feedback_only,balanced_permutation_b_k4,balanced_permutation_b,balanced,4,0.5634003977894598,0.5,0.6340039778945984,64,64,32,fixed_cache,256,0.26264600792701576,0.2566849760586981
s9316_r8_n000_a125,confirmatory,9316,8,0.0,0.125,feedback_only,balanced_permutation_b_k8,balanced_permutation_b,balanced,8,1.06340039778946,1.0,0.6340039778945984,64,64,64,fixed_cache,256,1.496435869102737e-07,1.4530687921212543e-07
s9316_r8_n000_a125,confirmatory,9316,8,0.0,0.125,feedback_only,comb_contiguous_k1,comb_contiguous,comb,1,0.225,0.125,1.0,64,64,8,fixed_cache,256,0.4443492914122565,0.4389110895676933
s9316_r8_n000_a125,confirmatory,9316,8,0.0,0.125,feedback_only,comb_contiguous_k2,comb_contiguous,comb,2,0.35,0.25,1.0,64,64,16,fixed_cache,256,0.3858321971462385,0.37707437686200973
s9316_r8_n000_a125,confirmatory,9316,8,0.0,0.125,feedback_only,comb_contiguous_k4,comb_contiguous,comb,4,0.6,0.5,1.0,64,64,32,fixed_cache,256,0.25623377716926926,0.254503164194253
s9316_r8_n000_a125,confirmatory,9316,8,0.0,0.125,feedback_only,comb_contiguous_k8,comb_contiguous,comb,8,1.1,1.0,1.0,64,64,64,fixed_cache,256,1.496435869102737e-07,1.4530687921212543e-07
s9316_r8_n000_a125,confirmatory,9316,8,0.0,0.125,feedback_only,balanced_contiguous_k1,balanced_contiguous,balanced,1,0.1737418407321983,0.125,0.487418407321983,64,64,8,fresh_iid,16,0.46477070427880374,0.4596493212936499
s9316_r8_n000_a125,confirmatory,9316,8,0.0,0.125,feedback_only,balanced_contiguous_k2,balanced_contiguous,balanced,2,0.2987418407321983,0.25,0.487418407321983,64,64,16,fresh_iid,16,0.41361278869872564,0.41149902538300936
s9316_r8_n000_a125,confirmatory,9316,8,0.0,0.125,feedback_only,balanced_contiguous_k4,balanced_contiguous,balanced,4,0.5487418407321983,0.5,0.487418407321983,64,64,32,fresh_iid,16,0.3295919784342216,0.3294684460418619
s9316_r8_n000_a125,confirmatory,9316,8,0.0,0.125,feedback_only,balanced_contiguous_k8,balanced_contiguous,balanced,8,1.0487418407321982,1.0,0.487418407321983,64,64,64,fresh_iid,16,0.15429716979192187,0.15466468940177092
s9316_r8_n000_a125,confirmatory,9316,8,0.0,0.125,feedback_only,balanced_interleaved_k1,balanced_interleaved,balanced,1,0.19088469787505546,0.125,0.6588469787505544,64,64,8,fresh_iid,16,0.46477070427880374,0.4596493212936499
s9316_r8_n000_a125,confirmatory,9316,8,0.0,0.125,feedback_only,balanced_interleaved_k2,balanced_interleaved,balanced,2,0.31588469787505546,0.25,0.6588469787505544,64,64,16,fresh_iid,16,0.4288383810267396,0.42262599366898745
s9316_r8_n000_a125,confirmatory,9316,8,0.0,0.125,feedback_only,balanced_interleaved_k4,balanced_interleaved,balanced,4,0.5658846978750555,0.5,0.6588469787505544,64,64,32,fresh_iid,16,0.3397173106001786,0.33804794915717695
s9316_r8_n000_a125,confirmatory,9316,8,0.0,0.125,feedback_only,balanced_interleaved_k8,balanced_interleaved,balanced,8,1.0658846978750554,1.0,0.6588469787505544,64,64,64,fresh_iid,16,0.15429716979192187,0.15466468940177092
s9316_r8_n000_a125,confirmatory,9316,8,0.0,0.125,feedback_only,balanced_permutation_a_k1,balanced_permutation_a,balanced,1,0.18899250811836066,0.125,0.6399250811836067,64,64,8,fresh_iid,16,0.46477070427880374,0.4596493212936499
s9316_r8_n000_a125,confirmatory,9316,8,0.0,0.125,feedback_only,balanced_permutation_a_k2,balanced_permutation_a,balanced,2,0.31399250811836066,0.25,0.6399250811836067,64,64,16,fresh_iid,16,0.4256985160936706,0.4187808723072089
s9316_r8_n000_a125,confirmatory,9316,8,0.0,0.125,feedback_only,balanced_permutation_a_k4,balanced_permutation_a,balanced,4,0.5639925081183607,0.5,0.6399250811836067,64,64,32,fresh_iid,16,0.33823284958505895,0.3362983685174875
s9316_r8_n000_a125,confirmatory,9316,8,0.0,0.125,feedback_only,balanced_permutation_a_k8,balanced_permutation_a,balanced,8,1.0639925081183608,1.0,0.6399250811836067,64,64,64,fresh_iid,16,0.15429716979192187,0.15466468940177092
s9316_r8_n000_a125,confirmatory,9316,8,0.0,0.125,feedback_only,balanced_permutation_b_k1,balanced_permutation_b,balanced,1,0.18840039778945986,0.125,0.6340039778945984,64,64,8,fresh_iid,16,0.46477070427880374,0.4596493212936499
s9316_r8_n000_a125,confirmatory,9316,8,0.0,0.125,feedback_only,balanced_permutation_b_k2,balanced_permutation_b,balanced,2,0.31340039778945983,0.25,0.6340039778945984,64,64,16,fresh_iid,16,0.41697766319906643,0.4172850855275444
s9316_r8_n000_a125,confirmatory,9316,8,0.0,0.125,feedback_only,balanced_permutation_b_k4,balanced_permutation_b,balanced,4,0.5634003977894598,0.5,0.6340039778945984,64,64,32,fresh_iid,16,0.3413805675943454,0.33736217165272336
s9316_r8_n000_a125,confirmatory,9316,8,0.0,0.125,feedback_only,balanced_permutation_b_k8,balanced_permutation_b,balanced,8,1.06340039778946,1.0,0.6340039778945984,64,64,64,fresh_iid,16,0.15429716979192187,0.15466468940177092
s9316_r8_n000_a125,confirmatory,9316,8,0.0,0.125,feedback_only,comb_contiguous_k1,comb_contiguous,comb,1,0.225,0.125,1.0,64,64,8,fresh_iid,16,0.46477070427880374,0.4596493212936499
s9316_r8_n000_a125,confirmatory,9316,8,0.0,0.125,feedback_only,comb_contiguous_k2,comb_contiguous,comb,2,0.35,0.25,1.0,64,64,16,fresh_iid,16,0.42670090398367005,0.4193620575849961
s9316_r8_n000_a125,confirmatory,9316,8,0.0,0.125,feedback_only,comb_contiguous_k4,comb_contiguous,comb,4,0.6,0.5,1.0,64,64,32,fresh_iid,16,0.33876491944456133,0.3364674023264389
s9316_r8_n000_a125,confirmatory,9316,8,0.0,0.125,feedback_only,comb_contiguous_k8,comb_contiguous,comb,8,1.1,1.0,1.0,64,64,64,fresh_iid,16,0.15429716979192187,0.15466468940177092
s9316_r8_n000_a125,confirmatory,9316,8,0.0,0.125,feedback_only,balanced_contiguous_k1,balanced_contiguous,balanced,1,0.1737418407321983,0.125,0.487418407321983,64,64,8,fresh_iid,64,0.44353397642049,0.4382394750232228
s9316_r8_n000_a125,confirmatory,9316,8,0.0,0.125,feedback_only,balanced_contiguous_k2,balanced_contiguous,balanced,2,0.2987418407321983,0.25,0.487418407321983,64,64,16,fresh_iid,64,0.37860211039404035,0.3760310138446443
s9316_r8_n000_a125,confirmatory,9316,8,0.0,0.125,feedback_only,balanced_contiguous_k4,balanced_contiguous,balanced,4,0.5487418407321983,0.5,0.487418407321983,64,64,32,fresh_iid,64,0.2498488072481494,0.25207654535900426
s9316_r8_n000_a125,confirmatory,9316,8,0.0,0.125,feedback_only,balanced_contiguous_k8,balanced_contiguous,balanced,8,1.0487418407321982,1.0,0.487418407321983,64,64,64,fresh_iid,64,0.0023939657670975275,0.0024008624584659004
s9316_r8_n000_a125,confirmatory,9316,8,0.0,0.125,feedback_only,balanced_interleaved_k1,balanced_interleaved,balanced,1,0.19088469787505546,0.125,0.6588469787505544,64,64,8,fresh_iid,64,0.44353397642049,0.4382394750232228
s9316_r8_n000_a125,confirmatory,9316,8,0.0,0.125,feedback_only,balanced_interleaved_k2,balanced_interleaved,balanced,2,0.31588469787505546,0.25,0.6588469787505544,64,64,16,fresh_iid,64,0.38794236962053286,0.37980995279932583
s9316_r8_n000_a125,confirmatory,9316,8,0.0,0.125,feedback_only,balanced_interleaved_k4,balanced_interleaved,balanced,4,0.5658846978750555,0.5,0.6588469787505544,64,64,32,fresh_iid,64,0.2605514123787237,0.25825831392194953
s9316_r8_n000_a125,confirmatory,9316,8,0.0,0.125,feedback_only,balanced_interleaved_k8,balanced_interleaved,balanced,8,1.0658846978750554,1.0,0.6588469787505544,64,64,64,fresh_iid,64,0.0023939657670975275,0.0024008624584659004
s9316_r8_n000_a125,confirmatory,9316,8,0.0,0.125,feedback_only,balanced_permutation_a_k1,balanced_permutation_a,balanced,1,0.18899250811836066,0.125,0.6399250811836067,64,64,8,fresh_iid,64,0.44353397642049,0.4382394750232228
s9316_r8_n000_a125,confirmatory,9316,8,0.0,0.125,feedback_only,balanced_permutation_a_k2,balanced_permutation_a,balanced,2,0.31399250811836066,0.25,0.6399250811836067,64,64,16,fresh_iid,64,0.3867524721804214,0.37848584763032883
s9316_r8_n000_a125,confirmatory,9316,8,0.0,0.125,feedback_only,balanced_permutation_a_k4,balanced_permutation_a,balanced,4,0.5639925081183607,0.5,0.6399250811836067,64,64,32,fresh_iid,64,0.2520963856386884,0.25573406551235045
s9316_r8_n000_a125,confirmatory,9316,8,0.0,0.125,feedback_only,balanced_permutation_a_k8,balanced_permutation_a,balanced,8,1.0639925081183608,1.0,0.6399250811836067,64,64,64,fresh_iid,64,0.0023939657670975275,0.0024008624584659004
s9316_r8_n000_a125,confirmatory,9316,8,0.0,0.125,feedback_only,balanced_permutation_b_k1,balanced_permutation_b,balanced,1,0.18840039778945986,0.125,0.6340039778945984,64,64,8,fresh_iid,64,0.44353397642049,0.4382394750232228
s9316_r8_n000_a125,confirmatory,9316,8,0.0,0.125,feedback_only,balanced_permutation_b_k2,balanced_permutation_b,balanced,2,0.31340039778945983,0.25,0.6340039778945984,64,64,16,fresh_iid,64,0.3774012777604745,0.3786546165471879
s9316_r8_n000_a125,confirmatory,9316,8,0.0,0.125,feedback_only,balanced_permutation_b_k4,balanced_permutation_b,balanced,4,0.5634003977894598,0.5,0.6340039778945984,64,64,32,fresh_iid,64,0.2595370193392716,0.25521490018878135
s9316_r8_n000_a125,confirmatory,9316,8,0.0,0.125,feedback_only,balanced_permutation_b_k8,balanced_permutation_b,balanced,8,1.06340039778946,1.0,0.6340039778945984,64,64,64,fresh_iid,64,0.0023939657670975275,0.0024008624584659004
s9316_r8_n000_a125,confirmatory,9316,8,0.0,0.125,feedback_only,comb_contiguous_k1,comb_contiguous,comb,1,0.225,0.125,1.0,64,64,8,fresh_iid,64,0.44353397642049,0.4382394750232228
s9316_r8_n000_a125,confirmatory,9316,8,0.0,0.125,feedback_only,comb_contiguous_k2,comb_contiguous,comb,2,0.35,0.25,1.0,64,64,16,fresh_iid,64,0.3863709577668374,0.3772398767205096
s9316_r8_n000_a125,confirmatory,9316,8,0.0,0.125,feedback_only,comb_contiguous_k4,comb_contiguous,comb,4,0.6,0.5,1.0,64,64,32,fresh_iid,64,0.25531334079878815,0.2532158095322463
s9316_r8_n000_a125,confirmatory,9316,8,0.0,0.125,feedback_only,comb_contiguous_k8,comb_contiguous,comb,8,1.1,1.0,1.0,64,64,64,fresh_iid,64,0.0023939657670975275,0.0024008624584659004
s9316_r8_n000_a125,confirmatory,9316,8,0.0,0.125,feedback_only,balanced_contiguous_k1,balanced_contiguous,balanced,1,0.1737418407321983,0.125,0.487418407321983,64,64,8,fresh_iid,256,0.442877757938542,0.437703835521538
s9316_r8_n000_a125,confirmatory,9316,8,0.0,0.125,feedback_only,balanced_contiguous_k2,balanced_contiguous,balanced,2,0.2987418407321983,0.25,0.487418407321983,64,64,16,fresh_iid,256,0.3788268678952031,0.3760798244338053
s9316_r8_n000_a125,confirmatory,9316,8,0.0,0.125,feedback_only,balanced_contiguous_k4,balanced_contiguous,balanced,4,0.5487418407321983,0.5,0.487418407321983,64,64,32,fresh_iid,256,0.2488315580339978,0.25080528818070863
s9316_r8_n000_a125,confirmatory,9316,8,0.0,0.125,feedback_only,balanced_contiguous_k8,balanced_contiguous,balanced,8,1.0487418407321982,1.0,0.487418407321983,64,64,64,fresh_iid,256,2.1121871571964792e-10,1.9889539725473782e-10
s9316_r8_n000_a125,confirmatory,9316,8,0.0,0.125,feedback_only,balanced_interleaved_k1,balanced_interleaved,balanced,1,0.19088469787505546,0.125,0.6588469787505544,64,64,8,fresh_iid,256,0.442877757938542,0.437703835521538
s9316_r8_n000_a125,confirmatory,9316,8,0.0,0.125,feedback_only,balanced_interleaved_k2,balanced_interleaved,balanced,2,0.31588469787505546,0.25,0.6588469787505544,64,64,16,fresh_iid,256,0.38631061867567223,0.3767079717943113
s9316_r8_n000_a125,confirmatory,9316,8,0.0,0.125,feedback_only,balanced_interleaved_k4,balanced_interleaved,balanced,4,0.5658846978750555,0.5,0.6588469787505544,64,64,32,fresh_iid,256,0.2604247042062796,0.25455821875012585
s9316_r8_n000_a125,confirmatory,9316,8,0.0,0.125,feedback_only,balanced_interleaved_k8,balanced_interleaved,balanced,8,1.0658846978750554,1.0,0.6588469787505544,64,64,64,fresh_iid,256,2.1121871571964792e-10,1.9889539725473782e-10
s9316_r8_n000_a125,confirmatory,9316,8,0.0,0.125,feedback_only,balanced_permutation_a_k1,balanced_permutation_a,balanced,1,0.18899250811836066,0.125,0.6399250811836067,64,64,8,fresh_iid,256,0.442877757938542,0.437703835521538
s9316_r8_n000_a125,confirmatory,9316,8,0.0,0.125,feedback_only,balanced_permutation_a_k2,balanced_permutation_a,balanced,2,0.31399250811836066,0.25,0.6399250811836067,64,64,16,fresh_iid,256,0.3857387135823034,0.3771188214244384
s9316_r8_n000_a125,confirmatory,9316,8,0.0,0.125,feedback_only,balanced_permutation_a_k4,balanced_permutation_a,balanced,4,0.5639925081183607,0.5,0.6399250811836067,64,64,32,fresh_iid,256,0.2503396389078656,0.2531003940710095
s9316_r8_n000_a125,confirmatory,9316,8,0.0,0.125,feedback_only,balanced_permutation_a_k8,balanced_permutation_a,balanced,8,1.0639925081183608,1.0,0.6399250811836067,64,64,64,fresh_iid,256,2.1121871571964792e-10,1.9889539725473782e-10
s9316_r8_n000_a125,confirmatory,9316,8,0.0,0.125,feedback_only,balanced_permutation_b_k1,balanced_permutation_b,balanced,1,0.18840039778945986,0.125,0.6340039778945984,64,64,8,fresh_iid,256,0.442877757938542,0.437703835521538
s9316_r8_n000_a125,confirmatory,9316,8,0.0,0.125,feedback_only,balanced_permutation_b_k2,balanced_permutation_b,balanced,2,0.31340039778945983,0.25,0.6340039778945984,64,64,16,fresh_iid,256,0.37817934877239423,0.377531066364855
s9316_r8_n000_a125,confirmatory,9316,8,0.0,0.125,feedback_only,balanced_permutation_b_k4,balanced_permutation_b,balanced,4,0.5634003977894598,0.5,0.6340039778945984,64,64,32,fresh_iid,256,0.26138239647994277,0.2556663265743454
s9316_r8_n000_a125,confirmatory,9316,8,0.0,0.125,feedback_only,balanced_permutation_b_k8,balanced_permutation_b,balanced,8,1.06340039778946,1.0,0.6340039778945984,64,64,64,fresh_iid,256,2.1121871571964792e-10,1.9889539725473782e-10
s9316_r8_n000_a125,confirmatory,9316,8,0.0,0.125,feedback_only,comb_contiguous_k1,comb_contiguous,comb,1,0.225,0.125,1.0,64,64,8,fresh_iid,256,0.442877757938542,0.437703835521538
s9316_r8_n000_a125,confirmatory,9316,8,0.0,0.125,feedback_only,comb_contiguous_k2,comb_contiguous,comb,2,0.35,0.25,1.0,64,64,16,fresh_iid,256,0.3852551860826034,0.37673802717289995
s9316_r8_n000_a125,confirmatory,9316,8,0.0,0.125,feedback_only,comb_contiguous_k4,comb_contiguous,comb,4,0.6,0.5,1.0,64,64,32,fresh_iid,256,0.2561033511371676,0.2537623779058371
s9316_r8_n000_a125,confirmatory,9316,8,0.0,0.125,feedback_only,comb_contiguous_k8,comb_contiguous,comb,8,1.1,1.0,1.0,64,64,64,fresh_iid,256,2.1121871571964792e-10,1.9889539725473782e-10
s9316_r8_n000_a125,confirmatory,9316,8,0.0,0.125,joint_forward_feedback,balanced_contiguous_k1,balanced_contiguous,balanced,1,0.1737418407321983,0.125,0.487418407321983,64,64,8,fixed_cache,16,0.47046398716350923,0.464867063259208
s9316_r8_n000_a125,confirmatory,9316,8,0.0,0.125,joint_forward_feedback,balanced_contiguous_k2,balanced_contiguous,balanced,2,0.2987418407321983,0.25,0.487418407321983,64,64,16,fixed_cache,16,0.44835646948811125,0.4437256590521355
s9316_r8_n000_a125,confirmatory,9316,8,0.0,0.125,joint_forward_feedback,balanced_contiguous_k4,balanced_contiguous,balanced,4,0.5487418407321983,0.5,0.487418407321983,64,64,32,fixed_cache,16,0.38190192741445467,0.37924702103756774
s9316_r8_n000_a125,confirmatory,9316,8,0.0,0.125,joint_forward_feedback,balanced_contiguous_k8,balanced_contiguous,balanced,8,1.0487418407321982,1.0,0.487418407321983,64,64,64,fixed_cache,16,0.2962274828383123,0.292729622786861
s9316_r8_n000_a125,confirmatory,9316,8,0.0,0.125,joint_forward_feedback,balanced_interleaved_k1,balanced_interleaved,balanced,1,0.19088469787505546,0.125,0.6588469787505544,64,64,8,fixed_cache,16,0.46676209003413094,0.46108806803617114
s9316_r8_n000_a125,confirmatory,9316,8,0.0,0.125,joint_forward_feedback,balanced_interleaved_k2,balanced_interleaved,balanced,2,0.31588469787505546,0.25,0.6588469787505544,64,64,16,fixed_cache,16,0.424571373169507,0.4158740333996961
s9316_r8_n000_a125,confirmatory,9316,8,0.0,0.125,joint_forward_feedback,balanced_interleaved_k4,balanced_interleaved,balanced,4,0.5658846978750555,0.5,0.6588469787505544,64,64,32,fixed_cache,16,0.36003314579277956,0.35242337183987094
s9316_r8_n000_a125,confirmatory,9316,8,0.0,0.125,joint_forward_feedback,balanced_interleaved_k8,balanced_interleaved,balanced,8,1.0658846978750554,1.0,0.6588469787505544,64,64,64,fixed_cache,16,0.23921951266100988,0.23507208868126675
s9316_r8_n000_a125,confirmatory,9316,8,0.0,0.125,joint_forward_feedback,balanced_permutation_a_k1,balanced_permutation_a,balanced,1,0.18899250811836066,0.125,0.6399250811836067,64,64,8,fixed_cache,16,0.4670152964192751,0.46164804532082093
s9316_r8_n000_a125,confirmatory,9316,8,0.0,0.125,joint_forward_feedback,balanced_permutation_a_k2,balanced_permutation_a,balanced,2,0.31399250811836066,0.25,0.6399250811836067,64,64,16,fixed_cache,16,0.43339924391253454,0.424217459000283
s9316_r8_n000_a125,confirmatory,9316,8,0.0,0.125,joint_forward_feedback,balanced_permutation_a_k4,balanced_permutation_a,balanced,4,0.5639925081183607,0.5,0.6399250811836067,64,64,32,fixed_cache,16,0.3575745803542907,0.3530106479135666
s9316_r8_n000_a125,confirmatory,9316,8,0.0,0.125,joint_forward_feedback,balanced_permutation_a_k8,balanced_permutation_a,balanced,8,1.0639925081183608,1.0,0.6399250811836067,64,64,64,fixed_cache,16,0.24620772928308424,0.24265671481553547
s9316_r8_n000_a125,confirmatory,9316,8,0.0,0.125,joint_forward_feedback,balanced_permutation_b_k1,balanced_permutation_b,balanced,1,0.18840039778945986,0.125,0.6340039778945984,64,64,8,fixed_cache,16,0.46723245362999644,0.4616137077877104
s9316_r8_n000_a125,confirmatory,9316,8,0.0,0.125,joint_forward_feedback,balanced_permutation_b_k2,balanced_permutation_b,balanced,2,0.31340039778945983,0.25,0.6340039778945984,64,64,16,fixed_cache,16,0.42602825064033356,0.42310083873141424
s9316_r8_n000_a125,confirmatory,9316,8,0.0,0.125,joint_forward_feedback,balanced_permutation_b_k4,balanced_permutation_b,balanced,4,0.5634003977894598,0.5,0.6340039778945984,64,64,32,fixed_cache,16,0.35455904233162105,0.35073316139482036
s9316_r8_n000_a125,confirmatory,9316,8,0.0,0.125,joint_forward_feedback,balanced_permutation_b_k8,balanced_permutation_b,balanced,8,1.06340039778946,1.0,0.6340039778945984,64,64,64,fixed_cache,16,0.2448714532726167,0.2406724818568256
s9316_r8_n000_a125,confirmatory,9316,8,0.0,0.125,joint_forward_feedback,comb_contiguous_k1,comb_contiguous,comb,1,0.225,0.125,1.0,64,64,8,fixed_cache,16,0.46503365385033246,0.45937061151229186
s9316_r8_n000_a125,confirmatory,9316,8,0.0,0.125,joint_forward_feedback,comb_contiguous_k2,comb_contiguous,comb,2,0.35,0.25,1.0,64,64,16,fixed_cache,16,0.4237585054308949,0.4153390959192187
s9316_r8_n000_a125,confirmatory,9316,8,0.0,0.125,joint_forward_feedback,comb_contiguous_k4,comb_contiguous,comb,4,0.6,0.5,1.0,64,64,32,fixed_cache,16,0.3564845448584069,0.35035060558723785
s9316_r8_n000_a125,confirmatory,9316,8,0.0,0.125,joint_forward_feedback,comb_contiguous_k8,comb_contiguous,comb,8,1.1,1.0,1.0,64,64,64,fixed_cache,16,0.22418124157960428,0.22055858365506575
s9316_r8_n000_a125,confirmatory,9316,8,0.0,0.125,joint_forward_feedback,balanced_contiguous_k1,balanced_contiguous,balanced,1,0.1737418407321983,0.125,0.487418407321983,64,64,8,fixed_cache,64,0.44818800165642014,0.4432402786744064
s9316_r8_n000_a125,confirmatory,9316,8,0.0,0.125,joint_forward_feedback,balanced_contiguous_k2,balanced_contiguous,balanced,2,0.2987418407321983,0.25,0.487418407321983,64,64,16,fixed_cache,64,0.38898425795885483,0.3857910076613911
s9316_r8_n000_a125,confirmatory,9316,8,0.0,0.125,joint_forward_feedback,balanced_contiguous_k4,balanced_contiguous,balanced,4,0.5487418407321983,0.5,0.487418407321983,64,64,32,fixed_cache,64,0.26600662455526214,0.267689098700094
s9316_r8_n000_a125,confirmatory,9316,8,0.0,0.125,joint_forward_feedback,balanced_contiguous_k8,balanced_contiguous,balanced,8,1.0487418407321982,1.0,0.487418407321983,64,64,64,fixed_cache,64,0.07459324512730178,0.07434133237993812
s9316_r8_n000_a125,confirmatory,9316,8,0.0,0.125,joint_forward_feedback,balanced_interleaved_k1,balanced_interleaved,balanced,1,0.19088469787505546,0.125,0.6588469787505544,64,64,8,fixed_cache,64,0.44652321616287616,0.441645788732725
s9316_r8_n000_a125,confirmatory,9316,8,0.0,0.125,joint_forward_feedback,balanced_interleaved_k2,balanced_interleaved,balanced,2,0.31588469787505546,0.25,0.6588469787505544,64,64,16,fixed_cache,64,0.3932498817064113,0.38311529165163216
s9316_r8_n000_a125,confirmatory,9316,8,0.0,0.125,joint_forward_feedback,balanced_interleaved_k4,balanced_interleaved,balanced,4,0.5658846978750555,0.5,0.6588469787505544,64,64,32,fixed_cache,64,0.2775202772492952,0.271308809329176
s9316_r8_n000_a125,confirmatory,9316,8,0.0,0.125,joint_forward_feedback,balanced_interleaved_k8,balanced_interleaved,balanced,8,1.0658846978750554,1.0,0.6588469787505544,64,64,64,fixed_cache,64,0.03327157672298818,0.03264067631403837
s9316_r8_n000_a125,confirmatory,9316,8,0.0,0.125,joint_forward_feedback,balanced_permutation_a_k1,balanced_permutation_a,balanced,1,0.18899250811836066,0.125,0.6399250811836067,64,64,8,fixed_cache,64,0.4456709303740008,0.44153461176733017
s9316_r8_n000_a125,confirmatory,9316,8,0.0,0.125,joint_forward_feedback,balanced_permutation_a_k2,balanced_permutation_a,balanced,2,0.31399250811836066,0.25,0.6399250811836067,64,64,16,fixed_cache,64,0.393472221898299,0.3835006445439472
s9316_r8_n000_a125,confirmatory,9316,8,0.0,0.125,joint_forward_feedback,balanced_permutation_a_k4,balanced_permutation_a,balanced,4,0.5639925081183607,0.5,0.6399250811836067,64,64,32,fixed_cache,64,0.2646632896534551,0.2654546843053703
s9316_r8_n000_a125,confirmatory,9316,8,0.0,0.125,joint_forward_feedback,balanced_permutation_a_k8,balanced_permutation_a,balanced,8,1.0639925081183608,1.0,0.6399250811836067,64,64,64,fixed_cache,64,0.040077699976465875,0.0395454118396419
s9316_r8_n000_a125,confirmatory,9316,8,0.0,0.125,joint_forward_feedback,balanced_permutation_b_k1,balanced_permutation_b,balanced,1,0.18840039778945986,0.125,0.6340039778945984,64,64,8,fixed_cache,64,0.4463444302944108,0.4415408652970615
s9316_r8_n000_a125,confirmatory,9316,8,0.0,0.125,joint_forward_feedback,balanced_permutation_b_k2,balanced_permutation_b,balanced,2,0.31340039778945983,0.25,0.6340039778945984,64,64,16,fixed_cache,64,0.3849629349873702,0.3841715013891517
s9316_r8_n000_a125,confirmatory,9316,8,0.0,0.125,joint_forward_feedback,balanced_permutation_b_k4,balanced_permutation_b,balanced,4,0.5634003977894598,0.5,0.6340039778945984,64,64,32,fixed_cache,64,0.27140911722625305,0.266389904628763
s9316_r8_n000_a125,confirmatory,9316,8,0.0,0.125,joint_forward_feedback,balanced_permutation_b_k8,balanced_permutation_b,balanced,8,1.06340039778946,1.0,0.6340039778945984,64,64,64,fixed_cache,64,0.039507815073466776,0.03874903545459516
s9316_r8_n000_a125,confirmatory,9316,8,0.0,0.125,joint_forward_feedback,comb_contiguous_k1,comb_contiguous,comb,1,0.225,0.125,1.0,64,64,8,fixed_cache,64,0.44661460120624263,0.44172801502590076
s9316_r8_n000_a125,confirmatory,9316,8,0.0,0.125,joint_forward_feedback,comb_contiguous_k2,comb_contiguous,comb,2,0.35,0.25,1.0,64,64,16,fixed_cache,64,0.3888095414769417,0.38030255522732104
s9316_r8_n000_a125,confirmatory,9316,8,0.0,0.125,joint_forward_feedback,comb_contiguous_k4,comb_contiguous,comb,4,0.6,0.5,1.0,64,64,32,fixed_cache,64,0.2658484334340593,0.2626597429256177
s9316_r8_n000_a125,confirmatory,9316,8,0.0,0.125,joint_forward_feedback,comb_contiguous_k8,comb_contiguous,comb,8,1.1,1.0,1.0,64,64,64,fixed_cache,64,0.03123884703380635,0.031387804253924845
s9316_r8_n000_a125,confirmatory,9316,8,0.0,0.125,joint_forward_feedback,balanced_contiguous_k1,balanced_contiguous,balanced,1,0.1737418407321983,0.125,0.487418407321983,64,64,8,fixed_cache,256,0.44386296528293057,0.4386277772390677
s9316_r8_n000_a125,confirmatory,9316,8,0.0,0.125,joint_forward_feedback,balanced_contiguous_k2,balanced_contiguous,balanced,2,0.2987418407321983,0.25,0.487418407321983,64,64,16,fixed_cache,256,0.3820338970761702,0.3786550320812502
s9316_r8_n000_a125,confirmatory,9316,8,0.0,0.125,joint_forward_feedback,balanced_contiguous_k4,balanced_contiguous,balanced,4,0.5487418407321983,0.5,0.487418407321983,64,64,32,fixed_cache,256,0.25156144331287067,0.2536214137304182
s9316_r8_n000_a125,confirmatory,9316,8,0.0,0.125,joint_forward_feedback,balanced_contiguous_k8,balanced_contiguous,balanced,8,1.0487418407321982,1.0,0.487418407321983,64,64,64,fixed_cache,256,0.0011183222230430943,0.0011278233518987294
s9316_r8_n000_a125,confirmatory,9316,8,0.0,0.125,joint_forward_feedback,balanced_interleaved_k1,balanced_interleaved,balanced,1,0.19088469787505546,0.125,0.6588469787505544,64,64,8,fixed_cache,256,0.44392009091963014,0.4386432221739197
s9316_r8_n000_a125,confirmatory,9316,8,0.0,0.125,joint_forward_feedback,balanced_interleaved_k2,balanced_interleaved,balanced,2,0.31588469787505546,0.25,0.6588469787505544,64,64,16,fixed_cache,256,0.3911964908650812,0.37868882029860074
s9316_r8_n000_a125,confirmatory,9316,8,0.0,0.125,joint_forward_feedback,balanced_interleaved_k4,balanced_interleaved,balanced,4,0.5658846978750555,0.5,0.6588469787505544,64,64,32,fixed_cache,256,0.2627998906785543,0.2576849136469819
s9316_r8_n000_a125,confirmatory,9316,8,0.0,0.125,joint_forward_feedback,balanced_interleaved_k8,balanced_interleaved,balanced,8,1.0658846978750554,1.0,0.6588469787505544,64,64,64,fixed_cache,256,5.67452442079321e-05,5.531374662974771e-05
s9316_r8_n000_a125,confirmatory,9316,8,0.0,0.125,joint_forward_feedback,balanced_permutation_a_k1,balanced_permutation_a,balanced,1,0.18899250811836066,0.125,0.6399250811836067,64,64,8,fixed_cache,256,0.4430532103683311,0.438598834009152
s9316_r8_n000_a125,confirmatory,9316,8,0.0,0.125,joint_forward_feedback,balanced_permutation_a_k2,balanced_permutation_a,balanced,2,0.31399250811836066,0.25,0.6399250811836067,64,64,16,fixed_cache,256,0.3889897903043057,0.37963797516286135
s9316_r8_n000_a125,confirmatory,9316,8,0.0,0.125,joint_forward_feedback,balanced_permutation_a_k4,balanced_permutation_a,balanced,4,0.5639925081183607,0.5,0.6399250811836067,64,64,32,fixed_cache,256,0.2542876791466352,0.2571328378835585
s9316_r8_n000_a125,confirmatory,9316,8,0.0,0.125,joint_forward_feedback,balanced_permutation_a_k8,balanced_permutation_a,balanced,8,1.0639925081183608,1.0,0.6399250811836067,64,64,64,fixed_cache,256,0.00027605756267250274,0.0002654174607959166
s9316_r8_n000_a125,confirmatory,9316,8,0.0,0.125,joint_forward_feedback,balanced_permutation_b_k1,balanced_permutation_b,balanced,1,0.18840039778945986,0.125,0.6340039778945984,64,64,8,fixed_cache,256,0.4437484904504456,0.43847520935428513
s9316_r8_n000_a125,confirmatory,9316,8,0.0,0.125,joint_forward_feedback,balanced_permutation_b_k2,balanced_permutation_b,balanced,2,0.31340039778945983,0.25,0.6340039778945984,64,64,16,fixed_cache,256,0.3777487914272369,0.3771129366900053
s9316_r8_n000_a125,confirmatory,9316,8,0.0,0.125,joint_forward_feedback,balanced_permutation_b_k4,balanced_permutation_b,balanced,4,0.5634003977894598,0.5,0.6340039778945984,64,64,32,fixed_cache,256,0.2619151339619997,0.2559323984304487
s9316_r8_n000_a125,confirmatory,9316,8,0.0,0.125,joint_forward_feedback,balanced_permutation_b_k8,balanced_permutation_b,balanced,8,1.06340039778946,1.0,0.6340039778945984,64,64,64,fixed_cache,256,0.00013235526454127055,0.00012915914629278103
s9316_r8_n000_a125,confirmatory,9316,8,0.0,0.125,joint_forward_feedback,comb_contiguous_k1,comb_contiguous,comb,1,0.225,0.125,1.0,64,64,8,fixed_cache,256,0.44430101410476797,0.43878903273540437
s9316_r8_n000_a125,confirmatory,9316,8,0.0,0.125,joint_forward_feedback,comb_contiguous_k2,comb_contiguous,comb,2,0.35,0.25,1.0,64,64,16,fixed_cache,256,0.38557706106510586,0.3767209952173383
s9316_r8_n000_a125,confirmatory,9316,8,0.0,0.125,joint_forward_feedback,comb_contiguous_k4,comb_contiguous,comb,4,0.6,0.5,1.0,64,64,32,fixed_cache,256,0.25573764303718644,0.2537158295318014
s9316_r8_n000_a125,confirmatory,9316,8,0.0,0.125,joint_forward_feedback,comb_contiguous_k8,comb_contiguous,comb,8,1.1,1.0,1.0,64,64,64,fixed_cache,256,0.00031049995453916786,0.00033897510240234934
s9316_r8_n000_a125,confirmatory,9316,8,0.0,0.125,joint_forward_feedback,balanced_contiguous_k1,balanced_contiguous,balanced,1,0.1737418407321983,0.125,0.487418407321983,64,64,8,fresh_iid,16,0.4783232267008293,0.47340781145635735
s9316_r8_n000_a125,confirmatory,9316,8,0.0,0.125,joint_forward_feedback,balanced_contiguous_k2,balanced_contiguous,balanced,2,0.2987418407321983,0.25,0.487418407321983,64,64,16,fresh_iid,16,0.4415248268009767,0.43873683824957727
s9316_r8_n000_a125,confirmatory,9316,8,0.0,0.125,joint_forward_feedback,balanced_contiguous_k4,balanced_contiguous,balanced,4,0.5487418407321983,0.5,0.487418407321983,64,64,32,fresh_iid,16,0.38931317845839974,0.38784342527593196
s9316_r8_n000_a125,confirmatory,9316,8,0.0,0.125,joint_forward_feedback,balanced_contiguous_k8,balanced_contiguous,balanced,8,1.0487418407321982,1.0,0.487418407321983,64,64,64,fresh_iid,16,0.3144087643298558,0.31333202179399333
s9316_r8_n000_a125,confirmatory,9316,8,0.0,0.125,joint_forward_feedback,balanced_interleaved_k1,balanced_interleaved,balanced,1,0.19088469787505546,0.125,0.6588469787505544,64,64,8,fresh_iid,16,0.47493077162996555,0.4699639750589405
s9316_r8_n000_a125,confirmatory,9316,8,0.0,0.125,joint_forward_feedback,balanced_interleaved_k2,balanced_interleaved,balanced,2,0.31588469787505546,0.25,0.6588469787505544,64,64,16,fresh_iid,16,0.44755151772460544,0.44171911207194464
s9316_r8_n000_a125,confirmatory,9316,8,0.0,0.125,joint_forward_feedback,balanced_interleaved_k4,balanced_interleaved,balanced,4,0.5658846978750555,0.5,0.6588469787505544,64,64,32,fresh_iid,16,0.38112602342244106,0.378374033343838
s9316_r8_n000_a125,confirmatory,9316,8,0.0,0.125,joint_forward_feedback,balanced_interleaved_k8,balanced_interleaved,balanced,8,1.0658846978750554,1.0,0.6588469787505544,64,64,64,fresh_iid,16,0.2615930283460486,0.26068058087163687
s9316_r8_n000_a125,confirmatory,9316,8,0.0,0.125,joint_forward_feedback,balanced_permutation_a_k1,balanced_permutation_a,balanced,1,0.18899250811836066,0.125,0.6399250811836067,64,64,8,fresh_iid,16,0.47461850926935956,0.46985872797530065
s9316_r8_n000_a125,confirmatory,9316,8,0.0,0.125,joint_forward_feedback,balanced_permutation_a_k2,balanced_permutation_a,balanced,2,0.31399250811836066,0.25,0.6399250811836067,64,64,16,fresh_iid,16,0.4451007212749254,0.4388623545096846
s9316_r8_n000_a125,confirmatory,9316,8,0.0,0.125,joint_forward_feedback,balanced_permutation_a_k4,balanced_permutation_a,balanced,4,0.5639925081183607,0.5,0.6399250811836067,64,64,32,fresh_iid,16,0.38037031652605924,0.3776857246426778
s9316_r8_n000_a125,confirmatory,9316,8,0.0,0.125,joint_forward_feedback,balanced_permutation_a_k8,balanced_permutation_a,balanced,8,1.0639925081183608,1.0,0.6399250811836067,64,64,64,fresh_iid,16,0.265796122156575,0.265074194007746
s9316_r8_n000_a125,confirmatory,9316,8,0.0,0.125,joint_forward_feedback,balanced_permutation_b_k1,balanced_permutation_b,balanced,1,0.18840039778945986,0.125,0.6340039778945984,64,64,8,fresh_iid,16,0.47518323580213184,0.47029016538998103
s9316_r8_n000_a125,confirmatory,9316,8,0.0,0.125,joint_forward_feedback,balanced_permutation_b_k2,balanced_permutation_b,balanced,2,0.31340039778945983,0.25,0.6340039778945984,64,64,16,fresh_iid,16,0.43781785021246833,0.4365520458457699
s9316_r8_n000_a125,confirmatory,9316,8,0.0,0.125,joint_forward_feedback,balanced_permutation_b_k4,balanced_permutation_b,balanced,4,0.5634003977894598,0.5,0.6340039778945984,64,64,32,fresh_iid,16,0.3838065197474312,0.37985838334837696
s9316_r8_n000_a125,confirmatory,9316,8,0.0,0.125,joint_forward_feedback,balanced_permutation_b_k8,balanced_permutation_b,balanced,8,1.06340039778946,1.0,0.6340039778945984,64,64,64,fresh_iid,16,0.26868056893303993,0.2669725972205238
s9316_r8_n000_a125,confirmatory,9316,8,0.0,0.125,joint_forward_feedback,comb_contiguous_k1,comb_contiguous,comb,1,0.225,0.125,1.0,64,64,8,fresh_iid,16,0.4732849394109447,0.46817962202671837
s9316_r8_n000_a125,confirmatory,9316,8,0.0,0.125,joint_forward_feedback,comb_contiguous_k2,comb_contiguous,comb,2,0.35,0.25,1.0,64,64,16,fresh_iid,16,0.43943173753841674,0.43252501947398986
s9316_r8_n000_a125,confirmatory,9316,8,0.0,0.125,joint_forward_feedback,comb_contiguous_k4,comb_contiguous,comb,4,0.6,0.5,1.0,64,64,32,fresh_iid,16,0.36569796143110334,0.36267090206331754
s9316_r8_n000_a125,confirmatory,9316,8,0.0,0.125,joint_forward_feedback,comb_contiguous_k8,comb_contiguous,comb,8,1.1,1.0,1.0,64,64,64,fresh_iid,16,0.24815976462649267,0.24725514819659578
s9316_r8_n000_a125,confirmatory,9316,8,0.0,0.125,joint_forward_feedback,balanced_contiguous_k1,balanced_contiguous,balanced,1,0.1737418407321983,0.125,0.487418407321983,64,64,8,fresh_iid,64,0.4473770232519729,0.4417258444281976
s9316_r8_n000_a125,confirmatory,9316,8,0.0,0.125,joint_forward_feedback,balanced_contiguous_k2,balanced_contiguous,balanced,2,0.2987418407321983,0.25,0.487418407321983,64,64,16,fresh_iid,64,0.3846084917470043,0.3820458993015268
s9316_r8_n000_a125,confirmatory,9316,8,0.0,0.125,joint_forward_feedback,balanced_contiguous_k4,balanced_contiguous,balanced,4,0.5487418407321983,0.5,0.487418407321983,64,64,32,fresh_iid,64,0.26686236486179876,0.26817951390746053
s9316_r8_n000_a125,confirmatory,9316,8,0.0,0.125,joint_forward_feedback,balanced_contiguous_k8,balanced_contiguous,balanced,8,1.0487418407321982,1.0,0.487418407321983,64,64,64,fresh_iid,64,0.06889774832503884,0.06910267021262263
s9316_r8_n000_a125,confirmatory,9316,8,0.0,0.125,joint_forward_feedback,balanced_interleaved_k1,balanced_interleaved,balanced,1,0.19088469787505546,0.125,0.6588469787505544,64,64,8,fresh_iid,64,0.44566894157646497,0.44009790738095333
s9316_r8_n000_a125,confirmatory,9316,8,0.0,0.125,joint_forward_feedback,balanced_interleaved_k2,balanced_interleaved,balanced,2,0.31588469787505546,0.25,0.6588469787505544,64,64,16,fresh_iid,64,0.39045447452879395,0.38203201799356334
s9316_r8_n000_a125,confirmatory,9316,8,0.0,0.125,joint_forward_feedback,balanced_interleaved_k4,balanced_interleaved,balanced,4,0.5658846978750555,0.5,0.6588469787505544,64,64,32,fresh_iid,64,0.26662488219833913,0.2631927778062523
s9316_r8_n000_a125,confirmatory,9316,8,0.0,0.125,joint_forward_feedback,balanced_interleaved_k8,balanced_interleaved,balanced,8,1.0658846978750554,1.0,0.6588469787505544,64,64,64,fresh_iid,64,0.02816749915975769,0.02800099109049276
s9316_r8_n000_a125,confirmatory,9316,8,0.0,0.125,joint_forward_feedback,balanced_permutation_a_k1,balanced_permutation_a,balanced,1,0.18899250811836066,0.125,0.6399250811836067,64,64,8,fresh_iid,64,0.44485754356175455,0.439977608002813
s9316_r8_n000_a125,confirmatory,9316,8,0.0,0.125,joint_forward_feedback,balanced_permutation_a_k2,balanced_permutation_a,balanced,2,0.31399250811836066,0.25,0.6399250811836067,64,64,16,fresh_iid,64,0.38846647787938154,0.3799089372642663
s9316_r8_n000_a125,confirmatory,9316,8,0.0,0.125,joint_forward_feedback,balanced_permutation_a_k4,balanced_permutation_a,balanced,4,0.5639925081183607,0.5,0.6399250811836067,64,64,32,fresh_iid,64,0.2619614115020805,0.26396363881209917
s9316_r8_n000_a125,confirmatory,9316,8,0.0,0.125,joint_forward_feedback,balanced_permutation_a_k8,balanced_permutation_a,balanced,8,1.0639925081183608,1.0,0.6399250811836067,64,64,64,fresh_iid,64,0.036149417226309224,0.03628884911356587
s9316_r8_n000_a125,confirmatory,9316,8,0.0,0.125,joint_forward_feedback,balanced_permutation_b_k1,balanced_permutation_b,balanced,1,0.18840039778945986,0.125,0.6340039778945984,64,64,8,fresh_iid,64,0.4457218270445315,0.44016671746249597
s9316_r8_n000_a125,confirmatory,9316,8,0.0,0.125,joint_forward_feedback,balanced_permutation_b_k2,balanced_permutation_b,balanced,2,0.31340039778945983,0.25,0.6340039778945984,64,64,16,fresh_iid,64,0.3806043921277874,0.381082183250842
s9316_r8_n000_a125,confirmatory,9316,8,0.0,0.125,joint_forward_feedback,balanced_permutation_b_k4,balanced_permutation_b,balanced,4,0.5634003977894598,0.5,0.6340039778945984,64,64,32,fresh_iid,64,0.26646802689707305,0.2625650681875788
s9316_r8_n000_a125,confirmatory,9316,8,0.0,0.125,joint_forward_feedback,balanced_permutation_b_k8,balanced_permutation_b,balanced,8,1.06340039778946,1.0,0.6340039778945984,64,64,64,fresh_iid,64,0.03442167028837667,0.0341014986531652
s9316_r8_n000_a125,confirmatory,9316,8,0.0,0.125,joint_forward_feedback,comb_contiguous_k1,comb_contiguous,comb,1,0.225,0.125,1.0,64,64,8,fresh_iid,64,0.4452063216138334,0.43960241243134357
s9316_r8_n000_a125,confirmatory,9316,8,0.0,0.125,joint_forward_feedback,comb_contiguous_k2,comb_contiguous,comb,2,0.35,0.25,1.0,64,64,16,fresh_iid,64,0.38844850334450315,0.37907466467115575
s9316_r8_n000_a125,confirmatory,9316,8,0.0,0.125,joint_forward_feedback,comb_contiguous_k4,comb_contiguous,comb,4,0.6,0.5,1.0,64,64,32,fresh_iid,64,0.2596173170944638,0.25700183791009634
s9316_r8_n000_a125,confirmatory,9316,8,0.0,0.125,joint_forward_feedback,comb_contiguous_k8,comb_contiguous,comb,8,1.1,1.0,1.0,64,64,64,fresh_iid,64,0.02612195906525701,0.026023526148839193
s9316_r8_n000_a125,confirmatory,9316,8,0.0,0.125,joint_forward_feedback,balanced_contiguous_k1,balanced_contiguous,balanced,1,0.1737418407321983,0.125,0.487418407321983,64,64,8,fresh_iid,256,0.44276407296613074,0.437604020830421
s9316_r8_n000_a125,confirmatory,9316,8,0.0,0.125,joint_forward_feedback,balanced_contiguous_k2,balanced_contiguous,balanced,2,0.2987418407321983,0.25,0.487418407321983,64,64,16,fresh_iid,256,0.37833525757466635,0.37563942976965436
s9316_r8_n000_a125,confirmatory,9316,8,0.0,0.125,joint_forward_feedback,balanced_contiguous_k4,balanced_contiguous,balanced,4,0.5487418407321983,0.5,0.487418407321983,64,64,32,fresh_iid,256,0.24823550381482692,0.25046430266034286
s9316_r8_n000_a125,confirmatory,9316,8,0.0,0.125,joint_forward_feedback,balanced_contiguous_k8,balanced_contiguous,balanced,8,1.0487418407321982,1.0,0.487418407321983,64,64,64,fresh_iid,256,0.0005663527217942837,0.0005706022947307363
s9316_r8_n000_a125,confirmatory,9316,8,0.0,0.125,joint_forward_feedback,balanced_interleaved_k1,balanced_interleaved,balanced,1,0.19088469787505546,0.125,0.6588469787505544,64,64,8,fresh_iid,256,0.4427668364213806,0.43761067334652
s9316_r8_n000_a125,confirmatory,9316,8,0.0,0.125,joint_forward_feedback,balanced_interleaved_k2,balanced_interleaved,balanced,2,0.31588469787505546,0.25,0.6588469787505544,64,64,16,fresh_iid,256,0.3857189516575298,0.37577018649085153
s9316_r8_n000_a125,confirmatory,9316,8,0.0,0.125,joint_forward_feedback,balanced_interleaved_k4,balanced_interleaved,balanced,4,0.5658846978750555,0.5,0.6588469787505544,64,64,32,fresh_iid,256,0.25832649391575363,0.2521026671857808
s9316_r8_n000_a125,confirmatory,9316,8,0.0,0.125,joint_forward_feedback,balanced_interleaved_k8,balanced_interleaved,balanced,8,1.0658846978750554,1.0,0.6588469787505544,64,64,64,fresh_iid,256,7.505183824144669e-06,7.2852096069072e-06
s9316_r8_n000_a125,confirmatory,9316,8,0.0,0.125,joint_forward_feedback,balanced_permutation_a_k1,balanced_permutation_a,balanced,1,0.18899250811836066,0.125,0.6399250811836067,64,64,8,fresh_iid,256,0.4420898228582577,0.43764518087139337
s9316_r8_n000_a125,confirmatory,9316,8,0.0,0.125,joint_forward_feedback,balanced_permutation_a_k2,balanced_permutation_a,balanced,2,0.31399250811836066,0.25,0.6399250811836067,64,64,16,fresh_iid,256,0.3849773497307526,0.37618280971350027
s9316_r8_n000_a125,confirmatory,9316,8,0.0,0.125,joint_forward_feedback,balanced_permutation_a_k4,balanced_permutation_a,balanced,4,0.5639925081183607,0.5,0.6399250811836067,64,64,32,fresh_iid,256,0.2484315648730011,0.2515349820111136
s9316_r8_n000_a125,confirmatory,9316,8,0.0,0.125,joint_forward_feedback,balanced_permutation_a_k8,balanced_permutation_a,balanced,8,1.0639925081183608,1.0,0.6399250811836067,64,64,64,fresh_iid,256,0.00015333459348518293,0.0001496706169414449
s9316_r8_n000_a125,confirmatory,9316,8,0.0,0.125,joint_forward_feedback,balanced_permutation_b_k1,balanced_permutation_b,balanced,1,0.18840039778945986,0.125,0.6340039778945984,64,64,8,fresh_iid,256,0.44282464230341884,0.43758782115527617
s9316_r8_n000_a125,confirmatory,9316,8,0.0,0.125,joint_forward_feedback,balanced_permutation_b_k2,balanced_permutation_b,balanced,2,0.31340039778945983,0.25,0.6340039778945984,64,64,16,fresh_iid,256,0.37720345052842785,0.3762705246639467
s9316_r8_n000_a125,confirmatory,9316,8,0.0,0.125,joint_forward_feedback,balanced_permutation_b_k4,balanced_permutation_b,balanced,4,0.5634003977894598,0.5,0.6340039778945984,64,64,32,fresh_iid,256,0.25853448886467706,0.25277215705958317
s9316_r8_n000_a125,confirmatory,9316,8,0.0,0.125,joint_forward_feedback,balanced_permutation_b_k8,balanced_permutation_b,balanced,8,1.06340039778946,1.0,0.6340039778945984,64,64,64,fresh_iid,256,3.9801965451503466e-05,3.912674171636169e-05
s9316_r8_n000_a125,confirmatory,9316,8,0.0,0.125,joint_forward_feedback,comb_contiguous_k1,comb_contiguous,comb,1,0.225,0.125,1.0,64,64,8,fresh_iid,256,0.4427677858057363,0.4376098546931996
s9316_r8_n000_a125,confirmatory,9316,8,0.0,0.125,joint_forward_feedback,comb_contiguous_k2,comb_contiguous,comb,2,0.35,0.25,1.0,64,64,16,fresh_iid,256,0.384639238331435,0.3761217462856906
s9316_r8_n000_a125,confirmatory,9316,8,0.0,0.125,joint_forward_feedback,comb_contiguous_k4,comb_contiguous,comb,4,0.6,0.5,1.0,64,64,32,fresh_iid,256,0.25488789841777615,0.25246747913272244
s9316_r8_n000_a125,confirmatory,9316,8,0.0,0.125,joint_forward_feedback,comb_contiguous_k8,comb_contiguous,comb,8,1.1,1.0,1.0,64,64,64,fresh_iid,256,9.830147916499584e-05,9.803005635694908e-05
s9316_r8_n000_a375,confirmatory,9316,8,0.0,0.375,feedback_only,balanced_contiguous_k1,balanced_contiguous,balanced,1,0.1737418407321983,0.125,0.487418407321983,64,64,8,fixed_cache,16,0.46657903875379847,0.45671238829822947
s9316_r8_n000_a375,confirmatory,9316,8,0.0,0.375,feedback_only,balanced_contiguous_k2,balanced_contiguous,balanced,2,0.2987418407321983,0.25,0.487418407321983,64,64,16,fixed_cache,16,0.429463733683955,0.4181197172520279
s9316_r8_n000_a375,confirmatory,9316,8,0.0,0.375,feedback_only,balanced_contiguous_k4,balanced_contiguous,balanced,4,0.5487418407321983,0.5,0.487418407321983,64,64,32,fixed_cache,16,0.3328081850758435,0.3314753783209241
s9316_r8_n000_a375,confirmatory,9316,8,0.0,0.375,feedback_only,balanced_contiguous_k8,balanced_contiguous,balanced,8,1.0487418407321982,1.0,0.487418407321983,64,64,64,fixed_cache,16,0.1490924561955883,0.14714553003513436
s9316_r8_n000_a375,confirmatory,9316,8,0.0,0.375,feedback_only,balanced_interleaved_k1,balanced_interleaved,balanced,1,0.19088469787505546,0.125,0.6588469787505544,64,64,8,fixed_cache,16,0.46657903875379847,0.45671238829822947
s9316_r8_n000_a375,confirmatory,9316,8,0.0,0.375,feedback_only,balanced_interleaved_k2,balanced_interleaved,balanced,2,0.31588469787505546,0.25,0.6588469787505544,64,64,16,fixed_cache,16,0.41418671953967306,0.40439511038976644
s9316_r8_n000_a375,confirmatory,9316,8,0.0,0.375,feedback_only,balanced_interleaved_k4,balanced_interleaved,balanced,4,0.5658846978750555,0.5,0.6588469787505544,64,64,32,fixed_cache,16,0.33397470808582297,0.3241992674050115
s9316_r8_n000_a375,confirmatory,9316,8,0.0,0.375,feedback_only,balanced_interleaved_k8,balanced_interleaved,balanced,8,1.0658846978750554,1.0,0.6588469787505544,64,64,64,fixed_cache,16,0.1490924561955883,0.14714553003513436
s9316_r8_n000_a375,confirmatory,9316,8,0.0,0.375,feedback_only,balanced_permutation_a_k1,balanced_permutation_a,balanced,1,0.18899250811836066,0.125,0.6399250811836067,64,64,8,fixed_cache,16,0.46657903875379847,0.45671238829822947
s9316_r8_n000_a375,confirmatory,9316,8,0.0,0.375,feedback_only,balanced_permutation_a_k2,balanced_permutation_a,balanced,2,0.31399250811836066,0.25,0.6399250811836067,64,64,16,fixed_cache,16,0.4251121059995358,0.413876007289671
s9316_r8_n000_a375,confirmatory,9316,8,0.0,0.375,feedback_only,balanced_permutation_a_k4,balanced_permutation_a,balanced,4,0.5639925081183607,0.5,0.6399250811836067,64,64,32,fixed_cache,16,0.3259915183389203,0.32243338426854184
s9316_r8_n000_a375,confirmatory,9316,8,0.0,0.375,feedback_only,balanced_permutation_a_k8,balanced_permutation_a,balanced,8,1.0639925081183608,1.0,0.6399250811836067,64,64,64,fixed_cache,16,0.1490924561955883,0.14714553003513436
s9316_r8_n000_a375,confirmatory,9316,8,0.0,0.375,feedback_only,balanced_permutation_b_k1,balanced_permutation_b,balanced,1,0.18840039778945986,0.125,0.6340039778945984,64,64,8,fixed_cache,16,0.46657903875379847,0.45671238829822947
s9316_r8_n000_a375,confirmatory,9316,8,0.0,0.375,feedback_only,balanced_permutation_b_k2,balanced_permutation_b,balanced,2,0.31340039778945983,0.25,0.6340039778945984,64,64,16,fixed_cache,16,0.4164060339512857,0.4076522860986179
s9316_r8_n000_a375,confirmatory,9316,8,0.0,0.375,feedback_only,balanced_permutation_b_k4,balanced_permutation_b,balanced,4,0.5634003977894598,0.5,0.6340039778945984,64,64,32,fixed_cache,16,0.3374724790356688,0.3334923380524364
s9316_r8_n000_a375,confirmatory,9316,8,0.0,0.375,feedback_only,balanced_permutation_b_k8,balanced_permutation_b,balanced,8,1.06340039778946,1.0,0.6340039778945984,64,64,64,fixed_cache,16,0.1490924561955883,0.14714553003513436
s9316_r8_n000_a375,confirmatory,9316,8,0.0,0.375,feedback_only,comb_contiguous_k1,comb_contiguous,comb,1,0.225,0.125,1.0,64,64,8,fixed_cache,16,0.46657903875379847,0.45671238829822947
s9316_r8_n000_a375,confirmatory,9316,8,0.0,0.375,feedback_only,comb_contiguous_k2,comb_contiguous,comb,2,0.35,0.25,1.0,64,64,16,fixed_cache,16,0.42851584963942335,0.416322344304933
s9316_r8_n000_a375,confirmatory,9316,8,0.0,0.375,feedback_only,comb_contiguous_k4,comb_contiguous,comb,4,0.6,0.5,1.0,64,64,32,fixed_cache,16,0.34779459593848283,0.3379055691812827
s9316_r8_n000_a375,confirmatory,9316,8,0.0,0.375,feedback_only,comb_contiguous_k8,comb_contiguous,comb,8,1.1,1.0,1.0,64,64,64,fixed_cache,16,0.1490924561955883,0.14714553003513436
s9316_r8_n000_a375,confirmatory,9316,8,0.0,0.375,feedback_only,balanced_contiguous_k1,balanced_contiguous,balanced,1,0.1737418407321983,0.125,0.487418407321983,64,64,8,fixed_cache,64,0.4494434573719762,0.4426778030968368
s9316_r8_n000_a375,confirmatory,9316,8,0.0,0.375,feedback_only,balanced_contiguous_k2,balanced_contiguous,balanced,2,0.2987418407321983,0.25,0.487418407321983,64,64,16,fixed_cache,64,0.39365652131275336,0.38195530199115096
s9316_r8_n000_a375,confirmatory,9316,8,0.0,0.375,feedback_only,balanced_contiguous_k4,balanced_contiguous,balanced,4,0.5487418407321983,0.5,0.487418407321983,64,64,32,fixed_cache,64,0.25184547999304574,0.25768072430483996
s9316_r8_n000_a375,confirmatory,9316,8,0.0,0.375,feedback_only,balanced_contiguous_k8,balanced_contiguous,balanced,8,1.0487418407321982,1.0,0.487418407321983,64,64,64,fixed_cache,64,0.002720163043395533,0.0027749236298112746
s9316_r8_n000_a375,confirmatory,9316,8,0.0,0.375,feedback_only,balanced_interleaved_k1,balanced_interleaved,balanced,1,0.19088469787505546,0.125,0.6588469787505544,64,64,8,fixed_cache,64,0.4494434573719762,0.4426778030968368
s9316_r8_n000_a375,confirmatory,9316,8,0.0,0.375,feedback_only,balanced_interleaved_k2,balanced_interleaved,balanced,2,0.31588469787505546,0.25,0.6588469787505544,64,64,16,fixed_cache,64,0.3913060708449586,0.3830803872017926
s9316_r8_n000_a375,confirmatory,9316,8,0.0,0.375,feedback_only,balanced_interleaved_k4,balanced_interleaved,balanced,4,0.5658846978750555,0.5,0.6588469787505544,64,64,32,fixed_cache,64,0.2712771198108899,0.26280189840989454
s9316_r8_n000_a375,confirmatory,9316,8,0.0,0.375,feedback_only,balanced_interleaved_k8,balanced_interleaved,balanced,8,1.0658846978750554,1.0,0.6588469787505544,64,64,64,fixed_cache,64,0.002720163043395533,0.0027749236298112746
s9316_r8_n000_a375,confirmatory,9316,8,0.0,0.375,feedback_only,balanced_permutation_a_k1,balanced_permutation_a,balanced,1,0.18899250811836066,0.125,0.6399250811836067,64,64,8,fixed_cache,64,0.4494434573719762,0.4426778030968368
s9316_r8_n000_a375,confirmatory,9316,8,0.0,0.375,feedback_only,balanced_permutation_a_k2,balanced_permutation_a,balanced,2,0.31399250811836066,0.25,0.6399250811836067,64,64,16,fixed_cache,64,0.3855095780558569,0.37941924678162386
s9316_r8_n000_a375,confirmatory,9316,8,0.0,0.375,feedback_only,balanced_permutation_a_k4,balanced_permutation_a,balanced,4,0.5639925081183607,0.5,0.6399250811836067,64,64,32,fixed_cache,64,0.2569512915716141,0.2608924351012914
s9316_r8_n000_a375,confirmatory,9316,8,0.0,0.375,feedback_only,balanced_permutation_a_k8,balanced_permutation_a,balanced,8,1.0639925081183608,1.0,0.6399250811836067,64,64,64,fixed_cache,64,0.002720163043395533,0.0027749236298112746
s9316_r8_n000_a375,confirmatory,9316,8,0.0,0.375,feedback_only,balanced_permutation_b_k1,balanced_permutation_b,balanced,1,0.18840039778945986,0.125,0.6340039778945984,64,64,8,fixed_cache,64,0.4494434573719762,0.4426778030968368
s9316_r8_n000_a375,confirmatory,9316,8,0.0,0.375,feedback_only,balanced_permutation_b_k2,balanced_permutation_b,balanced,2,0.31340039778945983,0.25,0.6340039778945984,64,64,16,fixed_cache,64,0.39421948730528733,0.3870070813686442
s9316_r8_n000_a375,confirmatory,9316,8,0.0,0.375,feedback_only,balanced_permutation_b_k4,balanced_permutation_b,balanced,4,0.5634003977894598,0.5,0.6340039778945984,64,64,32,fixed_cache,64,0.2716145046596594,0.2662153166016547
s9316_r8_n000_a375,confirmatory,9316,8,0.0,0.375,feedback_only,balanced_permutation_b_k8,balanced_permutation_b,balanced,8,1.06340039778946,1.0,0.6340039778945984,64,64,64,fixed_cache,64,0.002720163043395533,0.0027749236298112746
s9316_r8_n000_a375,confirmatory,9316,8,0.0,0.375,feedback_only,comb_contiguous_k1,comb_contiguous,comb,1,0.225,0.125,1.0,64,64,8,fixed_cache,64,0.4494434573719762,0.4426778030968368
s9316_r8_n000_a375,confirmatory,9316,8,0.0,0.375,feedback_only,comb_contiguous_k2,comb_contiguous,comb,2,0.35,0.25,1.0,64,64,16,fixed_cache,64,0.3947380719713852,0.38204690079251014
s9316_r8_n000_a375,confirmatory,9316,8,0.0,0.375,feedback_only,comb_contiguous_k4,comb_contiguous,comb,4,0.6,0.5,1.0,64,64,32,fixed_cache,64,0.26988389612269814,0.2616954180089507
s9316_r8_n000_a375,confirmatory,9316,8,0.0,0.375,feedback_only,comb_contiguous_k8,comb_contiguous,comb,8,1.1,1.0,1.0,64,64,64,fixed_cache,64,0.002720163043395533,0.0027749236298112746
s9316_r8_n000_a375,confirmatory,9316,8,0.0,0.375,feedback_only,balanced_contiguous_k1,balanced_contiguous,balanced,1,0.1737418407321983,0.125,0.487418407321983,64,64,8,fixed_cache,256,0.45336070216545343,0.4431365200977296
s9316_r8_n000_a375,confirmatory,9316,8,0.0,0.375,feedback_only,balanced_contiguous_k2,balanced_contiguous,balanced,2,0.2987418407321983,0.25,0.487418407321983,64,64,16,fixed_cache,256,0.39593502622062143,0.3845850104207761
s9316_r8_n000_a375,confirmatory,9316,8,0.0,0.375,feedback_only,balanced_contiguous_k4,balanced_contiguous,balanced,4,0.5487418407321983,0.5,0.487418407321983,64,64,32,fixed_cache,256,0.2601189108114217,0.2642149149903545
s9316_r8_n000_a375,confirmatory,9316,8,0.0,0.375,feedback_only,balanced_contiguous_k8,balanced_contiguous,balanced,8,1.0487418407321982,1.0,0.487418407321983,64,64,64,fixed_cache,256,4.432299406037165e-09,4.497215784526501e-09
s9316_r8_n000_a375,confirmatory,9316,8,0.0,0.375,feedback_only,balanced_interleaved_k1,balanced_interleaved,balanced,1,0.19088469787505546,0.125,0.6588469787505544,64,64,8,fixed_cache,256,0.45336070216545343,0.4431365200977296
s9316_r8_n000_a375,confirmatory,9316,8,0.0,0.375,feedback_only,balanced_interleaved_k2,balanced_interleaved,balanced,2,0.31588469787505546,0.25,0.6588469787505544,64,64,16,fixed_cache,256,0.3929196490700939,0.38225254041800427
s9316_r8_n000_a375,confirmatory,9316,8,0.0,0.375,feedback_only,balanced_interleaved_k4,balanced_interleaved,balanced,4,0.5658846978750555,0.5,0.6588469787505544,64,64,32,fixed_cache,256,0.27278790642959516,0.2632304749963113
s9316_r8_n000_a375,confirmatory,9316,8,0.0,0.375,feedback_only,balanced_interleaved_k8,balanced_interleaved,balanced,8,1.0658846978750554,1.0,0.6588469787505544,64,64,64,fixed_cache,256,4.432299406037165e-09,4.497215784526501e-09
s9316_r8_n000_a375,confirmatory,9316,8,0.0,0.375,feedback_only,balanced_permutation_a_k1,balanced_permutation_a,balanced,1,0.18899250811836066,0.125,0.6399250811836067,64,64,8,fixed_cache,256,0.45336070216545343,0.4431365200977296
s9316_r8_n000_a375,confirmatory,9316,8,0.0,0.375,feedback_only,balanced_permutation_a_k2,balanced_permutation_a,balanced,2,0.31399250811836066,0.25,0.6399250811836067,64,64,16,fixed_cache,256,0.3896150258337924,0.38108106440351663
s9316_r8_n000_a375,confirmatory,9316,8,0.0,0.375,feedback_only,balanced_permutation_a_k4,balanced_permutation_a,balanced,4,0.5639925081183607,0.5,0.6399250811836067,64,64,32,fixed_cache,256,0.25685999931621417,0.2596701665929504
s9316_r8_n000_a375,confirmatory,9316,8,0.0,0.375,feedback_only,balanced_permutation_a_k8,balanced_permutation_a,balanced,8,1.0639925081183608,1.0,0.6399250811836067,64,64,64,fixed_cache,256,4.432299406037165e-09,4.497215784526501e-09
s9316_r8_n000_a375,confirmatory,9316,8,0.0,0.375,feedback_only,balanced_permutation_b_k1,balanced_permutation_b,balanced,1,0.18840039778945986,0.125,0.6340039778945984,64,64,8,fixed_cache,256,0.45336070216545343,0.4431365200977296
s9316_r8_n000_a375,confirmatory,9316,8,0.0,0.375,feedback_only,balanced_permutation_b_k2,balanced_permutation_b,balanced,2,0.31340039778945983,0.25,0.6340039778945984,64,64,16,fixed_cache,256,0.39240322908581493,0.3823333784652387
s9316_r8_n000_a375,confirmatory,9316,8,0.0,0.375,feedback_only,balanced_permutation_b_k4,balanced_permutation_b,balanced,4,0.5634003977894598,0.5,0.6340039778945984,64,64,32,fixed_cache,256,0.2696686231848303,0.26024187872291943
s9316_r8_n000_a375,confirmatory,9316,8,0.0,0.375,feedback_only,balanced_permutation_b_k8,balanced_permutation_b,balanced,8,1.06340039778946,1.0,0.6340039778945984,64,64,64,fixed_cache,256,4.432299406037165e-09,4.497215784526501e-09
s9316_r8_n000_a375,confirmatory,9316,8,0.0,0.375,feedback_only,comb_contiguous_k1,comb_contiguous,comb,1,0.225,0.125,1.0,64,64,8,fixed_cache,256,0.45336070216545343,0.4431365200977296
s9316_r8_n000_a375,confirmatory,9316,8,0.0,0.375,feedback_only,comb_contiguous_k2,comb_contiguous,comb,2,0.35,0.25,1.0,64,64,16,fixed_cache,256,0.40371333643911844,0.38811360631189756
s9316_r8_n000_a375,confirmatory,9316,8,0.0,0.375,feedback_only,comb_contiguous_k4,comb_contiguous,comb,4,0.6,0.5,1.0,64,64,32,fixed_cache,256,0.2730343850485515,0.2640111140299003
s9316_r8_n000_a375,confirmatory,9316,8,0.0,0.375,feedback_only,comb_contiguous_k8,comb_contiguous,comb,8,1.1,1.0,1.0,64,64,64,fixed_cache,256,4.432299406037165e-09,4.497215784526501e-09
s9316_r8_n000_a375,confirmatory,9316,8,0.0,0.375,feedback_only,balanced_contiguous_k1,balanced_contiguous,balanced,1,0.1737418407321983,0.125,0.487418407321983,64,64,8,fresh_iid,16,0.45825167461850946,0.4481388437907803
s9316_r8_n000_a375,confirmatory,9316,8,0.0,0.375,feedback_only,balanced_contiguous_k2,balanced_contiguous,balanced,2,0.2987418407321983,0.25,0.487418407321983,64,64,16,fresh_iid,16,0.41300162505843446,0.40175278600176045
s9316_r8_n000_a375,confirmatory,9316,8,0.0,0.375,feedback_only,balanced_contiguous_k4,balanced_contiguous,balanced,4,0.5487418407321983,0.5,0.487418407321983,64,64,32,fresh_iid,16,0.3154068270290362,0.31260688048189106
s9316_r8_n000_a375,confirmatory,9316,8,0.0,0.375,feedback_only,balanced_contiguous_k8,balanced_contiguous,balanced,8,1.0487418407321982,1.0,0.487418407321983,64,64,64,fresh_iid,16,0.14192729637579266,0.14123418728724782
s9316_r8_n000_a375,confirmatory,9316,8,0.0,0.375,feedback_only,balanced_interleaved_k1,balanced_interleaved,balanced,1,0.19088469787505546,0.125,0.6588469787505544,64,64,8,fresh_iid,16,0.45825167461850946,0.4481388437907803
s9316_r8_n000_a375,confirmatory,9316,8,0.0,0.375,feedback_only,balanced_interleaved_k2,balanced_interleaved,balanced,2,0.31588469787505546,0.25,0.6588469787505544,64,64,16,fresh_iid,16,0.4252221535467007,0.41574277111705304
s9316_r8_n000_a375,confirmatory,9316,8,0.0,0.375,feedback_only,balanced_interleaved_k4,balanced_interleaved,balanced,4,0.5658846978750555,0.5,0.6588469787505544,64,64,32,fresh_iid,16,0.334177589292435,0.32650178851679595
s9316_r8_n000_a375,confirmatory,9316,8,0.0,0.375,feedback_only,balanced_interleaved_k8,balanced_interleaved,balanced,8,1.0658846978750554,1.0,0.6588469787505544,64,64,64,fresh_iid,16,0.14192729637579266,0.14123418728724782
s9316_r8_n000_a375,confirmatory,9316,8,0.0,0.375,feedback_only,balanced_permutation_a_k1,balanced_permutation_a,balanced,1,0.18899250811836066,0.125,0.6399250811836067,64,64,8,fresh_iid,16,0.45825167461850946,0.4481388437907803
s9316_r8_n000_a375,confirmatory,9316,8,0.0,0.375,feedback_only,balanced_permutation_a_k2,balanced_permutation_a,balanced,2,0.31399250811836066,0.25,0.6399250811836067,64,64,16,fresh_iid,16,0.42432934609738177,0.4144299476938539
s9316_r8_n000_a375,confirmatory,9316,8,0.0,0.375,feedback_only,balanced_permutation_a_k4,balanced_permutation_a,balanced,4,0.5639925081183607,0.5,0.6399250811836067,64,64,32,fresh_iid,16,0.3293636153898406,0.326899677163093
s9316_r8_n000_a375,confirmatory,9316,8,0.0,0.375,feedback_only,balanced_permutation_a_k8,balanced_permutation_a,balanced,8,1.0639925081183608,1.0,0.6399250811836067,64,64,64,fresh_iid,16,0.14192729637579266,0.14123418728724782
s9316_r8_n000_a375,confirmatory,9316,8,0.0,0.375,feedback_only,balanced_permutation_b_k1,balanced_permutation_b,balanced,1,0.18840039778945986,0.125,0.6340039778945984,64,64,8,fresh_iid,16,0.45825167461850946,0.4481388437907803
s9316_r8_n000_a375,confirmatory,9316,8,0.0,0.375,feedback_only,balanced_permutation_b_k2,balanced_permutation_b,balanced,2,0.31340039778945983,0.25,0.6340039778945984,64,64,16,fresh_iid,16,0.4199707464801816,0.4119122870030927
s9316_r8_n000_a375,confirmatory,9316,8,0.0,0.375,feedback_only,balanced_permutation_b_k4,balanced_permutation_b,balanced,4,0.5634003977894598,0.5,0.6340039778945984,64,64,32,fresh_iid,16,0.33217985542241824,0.3263454166848342
s9316_r8_n000_a375,confirmatory,9316,8,0.0,0.375,feedback_only,balanced_permutation_b_k8,balanced_permutation_b,balanced,8,1.06340039778946,1.0,0.6340039778945984,64,64,64,fresh_iid,16,0.14192729637579266,0.14123418728724782
s9316_r8_n000_a375,confirmatory,9316,8,0.0,0.375,feedback_only,comb_contiguous_k1,comb_contiguous,comb,1,0.225,0.125,1.0,64,64,8,fresh_iid,16,0.45825167461850946,0.4481388437907803
s9316_r8_n000_a375,confirmatory,9316,8,0.0,0.375,feedback_only,comb_contiguous_k2,comb_contiguous,comb,2,0.35,0.25,1.0,64,64,16,fresh_iid,16,0.4145333261648546,0.40272791960947674
s9316_r8_n000_a375,confirmatory,9316,8,0.0,0.375,feedback_only,comb_contiguous_k4,comb_contiguous,comb,4,0.6,0.5,1.0,64,64,32,fresh_iid,16,0.3294586929214183,0.3217996680379035
s9316_r8_n000_a375,confirmatory,9316,8,0.0,0.375,feedback_only,comb_contiguous_k8,comb_contiguous,comb,8,1.1,1.0,1.0,64,64,64,fresh_iid,16,0.14192729637579266,0.14123418728724782
s9316_r8_n000_a375,confirmatory,9316,8,0.0,0.375,feedback_only,balanced_contiguous_k1,balanced_contiguous,balanced,1,0.1737418407321983,0.125,0.487418407321983,64,64,8,fresh_iid,64,0.4473321205790324,0.43888226334724556
s9316_r8_n000_a375,confirmatory,9316,8,0.0,0.375,feedback_only,balanced_contiguous_k2,balanced_contiguous,balanced,2,0.2987418407321983,0.25,0.487418407321983,64,64,16,fresh_iid,64,0.3920452094244544,0.3779214141682665
s9316_r8_n000_a375,confirmatory,9316,8,0.0,0.375,feedback_only,balanced_contiguous_k4,balanced_contiguous,balanced,4,0.5487418407321983,0.5,0.487418407321983,64,64,32,fresh_iid,64,0.25188631272871315,0.25452351366636566
s9316_r8_n000_a375,confirmatory,9316,8,0.0,0.375,feedback_only,balanced_contiguous_k8,balanced_contiguous,balanced,8,1.0487418407321982,1.0,0.487418407321983,64,64,64,fresh_iid,64,0.0021040090851504162,0.0020796170859518665
s9316_r8_n000_a375,confirmatory,9316,8,0.0,0.375,feedback_only,balanced_interleaved_k1,balanced_interleaved,balanced,1,0.19088469787505546,0.125,0.6588469787505544,64,64,8,fresh_iid,64,0.4473321205790324,0.43888226334724556
s9316_r8_n000_a375,confirmatory,9316,8,0.0,0.375,feedback_only,balanced_interleaved_k2,balanced_interleaved,balanced,2,0.31588469787505546,0.25,0.6588469787505544,64,64,16,fresh_iid,64,0.38655189596952494,0.37846573249490845
s9316_r8_n000_a375,confirmatory,9316,8,0.0,0.375,feedback_only,balanced_interleaved_k4,balanced_interleaved,balanced,4,0.5658846978750555,0.5,0.6588469787505544,64,64,32,fresh_iid,64,0.26172471815873805,0.25443304097597025
s9316_r8_n000_a375,confirmatory,9316,8,0.0,0.375,feedback_only,balanced_interleaved_k8,balanced_interleaved,balanced,8,1.0658846978750554,1.0,0.6588469787505544,64,64,64,fresh_iid,64,0.0021040090851504162,0.0020796170859518665
s9316_r8_n000_a375,confirmatory,9316,8,0.0,0.375,feedback_only,balanced_permutation_a_k1,balanced_permutation_a,balanced,1,0.18899250811836066,0.125,0.6399250811836067,64,64,8,fresh_iid,64,0.4473321205790324,0.43888226334724556
s9316_r8_n000_a375,confirmatory,9316,8,0.0,0.375,feedback_only,balanced_permutation_a_k2,balanced_permutation_a,balanced,2,0.31399250811836066,0.25,0.6399250811836067,64,64,16,fresh_iid,64,0.38512314646215806,0.37749096574691793
s9316_r8_n000_a375,confirmatory,9316,8,0.0,0.375,feedback_only,balanced_permutation_a_k4,balanced_permutation_a,balanced,4,0.5639925081183607,0.5,0.6399250811836067,64,64,32,fresh_iid,64,0.25001923573050683,0.2538944669491122
s9316_r8_n000_a375,confirmatory,9316,8,0.0,0.375,feedback_only,balanced_permutation_a_k8,balanced_permutation_a,balanced,8,1.0639925081183608,1.0,0.6399250811836067,64,64,64,fresh_iid,64,0.0021040090851504162,0.0020796170859518665
s9316_r8_n000_a375,confirmatory,9316,8,0.0,0.375,feedback_only,balanced_permutation_b_k1,balanced_permutation_b,balanced,1,0.18840039778945986,0.125,0.6340039778945984,64,64,8,fresh_iid,64,0.4473321205790324,0.43888226334724556
s9316_r8_n000_a375,confirmatory,9316,8,0.0,0.375,feedback_only,balanced_permutation_b_k2,balanced_permutation_b,balanced,2,0.31340039778945983,0.25,0.6340039778945984,64,64,16,fresh_iid,64,0.38624436236169735,0.3781339595994034
s9316_r8_n000_a375,confirmatory,9316,8,0.0,0.375,feedback_only,balanced_permutation_b_k4,balanced_permutation_b,balanced,4,0.5634003977894598,0.5,0.6340039778945984,64,64,32,fresh_iid,64,0.2609178388415846,0.25428966750350895
s9316_r8_n000_a375,confirmatory,9316,8,0.0,0.375,feedback_only,balanced_permutation_b_k8,balanced_permutation_b,balanced,8,1.06340039778946,1.0,0.6340039778945984,64,64,64,fresh_iid,64,0.0021040090851504162,0.0020796170859518665
s9316_r8_n000_a375,confirmatory,9316,8,0.0,0.375,feedback_only,comb_contiguous_k1,comb_contiguous,comb,1,0.225,0.125,1.0,64,64,8,fresh_iid,64,0.4473321205790324,0.43888226334724556
s9316_r8_n000_a375,confirmatory,9316,8,0.0,0.375,feedback_only,comb_contiguous_k2,comb_contiguous,comb,2,0.35,0.25,1.0,64,64,16,fresh_iid,64,0.39273249673731525,0.37772972194456167
s9316_r8_n000_a375,confirmatory,9316,8,0.0,0.375,feedback_only,comb_contiguous_k4,comb_contiguous,comb,4,0.6,0.5,1.0,64,64,32,fresh_iid,64,0.26214900848238787,0.25611350917187575
s9316_r8_n000_a375,confirmatory,9316,8,0.0,0.375,feedback_only,comb_contiguous_k8,comb_contiguous,comb,8,1.1,1.0,1.0,64,64,64,fresh_iid,64,0.0021040090851504162,0.0020796170859518665
s9316_r8_n000_a375,confirmatory,9316,8,0.0,0.375,feedback_only,balanced_contiguous_k1,balanced_contiguous,balanced,1,0.1737418407321983,0.125,0.487418407321983,64,64,8,fresh_iid,256,0.4463887360993716,0.43774706582066736
s9316_r8_n000_a375,confirmatory,9316,8,0.0,0.375,feedback_only,balanced_contiguous_k2,balanced_contiguous,balanced,2,0.2987418407321983,0.25,0.487418407321983,64,64,16,fresh_iid,256,0.38933275930778294,0.37787717115945024
s9316_r8_n000_a375,confirmatory,9316,8,0.0,0.375,feedback_only,balanced_contiguous_k4,balanced_contiguous,balanced,4,0.5487418407321983,0.5,0.487418407321983,64,64,32,fresh_iid,256,0.25016844350602946,0.25425694687711836
s9316_r8_n000_a375,confirmatory,9316,8,0.0,0.375,feedback_only,balanced_contiguous_k8,balanced_contiguous,balanced,8,1.0487418407321982,1.0,0.487418407321983,64,64,64,fresh_iid,256,1.19570851864345e-10,1.1661036897676643e-10
s9316_r8_n000_a375,confirmatory,9316,8,0.0,0.375,feedback_only,balanced_interleaved_k1,balanced_interleaved,balanced,1,0.19088469787505546,0.125,0.6588469787505544,64,64,8,fresh_iid,256,0.4463887360993716,0.43774706582066736
s9316_r8_n000_a375,confirmatory,9316,8,0.0,0.375,feedback_only,balanced_interleaved_k2,balanced_interleaved,balanced,2,0.31588469787505546,0.25,0.6588469787505544,64,64,16,fresh_iid,256,0.38500332032618567,0.3766053207359513
s9316_r8_n000_a375,confirmatory,9316,8,0.0,0.375,feedback_only,balanced_interleaved_k4,balanced_interleaved,balanced,4,0.5658846978750555,0.5,0.6588469787505544,64,64,32,fresh_iid,256,0.262327781577287,0.2536872720630837
s9316_r8_n000_a375,confirmatory,9316,8,0.0,0.375,feedback_only,balanced_interleaved_k8,balanced_interleaved,balanced,8,1.0658846978750554,1.0,0.6588469787505544,64,64,64,fresh_iid,256,1.19570851864345e-10,1.1661036897676643e-10
s9316_r8_n000_a375,confirmatory,9316,8,0.0,0.375,feedback_only,balanced_permutation_a_k1,balanced_permutation_a,balanced,1,0.18899250811836066,0.125,0.6399250811836067,64,64,8,fresh_iid,256,0.4463887360993716,0.43774706582066736
s9316_r8_n000_a375,confirmatory,9316,8,0.0,0.375,feedback_only,balanced_permutation_a_k2,balanced_permutation_a,balanced,2,0.31399250811836066,0.25,0.6399250811836067,64,64,16,fresh_iid,256,0.3844217725740201,0.3771258945639113
s9316_r8_n000_a375,confirmatory,9316,8,0.0,0.375,feedback_only,balanced_permutation_a_k4,balanced_permutation_a,balanced,4,0.5639925081183607,0.5,0.6399250811836067,64,64,32,fresh_iid,256,0.25223333902325074,0.2560099298818518
s9316_r8_n000_a375,confirmatory,9316,8,0.0,0.375,feedback_only,balanced_permutation_a_k8,balanced_permutation_a,balanced,8,1.0639925081183608,1.0,0.6399250811836067,64,64,64,fresh_iid,256,1.19570851864345e-10,1.1661036897676643e-10
s9316_r8_n000_a375,confirmatory,9316,8,0.0,0.375,feedback_only,balanced_permutation_b_k1,balanced_permutation_b,balanced,1,0.18840039778945986,0.125,0.6340039778945984,64,64,8,fresh_iid,256,0.4463887360993716,0.43774706582066736
s9316_r8_n000_a375,confirmatory,9316,8,0.0,0.375,feedback_only,balanced_permutation_b_k2,balanced_permutation_b,balanced,2,0.31340039778945983,0.25,0.6340039778945984,64,64,16,fresh_iid,256,0.38631686030751133,0.37727656700060974
s9316_r8_n000_a375,confirmatory,9316,8,0.0,0.375,feedback_only,balanced_permutation_b_k4,balanced_permutation_b,balanced,4,0.5634003977894598,0.5,0.6340039778945984,64,64,32,fresh_iid,256,0.26733016749784644,0.25877346150673397
s9316_r8_n000_a375,confirmatory,9316,8,0.0,0.375,feedback_only,balanced_permutation_b_k8,balanced_permutation_b,balanced,8,1.06340039778946,1.0,0.6340039778945984,64,64,64,fresh_iid,256,1.19570851864345e-10,1.1661036897676643e-10
s9316_r8_n000_a375,confirmatory,9316,8,0.0,0.375,feedback_only,comb_contiguous_k1,comb_contiguous,comb,1,0.225,0.125,1.0,64,64,8,fresh_iid,256,0.4463887360993716,0.43774706582066736
s9316_r8_n000_a375,confirmatory,9316,8,0.0,0.375,feedback_only,comb_contiguous_k2,comb_contiguous,comb,2,0.35,0.25,1.0,64,64,16,fresh_iid,256,0.39058112419267677,0.37779714604961956
s9316_r8_n000_a375,confirmatory,9316,8,0.0,0.375,feedback_only,comb_contiguous_k4,comb_contiguous,comb,4,0.6,0.5,1.0,64,64,32,fresh_iid,256,0.26224832687770167,0.25619966070230227
s9316_r8_n000_a375,confirmatory,9316,8,0.0,0.375,feedback_only,comb_contiguous_k8,comb_contiguous,comb,8,1.1,1.0,1.0,64,64,64,fresh_iid,256,1.19570851864345e-10,1.1661036897676643e-10
s9316_r8_n000_a375,confirmatory,9316,8,0.0,0.375,joint_forward_feedback,balanced_contiguous_k1,balanced_contiguous,balanced,1,0.1737418407321983,0.125,0.487418407321983,64,64,8,fixed_cache,16,0.4797439053035727,0.46978682148007356
s9316_r8_n000_a375,confirmatory,9316,8,0.0,0.375,joint_forward_feedback,balanced_contiguous_k2,balanced_contiguous,balanced,2,0.2987418407321983,0.25,0.487418407321983,64,64,16,fixed_cache,16,0.4543291394025903,0.44363607362135526
s9316_r8_n000_a375,confirmatory,9316,8,0.0,0.375,joint_forward_feedback,balanced_contiguous_k4,balanced_contiguous,balanced,4,0.5487418407321983,0.5,0.487418407321983,64,64,32,fixed_cache,16,0.3925474608350573,0.3882074945827044
s9316_r8_n000_a375,confirmatory,9316,8,0.0,0.375,joint_forward_feedback,balanced_contiguous_k8,balanced_contiguous,balanced,8,1.0487418407321982,1.0,0.487418407321983,64,64,64,fixed_cache,16,0.31301363690449646,0.3086353037750182
s9316_r8_n000_a375,confirmatory,9316,8,0.0,0.375,joint_forward_feedback,balanced_interleaved_k1,balanced_interleaved,balanced,1,0.19088469787505546,0.125,0.6588469787505544,64,64,8,fixed_cache,16,0.47626832339312386,0.4662993395187463
s9316_r8_n000_a375,confirmatory,9316,8,0.0,0.375,joint_forward_feedback,balanced_interleaved_k2,balanced_interleaved,balanced,2,0.31588469787505546,0.25,0.6588469787505544,64,64,16,fixed_cache,16,0.4340363095652414,0.42417106108556124
s9316_r8_n000_a375,confirmatory,9316,8,0.0,0.375,joint_forward_feedback,balanced_interleaved_k4,balanced_interleaved,balanced,4,0.5658846978750555,0.5,0.6588469787505544,64,64,32,fixed_cache,16,0.37481427740533146,0.36497934422860767
s9316_r8_n000_a375,confirmatory,9316,8,0.0,0.375,joint_forward_feedback,balanced_interleaved_k8,balanced_interleaved,balanced,8,1.0658846978750554,1.0,0.6588469787505544,64,64,64,fixed_cache,16,0.25716882197059004,0.2527337347381663
s9316_r8_n000_a375,confirmatory,9316,8,0.0,0.375,joint_forward_feedback,balanced_permutation_a_k1,balanced_permutation_a,balanced,1,0.18899250811836066,0.125,0.6399250811836067,64,64,8,fixed_cache,16,0.4765328773835876,0.46653440324996764
s9316_r8_n000_a375,confirmatory,9316,8,0.0,0.375,joint_forward_feedback,balanced_permutation_a_k2,balanced_permutation_a,balanced,2,0.31399250811836066,0.25,0.6399250811836067,64,64,16,fixed_cache,16,0.4456806887623226,0.4344148375253246
s9316_r8_n000_a375,confirmatory,9316,8,0.0,0.375,joint_forward_feedback,balanced_permutation_a_k4,balanced_permutation_a,balanced,4,0.5639925081183607,0.5,0.6399250811836067,64,64,32,fixed_cache,16,0.3700842061000434,0.3645066218488692
s9316_r8_n000_a375,confirmatory,9316,8,0.0,0.375,joint_forward_feedback,balanced_permutation_a_k8,balanced_permutation_a,balanced,8,1.0639925081183608,1.0,0.6399250811836067,64,64,64,fixed_cache,16,0.26456122679546,0.25960080127501156
s9316_r8_n000_a375,confirmatory,9316,8,0.0,0.375,joint_forward_feedback,balanced_permutation_b_k1,balanced_permutation_b,balanced,1,0.18840039778945986,0.125,0.6340039778945984,64,64,8,fixed_cache,16,0.47651978534836825,0.46643655161842296
s9316_r8_n000_a375,confirmatory,9316,8,0.0,0.375,joint_forward_feedback,balanced_permutation_b_k2,balanced_permutation_b,balanced,2,0.31340039778945983,0.25,0.6340039778945984,64,64,16,fixed_cache,16,0.43776618816024626,0.4284740187300767
s9316_r8_n000_a375,confirmatory,9316,8,0.0,0.375,joint_forward_feedback,balanced_permutation_b_k4,balanced_permutation_b,balanced,4,0.5634003977894598,0.5,0.6340039778945984,64,64,32,fixed_cache,16,0.3805406208842953,0.3745757334045015
s9316_r8_n000_a375,confirmatory,9316,8,0.0,0.375,joint_forward_feedback,balanced_permutation_b_k8,balanced_permutation_b,balanced,8,1.06340039778946,1.0,0.6340039778945984,64,64,64,fixed_cache,16,0.2639905953044499,0.25941430580592206
s9316_r8_n000_a375,confirmatory,9316,8,0.0,0.375,joint_forward_feedback,comb_contiguous_k1,comb_contiguous,comb,1,0.225,0.125,1.0,64,64,8,fixed_cache,16,0.47502873773468335,0.46467037266012595
s9316_r8_n000_a375,confirmatory,9316,8,0.0,0.375,joint_forward_feedback,comb_contiguous_k2,comb_contiguous,comb,2,0.35,0.25,1.0,64,64,16,fixed_cache,16,0.44088945759151843,0.4286907230227779
s9316_r8_n000_a375,confirmatory,9316,8,0.0,0.375,joint_forward_feedback,comb_contiguous_k4,comb_contiguous,comb,4,0.6,0.5,1.0,64,64,32,fixed_cache,16,0.3718126265960259,0.3616401629285999
s9316_r8_n000_a375,confirmatory,9316,8,0.0,0.375,joint_forward_feedback,comb_contiguous_k8,comb_contiguous,comb,8,1.1,1.0,1.0,64,64,64,fixed_cache,16,0.24312683273318164,0.2387404308077211
s9316_r8_n000_a375,confirmatory,9316,8,0.0,0.375,joint_forward_feedback,balanced_contiguous_k1,balanced_contiguous,balanced,1,0.1737418407321983,0.125,0.487418407321983,64,64,8,fixed_cache,64,0.45210404109673463,0.4442184230819204
s9316_r8_n000_a375,confirmatory,9316,8,0.0,0.375,joint_forward_feedback,balanced_contiguous_k2,balanced_contiguous,balanced,2,0.2987418407321983,0.25,0.487418407321983,64,64,16,fixed_cache,64,0.3976077758203617,0.3865044380472792
s9316_r8_n000_a375,confirmatory,9316,8,0.0,0.375,joint_forward_feedback,balanced_contiguous_k4,balanced_contiguous,balanced,4,0.5487418407321983,0.5,0.487418407321983,64,64,32,fixed_cache,64,0.2634444543781642,0.2663481598080206
s9316_r8_n000_a375,confirmatory,9316,8,0.0,0.375,joint_forward_feedback,balanced_contiguous_k8,balanced_contiguous,balanced,8,1.0487418407321982,1.0,0.487418407321983,64,64,64,fixed_cache,64,0.06805161033349172,0.06852940702070218
s9316_r8_n000_a375,confirmatory,9316,8,0.0,0.375,joint_forward_feedback,balanced_interleaved_k1,balanced_interleaved,balanced,1,0.19088469787505546,0.125,0.6588469787505544,64,64,8,fixed_cache,64,0.45076845545715566,0.4431993854700393
s9316_r8_n000_a375,confirmatory,9316,8,0.0,0.375,joint_forward_feedback,balanced_interleaved_k2,balanced_interleaved,balanced,2,0.31588469787505546,0.25,0.6588469787505544,64,64,16,fixed_cache,64,0.3902647355720781,0.38170867617331716
s9316_r8_n000_a375,confirmatory,9316,8,0.0,0.375,joint_forward_feedback,balanced_interleaved_k4,balanced_interleaved,balanced,4,0.5658846978750555,0.5,0.6588469787505544,64,64,32,fixed_cache,64,0.2735506435782544,0.26459313415986313
s9316_r8_n000_a375,confirmatory,9316,8,0.0,0.375,joint_forward_feedback,balanced_interleaved_k8,balanced_interleaved,balanced,8,1.0658846978750554,1.0,0.6588469787505544,64,64,64,fixed_cache,64,0.028245476516258795,0.02794352412240996
s9316_r8_n000_a375,confirmatory,9316,8,0.0,0.375,joint_forward_feedback,balanced_permutation_a_k1,balanced_permutation_a,balanced,1,0.18899250811836066,0.125,0.6399250811836067,64,64,8,fixed_cache,64,0.4505378007205536,0.44304783717258267
s9316_r8_n000_a375,confirmatory,9316,8,0.0,0.375,joint_forward_feedback,balanced_permutation_a_k2,balanced_permutation_a,balanced,2,0.31399250811836066,0.25,0.6399250811836067,64,64,16,fixed_cache,64,0.3888248642197839,0.3811475849124184
s9316_r8_n000_a375,confirmatory,9316,8,0.0,0.375,joint_forward_feedback,balanced_permutation_a_k4,balanced_permutation_a,balanced,4,0.5639925081183607,0.5,0.6399250811836067,64,64,32,fixed_cache,64,0.26212251952284044,0.26419573815706465
s9316_r8_n000_a375,confirmatory,9316,8,0.0,0.375,joint_forward_feedback,balanced_permutation_a_k8,balanced_permutation_a,balanced,8,1.0639925081183608,1.0,0.6399250811836067,64,64,64,fixed_cache,64,0.035397273399451076,0.03530822710780285
s9316_r8_n000_a375,confirmatory,9316,8,0.0,0.375,joint_forward_feedback,balanced_permutation_b_k1,balanced_permutation_b,balanced,1,0.18840039778945986,0.125,0.6340039778945984,64,64,8,fixed_cache,64,0.4506920091616262,0.4431439306062984
s9316_r8_n000_a375,confirmatory,9316,8,0.0,0.375,joint_forward_feedback,balanced_permutation_b_k2,balanced_permutation_b,balanced,2,0.31340039778945983,0.25,0.6340039778945984,64,64,16,fixed_cache,64,0.39207474263032693,0.38427463430021913
s9316_r8_n000_a375,confirmatory,9316,8,0.0,0.375,joint_forward_feedback,balanced_permutation_b_k4,balanced_permutation_b,balanced,4,0.5634003977894598,0.5,0.6340039778945984,64,64,32,fixed_cache,64,0.27250136877382336,0.2676849975363542
s9316_r8_n000_a375,confirmatory,9316,8,0.0,0.375,joint_forward_feedback,balanced_permutation_b_k8,balanced_permutation_b,balanced,8,1.06340039778946,1.0,0.6340039778945984,64,64,64,fixed_cache,64,0.0343028272044935,0.034103070921846876
s9316_r8_n000_a375,confirmatory,9316,8,0.0,0.375,joint_forward_feedback,comb_contiguous_k1,comb_contiguous,comb,1,0.225,0.125,1.0,64,64,8,fixed_cache,64,0.4514558354151619,0.4431956318397773
s9316_r8_n000_a375,confirmatory,9316,8,0.0,0.375,joint_forward_feedback,comb_contiguous_k2,comb_contiguous,comb,2,0.35,0.25,1.0,64,64,16,fixed_cache,64,0.3955399595698167,0.3823538011233165
s9316_r8_n000_a375,confirmatory,9316,8,0.0,0.375,joint_forward_feedback,comb_contiguous_k4,comb_contiguous,comb,4,0.6,0.5,1.0,64,64,32,fixed_cache,64,0.27032145791648066,0.26205098731087784
s9316_r8_n000_a375,confirmatory,9316,8,0.0,0.375,joint_forward_feedback,comb_contiguous_k8,comb_contiguous,comb,8,1.1,1.0,1.0,64,64,64,fixed_cache,64,0.02753751893104512,0.027290734305816324
s9316_r8_n000_a375,confirmatory,9316,8,0.0,0.375,joint_forward_feedback,balanced_contiguous_k1,balanced_contiguous,balanced,1,0.1737418407321983,0.125,0.487418407321983,64,64,8,fixed_cache,256,0.4506936858167176,0.44175196947000356
s9316_r8_n000_a375,confirmatory,9316,8,0.0,0.375,joint_forward_feedback,balanced_contiguous_k2,balanced_contiguous,balanced,2,0.2987418407321983,0.25,0.487418407321983,64,64,16,fixed_cache,256,0.39272828160616763,0.3816728359093521
s9316_r8_n000_a375,confirmatory,9316,8,0.0,0.375,joint_forward_feedback,balanced_contiguous_k4,balanced_contiguous,balanced,4,0.5487418407321983,0.5,0.487418407321983,64,64,32,fixed_cache,256,0.25483428470205755,0.25923452180687234
s9316_r8_n000_a375,confirmatory,9316,8,0.0,0.375,joint_forward_feedback,balanced_contiguous_k8,balanced_contiguous,balanced,8,1.0487418407321982,1.0,0.487418407321983,64,64,64,fixed_cache,256,0.0006058943420384482,0.000627802825015733
s9316_r8_n000_a375,confirmatory,9316,8,0.0,0.375,joint_forward_feedback,balanced_interleaved_k1,balanced_interleaved,balanced,1,0.19088469787505546,0.125,0.6588469787505544,64,64,8,fixed_cache,256,0.45124087685607417,0.44204650948619995
s9316_r8_n000_a375,confirmatory,9316,8,0.0,0.375,joint_forward_feedback,balanced_interleaved_k2,balanced_interleaved,balanced,2,0.31588469787505546,0.25,0.6588469787505544,64,64,16,fixed_cache,256,0.391300432265245,0.38166759307311143
s9316_r8_n000_a375,confirmatory,9316,8,0.0,0.375,joint_forward_feedback,balanced_interleaved_k4,balanced_interleaved,balanced,4,0.5658846978750555,0.5,0.6588469787505544,64,64,32,fixed_cache,256,0.26887901063221786,0.2595091656426761
s9316_r8_n000_a375,confirmatory,9316,8,0.0,0.375,joint_forward_feedback,balanced_interleaved_k8,balanced_interleaved,balanced,8,1.0658846978750554,1.0,0.6588469787505544,64,64,64,fixed_cache,256,1.8096307183450373e-05,1.8269551131261285e-05
s9316_r8_n000_a375,confirmatory,9316,8,0.0,0.375,joint_forward_feedback,balanced_permutation_a_k1,balanced_permutation_a,balanced,1,0.18899250811836066,0.125,0.6399250811836067,64,64,8,fixed_cache,256,0.4508822169277239,0.44189049608629016
s9316_r8_n000_a375,confirmatory,9316,8,0.0,0.375,joint_forward_feedback,balanced_permutation_a_k2,balanced_permutation_a,balanced,2,0.31399250811836066,0.25,0.6399250811836067,64,64,16,fixed_cache,256,0.3870196692271759,0.37947830471809957
s9316_r8_n000_a375,confirmatory,9316,8,0.0,0.375,joint_forward_feedback,balanced_permutation_a_k4,balanced_permutation_a,balanced,4,0.5639925081183607,0.5,0.6399250811836067,64,64,32,fixed_cache,256,0.2536141005115192,0.25695070676259535
s9316_r8_n000_a375,confirmatory,9316,8,0.0,0.375,joint_forward_feedback,balanced_permutation_a_k8,balanced_permutation_a,balanced,8,1.0639925081183608,1.0,0.6399250811836067,64,64,64,fixed_cache,256,0.00016778311895835723,0.00016738511406733675
s9316_r8_n000_a375,confirmatory,9316,8,0.0,0.375,joint_forward_feedback,balanced_permutation_b_k1,balanced_permutation_b,balanced,1,0.18840039778945986,0.125,0.6340039778945984,64,64,8,fixed_cache,256,0.45117879856131693,0.44194737846267584
s9316_r8_n000_a375,confirmatory,9316,8,0.0,0.375,joint_forward_feedback,balanced_permutation_b_k2,balanced_permutation_b,balanced,2,0.31340039778945983,0.25,0.6340039778945984,64,64,16,fixed_cache,256,0.39117705693968874,0.3812999061309912
s9316_r8_n000_a375,confirmatory,9316,8,0.0,0.375,joint_forward_feedback,balanced_permutation_b_k4,balanced_permutation_b,balanced,4,0.5634003977894598,0.5,0.6340039778945984,64,64,32,fixed_cache,256,0.2673214145206524,0.25850058366591655
s9316_r8_n000_a375,confirmatory,9316,8,0.0,0.375,joint_forward_feedback,balanced_permutation_b_k8,balanced_permutation_b,balanced,8,1.06340039778946,1.0,0.6340039778945984,64,64,64,fixed_cache,256,7.453881432945762e-05,7.367426314643666e-05
s9316_r8_n000_a375,confirmatory,9316,8,0.0,0.375,joint_forward_feedback,comb_contiguous_k1,comb_contiguous,comb,1,0.225,0.125,1.0,64,64,8,fixed_cache,256,0.4523271895896408,0.4421352438530358
s9316_r8_n000_a375,confirmatory,9316,8,0.0,0.375,joint_forward_feedback,comb_contiguous_k2,comb_contiguous,comb,2,0.35,0.25,1.0,64,64,16,fixed_cache,256,0.40151838908561993,0.3867673440773478
s9316_r8_n000_a375,confirmatory,9316,8,0.0,0.375,joint_forward_feedback,comb_contiguous_k4,comb_contiguous,comb,4,0.6,0.5,1.0,64,64,32,fixed_cache,256,0.2707513739128614,0.26224966471858996
s9316_r8_n000_a375,confirmatory,9316,8,0.0,0.375,joint_forward_feedback,comb_contiguous_k8,comb_contiguous,comb,8,1.1,1.0,1.0,64,64,64,fixed_cache,256,0.0001388698735524899,0.0001392543375599881
s9316_r8_n000_a375,confirmatory,9316,8,0.0,0.375,joint_forward_feedback,balanced_contiguous_k1,balanced_contiguous,balanced,1,0.1737418407321983,0.125,0.487418407321983,64,64,8,fresh_iid,16,0.4730900732403447,0.46291934852670075
s9316_r8_n000_a375,confirmatory,9316,8,0.0,0.375,joint_forward_feedback,balanced_contiguous_k2,balanced_contiguous,balanced,2,0.2987418407321983,0.25,0.487418407321983,64,64,16,fresh_iid,16,0.4396025237444992,0.4288497303893335
s9316_r8_n000_a375,confirmatory,9316,8,0.0,0.375,joint_forward_feedback,balanced_contiguous_k4,balanced_contiguous,balanced,4,0.5487418407321983,0.5,0.487418407321983,64,64,32,fresh_iid,16,0.3770610684392651,0.3714188630258949
s9316_r8_n000_a375,confirmatory,9316,8,0.0,0.375,joint_forward_feedback,balanced_contiguous_k8,balanced_contiguous,balanced,8,1.0487418407321982,1.0,0.487418407321983,64,64,64,fresh_iid,16,0.30572176348867697,0.30134681904266986
s9316_r8_n000_a375,confirmatory,9316,8,0.0,0.375,joint_forward_feedback,balanced_interleaved_k1,balanced_interleaved,balanced,1,0.19088469787505546,0.125,0.6588469787505544,64,64,8,fresh_iid,16,0.46905216908444913,0.45885819844656617
s9316_r8_n000_a375,confirmatory,9316,8,0.0,0.375,joint_forward_feedback,balanced_interleaved_k2,balanced_interleaved,balanced,2,0.31588469787505546,0.25,0.6588469787505544,64,64,16,fresh_iid,16,0.44444964702076983,0.4346496129520954
s9316_r8_n000_a375,confirmatory,9316,8,0.0,0.375,joint_forward_feedback,balanced_interleaved_k4,balanced_interleaved,balanced,4,0.5658846978750555,0.5,0.6588469787505544,64,64,32,fresh_iid,16,0.37616907561769275,0.3679493728129946
s9316_r8_n000_a375,confirmatory,9316,8,0.0,0.375,joint_forward_feedback,balanced_interleaved_k8,balanced_interleaved,balanced,8,1.0658846978750554,1.0,0.6588469787505544,64,64,64,fresh_iid,16,0.2528953270914117,0.2493511317300865
s9316_r8_n000_a375,confirmatory,9316,8,0.0,0.375,joint_forward_feedback,balanced_permutation_a_k1,balanced_permutation_a,balanced,1,0.18899250811836066,0.125,0.6399250811836067,64,64,8,fresh_iid,16,0.4686361424409895,0.45873205709367615
s9316_r8_n000_a375,confirmatory,9316,8,0.0,0.375,joint_forward_feedback,balanced_permutation_a_k2,balanced_permutation_a,balanced,2,0.31399250811836066,0.25,0.6399250811836067,64,64,16,fresh_iid,16,0.44461096847838444,0.434925712558307
s9316_r8_n000_a375,confirmatory,9316,8,0.0,0.375,joint_forward_feedback,balanced_permutation_a_k4,balanced_permutation_a,balanced,4,0.5639925081183607,0.5,0.6399250811836067,64,64,32,fresh_iid,16,0.3745925881026385,0.37048776965792696
s9316_r8_n000_a375,confirmatory,9316,8,0.0,0.375,joint_forward_feedback,balanced_permutation_a_k8,balanced_permutation_a,balanced,8,1.0639925081183608,1.0,0.6399250811836067,64,64,64,fresh_iid,16,0.257774298471526,0.25411164227309646
s9316_r8_n000_a375,confirmatory,9316,8,0.0,0.375,joint_forward_feedback,balanced_permutation_b_k1,balanced_permutation_b,balanced,1,0.18840039778945986,0.125,0.6340039778945984,64,64,8,fresh_iid,16,0.46921406532305854,0.4591311643192303
s9316_r8_n000_a375,confirmatory,9316,8,0.0,0.375,joint_forward_feedback,balanced_permutation_b_k2,balanced_permutation_b,balanced,2,0.31340039778945983,0.25,0.6340039778945984,64,64,16,fresh_iid,16,0.4394098654041074,0.43068936163299587
s9316_r8_n000_a375,confirmatory,9316,8,0.0,0.375,joint_forward_feedback,balanced_permutation_b_k4,balanced_permutation_b,balanced,4,0.5634003977894598,0.5,0.6340039778945984,64,64,32,fresh_iid,16,0.3765431303120017,0.3698312290293414
s9316_r8_n000_a375,confirmatory,9316,8,0.0,0.375,joint_forward_feedback,balanced_permutation_b_k8,balanced_permutation_b,balanced,8,1.06340039778946,1.0,0.6340039778945984,64,64,64,fresh_iid,16,0.25892978528982924,0.2549757746315909
s9316_r8_n000_a375,confirmatory,9316,8,0.0,0.375,joint_forward_feedback,comb_contiguous_k1,comb_contiguous,comb,1,0.225,0.125,1.0,64,64,8,fresh_iid,16,0.46761729071515123,0.45690487688460946
s9316_r8_n000_a375,confirmatory,9316,8,0.0,0.375,joint_forward_feedback,comb_contiguous_k2,comb_contiguous,comb,2,0.35,0.25,1.0,64,64,16,fresh_iid,16,0.42880854787776457,0.4168731521521988
s9316_r8_n000_a375,confirmatory,9316,8,0.0,0.375,joint_forward_feedback,comb_contiguous_k4,comb_contiguous,comb,4,0.6,0.5,1.0,64,64,32,fresh_iid,16,0.35741828491255684,0.3489220582464763
s9316_r8_n000_a375,confirmatory,9316,8,0.0,0.375,joint_forward_feedback,comb_contiguous_k8,comb_contiguous,comb,8,1.1,1.0,1.0,64,64,64,fresh_iid,16,0.2351113524339888,0.23194597981263076
s9316_r8_n000_a375,confirmatory,9316,8,0.0,0.375,joint_forward_feedback,balanced_contiguous_k1,balanced_contiguous,balanced,1,0.1737418407321983,0.125,0.487418407321983,64,64,8,fresh_iid,64,0.44947860422878944,0.43986878596682333
s9316_r8_n000_a375,confirmatory,9316,8,0.0,0.375,joint_forward_feedback,balanced_contiguous_k2,balanced_contiguous,balanced,2,0.2987418407321983,0.25,0.487418407321983,64,64,16,fresh_iid,64,0.3934163705104323,0.37977471109833116
s9316_r8_n000_a375,confirmatory,9316,8,0.0,0.375,joint_forward_feedback,balanced_contiguous_k4,balanced_contiguous,balanced,4,0.5487418407321983,0.5,0.487418407321983,64,64,32,fresh_iid,64,0.26536416999049495,0.2652218180519979
s9316_r8_n000_a375,confirmatory,9316,8,0.0,0.375,joint_forward_feedback,balanced_contiguous_k8,balanced_contiguous,balanced,8,1.0487418407321982,1.0,0.487418407321983,64,64,64,fresh_iid,64,0.06918410990298288,0.06837207020453812
s9316_r8_n000_a375,confirmatory,9316,8,0.0,0.375,joint_forward_feedback,balanced_interleaved_k1,balanced_interleaved,balanced,1,0.19088469787505546,0.125,0.6588469787505544,64,64,8,fresh_iid,64,0.44839260526939495,0.4390688836519821
s9316_r8_n000_a375,confirmatory,9316,8,0.0,0.375,joint_forward_feedback,balanced_interleaved_k2,balanced_interleaved,balanced,2,0.31588469787505546,0.25,0.6588469787505544,64,64,16,fresh_iid,64,0.3890824712010165,0.37982172485672605
s9316_r8_n000_a375,confirmatory,9316,8,0.0,0.375,joint_forward_feedback,balanced_interleaved_k4,balanced_interleaved,balanced,4,0.5658846978750555,0.5,0.6588469787505544,64,64,32,fresh_iid,64,0.2682050849968115,0.26016156604734997
s9316_r8_n000_a375,confirmatory,9316,8,0.0,0.375,joint_forward_feedback,balanced_interleaved_k8,balanced_interleaved,balanced,8,1.0658846978750554,1.0,0.6588469787505544,64,64,64,fresh_iid,64,0.02623956827937835,0.02550472161635659
s9316_r8_n000_a375,confirmatory,9316,8,0.0,0.375,joint_forward_feedback,balanced_permutation_a_k1,balanced_permutation_a,balanced,1,0.18899250811836066,0.125,0.6399250811836067,64,64,8,fresh_iid,64,0.44809370150673067,0.43905167752209306
s9316_r8_n000_a375,confirmatory,9316,8,0.0,0.375,joint_forward_feedback,balanced_permutation_a_k2,balanced_permutation_a,balanced,2,0.31399250811836066,0.25,0.6399250811836067,64,64,16,fresh_iid,64,0.3887569052366857,0.3798428477491917
s9316_r8_n000_a375,confirmatory,9316,8,0.0,0.375,joint_forward_feedback,balanced_permutation_a_k4,balanced_permutation_a,balanced,4,0.5639925081183607,0.5,0.6399250811836067,64,64,32,fresh_iid,64,0.25969137880102006,0.26140612814192804
s9316_r8_n000_a375,confirmatory,9316,8,0.0,0.375,joint_forward_feedback,balanced_permutation_a_k8,balanced_permutation_a,balanced,8,1.0639925081183608,1.0,0.6399250811836067,64,64,64,fresh_iid,64,0.03384677359154978,0.033000896096223586
s9316_r8_n000_a375,confirmatory,9316,8,0.0,0.375,joint_forward_feedback,balanced_permutation_b_k1,balanced_permutation_b,balanced,1,0.18840039778945986,0.125,0.6340039778945984,64,64,8,fresh_iid,64,0.44849515535254947,0.43909583234269406
s9316_r8_n000_a375,confirmatory,9316,8,0.0,0.375,joint_forward_feedback,balanced_permutation_b_k2,balanced_permutation_b,balanced,2,0.31340039778945983,0.25,0.6340039778945984,64,64,16,fresh_iid,64,0.38861832352130304,0.37991778608417415
s9316_r8_n000_a375,confirmatory,9316,8,0.0,0.375,joint_forward_feedback,balanced_permutation_b_k4,balanced_permutation_b,balanced,4,0.5634003977894598,0.5,0.6340039778945984,64,64,32,fresh_iid,64,0.2669260765818283,0.2605110637536445
s9316_r8_n000_a375,confirmatory,9316,8,0.0,0.375,joint_forward_feedback,balanced_permutation_b_k8,balanced_permutation_b,balanced,8,1.06340039778946,1.0,0.6340039778945984,64,64,64,fresh_iid,64,0.03220680039994313,0.03130434222671029
s9316_r8_n000_a375,confirmatory,9316,8,0.0,0.375,joint_forward_feedback,comb_contiguous_k1,comb_contiguous,comb,1,0.225,0.125,1.0,64,64,8,fresh_iid,64,0.4491956743554505,0.4390639401825252
s9316_r8_n000_a375,confirmatory,9316,8,0.0,0.375,joint_forward_feedback,comb_contiguous_k2,comb_contiguous,comb,2,0.35,0.25,1.0,64,64,16,fresh_iid,64,0.39351175813452316,0.3780804899085006
s9316_r8_n000_a375,confirmatory,9316,8,0.0,0.375,joint_forward_feedback,comb_contiguous_k4,comb_contiguous,comb,4,0.6,0.5,1.0,64,64,32,fresh_iid,64,0.2646724026145221,0.2578058057516736
s9316_r8_n000_a375,confirmatory,9316,8,0.0,0.375,joint_forward_feedback,comb_contiguous_k8,comb_contiguous,comb,8,1.1,1.0,1.0,64,64,64,fresh_iid,64,0.027479079541057074,0.026978119416699916
s9316_r8_n000_a375,confirmatory,9316,8,0.0,0.375,joint_forward_feedback,balanced_contiguous_k1,balanced_contiguous,balanced,1,0.1737418407321983,0.125,0.487418407321983,64,64,8,fresh_iid,256,0.4461777813805789,0.43764775458296845
s9316_r8_n000_a375,confirmatory,9316,8,0.0,0.375,joint_forward_feedback,balanced_contiguous_k2,balanced_contiguous,balanced,2,0.2987418407321983,0.25,0.487418407321983,64,64,16,fresh_iid,256,0.3876943254449739,0.37654817769476745
s9316_r8_n000_a375,confirmatory,9316,8,0.0,0.375,joint_forward_feedback,balanced_contiguous_k4,balanced_contiguous,balanced,4,0.5487418407321983,0.5,0.487418407321983,64,64,32,fresh_iid,256,0.24779420587735193,0.2520995797015228
s9316_r8_n000_a375,confirmatory,9316,8,0.0,0.375,joint_forward_feedback,balanced_contiguous_k8,balanced_contiguous,balanced,8,1.0487418407321982,1.0,0.487418407321983,64,64,64,fresh_iid,256,0.0005580374997411339,0.0005672676952368203
s9316_r8_n000_a375,confirmatory,9316,8,0.0,0.375,joint_forward_feedback,balanced_interleaved_k1,balanced_interleaved,balanced,1,0.19088469787505546,0.125,0.6588469787505544,64,64,8,fresh_iid,256,0.44618748476008596,0.437646082453953
s9316_r8_n000_a375,confirmatory,9316,8,0.0,0.375,joint_forward_feedback,balanced_interleaved_k2,balanced_interleaved,balanced,2,0.31588469787505546,0.25,0.6588469787505544,64,64,16,fresh_iid,256,0.38421905186696714,0.3756957367693174
s9316_r8_n000_a375,confirmatory,9316,8,0.0,0.375,joint_forward_feedback,balanced_interleaved_k4,balanced_interleaved,balanced,4,0.5658846978750555,0.5,0.6588469787505544,64,64,32,fresh_iid,256,0.26068673721316216,0.2521142511720251
s9316_r8_n000_a375,confirmatory,9316,8,0.0,0.375,joint_forward_feedback,balanced_interleaved_k8,balanced_interleaved,balanced,8,1.0658846978750554,1.0,0.6588469787505544,64,64,64,fresh_iid,256,6.801938354044141e-06,6.479848210327155e-06
s9316_r8_n000_a375,confirmatory,9316,8,0.0,0.375,joint_forward_feedback,balanced_permutation_a_k1,balanced_permutation_a,balanced,1,0.18899250811836066,0.125,0.6399250811836067,64,64,8,fresh_iid,256,0.44579432634392235,0.43762791255158595
s9316_r8_n000_a375,confirmatory,9316,8,0.0,0.375,joint_forward_feedback,balanced_permutation_a_k2,balanced_permutation_a,balanced,2,0.31399250811836066,0.25,0.6399250811836067,64,64,16,fresh_iid,256,0.38350339915822157,0.3761102947250816
s9316_r8_n000_a375,confirmatory,9316,8,0.0,0.375,joint_forward_feedback,balanced_permutation_a_k4,balanced_permutation_a,balanced,4,0.5639925081183607,0.5,0.6399250811836067,64,64,32,fresh_iid,256,0.24948653500181336,0.25330938464111097
s9316_r8_n000_a375,confirmatory,9316,8,0.0,0.375,joint_forward_feedback,balanced_permutation_a_k8,balanced_permutation_a,balanced,8,1.0639925081183608,1.0,0.6399250811836067,64,64,64,fresh_iid,256,0.00013789429485272338,0.00013541025437305024
s9316_r8_n000_a375,confirmatory,9316,8,0.0,0.375,joint_forward_feedback,balanced_permutation_b_k1,balanced_permutation_b,balanced,1,0.18840039778945986,0.125,0.6340039778945984,64,64,8,fresh_iid,256,0.44615948418756934,0.4376293312544747
s9316_r8_n000_a375,confirmatory,9316,8,0.0,0.375,joint_forward_feedback,balanced_permutation_b_k2,balanced_permutation_b,balanced,2,0.31340039778945983,0.25,0.6340039778945984,64,64,16,fresh_iid,256,0.3855050468617053,0.37633537552849317
s9316_r8_n000_a375,confirmatory,9316,8,0.0,0.375,joint_forward_feedback,balanced_permutation_b_k4,balanced_permutation_b,balanced,4,0.5634003977894598,0.5,0.6340039778945984,64,64,32,fresh_iid,256,0.2629719773443175,0.25425851596456267
s9316_r8_n000_a375,confirmatory,9316,8,0.0,0.375,joint_forward_feedback,balanced_permutation_b_k8,balanced_permutation_b,balanced,8,1.06340039778946,1.0,0.6340039778945984,64,64,64,fresh_iid,256,5.3617497334513346e-05,5.117932658990831e-05
s9316_r8_n000_a375,confirmatory,9316,8,0.0,0.375,joint_forward_feedback,comb_contiguous_k1,comb_contiguous,comb,1,0.225,0.125,1.0,64,64,8,fresh_iid,256,0.44687394798689095,0.4376990533218356
s9316_r8_n000_a375,confirmatory,9316,8,0.0,0.375,joint_forward_feedback,comb_contiguous_k2,comb_contiguous,comb,2,0.35,0.25,1.0,64,64,16,fresh_iid,256,0.3901769946898448,0.37711769016022123
s9316_r8_n000_a375,confirmatory,9316,8,0.0,0.375,joint_forward_feedback,comb_contiguous_k4,comb_contiguous,comb,4,0.6,0.5,1.0,64,64,32,fresh_iid,256,0.26027643968151487,0.2542689164012614
s9316_r8_n000_a375,confirmatory,9316,8,0.0,0.375,joint_forward_feedback,comb_contiguous_k8,comb_contiguous,comb,8,1.1,1.0,1.0,64,64,64,fresh_iid,256,0.0001256542855859424,0.00012568801833000114
s9316_r8_n750_a125,confirmatory,9316,8,0.75,0.125,feedback_only,balanced_contiguous_k1,balanced_contiguous,balanced,1,0.1737418407321983,0.125,0.487418407321983,64,64,8,fixed_cache,16,0.7304348294064936,0.7336982005645691
s9316_r8_n750_a125,confirmatory,9316,8,0.75,0.125,feedback_only,balanced_contiguous_k2,balanced_contiguous,balanced,2,0.2987418407321983,0.25,0.487418407321983,64,64,16,fixed_cache,16,0.6888185277698344,0.6939961156737926
s9316_r8_n750_a125,confirmatory,9316,8,0.75,0.125,feedback_only,balanced_contiguous_k4,balanced_contiguous,balanced,4,0.5487418407321983,0.5,0.487418407321983,64,64,32,fixed_cache,16,0.5853784278926327,0.6004680007619174
s9316_r8_n750_a125,confirmatory,9316,8,0.75,0.125,feedback_only,balanced_contiguous_k8,balanced_contiguous,balanced,8,1.0487418407321982,1.0,0.487418407321983,64,64,64,fixed_cache,16,0.4204046043753586,0.4294606174308985
s9316_r8_n750_a125,confirmatory,9316,8,0.75,0.125,feedback_only,balanced_interleaved_k1,balanced_interleaved,balanced,1,0.19088469787505546,0.125,0.6588469787505544,64,64,8,fixed_cache,16,0.7304348294064936,0.7336982005645691
s9316_r8_n750_a125,confirmatory,9316,8,0.75,0.125,feedback_only,balanced_interleaved_k2,balanced_interleaved,balanced,2,0.31588469787505546,0.25,0.6588469787505544,64,64,16,fixed_cache,16,0.6777503233352671,0.6782471874403029
s9316_r8_n750_a125,confirmatory,9316,8,0.75,0.125,feedback_only,balanced_interleaved_k4,balanced_interleaved,balanced,4,0.5658846978750555,0.5,0.6588469787505544,64,64,32,fixed_cache,16,0.5965737705848609,0.6013698735430515
s9316_r8_n750_a125,confirmatory,9316,8,0.75,0.125,feedback_only,balanced_interleaved_k8,balanced_interleaved,balanced,8,1.0658846978750554,1.0,0.6588469787505544,64,64,64,fixed_cache,16,0.4204046043753586,0.4294606174308985
s9316_r8_n750_a125,confirmatory,9316,8,0.75,0.125,feedback_only,balanced_permutation_a_k1,balanced_permutation_a,balanced,1,0.18899250811836066,0.125,0.6399250811836067,64,64,8,fixed_cache,16,0.7304348294064936,0.7336982005645691
s9316_r8_n750_a125,confirmatory,9316,8,0.75,0.125,feedback_only,balanced_permutation_a_k2,balanced_permutation_a,balanced,2,0.31399250811836066,0.25,0.6399250811836067,64,64,16,fixed_cache,16,0.7005803524281775,0.698523184804343
s9316_r8_n750_a125,confirmatory,9316,8,0.75,0.125,feedback_only,balanced_permutation_a_k4,balanced_permutation_a,balanced,4,0.5639925081183607,0.5,0.6399250811836067,64,64,32,fixed_cache,16,0.5934030789133893,0.6021706768586421
s9316_r8_n750_a125,confirmatory,9316,8,0.75,0.125,feedback_only,balanced_permutation_a_k8,balanced_permutation_a,balanced,8,1.0639925081183608,1.0,0.6399250811836067,64,64,64,fixed_cache,16,0.4204046043753586,0.4294606174308985
s9316_r8_n750_a125,confirmatory,9316,8,0.75,0.125,feedback_only,balanced_permutation_b_k1,balanced_permutation_b,balanced,1,0.18840039778945986,0.125,0.6340039778945984,64,64,8,fixed_cache,16,0.7304348294064936,0.7336982005645691
s9316_r8_n750_a125,confirmatory,9316,8,0.75,0.125,feedback_only,balanced_permutation_b_k2,balanced_permutation_b,balanced,2,0.31340039778945983,0.25,0.6340039778945984,64,64,16,fixed_cache,16,0.6888678430643957,0.6924410232319836
s9316_r8_n750_a125,confirmatory,9316,8,0.75,0.125,feedback_only,balanced_permutation_b_k4,balanced_permutation_b,balanced,4,0.5634003977894598,0.5,0.6340039778945984,64,64,32,fixed_cache,16,0.5983325390507851,0.6037345415983335
s9316_r8_n750_a125,confirmatory,9316,8,0.75,0.125,feedback_only,balanced_permutation_b_k8,balanced_permutation_b,balanced,8,1.06340039778946,1.0,0.6340039778945984,64,64,64,fixed_cache,16,0.4204046043753586,0.4294606174308985
s9316_r8_n750_a125,confirmatory,9316,8,0.75,0.125,feedback_only,comb_contiguous_k1,comb_contiguous,comb,1,0.225,0.125,1.0,64,64,8,fixed_cache,16,0.7304348294064936,0.7336982005645691
s9316_r8_n750_a125,confirmatory,9316,8,0.75,0.125,feedback_only,comb_contiguous_k2,comb_contiguous,comb,2,0.35,0.25,1.0,64,64,16,fixed_cache,16,0.6927592253554797,0.6898015206372001
s9316_r8_n750_a125,confirmatory,9316,8,0.75,0.125,feedback_only,comb_contiguous_k4,comb_contiguous,comb,4,0.6,0.5,1.0,64,64,32,fixed_cache,16,0.6072579446461515,0.6102762166997735
s9316_r8_n750_a125,confirmatory,9316,8,0.75,0.125,feedback_only,comb_contiguous_k8,comb_contiguous,comb,8,1.1,1.0,1.0,64,64,64,fixed_cache,16,0.4204046043753586,0.4294606174308985
s9316_r8_n750_a125,confirmatory,9316,8,0.75,0.125,feedback_only,balanced_contiguous_k1,balanced_contiguous,balanced,1,0.1737418407321983,0.125,0.487418407321983,64,64,8,fixed_cache,64,0.7200864337289457,0.72612329333841
s9316_r8_n750_a125,confirmatory,9316,8,0.75,0.125,feedback_only,balanced_contiguous_k2,balanced_contiguous,balanced,2,0.2987418407321983,0.25,0.487418407321983,64,64,16,fixed_cache,64,0.6570850796369765,0.6666477748746658
s9316_r8_n750_a125,confirmatory,9316,8,0.75,0.125,feedback_only,balanced_contiguous_k4,balanced_contiguous,balanced,4,0.5487418407321983,0.5,0.487418407321983,64,64,32,fixed_cache,64,0.5222377664540597,0.5455570524154192
s9316_r8_n750_a125,confirmatory,9316,8,0.75,0.125,feedback_only,balanced_contiguous_k8,balanced_contiguous,balanced,8,1.0487418407321982,1.0,0.487418407321983,64,64,64,fixed_cache,64,0.30317798189765277,0.31231163634576253
s9316_r8_n750_a125,confirmatory,9316,8,0.75,0.125,feedback_only,balanced_interleaved_k1,balanced_interleaved,balanced,1,0.19088469787505546,0.125,0.6588469787505544,64,64,8,fixed_cache,64,0.7200864337289457,0.72612329333841
s9316_r8_n750_a125,confirmatory,9316,8,0.75,0.125,feedback_only,balanced_interleaved_k2,balanced_interleaved,balanced,2,0.31588469787505546,0.25,0.6588469787505544,64,64,16,fixed_cache,64,0.6692037278500452,0.6685003511336356
s9316_r8_n750_a125,confirmatory,9316,8,0.75,0.125,feedback_only,balanced_interleaved_k4,balanced_interleaved,balanced,4,0.5658846978750555,0.5,0.6588469787505544,64,64,32,fixed_cache,64,0.5497065658350715,0.5552784396821757
s9316_r8_n750_a125,confirmatory,9316,8,0.75,0.125,feedback_only,balanced_interleaved_k8,balanced_interleaved,balanced,8,1.0658846978750554,1.0,0.6588469787505544,64,64,64,fixed_cache,64,0.30317798189765277,0.31231163634576253
s9316_r8_n750_a125,confirmatory,9316,8,0.75,0.125,feedback_only,balanced_permutation_a_k1,balanced_permutation_a,balanced,1,0.18899250811836066,0.125,0.6399250811836067,64,64,8,fixed_cache,64,0.7200864337289457,0.72612329333841
s9316_r8_n750_a125,confirmatory,9316,8,0.75,0.125,feedback_only,balanced_permutation_a_k2,balanced_permutation_a,balanced,2,0.31399250811836066,0.25,0.6399250811836067,64,64,16,fixed_cache,64,0.6812031483019837,0.677341051171029
s9316_r8_n750_a125,confirmatory,9316,8,0.75,0.125,feedback_only,balanced_permutation_a_k4,balanced_permutation_a,balanced,4,0.5639925081183607,0.5,0.6399250811836067,64,64,32,fixed_cache,64,0.5433457716102008,0.5565278853982802
s9316_r8_n750_a125,confirmatory,9316,8,0.75,0.125,feedback_only,balanced_permutation_a_k8,balanced_permutation_a,balanced,8,1.0639925081183608,1.0,0.6399250811836067,64,64,64,fixed_cache,64,0.30317798189765277,0.31231163634576253
s9316_r8_n750_a125,confirmatory,9316,8,0.75,0.125,feedback_only,balanced_permutation_b_k1,balanced_permutation_b,balanced,1,0.18840039778945986,0.125,0.6340039778945984,64,64,8,fixed_cache,64,0.7200864337289457,0.72612329333841
s9316_r8_n750_a125,confirmatory,9316,8,0.75,0.125,feedback_only,balanced_permutation_b_k2,balanced_permutation_b,balanced,2,0.31340039778945983,0.25,0.6340039778945984,64,64,16,fixed_cache,64,0.6726122717028074,0.6772387668513121
s9316_r8_n750_a125,confirmatory,9316,8,0.75,0.125,feedback_only,balanced_permutation_b_k4,balanced_permutation_b,balanced,4,0.5634003977894598,0.5,0.6340039778945984,64,64,32,fixed_cache,64,0.5546668068240743,0.5558828115469315
s9316_r8_n750_a125,confirmatory,9316,8,0.75,0.125,feedback_only,balanced_permutation_b_k8,balanced_permutation_b,balanced,8,1.06340039778946,1.0,0.6340039778945984,64,64,64,fixed_cache,64,0.30317798189765277,0.31231163634576253
s9316_r8_n750_a125,confirmatory,9316,8,0.75,0.125,feedback_only,comb_contiguous_k1,comb_contiguous,comb,1,0.225,0.125,1.0,64,64,8,fixed_cache,64,0.7200864337289457,0.72612329333841
s9316_r8_n750_a125,confirmatory,9316,8,0.75,0.125,feedback_only,comb_contiguous_k2,comb_contiguous,comb,2,0.35,0.25,1.0,64,64,16,fixed_cache,64,0.6709537671624005,0.6683023984973827
s9316_r8_n750_a125,confirmatory,9316,8,0.75,0.125,feedback_only,comb_contiguous_k4,comb_contiguous,comb,4,0.6,0.5,1.0,64,64,32,fixed_cache,64,0.5553503041505247,0.5626316113588978
s9316_r8_n750_a125,confirmatory,9316,8,0.75,0.125,feedback_only,comb_contiguous_k8,comb_contiguous,comb,8,1.1,1.0,1.0,64,64,64,fixed_cache,64,0.30317798189765277,0.31231163634576253
s9316_r8_n750_a125,confirmatory,9316,8,0.75,0.125,feedback_only,balanced_contiguous_k1,balanced_contiguous,balanced,1,0.1737418407321983,0.125,0.487418407321983,64,64,8,fixed_cache,256,0.7195331658773263,0.7217376733445019
s9316_r8_n750_a125,confirmatory,9316,8,0.75,0.125,feedback_only,balanced_contiguous_k2,balanced_contiguous,balanced,2,0.2987418407321983,0.25,0.487418407321983,64,64,16,fixed_cache,256,0.6558837708532296,0.6632135673690834
s9316_r8_n750_a125,confirmatory,9316,8,0.75,0.125,feedback_only,balanced_contiguous_k4,balanced_contiguous,balanced,4,0.5487418407321983,0.5,0.487418407321983,64,64,32,fixed_cache,256,0.5214013020330877,0.5410982437628822
s9316_r8_n750_a125,confirmatory,9316,8,0.75,0.125,feedback_only,balanced_contiguous_k8,balanced_contiguous,balanced,8,1.0487418407321982,1.0,0.487418407321983,64,64,64,fixed_cache,256,0.2939444408000027,0.2992825540357099
s9316_r8_n750_a125,confirmatory,9316,8,0.75,0.125,feedback_only,balanced_interleaved_k1,balanced_interleaved,balanced,1,0.19088469787505546,0.125,0.6588469787505544,64,64,8,fixed_cache,256,0.7195331658773263,0.7217376733445019
s9316_r8_n750_a125,confirmatory,9316,8,0.75,0.125,feedback_only,balanced_interleaved_k2,balanced_interleaved,balanced,2,0.31588469787505546,0.25,0.6588469787505544,64,64,16,fixed_cache,256,0.6718947827846864,0.6657041068845407
s9316_r8_n750_a125,confirmatory,9316,8,0.75,0.125,feedback_only,balanced_interleaved_k4,balanced_interleaved,balanced,4,0.5658846978750555,0.5,0.6588469787505544,64,64,32,fixed_cache,256,0.5468163254502674,0.5536089522588032
s9316_r8_n750_a125,confirmatory,9316,8,0.75,0.125,feedback_only,balanced_interleaved_k8,balanced_interleaved,balanced,8,1.0658846978750554,1.0,0.6588469787505544,64,64,64,fixed_cache,256,0.2939444408000027,0.2992825540357099
s9316_r8_n750_a125,confirmatory,9316,8,0.75,0.125,feedback_only,balanced_permutation_a_k1,balanced_permutation_a,balanced,1,0.18899250811836066,0.125,0.6399250811836067,64,64,8,fixed_cache,256,0.7195331658773263,0.7217376733445019
s9316_r8_n750_a125,confirmatory,9316,8,0.75,0.125,feedback_only,balanced_permutation_a_k2,balanced_permutation_a,balanced,2,0.31399250811836066,0.25,0.6399250811836067,64,64,16,fixed_cache,256,0.6761932725668942,0.6721052950152346
s9316_r8_n750_a125,confirmatory,9316,8,0.75,0.125,feedback_only,balanced_permutation_a_k4,balanced_permutation_a,balanced,4,0.5639925081183607,0.5,0.6399250811836067,64,64,32,fixed_cache,256,0.5411360579003308,0.5549357039835955
s9316_r8_n750_a125,confirmatory,9316,8,0.75,0.125,feedback_only,balanced_permutation_a_k8,balanced_permutation_a,balanced,8,1.0639925081183608,1.0,0.6399250811836067,64,64,64,fixed_cache,256,0.2939444408000027,0.2992825540357099
s9316_r8_n750_a125,confirmatory,9316,8,0.75,0.125,feedback_only,balanced_permutation_b_k1,balanced_permutation_b,balanced,1,0.18840039778945986,0.125,0.6340039778945984,64,64,8,fixed_cache,256,0.7195331658773263,0.7217376733445019
s9316_r8_n750_a125,confirmatory,9316,8,0.75,0.125,feedback_only,balanced_permutation_b_k2,balanced_permutation_b,balanced,2,0.31340039778945983,0.25,0.6340039778945984,64,64,16,fixed_cache,256,0.6603870859726853,0.6623817615012157
s9316_r8_n750_a125,confirmatory,9316,8,0.75,0.125,feedback_only,balanced_permutation_b_k4,balanced_permutation_b,balanced,4,0.5634003977894598,0.5,0.6340039778945984,64,64,32,fixed_cache,256,0.5524490229499982,0.5498748520763683
s9316_r8_n750_a125,confirmatory,9316,8,0.75,0.125,feedback_only,balanced_permutation_b_k8,balanced_permutation_b,balanced,8,1.06340039778946,1.0,0.6340039778945984,64,64,64,fixed_cache,256,0.2939444408000027,0.2992825540357099
s9316_r8_n750_a125,confirmatory,9316,8,0.75,0.125,feedback_only,comb_contiguous_k1,comb_contiguous,comb,1,0.225,0.125,1.0,64,64,8,fixed_cache,256,0.7195331658773263,0.7217376733445019
s9316_r8_n750_a125,confirmatory,9316,8,0.75,0.125,feedback_only,comb_contiguous_k2,comb_contiguous,comb,2,0.35,0.25,1.0,64,64,16,fixed_cache,256,0.667041200146942,0.6621135724312973
s9316_r8_n750_a125,confirmatory,9316,8,0.75,0.125,feedback_only,comb_contiguous_k4,comb_contiguous,comb,4,0.6,0.5,1.0,64,64,32,fixed_cache,256,0.5396275042887239,0.5455234478138372
s9316_r8_n750_a125,confirmatory,9316,8,0.75,0.125,feedback_only,comb_contiguous_k8,comb_contiguous,comb,8,1.1,1.0,1.0,64,64,64,fixed_cache,256,0.2939444408000027,0.2992825540357099
s9316_r8_n750_a125,confirmatory,9316,8,0.75,0.125,feedback_only,balanced_contiguous_k1,balanced_contiguous,balanced,1,0.1737418407321983,0.125,0.487418407321983,64,64,8,fresh_iid,16,0.7425846990726803,0.7439314140557137
s9316_r8_n750_a125,confirmatory,9316,8,0.75,0.125,feedback_only,balanced_contiguous_k2,balanced_contiguous,balanced,2,0.2987418407321983,0.25,0.487418407321983,64,64,16,fresh_iid,16,0.6928836766935897,0.6969458263042402
s9316_r8_n750_a125,confirmatory,9316,8,0.75,0.125,feedback_only,balanced_contiguous_k4,balanced_contiguous,balanced,4,0.5487418407321983,0.5,0.487418407321983,64,64,32,fresh_iid,16,0.6047693432963179,0.6139652212154605
s9316_r8_n750_a125,confirmatory,9316,8,0.75,0.125,feedback_only,balanced_contiguous_k8,balanced_contiguous,balanced,8,1.0487418407321982,1.0,0.487418407321983,64,64,64,fresh_iid,16,0.42800389045455,0.4359224299126492
s9316_r8_n750_a125,confirmatory,9316,8,0.75,0.125,feedback_only,balanced_interleaved_k1,balanced_interleaved,balanced,1,0.19088469787505546,0.125,0.6588469787505544,64,64,8,fresh_iid,16,0.7425846990726803,0.7439314140557137
s9316_r8_n750_a125,confirmatory,9316,8,0.75,0.125,feedback_only,balanced_interleaved_k2,balanced_interleaved,balanced,2,0.31588469787505546,0.25,0.6588469787505544,64,64,16,fresh_iid,16,0.705412061631236,0.706383561364378
s9316_r8_n750_a125,confirmatory,9316,8,0.75,0.125,feedback_only,balanced_interleaved_k4,balanced_interleaved,balanced,4,0.5658846978750555,0.5,0.6588469787505544,64,64,32,fresh_iid,16,0.6157291737430548,0.6221839891548966
s9316_r8_n750_a125,confirmatory,9316,8,0.75,0.125,feedback_only,balanced_interleaved_k8,balanced_interleaved,balanced,8,1.0658846978750554,1.0,0.6588469787505544,64,64,64,fresh_iid,16,0.42800389045455,0.4359224299126492
s9316_r8_n750_a125,confirmatory,9316,8,0.75,0.125,feedback_only,balanced_permutation_a_k1,balanced_permutation_a,balanced,1,0.18899250811836066,0.125,0.6399250811836067,64,64,8,fresh_iid,16,0.7425846990726803,0.7439314140557137
s9316_r8_n750_a125,confirmatory,9316,8,0.75,0.125,feedback_only,balanced_permutation_a_k2,balanced_permutation_a,balanced,2,0.31399250811836066,0.25,0.6399250811836067,64,64,16,fresh_iid,16,0.7047628042548365,0.7029596376552372
s9316_r8_n750_a125,confirmatory,9316,8,0.75,0.125,feedback_only,balanced_permutation_a_k4,balanced_permutation_a,balanced,4,0.5639925081183607,0.5,0.6399250811836067,64,64,32,fresh_iid,16,0.6121558387306372,0.6184890983570441
s9316_r8_n750_a125,confirmatory,9316,8,0.75,0.125,feedback_only,balanced_permutation_a_k8,balanced_permutation_a,balanced,8,1.0639925081183608,1.0,0.6399250811836067,64,64,64,fresh_iid,16,0.42800389045455,0.4359224299126492
s9316_r8_n750_a125,confirmatory,9316,8,0.75,0.125,feedback_only,balanced_permutation_b_k1,balanced_permutation_b,balanced,1,0.18840039778945986,0.125,0.6340039778945984,64,64,8,fresh_iid,16,0.7425846990726803,0.7439314140557137
s9316_r8_n750_a125,confirmatory,9316,8,0.75,0.125,feedback_only,balanced_permutation_b_k2,balanced_permutation_b,balanced,2,0.31340039778945983,0.25,0.6340039778945984,64,64,16,fresh_iid,16,0.6980040734843311,0.7032799563955435
s9316_r8_n750_a125,confirmatory,9316,8,0.75,0.125,feedback_only,balanced_permutation_b_k4,balanced_permutation_b,balanced,4,0.5634003977894598,0.5,0.6340039778945984,64,64,32,fresh_iid,16,0.6223544546482678,0.6227969144092766
s9316_r8_n750_a125,confirmatory,9316,8,0.75,0.125,feedback_only,balanced_permutation_b_k8,balanced_permutation_b,balanced,8,1.06340039778946,1.0,0.6340039778945984,64,64,64,fresh_iid,16,0.42800389045455,0.4359224299126492
s9316_r8_n750_a125,confirmatory,9316,8,0.75,0.125,feedback_only,comb_contiguous_k1,comb_contiguous,comb,1,0.225,0.125,1.0,64,64,8,fresh_iid,16,0.7425846990726803,0.7439314140557137
s9316_r8_n750_a125,confirmatory,9316,8,0.75,0.125,feedback_only,comb_contiguous_k2,comb_contiguous,comb,2,0.35,0.25,1.0,64,64,16,fresh_iid,16,0.7081874047884062,0.7026645681742941
s9316_r8_n750_a125,confirmatory,9316,8,0.75,0.125,feedback_only,comb_contiguous_k4,comb_contiguous,comb,4,0.6,0.5,1.0,64,64,32,fresh_iid,16,0.6213881875448816,0.6233113902729401
s9316_r8_n750_a125,confirmatory,9316,8,0.75,0.125,feedback_only,comb_contiguous_k8,comb_contiguous,comb,8,1.1,1.0,1.0,64,64,64,fresh_iid,16,0.42800389045455,0.4359224299126492
s9316_r8_n750_a125,confirmatory,9316,8,0.75,0.125,feedback_only,balanced_contiguous_k1,balanced_contiguous,balanced,1,0.1737418407321983,0.125,0.487418407321983,64,64,8,fresh_iid,64,0.7195331371502298,0.7216990133872611
s9316_r8_n750_a125,confirmatory,9316,8,0.75,0.125,feedback_only,balanced_contiguous_k2,balanced_contiguous,balanced,2,0.2987418407321983,0.25,0.487418407321983,64,64,16,fresh_iid,64,0.6516300482150683,0.6595430719813556
s9316_r8_n750_a125,confirmatory,9316,8,0.75,0.125,feedback_only,balanced_contiguous_k4,balanced_contiguous,balanced,4,0.5487418407321983,0.5,0.487418407321983,64,64,32,fresh_iid,64,0.5238843847562347,0.5401369987751488
s9316_r8_n750_a125,confirmatory,9316,8,0.75,0.125,feedback_only,balanced_contiguous_k8,balanced_contiguous,balanced,8,1.0487418407321982,1.0,0.487418407321983,64,64,64,fresh_iid,64,0.29322497795884006,0.29652038454687923
s9316_r8_n750_a125,confirmatory,9316,8,0.75,0.125,feedback_only,balanced_interleaved_k1,balanced_interleaved,balanced,1,0.19088469787505546,0.125,0.6588469787505544,64,64,8,fresh_iid,64,0.7195331371502298,0.7216990133872611
s9316_r8_n750_a125,confirmatory,9316,8,0.75,0.125,feedback_only,balanced_interleaved_k2,balanced_interleaved,balanced,2,0.31588469787505546,0.25,0.6588469787505544,64,64,16,fresh_iid,64,0.6681826796646386,0.665445882846341
s9316_r8_n750_a125,confirmatory,9316,8,0.75,0.125,feedback_only,balanced_interleaved_k4,balanced_interleaved,balanced,4,0.5658846978750555,0.5,0.6588469787505544,64,64,32,fresh_iid,64,0.5432572599751251,0.5487501809442604
s9316_r8_n750_a125,confirmatory,9316,8,0.75,0.125,feedback_only,balanced_interleaved_k8,balanced_interleaved,balanced,8,1.0658846978750554,1.0,0.6588469787505544,64,64,64,fresh_iid,64,0.29322497795884006,0.29652038454687923
s9316_r8_n750_a125,confirmatory,9316,8,0.75,0.125,feedback_only,balanced_permutation_a_k1,balanced_permutation_a,balanced,1,0.18899250811836066,0.125,0.6399250811836067,64,64,8,fresh_iid,64,0.7195331371502298,0.7216990133872611
s9316_r8_n750_a125,confirmatory,9316,8,0.75,0.125,feedback_only,balanced_permutation_a_k2,balanced_permutation_a,balanced,2,0.31399250811836066,0.25,0.6399250811836067,64,64,16,fresh_iid,64,0.6713946462437509,0.6634299291757714
s9316_r8_n750_a125,confirmatory,9316,8,0.75,0.125,feedback_only,balanced_permutation_a_k4,balanced_permutation_a,balanced,4,0.5639925081183607,0.5,0.6399250811836067,64,64,32,fresh_iid,64,0.5364857616963166,0.5446100380191945
s9316_r8_n750_a125,confirmatory,9316,8,0.75,0.125,feedback_only,balanced_permutation_a_k8,balanced_permutation_a,balanced,8,1.0639925081183608,1.0,0.6399250811836067,64,64,64,fresh_iid,64,0.29322497795884006,0.29652038454687923
s9316_r8_n750_a125,confirmatory,9316,8,0.75,0.125,feedback_only,balanced_permutation_b_k1,balanced_permutation_b,balanced,1,0.18840039778945986,0.125,0.6340039778945984,64,64,8,fresh_iid,64,0.7195331371502298,0.7216990133872611
s9316_r8_n750_a125,confirmatory,9316,8,0.75,0.125,feedback_only,balanced_permutation_b_k2,balanced_permutation_b,balanced,2,0.31340039778945983,0.25,0.6340039778945984,64,64,16,fresh_iid,64,0.6623363975964753,0.6658918062311993
s9316_r8_n750_a125,confirmatory,9316,8,0.75,0.125,feedback_only,balanced_permutation_b_k4,balanced_permutation_b,balanced,4,0.5634003977894598,0.5,0.6340039778945984,64,64,32,fresh_iid,64,0.5499426350845344,0.5475235914124779
s9316_r8_n750_a125,confirmatory,9316,8,0.75,0.125,feedback_only,balanced_permutation_b_k8,balanced_permutation_b,balanced,8,1.06340039778946,1.0,0.6340039778945984,64,64,64,fresh_iid,64,0.29322497795884006,0.29652038454687923
s9316_r8_n750_a125,confirmatory,9316,8,0.75,0.125,feedback_only,comb_contiguous_k1,comb_contiguous,comb,1,0.225,0.125,1.0,64,64,8,fresh_iid,64,0.7195331371502298,0.7216990133872611
s9316_r8_n750_a125,confirmatory,9316,8,0.75,0.125,feedback_only,comb_contiguous_k2,comb_contiguous,comb,2,0.35,0.25,1.0,64,64,16,fresh_iid,64,0.6685372650558055,0.6615697093355337
s9316_r8_n750_a125,confirmatory,9316,8,0.75,0.125,feedback_only,comb_contiguous_k4,comb_contiguous,comb,4,0.6,0.5,1.0,64,64,32,fresh_iid,64,0.5395465299630308,0.5412102998236259
s9316_r8_n750_a125,confirmatory,9316,8,0.75,0.125,feedback_only,comb_contiguous_k8,comb_contiguous,comb,8,1.1,1.0,1.0,64,64,64,fresh_iid,64,0.29322497795884006,0.29652038454687923
s9316_r8_n750_a125,confirmatory,9316,8,0.75,0.125,feedback_only,balanced_contiguous_k1,balanced_contiguous,balanced,1,0.1737418407321983,0.125,0.487418407321983,64,64,8,fresh_iid,256,0.7195859855815498,0.7199373880403495
s9316_r8_n750_a125,confirmatory,9316,8,0.75,0.125,feedback_only,balanced_contiguous_k2,balanced_contiguous,balanced,2,0.2987418407321983,0.25,0.487418407321983,64,64,16,fresh_iid,256,0.6545924636036329,0.6593127703760726
s9316_r8_n750_a125,confirmatory,9316,8,0.75,0.125,feedback_only,balanced_contiguous_k4,balanced_contiguous,balanced,4,0.5487418407321983,0.5,0.487418407321983,64,64,32,fresh_iid,256,0.5206436759560118,0.53769548428214
s9316_r8_n750_a125,confirmatory,9316,8,0.75,0.125,feedback_only,balanced_contiguous_k8,balanced_contiguous,balanced,8,1.0487418407321982,1.0,0.487418407321983,64,64,64,fresh_iid,256,0.29234835742308096,0.2958129402915086
s9316_r8_n750_a125,confirmatory,9316,8,0.75,0.125,feedback_only,balanced_interleaved_k1,balanced_interleaved,balanced,1,0.19088469787505546,0.125,0.6588469787505544,64,64,8,fresh_iid,256,0.7195859855815498,0.7199373880403495
s9316_r8_n750_a125,confirmatory,9316,8,0.75,0.125,feedback_only,balanced_interleaved_k2,balanced_interleaved,balanced,2,0.31588469787505546,0.25,0.6588469787505544,64,64,16,fresh_iid,256,0.6668928406297155,0.6628625701681937
s9316_r8_n750_a125,confirmatory,9316,8,0.75,0.125,feedback_only,balanced_interleaved_k4,balanced_interleaved,balanced,4,0.5658846978750555,0.5,0.6588469787505544,64,64,32,fresh_iid,256,0.543706472608586,0.5452703815763127
s9316_r8_n750_a125,confirmatory,9316,8,0.75,0.125,feedback_only,balanced_interleaved_k8,balanced_interleaved,balanced,8,1.0658846978750554,1.0,0.6588469787505544,64,64,64,fresh_iid,256,0.29234835742308096,0.2958129402915086
s9316_r8_n750_a125,confirmatory,9316,8,0.75,0.125,feedback_only,balanced_permutation_a_k1,balanced_permutation_a,balanced,1,0.18899250811836066,0.125,0.6399250811836067,64,64,8,fresh_iid,256,0.7195859855815498,0.7199373880403495
s9316_r8_n750_a125,confirmatory,9316,8,0.75,0.125,feedback_only,balanced_permutation_a_k2,balanced_permutation_a,balanced,2,0.31399250811836066,0.25,0.6399250811836067,64,64,16,fresh_iid,256,0.6699728790486047,0.6604155719789435
s9316_r8_n750_a125,confirmatory,9316,8,0.75,0.125,feedback_only,balanced_permutation_a_k4,balanced_permutation_a,balanced,4,0.5639925081183607,0.5,0.6399250811836067,64,64,32,fresh_iid,256,0.5323066130919802,0.5399051662995571
s9316_r8_n750_a125,confirmatory,9316,8,0.75,0.125,feedback_only,balanced_permutation_a_k8,balanced_permutation_a,balanced,8,1.0639925081183608,1.0,0.6399250811836067,64,64,64,fresh_iid,256,0.29234835742308096,0.2958129402915086
s9316_r8_n750_a125,confirmatory,9316,8,0.75,0.125,feedback_only,balanced_permutation_b_k1,balanced_permutation_b,balanced,1,0.18840039778945986,0.125,0.6340039778945984,64,64,8,fresh_iid,256,0.7195859855815498,0.7199373880403495
s9316_r8_n750_a125,confirmatory,9316,8,0.75,0.125,feedback_only,balanced_permutation_b_k2,balanced_permutation_b,balanced,2,0.31340039778945983,0.25,0.6340039778945984,64,64,16,fresh_iid,256,0.6618979842005345,0.6632979737809389
s9316_r8_n750_a125,confirmatory,9316,8,0.75,0.125,feedback_only,balanced_permutation_b_k4,balanced_permutation_b,balanced,4,0.5634003977894598,0.5,0.6340039778945984,64,64,32,fresh_iid,256,0.5491689587398186,0.5439945128298121
s9316_r8_n750_a125,confirmatory,9316,8,0.75,0.125,feedback_only,balanced_permutation_b_k8,balanced_permutation_b,balanced,8,1.06340039778946,1.0,0.6340039778945984,64,64,64,fresh_iid,256,0.29234835742308096,0.2958129402915086
s9316_r8_n750_a125,confirmatory,9316,8,0.75,0.125,feedback_only,comb_contiguous_k1,comb_contiguous,comb,1,0.225,0.125,1.0,64,64,8,fresh_iid,256,0.7195859855815498,0.7199373880403495
s9316_r8_n750_a125,confirmatory,9316,8,0.75,0.125,feedback_only,comb_contiguous_k2,comb_contiguous,comb,2,0.35,0.25,1.0,64,64,16,fresh_iid,256,0.6691750114666097,0.6630851443534509
s9316_r8_n750_a125,confirmatory,9316,8,0.75,0.125,feedback_only,comb_contiguous_k4,comb_contiguous,comb,4,0.6,0.5,1.0,64,64,32,fresh_iid,256,0.539622494495311,0.540629746457096
s9316_r8_n750_a125,confirmatory,9316,8,0.75,0.125,feedback_only,comb_contiguous_k8,comb_contiguous,comb,8,1.1,1.0,1.0,64,64,64,fresh_iid,256,0.29234835742308096,0.2958129402915086
s9316_r8_n750_a125,confirmatory,9316,8,0.75,0.125,joint_forward_feedback,balanced_contiguous_k1,balanced_contiguous,balanced,1,0.1737418407321983,0.125,0.487418407321983,64,64,8,fixed_cache,16,0.7443659470705639,0.7472915605550243
s9316_r8_n750_a125,confirmatory,9316,8,0.75,0.125,joint_forward_feedback,balanced_contiguous_k2,balanced_contiguous,balanced,2,0.2987418407321983,0.25,0.487418407321983,64,64,16,fixed_cache,16,0.7161992082087583,0.7207132793269087
s9316_r8_n750_a125,confirmatory,9316,8,0.75,0.125,joint_forward_feedback,balanced_contiguous_k4,balanced_contiguous,balanced,4,0.5487418407321983,0.5,0.487418407321983,64,64,32,fixed_cache,16,0.6465923143795057,0.6569388109228862
s9316_r8_n750_a125,confirmatory,9316,8,0.75,0.125,joint_forward_feedback,balanced_contiguous_k8,balanced_contiguous,balanced,8,1.0487418407321982,1.0,0.487418407321983,64,64,64,fixed_cache,16,0.5676031193257443,0.5754109886815031
s9316_r8_n750_a125,confirmatory,9316,8,0.75,0.125,joint_forward_feedback,balanced_interleaved_k1,balanced_interleaved,balanced,1,0.19088469787505546,0.125,0.6588469787505544,64,64,8,fixed_cache,16,0.7406183937995047,0.743579596670007
s9316_r8_n750_a125,confirmatory,9316,8,0.75,0.125,joint_forward_feedback,balanced_interleaved_k2,balanced_interleaved,balanced,2,0.31588469787505546,0.25,0.6588469787505544,64,64,16,fixed_cache,16,0.6960658271540952,0.6968470446106716
s9316_r8_n750_a125,confirmatory,9316,8,0.75,0.125,joint_forward_feedback,balanced_interleaved_k4,balanced_interleaved,balanced,4,0.5658846978750555,0.5,0.6588469787505544,64,64,32,fixed_cache,16,0.6340446159880843,0.6380895292929125
s9316_r8_n750_a125,confirmatory,9316,8,0.75,0.125,joint_forward_feedback,balanced_interleaved_k8,balanced_interleaved,balanced,8,1.0658846978750554,1.0,0.6588469787505544,64,64,64,fixed_cache,16,0.516062605527001,0.5227762017372151
s9316_r8_n750_a125,confirmatory,9316,8,0.75,0.125,joint_forward_feedback,balanced_permutation_a_k1,balanced_permutation_a,balanced,1,0.18899250811836066,0.125,0.6399250811836067,64,64,8,fixed_cache,16,0.7406363724334304,0.743984908255677
s9316_r8_n750_a125,confirmatory,9316,8,0.75,0.125,joint_forward_feedback,balanced_permutation_a_k2,balanced_permutation_a,balanced,2,0.31399250811836066,0.25,0.6399250811836067,64,64,16,fixed_cache,16,0.7155228303024804,0.7150954245240793
s9316_r8_n750_a125,confirmatory,9316,8,0.75,0.125,joint_forward_feedback,balanced_permutation_a_k4,balanced_permutation_a,balanced,4,0.5639925081183607,0.5,0.6399250811836067,64,64,32,fixed_cache,16,0.6336461068258963,0.6410036525724001
s9316_r8_n750_a125,confirmatory,9316,8,0.75,0.125,joint_forward_feedback,balanced_permutation_a_k8,balanced_permutation_a,balanced,8,1.0639925081183608,1.0,0.6399250811836067,64,64,64,fixed_cache,16,0.5239789051570249,0.5312213037577398
s9316_r8_n750_a125,confirmatory,9316,8,0.75,0.125,joint_forward_feedback,balanced_permutation_b_k1,balanced_permutation_b,balanced,1,0.18840039778945986,0.125,0.6340039778945984,64,64,8,fixed_cache,16,0.7410258040931506,0.7441382346941645
s9316_r8_n750_a125,confirmatory,9316,8,0.75,0.125,joint_forward_feedback,balanced_permutation_b_k2,balanced_permutation_b,balanced,2,0.31340039778945983,0.25,0.6340039778945984,64,64,16,fixed_cache,16,0.7073394252150974,0.7109695002191201
s9316_r8_n750_a125,confirmatory,9316,8,0.75,0.125,joint_forward_feedback,balanced_permutation_b_k4,balanced_permutation_b,balanced,4,0.5634003977894598,0.5,0.6340039778945984,64,64,32,fixed_cache,16,0.635266277910985,0.6403560818749434
s9316_r8_n750_a125,confirmatory,9316,8,0.75,0.125,joint_forward_feedback,balanced_permutation_b_k8,balanced_permutation_b,balanced,8,1.06340039778946,1.0,0.6340039778945984,64,64,64,fixed_cache,16,0.5249360357741264,0.5305527379993834
s9316_r8_n750_a125,confirmatory,9316,8,0.75,0.125,joint_forward_feedback,comb_contiguous_k1,comb_contiguous,comb,1,0.225,0.125,1.0,64,64,8,fixed_cache,16,0.7386872652915608,0.7417103736992083
s9316_r8_n750_a125,confirmatory,9316,8,0.75,0.125,joint_forward_feedback,comb_contiguous_k2,comb_contiguous,comb,2,0.35,0.25,1.0,64,64,16,fixed_cache,16,0.7040195818815056,0.7017886638186173
s9316_r8_n750_a125,confirmatory,9316,8,0.75,0.125,joint_forward_feedback,comb_contiguous_k4,comb_contiguous,comb,4,0.6,0.5,1.0,64,64,32,fixed_cache,16,0.6299621432293807,0.6327189914681403
s9316_r8_n750_a125,confirmatory,9316,8,0.75,0.125,joint_forward_feedback,comb_contiguous_k8,comb_contiguous,comb,8,1.1,1.0,1.0,64,64,64,fixed_cache,16,0.5016984832051721,0.5084164163006241
s9316_r8_n750_a125,confirmatory,9316,8,0.75,0.125,joint_forward_feedback,balanced_contiguous_k1,balanced_contiguous,balanced,1,0.1737418407321983,0.125,0.487418407321983,64,64,8,fixed_cache,64,0.7225473093808163,0.7275288892095102
s9316_r8_n750_a125,confirmatory,9316,8,0.75,0.125,joint_forward_feedback,balanced_contiguous_k2,balanced_contiguous,balanced,2,0.2987418407321983,0.25,0.487418407321983,64,64,16,fixed_cache,64,0.661990062563171,0.6705055741188339
s9316_r8_n750_a125,confirmatory,9316,8,0.75,0.125,joint_forward_feedback,balanced_contiguous_k4,balanced_contiguous,balanced,4,0.5487418407321983,0.5,0.487418407321983,64,64,32,fixed_cache,64,0.5353629669197106,0.5545197817366111
s9316_r8_n750_a125,confirmatory,9316,8,0.75,0.125,joint_forward_feedback,balanced_contiguous_k8,balanced_contiguous,balanced,8,1.0487418407321982,1.0,0.487418407321983,64,64,64,fixed_cache,64,0.3610033670802242,0.37096899001657724
s9316_r8_n750_a125,confirmatory,9316,8,0.75,0.125,joint_forward_feedback,balanced_interleaved_k1,balanced_interleaved,balanced,1,0.19088469787505546,0.125,0.6588469787505544,64,64,8,fixed_cache,64,0.7210775978430104,0.7263394752764237
s9316_r8_n750_a125,confirmatory,9316,8,0.75,0.125,joint_forward_feedback,balanced_interleaved_k2,balanced_interleaved,balanced,2,0.31588469787505546,0.25,0.6588469787505544,64,64,16,fixed_cache,64,0.6666661459387718,0.6660087863544227
s9316_r8_n750_a125,confirmatory,9316,8,0.75,0.125,joint_forward_feedback,balanced_interleaved_k4,balanced_interleaved,balanced,4,0.5658846978750555,0.5,0.6588469787505544,64,64,32,fixed_cache,64,0.5523604675947043,0.5570146127479113
s9316_r8_n750_a125,confirmatory,9316,8,0.75,0.125,joint_forward_feedback,balanced_interleaved_k8,balanced_interleaved,balanced,8,1.0658846978750554,1.0,0.6588469787505544,64,64,64,fixed_cache,64,0.32576006493037957,0.3338011043016817
s9316_r8_n750_a125,confirmatory,9316,8,0.75,0.125,joint_forward_feedback,balanced_permutation_a_k1,balanced_permutation_a,balanced,1,0.18899250811836066,0.125,0.6399250811836067,64,64,8,fixed_cache,64,0.7199749749495347,0.7260342842268055
s9316_r8_n750_a125,confirmatory,9316,8,0.75,0.125,joint_forward_feedback,balanced_permutation_a_k2,balanced_permutation_a,balanced,2,0.31399250811836066,0.25,0.6399250811836067,64,64,16,fixed_cache,64,0.6797360377287185,0.6762661138263986
s9316_r8_n750_a125,confirmatory,9316,8,0.75,0.125,joint_forward_feedback,balanced_permutation_a_k4,balanced_permutation_a,balanced,4,0.5639925081183607,0.5,0.6399250811836067,64,64,32,fixed_cache,64,0.5503303998252623,0.5616824046260065
s9316_r8_n750_a125,confirmatory,9316,8,0.75,0.125,joint_forward_feedback,balanced_permutation_a_k8,balanced_permutation_a,balanced,8,1.0639925081183608,1.0,0.6399250811836067,64,64,64,fixed_cache,64,0.3312382923228275,0.33895997693760416
s9316_r8_n750_a125,confirmatory,9316,8,0.75,0.125,joint_forward_feedback,balanced_permutation_b_k1,balanced_permutation_b,balanced,1,0.18840039778945986,0.125,0.6340039778945984,64,64,8,fixed_cache,64,0.7208140275374317,0.7261532008087295
s9316_r8_n750_a125,confirmatory,9316,8,0.75,0.125,joint_forward_feedback,balanced_permutation_b_k2,balanced_permutation_b,balanced,2,0.31340039778945983,0.25,0.6340039778945984,64,64,16,fixed_cache,64,0.6709714017341752,0.6752465565922918
s9316_r8_n750_a125,confirmatory,9316,8,0.75,0.125,joint_forward_feedback,balanced_permutation_b_k4,balanced_permutation_b,balanced,4,0.5634003977894598,0.5,0.6340039778945984,64,64,32,fixed_cache,64,0.5573544396209633,0.5594262392594157
s9316_r8_n750_a125,confirmatory,9316,8,0.75,0.125,joint_forward_feedback,balanced_permutation_b_k8,balanced_permutation_b,balanced,8,1.06340039778946,1.0,0.6340039778945984,64,64,64,fixed_cache,64,0.3316668948387719,0.33836135276627427
s9316_r8_n750_a125,confirmatory,9316,8,0.75,0.125,joint_forward_feedback,comb_contiguous_k1,comb_contiguous,comb,1,0.225,0.125,1.0,64,64,8,fixed_cache,64,0.7217261482117578,0.7269551369439213
s9316_r8_n750_a125,confirmatory,9316,8,0.75,0.125,joint_forward_feedback,comb_contiguous_k2,comb_contiguous,comb,2,0.35,0.25,1.0,64,64,16,fixed_cache,64,0.671969629964088,0.6688383659680273
s9316_r8_n750_a125,confirmatory,9316,8,0.75,0.125,joint_forward_feedback,comb_contiguous_k4,comb_contiguous,comb,4,0.6,0.5,1.0,64,64,32,fixed_cache,64,0.5566426563541638,0.5624308549139383
s9316_r8_n750_a125,confirmatory,9316,8,0.75,0.125,joint_forward_feedback,comb_contiguous_k8,comb_contiguous,comb,8,1.1,1.0,1.0,64,64,64,fixed_cache,64,0.32857116756991095,0.3375380668573858
s9316_r8_n750_a125,confirmatory,9316,8,0.75,0.125,joint_forward_feedback,balanced_contiguous_k1,balanced_contiguous,balanced,1,0.1737418407321983,0.125,0.487418407321983,64,64,8,fixed_cache,256,0.7183698340735347,0.7215412694714705
s9316_r8_n750_a125,confirmatory,9316,8,0.75,0.125,joint_forward_feedback,balanced_contiguous_k2,balanced_contiguous,balanced,2,0.2987418407321983,0.25,0.487418407321983,64,64,16,fixed_cache,256,0.6536395484786746,0.6616027040358149
s9316_r8_n750_a125,confirmatory,9316,8,0.75,0.125,joint_forward_feedback,balanced_contiguous_k4,balanced_contiguous,balanced,4,0.5487418407321983,0.5,0.487418407321983,64,64,32,fixed_cache,256,0.519565405746444,0.5395705823305337
s9316_r8_n750_a125,confirmatory,9316,8,0.75,0.125,joint_forward_feedback,balanced_contiguous_k8,balanced_contiguous,balanced,8,1.0487418407321982,1.0,0.487418407321983,64,64,64,fixed_cache,256,0.28862468944138703,0.2950378002582196
s9316_r8_n750_a125,confirmatory,9316,8,0.75,0.125,joint_forward_feedback,balanced_interleaved_k1,balanced_interleaved,balanced,1,0.19088469787505546,0.125,0.6588469787505544,64,64,8,fixed_cache,256,0.7185735465425828,0.7215110422441082
s9316_r8_n750_a125,confirmatory,9316,8,0.75,0.125,joint_forward_feedback,balanced_interleaved_k2,balanced_interleaved,balanced,2,0.31588469787505546,0.25,0.6588469787505544,64,64,16,fixed_cache,256,0.6680491694934405,0.6633051604089992
s9316_r8_n750_a125,confirmatory,9316,8,0.75,0.125,joint_forward_feedback,balanced_interleaved_k4,balanced_interleaved,balanced,4,0.5658846978750555,0.5,0.6588469787505544,64,64,32,fixed_cache,256,0.5413973986345567,0.547874625086114
s9316_r8_n750_a125,confirmatory,9316,8,0.75,0.125,joint_forward_feedback,balanced_interleaved_k8,balanced_interleaved,balanced,8,1.0658846978750554,1.0,0.6588469787505544,64,64,64,fixed_cache,256,0.2899853954631405,0.2956207361304974
s9316_r8_n750_a125,confirmatory,9316,8,0.75,0.125,joint_forward_feedback,balanced_permutation_a_k1,balanced_permutation_a,balanced,1,0.18899250811836066,0.125,0.6399250811836067,64,64,8,fixed_cache,256,0.7176218082389794,0.7215230190663692
s9316_r8_n750_a125,confirmatory,9316,8,0.75,0.125,joint_forward_feedback,balanced_permutation_a_k2,balanced_permutation_a,balanced,2,0.31399250811836066,0.25,0.6399250811836067,64,64,16,fixed_cache,256,0.673620349283782,0.6694404888959304
s9316_r8_n750_a125,confirmatory,9316,8,0.75,0.125,joint_forward_feedback,balanced_permutation_a_k4,balanced_permutation_a,balanced,4,0.5639925081183607,0.5,0.6399250811836067,64,64,32,fixed_cache,256,0.5343528828147108,0.547692501987891
s9316_r8_n750_a125,confirmatory,9316,8,0.75,0.125,joint_forward_feedback,balanced_permutation_a_k8,balanced_permutation_a,balanced,8,1.0639925081183608,1.0,0.6399250811836067,64,64,64,fixed_cache,256,0.29029956393580214,0.29571788938294086
s9316_r8_n750_a125,confirmatory,9316,8,0.75,0.125,joint_forward_feedback,balanced_permutation_b_k1,balanced_permutation_b,balanced,1,0.18840039778945986,0.125,0.6340039778945984,64,64,8,fixed_cache,256,0.7183200195180395,0.7214025431620633
s9316_r8_n750_a125,confirmatory,9316,8,0.75,0.125,joint_forward_feedback,balanced_permutation_b_k2,balanced_permutation_b,balanced,2,0.31340039778945983,0.25,0.6340039778945984,64,64,16,fixed_cache,256,0.6584282731302877,0.661217544500037
s9316_r8_n750_a125,confirmatory,9316,8,0.75,0.125,joint_forward_feedback,balanced_permutation_b_k4,balanced_permutation_b,balanced,4,0.5634003977894598,0.5,0.6340039778945984,64,64,32,fixed_cache,256,0.5479252720104864,0.5457262057894909
s9316_r8_n750_a125,confirmatory,9316,8,0.75,0.125,joint_forward_feedback,balanced_permutation_b_k8,balanced_permutation_b,balanced,8,1.06340039778946,1.0,0.6340039778945984,64,64,64,fixed_cache,256,0.28963909381895414,0.29509879592155386
s9316_r8_n750_a125,confirmatory,9316,8,0.75,0.125,joint_forward_feedback,comb_contiguous_k1,comb_contiguous,comb,1,0.225,0.125,1.0,64,64,8,fixed_cache,256,0.7194203282641733,0.7218118347525919
s9316_r8_n750_a125,confirmatory,9316,8,0.75,0.125,joint_forward_feedback,comb_contiguous_k2,comb_contiguous,comb,2,0.35,0.25,1.0,64,64,16,fixed_cache,256,0.6670423639921845,0.6620814231026847
s9316_r8_n750_a125,confirmatory,9316,8,0.75,0.125,joint_forward_feedback,comb_contiguous_k4,comb_contiguous,comb,4,0.6,0.5,1.0,64,64,32,fixed_cache,256,0.5385633732656572,0.5440480160737649
s9316_r8_n750_a125,confirmatory,9316,8,0.75,0.125,joint_forward_feedback,comb_contiguous_k8,comb_contiguous,comb,8,1.1,1.0,1.0,64,64,64,fixed_cache,256,0.29095214937632785,0.29643995776938925
s9316_r8_n750_a125,confirmatory,9316,8,0.75,0.125,joint_forward_feedback,balanced_contiguous_k1,balanced_contiguous,balanced,1,0.1737418407321983,0.125,0.487418407321983,64,64,8,fresh_iid,16,0.7545884996176229,0.7566375545114449
s9316_r8_n750_a125,confirmatory,9316,8,0.75,0.125,joint_forward_feedback,balanced_contiguous_k2,balanced_contiguous,balanced,2,0.2987418407321983,0.25,0.487418407321983,64,64,16,fresh_iid,16,0.7180883968707994,0.7221721302211054
s9316_r8_n750_a125,confirmatory,9316,8,0.75,0.125,joint_forward_feedback,balanced_contiguous_k4,balanced_contiguous,balanced,4,0.5487418407321983,0.5,0.487418407321983,64,64,32,fresh_iid,16,0.6630536122990262,0.6704726600415764
s9316_r8_n750_a125,confirmatory,9316,8,0.75,0.125,joint_forward_feedback,balanced_contiguous_k8,balanced_contiguous,balanced,8,1.0487418407321982,1.0,0.487418407321983,64,64,64,fresh_iid,16,0.5826606513203383,0.5900110177220348
s9316_r8_n750_a125,confirmatory,9316,8,0.75,0.125,joint_forward_feedback,balanced_interleaved_k1,balanced_interleaved,balanced,1,0.19088469787505546,0.125,0.6588469787505544,64,64,8,fresh_iid,16,0.7515667715638492,0.7534469308883768
s9316_r8_n750_a125,confirmatory,9316,8,0.75,0.125,joint_forward_feedback,balanced_interleaved_k2,balanced_interleaved,balanced,2,0.31588469787505546,0.25,0.6588469787505544,64,64,16,fresh_iid,16,0.7228134559789794,0.7242298752730381
s9316_r8_n750_a125,confirmatory,9316,8,0.75,0.125,joint_forward_feedback,balanced_interleaved_k4,balanced_interleaved,balanced,4,0.5658846978750555,0.5,0.6588469787505544,64,64,32,fresh_iid,16,0.6551078703741259,0.6604058421242808
s9316_r8_n750_a125,confirmatory,9316,8,0.75,0.125,joint_forward_feedback,balanced_interleaved_k8,balanced_interleaved,balanced,8,1.0658846978750554,1.0,0.6588469787505544,64,64,64,fresh_iid,16,0.5297292382752326,0.5367601995593316
s9316_r8_n750_a125,confirmatory,9316,8,0.75,0.125,joint_forward_feedback,balanced_permutation_a_k1,balanced_permutation_a,balanced,1,0.18899250811836066,0.125,0.6399250811836067,64,64,8,fresh_iid,16,0.7511149818039444,0.7531715164908818
s9316_r8_n750_a125,confirmatory,9316,8,0.75,0.125,joint_forward_feedback,balanced_permutation_a_k2,balanced_permutation_a,balanced,2,0.31399250811836066,0.25,0.6399250811836067,64,64,16,fresh_iid,16,0.7214220884060474,0.7211122224615727
s9316_r8_n750_a125,confirmatory,9316,8,0.75,0.125,joint_forward_feedback,balanced_permutation_a_k4,balanced_permutation_a,balanced,4,0.5639925081183607,0.5,0.6399250811836067,64,64,32,fresh_iid,16,0.6522988553380649,0.6578635291417518
s9316_r8_n750_a125,confirmatory,9316,8,0.75,0.125,joint_forward_feedback,balanced_permutation_a_k8,balanced_permutation_a,balanced,8,1.0639925081183608,1.0,0.6399250811836067,64,64,64,fresh_iid,16,0.5346398705297195,0.5414778707740617
s9316_r8_n750_a125,confirmatory,9316,8,0.75,0.125,joint_forward_feedback,balanced_permutation_b_k1,balanced_permutation_b,balanced,1,0.18840039778945986,0.125,0.6340039778945984,64,64,8,fresh_iid,16,0.7518830801273049,0.7539062357775119
s9316_r8_n750_a125,confirmatory,9316,8,0.75,0.125,joint_forward_feedback,balanced_permutation_b_k2,balanced_permutation_b,balanced,2,0.31340039778945983,0.25,0.6340039778945984,64,64,16,fresh_iid,16,0.715357595871594,0.719862020199229
s9316_r8_n750_a125,confirmatory,9316,8,0.75,0.125,joint_forward_feedback,balanced_permutation_b_k4,balanced_permutation_b,balanced,4,0.5634003977894598,0.5,0.6340039778945984,64,64,32,fresh_iid,16,0.6603998951139933,0.6619650464568172
s9316_r8_n750_a125,confirmatory,9316,8,0.75,0.125,joint_forward_feedback,balanced_permutation_b_k8,balanced_permutation_b,balanced,8,1.06340039778946,1.0,0.6340039778945984,64,64,64,fresh_iid,16,0.5378421854496898,0.5427924600902285
s9316_r8_n750_a125,confirmatory,9316,8,0.75,0.125,joint_forward_feedback,comb_contiguous_k1,comb_contiguous,comb,1,0.225,0.125,1.0,64,64,8,fresh_iid,16,0.7502745567644544,0.7516299752687229
s9316_r8_n750_a125,confirmatory,9316,8,0.75,0.125,joint_forward_feedback,comb_contiguous_k2,comb_contiguous,comb,2,0.35,0.25,1.0,64,64,16,fresh_iid,16,0.7190206730336891,0.7146302534981326
s9316_r8_n750_a125,confirmatory,9316,8,0.75,0.125,joint_forward_feedback,comb_contiguous_k4,comb_contiguous,comb,4,0.6,0.5,1.0,64,64,32,fresh_iid,16,0.6446269939742256,0.6461803751526225
s9316_r8_n750_a125,confirmatory,9316,8,0.75,0.125,joint_forward_feedback,comb_contiguous_k8,comb_contiguous,comb,8,1.1,1.0,1.0,64,64,64,fresh_iid,16,0.5193191291672459,0.5251754905261589
s9316_r8_n750_a125,confirmatory,9316,8,0.75,0.125,joint_forward_feedback,balanced_contiguous_k1,balanced_contiguous,balanced,1,0.1737418407321983,0.125,0.487418407321983,64,64,8,fresh_iid,64,0.7234174811437983,0.7245249964197158
s9316_r8_n750_a125,confirmatory,9316,8,0.75,0.125,joint_forward_feedback,balanced_contiguous_k2,balanced_contiguous,balanced,2,0.2987418407321983,0.25,0.487418407321983,64,64,16,fresh_iid,64,0.658403678297327,0.6644464397595222
s9316_r8_n750_a125,confirmatory,9316,8,0.75,0.125,joint_forward_feedback,balanced_contiguous_k4,balanced_contiguous,balanced,4,0.5487418407321983,0.5,0.487418407321983,64,64,32,fresh_iid,64,0.5388819648457659,0.5516055343503844
s9316_r8_n750_a125,confirmatory,9316,8,0.75,0.125,joint_forward_feedback,balanced_contiguous_k8,balanced_contiguous,balanced,8,1.0487418407321982,1.0,0.487418407321983,64,64,64,fresh_iid,64,0.34786895715816435,0.35321527740256986
s9316_r8_n750_a125,confirmatory,9316,8,0.75,0.125,joint_forward_feedback,balanced_interleaved_k1,balanced_interleaved,balanced,1,0.19088469787505546,0.125,0.6588469787505544,64,64,8,fresh_iid,64,0.721759649382521,0.7230517599761243
s9316_r8_n750_a125,confirmatory,9316,8,0.75,0.125,joint_forward_feedback,balanced_interleaved_k2,balanced_interleaved,balanced,2,0.31588469787505546,0.25,0.6588469787505544,64,64,16,fresh_iid,64,0.6693551549690351,0.6662914601375827
s9316_r8_n750_a125,confirmatory,9316,8,0.75,0.125,joint_forward_feedback,balanced_interleaved_k4,balanced_interleaved,balanced,4,0.5658846978750555,0.5,0.6588469787505544,64,64,32,fresh_iid,64,0.5479543642731626,0.5508373985035737
s9316_r8_n750_a125,confirmatory,9316,8,0.75,0.125,joint_forward_feedback,balanced_interleaved_k8,balanced_interleaved,balanced,8,1.0658846978750554,1.0,0.6588469787505544,64,64,64,fresh_iid,64,0.3113281270715237,0.3139976812619946
s9316_r8_n750_a125,confirmatory,9316,8,0.75,0.125,joint_forward_feedback,balanced_permutation_a_k1,balanced_permutation_a,balanced,1,0.18899250811836066,0.125,0.6399250811836067,64,64,8,fresh_iid,64,0.7210695221297142,0.7230932543636897
s9316_r8_n750_a125,confirmatory,9316,8,0.75,0.125,joint_forward_feedback,balanced_permutation_a_k2,balanced_permutation_a,balanced,2,0.31399250811836066,0.25,0.6399250811836067,64,64,16,fresh_iid,64,0.6705192933677778,0.6633185376272048
s9316_r8_n750_a125,confirmatory,9316,8,0.75,0.125,joint_forward_feedback,balanced_permutation_a_k4,balanced_permutation_a,balanced,4,0.5639925081183607,0.5,0.6399250811836067,64,64,32,fresh_iid,64,0.5433752075446965,0.549652102062705
s9316_r8_n750_a125,confirmatory,9316,8,0.75,0.125,joint_forward_feedback,balanced_permutation_a_k8,balanced_permutation_a,balanced,8,1.0639925081183608,1.0,0.6399250811836067,64,64,64,fresh_iid,64,0.31992631819989065,0.3225952002049703
s9316_r8_n750_a125,confirmatory,9316,8,0.75,0.125,joint_forward_feedback,balanced_permutation_b_k1,balanced_permutation_b,balanced,1,0.18840039778945986,0.125,0.6340039778945984,64,64,8,fresh_iid,64,0.7220487461516412,0.723344951369668
s9316_r8_n750_a125,confirmatory,9316,8,0.75,0.125,joint_forward_feedback,balanced_permutation_b_k2,balanced_permutation_b,balanced,2,0.31340039778945983,0.25,0.6340039778945984,64,64,16,fresh_iid,64,0.6634502924805342,0.6660470168124689
s9316_r8_n750_a125,confirmatory,9316,8,0.75,0.125,joint_forward_feedback,balanced_permutation_b_k4,balanced_permutation_b,balanced,4,0.5634003977894598,0.5,0.6340039778945984,64,64,32,fresh_iid,64,0.5533656265498825,0.551126701960734
s9316_r8_n750_a125,confirmatory,9316,8,0.75,0.125,joint_forward_feedback,balanced_permutation_b_k8,balanced_permutation_b,balanced,8,1.06340039778946,1.0,0.6340039778945984,64,64,64,fresh_iid,64,0.31887125011733497,0.3203254931776642
s9316_r8_n750_a125,confirmatory,9316,8,0.75,0.125,joint_forward_feedback,comb_contiguous_k1,comb_contiguous,comb,1,0.225,0.125,1.0,64,64,8,fresh_iid,64,0.7217555406253426,0.7227723813599418
s9316_r8_n750_a125,confirmatory,9316,8,0.75,0.125,joint_forward_feedback,comb_contiguous_k2,comb_contiguous,comb,2,0.35,0.25,1.0,64,64,16,fresh_iid,64,0.670067995355083,0.6622155359614549
s9316_r8_n750_a125,confirmatory,9316,8,0.75,0.125,joint_forward_feedback,comb_contiguous_k4,comb_contiguous,comb,4,0.6,0.5,1.0,64,64,32,fresh_iid,64,0.5426727495313494,0.54269936118644
s9316_r8_n750_a125,confirmatory,9316,8,0.75,0.125,joint_forward_feedback,comb_contiguous_k8,comb_contiguous,comb,8,1.1,1.0,1.0,64,64,64,fresh_iid,64,0.3109777793508973,0.3135501808177742
s9316_r8_n750_a125,confirmatory,9316,8,0.75,0.125,joint_forward_feedback,balanced_contiguous_k1,balanced_contiguous,balanced,1,0.1737418407321983,0.125,0.487418407321983,64,64,8,fresh_iid,256,0.7186028874925848,0.7192605420785017
s9316_r8_n750_a125,confirmatory,9316,8,0.75,0.125,joint_forward_feedback,balanced_contiguous_k2,balanced_contiguous,balanced,2,0.2987418407321983,0.25,0.487418407321983,64,64,16,fresh_iid,256,0.6522263082706599,0.6576253397651136
s9316_r8_n750_a125,confirmatory,9316,8,0.75,0.125,joint_forward_feedback,balanced_contiguous_k4,balanced_contiguous,balanced,4,0.5487418407321983,0.5,0.487418407321983,64,64,32,fresh_iid,256,0.51771457376898,0.5344103710072949
s9316_r8_n750_a125,confirmatory,9316,8,0.75,0.125,joint_forward_feedback,balanced_contiguous_k8,balanced_contiguous,balanced,8,1.0487418407321982,1.0,0.487418407321983,64,64,64,fresh_iid,256,0.28391608553014447,0.2867967354075462
s9316_r8_n750_a125,confirmatory,9316,8,0.75,0.125,joint_forward_feedback,balanced_interleaved_k1,balanced_interleaved,balanced,1,0.19088469787505546,0.125,0.6588469787505544,64,64,8,fresh_iid,256,0.7188272013423511,0.7193839873763577
s9316_r8_n750_a125,confirmatory,9316,8,0.75,0.125,joint_forward_feedback,balanced_interleaved_k2,balanced_interleaved,balanced,2,0.31588469787505546,0.25,0.6588469787505544,64,64,16,fresh_iid,256,0.6641720339964583,0.6597683147379768
s9316_r8_n750_a125,confirmatory,9316,8,0.75,0.125,joint_forward_feedback,balanced_interleaved_k4,balanced_interleaved,balanced,4,0.5658846978750555,0.5,0.6588469787505544,64,64,32,fresh_iid,256,0.5378859034795912,0.5386734930242043
s9316_r8_n750_a125,confirmatory,9316,8,0.75,0.125,joint_forward_feedback,balanced_interleaved_k8,balanced_interleaved,balanced,8,1.0658846978750554,1.0,0.6588469787505544,64,64,64,fresh_iid,256,0.28589453993627223,0.28859763735532906
s9316_r8_n750_a125,confirmatory,9316,8,0.75,0.125,joint_forward_feedback,balanced_permutation_a_k1,balanced_permutation_a,balanced,1,0.18899250811836066,0.125,0.6399250811836067,64,64,8,fresh_iid,256,0.7181599361691607,0.719441931726946
s9316_r8_n750_a125,confirmatory,9316,8,0.75,0.125,joint_forward_feedback,balanced_permutation_a_k2,balanced_permutation_a,balanced,2,0.31399250811836066,0.25,0.6399250811836067,64,64,16,fresh_iid,256,0.667158299287466,0.6585373957607072
s9316_r8_n750_a125,confirmatory,9316,8,0.75,0.125,joint_forward_feedback,balanced_permutation_a_k4,balanced_permutation_a,balanced,4,0.5639925081183607,0.5,0.6399250811836067,64,64,32,fresh_iid,256,0.5268409149807632,0.535789972737108
s9316_r8_n750_a125,confirmatory,9316,8,0.75,0.125,joint_forward_feedback,balanced_permutation_a_k8,balanced_permutation_a,balanced,8,1.0639925081183608,1.0,0.6399250811836067,64,64,64,fresh_iid,256,0.28567618238761433,0.2882842600830466
s9316_r8_n750_a125,confirmatory,9316,8,0.75,0.125,joint_forward_feedback,balanced_permutation_b_k1,balanced_permutation_b,balanced,1,0.18840039778945986,0.125,0.6340039778945984,64,64,8,fresh_iid,256,0.7189775511200361,0.7194076659452217
s9316_r8_n750_a125,confirmatory,9316,8,0.75,0.125,joint_forward_feedback,balanced_permutation_b_k2,balanced_permutation_b,balanced,2,0.31340039778945983,0.25,0.6340039778945984,64,64,16,fresh_iid,256,0.6598127189872076,0.6601218598177857
s9316_r8_n750_a125,confirmatory,9316,8,0.75,0.125,joint_forward_feedback,balanced_permutation_b_k4,balanced_permutation_b,balanced,4,0.5634003977894598,0.5,0.6340039778945984,64,64,32,fresh_iid,256,0.5435343736939955,0.5381884285617131
s9316_r8_n750_a125,confirmatory,9316,8,0.75,0.125,joint_forward_feedback,balanced_permutation_b_k8,balanced_permutation_b,balanced,8,1.06340039778946,1.0,0.6340039778945984,64,64,64,fresh_iid,256,0.28582610601894737,0.2885028414340723
s9316_r8_n750_a125,confirmatory,9316,8,0.75,0.125,joint_forward_feedback,comb_contiguous_k1,comb_contiguous,comb,1,0.225,0.125,1.0,64,64,8,fresh_iid,256,0.7193154994543012,0.7194248925782059
s9316_r8_n750_a125,confirmatory,9316,8,0.75,0.125,joint_forward_feedback,comb_contiguous_k2,comb_contiguous,comb,2,0.35,0.25,1.0,64,64,16,fresh_iid,256,0.6672862689922587,0.6609493883427507
s9316_r8_n750_a125,confirmatory,9316,8,0.75,0.125,joint_forward_feedback,comb_contiguous_k4,comb_contiguous,comb,4,0.6,0.5,1.0,64,64,32,fresh_iid,256,0.5369277005883097,0.5377017091026943
s9316_r8_n750_a125,confirmatory,9316,8,0.75,0.125,joint_forward_feedback,comb_contiguous_k8,comb_contiguous,comb,8,1.1,1.0,1.0,64,64,64,fresh_iid,256,0.2874692364038781,0.29016919010107284
s9316_r8_n750_a375,confirmatory,9316,8,0.75,0.375,feedback_only,balanced_contiguous_k1,balanced_contiguous,balanced,1,0.1737418407321983,0.125,0.487418407321983,64,64,8,fixed_cache,16,0.7500589029955418,0.7390304433444935
s9316_r8_n750_a375,confirmatory,9316,8,0.75,0.375,feedback_only,balanced_contiguous_k2,balanced_contiguous,balanced,2,0.2987418407321983,0.25,0.487418407321983,64,64,16,fixed_cache,16,0.7060719022947699,0.6933235591516933
s9316_r8_n750_a375,confirmatory,9316,8,0.75,0.375,feedback_only,balanced_contiguous_k4,balanced_contiguous,balanced,4,0.5487418407321983,0.5,0.487418407321983,64,64,32,fixed_cache,16,0.6142401713766286,0.6152991636186673
s9316_r8_n750_a375,confirmatory,9316,8,0.75,0.375,feedback_only,balanced_contiguous_k8,balanced_contiguous,balanced,8,1.0487418407321982,1.0,0.487418407321983,64,64,64,fixed_cache,16,0.42234974585956364,0.4269288774229343
s9316_r8_n750_a375,confirmatory,9316,8,0.75,0.375,feedback_only,balanced_interleaved_k1,balanced_interleaved,balanced,1,0.19088469787505546,0.125,0.6588469787505544,64,64,8,fixed_cache,16,0.7500589029955418,0.7390304433444935
s9316_r8_n750_a375,confirmatory,9316,8,0.75,0.375,feedback_only,balanced_interleaved_k2,balanced_interleaved,balanced,2,0.31588469787505546,0.25,0.6588469787505544,64,64,16,fixed_cache,16,0.6967800748494193,0.6870192438228694
s9316_r8_n750_a375,confirmatory,9316,8,0.75,0.375,feedback_only,balanced_interleaved_k4,balanced_interleaved,balanced,4,0.5658846978750555,0.5,0.6588469787505544,64,64,32,fixed_cache,16,0.6169109508472311,0.6087993165319519
s9316_r8_n750_a375,confirmatory,9316,8,0.75,0.375,feedback_only,balanced_interleaved_k8,balanced_interleaved,balanced,8,1.0658846978750554,1.0,0.6588469787505544,64,64,64,fixed_cache,16,0.42234974585956364,0.4269288774229343
s9316_r8_n750_a375,confirmatory,9316,8,0.75,0.375,feedback_only,balanced_permutation_a_k1,balanced_permutation_a,balanced,1,0.18899250811836066,0.125,0.6399250811836067,64,64,8,fixed_cache,16,0.7500589029955418,0.7390304433444935
s9316_r8_n750_a375,confirmatory,9316,8,0.75,0.375,feedback_only,balanced_permutation_a_k2,balanced_permutation_a,balanced,2,0.31399250811836066,0.25,0.6399250811836067,64,64,16,fixed_cache,16,0.7069434204909341,0.6959976150977533
s9316_r8_n750_a375,confirmatory,9316,8,0.75,0.375,feedback_only,balanced_permutation_a_k4,balanced_permutation_a,balanced,4,0.5639925081183607,0.5,0.6399250811836067,64,64,32,fixed_cache,16,0.6044171878366766,0.6058325298989714
s9316_r8_n750_a375,confirmatory,9316,8,0.75,0.375,feedback_only,balanced_permutation_a_k8,balanced_permutation_a,balanced,8,1.0639925081183608,1.0,0.6399250811836067,64,64,64,fixed_cache,16,0.42234974585956364,0.4269288774229343
s9316_r8_n750_a375,confirmatory,9316,8,0.75,0.375,feedback_only,balanced_permutation_b_k1,balanced_permutation_b,balanced,1,0.18840039778945986,0.125,0.6340039778945984,64,64,8,fixed_cache,16,0.7500589029955418,0.7390304433444935
s9316_r8_n750_a375,confirmatory,9316,8,0.75,0.375,feedback_only,balanced_permutation_b_k2,balanced_permutation_b,balanced,2,0.31340039778945983,0.25,0.6340039778945984,64,64,16,fixed_cache,16,0.706040862534818,0.6955936551862242
s9316_r8_n750_a375,confirmatory,9316,8,0.75,0.375,feedback_only,balanced_permutation_b_k4,balanced_permutation_b,balanced,4,0.5634003977894598,0.5,0.6340039778945984,64,64,32,fixed_cache,16,0.6190596082958568,0.6166389286986395
s9316_r8_n750_a375,confirmatory,9316,8,0.75,0.375,feedback_only,balanced_permutation_b_k8,balanced_permutation_b,balanced,8,1.06340039778946,1.0,0.6340039778945984,64,64,64,fixed_cache,16,0.42234974585956364,0.4269288774229343
s9316_r8_n750_a375,confirmatory,9316,8,0.75,0.375,feedback_only,comb_contiguous_k1,comb_contiguous,comb,1,0.225,0.125,1.0,64,64,8,fixed_cache,16,0.7500589029955418,0.7390304433444935
s9316_r8_n750_a375,confirmatory,9316,8,0.75,0.375,feedback_only,comb_contiguous_k2,comb_contiguous,comb,2,0.35,0.25,1.0,64,64,16,fixed_cache,16,0.7145678022481248,0.7011518396056172
s9316_r8_n750_a375,confirmatory,9316,8,0.75,0.375,feedback_only,comb_contiguous_k4,comb_contiguous,comb,4,0.6,0.5,1.0,64,64,32,fixed_cache,16,0.6223592334798119,0.6106442207906898
s9316_r8_n750_a375,confirmatory,9316,8,0.75,0.375,feedback_only,comb_contiguous_k8,comb_contiguous,comb,8,1.1,1.0,1.0,64,64,64,fixed_cache,16,0.42234974585956364,0.4269288774229343
s9316_r8_n750_a375,confirmatory,9316,8,0.75,0.375,feedback_only,balanced_contiguous_k1,balanced_contiguous,balanced,1,0.1737418407321983,0.125,0.487418407321983,64,64,8,fixed_cache,64,0.7357937568781485,0.7296515306765822
s9316_r8_n750_a375,confirmatory,9316,8,0.75,0.375,feedback_only,balanced_contiguous_k2,balanced_contiguous,balanced,2,0.2987418407321983,0.25,0.487418407321983,64,64,16,fixed_cache,64,0.677286411084322,0.6692759613142446
s9316_r8_n750_a375,confirmatory,9316,8,0.75,0.375,feedback_only,balanced_contiguous_k4,balanced_contiguous,balanced,4,0.5487418407321983,0.5,0.487418407321983,64,64,32,fixed_cache,64,0.5357757727779614,0.5485478831349261
s9316_r8_n750_a375,confirmatory,9316,8,0.75,0.375,feedback_only,balanced_contiguous_k8,balanced_contiguous,balanced,8,1.0487418407321982,1.0,0.487418407321983,64,64,64,fixed_cache,64,0.29965697876304054,0.3082020548413875
s9316_r8_n750_a375,confirmatory,9316,8,0.75,0.375,feedback_only,balanced_interleaved_k1,balanced_interleaved,balanced,1,0.19088469787505546,0.125,0.6588469787505544,64,64,8,fixed_cache,64,0.7357937568781485,0.7296515306765822
s9316_r8_n750_a375,confirmatory,9316,8,0.75,0.375,feedback_only,balanced_interleaved_k2,balanced_interleaved,balanced,2,0.31588469787505546,0.25,0.6588469787505544,64,64,16,fixed_cache,64,0.6846841004458668,0.6767966293173953
s9316_r8_n750_a375,confirmatory,9316,8,0.75,0.375,feedback_only,balanced_interleaved_k4,balanced_interleaved,balanced,4,0.5658846978750555,0.5,0.6588469787505544,64,64,32,fixed_cache,64,0.5600121669176645,0.5578671747659141
s9316_r8_n750_a375,confirmatory,9316,8,0.75,0.375,feedback_only,balanced_interleaved_k8,balanced_interleaved,balanced,8,1.0658846978750554,1.0,0.6588469787505544,64,64,64,fixed_cache,64,0.29965697876304054,0.3082020548413875
s9316_r8_n750_a375,confirmatory,9316,8,0.75,0.375,feedback_only,balanced_permutation_a_k1,balanced_permutation_a,balanced,1,0.18899250811836066,0.125,0.6399250811836067,64,64,8,fixed_cache,64,0.7357937568781485,0.7296515306765822
s9316_r8_n750_a375,confirmatory,9316,8,0.75,0.375,feedback_only,balanced_permutation_a_k2,balanced_permutation_a,balanced,2,0.31399250811836066,0.25,0.6399250811836067,64,64,16,fixed_cache,64,0.6726877753584122,0.6684865333779209
s9316_r8_n750_a375,confirmatory,9316,8,0.75,0.375,feedback_only,balanced_permutation_a_k4,balanced_permutation_a,balanced,4,0.5639925081183607,0.5,0.6399250811836067,64,64,32,fixed_cache,64,0.548175778197486,0.5593806892571902
s9316_r8_n750_a375,confirmatory,9316,8,0.75,0.375,feedback_only,balanced_permutation_a_k8,balanced_permutation_a,balanced,8,1.0639925081183608,1.0,0.6399250811836067,64,64,64,fixed_cache,64,0.29965697876304054,0.3082020548413875
s9316_r8_n750_a375,confirmatory,9316,8,0.75,0.375,feedback_only,balanced_permutation_b_k1,balanced_permutation_b,balanced,1,0.18840039778945986,0.125,0.6340039778945984,64,64,8,fixed_cache,64,0.7357937568781485,0.7296515306765822
s9316_r8_n750_a375,confirmatory,9316,8,0.75,0.375,feedback_only,balanced_permutation_b_k2,balanced_permutation_b,balanced,2,0.31340039778945983,0.25,0.6340039778945984,64,64,16,fixed_cache,64,0.6880121807839548,0.6791384979770813
s9316_r8_n750_a375,confirmatory,9316,8,0.75,0.375,feedback_only,balanced_permutation_b_k4,balanced_permutation_b,balanced,4,0.5634003977894598,0.5,0.6340039778945984,64,64,32,fixed_cache,64,0.5635225783796967,0.5580666493669693
s9316_r8_n750_a375,confirmatory,9316,8,0.75,0.375,feedback_only,balanced_permutation_b_k8,balanced_permutation_b,balanced,8,1.06340039778946,1.0,0.6340039778945984,64,64,64,fixed_cache,64,0.29965697876304054,0.3082020548413875
s9316_r8_n750_a375,confirmatory,9316,8,0.75,0.375,feedback_only,comb_contiguous_k1,comb_contiguous,comb,1,0.225,0.125,1.0,64,64,8,fixed_cache,64,0.7357937568781485,0.7296515306765822
s9316_r8_n750_a375,confirmatory,9316,8,0.75,0.375,feedback_only,comb_contiguous_k2,comb_contiguous,comb,2,0.35,0.25,1.0,64,64,16,fixed_cache,64,0.6916600878935837,0.6764240351368812
s9316_r8_n750_a375,confirmatory,9316,8,0.75,0.375,feedback_only,comb_contiguous_k4,comb_contiguous,comb,4,0.6,0.5,1.0,64,64,32,fixed_cache,64,0.572138937916935,0.5634804023123934
s9316_r8_n750_a375,confirmatory,9316,8,0.75,0.375,feedback_only,comb_contiguous_k8,comb_contiguous,comb,8,1.1,1.0,1.0,64,64,64,fixed_cache,64,0.29965697876304054,0.3082020548413875
s9316_r8_n750_a375,confirmatory,9316,8,0.75,0.375,feedback_only,balanced_contiguous_k1,balanced_contiguous,balanced,1,0.1737418407321983,0.125,0.487418407321983,64,64,8,fixed_cache,256,0.7368957190219121,0.7263665553309961
s9316_r8_n750_a375,confirmatory,9316,8,0.75,0.375,feedback_only,balanced_contiguous_k2,balanced_contiguous,balanced,2,0.2987418407321983,0.25,0.487418407321983,64,64,16,fixed_cache,256,0.6793063438932907,0.6702000387604699
s9316_r8_n750_a375,confirmatory,9316,8,0.75,0.375,feedback_only,balanced_contiguous_k4,balanced_contiguous,balanced,4,0.5487418407321983,0.5,0.487418407321983,64,64,32,fixed_cache,256,0.541209254665793,0.552128995108157
s9316_r8_n750_a375,confirmatory,9316,8,0.75,0.375,feedback_only,balanced_contiguous_k8,balanced_contiguous,balanced,8,1.0487418407321982,1.0,0.487418407321983,64,64,64,fixed_cache,256,0.29391630678687336,0.29925474715529404
s9316_r8_n750_a375,confirmatory,9316,8,0.75,0.375,feedback_only,balanced_interleaved_k1,balanced_interleaved,balanced,1,0.19088469787505546,0.125,0.6588469787505544,64,64,8,fixed_cache,256,0.7368957190219121,0.7263665553309961
s9316_r8_n750_a375,confirmatory,9316,8,0.75,0.375,feedback_only,balanced_interleaved_k2,balanced_interleaved,balanced,2,0.31588469787505546,0.25,0.6588469787505544,64,64,16,fixed_cache,256,0.6809123501094239,0.6717831007361468
s9316_r8_n750_a375,confirmatory,9316,8,0.75,0.375,feedback_only,balanced_interleaved_k4,balanced_interleaved,balanced,4,0.5658846978750555,0.5,0.6588469787505544,64,64,32,fixed_cache,256,0.5511331504452393,0.5520377126198333
s9316_r8_n750_a375,confirmatory,9316,8,0.75,0.375,feedback_only,balanced_interleaved_k8,balanced_interleaved,balanced,8,1.0658846978750554,1.0,0.6588469787505544,64,64,64,fixed_cache,256,0.29391630678687336,0.29925474715529404
s9316_r8_n750_a375,confirmatory,9316,8,0.75,0.375,feedback_only,balanced_permutation_a_k1,balanced_permutation_a,balanced,1,0.18899250811836066,0.125,0.6399250811836067,64,64,8,fixed_cache,256,0.7368957190219121,0.7263665553309961
s9316_r8_n750_a375,confirmatory,9316,8,0.75,0.375,feedback_only,balanced_permutation_a_k2,balanced_permutation_a,balanced,2,0.31399250811836066,0.25,0.6399250811836067,64,64,16,fixed_cache,256,0.6751596335098171,0.6671885212377007
s9316_r8_n750_a375,confirmatory,9316,8,0.75,0.375,feedback_only,balanced_permutation_a_k4,balanced_permutation_a,balanced,4,0.5639925081183607,0.5,0.6399250811836067,64,64,32,fixed_cache,256,0.5446265084108673,0.55416647615547
s9316_r8_n750_a375,confirmatory,9316,8,0.75,0.375,feedback_only,balanced_permutation_a_k8,balanced_permutation_a,balanced,8,1.0639925081183608,1.0,0.6399250811836067,64,64,64,fixed_cache,256,0.29391630678687336,0.29925474715529404
s9316_r8_n750_a375,confirmatory,9316,8,0.75,0.375,feedback_only,balanced_permutation_b_k1,balanced_permutation_b,balanced,1,0.18840039778945986,0.125,0.6340039778945984,64,64,8,fixed_cache,256,0.7368957190219121,0.7263665553309961
s9316_r8_n750_a375,confirmatory,9316,8,0.75,0.375,feedback_only,balanced_permutation_b_k2,balanced_permutation_b,balanced,2,0.31340039778945983,0.25,0.6340039778945984,64,64,16,fixed_cache,256,0.6822489912720773,0.667705342207765
s9316_r8_n750_a375,confirmatory,9316,8,0.75,0.375,feedback_only,balanced_permutation_b_k4,balanced_permutation_b,balanced,4,0.5634003977894598,0.5,0.6340039778945984,64,64,32,fixed_cache,256,0.5648172153290159,0.555581032804329
s9316_r8_n750_a375,confirmatory,9316,8,0.75,0.375,feedback_only,balanced_permutation_b_k8,balanced_permutation_b,balanced,8,1.06340039778946,1.0,0.6340039778945984,64,64,64,fixed_cache,256,0.29391630678687336,0.29925474715529404
s9316_r8_n750_a375,confirmatory,9316,8,0.75,0.375,feedback_only,comb_contiguous_k1,comb_contiguous,comb,1,0.225,0.125,1.0,64,64,8,fixed_cache,256,0.7368957190219121,0.7263665553309961
s9316_r8_n750_a375,confirmatory,9316,8,0.75,0.375,feedback_only,comb_contiguous_k2,comb_contiguous,comb,2,0.35,0.25,1.0,64,64,16,fixed_cache,256,0.696726964059978,0.6790610192370294
s9316_r8_n750_a375,confirmatory,9316,8,0.75,0.375,feedback_only,comb_contiguous_k4,comb_contiguous,comb,4,0.6,0.5,1.0,64,64,32,fixed_cache,256,0.5635994658276502,0.5535536320672578
s9316_r8_n750_a375,confirmatory,9316,8,0.75,0.375,feedback_only,comb_contiguous_k8,comb_contiguous,comb,8,1.1,1.0,1.0,64,64,64,fixed_cache,256,0.29391630678687336,0.29925474715529404
s9316_r8_n750_a375,confirmatory,9316,8,0.75,0.375,feedback_only,balanced_contiguous_k1,balanced_contiguous,balanced,1,0.1737418407321983,0.125,0.487418407321983,64,64,8,fresh_iid,16,0.7436175977575586,0.7315041562801365
s9316_r8_n750_a375,confirmatory,9316,8,0.75,0.375,feedback_only,balanced_contiguous_k2,balanced_contiguous,balanced,2,0.2987418407321983,0.25,0.487418407321983,64,64,16,fresh_iid,16,0.7035185021507078,0.6885544650924846
s9316_r8_n750_a375,confirmatory,9316,8,0.75,0.375,feedback_only,balanced_contiguous_k4,balanced_contiguous,balanced,4,0.5487418407321983,0.5,0.487418407321983,64,64,32,fresh_iid,16,0.6094898937394142,0.603164145444383
s9316_r8_n750_a375,confirmatory,9316,8,0.75,0.375,feedback_only,balanced_contiguous_k8,balanced_contiguous,balanced,8,1.0487418407321982,1.0,0.487418407321983,64,64,64,fresh_iid,16,0.4282257578694313,0.4284027942946201
s9316_r8_n750_a375,confirmatory,9316,8,0.75,0.375,feedback_only,balanced_interleaved_k1,balanced_interleaved,balanced,1,0.19088469787505546,0.125,0.6588469787505544,64,64,8,fresh_iid,16,0.7436175977575586,0.7315041562801365
s9316_r8_n750_a375,confirmatory,9316,8,0.75,0.375,feedback_only,balanced_interleaved_k2,balanced_interleaved,balanced,2,0.31588469787505546,0.25,0.6588469787505544,64,64,16,fresh_iid,16,0.710747749768544,0.7003634921420482
s9316_r8_n750_a375,confirmatory,9316,8,0.75,0.375,feedback_only,balanced_interleaved_k4,balanced_interleaved,balanced,4,0.5658846978750555,0.5,0.6588469787505544,64,64,32,fresh_iid,16,0.6188125412195576,0.6126615619681572
s9316_r8_n750_a375,confirmatory,9316,8,0.75,0.375,feedback_only,balanced_interleaved_k8,balanced_interleaved,balanced,8,1.0658846978750554,1.0,0.6588469787505544,64,64,64,fresh_iid,16,0.4282257578694313,0.4284027942946201
s9316_r8_n750_a375,confirmatory,9316,8,0.75,0.375,feedback_only,balanced_permutation_a_k1,balanced_permutation_a,balanced,1,0.18899250811836066,0.125,0.6399250811836067,64,64,8,fresh_iid,16,0.7436175977575586,0.7315041562801365
s9316_r8_n750_a375,confirmatory,9316,8,0.75,0.375,feedback_only,balanced_permutation_a_k2,balanced_permutation_a,balanced,2,0.31399250811836066,0.25,0.6399250811836067,64,64,16,fresh_iid,16,0.7038465383214707,0.6915223273312671
s9316_r8_n750_a375,confirmatory,9316,8,0.75,0.375,feedback_only,balanced_permutation_a_k4,balanced_permutation_a,balanced,4,0.5639925081183607,0.5,0.6399250811836067,64,64,32,fresh_iid,16,0.6108858921301221,0.6085521030967552
s9316_r8_n750_a375,confirmatory,9316,8,0.75,0.375,feedback_only,balanced_permutation_a_k8,balanced_permutation_a,balanced,8,1.0639925081183608,1.0,0.6399250811836067,64,64,64,fresh_iid,16,0.4282257578694313,0.4284027942946201
s9316_r8_n750_a375,confirmatory,9316,8,0.75,0.375,feedback_only,balanced_permutation_b_k1,balanced_permutation_b,balanced,1,0.18840039778945986,0.125,0.6340039778945984,64,64,8,fresh_iid,16,0.7436175977575586,0.7315041562801365
s9316_r8_n750_a375,confirmatory,9316,8,0.75,0.375,feedback_only,balanced_permutation_b_k2,balanced_permutation_b,balanced,2,0.31340039778945983,0.25,0.6340039778945984,64,64,16,fresh_iid,16,0.7102055414422601,0.7006921449786694
s9316_r8_n750_a375,confirmatory,9316,8,0.75,0.375,feedback_only,balanced_permutation_b_k4,balanced_permutation_b,balanced,4,0.5634003977894598,0.5,0.6340039778945984,64,64,32,fresh_iid,16,0.6186428052051779,0.6102790685451717
s9316_r8_n750_a375,confirmatory,9316,8,0.75,0.375,feedback_only,balanced_permutation_b_k8,balanced_permutation_b,balanced,8,1.06340039778946,1.0,0.6340039778945984,64,64,64,fresh_iid,16,0.4282257578694313,0.4284027942946201
s9316_r8_n750_a375,confirmatory,9316,8,0.75,0.375,feedback_only,comb_contiguous_k1,comb_contiguous,comb,1,0.225,0.125,1.0,64,64,8,fresh_iid,16,0.7436175977575586,0.7315041562801365
s9316_r8_n750_a375,confirmatory,9316,8,0.75,0.375,feedback_only,comb_contiguous_k2,comb_contiguous,comb,2,0.35,0.25,1.0,64,64,16,fresh_iid,16,0.7069403659257822,0.689565108495626
s9316_r8_n750_a375,confirmatory,9316,8,0.75,0.375,feedback_only,comb_contiguous_k4,comb_contiguous,comb,4,0.6,0.5,1.0,64,64,32,fresh_iid,16,0.6246189604403429,0.6099873099266669
s9316_r8_n750_a375,confirmatory,9316,8,0.75,0.375,feedback_only,comb_contiguous_k8,comb_contiguous,comb,8,1.1,1.0,1.0,64,64,64,fresh_iid,16,0.4282257578694313,0.4284027942946201
s9316_r8_n750_a375,confirmatory,9316,8,0.75,0.375,feedback_only,balanced_contiguous_k1,balanced_contiguous,balanced,1,0.1737418407321983,0.125,0.487418407321983,64,64,8,fresh_iid,64,0.7296808452317076,0.7212909141309685
s9316_r8_n750_a375,confirmatory,9316,8,0.75,0.375,feedback_only,balanced_contiguous_k2,balanced_contiguous,balanced,2,0.2987418407321983,0.25,0.487418407321983,64,64,16,fresh_iid,64,0.6752853577796867,0.6623732800571508
s9316_r8_n750_a375,confirmatory,9316,8,0.75,0.375,feedback_only,balanced_contiguous_k4,balanced_contiguous,balanced,4,0.5487418407321983,0.5,0.487418407321983,64,64,32,fresh_iid,64,0.5413071597516684,0.5460818124251723
s9316_r8_n750_a375,confirmatory,9316,8,0.75,0.375,feedback_only,balanced_contiguous_k8,balanced_contiguous,balanced,8,1.0487418407321982,1.0,0.487418407321983,64,64,64,fresh_iid,64,0.29326748295114535,0.2965200802399095
s9316_r8_n750_a375,confirmatory,9316,8,0.75,0.375,feedback_only,balanced_interleaved_k1,balanced_interleaved,balanced,1,0.19088469787505546,0.125,0.6588469787505544,64,64,8,fresh_iid,64,0.7296808452317076,0.7212909141309685
s9316_r8_n750_a375,confirmatory,9316,8,0.75,0.375,feedback_only,balanced_interleaved_k2,balanced_interleaved,balanced,2,0.31588469787505546,0.25,0.6588469787505544,64,64,16,fresh_iid,64,0.6717095455308683,0.6621620275800635
s9316_r8_n750_a375,confirmatory,9316,8,0.75,0.375,feedback_only,balanced_interleaved_k4,balanced_interleaved,balanced,4,0.5658846978750555,0.5,0.6588469787505544,64,64,32,fresh_iid,64,0.5487633202990472,0.5443389920606643
s9316_r8_n750_a375,confirmatory,9316,8,0.75,0.375,feedback_only,balanced_interleaved_k8,balanced_interleaved,balanced,8,1.0658846978750554,1.0,0.6588469787505544,64,64,64,fresh_iid,64,0.29326748295114535,0.2965200802399095
s9316_r8_n750_a375,confirmatory,9316,8,0.75,0.375,feedback_only,balanced_permutation_a_k1,balanced_permutation_a,balanced,1,0.18899250811836066,0.125,0.6399250811836067,64,64,8,fresh_iid,64,0.7296808452317076,0.7212909141309685
s9316_r8_n750_a375,confirmatory,9316,8,0.75,0.375,feedback_only,balanced_permutation_a_k2,balanced_permutation_a,balanced,2,0.31399250811836066,0.25,0.6399250811836067,64,64,16,fresh_iid,64,0.6679829606422777,0.6604664253214482
s9316_r8_n750_a375,confirmatory,9316,8,0.75,0.375,feedback_only,balanced_permutation_a_k4,balanced_permutation_a,balanced,4,0.5639925081183607,0.5,0.6399250811836067,64,64,32,fresh_iid,64,0.5331714684455353,0.5419273139871642
s9316_r8_n750_a375,confirmatory,9316,8,0.75,0.375,feedback_only,balanced_permutation_a_k8,balanced_permutation_a,balanced,8,1.0639925081183608,1.0,0.6399250811836067,64,64,64,fresh_iid,64,0.29326748295114535,0.2965200802399095
s9316_r8_n750_a375,confirmatory,9316,8,0.75,0.375,feedback_only,balanced_permutation_b_k1,balanced_permutation_b,balanced,1,0.18840039778945986,0.125,0.6340039778945984,64,64,8,fresh_iid,64,0.7296808452317076,0.7212909141309685
s9316_r8_n750_a375,confirmatory,9316,8,0.75,0.375,feedback_only,balanced_permutation_b_k2,balanced_permutation_b,balanced,2,0.31340039778945983,0.25,0.6340039778945984,64,64,16,fresh_iid,64,0.6750494031044783,0.66415707520957
s9316_r8_n750_a375,confirmatory,9316,8,0.75,0.375,feedback_only,balanced_permutation_b_k4,balanced_permutation_b,balanced,4,0.5634003977894598,0.5,0.6340039778945984,64,64,32,fresh_iid,64,0.5542201101187327,0.546582131846888
s9316_r8_n750_a375,confirmatory,9316,8,0.75,0.375,feedback_only,balanced_permutation_b_k8,balanced_permutation_b,balanced,8,1.06340039778946,1.0,0.6340039778945984,64,64,64,fresh_iid,64,0.29326748295114535,0.2965200802399095
s9316_r8_n750_a375,confirmatory,9316,8,0.75,0.375,feedback_only,comb_contiguous_k1,comb_contiguous,comb,1,0.225,0.125,1.0,64,64,8,fresh_iid,64,0.7296808452317076,0.7212909141309685
s9316_r8_n750_a375,confirmatory,9316,8,0.75,0.375,feedback_only,comb_contiguous_k2,comb_contiguous,comb,2,0.35,0.25,1.0,64,64,16,fresh_iid,64,0.6805033825232755,0.6615084887753906
s9316_r8_n750_a375,confirmatory,9316,8,0.75,0.375,feedback_only,comb_contiguous_k4,comb_contiguous,comb,4,0.6,0.5,1.0,64,64,32,fresh_iid,64,0.5538240434867463,0.547042422624062
s9316_r8_n750_a375,confirmatory,9316,8,0.75,0.375,feedback_only,comb_contiguous_k8,comb_contiguous,comb,8,1.1,1.0,1.0,64,64,64,fresh_iid,64,0.29326748295114535,0.2965200802399095
s9316_r8_n750_a375,confirmatory,9316,8,0.75,0.375,feedback_only,balanced_contiguous_k1,balanced_contiguous,balanced,1,0.1737418407321983,0.125,0.487418407321983,64,64,8,fresh_iid,256,0.7312849500185483,0.7216742777141103
s9316_r8_n750_a375,confirmatory,9316,8,0.75,0.375,feedback_only,balanced_contiguous_k2,balanced_contiguous,balanced,2,0.2987418407321983,0.25,0.487418407321983,64,64,16,fresh_iid,256,0.6739274725166197,0.6628746161747427
s9316_r8_n750_a375,confirmatory,9316,8,0.75,0.375,feedback_only,balanced_contiguous_k4,balanced_contiguous,balanced,4,0.5487418407321983,0.5,0.487418407321983,64,64,32,fresh_iid,256,0.5360081424787937,0.5444067098767478
s9316_r8_n750_a375,confirmatory,9316,8,0.75,0.375,feedback_only,balanced_contiguous_k8,balanced_contiguous,balanced,8,1.0487418407321982,1.0,0.487418407321983,64,64,64,fresh_iid,256,0.29234863742552825,0.29581308182978583
s9316_r8_n750_a375,confirmatory,9316,8,0.75,0.375,feedback_only,balanced_interleaved_k1,balanced_interleaved,balanced,1,0.19088469787505546,0.125,0.6588469787505544,64,64,8,fresh_iid,256,0.7312849500185483,0.7216742777141103
s9316_r8_n750_a375,confirmatory,9316,8,0.75,0.375,feedback_only,balanced_interleaved_k2,balanced_interleaved,balanced,2,0.31588469787505546,0.25,0.6588469787505544,64,64,16,fresh_iid,256,0.6720082564749694,0.6618958474167727
s9316_r8_n750_a375,confirmatory,9316,8,0.75,0.375,feedback_only,balanced_interleaved_k4,balanced_interleaved,balanced,4,0.5658846978750555,0.5,0.6588469787505544,64,64,32,fresh_iid,256,0.5486926019370518,0.5446326042058014
s9316_r8_n750_a375,confirmatory,9316,8,0.75,0.375,feedback_only,balanced_interleaved_k8,balanced_interleaved,balanced,8,1.0658846978750554,1.0,0.6588469787505544,64,64,64,fresh_iid,256,0.29234863742552825,0.29581308182978583
s9316_r8_n750_a375,confirmatory,9316,8,0.75,0.375,feedback_only,balanced_permutation_a_k1,balanced_permutation_a,balanced,1,0.18899250811836066,0.125,0.6399250811836067,64,64,8,fresh_iid,256,0.7312849500185483,0.7216742777141103
s9316_r8_n750_a375,confirmatory,9316,8,0.75,0.375,feedback_only,balanced_permutation_a_k2,balanced_permutation_a,balanced,2,0.31399250811836066,0.25,0.6399250811836067,64,64,16,fresh_iid,256,0.6725784762842681,0.6647790292309692
s9316_r8_n750_a375,confirmatory,9316,8,0.75,0.375,feedback_only,balanced_permutation_a_k4,balanced_permutation_a,balanced,4,0.5639925081183607,0.5,0.6399250811836067,64,64,32,fresh_iid,256,0.5433858640944987,0.5481637404046644
s9316_r8_n750_a375,confirmatory,9316,8,0.75,0.375,feedback_only,balanced_permutation_a_k8,balanced_permutation_a,balanced,8,1.0639925081183608,1.0,0.6399250811836067,64,64,64,fresh_iid,256,0.29234863742552825,0.29581308182978583
s9316_r8_n750_a375,confirmatory,9316,8,0.75,0.375,feedback_only,balanced_permutation_b_k1,balanced_permutation_b,balanced,1,0.18840039778945986,0.125,0.6340039778945984,64,64,8,fresh_iid,256,0.7312849500185483,0.7216742777141103
s9316_r8_n750_a375,confirmatory,9316,8,0.75,0.375,feedback_only,balanced_permutation_b_k2,balanced_permutation_b,balanced,2,0.31340039778945983,0.25,0.6340039778945984,64,64,16,fresh_iid,256,0.6751774766505969,0.6621287836694387
s9316_r8_n750_a375,confirmatory,9316,8,0.75,0.375,feedback_only,balanced_permutation_b_k4,balanced_permutation_b,balanced,4,0.5634003977894598,0.5,0.6340039778945984,64,64,32,fresh_iid,256,0.5644085285825804,0.548995185305245
s9316_r8_n750_a375,confirmatory,9316,8,0.75,0.375,feedback_only,balanced_permutation_b_k8,balanced_permutation_b,balanced,8,1.06340039778946,1.0,0.6340039778945984,64,64,64,fresh_iid,256,0.29234863742552825,0.29581308182978583
s9316_r8_n750_a375,confirmatory,9316,8,0.75,0.375,feedback_only,comb_contiguous_k1,comb_contiguous,comb,1,0.225,0.125,1.0,64,64,8,fresh_iid,256,0.7312849500185483,0.7216742777141103
s9316_r8_n750_a375,confirmatory,9316,8,0.75,0.375,feedback_only,comb_contiguous_k2,comb_contiguous,comb,2,0.35,0.25,1.0,64,64,16,fresh_iid,256,0.6822160354734776,0.6668152025186079
s9316_r8_n750_a375,confirmatory,9316,8,0.75,0.375,feedback_only,comb_contiguous_k4,comb_contiguous,comb,4,0.6,0.5,1.0,64,64,32,fresh_iid,256,0.5542162286957701,0.5480309246046705
s9316_r8_n750_a375,confirmatory,9316,8,0.75,0.375,feedback_only,comb_contiguous_k8,comb_contiguous,comb,8,1.1,1.0,1.0,64,64,64,fresh_iid,256,0.29234863742552825,0.29581308182978583
s9316_r8_n750_a375,confirmatory,9316,8,0.75,0.375,joint_forward_feedback,balanced_contiguous_k1,balanced_contiguous,balanced,1,0.1737418407321983,0.125,0.487418407321983,64,64,8,fixed_cache,16,0.7643962422866264,0.7522006750853283
s9316_r8_n750_a375,confirmatory,9316,8,0.75,0.375,joint_forward_feedback,balanced_contiguous_k2,balanced_contiguous,balanced,2,0.2987418407321983,0.25,0.487418407321983,64,64,16,fixed_cache,16,0.7329067745989257,0.7198936070992156
s9316_r8_n750_a375,confirmatory,9316,8,0.75,0.375,joint_forward_feedback,balanced_contiguous_k4,balanced_contiguous,balanced,4,0.5487418407321983,0.5,0.487418407321983,64,64,32,fixed_cache,16,0.6697793356880115,0.6658117993555929
s9316_r8_n750_a375,confirmatory,9316,8,0.75,0.375,joint_forward_feedback,balanced_contiguous_k8,balanced_contiguous,balanced,8,1.0487418407321982,1.0,0.487418407321983,64,64,64,fixed_cache,16,0.584606894078187,0.5820017664175356
s9316_r8_n750_a375,confirmatory,9316,8,0.75,0.375,joint_forward_feedback,balanced_interleaved_k1,balanced_interleaved,balanced,1,0.19088469787505546,0.125,0.6588469787505544,64,64,8,fixed_cache,16,0.7607065558870905,0.7487305913378353
s9316_r8_n750_a375,confirmatory,9316,8,0.75,0.375,joint_forward_feedback,balanced_interleaved_k2,balanced_interleaved,balanced,2,0.31588469787505546,0.25,0.6588469787505544,64,64,16,fixed_cache,16,0.7162110688266033,0.7052825044324371
s9316_r8_n750_a375,confirmatory,9316,8,0.75,0.375,joint_forward_feedback,balanced_interleaved_k4,balanced_interleaved,balanced,4,0.5658846978750555,0.5,0.6588469787505544,64,64,32,fixed_cache,16,0.6558821949278812,0.646076912996236
s9316_r8_n750_a375,confirmatory,9316,8,0.75,0.375,joint_forward_feedback,balanced_interleaved_k8,balanced_interleaved,balanced,8,1.0658846978750554,1.0,0.6588469787505544,64,64,64,fixed_cache,16,0.5269432234352951,0.5257963516008395
s9316_r8_n750_a375,confirmatory,9316,8,0.75,0.375,joint_forward_feedback,balanced_permutation_a_k1,balanced_permutation_a,balanced,1,0.18899250811836066,0.125,0.6399250811836067,64,64,8,fixed_cache,16,0.76112740257317,0.7488726817304308
s9316_r8_n750_a375,confirmatory,9316,8,0.75,0.375,joint_forward_feedback,balanced_permutation_a_k2,balanced_permutation_a,balanced,2,0.31399250811836066,0.25,0.6399250811836067,64,64,16,fixed_cache,16,0.7284568168598046,0.7159521120803587
s9316_r8_n750_a375,confirmatory,9316,8,0.75,0.375,joint_forward_feedback,balanced_permutation_a_k4,balanced_permutation_a,balanced,4,0.5639925081183607,0.5,0.6399250811836067,64,64,32,fixed_cache,16,0.6463133583367722,0.6427035157543934
s9316_r8_n750_a375,confirmatory,9316,8,0.75,0.375,joint_forward_feedback,balanced_permutation_a_k8,balanced_permutation_a,balanced,8,1.0639925081183608,1.0,0.6399250811836067,64,64,64,fixed_cache,16,0.535490763481475,0.5330589527808047
s9316_r8_n750_a375,confirmatory,9316,8,0.75,0.375,joint_forward_feedback,balanced_permutation_b_k1,balanced_permutation_b,balanced,1,0.18840039778945986,0.125,0.6340039778945984,64,64,8,fixed_cache,16,0.7608652598317366,0.7486485814090387
s9316_r8_n750_a375,confirmatory,9316,8,0.75,0.375,joint_forward_feedback,balanced_permutation_b_k2,balanced_permutation_b,balanced,2,0.31340039778945983,0.25,0.6340039778945984,64,64,16,fixed_cache,16,0.7264582622269234,0.7146401613328113
s9316_r8_n750_a375,confirmatory,9316,8,0.75,0.375,joint_forward_feedback,balanced_permutation_b_k4,balanced_permutation_b,balanced,4,0.5634003977894598,0.5,0.6340039778945984,64,64,32,fixed_cache,16,0.6603072381246387,0.6540951199222353
s9316_r8_n750_a375,confirmatory,9316,8,0.75,0.375,joint_forward_feedback,balanced_permutation_b_k8,balanced_permutation_b,balanced,8,1.06340039778946,1.0,0.6340039778945984,64,64,64,fixed_cache,16,0.5360318217055254,0.5340473563796633
s9316_r8_n750_a375,confirmatory,9316,8,0.75,0.375,joint_forward_feedback,comb_contiguous_k1,comb_contiguous,comb,1,0.225,0.125,1.0,64,64,8,fixed_cache,16,0.7590551809821497,0.7468649688196208
s9316_r8_n750_a375,confirmatory,9316,8,0.75,0.375,joint_forward_feedback,comb_contiguous_k2,comb_contiguous,comb,2,0.35,0.25,1.0,64,64,16,fixed_cache,16,0.7257681849121425,0.7118170515475055
s9316_r8_n750_a375,confirmatory,9316,8,0.75,0.375,joint_forward_feedback,comb_contiguous_k4,comb_contiguous,comb,4,0.6,0.5,1.0,64,64,32,fixed_cache,16,0.6455598291799689,0.6332762838211037
s9316_r8_n750_a375,confirmatory,9316,8,0.75,0.375,joint_forward_feedback,comb_contiguous_k8,comb_contiguous,comb,8,1.1,1.0,1.0,64,64,64,fixed_cache,16,0.5104991868582436,0.5095188105076659
s9316_r8_n750_a375,confirmatory,9316,8,0.75,0.375,joint_forward_feedback,balanced_contiguous_k1,balanced_contiguous,balanced,1,0.1737418407321983,0.125,0.487418407321983,64,64,8,fixed_cache,64,0.7381040851959515,0.7289473074190829
s9316_r8_n750_a375,confirmatory,9316,8,0.75,0.375,joint_forward_feedback,balanced_contiguous_k2,balanced_contiguous,balanced,2,0.2987418407321983,0.25,0.487418407321983,64,64,16,fixed_cache,64,0.6798077134862746,0.6694943860093208
s9316_r8_n750_a375,confirmatory,9316,8,0.75,0.375,joint_forward_feedback,balanced_contiguous_k4,balanced_contiguous,balanced,4,0.5487418407321983,0.5,0.487418407321983,64,64,32,fixed_cache,64,0.5456561816465256,0.5520054660307787
s9316_r8_n750_a375,confirmatory,9316,8,0.75,0.375,joint_forward_feedback,balanced_contiguous_k8,balanced_contiguous,balanced,8,1.0487418407321982,1.0,0.487418407321983,64,64,64,fixed_cache,64,0.34897366898188725,0.353969180178495
s9316_r8_n750_a375,confirmatory,9316,8,0.75,0.375,joint_forward_feedback,balanced_interleaved_k1,balanced_interleaved,balanced,1,0.19088469787505546,0.125,0.6588469787505544,64,64,8,fixed_cache,64,0.7368602903620378,0.7284520128038413
s9316_r8_n750_a375,confirmatory,9316,8,0.75,0.375,joint_forward_feedback,balanced_interleaved_k2,balanced_interleaved,balanced,2,0.31588469787505546,0.25,0.6588469787505544,64,64,16,fixed_cache,64,0.67946458105251,0.6695545224637344
s9316_r8_n750_a375,confirmatory,9316,8,0.75,0.375,joint_forward_feedback,balanced_interleaved_k4,balanced_interleaved,balanced,4,0.5658846978750555,0.5,0.6588469787505544,64,64,32,fixed_cache,64,0.5588952355977992,0.5534662855059709
s9316_r8_n750_a375,confirmatory,9316,8,0.75,0.375,joint_forward_feedback,balanced_interleaved_k8,balanced_interleaved,balanced,8,1.0658846978750554,1.0,0.6588469787505544,64,64,64,fixed_cache,64,0.31561885537619716,0.32136488998215984
s9316_r8_n750_a375,confirmatory,9316,8,0.75,0.375,joint_forward_feedback,balanced_permutation_a_k1,balanced_permutation_a,balanced,1,0.18899250811836066,0.125,0.6399250811836067,64,64,8,fixed_cache,64,0.7366005210437938,0.7279719763525123
s9316_r8_n750_a375,confirmatory,9316,8,0.75,0.375,joint_forward_feedback,balanced_permutation_a_k2,balanced_permutation_a,balanced,2,0.31399250811836066,0.25,0.6399250811836067,64,64,16,fixed_cache,64,0.6764971371854982,0.6687376869004958
s9316_r8_n750_a375,confirmatory,9316,8,0.75,0.375,joint_forward_feedback,balanced_permutation_a_k4,balanced_permutation_a,balanced,4,0.5639925081183607,0.5,0.6399250811836067,64,64,32,fixed_cache,64,0.5513701154048728,0.5582347131392944
s9316_r8_n750_a375,confirmatory,9316,8,0.75,0.375,joint_forward_feedback,balanced_permutation_a_k8,balanced_permutation_a,balanced,8,1.0639925081183608,1.0,0.6399250811836067,64,64,64,fixed_cache,64,0.32214073380379127,0.3271003420507928
s9316_r8_n750_a375,confirmatory,9316,8,0.75,0.375,joint_forward_feedback,balanced_permutation_b_k1,balanced_permutation_b,balanced,1,0.18840039778945986,0.125,0.6340039778945984,64,64,8,fixed_cache,64,0.7367016375819265,0.7282253130739884
s9316_r8_n750_a375,confirmatory,9316,8,0.75,0.375,joint_forward_feedback,balanced_permutation_b_k2,balanced_permutation_b,balanced,2,0.31340039778945983,0.25,0.6340039778945984,64,64,16,fixed_cache,64,0.683879815665148,0.6731488926388416
s9316_r8_n750_a375,confirmatory,9316,8,0.75,0.375,joint_forward_feedback,balanced_permutation_b_k4,balanced_permutation_b,balanced,4,0.5634003977894598,0.5,0.6340039778945984,64,64,32,fixed_cache,64,0.5623539713506541,0.5569063761063371
s9316_r8_n750_a375,confirmatory,9316,8,0.75,0.375,joint_forward_feedback,balanced_permutation_b_k8,balanced_permutation_b,balanced,8,1.06340039778946,1.0,0.6340039778945984,64,64,64,fixed_cache,64,0.3213016682731636,0.325992484712072
s9316_r8_n750_a375,confirmatory,9316,8,0.75,0.375,joint_forward_feedback,comb_contiguous_k1,comb_contiguous,comb,1,0.225,0.125,1.0,64,64,8,fixed_cache,64,0.7375193872647425,0.7283362348899952
s9316_r8_n750_a375,confirmatory,9316,8,0.75,0.375,joint_forward_feedback,comb_contiguous_k2,comb_contiguous,comb,2,0.35,0.25,1.0,64,64,16,fixed_cache,64,0.6909809034843646,0.6742511119344583
s9316_r8_n750_a375,confirmatory,9316,8,0.75,0.375,joint_forward_feedback,comb_contiguous_k4,comb_contiguous,comb,4,0.6,0.5,1.0,64,64,32,fixed_cache,64,0.5673763544280279,0.5576846551872104
s9316_r8_n750_a375,confirmatory,9316,8,0.75,0.375,joint_forward_feedback,comb_contiguous_k8,comb_contiguous,comb,8,1.1,1.0,1.0,64,64,64,fixed_cache,64,0.3197228177153124,0.3254040399148584
s9316_r8_n750_a375,confirmatory,9316,8,0.75,0.375,joint_forward_feedback,balanced_contiguous_k1,balanced_contiguous,balanced,1,0.1737418407321983,0.125,0.487418407321983,64,64,8,fixed_cache,256,0.7323721823486316,0.724229440648751
s9316_r8_n750_a375,confirmatory,9316,8,0.75,0.375,joint_forward_feedback,balanced_contiguous_k2,balanced_contiguous,balanced,2,0.2987418407321983,0.25,0.487418407321983,64,64,16,fixed_cache,256,0.6733817151775298,0.6652673187437199
s9316_r8_n750_a375,confirmatory,9316,8,0.75,0.375,joint_forward_feedback,balanced_contiguous_k4,balanced_contiguous,balanced,4,0.5487418407321983,0.5,0.487418407321983,64,64,32,fixed_cache,256,0.5333375276399711,0.5447998282404616
s9316_r8_n750_a375,confirmatory,9316,8,0.75,0.375,joint_forward_feedback,balanced_contiguous_k8,balanced_contiguous,balanced,8,1.0487418407321982,1.0,0.487418407321983,64,64,64,fixed_cache,256,0.2872276294424671,0.29332426173887444
s9316_r8_n750_a375,confirmatory,9316,8,0.75,0.375,joint_forward_feedback,balanced_interleaved_k1,balanced_interleaved,balanced,1,0.19088469787505546,0.125,0.6588469787505544,64,64,8,fixed_cache,256,0.7331324989074517,0.7245458978335426
s9316_r8_n750_a375,confirmatory,9316,8,0.75,0.375,joint_forward_feedback,balanced_interleaved_k2,balanced_interleaved,balanced,2,0.31588469787505546,0.25,0.6588469787505544,64,64,16,fixed_cache,256,0.6764894045323577,0.6687038871940191
s9316_r8_n750_a375,confirmatory,9316,8,0.75,0.375,joint_forward_feedback,balanced_interleaved_k4,balanced_interleaved,balanced,4,0.5658846978750555,0.5,0.6588469787505544,64,64,32,fixed_cache,256,0.5460353495404326,0.5465211135985513
s9316_r8_n750_a375,confirmatory,9316,8,0.75,0.375,joint_forward_feedback,balanced_interleaved_k8,balanced_interleaved,balanced,8,1.0658846978750554,1.0,0.6588469787505544,64,64,64,fixed_cache,256,0.2897334945672889,0.29537835127147294
s9316_r8_n750_a375,confirmatory,9316,8,0.75,0.375,joint_forward_feedback,balanced_permutation_a_k1,balanced_permutation_a,balanced,1,0.18899250811836066,0.125,0.6399250811836067,64,64,8,fixed_cache,256,0.7332530460058544,0.7246316619759261
s9316_r8_n750_a375,confirmatory,9316,8,0.75,0.375,joint_forward_feedback,balanced_permutation_a_k2,balanced_permutation_a,balanced,2,0.31399250811836066,0.25,0.6399250811836067,64,64,16,fixed_cache,256,0.6716327823071147,0.6645883032336244
s9316_r8_n750_a375,confirmatory,9316,8,0.75,0.375,joint_forward_feedback,balanced_permutation_a_k4,balanced_permutation_a,balanced,4,0.5639925081183607,0.5,0.6399250811836067,64,64,32,fixed_cache,256,0.53904194505686,0.5494905966488699
s9316_r8_n750_a375,confirmatory,9316,8,0.75,0.375,joint_forward_feedback,balanced_permutation_a_k8,balanced_permutation_a,balanced,8,1.0639925081183608,1.0,0.6399250811836067,64,64,64,fixed_cache,256,0.2899678668611193,0.29518944426606275
s9316_r8_n750_a375,confirmatory,9316,8,0.75,0.375,joint_forward_feedback,balanced_permutation_b_k1,balanced_permutation_b,balanced,1,0.18840039778945986,0.125,0.6340039778945984,64,64,8,fixed_cache,256,0.7332787676813004,0.7245908826151248
s9316_r8_n750_a375,confirmatory,9316,8,0.75,0.375,joint_forward_feedback,balanced_permutation_b_k2,balanced_permutation_b,balanced,2,0.31340039778945983,0.25,0.6340039778945984,64,64,16,fixed_cache,256,0.6786473994320923,0.6655363915054898
s9316_r8_n750_a375,confirmatory,9316,8,0.75,0.375,joint_forward_feedback,balanced_permutation_b_k4,balanced_permutation_b,balanced,4,0.5634003977894598,0.5,0.6340039778945984,64,64,32,fixed_cache,256,0.5578053571880119,0.5496796934180226
s9316_r8_n750_a375,confirmatory,9316,8,0.75,0.375,joint_forward_feedback,balanced_permutation_b_k8,balanced_permutation_b,balanced,8,1.06340039778946,1.0,0.6340039778945984,64,64,64,fixed_cache,256,0.2896362802916407,0.2950641648599033
s9316_r8_n750_a375,confirmatory,9316,8,0.75,0.375,joint_forward_feedback,comb_contiguous_k1,comb_contiguous,comb,1,0.225,0.125,1.0,64,64,8,fixed_cache,256,0.7342248463110501,0.7245832253917823
s9316_r8_n750_a375,confirmatory,9316,8,0.75,0.375,joint_forward_feedback,comb_contiguous_k2,comb_contiguous,comb,2,0.35,0.25,1.0,64,64,16,fixed_cache,256,0.6927312569461,0.6769330089790541
s9316_r8_n750_a375,confirmatory,9316,8,0.75,0.375,joint_forward_feedback,comb_contiguous_k4,comb_contiguous,comb,4,0.6,0.5,1.0,64,64,32,fixed_cache,256,0.5596126773124976,0.5507458900026456
s9316_r8_n750_a375,confirmatory,9316,8,0.75,0.375,joint_forward_feedback,comb_contiguous_k8,comb_contiguous,comb,8,1.1,1.0,1.0,64,64,64,fixed_cache,256,0.2911571682805113,0.29678751172724427
s9316_r8_n750_a375,confirmatory,9316,8,0.75,0.375,joint_forward_feedback,balanced_contiguous_k1,balanced_contiguous,balanced,1,0.1737418407321983,0.125,0.487418407321983,64,64,8,fresh_iid,16,0.7582025105283818,0.7452336648797846
s9316_r8_n750_a375,confirmatory,9316,8,0.75,0.375,joint_forward_feedback,balanced_contiguous_k2,balanced_contiguous,balanced,2,0.2987418407321983,0.25,0.487418407321983,64,64,16,fresh_iid,16,0.7282115692715453,0.7134990780082803
s9316_r8_n750_a375,confirmatory,9316,8,0.75,0.375,joint_forward_feedback,balanced_contiguous_k4,balanced_contiguous,balanced,4,0.5487418407321983,0.5,0.487418407321983,64,64,32,fresh_iid,16,0.6673394892529558,0.6580868384236422
s9316_r8_n750_a375,confirmatory,9316,8,0.75,0.375,joint_forward_feedback,balanced_contiguous_k8,balanced_contiguous,balanced,8,1.0487418407321982,1.0,0.487418407321983,64,64,64,fresh_iid,16,0.5903651547687019,0.5840354816490275
s9316_r8_n750_a375,confirmatory,9316,8,0.75,0.375,joint_forward_feedback,balanced_interleaved_k1,balanced_interleaved,balanced,1,0.19088469787505546,0.125,0.6588469787505544,64,64,8,fresh_iid,16,0.754222986256581,0.7413885914951664
s9316_r8_n750_a375,confirmatory,9316,8,0.75,0.375,joint_forward_feedback,balanced_interleaved_k2,balanced_interleaved,balanced,2,0.31588469787505546,0.25,0.6588469787505544,64,64,16,fresh_iid,16,0.7294623799062558,0.7178479487543924
s9316_r8_n750_a375,confirmatory,9316,8,0.75,0.375,joint_forward_feedback,balanced_interleaved_k4,balanced_interleaved,balanced,4,0.5658846978750555,0.5,0.6588469787505544,64,64,32,fresh_iid,16,0.6600252732376952,0.6517391759169455
s9316_r8_n750_a375,confirmatory,9316,8,0.75,0.375,joint_forward_feedback,balanced_interleaved_k8,balanced_interleaved,balanced,8,1.0658846978750554,1.0,0.6588469787505544,64,64,64,fresh_iid,16,0.5359106554403188,0.5318166915724063
s9316_r8_n750_a375,confirmatory,9316,8,0.75,0.375,joint_forward_feedback,balanced_permutation_a_k1,balanced_permutation_a,balanced,1,0.18899250811836066,0.125,0.6399250811836067,64,64,8,fresh_iid,16,0.7536519891006119,0.7411281627297833
s9316_r8_n750_a375,confirmatory,9316,8,0.75,0.375,joint_forward_feedback,balanced_permutation_a_k2,balanced_permutation_a,balanced,2,0.31399250811836066,0.25,0.6399250811836067,64,64,16,fresh_iid,16,0.7252399554064167,0.7123806808704507
s9316_r8_n750_a375,confirmatory,9316,8,0.75,0.375,joint_forward_feedback,balanced_permutation_a_k4,balanced_permutation_a,balanced,4,0.5639925081183607,0.5,0.6399250811836067,64,64,32,fresh_iid,16,0.6561670579273449,0.6507335274732475
s9316_r8_n750_a375,confirmatory,9316,8,0.75,0.375,joint_forward_feedback,balanced_permutation_a_k8,balanced_permutation_a,balanced,8,1.0639925081183608,1.0,0.6399250811836067,64,64,64,fresh_iid,16,0.5413195538094485,0.5355864859181827
s9316_r8_n750_a375,confirmatory,9316,8,0.75,0.375,joint_forward_feedback,balanced_permutation_b_k1,balanced_permutation_b,balanced,1,0.18840039778945986,0.125,0.6340039778945984,64,64,8,fresh_iid,16,0.7545011606758381,0.7418250307076185
s9316_r8_n750_a375,confirmatory,9316,8,0.75,0.375,joint_forward_feedback,balanced_permutation_b_k2,balanced_permutation_b,balanced,2,0.31340039778945983,0.25,0.6340039778945984,64,64,16,fresh_iid,16,0.7284137119231524,0.7175066569497737
s9316_r8_n750_a375,confirmatory,9316,8,0.75,0.375,joint_forward_feedback,balanced_permutation_b_k4,balanced_permutation_b,balanced,4,0.5634003977894598,0.5,0.6340039778945984,64,64,32,fresh_iid,16,0.6623669980902471,0.6529569341890955
s9316_r8_n750_a375,confirmatory,9316,8,0.75,0.375,joint_forward_feedback,balanced_permutation_b_k8,balanced_permutation_b,balanced,8,1.06340039778946,1.0,0.6340039778945984,64,64,64,fresh_iid,16,0.5423172945113774,0.5366857978038646
s9316_r8_n750_a375,confirmatory,9316,8,0.75,0.375,joint_forward_feedback,comb_contiguous_k1,comb_contiguous,comb,1,0.225,0.125,1.0,64,64,8,fresh_iid,16,0.7526880001175132,0.7392987487440521
s9316_r8_n750_a375,confirmatory,9316,8,0.75,0.375,joint_forward_feedback,comb_contiguous_k2,comb_contiguous,comb,2,0.35,0.25,1.0,64,64,16,fresh_iid,16,0.7194417023571476,0.7019028116567521
s9316_r8_n750_a375,confirmatory,9316,8,0.75,0.375,joint_forward_feedback,comb_contiguous_k4,comb_contiguous,comb,4,0.6,0.5,1.0,64,64,32,fresh_iid,16,0.6494911403084784,0.6343092411434808
s9316_r8_n750_a375,confirmatory,9316,8,0.75,0.375,joint_forward_feedback,comb_contiguous_k8,comb_contiguous,comb,8,1.1,1.0,1.0,64,64,64,fresh_iid,16,0.5209540669691048,0.5163231423879224
s9316_r8_n750_a375,confirmatory,9316,8,0.75,0.375,joint_forward_feedback,balanced_contiguous_k1,balanced_contiguous,balanced,1,0.1737418407321983,0.125,0.487418407321983,64,64,8,fresh_iid,64,0.7315003668137923,0.7213117968861165
s9316_r8_n750_a375,confirmatory,9316,8,0.75,0.375,joint_forward_feedback,balanced_contiguous_k2,balanced_contiguous,balanced,2,0.2987418407321983,0.25,0.487418407321983,64,64,16,fresh_iid,64,0.6759768383749991,0.6621581986439153
s9316_r8_n750_a375,confirmatory,9316,8,0.75,0.375,joint_forward_feedback,balanced_contiguous_k4,balanced_contiguous,balanced,4,0.5487418407321983,0.5,0.487418407321983,64,64,32,fresh_iid,64,0.5516405313588603,0.5512648692974755
s9316_r8_n750_a375,confirmatory,9316,8,0.75,0.375,joint_forward_feedback,balanced_contiguous_k8,balanced_contiguous,balanced,8,1.0487418407321982,1.0,0.487418407321983,64,64,64,fresh_iid,64,0.3528783837190464,0.35279150526068315
s9316_r8_n750_a375,confirmatory,9316,8,0.75,0.375,joint_forward_feedback,balanced_interleaved_k1,balanced_interleaved,balanced,1,0.19088469787505546,0.125,0.6588469787505544,64,64,8,fresh_iid,64,0.7305200058414922,0.7208578830601767
s9316_r8_n750_a375,confirmatory,9316,8,0.75,0.375,joint_forward_feedback,balanced_interleaved_k2,balanced_interleaved,balanced,2,0.31588469787505546,0.25,0.6588469787505544,64,64,16,fresh_iid,64,0.6734298082029991,0.6625607437920112
s9316_r8_n750_a375,confirmatory,9316,8,0.75,0.375,joint_forward_feedback,balanced_interleaved_k4,balanced_interleaved,balanced,4,0.5658846978750555,0.5,0.6588469787505544,64,64,32,fresh_iid,64,0.5541070936632666,0.5475470938661746
s9316_r8_n750_a375,confirmatory,9316,8,0.75,0.375,joint_forward_feedback,balanced_interleaved_k8,balanced_interleaved,balanced,8,1.0658846978750554,1.0,0.6588469787505544,64,64,64,fresh_iid,64,0.31131865994145247,0.3116789823937538
s9316_r8_n750_a375,confirmatory,9316,8,0.75,0.375,joint_forward_feedback,balanced_permutation_a_k1,balanced_permutation_a,balanced,1,0.18899250811836066,0.125,0.6399250811836067,64,64,8,fresh_iid,64,0.730255657601482,0.7208576707787115
s9316_r8_n750_a375,confirmatory,9316,8,0.75,0.375,joint_forward_feedback,balanced_permutation_a_k2,balanced_permutation_a,balanced,2,0.31399250811836066,0.25,0.6399250811836067,64,64,16,fresh_iid,64,0.6705718051150468,0.6609958410277265
s9316_r8_n750_a375,confirmatory,9316,8,0.75,0.375,joint_forward_feedback,balanced_permutation_a_k4,balanced_permutation_a,balanced,4,0.5639925081183607,0.5,0.6399250811836067,64,64,32,fresh_iid,64,0.5411019581428191,0.5456020159089457
s9316_r8_n750_a375,confirmatory,9316,8,0.75,0.375,joint_forward_feedback,balanced_permutation_a_k8,balanced_permutation_a,balanced,8,1.0639925081183608,1.0,0.6399250811836067,64,64,64,fresh_iid,64,0.3196499942070052,0.31945061419949977
s9316_r8_n750_a375,confirmatory,9316,8,0.75,0.375,joint_forward_feedback,balanced_permutation_b_k1,balanced_permutation_b,balanced,1,0.18840039778945986,0.125,0.6340039778945984,64,64,8,fresh_iid,64,0.7306642867607511,0.7209564226137457
s9316_r8_n750_a375,confirmatory,9316,8,0.75,0.375,joint_forward_feedback,balanced_permutation_b_k2,balanced_permutation_b,balanced,2,0.31340039778945983,0.25,0.6340039778945984,64,64,16,fresh_iid,64,0.6746486639761246,0.6630205288895793
s9316_r8_n750_a375,confirmatory,9316,8,0.75,0.375,joint_forward_feedback,balanced_permutation_b_k4,balanced_permutation_b,balanced,4,0.5634003977894598,0.5,0.6340039778945984,64,64,32,fresh_iid,64,0.5561408888811892,0.5477887102035535
s9316_r8_n750_a375,confirmatory,9316,8,0.75,0.375,joint_forward_feedback,balanced_permutation_b_k8,balanced_permutation_b,balanced,8,1.06340039778946,1.0,0.6340039778945984,64,64,64,fresh_iid,64,0.3185430210113873,0.3176879165249759
s9316_r8_n750_a375,confirmatory,9316,8,0.75,0.375,joint_forward_feedback,comb_contiguous_k1,comb_contiguous,comb,1,0.225,0.125,1.0,64,64,8,fresh_iid,64,0.7316294599531,0.7210127309674766
s9316_r8_n750_a375,confirmatory,9316,8,0.75,0.375,joint_forward_feedback,comb_contiguous_k2,comb_contiguous,comb,2,0.35,0.25,1.0,64,64,16,fresh_iid,64,0.6802702460245398,0.6604425319932766
s9316_r8_n750_a375,confirmatory,9316,8,0.75,0.375,joint_forward_feedback,comb_contiguous_k4,comb_contiguous,comb,4,0.6,0.5,1.0,64,64,32,fresh_iid,64,0.5539254562557065,0.5451543163379364
s9316_r8_n750_a375,confirmatory,9316,8,0.75,0.375,joint_forward_feedback,comb_contiguous_k8,comb_contiguous,comb,8,1.1,1.0,1.0,64,64,64,fresh_iid,64,0.31500473872504886,0.31596583994124183
s9316_r8_n750_a375,confirmatory,9316,8,0.75,0.375,joint_forward_feedback,balanced_contiguous_k1,balanced_contiguous,balanced,1,0.1737418407321983,0.125,0.487418407321983,64,64,8,fresh_iid,256,0.7300023722200228,0.7203680797317167
s9316_r8_n750_a375,confirmatory,9316,8,0.75,0.375,joint_forward_feedback,balanced_contiguous_k2,balanced_contiguous,balanced,2,0.2987418407321983,0.25,0.487418407321983,64,64,16,fresh_iid,256,0.6696903440439652,0.6596438488407357
s9316_r8_n750_a375,confirmatory,9316,8,0.75,0.375,joint_forward_feedback,balanced_contiguous_k4,balanced_contiguous,balanced,4,0.5487418407321983,0.5,0.487418407321983,64,64,32,fresh_iid,256,0.5293895636979462,0.5371636913942079
s9316_r8_n750_a375,confirmatory,9316,8,0.75,0.375,joint_forward_feedback,balanced_contiguous_k8,balanced_contiguous,balanced,8,1.0487418407321982,1.0,0.487418407321983,64,64,64,fresh_iid,256,0.2839569274978446,0.28645288730770196
s9316_r8_n750_a375,confirmatory,9316,8,0.75,0.375,joint_forward_feedback,balanced_interleaved_k1,balanced_interleaved,balanced,1,0.19088469787505546,0.125,0.6588469787505544,64,64,8,fresh_iid,256,0.730230417256035,0.7205984649791866
s9316_r8_n750_a375,confirmatory,9316,8,0.75,0.375,joint_forward_feedback,balanced_interleaved_k2,balanced_interleaved,balanced,2,0.31588469787505546,0.25,0.6588469787505544,64,64,16,fresh_iid,256,0.6688243204058475,0.6590412488751005
s9316_r8_n750_a375,confirmatory,9316,8,0.75,0.375,joint_forward_feedback,balanced_interleaved_k4,balanced_interleaved,balanced,4,0.5658846978750555,0.5,0.6588469787505544,64,64,32,fresh_iid,256,0.5428926551425747,0.538062462076593
s9316_r8_n750_a375,confirmatory,9316,8,0.75,0.375,joint_forward_feedback,balanced_interleaved_k8,balanced_interleaved,balanced,8,1.0658846978750554,1.0,0.6588469787505544,64,64,64,fresh_iid,256,0.2860335417312553,0.2888182134041811
s9316_r8_n750_a375,confirmatory,9316,8,0.75,0.375,joint_forward_feedback,balanced_permutation_a_k1,balanced_permutation_a,balanced,1,0.18899250811836066,0.125,0.6399250811836067,64,64,8,fresh_iid,256,0.7297144739956267,0.7204587683838424
s9316_r8_n750_a375,confirmatory,9316,8,0.75,0.375,joint_forward_feedback,balanced_permutation_a_k2,balanced_permutation_a,balanced,2,0.31399250811836066,0.25,0.6399250811836067,64,64,16,fresh_iid,256,0.6686650103908455,0.6604662082686104
s9316_r8_n750_a375,confirmatory,9316,8,0.75,0.375,joint_forward_feedback,balanced_permutation_a_k4,balanced_permutation_a,balanced,4,0.5639925081183607,0.5,0.6399250811836067,64,64,32,fresh_iid,256,0.5345473971915615,0.5397064751064877
s9316_r8_n750_a375,confirmatory,9316,8,0.75,0.375,joint_forward_feedback,balanced_permutation_a_k8,balanced_permutation_a,balanced,8,1.0639925081183608,1.0,0.6399250811836067,64,64,64,fresh_iid,256,0.2859406835945658,0.2885637242474518
s9316_r8_n750_a375,confirmatory,9316,8,0.75,0.375,joint_forward_feedback,balanced_permutation_b_k1,balanced_permutation_b,balanced,1,0.18840039778945986,0.125,0.6340039778945984,64,64,8,fresh_iid,256,0.7301854903286745,0.7205798383471559
s9316_r8_n750_a375,confirmatory,9316,8,0.75,0.375,joint_forward_feedback,balanced_permutation_b_k2,balanced_permutation_b,balanced,2,0.31340039778945983,0.25,0.6340039778945984,64,64,16,fresh_iid,256,0.672712346178346,0.6589937234019662
s9316_r8_n750_a375,confirmatory,9316,8,0.75,0.375,joint_forward_feedback,balanced_permutation_b_k4,balanced_permutation_b,balanced,4,0.5634003977894598,0.5,0.6340039778945984,64,64,32,fresh_iid,256,0.5543639962690077,0.5393811357213744
s9316_r8_n750_a375,confirmatory,9316,8,0.75,0.375,joint_forward_feedback,balanced_permutation_b_k8,balanced_permutation_b,balanced,8,1.06340039778946,1.0,0.6340039778945984,64,64,64,fresh_iid,256,0.2858966892052315,0.288449098049008
s9316_r8_n750_a375,confirmatory,9316,8,0.75,0.375,joint_forward_feedback,comb_contiguous_k1,comb_contiguous,comb,1,0.225,0.125,1.0,64,64,8,fresh_iid,256,0.7310023692568285,0.7208041754301803
s9316_r8_n750_a375,confirmatory,9316,8,0.75,0.375,joint_forward_feedback,comb_contiguous_k2,comb_contiguous,comb,2,0.35,0.25,1.0,64,64,16,fresh_iid,256,0.6799390991448373,0.6638361285489547
s9316_r8_n750_a375,confirmatory,9316,8,0.75,0.375,joint_forward_feedback,comb_contiguous_k4,comb_contiguous,comb,4,0.6,0.5,1.0,64,64,32,fresh_iid,256,0.5495641513753141,0.5427669769049344
s9316_r8_n750_a375,confirmatory,9316,8,0.75,0.375,joint_forward_feedback,comb_contiguous_k8,comb_contiguous,comb,8,1.1,1.0,1.0,64,64,64,fresh_iid,256,0.28755081196331045,0.29046357429933567
