task_id,split,seed,rank,noise_sd,angle_pi,arm,candidate_id,tree_id,shape,budget_k,resource_cost,channel_cost,cable_cost,parameter_count,decoder_coefficients,encoder_coefficients,regime,method,checkpoint,predicted_loss
s9318_r1_n000_a125,confirmatory,9318,1,0.0,0.125,feedback_only,balanced_contiguous_k1,balanced_contiguous,balanced,1,0.1737418407321983,0.125,0.487418407321983,64,64,8,fixed_cache,pilot16,256,2.2806344274096524e-05
s9318_r1_n000_a125,confirmatory,9318,1,0.0,0.125,feedback_only,balanced_contiguous_k2,balanced_contiguous,balanced,2,0.2987418407321983,0.25,0.487418407321983,64,64,16,fixed_cache,pilot16,256,9.072233465167889e-06
s9318_r1_n000_a125,confirmatory,9318,1,0.0,0.125,feedback_only,balanced_contiguous_k4,balanced_contiguous,balanced,4,0.5487418407321983,0.5,0.487418407321983,64,64,32,fixed_cache,pilot16,256,4.831393865156788e-06
s9318_r1_n000_a125,confirmatory,9318,1,0.0,0.125,feedback_only,balanced_contiguous_k8,balanced_contiguous,balanced,8,1.0487418407321982,1.0,0.487418407321983,64,64,64,fixed_cache,pilot16,256,3.2158942910162314e-06
s9318_r1_n000_a125,confirmatory,9318,1,0.0,0.125,feedback_only,balanced_interleaved_k1,balanced_interleaved,balanced,1,0.19088469787505546,0.125,0.6588469787505544,64,64,8,fixed_cache,pilot16,256,2.2806344274096524e-05
s9318_r1_n000_a125,confirmatory,9318,1,0.0,0.125,feedback_only,balanced_interleaved_k2,balanced_interleaved,balanced,2,0.31588469787505546,0.25,0.6588469787505544,64,64,16,fixed_cache,pilot16,256,2.239964076888285e-05
s9318_r1_n000_a125,confirmatory,9318,1,0.0,0.125,feedback_only,balanced_interleaved_k4,balanced_interleaved,balanced,4,0.5658846978750555,0.5,0.6588469787505544,64,64,32,fixed_cache,pilot16,256,2.1823581464069806e-05
s9318_r1_n000_a125,confirmatory,9318,1,0.0,0.125,feedback_only,balanced_interleaved_k8,balanced_interleaved,balanced,8,1.0658846978750554,1.0,0.6588469787505544,64,64,64,fixed_cache,pilot16,256,3.2158942910162314e-06
s9318_r1_n000_a125,confirmatory,9318,1,0.0,0.125,feedback_only,balanced_permutation_a_k1,balanced_permutation_a,balanced,1,0.18899250811836066,0.125,0.6399250811836067,64,64,8,fixed_cache,pilot16,256,2.2806344274096524e-05
s9318_r1_n000_a125,confirmatory,9318,1,0.0,0.125,feedback_only,balanced_permutation_a_k2,balanced_permutation_a,balanced,2,0.31399250811836066,0.25,0.6399250811836067,64,64,16,fixed_cache,pilot16,256,2.249507707257119e-05
s9318_r1_n000_a125,confirmatory,9318,1,0.0,0.125,feedback_only,balanced_permutation_a_k4,balanced_permutation_a,balanced,4,0.5639925081183607,0.5,0.6399250811836067,64,64,32,fixed_cache,pilot16,256,1.2516649474752865e-05
s9318_r1_n000_a125,confirmatory,9318,1,0.0,0.125,feedback_only,balanced_permutation_a_k8,balanced_permutation_a,balanced,8,1.0639925081183608,1.0,0.6399250811836067,64,64,64,fixed_cache,pilot16,256,3.2158942910162314e-06
s9318_r1_n000_a125,confirmatory,9318,1,0.0,0.125,feedback_only,balanced_permutation_b_k1,balanced_permutation_b,balanced,1,0.18840039778945986,0.125,0.6340039778945984,64,64,8,fixed_cache,pilot16,256,2.2806344274096524e-05
s9318_r1_n000_a125,confirmatory,9318,1,0.0,0.125,feedback_only,balanced_permutation_b_k2,balanced_permutation_b,balanced,2,0.31340039778945983,0.25,0.6340039778945984,64,64,16,fixed_cache,pilot16,256,2.241478938429527e-05
s9318_r1_n000_a125,confirmatory,9318,1,0.0,0.125,feedback_only,balanced_permutation_b_k4,balanced_permutation_b,balanced,4,0.5634003977894598,0.5,0.6340039778945984,64,64,32,fixed_cache,pilot16,256,9.469049661128007e-06
s9318_r1_n000_a125,confirmatory,9318,1,0.0,0.125,feedback_only,balanced_permutation_b_k8,balanced_permutation_b,balanced,8,1.06340039778946,1.0,0.6340039778945984,64,64,64,fixed_cache,pilot16,256,3.2158942910162314e-06
s9318_r1_n000_a125,confirmatory,9318,1,0.0,0.125,feedback_only,comb_contiguous_k1,comb_contiguous,comb,1,0.225,0.125,1.0,64,64,8,fixed_cache,pilot16,256,2.2806344274096524e-05
s9318_r1_n000_a125,confirmatory,9318,1,0.0,0.125,feedback_only,comb_contiguous_k2,comb_contiguous,comb,2,0.35,0.25,1.0,64,64,16,fixed_cache,pilot16,256,2.116826903982018e-05
s9318_r1_n000_a125,confirmatory,9318,1,0.0,0.125,feedback_only,comb_contiguous_k4,comb_contiguous,comb,4,0.6,0.5,1.0,64,64,32,fixed_cache,pilot16,256,8.307034686168014e-06
s9318_r1_n000_a125,confirmatory,9318,1,0.0,0.125,feedback_only,comb_contiguous_k8,comb_contiguous,comb,8,1.1,1.0,1.0,64,64,64,fixed_cache,pilot16,256,3.2158942910162314e-06
s9318_r1_n000_a125,confirmatory,9318,1,0.0,0.125,feedback_only,balanced_contiguous_k1,balanced_contiguous,balanced,1,0.1737418407321983,0.125,0.487418407321983,64,64,8,fresh_iid,pilot16,256,3.832353155131418e-06
s9318_r1_n000_a125,confirmatory,9318,1,0.0,0.125,feedback_only,balanced_contiguous_k2,balanced_contiguous,balanced,2,0.2987418407321983,0.25,0.487418407321983,64,64,16,fresh_iid,pilot16,256,1.1695557887483825e-06
s9318_r1_n000_a125,confirmatory,9318,1,0.0,0.125,feedback_only,balanced_contiguous_k4,balanced_contiguous,balanced,4,0.5487418407321983,0.5,0.487418407321983,64,64,32,fresh_iid,pilot16,256,5.120339890405489e-07
s9318_r1_n000_a125,confirmatory,9318,1,0.0,0.125,feedback_only,balanced_contiguous_k8,balanced_contiguous,balanced,8,1.0487418407321982,1.0,0.487418407321983,64,64,64,fresh_iid,pilot16,256,2.983902604541975e-07
s9318_r1_n000_a125,confirmatory,9318,1,0.0,0.125,feedback_only,balanced_interleaved_k1,balanced_interleaved,balanced,1,0.19088469787505546,0.125,0.6588469787505544,64,64,8,fresh_iid,pilot16,256,3.832353155131418e-06
s9318_r1_n000_a125,confirmatory,9318,1,0.0,0.125,feedback_only,balanced_interleaved_k2,balanced_interleaved,balanced,2,0.31588469787505546,0.25,0.6588469787505544,64,64,16,fresh_iid,pilot16,256,3.7454797241376358e-06
s9318_r1_n000_a125,confirmatory,9318,1,0.0,0.125,feedback_only,balanced_interleaved_k4,balanced_interleaved,balanced,4,0.5658846978750555,0.5,0.6588469787505544,64,64,32,fresh_iid,pilot16,256,3.623111923551881e-06
s9318_r1_n000_a125,confirmatory,9318,1,0.0,0.125,feedback_only,balanced_interleaved_k8,balanced_interleaved,balanced,8,1.0658846978750554,1.0,0.6588469787505544,64,64,64,fresh_iid,pilot16,256,2.983902604541975e-07
s9318_r1_n000_a125,confirmatory,9318,1,0.0,0.125,feedback_only,balanced_permutation_a_k1,balanced_permutation_a,balanced,1,0.18899250811836066,0.125,0.6399250811836067,64,64,8,fresh_iid,pilot16,256,3.832353155131418e-06
s9318_r1_n000_a125,confirmatory,9318,1,0.0,0.125,feedback_only,balanced_permutation_a_k2,balanced_permutation_a,balanced,2,0.31399250811836066,0.25,0.6399250811836067,64,64,16,fresh_iid,pilot16,256,3.7658298727873116e-06
s9318_r1_n000_a125,confirmatory,9318,1,0.0,0.125,feedback_only,balanced_permutation_a_k4,balanced_permutation_a,balanced,4,0.5639925081183607,0.5,0.6399250811836067,64,64,32,fresh_iid,pilot16,256,1.7751196146008002e-06
s9318_r1_n000_a125,confirmatory,9318,1,0.0,0.125,feedback_only,balanced_permutation_a_k8,balanced_permutation_a,balanced,8,1.0639925081183608,1.0,0.6399250811836067,64,64,64,fresh_iid,pilot16,256,2.983902604541975e-07
s9318_r1_n000_a125,confirmatory,9318,1,0.0,0.125,feedback_only,balanced_permutation_b_k1,balanced_permutation_b,balanced,1,0.18840039778945986,0.125,0.6340039778945984,64,64,8,fresh_iid,pilot16,256,3.832353155131418e-06
s9318_r1_n000_a125,confirmatory,9318,1,0.0,0.125,feedback_only,balanced_permutation_b_k2,balanced_permutation_b,balanced,2,0.31340039778945983,0.25,0.6340039778945984,64,64,16,fresh_iid,pilot16,256,3.748708448507087e-06
s9318_r1_n000_a125,confirmatory,9318,1,0.0,0.125,feedback_only,balanced_permutation_b_k4,balanced_permutation_b,balanced,4,0.5634003977894598,0.5,0.6340039778945984,64,64,32,fresh_iid,pilot16,256,1.2365248854786146e-06
s9318_r1_n000_a125,confirmatory,9318,1,0.0,0.125,feedback_only,balanced_permutation_b_k8,balanced_permutation_b,balanced,8,1.06340039778946,1.0,0.6340039778945984,64,64,64,fresh_iid,pilot16,256,2.983902604541975e-07
s9318_r1_n000_a125,confirmatory,9318,1,0.0,0.125,feedback_only,comb_contiguous_k1,comb_contiguous,comb,1,0.225,0.125,1.0,64,64,8,fresh_iid,pilot16,256,3.832353155131418e-06
s9318_r1_n000_a125,confirmatory,9318,1,0.0,0.125,feedback_only,comb_contiguous_k2,comb_contiguous,comb,2,0.35,0.25,1.0,64,64,16,fresh_iid,pilot16,256,3.4848999469952907e-06
s9318_r1_n000_a125,confirmatory,9318,1,0.0,0.125,feedback_only,comb_contiguous_k4,comb_contiguous,comb,4,0.6,0.5,1.0,64,64,32,fresh_iid,pilot16,256,1.0427282978040969e-06
s9318_r1_n000_a125,confirmatory,9318,1,0.0,0.125,feedback_only,comb_contiguous_k8,comb_contiguous,comb,8,1.1,1.0,1.0,64,64,64,fresh_iid,pilot16,256,2.983902604541975e-07
s9318_r1_n000_a125,confirmatory,9318,1,0.0,0.125,joint_forward_feedback,balanced_contiguous_k1,balanced_contiguous,balanced,1,0.1737418407321983,0.125,0.487418407321983,64,64,8,fixed_cache,pilot16,256,0.003436606130849074
s9318_r1_n000_a125,confirmatory,9318,1,0.0,0.125,joint_forward_feedback,balanced_contiguous_k2,balanced_contiguous,balanced,2,0.2987418407321983,0.25,0.487418407321983,64,64,16,fixed_cache,pilot16,256,0.002243108804450262
s9318_r1_n000_a125,confirmatory,9318,1,0.0,0.125,joint_forward_feedback,balanced_contiguous_k4,balanced_contiguous,balanced,4,0.5487418407321983,0.5,0.487418407321983,64,64,32,fixed_cache,pilot16,256,0.0017152186604736316
s9318_r1_n000_a125,confirmatory,9318,1,0.0,0.125,joint_forward_feedback,balanced_contiguous_k8,balanced_contiguous,balanced,8,1.0487418407321982,1.0,0.487418407321983,64,64,64,fixed_cache,pilot16,256,0.0015538188207457138
s9318_r1_n000_a125,confirmatory,9318,1,0.0,0.125,joint_forward_feedback,balanced_interleaved_k1,balanced_interleaved,balanced,1,0.19088469787505546,0.125,0.6588469787505544,64,64,8,fixed_cache,pilot16,256,0.001284329516666554
s9318_r1_n000_a125,confirmatory,9318,1,0.0,0.125,joint_forward_feedback,balanced_interleaved_k2,balanced_interleaved,balanced,2,0.31588469787505546,0.25,0.6588469787505544,64,64,16,fixed_cache,pilot16,256,0.0012713698122359376
s9318_r1_n000_a125,confirmatory,9318,1,0.0,0.125,joint_forward_feedback,balanced_interleaved_k4,balanced_interleaved,balanced,4,0.5658846978750555,0.5,0.6588469787505544,64,64,32,fixed_cache,pilot16,256,0.0012534114843223891
s9318_r1_n000_a125,confirmatory,9318,1,0.0,0.125,joint_forward_feedback,balanced_interleaved_k8,balanced_interleaved,balanced,8,1.0658846978750554,1.0,0.6588469787505544,64,64,64,fixed_cache,pilot16,256,0.0005500624887208945
s9318_r1_n000_a125,confirmatory,9318,1,0.0,0.125,joint_forward_feedback,balanced_permutation_a_k1,balanced_permutation_a,balanced,1,0.18899250811836066,0.125,0.6399250811836067,64,64,8,fixed_cache,pilot16,256,0.0016013119349855198
s9318_r1_n000_a125,confirmatory,9318,1,0.0,0.125,joint_forward_feedback,balanced_permutation_a_k2,balanced_permutation_a,balanced,2,0.31399250811836066,0.25,0.6399250811836067,64,64,16,fixed_cache,pilot16,256,0.0015591784282509087
s9318_r1_n000_a125,confirmatory,9318,1,0.0,0.125,joint_forward_feedback,balanced_permutation_a_k4,balanced_permutation_a,balanced,4,0.5639925081183607,0.5,0.6399250811836067,64,64,32,fixed_cache,pilot16,256,0.001293498984917618
s9318_r1_n000_a125,confirmatory,9318,1,0.0,0.125,joint_forward_feedback,balanced_permutation_a_k8,balanced_permutation_a,balanced,8,1.0639925081183608,1.0,0.6399250811836067,64,64,64,fixed_cache,pilot16,256,0.0006921867736091494
s9318_r1_n000_a125,confirmatory,9318,1,0.0,0.125,joint_forward_feedback,balanced_permutation_b_k1,balanced_permutation_b,balanced,1,0.18840039778945986,0.125,0.6340039778945984,64,64,8,fixed_cache,pilot16,256,0.0016767900622627978
s9318_r1_n000_a125,confirmatory,9318,1,0.0,0.125,joint_forward_feedback,balanced_permutation_b_k2,balanced_permutation_b,balanced,2,0.31340039778945983,0.25,0.6340039778945984,64,64,16,fixed_cache,pilot16,256,0.0016659845399463937
s9318_r1_n000_a125,confirmatory,9318,1,0.0,0.125,joint_forward_feedback,balanced_permutation_b_k4,balanced_permutation_b,balanced,4,0.5634003977894598,0.5,0.6340039778945984,64,64,32,fixed_cache,pilot16,256,0.0012251598311050229
s9318_r1_n000_a125,confirmatory,9318,1,0.0,0.125,joint_forward_feedback,balanced_permutation_b_k8,balanced_permutation_b,balanced,8,1.06340039778946,1.0,0.6340039778945984,64,64,64,fixed_cache,pilot16,256,0.0008152233072248219
s9318_r1_n000_a125,confirmatory,9318,1,0.0,0.125,joint_forward_feedback,comb_contiguous_k1,comb_contiguous,comb,1,0.225,0.125,1.0,64,64,8,fixed_cache,pilot16,256,0.0005633052871836726
s9318_r1_n000_a125,confirmatory,9318,1,0.0,0.125,joint_forward_feedback,comb_contiguous_k2,comb_contiguous,comb,2,0.35,0.25,1.0,64,64,16,fixed_cache,pilot16,256,0.0005493376382725727
s9318_r1_n000_a125,confirmatory,9318,1,0.0,0.125,joint_forward_feedback,comb_contiguous_k4,comb_contiguous,comb,4,0.6,0.5,1.0,64,64,32,fixed_cache,pilot16,256,0.000250367775647502
s9318_r1_n000_a125,confirmatory,9318,1,0.0,0.125,joint_forward_feedback,comb_contiguous_k8,comb_contiguous,comb,8,1.1,1.0,1.0,64,64,64,fixed_cache,pilot16,256,0.0001246459800187499
s9318_r1_n000_a125,confirmatory,9318,1,0.0,0.125,joint_forward_feedback,balanced_contiguous_k1,balanced_contiguous,balanced,1,0.1737418407321983,0.125,0.487418407321983,64,64,8,fresh_iid,pilot16,256,0.0017139690082765627
s9318_r1_n000_a125,confirmatory,9318,1,0.0,0.125,joint_forward_feedback,balanced_contiguous_k2,balanced_contiguous,balanced,2,0.2987418407321983,0.25,0.487418407321983,64,64,16,fresh_iid,pilot16,256,0.0010379494548085366
s9318_r1_n000_a125,confirmatory,9318,1,0.0,0.125,joint_forward_feedback,balanced_contiguous_k4,balanced_contiguous,balanced,4,0.5487418407321983,0.5,0.487418407321983,64,64,32,fresh_iid,pilot16,256,0.000756126931315769
s9318_r1_n000_a125,confirmatory,9318,1,0.0,0.125,joint_forward_feedback,balanced_contiguous_k8,balanced_contiguous,balanced,8,1.0487418407321982,1.0,0.487418407321983,64,64,64,fresh_iid,pilot16,256,0.000672676061447475
s9318_r1_n000_a125,confirmatory,9318,1,0.0,0.125,joint_forward_feedback,balanced_interleaved_k1,balanced_interleaved,balanced,1,0.19088469787505546,0.125,0.6588469787505544,64,64,8,fresh_iid,pilot16,256,0.0005367011723873672
s9318_r1_n000_a125,confirmatory,9318,1,0.0,0.125,joint_forward_feedback,balanced_interleaved_k2,balanced_interleaved,balanced,2,0.31588469787505546,0.25,0.6588469787505544,64,64,16,fresh_iid,pilot16,256,0.0005302783748764724
s9318_r1_n000_a125,confirmatory,9318,1,0.0,0.125,joint_forward_feedback,balanced_interleaved_k4,balanced_interleaved,balanced,4,0.5658846978750555,0.5,0.6588469787505544,64,64,32,fresh_iid,pilot16,256,0.0005213971196507219
s9318_r1_n000_a125,confirmatory,9318,1,0.0,0.125,joint_forward_feedback,balanced_interleaved_k8,balanced_interleaved,balanced,8,1.0658846978750554,1.0,0.6588469787505544,64,64,64,fresh_iid,pilot16,256,0.000195018605108423
s9318_r1_n000_a125,confirmatory,9318,1,0.0,0.125,joint_forward_feedback,balanced_permutation_a_k1,balanced_permutation_a,balanced,1,0.18899250811836066,0.125,0.6399250811836067,64,64,8,fresh_iid,pilot16,256,0.0006970851035426376
s9318_r1_n000_a125,confirmatory,9318,1,0.0,0.125,joint_forward_feedback,balanced_permutation_a_k2,balanced_permutation_a,balanced,2,0.31399250811836066,0.25,0.6399250811836067,64,64,16,fresh_iid,pilot16,256,0.000675424308422868
s9318_r1_n000_a125,confirmatory,9318,1,0.0,0.125,joint_forward_feedback,balanced_permutation_a_k4,balanced_permutation_a,balanced,4,0.5639925081183607,0.5,0.6399250811836067,64,64,32,fresh_iid,pilot16,256,0.0005412523611148352
s9318_r1_n000_a125,confirmatory,9318,1,0.0,0.125,joint_forward_feedback,balanced_permutation_a_k8,balanced_permutation_a,balanced,8,1.0639925081183608,1.0,0.6399250811836067,64,64,64,fresh_iid,pilot16,256,0.0002568920885860837
s9318_r1_n000_a125,confirmatory,9318,1,0.0,0.125,joint_forward_feedback,balanced_permutation_b_k1,balanced_permutation_b,balanced,1,0.18840039778945986,0.125,0.6340039778945984,64,64,8,fresh_iid,pilot16,256,0.0007361310120779423
s9318_r1_n000_a125,confirmatory,9318,1,0.0,0.125,joint_forward_feedback,balanced_permutation_b_k2,balanced_permutation_b,balanced,2,0.31340039778945983,0.25,0.6340039778945984,64,64,16,fresh_iid,pilot16,256,0.0007305224350569383
s9318_r1_n000_a125,confirmatory,9318,1,0.0,0.125,joint_forward_feedback,balanced_permutation_b_k4,balanced_permutation_b,balanced,4,0.5634003977894598,0.5,0.6340039778945984,64,64,32,fresh_iid,pilot16,256,0.0005074702708411823
s9318_r1_n000_a125,confirmatory,9318,1,0.0,0.125,joint_forward_feedback,balanced_permutation_b_k8,balanced_permutation_b,balanced,8,1.06340039778946,1.0,0.6340039778945984,64,64,64,fresh_iid,pilot16,256,0.00031239642087879383
s9318_r1_n000_a125,confirmatory,9318,1,0.0,0.125,joint_forward_feedback,comb_contiguous_k1,comb_contiguous,comb,1,0.225,0.125,1.0,64,64,8,fresh_iid,pilot16,256,0.00020067001019410686
s9318_r1_n000_a125,confirmatory,9318,1,0.0,0.125,joint_forward_feedback,comb_contiguous_k2,comb_contiguous,comb,2,0.35,0.25,1.0,64,64,16,fresh_iid,pilot16,256,0.00019470999824284908
s9318_r1_n000_a125,confirmatory,9318,1,0.0,0.125,joint_forward_feedback,comb_contiguous_k4,comb_contiguous,comb,4,0.6,0.5,1.0,64,64,32,fresh_iid,pilot16,256,7.534521714584614e-05
s9318_r1_n000_a125,confirmatory,9318,1,0.0,0.125,joint_forward_feedback,comb_contiguous_k8,comb_contiguous,comb,8,1.1,1.0,1.0,64,64,64,fresh_iid,pilot16,256,3.210587428186505e-05
s9318_r1_n000_a375,confirmatory,9318,1,0.0,0.375,feedback_only,balanced_contiguous_k1,balanced_contiguous,balanced,1,0.1737418407321983,0.125,0.487418407321983,64,64,8,fixed_cache,pilot16,256,0.10303877300929651
s9318_r1_n000_a375,confirmatory,9318,1,0.0,0.375,feedback_only,balanced_contiguous_k2,balanced_contiguous,balanced,2,0.2987418407321983,0.25,0.487418407321983,64,64,16,fixed_cache,pilot16,256,0.0007829145628021055
s9318_r1_n000_a375,confirmatory,9318,1,0.0,0.375,feedback_only,balanced_contiguous_k4,balanced_contiguous,balanced,4,0.5487418407321983,0.5,0.487418407321983,64,64,32,fixed_cache,pilot16,256,1.7845881415638416e-05
s9318_r1_n000_a375,confirmatory,9318,1,0.0,0.375,feedback_only,balanced_contiguous_k8,balanced_contiguous,balanced,8,1.0487418407321982,1.0,0.487418407321983,64,64,64,fixed_cache,pilot16,256,1.2514948209409736e-06
s9318_r1_n000_a375,confirmatory,9318,1,0.0,0.375,feedback_only,balanced_interleaved_k1,balanced_interleaved,balanced,1,0.19088469787505546,0.125,0.6588469787505544,64,64,8,fixed_cache,pilot16,256,0.10303877300929651
s9318_r1_n000_a375,confirmatory,9318,1,0.0,0.375,feedback_only,balanced_interleaved_k2,balanced_interleaved,balanced,2,0.31588469787505546,0.25,0.6588469787505544,64,64,16,fixed_cache,pilot16,256,0.09415373389255663
s9318_r1_n000_a375,confirmatory,9318,1,0.0,0.375,feedback_only,balanced_interleaved_k4,balanced_interleaved,balanced,4,0.5658846978750555,0.5,0.6588469787505544,64,64,32,fixed_cache,pilot16,256,0.08260671124150162
s9318_r1_n000_a375,confirmatory,9318,1,0.0,0.375,feedback_only,balanced_interleaved_k8,balanced_interleaved,balanced,8,1.0658846978750554,1.0,0.6588469787505544,64,64,64,fixed_cache,pilot16,256,1.2514948209409736e-06
s9318_r1_n000_a375,confirmatory,9318,1,0.0,0.375,feedback_only,balanced_permutation_a_k1,balanced_permutation_a,balanced,1,0.18899250811836066,0.125,0.6399250811836067,64,64,8,fixed_cache,pilot16,256,0.10303877300929651
s9318_r1_n000_a375,confirmatory,9318,1,0.0,0.375,feedback_only,balanced_permutation_a_k2,balanced_permutation_a,balanced,2,0.31399250811836066,0.25,0.6399250811836067,64,64,16,fixed_cache,pilot16,256,0.09618267722914578
s9318_r1_n000_a375,confirmatory,9318,1,0.0,0.375,feedback_only,balanced_permutation_a_k4,balanced_permutation_a,balanced,4,0.5639925081183607,0.5,0.6399250811836067,64,64,32,fixed_cache,pilot16,256,0.004617908109584139
s9318_r1_n000_a375,confirmatory,9318,1,0.0,0.375,feedback_only,balanced_permutation_a_k8,balanced_permutation_a,balanced,8,1.0639925081183608,1.0,0.6399250811836067,64,64,64,fixed_cache,pilot16,256,1.2514948209409736e-06
s9318_r1_n000_a375,confirmatory,9318,1,0.0,0.375,feedback_only,balanced_permutation_b_k1,balanced_permutation_b,balanced,1,0.18840039778945986,0.125,0.6340039778945984,64,64,8,fixed_cache,pilot16,256,0.10303877300929651
s9318_r1_n000_a375,confirmatory,9318,1,0.0,0.375,feedback_only,balanced_permutation_b_k2,balanced_permutation_b,balanced,2,0.31340039778945983,0.25,0.6340039778945984,64,64,16,fixed_cache,pilot16,256,0.09447353268195774
s9318_r1_n000_a375,confirmatory,9318,1,0.0,0.375,feedback_only,balanced_permutation_b_k4,balanced_permutation_b,balanced,4,0.5634003977894598,0.5,0.6340039778945984,64,64,32,fixed_cache,pilot16,256,0.0009967704744619711
s9318_r1_n000_a375,confirmatory,9318,1,0.0,0.375,feedback_only,balanced_permutation_b_k8,balanced_permutation_b,balanced,8,1.06340039778946,1.0,0.6340039778945984,64,64,64,fixed_cache,pilot16,256,1.2514948209409736e-06
s9318_r1_n000_a375,confirmatory,9318,1,0.0,0.375,feedback_only,comb_contiguous_k1,comb_contiguous,comb,1,0.225,0.125,1.0,64,64,8,fixed_cache,pilot16,256,0.10303877300929651
s9318_r1_n000_a375,confirmatory,9318,1,0.0,0.375,feedback_only,comb_contiguous_k2,comb_contiguous,comb,2,0.35,0.25,1.0,64,64,16,fixed_cache,pilot16,256,0.07085054153248765
s9318_r1_n000_a375,confirmatory,9318,1,0.0,0.375,feedback_only,comb_contiguous_k4,comb_contiguous,comb,4,0.6,0.5,1.0,64,64,32,fixed_cache,pilot16,256,0.00047353987720154803
s9318_r1_n000_a375,confirmatory,9318,1,0.0,0.375,feedback_only,comb_contiguous_k8,comb_contiguous,comb,8,1.1,1.0,1.0,64,64,64,fixed_cache,pilot16,256,1.2514948209409736e-06
s9318_r1_n000_a375,confirmatory,9318,1,0.0,0.375,feedback_only,balanced_contiguous_k1,balanced_contiguous,balanced,1,0.1737418407321983,0.125,0.487418407321983,64,64,8,fresh_iid,pilot16,256,0.07986141099437638
s9318_r1_n000_a375,confirmatory,9318,1,0.0,0.375,feedback_only,balanced_contiguous_k2,balanced_contiguous,balanced,2,0.2987418407321983,0.25,0.487418407321983,64,64,16,fresh_iid,pilot16,256,0.00024631879108472337
s9318_r1_n000_a375,confirmatory,9318,1,0.0,0.375,feedback_only,balanced_contiguous_k4,balanced_contiguous,balanced,4,0.5487418407321983,0.5,0.487418407321983,64,64,32,fresh_iid,pilot16,256,4.0407837783204696e-06
s9318_r1_n000_a375,confirmatory,9318,1,0.0,0.375,feedback_only,balanced_contiguous_k8,balanced_contiguous,balanced,8,1.0487418407321982,1.0,0.487418407321983,64,64,64,fresh_iid,pilot16,256,3.2112520010419503e-07
s9318_r1_n000_a375,confirmatory,9318,1,0.0,0.375,feedback_only,balanced_interleaved_k1,balanced_interleaved,balanced,1,0.19088469787505546,0.125,0.6588469787505544,64,64,8,fresh_iid,pilot16,256,0.07986141099437638
s9318_r1_n000_a375,confirmatory,9318,1,0.0,0.375,feedback_only,balanced_interleaved_k2,balanced_interleaved,balanced,2,0.31588469787505546,0.25,0.6588469787505544,64,64,16,fresh_iid,pilot16,256,0.07184793982006119
s9318_r1_n000_a375,confirmatory,9318,1,0.0,0.375,feedback_only,balanced_interleaved_k4,balanced_interleaved,balanced,4,0.5658846978750555,0.5,0.6588469787505544,64,64,32,fresh_iid,pilot16,256,0.0616153852264028
s9318_r1_n000_a375,confirmatory,9318,1,0.0,0.375,feedback_only,balanced_interleaved_k8,balanced_interleaved,balanced,8,1.0658846978750554,1.0,0.6588469787505544,64,64,64,fresh_iid,pilot16,256,3.2112520010419503e-07
s9318_r1_n000_a375,confirmatory,9318,1,0.0,0.375,feedback_only,balanced_permutation_a_k1,balanced_permutation_a,balanced,1,0.18899250811836066,0.125,0.6399250811836067,64,64,8,fresh_iid,pilot16,256,0.07986141099437638
s9318_r1_n000_a375,confirmatory,9318,1,0.0,0.375,feedback_only,balanced_permutation_a_k2,balanced_permutation_a,balanced,2,0.31399250811836066,0.25,0.6399250811836067,64,64,16,fresh_iid,pilot16,256,0.07366763049287381
s9318_r1_n000_a375,confirmatory,9318,1,0.0,0.375,feedback_only,balanced_permutation_a_k4,balanced_permutation_a,balanced,4,0.5639925081183607,0.5,0.6399250811836067,64,64,32,fresh_iid,pilot16,256,0.0020007275505609483
s9318_r1_n000_a375,confirmatory,9318,1,0.0,0.375,feedback_only,balanced_permutation_a_k8,balanced_permutation_a,balanced,8,1.0639925081183608,1.0,0.6399250811836067,64,64,64,fresh_iid,pilot16,256,3.2112520010419503e-07
s9318_r1_n000_a375,confirmatory,9318,1,0.0,0.375,feedback_only,balanced_permutation_b_k1,balanced_permutation_b,balanced,1,0.18840039778945986,0.125,0.6340039778945984,64,64,8,fresh_iid,pilot16,256,0.07986141099437638
s9318_r1_n000_a375,confirmatory,9318,1,0.0,0.375,feedback_only,balanced_permutation_b_k2,balanced_permutation_b,balanced,2,0.31340039778945983,0.25,0.6340039778945984,64,64,16,fresh_iid,pilot16,256,0.07213434328298272
s9318_r1_n000_a375,confirmatory,9318,1,0.0,0.375,feedback_only,balanced_permutation_b_k4,balanced_permutation_b,balanced,4,0.5634003977894598,0.5,0.6340039778945984,64,64,32,fresh_iid,pilot16,256,0.0003264284798811689
s9318_r1_n000_a375,confirmatory,9318,1,0.0,0.375,feedback_only,balanced_permutation_b_k8,balanced_permutation_b,balanced,8,1.06340039778946,1.0,0.6340039778945984,64,64,64,fresh_iid,pilot16,256,3.2112520010419503e-07
s9318_r1_n000_a375,confirmatory,9318,1,0.0,0.375,feedback_only,comb_contiguous_k1,comb_contiguous,comb,1,0.225,0.125,1.0,64,64,8,fresh_iid,pilot16,256,0.07986141099437638
s9318_r1_n000_a375,confirmatory,9318,1,0.0,0.375,feedback_only,comb_contiguous_k2,comb_contiguous,comb,2,0.35,0.25,1.0,64,64,16,fresh_iid,pilot16,256,0.05143498533229142
s9318_r1_n000_a375,confirmatory,9318,1,0.0,0.375,feedback_only,comb_contiguous_k4,comb_contiguous,comb,4,0.6,0.5,1.0,64,64,32,fresh_iid,pilot16,256,0.00013777746473840244
s9318_r1_n000_a375,confirmatory,9318,1,0.0,0.375,feedback_only,comb_contiguous_k8,comb_contiguous,comb,8,1.1,1.0,1.0,64,64,64,fresh_iid,pilot16,256,3.2112520010419503e-07
s9318_r1_n000_a375,confirmatory,9318,1,0.0,0.375,joint_forward_feedback,balanced_contiguous_k1,balanced_contiguous,balanced,1,0.1737418407321983,0.125,0.487418407321983,64,64,8,fixed_cache,pilot16,256,0.22383457107034882
s9318_r1_n000_a375,confirmatory,9318,1,0.0,0.375,joint_forward_feedback,balanced_contiguous_k2,balanced_contiguous,balanced,2,0.2987418407321983,0.25,0.487418407321983,64,64,16,fixed_cache,pilot16,256,0.0202553032016071
s9318_r1_n000_a375,confirmatory,9318,1,0.0,0.375,joint_forward_feedback,balanced_contiguous_k4,balanced_contiguous,balanced,4,0.5487418407321983,0.5,0.487418407321983,64,64,32,fixed_cache,pilot16,256,0.004161875650839786
s9318_r1_n000_a375,confirmatory,9318,1,0.0,0.375,joint_forward_feedback,balanced_contiguous_k8,balanced_contiguous,balanced,8,1.0487418407321982,1.0,0.487418407321983,64,64,64,fixed_cache,pilot16,256,0.0022826843587348436
s9318_r1_n000_a375,confirmatory,9318,1,0.0,0.375,joint_forward_feedback,balanced_interleaved_k1,balanced_interleaved,balanced,1,0.19088469787505546,0.125,0.6588469787505544,64,64,8,fixed_cache,pilot16,256,0.19111515276470858
s9318_r1_n000_a375,confirmatory,9318,1,0.0,0.375,joint_forward_feedback,balanced_interleaved_k2,balanced_interleaved,balanced,2,0.31588469787505546,0.25,0.6588469787505544,64,64,16,fixed_cache,pilot16,256,0.18091566519506838
s9318_r1_n000_a375,confirmatory,9318,1,0.0,0.375,joint_forward_feedback,balanced_interleaved_k4,balanced_interleaved,balanced,4,0.5658846978750555,0.5,0.6588469787505544,64,64,32,fixed_cache,pilot16,256,0.16750482000626973
s9318_r1_n000_a375,confirmatory,9318,1,0.0,0.375,joint_forward_feedback,balanced_interleaved_k8,balanced_interleaved,balanced,8,1.0658846978750554,1.0,0.6588469787505544,64,64,64,fixed_cache,pilot16,256,0.0015265277448001423
s9318_r1_n000_a375,confirmatory,9318,1,0.0,0.375,joint_forward_feedback,balanced_permutation_a_k1,balanced_permutation_a,balanced,1,0.18899250811836066,0.125,0.6399250811836067,64,64,8,fixed_cache,pilot16,256,0.21783835931844547
s9318_r1_n000_a375,confirmatory,9318,1,0.0,0.375,joint_forward_feedback,balanced_permutation_a_k2,balanced_permutation_a,balanced,2,0.31399250811836066,0.25,0.6399250811836067,64,64,16,fixed_cache,pilot16,256,0.20009265590448622
s9318_r1_n000_a375,confirmatory,9318,1,0.0,0.375,joint_forward_feedback,balanced_permutation_a_k4,balanced_permutation_a,balanced,4,0.5639925081183607,0.5,0.6399250811836067,64,64,32,fixed_cache,pilot16,256,0.043018594738960435
s9318_r1_n000_a375,confirmatory,9318,1,0.0,0.375,joint_forward_feedback,balanced_permutation_a_k8,balanced_permutation_a,balanced,8,1.0639925081183608,1.0,0.6399250811836067,64,64,64,fixed_cache,pilot16,256,0.001102888515304417
s9318_r1_n000_a375,confirmatory,9318,1,0.0,0.375,joint_forward_feedback,balanced_permutation_b_k1,balanced_permutation_b,balanced,1,0.18840039778945986,0.125,0.6340039778945984,64,64,8,fixed_cache,pilot16,256,0.22413654203218014
s9318_r1_n000_a375,confirmatory,9318,1,0.0,0.375,joint_forward_feedback,balanced_permutation_b_k2,balanced_permutation_b,balanced,2,0.31340039778945983,0.25,0.6340039778945984,64,64,16,fixed_cache,pilot16,256,0.21873813070423548
s9318_r1_n000_a375,confirmatory,9318,1,0.0,0.375,joint_forward_feedback,balanced_permutation_b_k4,balanced_permutation_b,balanced,4,0.5634003977894598,0.5,0.6340039778945984,64,64,32,fixed_cache,pilot16,256,0.02077396749219145
s9318_r1_n000_a375,confirmatory,9318,1,0.0,0.375,joint_forward_feedback,balanced_permutation_b_k8,balanced_permutation_b,balanced,8,1.06340039778946,1.0,0.6340039778945984,64,64,64,fixed_cache,pilot16,256,0.0018930227594000863
s9318_r1_n000_a375,confirmatory,9318,1,0.0,0.375,joint_forward_feedback,comb_contiguous_k1,comb_contiguous,comb,1,0.225,0.125,1.0,64,64,8,fixed_cache,pilot16,256,0.12933614096965898
s9318_r1_n000_a375,confirmatory,9318,1,0.0,0.375,joint_forward_feedback,comb_contiguous_k2,comb_contiguous,comb,2,0.35,0.25,1.0,64,64,16,fixed_cache,pilot16,256,0.09507856286408274
s9318_r1_n000_a375,confirmatory,9318,1,0.0,0.375,joint_forward_feedback,comb_contiguous_k4,comb_contiguous,comb,4,0.6,0.5,1.0,64,64,32,fixed_cache,pilot16,256,0.002996405025861546
s9318_r1_n000_a375,confirmatory,9318,1,0.0,0.375,joint_forward_feedback,comb_contiguous_k8,comb_contiguous,comb,8,1.1,1.0,1.0,64,64,64,fixed_cache,pilot16,256,0.00010915461903240255
s9318_r1_n000_a375,confirmatory,9318,1,0.0,0.375,joint_forward_feedback,balanced_contiguous_k1,balanced_contiguous,balanced,1,0.1737418407321983,0.125,0.487418407321983,64,64,8,fresh_iid,pilot16,256,0.19724419348124783
s9318_r1_n000_a375,confirmatory,9318,1,0.0,0.375,joint_forward_feedback,balanced_contiguous_k2,balanced_contiguous,balanced,2,0.2987418407321983,0.25,0.487418407321983,64,64,16,fresh_iid,pilot16,256,0.011667055850376074
s9318_r1_n000_a375,confirmatory,9318,1,0.0,0.375,joint_forward_feedback,balanced_contiguous_k4,balanced_contiguous,balanced,4,0.5487418407321983,0.5,0.487418407321983,64,64,32,fresh_iid,pilot16,256,0.001767659848314877
s9318_r1_n000_a375,confirmatory,9318,1,0.0,0.375,joint_forward_feedback,balanced_contiguous_k8,balanced_contiguous,balanced,8,1.0487418407321982,1.0,0.487418407321983,64,64,64,fresh_iid,pilot16,256,0.0008659821019788431
s9318_r1_n000_a375,confirmatory,9318,1,0.0,0.375,joint_forward_feedback,balanced_interleaved_k1,balanced_interleaved,balanced,1,0.19088469787505546,0.125,0.6588469787505544,64,64,8,fresh_iid,pilot16,256,0.16420515008017794
s9318_r1_n000_a375,confirmatory,9318,1,0.0,0.375,joint_forward_feedback,balanced_interleaved_k2,balanced_interleaved,balanced,2,0.31588469787505546,0.25,0.6588469787505544,64,64,16,fresh_iid,pilot16,256,0.1540669721441991
s9318_r1_n000_a375,confirmatory,9318,1,0.0,0.375,joint_forward_feedback,balanced_interleaved_k4,balanced_interleaved,balanced,4,0.5658846978750555,0.5,0.6588469787505544,64,64,32,fresh_iid,pilot16,256,0.1408650979853283
s9318_r1_n000_a375,confirmatory,9318,1,0.0,0.375,joint_forward_feedback,balanced_interleaved_k8,balanced_interleaved,balanced,8,1.0658846978750554,1.0,0.6588469787505544,64,64,64,fresh_iid,pilot16,256,0.0005383390729159921
s9318_r1_n000_a375,confirmatory,9318,1,0.0,0.375,joint_forward_feedback,balanced_permutation_a_k1,balanced_permutation_a,balanced,1,0.18899250811836066,0.125,0.6399250811836067,64,64,8,fresh_iid,pilot16,256,0.19113398477117308
s9318_r1_n000_a375,confirmatory,9318,1,0.0,0.375,joint_forward_feedback,balanced_permutation_a_k2,balanced_permutation_a,balanced,2,0.31399250811836066,0.25,0.6399250811836067,64,64,16,fresh_iid,pilot16,256,0.1731945022838012
s9318_r1_n000_a375,confirmatory,9318,1,0.0,0.375,joint_forward_feedback,balanced_permutation_a_k4,balanced_permutation_a,balanced,4,0.5639925081183607,0.5,0.6399250811836067,64,64,32,fresh_iid,pilot16,256,0.0285371510051843
s9318_r1_n000_a375,confirmatory,9318,1,0.0,0.375,joint_forward_feedback,balanced_permutation_a_k8,balanced_permutation_a,balanced,8,1.0639925081183608,1.0,0.6399250811836067,64,64,64,fresh_iid,pilot16,256,0.00036745346395517686
s9318_r1_n000_a375,confirmatory,9318,1,0.0,0.375,joint_forward_feedback,balanced_permutation_b_k1,balanced_permutation_b,balanced,1,0.18840039778945986,0.125,0.6340039778945984,64,64,8,fresh_iid,pilot16,256,0.19755252972463727
s9318_r1_n000_a375,confirmatory,9318,1,0.0,0.375,joint_forward_feedback,balanced_permutation_b_k2,balanced_permutation_b,balanced,2,0.31340039778945983,0.25,0.6340039778945984,64,64,16,fresh_iid,pilot16,256,0.19204934438306595
s9318_r1_n000_a375,confirmatory,9318,1,0.0,0.375,joint_forward_feedback,balanced_permutation_b_k4,balanced_permutation_b,balanced,4,0.5634003977894598,0.5,0.6340039778945984,64,64,32,fresh_iid,pilot16,256,0.012023585003042396
s9318_r1_n000_a375,confirmatory,9318,1,0.0,0.375,joint_forward_feedback,balanced_permutation_b_k8,balanced_permutation_b,balanced,8,1.06340039778946,1.0,0.6340039778945984,64,64,64,fresh_iid,pilot16,256,0.0006939458242339401
s9318_r1_n000_a375,confirmatory,9318,1,0.0,0.375,joint_forward_feedback,comb_contiguous_k1,comb_contiguous,comb,1,0.225,0.125,1.0,64,64,8,fresh_iid,pilot16,256,0.10419500732366448
s9318_r1_n000_a375,confirmatory,9318,1,0.0,0.375,joint_forward_feedback,comb_contiguous_k2,comb_contiguous,comb,2,0.35,0.25,1.0,64,64,16,fresh_iid,pilot16,256,0.07267661718355697
s9318_r1_n000_a375,confirmatory,9318,1,0.0,0.375,joint_forward_feedback,comb_contiguous_k4,comb_contiguous,comb,4,0.6,0.5,1.0,64,64,32,fresh_iid,pilot16,256,0.001195848978755542
s9318_r1_n000_a375,confirmatory,9318,1,0.0,0.375,joint_forward_feedback,comb_contiguous_k8,comb_contiguous,comb,8,1.1,1.0,1.0,64,64,64,fresh_iid,pilot16,256,2.6667375845089257e-05
s9318_r1_n750_a125,confirmatory,9318,1,0.75,0.125,feedback_only,balanced_contiguous_k1,balanced_contiguous,balanced,1,0.1737418407321983,0.125,0.487418407321983,64,64,8,fixed_cache,pilot16,256,0.2913053030135395
s9318_r1_n750_a125,confirmatory,9318,1,0.75,0.125,feedback_only,balanced_contiguous_k2,balanced_contiguous,balanced,2,0.2987418407321983,0.25,0.487418407321983,64,64,16,fixed_cache,pilot16,256,0.29229930517410413
s9318_r1_n750_a125,confirmatory,9318,1,0.75,0.125,feedback_only,balanced_contiguous_k4,balanced_contiguous,balanced,4,0.5487418407321983,0.5,0.487418407321983,64,64,32,fixed_cache,pilot16,256,0.29299055148449643
s9318_r1_n750_a125,confirmatory,9318,1,0.75,0.125,feedback_only,balanced_contiguous_k8,balanced_contiguous,balanced,8,1.0487418407321982,1.0,0.487418407321983,64,64,64,fixed_cache,pilot16,256,0.2934451725717432
s9318_r1_n750_a125,confirmatory,9318,1,0.75,0.125,feedback_only,balanced_interleaved_k1,balanced_interleaved,balanced,1,0.19088469787505546,0.125,0.6588469787505544,64,64,8,fixed_cache,pilot16,256,0.2913053030135395
s9318_r1_n750_a125,confirmatory,9318,1,0.75,0.125,feedback_only,balanced_interleaved_k2,balanced_interleaved,balanced,2,0.31588469787505546,0.25,0.6588469787505544,64,64,16,fixed_cache,pilot16,256,0.2913246095879841
s9318_r1_n750_a125,confirmatory,9318,1,0.75,0.125,feedback_only,balanced_interleaved_k4,balanced_interleaved,balanced,4,0.5658846978750555,0.5,0.6588469787505544,64,64,32,fixed_cache,pilot16,256,0.29135256671240817
s9318_r1_n750_a125,confirmatory,9318,1,0.75,0.125,feedback_only,balanced_interleaved_k8,balanced_interleaved,balanced,8,1.0658846978750554,1.0,0.6588469787505544,64,64,64,fixed_cache,pilot16,256,0.2934451725717432
s9318_r1_n750_a125,confirmatory,9318,1,0.75,0.125,feedback_only,balanced_permutation_a_k1,balanced_permutation_a,balanced,1,0.18899250811836066,0.125,0.6399250811836067,64,64,8,fixed_cache,pilot16,256,0.2913053030135395
s9318_r1_n750_a125,confirmatory,9318,1,0.75,0.125,feedback_only,balanced_permutation_a_k2,balanced_permutation_a,balanced,2,0.31399250811836066,0.25,0.6399250811836067,64,64,16,fixed_cache,pilot16,256,0.2913200477255023
s9318_r1_n750_a125,confirmatory,9318,1,0.75,0.125,feedback_only,balanced_permutation_a_k4,balanced_permutation_a,balanced,4,0.5639925081183607,0.5,0.6399250811836067,64,64,32,fixed_cache,pilot16,256,0.2919506501362648
s9318_r1_n750_a125,confirmatory,9318,1,0.75,0.125,feedback_only,balanced_permutation_a_k8,balanced_permutation_a,balanced,8,1.0639925081183608,1.0,0.6399250811836067,64,64,64,fixed_cache,pilot16,256,0.2934451725717432
s9318_r1_n750_a125,confirmatory,9318,1,0.75,0.125,feedback_only,balanced_permutation_b_k1,balanced_permutation_b,balanced,1,0.18840039778945986,0.125,0.6340039778945984,64,64,8,fixed_cache,pilot16,256,0.2913053030135395
s9318_r1_n750_a125,confirmatory,9318,1,0.75,0.125,feedback_only,balanced_permutation_b_k2,balanced_permutation_b,balanced,2,0.31340039778945983,0.25,0.6340039778945984,64,64,16,fixed_cache,pilot16,256,0.2913238841815824
s9318_r1_n750_a125,confirmatory,9318,1,0.75,0.125,feedback_only,balanced_permutation_b_k4,balanced_permutation_b,balanced,4,0.5634003977894598,0.5,0.6340039778945984,64,64,32,fixed_cache,pilot16,256,0.2922527859203998
s9318_r1_n750_a125,confirmatory,9318,1,0.75,0.125,feedback_only,balanced_permutation_b_k8,balanced_permutation_b,balanced,8,1.06340039778946,1.0,0.6340039778945984,64,64,64,fixed_cache,pilot16,256,0.2934451725717432
s9318_r1_n750_a125,confirmatory,9318,1,0.75,0.125,feedback_only,comb_contiguous_k1,comb_contiguous,comb,1,0.225,0.125,1.0,64,64,8,fixed_cache,pilot16,256,0.2913053030135395
s9318_r1_n750_a125,confirmatory,9318,1,0.75,0.125,feedback_only,comb_contiguous_k2,comb_contiguous,comb,2,0.35,0.25,1.0,64,64,16,fixed_cache,pilot16,256,0.29138528608982517
s9318_r1_n750_a125,confirmatory,9318,1,0.75,0.125,feedback_only,comb_contiguous_k4,comb_contiguous,comb,4,0.6,0.5,1.0,64,64,32,fixed_cache,pilot16,256,0.29239521155718495
s9318_r1_n750_a125,confirmatory,9318,1,0.75,0.125,feedback_only,comb_contiguous_k8,comb_contiguous,comb,8,1.1,1.0,1.0,64,64,64,fixed_cache,pilot16,256,0.2934451725717432
s9318_r1_n750_a125,confirmatory,9318,1,0.75,0.125,feedback_only,balanced_contiguous_k1,balanced_contiguous,balanced,1,0.1737418407321983,0.125,0.487418407321983,64,64,8,fresh_iid,pilot16,256,0.3019256714756177
s9318_r1_n750_a125,confirmatory,9318,1,0.75,0.125,feedback_only,balanced_contiguous_k2,balanced_contiguous,balanced,2,0.2987418407321983,0.25,0.487418407321983,64,64,16,fresh_iid,pilot16,256,0.3037791983816419
s9318_r1_n750_a125,confirmatory,9318,1,0.75,0.125,feedback_only,balanced_contiguous_k4,balanced_contiguous,balanced,4,0.5487418407321983,0.5,0.487418407321983,64,64,32,fresh_iid,pilot16,256,0.3050514022596138
s9318_r1_n750_a125,confirmatory,9318,1,0.75,0.125,feedback_only,balanced_contiguous_k8,balanced_contiguous,balanced,8,1.0487418407321982,1.0,0.487418407321983,64,64,64,fresh_iid,pilot16,256,0.3058759422182417
s9318_r1_n750_a125,confirmatory,9318,1,0.75,0.125,feedback_only,balanced_interleaved_k1,balanced_interleaved,balanced,1,0.19088469787505546,0.125,0.6588469787505544,64,64,8,fresh_iid,pilot16,256,0.3019256714756177
s9318_r1_n750_a125,confirmatory,9318,1,0.75,0.125,feedback_only,balanced_interleaved_k2,balanced_interleaved,balanced,2,0.31588469787505546,0.25,0.6588469787505544,64,64,16,fresh_iid,pilot16,256,0.3019617609388713
s9318_r1_n750_a125,confirmatory,9318,1,0.75,0.125,feedback_only,balanced_interleaved_k4,balanced_interleaved,balanced,4,0.5658846978750555,0.5,0.6588469787505544,64,64,32,fresh_iid,pilot16,256,0.30201402324793414
s9318_r1_n750_a125,confirmatory,9318,1,0.75,0.125,feedback_only,balanced_interleaved_k8,balanced_interleaved,balanced,8,1.0658846978750554,1.0,0.6588469787505544,64,64,64,fresh_iid,pilot16,256,0.3058759422182417
s9318_r1_n750_a125,confirmatory,9318,1,0.75,0.125,feedback_only,balanced_permutation_a_k1,balanced_permutation_a,balanced,1,0.18899250811836066,0.125,0.6399250811836067,64,64,8,fresh_iid,pilot16,256,0.3019256714756177
s9318_r1_n750_a125,confirmatory,9318,1,0.75,0.125,feedback_only,balanced_permutation_a_k2,balanced_permutation_a,balanced,2,0.31399250811836066,0.25,0.6399250811836067,64,64,16,fresh_iid,pilot16,256,0.3019532333796686
s9318_r1_n750_a125,confirmatory,9318,1,0.75,0.125,feedback_only,balanced_permutation_a_k4,balanced_permutation_a,balanced,4,0.5639925081183607,0.5,0.6399250811836067,64,64,32,fresh_iid,pilot16,256,0.30313104162326426
s9318_r1_n750_a125,confirmatory,9318,1,0.75,0.125,feedback_only,balanced_permutation_a_k8,balanced_permutation_a,balanced,8,1.0639925081183608,1.0,0.6399250811836067,64,64,64,fresh_iid,pilot16,256,0.3058759422182417
s9318_r1_n750_a125,confirmatory,9318,1,0.75,0.125,feedback_only,balanced_permutation_b_k1,balanced_permutation_b,balanced,1,0.18840039778945986,0.125,0.6340039778945984,64,64,8,fresh_iid,pilot16,256,0.3019256714756177
s9318_r1_n750_a125,confirmatory,9318,1,0.75,0.125,feedback_only,balanced_permutation_b_k2,balanced_permutation_b,balanced,2,0.31340039778945983,0.25,0.6340039778945984,64,64,16,fresh_iid,pilot16,256,0.3019604049200203
s9318_r1_n750_a125,confirmatory,9318,1,0.75,0.125,feedback_only,balanced_permutation_b_k4,balanced_permutation_b,balanced,4,0.5634003977894598,0.5,0.6340039778945984,64,64,32,fresh_iid,pilot16,256,0.30369292120931923
s9318_r1_n750_a125,confirmatory,9318,1,0.75,0.125,feedback_only,balanced_permutation_b_k8,balanced_permutation_b,balanced,8,1.06340039778946,1.0,0.6340039778945984,64,64,64,fresh_iid,pilot16,256,0.3058759422182417
s9318_r1_n750_a125,confirmatory,9318,1,0.75,0.125,feedback_only,comb_contiguous_k1,comb_contiguous,comb,1,0.225,0.125,1.0,64,64,8,fresh_iid,pilot16,256,0.3019256714756177
s9318_r1_n750_a125,confirmatory,9318,1,0.75,0.125,feedback_only,comb_contiguous_k2,comb_contiguous,comb,2,0.35,0.25,1.0,64,64,16,fresh_iid,pilot16,256,0.3020751905774569
s9318_r1_n750_a125,confirmatory,9318,1,0.75,0.125,feedback_only,comb_contiguous_k4,comb_contiguous,comb,4,0.6,0.5,1.0,64,64,32,fresh_iid,pilot16,256,0.303956843307831
s9318_r1_n750_a125,confirmatory,9318,1,0.75,0.125,feedback_only,comb_contiguous_k8,comb_contiguous,comb,8,1.1,1.0,1.0,64,64,64,fresh_iid,pilot16,256,0.3058759422182417
s9318_r1_n750_a125,confirmatory,9318,1,0.75,0.125,joint_forward_feedback,balanced_contiguous_k1,balanced_contiguous,balanced,1,0.1737418407321983,0.125,0.487418407321983,64,64,8,fixed_cache,pilot16,256,0.287342400252273
s9318_r1_n750_a125,confirmatory,9318,1,0.75,0.125,joint_forward_feedback,balanced_contiguous_k2,balanced_contiguous,balanced,2,0.2987418407321983,0.25,0.487418407321983,64,64,16,fixed_cache,pilot16,256,0.2870746643962977
s9318_r1_n750_a125,confirmatory,9318,1,0.75,0.125,joint_forward_feedback,balanced_contiguous_k4,balanced_contiguous,balanced,4,0.5487418407321983,0.5,0.487418407321983,64,64,32,fixed_cache,pilot16,256,0.28708693533837204
s9318_r1_n750_a125,confirmatory,9318,1,0.75,0.125,joint_forward_feedback,balanced_contiguous_k8,balanced_contiguous,balanced,8,1.0487418407321982,1.0,0.487418407321983,64,64,64,fixed_cache,pilot16,256,0.28711652474657223
s9318_r1_n750_a125,confirmatory,9318,1,0.75,0.125,joint_forward_feedback,balanced_interleaved_k1,balanced_interleaved,balanced,1,0.19088469787505546,0.125,0.6588469787505544,64,64,8,fixed_cache,pilot16,256,0.28720351165412605
s9318_r1_n750_a125,confirmatory,9318,1,0.75,0.125,joint_forward_feedback,balanced_interleaved_k2,balanced_interleaved,balanced,2,0.31588469787505546,0.25,0.6588469787505544,64,64,16,fixed_cache,pilot16,256,0.2872091125357409
s9318_r1_n750_a125,confirmatory,9318,1,0.75,0.125,joint_forward_feedback,balanced_interleaved_k4,balanced_interleaved,balanced,4,0.5658846978750555,0.5,0.6588469787505544,64,64,32,fixed_cache,pilot16,256,0.2872171186999013
s9318_r1_n750_a125,confirmatory,9318,1,0.75,0.125,joint_forward_feedback,balanced_interleaved_k8,balanced_interleaved,balanced,8,1.0658846978750554,1.0,0.6588469787505544,64,64,64,fixed_cache,pilot16,256,0.2878889635675821
s9318_r1_n750_a125,confirmatory,9318,1,0.75,0.125,joint_forward_feedback,balanced_permutation_a_k1,balanced_permutation_a,balanced,1,0.18899250811836066,0.125,0.6399250811836067,64,64,8,fixed_cache,pilot16,256,0.28710627625427604
s9318_r1_n750_a125,confirmatory,9318,1,0.75,0.125,joint_forward_feedback,balanced_permutation_a_k2,balanced_permutation_a,balanced,2,0.31399250811836066,0.25,0.6399250811836067,64,64,16,fixed_cache,pilot16,256,0.28711530008981895
s9318_r1_n750_a125,confirmatory,9318,1,0.75,0.125,joint_forward_feedback,balanced_permutation_a_k4,balanced_permutation_a,balanced,4,0.5639925081183607,0.5,0.6399250811836067,64,64,32,fixed_cache,pilot16,256,0.28719963669045645
s9318_r1_n750_a125,confirmatory,9318,1,0.75,0.125,joint_forward_feedback,balanced_permutation_a_k8,balanced_permutation_a,balanced,8,1.0639925081183608,1.0,0.6399250811836067,64,64,64,fixed_cache,pilot16,256,0.28767092587245213
s9318_r1_n750_a125,confirmatory,9318,1,0.75,0.125,joint_forward_feedback,balanced_permutation_b_k1,balanced_permutation_b,balanced,1,0.18840039778945986,0.125,0.6340039778945984,64,64,8,fixed_cache,pilot16,256,0.2870926700063684
s9318_r1_n750_a125,confirmatory,9318,1,0.75,0.125,joint_forward_feedback,balanced_permutation_b_k2,balanced_permutation_b,balanced,2,0.31340039778945983,0.25,0.6340039778945984,64,64,16,fixed_cache,pilot16,256,0.287094424145539
s9318_r1_n750_a125,confirmatory,9318,1,0.75,0.125,joint_forward_feedback,balanced_permutation_b_k4,balanced_permutation_b,balanced,4,0.5634003977894598,0.5,0.6340039778945984,64,64,32,fixed_cache,pilot16,256,0.2872303063272567
s9318_r1_n750_a125,confirmatory,9318,1,0.75,0.125,joint_forward_feedback,balanced_permutation_b_k8,balanced_permutation_b,balanced,8,1.06340039778946,1.0,0.6340039778945984,64,64,64,fixed_cache,pilot16,256,0.2875270333220056
s9318_r1_n750_a125,confirmatory,9318,1,0.75,0.125,joint_forward_feedback,comb_contiguous_k1,comb_contiguous,comb,1,0.225,0.125,1.0,64,64,8,fixed_cache,pilot16,256,0.28786568831286996
s9318_r1_n750_a125,confirmatory,9318,1,0.75,0.125,joint_forward_feedback,comb_contiguous_k2,comb_contiguous,comb,2,0.35,0.25,1.0,64,64,16,fixed_cache,pilot16,256,0.28789025785538325
s9318_r1_n750_a125,confirmatory,9318,1,0.75,0.125,joint_forward_feedback,comb_contiguous_k4,comb_contiguous,comb,4,0.6,0.5,1.0,64,64,32,fixed_cache,pilot16,256,0.2887117221247212
s9318_r1_n750_a125,confirmatory,9318,1,0.75,0.125,joint_forward_feedback,comb_contiguous_k8,comb_contiguous,comb,8,1.1,1.0,1.0,64,64,64,fixed_cache,pilot16,256,0.2894719796853006
s9318_r1_n750_a125,confirmatory,9318,1,0.75,0.125,joint_forward_feedback,balanced_contiguous_k1,balanced_contiguous,balanced,1,0.1737418407321983,0.125,0.487418407321983,64,64,8,fresh_iid,pilot16,256,0.2941573586409004
s9318_r1_n750_a125,confirmatory,9318,1,0.75,0.125,joint_forward_feedback,balanced_contiguous_k2,balanced_contiguous,balanced,2,0.2987418407321983,0.25,0.487418407321983,64,64,16,fresh_iid,pilot16,256,0.2941463614689016
s9318_r1_n750_a125,confirmatory,9318,1,0.75,0.125,joint_forward_feedback,balanced_contiguous_k4,balanced_contiguous,balanced,4,0.5487418407321983,0.5,0.487418407321983,64,64,32,fresh_iid,pilot16,256,0.2943124352259626
s9318_r1_n750_a125,confirmatory,9318,1,0.75,0.125,joint_forward_feedback,balanced_contiguous_k8,balanced_contiguous,balanced,8,1.0487418407321982,1.0,0.487418407321983,64,64,64,fresh_iid,pilot16,256,0.29439872251546134
s9318_r1_n750_a125,confirmatory,9318,1,0.75,0.125,joint_forward_feedback,balanced_interleaved_k1,balanced_interleaved,balanced,1,0.19088469787505546,0.125,0.6588469787505544,64,64,8,fresh_iid,pilot16,256,0.2945962540739049
s9318_r1_n750_a125,confirmatory,9318,1,0.75,0.125,joint_forward_feedback,balanced_interleaved_k2,balanced_interleaved,balanced,2,0.31588469787505546,0.25,0.6588469787505544,64,64,16,fresh_iid,pilot16,256,0.29460780648051227
s9318_r1_n750_a125,confirmatory,9318,1,0.75,0.125,joint_forward_feedback,balanced_interleaved_k4,balanced_interleaved,balanced,4,0.5658846978750555,0.5,0.6588469787505544,64,64,32,fresh_iid,pilot16,256,0.2946241740055291
s9318_r1_n750_a125,confirmatory,9318,1,0.75,0.125,joint_forward_feedback,balanced_interleaved_k8,balanced_interleaved,balanced,8,1.0658846978750554,1.0,0.6588469787505544,64,64,64,fresh_iid,pilot16,256,0.29581683084959864
s9318_r1_n750_a125,confirmatory,9318,1,0.75,0.125,joint_forward_feedback,balanced_permutation_a_k1,balanced_permutation_a,balanced,1,0.18899250811836066,0.125,0.6399250811836067,64,64,8,fresh_iid,pilot16,256,0.29437116879333247
s9318_r1_n750_a125,confirmatory,9318,1,0.75,0.125,joint_forward_feedback,balanced_permutation_a_k2,balanced_permutation_a,balanced,2,0.31399250811836066,0.25,0.6399250811836067,64,64,16,fresh_iid,pilot16,256,0.29439551694118715
s9318_r1_n750_a125,confirmatory,9318,1,0.75,0.125,joint_forward_feedback,balanced_permutation_a_k4,balanced_permutation_a,balanced,4,0.5639925081183607,0.5,0.6399250811836067,64,64,32,fresh_iid,pilot16,256,0.29458820894405857
s9318_r1_n750_a125,confirmatory,9318,1,0.75,0.125,joint_forward_feedback,balanced_permutation_a_k8,balanced_permutation_a,balanced,8,1.0639925081183608,1.0,0.6399250811836067,64,64,64,fresh_iid,pilot16,256,0.2954451356857316
s9318_r1_n750_a125,confirmatory,9318,1,0.75,0.125,joint_forward_feedback,balanced_permutation_b_k1,balanced_permutation_b,balanced,1,0.18840039778945986,0.125,0.6340039778945984,64,64,8,fresh_iid,pilot16,256,0.2943311463687013
s9318_r1_n750_a125,confirmatory,9318,1,0.75,0.125,joint_forward_feedback,balanced_permutation_b_k2,balanced_permutation_b,balanced,2,0.31340039778945983,0.25,0.6340039778945984,64,64,16,fresh_iid,pilot16,256,0.29433660496439046
s9318_r1_n750_a125,confirmatory,9318,1,0.75,0.125,joint_forward_feedback,balanced_permutation_b_k4,balanced_permutation_b,balanced,4,0.5634003977894598,0.5,0.6340039778945984,64,64,32,fresh_iid,pilot16,256,0.2946507943733919
s9318_r1_n750_a125,confirmatory,9318,1,0.75,0.125,joint_forward_feedback,balanced_permutation_b_k8,balanced_permutation_b,balanced,8,1.06340039778946,1.0,0.6340039778945984,64,64,64,fresh_iid,pilot16,256,0.2951960476979355
s9318_r1_n750_a125,confirmatory,9318,1,0.75,0.125,joint_forward_feedback,comb_contiguous_k1,comb_contiguous,comb,1,0.225,0.125,1.0,64,64,8,fresh_iid,pilot16,256,0.2957773226433439
s9318_r1_n750_a125,confirmatory,9318,1,0.75,0.125,joint_forward_feedback,comb_contiguous_k2,comb_contiguous,comb,2,0.35,0.25,1.0,64,64,16,fresh_iid,pilot16,256,0.2958190271323543
s9318_r1_n750_a125,confirmatory,9318,1,0.75,0.125,joint_forward_feedback,comb_contiguous_k4,comb_contiguous,comb,4,0.6,0.5,1.0,64,64,32,fresh_iid,pilot16,256,0.2972190268029541
s9318_r1_n750_a125,confirmatory,9318,1,0.75,0.125,joint_forward_feedback,comb_contiguous_k8,comb_contiguous,comb,8,1.1,1.0,1.0,64,64,64,fresh_iid,pilot16,256,0.29855379029364304
s9318_r1_n750_a375,confirmatory,9318,1,0.75,0.375,feedback_only,balanced_contiguous_k1,balanced_contiguous,balanced,1,0.1737418407321983,0.125,0.487418407321983,64,64,8,fixed_cache,pilot16,256,0.3829748373123595
s9318_r1_n750_a375,confirmatory,9318,1,0.75,0.375,feedback_only,balanced_contiguous_k2,balanced_contiguous,balanced,2,0.2987418407321983,0.25,0.487418407321983,64,64,16,fixed_cache,pilot16,256,0.28737167064247493
s9318_r1_n750_a375,confirmatory,9318,1,0.75,0.375,feedback_only,balanced_contiguous_k4,balanced_contiguous,balanced,4,0.5487418407321983,0.5,0.487418407321983,64,64,32,fixed_cache,pilot16,256,0.29083177631513957
s9318_r1_n750_a375,confirmatory,9318,1,0.75,0.375,feedback_only,balanced_contiguous_k8,balanced_contiguous,balanced,8,1.0487418407321982,1.0,0.487418407321983,64,64,64,fixed_cache,pilot16,256,0.2934024515100899
s9318_r1_n750_a375,confirmatory,9318,1,0.75,0.375,feedback_only,balanced_interleaved_k1,balanced_interleaved,balanced,1,0.19088469787505546,0.125,0.6588469787505544,64,64,8,fixed_cache,pilot16,256,0.3829748373123595
s9318_r1_n750_a375,confirmatory,9318,1,0.75,0.375,feedback_only,balanced_interleaved_k2,balanced_interleaved,balanced,2,0.31588469787505546,0.25,0.6588469787505544,64,64,16,fixed_cache,pilot16,256,0.37391615209249074
s9318_r1_n750_a375,confirmatory,9318,1,0.75,0.375,feedback_only,balanced_interleaved_k4,balanced_interleaved,balanced,4,0.5658846978750555,0.5,0.6588469787505544,64,64,32,fixed_cache,pilot16,256,0.3621976642156123
s9318_r1_n750_a375,confirmatory,9318,1,0.75,0.375,feedback_only,balanced_interleaved_k8,balanced_interleaved,balanced,8,1.0658846978750554,1.0,0.6588469787505544,64,64,64,fixed_cache,pilot16,256,0.2934024515100899
s9318_r1_n750_a375,confirmatory,9318,1,0.75,0.375,feedback_only,balanced_permutation_a_k1,balanced_permutation_a,balanced,1,0.18899250811836066,0.125,0.6399250811836067,64,64,8,fixed_cache,pilot16,256,0.3829748373123595
s9318_r1_n750_a375,confirmatory,9318,1,0.75,0.375,feedback_only,balanced_permutation_a_k2,balanced_permutation_a,balanced,2,0.31399250811836066,0.25,0.6399250811836067,64,64,16,fixed_cache,pilot16,256,0.3759817992939346
s9318_r1_n750_a375,confirmatory,9318,1,0.75,0.375,feedback_only,balanced_permutation_a_k4,balanced_permutation_a,balanced,4,0.5639925081183607,0.5,0.6399250811836067,64,64,32,fixed_cache,pilot16,256,0.2883846800248481
s9318_r1_n750_a375,confirmatory,9318,1,0.75,0.375,feedback_only,balanced_permutation_a_k8,balanced_permutation_a,balanced,8,1.0639925081183608,1.0,0.6399250811836067,64,64,64,fixed_cache,pilot16,256,0.2934024515100899
s9318_r1_n750_a375,confirmatory,9318,1,0.75,0.375,feedback_only,balanced_permutation_b_k1,balanced_permutation_b,balanced,1,0.18840039778945986,0.125,0.6340039778945984,64,64,8,fixed_cache,pilot16,256,0.3829748373123595
s9318_r1_n750_a375,confirmatory,9318,1,0.75,0.375,feedback_only,balanced_permutation_b_k2,balanced_permutation_b,balanced,2,0.31340039778945983,0.25,0.6340039778945984,64,64,16,fixed_cache,pilot16,256,0.37424161459235444
s9318_r1_n750_a375,confirmatory,9318,1,0.75,0.375,feedback_only,balanced_permutation_b_k4,balanced_permutation_b,balanced,4,0.5634003977894598,0.5,0.6340039778945984,64,64,32,fixed_cache,pilot16,256,0.28724720955143196
s9318_r1_n750_a375,confirmatory,9318,1,0.75,0.375,feedback_only,balanced_permutation_b_k8,balanced_permutation_b,balanced,8,1.06340039778946,1.0,0.6340039778945984,64,64,64,fixed_cache,pilot16,256,0.2934024515100899
s9318_r1_n750_a375,confirmatory,9318,1,0.75,0.375,feedback_only,comb_contiguous_k1,comb_contiguous,comb,1,0.225,0.125,1.0,64,64,8,fixed_cache,pilot16,256,0.3829748373123595
s9318_r1_n750_a375,confirmatory,9318,1,0.75,0.375,feedback_only,comb_contiguous_k2,comb_contiguous,comb,2,0.35,0.25,1.0,64,64,16,fixed_cache,pilot16,256,0.3503438858378227
s9318_r1_n750_a375,confirmatory,9318,1,0.75,0.375,feedback_only,comb_contiguous_k4,comb_contiguous,comb,4,0.6,0.5,1.0,64,64,32,fixed_cache,pilot16,256,0.2877285200259093
s9318_r1_n750_a375,confirmatory,9318,1,0.75,0.375,feedback_only,comb_contiguous_k8,comb_contiguous,comb,8,1.1,1.0,1.0,64,64,64,fixed_cache,pilot16,256,0.2934024515100899
s9318_r1_n750_a375,confirmatory,9318,1,0.75,0.375,feedback_only,balanced_contiguous_k1,balanced_contiguous,balanced,1,0.1737418407321983,0.125,0.487418407321983,64,64,8,fresh_iid,pilot16,256,0.3633572540666369
s9318_r1_n750_a375,confirmatory,9318,1,0.75,0.375,feedback_only,balanced_contiguous_k2,balanced_contiguous,balanced,2,0.2987418407321983,0.25,0.487418407321983,64,64,16,fresh_iid,pilot16,256,0.29478245802795244
s9318_r1_n750_a375,confirmatory,9318,1,0.75,0.375,feedback_only,balanced_contiguous_k4,balanced_contiguous,balanced,4,0.5487418407321983,0.5,0.487418407321983,64,64,32,fresh_iid,pilot16,256,0.30139719282028743
s9318_r1_n750_a375,confirmatory,9318,1,0.75,0.375,feedback_only,balanced_contiguous_k8,balanced_contiguous,balanced,8,1.0487418407321982,1.0,0.487418407321983,64,64,64,fresh_iid,pilot16,256,0.3059645430593795
s9318_r1_n750_a375,confirmatory,9318,1,0.75,0.375,feedback_only,balanced_interleaved_k1,balanced_interleaved,balanced,1,0.19088469787505546,0.125,0.6588469787505544,64,64,8,fresh_iid,pilot16,256,0.3633572540666369
s9318_r1_n750_a375,confirmatory,9318,1,0.75,0.375,feedback_only,balanced_interleaved_k2,balanced_interleaved,balanced,2,0.31588469787505546,0.25,0.6588469787505544,64,64,16,fresh_iid,pilot16,256,0.3553590005952903
s9318_r1_n750_a375,confirmatory,9318,1,0.75,0.375,feedback_only,balanced_interleaved_k4,balanced_interleaved,balanced,4,0.5658846978750555,0.5,0.6588469787505544,64,64,32,fresh_iid,pilot16,256,0.34521458706032626
s9318_r1_n750_a375,confirmatory,9318,1,0.75,0.375,feedback_only,balanced_interleaved_k8,balanced_interleaved,balanced,8,1.0658846978750554,1.0,0.6588469787505544,64,64,64,fresh_iid,pilot16,256,0.3059645430593795
s9318_r1_n750_a375,confirmatory,9318,1,0.75,0.375,feedback_only,balanced_permutation_a_k1,balanced_permutation_a,balanced,1,0.18899250811836066,0.125,0.6399250811836067,64,64,8,fresh_iid,pilot16,256,0.3633572540666369
s9318_r1_n750_a375,confirmatory,9318,1,0.75,0.375,feedback_only,balanced_permutation_a_k2,balanced_permutation_a,balanced,2,0.31399250811836066,0.25,0.6399250811836067,64,64,16,fresh_iid,pilot16,256,0.3571714721205699
s9318_r1_n750_a375,confirmatory,9318,1,0.75,0.375,feedback_only,balanced_permutation_a_k4,balanced_permutation_a,balanced,4,0.5639925081183607,0.5,0.6399250811836067,64,64,32,fresh_iid,pilot16,256,0.292668326432362
s9318_r1_n750_a375,confirmatory,9318,1,0.75,0.375,feedback_only,balanced_permutation_a_k8,balanced_permutation_a,balanced,8,1.0639925081183608,1.0,0.6399250811836067,64,64,64,fresh_iid,pilot16,256,0.3059645430593795
s9318_r1_n750_a375,confirmatory,9318,1,0.75,0.375,feedback_only,balanced_permutation_b_k1,balanced_permutation_b,balanced,1,0.18840039778945986,0.125,0.6340039778945984,64,64,8,fresh_iid,pilot16,256,0.3633572540666369
s9318_r1_n750_a375,confirmatory,9318,1,0.75,0.375,feedback_only,balanced_permutation_b_k2,balanced_permutation_b,balanced,2,0.31340039778945983,0.25,0.6340039778945984,64,64,16,fresh_iid,pilot16,256,0.35564411254412853
s9318_r1_n750_a375,confirmatory,9318,1,0.75,0.375,feedback_only,balanced_permutation_b_k4,balanced_permutation_b,balanced,4,0.5634003977894598,0.5,0.6340039778945984,64,64,32,fresh_iid,pilot16,256,0.29437607625573886
s9318_r1_n750_a375,confirmatory,9318,1,0.75,0.375,feedback_only,balanced_permutation_b_k8,balanced_permutation_b,balanced,8,1.06340039778946,1.0,0.6340039778945984,64,64,64,fresh_iid,pilot16,256,0.3059645430593795
s9318_r1_n750_a375,confirmatory,9318,1,0.75,0.375,feedback_only,comb_contiguous_k1,comb_contiguous,comb,1,0.225,0.125,1.0,64,64,8,fresh_iid,pilot16,256,0.3633572540666369
s9318_r1_n750_a375,confirmatory,9318,1,0.75,0.375,feedback_only,comb_contiguous_k2,comb_contiguous,comb,2,0.35,0.25,1.0,64,64,16,fresh_iid,pilot16,256,0.33521955362685596
s9318_r1_n750_a375,confirmatory,9318,1,0.75,0.375,feedback_only,comb_contiguous_k4,comb_contiguous,comb,4,0.6,0.5,1.0,64,64,32,fresh_iid,pilot16,256,0.2956577948708767
s9318_r1_n750_a375,confirmatory,9318,1,0.75,0.375,feedback_only,comb_contiguous_k8,comb_contiguous,comb,8,1.1,1.0,1.0,64,64,64,fresh_iid,pilot16,256,0.3059645430593795
s9318_r1_n750_a375,confirmatory,9318,1,0.75,0.375,joint_forward_feedback,balanced_contiguous_k1,balanced_contiguous,balanced,1,0.1737418407321983,0.125,0.487418407321983,64,64,8,fixed_cache,pilot16,256,0.5081463117626053
s9318_r1_n750_a375,confirmatory,9318,1,0.75,0.375,joint_forward_feedback,balanced_contiguous_k2,balanced_contiguous,balanced,2,0.2987418407321983,0.25,0.487418407321983,64,64,16,fixed_cache,pilot16,256,0.3011675541094204
s9318_r1_n750_a375,confirmatory,9318,1,0.75,0.375,joint_forward_feedback,balanced_contiguous_k4,balanced_contiguous,balanced,4,0.5487418407321983,0.5,0.487418407321983,64,64,32,fixed_cache,pilot16,256,0.2881167562339865
s9318_r1_n750_a375,confirmatory,9318,1,0.75,0.375,joint_forward_feedback,balanced_contiguous_k8,balanced_contiguous,balanced,8,1.0487418407321982,1.0,0.487418407321983,64,64,64,fixed_cache,pilot16,256,0.2872674476550904
s9318_r1_n750_a375,confirmatory,9318,1,0.75,0.375,joint_forward_feedback,balanced_interleaved_k1,balanced_interleaved,balanced,1,0.19088469787505546,0.125,0.6588469787505544,64,64,8,fixed_cache,pilot16,256,0.47398703226901495
s9318_r1_n750_a375,confirmatory,9318,1,0.75,0.375,joint_forward_feedback,balanced_interleaved_k2,balanced_interleaved,balanced,2,0.31588469787505546,0.25,0.6588469787505544,64,64,16,fixed_cache,pilot16,256,0.463367945225301
s9318_r1_n750_a375,confirmatory,9318,1,0.75,0.375,joint_forward_feedback,balanced_interleaved_k4,balanced_interleaved,balanced,4,0.5658846978750555,0.5,0.6588469787505544,64,64,32,fixed_cache,pilot16,256,0.4494302403062651
s9318_r1_n750_a375,confirmatory,9318,1,0.75,0.375,joint_forward_feedback,balanced_interleaved_k8,balanced_interleaved,balanced,8,1.0658846978750554,1.0,0.6588469787505544,64,64,64,fixed_cache,pilot16,256,0.2871472854081752
s9318_r1_n750_a375,confirmatory,9318,1,0.75,0.375,joint_forward_feedback,balanced_permutation_a_k1,balanced_permutation_a,balanced,1,0.18899250811836066,0.125,0.6399250811836067,64,64,8,fixed_cache,pilot16,256,0.5018765609453344
s9318_r1_n750_a375,confirmatory,9318,1,0.75,0.375,joint_forward_feedback,balanced_permutation_a_k2,balanced_permutation_a,balanced,2,0.31399250811836066,0.25,0.6399250811836067,64,64,16,fixed_cache,pilot16,256,0.4833461210437859
s9318_r1_n750_a375,confirmatory,9318,1,0.75,0.375,joint_forward_feedback,balanced_permutation_a_k4,balanced_permutation_a,balanced,4,0.5639925081183607,0.5,0.6399250811836067,64,64,32,fixed_cache,pilot16,256,0.3227456230381883
s9318_r1_n750_a375,confirmatory,9318,1,0.75,0.375,joint_forward_feedback,balanced_permutation_a_k8,balanced_permutation_a,balanced,8,1.0639925081183608,1.0,0.6399250811836067,64,64,64,fixed_cache,pilot16,256,0.2872077505514885
s9318_r1_n750_a375,confirmatory,9318,1,0.75,0.375,joint_forward_feedback,balanced_permutation_b_k1,balanced_permutation_b,balanced,1,0.18840039778945986,0.125,0.6340039778945984,64,64,8,fixed_cache,pilot16,256,0.5084621633957382
s9318_r1_n750_a375,confirmatory,9318,1,0.75,0.375,joint_forward_feedback,balanced_permutation_b_k2,balanced_permutation_b,balanced,2,0.31340039778945983,0.25,0.6340039778945984,64,64,16,fixed_cache,pilot16,256,0.5028171216539551
s9318_r1_n750_a375,confirmatory,9318,1,0.75,0.375,joint_forward_feedback,balanced_permutation_b_k4,balanced_permutation_b,balanced,4,0.5634003977894598,0.5,0.6340039778945984,64,64,32,fixed_cache,pilot16,256,0.30163883281737536
s9318_r1_n750_a375,confirmatory,9318,1,0.75,0.375,joint_forward_feedback,balanced_permutation_b_k8,balanced_permutation_b,balanced,8,1.06340039778946,1.0,0.6340039778945984,64,64,64,fixed_cache,pilot16,256,0.28717889311666855
s9318_r1_n750_a375,confirmatory,9318,1,0.75,0.375,joint_forward_feedback,comb_contiguous_k1,comb_contiguous,comb,1,0.225,0.125,1.0,64,64,8,fixed_cache,pilot16,256,0.4099524847981202
s9318_r1_n750_a375,confirmatory,9318,1,0.75,0.375,joint_forward_feedback,comb_contiguous_k2,comb_contiguous,comb,2,0.35,0.25,1.0,64,64,16,fixed_cache,pilot16,256,0.3748574851564842
s9318_r1_n750_a375,confirmatory,9318,1,0.75,0.375,joint_forward_feedback,comb_contiguous_k4,comb_contiguous,comb,4,0.6,0.5,1.0,64,64,32,fixed_cache,pilot16,256,0.2875267663770531
s9318_r1_n750_a375,confirmatory,9318,1,0.75,0.375,joint_forward_feedback,comb_contiguous_k8,comb_contiguous,comb,8,1.1,1.0,1.0,64,64,64,fixed_cache,pilot16,256,0.2890803563060391
s9318_r1_n750_a375,confirmatory,9318,1,0.75,0.375,joint_forward_feedback,balanced_contiguous_k1,balanced_contiguous,balanced,1,0.1737418407321983,0.125,0.487418407321983,64,64,8,fresh_iid,pilot16,256,0.48321412240754846
s9318_r1_n750_a375,confirmatory,9318,1,0.75,0.375,joint_forward_feedback,balanced_contiguous_k2,balanced_contiguous,balanced,2,0.2987418407321983,0.25,0.487418407321983,64,64,16,fresh_iid,pilot16,256,0.2984591914506465
s9318_r1_n750_a375,confirmatory,9318,1,0.75,0.375,joint_forward_feedback,balanced_contiguous_k4,balanced_contiguous,balanced,4,0.5487418407321983,0.5,0.487418407321983,64,64,32,fresh_iid,pilot16,256,0.2926841710007442
s9318_r1_n750_a375,confirmatory,9318,1,0.75,0.375,joint_forward_feedback,balanced_contiguous_k8,balanced_contiguous,balanced,8,1.0487418407321982,1.0,0.487418407321983,64,64,64,fresh_iid,pilot16,256,0.29315977296028695
s9318_r1_n750_a375,confirmatory,9318,1,0.75,0.375,joint_forward_feedback,balanced_interleaved_k1,balanced_interleaved,balanced,1,0.19088469787505546,0.125,0.6588469787505544,64,64,8,fresh_iid,pilot16,256,0.44914988093656094
s9318_r1_n750_a375,confirmatory,9318,1,0.75,0.375,joint_forward_feedback,balanced_interleaved_k2,balanced_interleaved,balanced,2,0.31588469787505546,0.25,0.6588469787505544,64,64,16,fresh_iid,pilot16,256,0.43873463939028007
s9318_r1_n750_a375,confirmatory,9318,1,0.75,0.375,joint_forward_feedback,balanced_interleaved_k4,balanced_interleaved,balanced,4,0.5658846978750555,0.5,0.6588469787505544,64,64,32,fresh_iid,pilot16,256,0.42520376028782736
s9318_r1_n750_a375,confirmatory,9318,1,0.75,0.375,joint_forward_feedback,balanced_interleaved_k8,balanced_interleaved,balanced,8,1.0658846978750554,1.0,0.6588469787505544,64,64,64,fresh_iid,pilot16,256,0.293703132275826
s9318_r1_n750_a375,confirmatory,9318,1,0.75,0.375,joint_forward_feedback,balanced_permutation_a_k1,balanced_permutation_a,balanced,1,0.18899250811836066,0.125,0.6399250811836067,64,64,8,fresh_iid,pilot16,256,0.4769017532533768
s9318_r1_n750_a375,confirmatory,9318,1,0.75,0.375,joint_forward_feedback,balanced_permutation_a_k2,balanced_permutation_a,balanced,2,0.31399250811836066,0.25,0.6399250811836067,64,64,16,fresh_iid,pilot16,256,0.45840075766071
s9318_r1_n750_a375,confirmatory,9318,1,0.75,0.375,joint_forward_feedback,balanced_permutation_a_k4,balanced_permutation_a,balanced,4,0.5639925081183607,0.5,0.6399250811836067,64,64,32,fresh_iid,pilot16,256,0.31332477892204674
s9318_r1_n750_a375,confirmatory,9318,1,0.75,0.375,joint_forward_feedback,balanced_permutation_a_k8,balanced_permutation_a,balanced,8,1.0639925081183608,1.0,0.6399250811836067,64,64,64,fresh_iid,pilot16,256,0.29421025857313743
s9318_r1_n750_a375,confirmatory,9318,1,0.75,0.375,joint_forward_feedback,balanced_permutation_b_k1,balanced_permutation_b,balanced,1,0.18840039778945986,0.125,0.6340039778945984,64,64,8,fresh_iid,pilot16,256,0.4835327970637622
s9318_r1_n750_a375,confirmatory,9318,1,0.75,0.375,joint_forward_feedback,balanced_permutation_b_k2,balanced_permutation_b,balanced,2,0.31340039778945983,0.25,0.6340039778945984,64,64,16,fresh_iid,pilot16,256,0.47784706415794775
s9318_r1_n750_a375,confirmatory,9318,1,0.75,0.375,joint_forward_feedback,balanced_permutation_b_k4,balanced_permutation_b,balanced,4,0.5634003977894598,0.5,0.6340039778945984,64,64,32,fresh_iid,pilot16,256,0.2987457864313048
s9318_r1_n750_a375,confirmatory,9318,1,0.75,0.375,joint_forward_feedback,balanced_permutation_b_k8,balanced_permutation_b,balanced,8,1.06340039778946,1.0,0.6340039778945984,64,64,64,fresh_iid,pilot16,256,0.29339762058927293
s9318_r1_n750_a375,confirmatory,9318,1,0.75,0.375,joint_forward_feedback,comb_contiguous_k1,comb_contiguous,comb,1,0.225,0.125,1.0,64,64,8,fresh_iid,pilot16,256,0.3878600647539953
s9318_r1_n750_a375,confirmatory,9318,1,0.75,0.375,joint_forward_feedback,comb_contiguous_k2,comb_contiguous,comb,2,0.35,0.25,1.0,64,64,16,fresh_iid,pilot16,256,0.3561841012142197
s9318_r1_n750_a375,confirmatory,9318,1,0.75,0.375,joint_forward_feedback,comb_contiguous_k4,comb_contiguous,comb,4,0.6,0.5,1.0,64,64,32,fresh_iid,pilot16,256,0.2928780731453542
s9318_r1_n750_a375,confirmatory,9318,1,0.75,0.375,joint_forward_feedback,comb_contiguous_k8,comb_contiguous,comb,8,1.1,1.0,1.0,64,64,64,fresh_iid,pilot16,256,0.29825726953825016
s9318_r2_n000_a125,confirmatory,9318,2,0.0,0.125,feedback_only,balanced_contiguous_k1,balanced_contiguous,balanced,1,0.1737418407321983,0.125,0.487418407321983,64,64,8,fixed_cache,pilot16,256,0.25371016220487086
s9318_r2_n000_a125,confirmatory,9318,2,0.0,0.125,feedback_only,balanced_contiguous_k2,balanced_contiguous,balanced,2,0.2987418407321983,0.25,0.487418407321983,64,64,16,fixed_cache,pilot16,256,0.0032542771765173154
s9318_r2_n000_a125,confirmatory,9318,2,0.0,0.125,feedback_only,balanced_contiguous_k4,balanced_contiguous,balanced,4,0.5487418407321983,0.5,0.487418407321983,64,64,32,fixed_cache,pilot16,256,0.002398433721087385
s9318_r2_n000_a125,confirmatory,9318,2,0.0,0.125,feedback_only,balanced_contiguous_k8,balanced_contiguous,balanced,8,1.0487418407321982,1.0,0.487418407321983,64,64,64,fixed_cache,pilot16,256,0.0021364450758067626
s9318_r2_n000_a125,confirmatory,9318,2,0.0,0.125,feedback_only,balanced_interleaved_k1,balanced_interleaved,balanced,1,0.19088469787505546,0.125,0.6588469787505544,64,64,8,fixed_cache,pilot16,256,0.25371016220487086
s9318_r2_n000_a125,confirmatory,9318,2,0.0,0.125,feedback_only,balanced_interleaved_k2,balanced_interleaved,balanced,2,0.31588469787505546,0.25,0.6588469787505544,64,64,16,fixed_cache,pilot16,256,0.2360492422057799
s9318_r2_n000_a125,confirmatory,9318,2,0.0,0.125,feedback_only,balanced_interleaved_k4,balanced_interleaved,balanced,4,0.5658846978750555,0.5,0.6588469787505544,64,64,32,fixed_cache,pilot16,256,0.1787690030181761
s9318_r2_n000_a125,confirmatory,9318,2,0.0,0.125,feedback_only,balanced_interleaved_k8,balanced_interleaved,balanced,8,1.0658846978750554,1.0,0.6588469787505544,64,64,64,fixed_cache,pilot16,256,0.0021364450758067626
s9318_r2_n000_a125,confirmatory,9318,2,0.0,0.125,feedback_only,balanced_permutation_a_k1,balanced_permutation_a,balanced,1,0.18899250811836066,0.125,0.6399250811836067,64,64,8,fixed_cache,pilot16,256,0.25371016220487086
s9318_r2_n000_a125,confirmatory,9318,2,0.0,0.125,feedback_only,balanced_permutation_a_k2,balanced_permutation_a,balanced,2,0.31399250811836066,0.25,0.6399250811836067,64,64,16,fixed_cache,pilot16,256,0.24857252571598257
s9318_r2_n000_a125,confirmatory,9318,2,0.0,0.125,feedback_only,balanced_permutation_a_k4,balanced_permutation_a,balanced,4,0.5639925081183607,0.5,0.6399250811836067,64,64,32,fixed_cache,pilot16,256,0.23311605074821343
s9318_r2_n000_a125,confirmatory,9318,2,0.0,0.125,feedback_only,balanced_permutation_a_k8,balanced_permutation_a,balanced,8,1.0639925081183608,1.0,0.6399250811836067,64,64,64,fixed_cache,pilot16,256,0.0021364450758067626
s9318_r2_n000_a125,confirmatory,9318,2,0.0,0.125,feedback_only,balanced_permutation_b_k1,balanced_permutation_b,balanced,1,0.18840039778945986,0.125,0.6340039778945984,64,64,8,fixed_cache,pilot16,256,0.25371016220487086
s9318_r2_n000_a125,confirmatory,9318,2,0.0,0.125,feedback_only,balanced_permutation_b_k2,balanced_permutation_b,balanced,2,0.31340039778945983,0.25,0.6340039778945984,64,64,16,fixed_cache,pilot16,256,0.24304052039571394
s9318_r2_n000_a125,confirmatory,9318,2,0.0,0.125,feedback_only,balanced_permutation_b_k4,balanced_permutation_b,balanced,4,0.5634003977894598,0.5,0.6340039778945984,64,64,32,fixed_cache,pilot16,256,0.2129214401742607
s9318_r2_n000_a125,confirmatory,9318,2,0.0,0.125,feedback_only,balanced_permutation_b_k8,balanced_permutation_b,balanced,8,1.06340039778946,1.0,0.6340039778945984,64,64,64,fixed_cache,pilot16,256,0.0021364450758067626
s9318_r2_n000_a125,confirmatory,9318,2,0.0,0.125,feedback_only,comb_contiguous_k1,comb_contiguous,comb,1,0.225,0.125,1.0,64,64,8,fixed_cache,pilot16,256,0.25371016220487086
s9318_r2_n000_a125,confirmatory,9318,2,0.0,0.125,feedback_only,comb_contiguous_k2,comb_contiguous,comb,2,0.35,0.25,1.0,64,64,16,fixed_cache,pilot16,256,0.09240921695847398
s9318_r2_n000_a125,confirmatory,9318,2,0.0,0.125,feedback_only,comb_contiguous_k4,comb_contiguous,comb,4,0.6,0.5,1.0,64,64,32,fixed_cache,pilot16,256,0.009378852674493638
s9318_r2_n000_a125,confirmatory,9318,2,0.0,0.125,feedback_only,comb_contiguous_k8,comb_contiguous,comb,8,1.1,1.0,1.0,64,64,64,fixed_cache,pilot16,256,0.0021364450758067626
s9318_r2_n000_a125,confirmatory,9318,2,0.0,0.125,feedback_only,balanced_contiguous_k1,balanced_contiguous,balanced,1,0.1737418407321983,0.125,0.487418407321983,64,64,8,fresh_iid,pilot16,256,0.25318616495974633
s9318_r2_n000_a125,confirmatory,9318,2,0.0,0.125,feedback_only,balanced_contiguous_k2,balanced_contiguous,balanced,2,0.2987418407321983,0.25,0.487418407321983,64,64,16,fresh_iid,pilot16,256,0.0012465932016230113
s9318_r2_n000_a125,confirmatory,9318,2,0.0,0.125,feedback_only,balanced_contiguous_k4,balanced_contiguous,balanced,4,0.5487418407321983,0.5,0.487418407321983,64,64,32,fresh_iid,pilot16,256,0.0008780264084629628
s9318_r2_n000_a125,confirmatory,9318,2,0.0,0.125,feedback_only,balanced_contiguous_k8,balanced_contiguous,balanced,8,1.0487418407321982,1.0,0.487418407321983,64,64,64,fresh_iid,pilot16,256,0.0007651451458099049
s9318_r2_n000_a125,confirmatory,9318,2,0.0,0.125,feedback_only,balanced_interleaved_k1,balanced_interleaved,balanced,1,0.19088469787505546,0.125,0.6588469787505544,64,64,8,fresh_iid,pilot16,256,0.25318616495974633
s9318_r2_n000_a125,confirmatory,9318,2,0.0,0.125,feedback_only,balanced_interleaved_k2,balanced_interleaved,balanced,2,0.31588469787505546,0.25,0.6588469787505544,64,64,16,fresh_iid,pilot16,256,0.2314593639233889
s9318_r2_n000_a125,confirmatory,9318,2,0.0,0.125,feedback_only,balanced_interleaved_k4,balanced_interleaved,balanced,4,0.5658846978750555,0.5,0.6588469787505544,64,64,32,fresh_iid,pilot16,256,0.16299873449533175
s9318_r2_n000_a125,confirmatory,9318,2,0.0,0.125,feedback_only,balanced_interleaved_k8,balanced_interleaved,balanced,8,1.0658846978750554,1.0,0.6588469787505544,64,64,64,fresh_iid,pilot16,256,0.0007651451458099049
s9318_r2_n000_a125,confirmatory,9318,2,0.0,0.125,feedback_only,balanced_permutation_a_k1,balanced_permutation_a,balanced,1,0.18899250811836066,0.125,0.6399250811836067,64,64,8,fresh_iid,pilot16,256,0.25318616495974633
s9318_r2_n000_a125,confirmatory,9318,2,0.0,0.125,feedback_only,balanced_permutation_a_k2,balanced_permutation_a,balanced,2,0.31399250811836066,0.25,0.6399250811836067,64,64,16,fresh_iid,pilot16,256,0.24683362233443845
s9318_r2_n000_a125,confirmatory,9318,2,0.0,0.125,feedback_only,balanced_permutation_a_k4,balanced_permutation_a,balanced,4,0.5639925081183607,0.5,0.6399250811836067,64,64,32,fresh_iid,pilot16,256,0.2278547772944165
s9318_r2_n000_a125,confirmatory,9318,2,0.0,0.125,feedback_only,balanced_permutation_a_k8,balanced_permutation_a,balanced,8,1.0639925081183608,1.0,0.6399250811836067,64,64,64,fresh_iid,pilot16,256,0.0007651451458099049
s9318_r2_n000_a125,confirmatory,9318,2,0.0,0.125,feedback_only,balanced_permutation_b_k1,balanced_permutation_b,balanced,1,0.18840039778945986,0.125,0.6340039778945984,64,64,8,fresh_iid,pilot16,256,0.25318616495974633
s9318_r2_n000_a125,confirmatory,9318,2,0.0,0.125,feedback_only,balanced_permutation_b_k2,balanced_permutation_b,balanced,2,0.31340039778945983,0.25,0.6340039778945984,64,64,16,fresh_iid,pilot16,256,0.24002369944900587
s9318_r2_n000_a125,confirmatory,9318,2,0.0,0.125,feedback_only,balanced_permutation_b_k4,balanced_permutation_b,balanced,4,0.5634003977894598,0.5,0.6340039778945984,64,64,32,fresh_iid,pilot16,256,0.2036730827100781
s9318_r2_n000_a125,confirmatory,9318,2,0.0,0.125,feedback_only,balanced_permutation_b_k8,balanced_permutation_b,balanced,8,1.06340039778946,1.0,0.6340039778945984,64,64,64,fresh_iid,pilot16,256,0.0007651451458099049
s9318_r2_n000_a125,confirmatory,9318,2,0.0,0.125,feedback_only,comb_contiguous_k1,comb_contiguous,comb,1,0.225,0.125,1.0,64,64,8,fresh_iid,pilot16,256,0.25318616495974633
s9318_r2_n000_a125,confirmatory,9318,2,0.0,0.125,feedback_only,comb_contiguous_k2,comb_contiguous,comb,2,0.35,0.25,1.0,64,64,16,fresh_iid,pilot16,256,0.06832849277081814
s9318_r2_n000_a125,confirmatory,9318,2,0.0,0.125,feedback_only,comb_contiguous_k4,comb_contiguous,comb,4,0.6,0.5,1.0,64,64,32,fresh_iid,pilot16,256,0.0031700918404043072
s9318_r2_n000_a125,confirmatory,9318,2,0.0,0.125,feedback_only,comb_contiguous_k8,comb_contiguous,comb,8,1.1,1.0,1.0,64,64,64,fresh_iid,pilot16,256,0.0007651451458099049
s9318_r2_n000_a125,confirmatory,9318,2,0.0,0.125,joint_forward_feedback,balanced_contiguous_k1,balanced_contiguous,balanced,1,0.1737418407321983,0.125,0.487418407321983,64,64,8,fixed_cache,pilot16,256,0.26706394250345633
s9318_r2_n000_a125,confirmatory,9318,2,0.0,0.125,joint_forward_feedback,balanced_contiguous_k2,balanced_contiguous,balanced,2,0.2987418407321983,0.25,0.487418407321983,64,64,16,fixed_cache,pilot16,256,0.03655685328290146
s9318_r2_n000_a125,confirmatory,9318,2,0.0,0.125,joint_forward_feedback,balanced_contiguous_k4,balanced_contiguous,balanced,4,0.5487418407321983,0.5,0.487418407321983,64,64,32,fixed_cache,pilot16,256,0.031655078829810765
s9318_r2_n000_a125,confirmatory,9318,2,0.0,0.125,joint_forward_feedback,balanced_contiguous_k8,balanced_contiguous,balanced,8,1.0487418407321982,1.0,0.487418407321983,64,64,64,fixed_cache,pilot16,256,0.030610188408410392
s9318_r2_n000_a125,confirmatory,9318,2,0.0,0.125,joint_forward_feedback,balanced_interleaved_k1,balanced_interleaved,balanced,1,0.19088469787505546,0.125,0.6588469787505544,64,64,8,fixed_cache,pilot16,256,0.26064997178466764
s9318_r2_n000_a125,confirmatory,9318,2,0.0,0.125,joint_forward_feedback,balanced_interleaved_k2,balanced_interleaved,balanced,2,0.31588469787505546,0.25,0.6588469787505544,64,64,16,fixed_cache,pilot16,256,0.24963828337595645
s9318_r2_n000_a125,confirmatory,9318,2,0.0,0.125,joint_forward_feedback,balanced_interleaved_k4,balanced_interleaved,balanced,4,0.5658846978750555,0.5,0.6588469787505544,64,64,32,fixed_cache,pilot16,256,0.21194762565761194
s9318_r2_n000_a125,confirmatory,9318,2,0.0,0.125,joint_forward_feedback,balanced_interleaved_k8,balanced_interleaved,balanced,8,1.0658846978750554,1.0,0.6588469787505544,64,64,64,fixed_cache,pilot16,256,0.027398835835036106
s9318_r2_n000_a125,confirmatory,9318,2,0.0,0.125,joint_forward_feedback,balanced_permutation_a_k1,balanced_permutation_a,balanced,1,0.18899250811836066,0.125,0.6399250811836067,64,64,8,fixed_cache,pilot16,256,0.2616780428742238
s9318_r2_n000_a125,confirmatory,9318,2,0.0,0.125,joint_forward_feedback,balanced_permutation_a_k2,balanced_permutation_a,balanced,2,0.31399250811836066,0.25,0.6399250811836067,64,64,16,fixed_cache,pilot16,256,0.25850207008622306
s9318_r2_n000_a125,confirmatory,9318,2,0.0,0.125,joint_forward_feedback,balanced_permutation_a_k4,balanced_permutation_a,balanced,4,0.5639925081183607,0.5,0.6399250811836067,64,64,32,fixed_cache,pilot16,256,0.24837180861829206
s9318_r2_n000_a125,confirmatory,9318,2,0.0,0.125,joint_forward_feedback,balanced_permutation_a_k8,balanced_permutation_a,balanced,8,1.0639925081183608,1.0,0.6399250811836067,64,64,64,fixed_cache,pilot16,256,0.025493644406747742
s9318_r2_n000_a125,confirmatory,9318,2,0.0,0.125,joint_forward_feedback,balanced_permutation_b_k1,balanced_permutation_b,balanced,1,0.18840039778945986,0.125,0.6340039778945984,64,64,8,fixed_cache,pilot16,256,0.261965908855265
s9318_r2_n000_a125,confirmatory,9318,2,0.0,0.125,joint_forward_feedback,balanced_permutation_b_k2,balanced_permutation_b,balanced,2,0.31340039778945983,0.25,0.6340039778945984,64,64,16,fixed_cache,pilot16,256,0.25636696944932313
s9318_r2_n000_a125,confirmatory,9318,2,0.0,0.125,joint_forward_feedback,balanced_permutation_b_k4,balanced_permutation_b,balanced,4,0.5634003977894598,0.5,0.6340039778945984,64,64,32,fixed_cache,pilot16,256,0.23775452526809526
s9318_r2_n000_a125,confirmatory,9318,2,0.0,0.125,joint_forward_feedback,balanced_permutation_b_k8,balanced_permutation_b,balanced,8,1.06340039778946,1.0,0.6340039778945984,64,64,64,fixed_cache,pilot16,256,0.027155871583269785
s9318_r2_n000_a125,confirmatory,9318,2,0.0,0.125,joint_forward_feedback,comb_contiguous_k1,comb_contiguous,comb,1,0.225,0.125,1.0,64,64,8,fixed_cache,pilot16,256,0.25843840913348237
s9318_r2_n000_a125,confirmatory,9318,2,0.0,0.125,joint_forward_feedback,comb_contiguous_k2,comb_contiguous,comb,2,0.35,0.25,1.0,64,64,16,fixed_cache,pilot16,256,0.11839640807172122
s9318_r2_n000_a125,confirmatory,9318,2,0.0,0.125,joint_forward_feedback,comb_contiguous_k4,comb_contiguous,comb,4,0.6,0.5,1.0,64,64,32,fixed_cache,pilot16,256,0.029414021489329964
s9318_r2_n000_a125,confirmatory,9318,2,0.0,0.125,joint_forward_feedback,comb_contiguous_k8,comb_contiguous,comb,8,1.1,1.0,1.0,64,64,64,fixed_cache,pilot16,256,0.015425884341624193
s9318_r2_n000_a125,confirmatory,9318,2,0.0,0.125,joint_forward_feedback,balanced_contiguous_k1,balanced_contiguous,balanced,1,0.1737418407321983,0.125,0.487418407321983,64,64,8,fresh_iid,pilot16,256,0.26514944949897307
s9318_r2_n000_a125,confirmatory,9318,2,0.0,0.125,joint_forward_feedback,balanced_contiguous_k2,balanced_contiguous,balanced,2,0.2987418407321983,0.25,0.487418407321983,64,64,16,fresh_iid,pilot16,256,0.02252913014344281
s9318_r2_n000_a125,confirmatory,9318,2,0.0,0.125,joint_forward_feedback,balanced_contiguous_k4,balanced_contiguous,balanced,4,0.5487418407321983,0.5,0.487418407321983,64,64,32,fresh_iid,pilot16,256,0.018950118041754067
s9318_r2_n000_a125,confirmatory,9318,2,0.0,0.125,joint_forward_feedback,balanced_contiguous_k8,balanced_contiguous,balanced,8,1.0487418407321982,1.0,0.487418407321983,64,64,64,fresh_iid,pilot16,256,0.01818730667710622
s9318_r2_n000_a125,confirmatory,9318,2,0.0,0.125,joint_forward_feedback,balanced_interleaved_k1,balanced_interleaved,balanced,1,0.19088469787505546,0.125,0.6588469787505544,64,64,8,fresh_iid,pilot16,256,0.25955589053414185
s9318_r2_n000_a125,confirmatory,9318,2,0.0,0.125,joint_forward_feedback,balanced_interleaved_k2,balanced_interleaved,balanced,2,0.31588469787505546,0.25,0.6588469787505544,64,64,16,fresh_iid,pilot16,256,0.24600814255186837
s9318_r2_n000_a125,confirmatory,9318,2,0.0,0.125,joint_forward_feedback,balanced_interleaved_k4,balanced_interleaved,balanced,4,0.5658846978750555,0.5,0.6588469787505544,64,64,32,fresh_iid,pilot16,256,0.20072010411237742
s9318_r2_n000_a125,confirmatory,9318,2,0.0,0.125,joint_forward_feedback,balanced_interleaved_k8,balanced_interleaved,balanced,8,1.0658846978750554,1.0,0.6588469787505544,64,64,64,fresh_iid,pilot16,256,0.015056722636366877
s9318_r2_n000_a125,confirmatory,9318,2,0.0,0.125,joint_forward_feedback,balanced_permutation_a_k1,balanced_permutation_a,balanced,1,0.18899250811836066,0.125,0.6399250811836067,64,64,8,fresh_iid,pilot16,256,0.2605030353319864
s9318_r2_n000_a125,confirmatory,9318,2,0.0,0.125,joint_forward_feedback,balanced_permutation_a_k2,balanced_permutation_a,balanced,2,0.31399250811836066,0.25,0.6399250811836067,64,64,16,fresh_iid,pilot16,256,0.25672362407208726
s9318_r2_n000_a125,confirmatory,9318,2,0.0,0.125,joint_forward_feedback,balanced_permutation_a_k4,balanced_permutation_a,balanced,4,0.5639925081183607,0.5,0.6399250811836067,64,64,32,fresh_iid,pilot16,256,0.24461171833519535
s9318_r2_n000_a125,confirmatory,9318,2,0.0,0.125,joint_forward_feedback,balanced_permutation_a_k8,balanced_permutation_a,balanced,8,1.0639925081183608,1.0,0.6399250811836067,64,64,64,fresh_iid,pilot16,256,0.013981989632619887
s9318_r2_n000_a125,confirmatory,9318,2,0.0,0.125,joint_forward_feedback,balanced_permutation_b_k1,balanced_permutation_b,balanced,1,0.18840039778945986,0.125,0.6340039778945984,64,64,8,fresh_iid,pilot16,256,0.26074005391843463
s9318_r2_n000_a125,confirmatory,9318,2,0.0,0.125,joint_forward_feedback,balanced_permutation_b_k2,balanced_permutation_b,balanced,2,0.31340039778945983,0.25,0.6340039778945984,64,64,16,fresh_iid,pilot16,256,0.2538314990142266
s9318_r2_n000_a125,confirmatory,9318,2,0.0,0.125,joint_forward_feedback,balanced_permutation_b_k4,balanced_permutation_b,balanced,4,0.5634003977894598,0.5,0.6340039778945984,64,64,32,fresh_iid,pilot16,256,0.23140980652500448
s9318_r2_n000_a125,confirmatory,9318,2,0.0,0.125,joint_forward_feedback,balanced_permutation_b_k8,balanced_permutation_b,balanced,8,1.06340039778946,1.0,0.6340039778945984,64,64,64,fresh_iid,pilot16,256,0.01501339971256076
s9318_r2_n000_a125,confirmatory,9318,2,0.0,0.125,joint_forward_feedback,comb_contiguous_k1,comb_contiguous,comb,1,0.225,0.125,1.0,64,64,8,fresh_iid,pilot16,256,0.25697484241054497
s9318_r2_n000_a125,confirmatory,9318,2,0.0,0.125,joint_forward_feedback,comb_contiguous_k2,comb_contiguous,comb,2,0.35,0.25,1.0,64,64,16,fresh_iid,pilot16,256,0.09613480920392259
s9318_r2_n000_a125,confirmatory,9318,2,0.0,0.125,joint_forward_feedback,comb_contiguous_k4,comb_contiguous,comb,4,0.6,0.5,1.0,64,64,32,fresh_iid,pilot16,256,0.016723134865554195
s9318_r2_n000_a125,confirmatory,9318,2,0.0,0.125,joint_forward_feedback,comb_contiguous_k8,comb_contiguous,comb,8,1.1,1.0,1.0,64,64,64,fresh_iid,pilot16,256,0.008647080155091687
s9318_r2_n000_a375,confirmatory,9318,2,0.0,0.375,feedback_only,balanced_contiguous_k1,balanced_contiguous,balanced,1,0.1737418407321983,0.125,0.487418407321983,64,64,8,fixed_cache,pilot16,256,0.2904180327491921
s9318_r2_n000_a375,confirmatory,9318,2,0.0,0.375,feedback_only,balanced_contiguous_k2,balanced_contiguous,balanced,2,0.2987418407321983,0.25,0.487418407321983,64,64,16,fixed_cache,pilot16,256,0.03176162227416551
s9318_r2_n000_a375,confirmatory,9318,2,0.0,0.375,feedback_only,balanced_contiguous_k4,balanced_contiguous,balanced,4,0.5487418407321983,0.5,0.487418407321983,64,64,32,fixed_cache,pilot16,256,0.005721920867486235
s9318_r2_n000_a375,confirmatory,9318,2,0.0,0.375,feedback_only,balanced_contiguous_k8,balanced_contiguous,balanced,8,1.0487418407321982,1.0,0.487418407321983,64,64,64,fixed_cache,pilot16,256,0.0027182653936840234
s9318_r2_n000_a375,confirmatory,9318,2,0.0,0.375,feedback_only,balanced_interleaved_k1,balanced_interleaved,balanced,1,0.19088469787505546,0.125,0.6588469787505544,64,64,8,fixed_cache,pilot16,256,0.2904180327491921
s9318_r2_n000_a375,confirmatory,9318,2,0.0,0.375,feedback_only,balanced_interleaved_k2,balanced_interleaved,balanced,2,0.31588469787505546,0.25,0.6588469787505544,64,64,16,fixed_cache,pilot16,256,0.23338224656247486
s9318_r2_n000_a375,confirmatory,9318,2,0.0,0.375,feedback_only,balanced_interleaved_k4,balanced_interleaved,balanced,4,0.5658846978750555,0.5,0.6588469787505544,64,64,32,fixed_cache,pilot16,256,0.1905293643519595
s9318_r2_n000_a375,confirmatory,9318,2,0.0,0.375,feedback_only,balanced_interleaved_k8,balanced_interleaved,balanced,8,1.0658846978750554,1.0,0.6588469787505544,64,64,64,fixed_cache,pilot16,256,0.0027182653936840234
s9318_r2_n000_a375,confirmatory,9318,2,0.0,0.375,feedback_only,balanced_permutation_a_k1,balanced_permutation_a,balanced,1,0.18899250811836066,0.125,0.6399250811836067,64,64,8,fixed_cache,pilot16,256,0.2904180327491921
s9318_r2_n000_a375,confirmatory,9318,2,0.0,0.375,feedback_only,balanced_permutation_a_k2,balanced_permutation_a,balanced,2,0.31399250811836066,0.25,0.6399250811836067,64,64,16,fixed_cache,pilot16,256,0.2864472056095205
s9318_r2_n000_a375,confirmatory,9318,2,0.0,0.375,feedback_only,balanced_permutation_a_k4,balanced_permutation_a,balanced,4,0.5639925081183607,0.5,0.6399250811836067,64,64,32,fixed_cache,pilot16,256,0.13458964573827004
s9318_r2_n000_a375,confirmatory,9318,2,0.0,0.375,feedback_only,balanced_permutation_a_k8,balanced_permutation_a,balanced,8,1.0639925081183608,1.0,0.6399250811836067,64,64,64,fixed_cache,pilot16,256,0.0027182653936840234
s9318_r2_n000_a375,confirmatory,9318,2,0.0,0.375,feedback_only,balanced_permutation_b_k1,balanced_permutation_b,balanced,1,0.18840039778945986,0.125,0.6340039778945984,64,64,8,fixed_cache,pilot16,256,0.2904180327491921
s9318_r2_n000_a375,confirmatory,9318,2,0.0,0.375,feedback_only,balanced_permutation_b_k2,balanced_permutation_b,balanced,2,0.31340039778945983,0.25,0.6340039778945984,64,64,16,fixed_cache,pilot16,256,0.24929091946318743
s9318_r2_n000_a375,confirmatory,9318,2,0.0,0.375,feedback_only,balanced_permutation_b_k4,balanced_permutation_b,balanced,4,0.5634003977894598,0.5,0.6340039778945984,64,64,32,fixed_cache,pilot16,256,0.05268220819271341
s9318_r2_n000_a375,confirmatory,9318,2,0.0,0.375,feedback_only,balanced_permutation_b_k8,balanced_permutation_b,balanced,8,1.06340039778946,1.0,0.6340039778945984,64,64,64,fixed_cache,pilot16,256,0.0027182653936840234
s9318_r2_n000_a375,confirmatory,9318,2,0.0,0.375,feedback_only,comb_contiguous_k1,comb_contiguous,comb,1,0.225,0.125,1.0,64,64,8,fixed_cache,pilot16,256,0.2904180327491921
s9318_r2_n000_a375,confirmatory,9318,2,0.0,0.375,feedback_only,comb_contiguous_k2,comb_contiguous,comb,2,0.35,0.25,1.0,64,64,16,fixed_cache,pilot16,256,0.266289453052428
s9318_r2_n000_a375,confirmatory,9318,2,0.0,0.375,feedback_only,comb_contiguous_k4,comb_contiguous,comb,4,0.6,0.5,1.0,64,64,32,fixed_cache,pilot16,256,0.03300247853371535
s9318_r2_n000_a375,confirmatory,9318,2,0.0,0.375,feedback_only,comb_contiguous_k8,comb_contiguous,comb,8,1.1,1.0,1.0,64,64,64,fixed_cache,pilot16,256,0.0027182653936840234
s9318_r2_n000_a375,confirmatory,9318,2,0.0,0.375,feedback_only,balanced_contiguous_k1,balanced_contiguous,balanced,1,0.1737418407321983,0.125,0.487418407321983,64,64,8,fresh_iid,pilot16,256,0.2846359311819112
s9318_r2_n000_a375,confirmatory,9318,2,0.0,0.375,feedback_only,balanced_contiguous_k2,balanced_contiguous,balanced,2,0.2987418407321983,0.25,0.487418407321983,64,64,16,fresh_iid,pilot16,256,0.023904077578821528
s9318_r2_n000_a375,confirmatory,9318,2,0.0,0.375,feedback_only,balanced_contiguous_k4,balanced_contiguous,balanced,4,0.5487418407321983,0.5,0.487418407321983,64,64,32,fresh_iid,pilot16,256,0.004268966700687533
s9318_r2_n000_a375,confirmatory,9318,2,0.0,0.375,feedback_only,balanced_contiguous_k8,balanced_contiguous,balanced,8,1.0487418407321982,1.0,0.487418407321983,64,64,64,fresh_iid,pilot16,256,0.0019117632138867344
s9318_r2_n000_a375,confirmatory,9318,2,0.0,0.375,feedback_only,balanced_interleaved_k1,balanced_interleaved,balanced,1,0.19088469787505546,0.125,0.6588469787505544,64,64,8,fresh_iid,pilot16,256,0.2846359311819112
s9318_r2_n000_a375,confirmatory,9318,2,0.0,0.375,feedback_only,balanced_interleaved_k2,balanced_interleaved,balanced,2,0.31588469787505546,0.25,0.6588469787505544,64,64,16,fresh_iid,pilot16,256,0.2225874579884261
s9318_r2_n000_a375,confirmatory,9318,2,0.0,0.375,feedback_only,balanced_interleaved_k4,balanced_interleaved,balanced,4,0.5658846978750555,0.5,0.6588469787505544,64,64,32,fresh_iid,pilot16,256,0.18366289637010885
s9318_r2_n000_a375,confirmatory,9318,2,0.0,0.375,feedback_only,balanced_interleaved_k8,balanced_interleaved,balanced,8,1.0658846978750554,1.0,0.6588469787505544,64,64,64,fresh_iid,pilot16,256,0.0019117632138867344
s9318_r2_n000_a375,confirmatory,9318,2,0.0,0.375,feedback_only,balanced_permutation_a_k1,balanced_permutation_a,balanced,1,0.18899250811836066,0.125,0.6399250811836067,64,64,8,fresh_iid,pilot16,256,0.2846359311819112
s9318_r2_n000_a375,confirmatory,9318,2,0.0,0.375,feedback_only,balanced_permutation_a_k2,balanced_permutation_a,balanced,2,0.31399250811836066,0.25,0.6399250811836067,64,64,16,fresh_iid,pilot16,256,0.2813630113785724
s9318_r2_n000_a375,confirmatory,9318,2,0.0,0.375,feedback_only,balanced_permutation_a_k4,balanced_permutation_a,balanced,4,0.5639925081183607,0.5,0.6399250811836067,64,64,32,fresh_iid,pilot16,256,0.11547116858250724
s9318_r2_n000_a375,confirmatory,9318,2,0.0,0.375,feedback_only,balanced_permutation_a_k8,balanced_permutation_a,balanced,8,1.0639925081183608,1.0,0.6399250811836067,64,64,64,fresh_iid,pilot16,256,0.0019117632138867344
s9318_r2_n000_a375,confirmatory,9318,2,0.0,0.375,feedback_only,balanced_permutation_b_k1,balanced_permutation_b,balanced,1,0.18840039778945986,0.125,0.6340039778945984,64,64,8,fresh_iid,pilot16,256,0.2846359311819112
s9318_r2_n000_a375,confirmatory,9318,2,0.0,0.375,feedback_only,balanced_permutation_b_k2,balanced_permutation_b,balanced,2,0.31340039778945983,0.25,0.6340039778945984,64,64,16,fresh_iid,pilot16,256,0.23924373740612068
s9318_r2_n000_a375,confirmatory,9318,2,0.0,0.375,feedback_only,balanced_permutation_b_k4,balanced_permutation_b,balanced,4,0.5634003977894598,0.5,0.6340039778945984,64,64,32,fresh_iid,pilot16,256,0.03906632224999222
s9318_r2_n000_a375,confirmatory,9318,2,0.0,0.375,feedback_only,balanced_permutation_b_k8,balanced_permutation_b,balanced,8,1.06340039778946,1.0,0.6340039778945984,64,64,64,fresh_iid,pilot16,256,0.0019117632138867344
s9318_r2_n000_a375,confirmatory,9318,2,0.0,0.375,feedback_only,comb_contiguous_k1,comb_contiguous,comb,1,0.225,0.125,1.0,64,64,8,fresh_iid,pilot16,256,0.2846359311819112
s9318_r2_n000_a375,confirmatory,9318,2,0.0,0.375,feedback_only,comb_contiguous_k2,comb_contiguous,comb,2,0.35,0.25,1.0,64,64,16,fresh_iid,pilot16,256,0.26430305717166597
s9318_r2_n000_a375,confirmatory,9318,2,0.0,0.375,feedback_only,comb_contiguous_k4,comb_contiguous,comb,4,0.6,0.5,1.0,64,64,32,fresh_iid,pilot16,256,0.023935344529521327
s9318_r2_n000_a375,confirmatory,9318,2,0.0,0.375,feedback_only,comb_contiguous_k8,comb_contiguous,comb,8,1.1,1.0,1.0,64,64,64,fresh_iid,pilot16,256,0.0019117632138867344
s9318_r2_n000_a375,confirmatory,9318,2,0.0,0.375,joint_forward_feedback,balanced_contiguous_k1,balanced_contiguous,balanced,1,0.1737418407321983,0.125,0.487418407321983,64,64,8,fixed_cache,pilot16,256,0.33496811892479567
s9318_r2_n000_a375,confirmatory,9318,2,0.0,0.375,joint_forward_feedback,balanced_contiguous_k2,balanced_contiguous,balanced,2,0.2987418407321983,0.25,0.487418407321983,64,64,16,fixed_cache,pilot16,256,0.12536972493579246
s9318_r2_n000_a375,confirmatory,9318,2,0.0,0.375,joint_forward_feedback,balanced_contiguous_k4,balanced_contiguous,balanced,4,0.5487418407321983,0.5,0.487418407321983,64,64,32,fixed_cache,pilot16,256,0.05698794419921549
s9318_r2_n000_a375,confirmatory,9318,2,0.0,0.375,joint_forward_feedback,balanced_contiguous_k8,balanced_contiguous,balanced,8,1.0487418407321982,1.0,0.487418407321983,64,64,64,fixed_cache,pilot16,256,0.04702342628078883
s9318_r2_n000_a375,confirmatory,9318,2,0.0,0.375,joint_forward_feedback,balanced_interleaved_k1,balanced_interleaved,balanced,1,0.19088469787505546,0.125,0.6588469787505544,64,64,8,fixed_cache,pilot16,256,0.32056999364891925
s9318_r2_n000_a375,confirmatory,9318,2,0.0,0.375,joint_forward_feedback,balanced_interleaved_k2,balanced_interleaved,balanced,2,0.31588469787505546,0.25,0.6588469787505544,64,64,16,fixed_cache,pilot16,256,0.2803223382185152
s9318_r2_n000_a375,confirmatory,9318,2,0.0,0.375,joint_forward_feedback,balanced_interleaved_k4,balanced_interleaved,balanced,4,0.5658846978750555,0.5,0.6588469787505544,64,64,32,fixed_cache,pilot16,256,0.23001656974573154
s9318_r2_n000_a375,confirmatory,9318,2,0.0,0.375,joint_forward_feedback,balanced_interleaved_k8,balanced_interleaved,balanced,8,1.0658846978750554,1.0,0.6588469787505544,64,64,64,fixed_cache,pilot16,256,0.03495162088763442
s9318_r2_n000_a375,confirmatory,9318,2,0.0,0.375,joint_forward_feedback,balanced_permutation_a_k1,balanced_permutation_a,balanced,1,0.18899250811836066,0.125,0.6399250811836067,64,64,8,fixed_cache,pilot16,256,0.32246878991655614
s9318_r2_n000_a375,confirmatory,9318,2,0.0,0.375,joint_forward_feedback,balanced_permutation_a_k2,balanced_permutation_a,balanced,2,0.31399250811836066,0.25,0.6399250811836067,64,64,16,fixed_cache,pilot16,256,0.3153958702997143
s9318_r2_n000_a375,confirmatory,9318,2,0.0,0.375,joint_forward_feedback,balanced_permutation_a_k4,balanced_permutation_a,balanced,4,0.5639925081183607,0.5,0.6399250811836067,64,64,32,fixed_cache,pilot16,256,0.20265645184379003
s9318_r2_n000_a375,confirmatory,9318,2,0.0,0.375,joint_forward_feedback,balanced_permutation_a_k8,balanced_permutation_a,balanced,8,1.0639925081183608,1.0,0.6399250811836067,64,64,64,fixed_cache,pilot16,256,0.03172633942551489
s9318_r2_n000_a375,confirmatory,9318,2,0.0,0.375,joint_forward_feedback,balanced_permutation_b_k1,balanced_permutation_b,balanced,1,0.18840039778945986,0.125,0.6340039778945984,64,64,8,fixed_cache,pilot16,256,0.32420031555190754
s9318_r2_n000_a375,confirmatory,9318,2,0.0,0.375,joint_forward_feedback,balanced_permutation_b_k2,balanced_permutation_b,balanced,2,0.31340039778945983,0.25,0.6340039778945984,64,64,16,fixed_cache,pilot16,256,0.3045076588726258
s9318_r2_n000_a375,confirmatory,9318,2,0.0,0.375,joint_forward_feedback,balanced_permutation_b_k4,balanced_permutation_b,balanced,4,0.5634003977894598,0.5,0.6340039778945984,64,64,32,fixed_cache,pilot16,256,0.13238158473057016
s9318_r2_n000_a375,confirmatory,9318,2,0.0,0.375,joint_forward_feedback,balanced_permutation_b_k8,balanced_permutation_b,balanced,8,1.06340039778946,1.0,0.6340039778945984,64,64,64,fixed_cache,pilot16,256,0.03493536305640173
s9318_r2_n000_a375,confirmatory,9318,2,0.0,0.375,joint_forward_feedback,comb_contiguous_k1,comb_contiguous,comb,1,0.225,0.125,1.0,64,64,8,fixed_cache,pilot16,256,0.32042966028694375
s9318_r2_n000_a375,confirmatory,9318,2,0.0,0.375,joint_forward_feedback,comb_contiguous_k2,comb_contiguous,comb,2,0.35,0.25,1.0,64,64,16,fixed_cache,pilot16,256,0.2803438766197907
s9318_r2_n000_a375,confirmatory,9318,2,0.0,0.375,joint_forward_feedback,comb_contiguous_k4,comb_contiguous,comb,4,0.6,0.5,1.0,64,64,32,fixed_cache,pilot16,256,0.08318404952464671
s9318_r2_n000_a375,confirmatory,9318,2,0.0,0.375,joint_forward_feedback,comb_contiguous_k8,comb_contiguous,comb,8,1.1,1.0,1.0,64,64,64,fixed_cache,pilot16,256,0.02541022877868805
s9318_r2_n000_a375,confirmatory,9318,2,0.0,0.375,joint_forward_feedback,balanced_contiguous_k1,balanced_contiguous,balanced,1,0.1737418407321983,0.125,0.487418407321983,64,64,8,fresh_iid,pilot16,256,0.3225686037147592
s9318_r2_n000_a375,confirmatory,9318,2,0.0,0.375,joint_forward_feedback,balanced_contiguous_k2,balanced_contiguous,balanced,2,0.2987418407321983,0.25,0.487418407321983,64,64,16,fresh_iid,pilot16,256,0.10617529190237271
s9318_r2_n000_a375,confirmatory,9318,2,0.0,0.375,joint_forward_feedback,balanced_contiguous_k4,balanced_contiguous,balanced,4,0.5487418407321983,0.5,0.487418407321983,64,64,32,fresh_iid,pilot16,256,0.04525656214822818
s9318_r2_n000_a375,confirmatory,9318,2,0.0,0.375,joint_forward_feedback,balanced_contiguous_k8,balanced_contiguous,balanced,8,1.0487418407321982,1.0,0.487418407321983,64,64,64,fresh_iid,pilot16,256,0.036583243158926304
s9318_r2_n000_a375,confirmatory,9318,2,0.0,0.375,joint_forward_feedback,balanced_interleaved_k1,balanced_interleaved,balanced,1,0.19088469787505546,0.125,0.6588469787505544,64,64,8,fresh_iid,pilot16,256,0.30950776689470516
s9318_r2_n000_a375,confirmatory,9318,2,0.0,0.375,joint_forward_feedback,balanced_interleaved_k2,balanced_interleaved,balanced,2,0.31588469787505546,0.25,0.6588469787505544,64,64,16,fresh_iid,pilot16,256,0.2657306484690969
s9318_r2_n000_a375,confirmatory,9318,2,0.0,0.375,joint_forward_feedback,balanced_interleaved_k4,balanced_interleaved,balanced,4,0.5658846978750555,0.5,0.6588469787505544,64,64,32,fresh_iid,pilot16,256,0.2198178661626355
s9318_r2_n000_a375,confirmatory,9318,2,0.0,0.375,joint_forward_feedback,balanced_interleaved_k8,balanced_interleaved,balanced,8,1.0658846978750554,1.0,0.6588469787505544,64,64,64,fresh_iid,pilot16,256,0.02687620453240735
s9318_r2_n000_a375,confirmatory,9318,2,0.0,0.375,joint_forward_feedback,balanced_permutation_a_k1,balanced_permutation_a,balanced,1,0.18899250811836066,0.125,0.6399250811836067,64,64,8,fresh_iid,pilot16,256,0.3108142365119068
s9318_r2_n000_a375,confirmatory,9318,2,0.0,0.375,joint_forward_feedback,balanced_permutation_a_k2,balanced_permutation_a,balanced,2,0.31399250811836066,0.25,0.6399250811836067,64,64,16,fresh_iid,pilot16,256,0.30459809174952407
s9318_r2_n000_a375,confirmatory,9318,2,0.0,0.375,joint_forward_feedback,balanced_permutation_a_k4,balanced_permutation_a,balanced,4,0.5639925081183607,0.5,0.6399250811836067,64,64,32,fresh_iid,pilot16,256,0.18401527355062705
s9318_r2_n000_a375,confirmatory,9318,2,0.0,0.375,joint_forward_feedback,balanced_permutation_a_k8,balanced_permutation_a,balanced,8,1.0639925081183608,1.0,0.6399250811836067,64,64,64,fresh_iid,pilot16,256,0.024318136888858588
s9318_r2_n000_a375,confirmatory,9318,2,0.0,0.375,joint_forward_feedback,balanced_permutation_b_k1,balanced_permutation_b,balanced,1,0.18840039778945986,0.125,0.6340039778945984,64,64,8,fresh_iid,pilot16,256,0.3123226286005144
s9318_r2_n000_a375,confirmatory,9318,2,0.0,0.375,joint_forward_feedback,balanced_permutation_b_k2,balanced_permutation_b,balanced,2,0.31340039778945983,0.25,0.6340039778945984,64,64,16,fresh_iid,pilot16,256,0.29085487679315913
s9318_r2_n000_a375,confirmatory,9318,2,0.0,0.375,joint_forward_feedback,balanced_permutation_b_k4,balanced_permutation_b,balanced,4,0.5634003977894598,0.5,0.6340039778945984,64,64,32,fresh_iid,pilot16,256,0.11203521518196295
s9318_r2_n000_a375,confirmatory,9318,2,0.0,0.375,joint_forward_feedback,balanced_permutation_b_k8,balanced_permutation_b,balanced,8,1.06340039778946,1.0,0.6340039778945984,64,64,64,fresh_iid,pilot16,256,0.027623740882584822
s9318_r2_n000_a375,confirmatory,9318,2,0.0,0.375,joint_forward_feedback,comb_contiguous_k1,comb_contiguous,comb,1,0.225,0.125,1.0,64,64,8,fresh_iid,pilot16,256,0.3105139277017608
s9318_r2_n000_a375,confirmatory,9318,2,0.0,0.375,joint_forward_feedback,comb_contiguous_k2,comb_contiguous,comb,2,0.35,0.25,1.0,64,64,16,fresh_iid,pilot16,256,0.2729685378063673
s9318_r2_n000_a375,confirmatory,9318,2,0.0,0.375,joint_forward_feedback,comb_contiguous_k4,comb_contiguous,comb,4,0.6,0.5,1.0,64,64,32,fresh_iid,pilot16,256,0.06557472502224967
s9318_r2_n000_a375,confirmatory,9318,2,0.0,0.375,joint_forward_feedback,comb_contiguous_k8,comb_contiguous,comb,8,1.1,1.0,1.0,64,64,64,fresh_iid,pilot16,256,0.01721812880077731
s9318_r2_n750_a125,confirmatory,9318,2,0.75,0.125,feedback_only,balanced_contiguous_k1,balanced_contiguous,balanced,1,0.1737418407321983,0.125,0.487418407321983,64,64,8,fixed_cache,pilot16,256,0.521583684338197
s9318_r2_n750_a125,confirmatory,9318,2,0.75,0.125,feedback_only,balanced_contiguous_k2,balanced_contiguous,balanced,2,0.2987418407321983,0.25,0.487418407321983,64,64,16,fixed_cache,pilot16,256,0.29535135123618983
s9318_r2_n750_a125,confirmatory,9318,2,0.75,0.125,feedback_only,balanced_contiguous_k4,balanced_contiguous,balanced,4,0.5487418407321983,0.5,0.487418407321983,64,64,32,fixed_cache,pilot16,256,0.2965559283422191
s9318_r2_n750_a125,confirmatory,9318,2,0.75,0.125,feedback_only,balanced_contiguous_k8,balanced_contiguous,balanced,8,1.0487418407321982,1.0,0.487418407321983,64,64,64,fixed_cache,pilot16,256,0.2969521985150323
s9318_r2_n750_a125,confirmatory,9318,2,0.75,0.125,feedback_only,balanced_interleaved_k1,balanced_interleaved,balanced,1,0.19088469787505546,0.125,0.6588469787505544,64,64,8,fixed_cache,pilot16,256,0.521583684338197
s9318_r2_n750_a125,confirmatory,9318,2,0.75,0.125,feedback_only,balanced_interleaved_k2,balanced_interleaved,balanced,2,0.31588469787505546,0.25,0.6588469787505544,64,64,16,fixed_cache,pilot16,256,0.5028448325338843
s9318_r2_n750_a125,confirmatory,9318,2,0.75,0.125,feedback_only,balanced_interleaved_k4,balanced_interleaved,balanced,4,0.5658846978750555,0.5,0.6588469787505544,64,64,32,fixed_cache,pilot16,256,0.4433930286949713
s9318_r2_n750_a125,confirmatory,9318,2,0.75,0.125,feedback_only,balanced_interleaved_k8,balanced_interleaved,balanced,8,1.0658846978750554,1.0,0.6588469787505544,64,64,64,fixed_cache,pilot16,256,0.2969521985150323
s9318_r2_n750_a125,confirmatory,9318,2,0.75,0.125,feedback_only,balanced_permutation_a_k1,balanced_permutation_a,balanced,1,0.18899250811836066,0.125,0.6399250811836067,64,64,8,fixed_cache,pilot16,256,0.521583684338197
s9318_r2_n750_a125,confirmatory,9318,2,0.75,0.125,feedback_only,balanced_permutation_a_k2,balanced_permutation_a,balanced,2,0.31399250811836066,0.25,0.6399250811836067,64,64,16,fixed_cache,pilot16,256,0.516174496557268
s9318_r2_n750_a125,confirmatory,9318,2,0.75,0.125,feedback_only,balanced_permutation_a_k4,balanced_permutation_a,balanced,4,0.5639925081183607,0.5,0.6399250811836067,64,64,32,fixed_cache,pilot16,256,0.5002904560964012
s9318_r2_n750_a125,confirmatory,9318,2,0.75,0.125,feedback_only,balanced_permutation_a_k8,balanced_permutation_a,balanced,8,1.0639925081183608,1.0,0.6399250811836067,64,64,64,fixed_cache,pilot16,256,0.2969521985150323
s9318_r2_n750_a125,confirmatory,9318,2,0.75,0.125,feedback_only,balanced_permutation_b_k1,balanced_permutation_b,balanced,1,0.18840039778945986,0.125,0.6340039778945984,64,64,8,fixed_cache,pilot16,256,0.521583684338197
s9318_r2_n750_a125,confirmatory,9318,2,0.75,0.125,feedback_only,balanced_permutation_b_k2,balanced_permutation_b,balanced,2,0.31340039778945983,0.25,0.6340039778945984,64,64,16,fixed_cache,pilot16,256,0.5102458509619789
s9318_r2_n750_a125,confirmatory,9318,2,0.75,0.125,feedback_only,balanced_permutation_b_k4,balanced_permutation_b,balanced,4,0.5634003977894598,0.5,0.6340039778945984,64,64,32,fixed_cache,pilot16,256,0.4789623804906642
s9318_r2_n750_a125,confirmatory,9318,2,0.75,0.125,feedback_only,balanced_permutation_b_k8,balanced_permutation_b,balanced,8,1.06340039778946,1.0,0.6340039778945984,64,64,64,fixed_cache,pilot16,256,0.2969521985150323
s9318_r2_n750_a125,confirmatory,9318,2,0.75,0.125,feedback_only,comb_contiguous_k1,comb_contiguous,comb,1,0.225,0.125,1.0,64,64,8,fixed_cache,pilot16,256,0.521583684338197
s9318_r2_n750_a125,confirmatory,9318,2,0.75,0.125,feedback_only,comb_contiguous_k2,comb_contiguous,comb,2,0.35,0.25,1.0,64,64,16,fixed_cache,pilot16,256,0.3596563613259405
s9318_r2_n750_a125,confirmatory,9318,2,0.75,0.125,feedback_only,comb_contiguous_k4,comb_contiguous,comb,4,0.6,0.5,1.0,64,64,32,fixed_cache,pilot16,256,0.29427278832176734
s9318_r2_n750_a125,confirmatory,9318,2,0.75,0.125,feedback_only,comb_contiguous_k8,comb_contiguous,comb,8,1.1,1.0,1.0,64,64,64,fixed_cache,pilot16,256,0.2969521985150323
s9318_r2_n750_a125,confirmatory,9318,2,0.75,0.125,feedback_only,balanced_contiguous_k1,balanced_contiguous,balanced,1,0.1737418407321983,0.125,0.487418407321983,64,64,8,fresh_iid,pilot16,256,0.5133917941418287
s9318_r2_n750_a125,confirmatory,9318,2,0.75,0.125,feedback_only,balanced_contiguous_k2,balanced_contiguous,balanced,2,0.2987418407321983,0.25,0.487418407321983,64,64,16,fresh_iid,pilot16,256,0.2913372527190009
s9318_r2_n750_a125,confirmatory,9318,2,0.75,0.125,feedback_only,balanced_contiguous_k4,balanced_contiguous,balanced,4,0.5487418407321983,0.5,0.487418407321983,64,64,32,fresh_iid,pilot16,256,0.2928384505185289
s9318_r2_n750_a125,confirmatory,9318,2,0.75,0.125,feedback_only,balanced_contiguous_k8,balanced_contiguous,balanced,8,1.0487418407321982,1.0,0.487418407321983,64,64,64,fresh_iid,pilot16,256,0.2932654250802379
s9318_r2_n750_a125,confirmatory,9318,2,0.75,0.125,feedback_only,balanced_interleaved_k1,balanced_interleaved,balanced,1,0.19088469787505546,0.125,0.6588469787505544,64,64,8,fresh_iid,pilot16,256,0.5133917941418287
s9318_r2_n750_a125,confirmatory,9318,2,0.75,0.125,feedback_only,balanced_interleaved_k2,balanced_interleaved,balanced,2,0.31588469787505546,0.25,0.6588469787505544,64,64,16,fresh_iid,pilot16,256,0.49144444246317703
s9318_r2_n750_a125,confirmatory,9318,2,0.75,0.125,feedback_only,balanced_interleaved_k4,balanced_interleaved,balanced,4,0.5658846978750555,0.5,0.6588469787505544,64,64,32,fresh_iid,pilot16,256,0.42373906493342783
s9318_r2_n750_a125,confirmatory,9318,2,0.75,0.125,feedback_only,balanced_interleaved_k8,balanced_interleaved,balanced,8,1.0658846978750554,1.0,0.6588469787505544,64,64,64,fresh_iid,pilot16,256,0.2932654250802379
s9318_r2_n750_a125,confirmatory,9318,2,0.75,0.125,feedback_only,balanced_permutation_a_k1,balanced_permutation_a,balanced,1,0.18899250811836066,0.125,0.6399250811836067,64,64,8,fresh_iid,pilot16,256,0.5133917941418287
s9318_r2_n750_a125,confirmatory,9318,2,0.75,0.125,feedback_only,balanced_permutation_a_k2,balanced_permutation_a,balanced,2,0.31399250811836066,0.25,0.6399250811836067,64,64,16,fresh_iid,pilot16,256,0.5070572080172164
s9318_r2_n750_a125,confirmatory,9318,2,0.75,0.125,feedback_only,balanced_permutation_a_k4,balanced_permutation_a,balanced,4,0.5639925081183607,0.5,0.6399250811836067,64,64,32,fresh_iid,pilot16,256,0.48852148063308887
s9318_r2_n750_a125,confirmatory,9318,2,0.75,0.125,feedback_only,balanced_permutation_a_k8,balanced_permutation_a,balanced,8,1.0639925081183608,1.0,0.6399250811836067,64,64,64,fresh_iid,pilot16,256,0.2932654250802379
s9318_r2_n750_a125,confirmatory,9318,2,0.75,0.125,feedback_only,balanced_permutation_b_k1,balanced_permutation_b,balanced,1,0.18840039778945986,0.125,0.6340039778945984,64,64,8,fresh_iid,pilot16,256,0.5133917941418287
s9318_r2_n750_a125,confirmatory,9318,2,0.75,0.125,feedback_only,balanced_permutation_b_k2,balanced_permutation_b,balanced,2,0.31340039778945983,0.25,0.6340039778945984,64,64,16,fresh_iid,pilot16,256,0.5000705473076956
s9318_r2_n750_a125,confirmatory,9318,2,0.75,0.125,feedback_only,balanced_permutation_b_k4,balanced_permutation_b,balanced,4,0.5634003977894598,0.5,0.6340039778945984,64,64,32,fresh_iid,pilot16,256,0.46409247745989013
s9318_r2_n750_a125,confirmatory,9318,2,0.75,0.125,feedback_only,balanced_permutation_b_k8,balanced_permutation_b,balanced,8,1.06340039778946,1.0,0.6340039778945984,64,64,64,fresh_iid,pilot16,256,0.2932654250802379
s9318_r2_n750_a125,confirmatory,9318,2,0.75,0.125,feedback_only,comb_contiguous_k1,comb_contiguous,comb,1,0.225,0.125,1.0,64,64,8,fresh_iid,pilot16,256,0.5133917941418287
s9318_r2_n750_a125,confirmatory,9318,2,0.75,0.125,feedback_only,comb_contiguous_k2,comb_contiguous,comb,2,0.35,0.25,1.0,64,64,16,fresh_iid,pilot16,256,0.3354534307309971
s9318_r2_n750_a125,confirmatory,9318,2,0.75,0.125,feedback_only,comb_contiguous_k4,comb_contiguous,comb,4,0.6,0.5,1.0,64,64,32,fresh_iid,pilot16,256,0.2882987703574713
s9318_r2_n750_a125,confirmatory,9318,2,0.75,0.125,feedback_only,comb_contiguous_k8,comb_contiguous,comb,8,1.1,1.0,1.0,64,64,64,fresh_iid,pilot16,256,0.2932654250802379
s9318_r2_n750_a125,confirmatory,9318,2,0.75,0.125,joint_forward_feedback,balanced_contiguous_k1,balanced_contiguous,balanced,1,0.1737418407321983,0.125,0.487418407321983,64,64,8,fixed_cache,pilot16,256,0.5315430460450172
s9318_r2_n750_a125,confirmatory,9318,2,0.75,0.125,joint_forward_feedback,balanced_contiguous_k2,balanced_contiguous,balanced,2,0.2987418407321983,0.25,0.487418407321983,64,64,16,fixed_cache,pilot16,256,0.30980654077820613
s9318_r2_n750_a125,confirmatory,9318,2,0.75,0.125,joint_forward_feedback,balanced_contiguous_k4,balanced_contiguous,balanced,4,0.5487418407321983,0.5,0.487418407321983,64,64,32,fixed_cache,pilot16,256,0.3062000629287765
s9318_r2_n750_a125,confirmatory,9318,2,0.75,0.125,joint_forward_feedback,balanced_contiguous_k8,balanced_contiguous,balanced,8,1.0487418407321982,1.0,0.487418407321983,64,64,64,fixed_cache,pilot16,256,0.30537003067936774
s9318_r2_n750_a125,confirmatory,9318,2,0.75,0.125,joint_forward_feedback,balanced_interleaved_k1,balanced_interleaved,balanced,1,0.19088469787505546,0.125,0.6588469787505544,64,64,8,fixed_cache,pilot16,256,0.5253510878914405
s9318_r2_n750_a125,confirmatory,9318,2,0.75,0.125,joint_forward_feedback,balanced_interleaved_k2,balanced_interleaved,balanced,2,0.31588469787505546,0.25,0.6588469787505544,64,64,16,fixed_cache,pilot16,256,0.5136606915849045
s9318_r2_n750_a125,confirmatory,9318,2,0.75,0.125,joint_forward_feedback,balanced_interleaved_k4,balanced_interleaved,balanced,4,0.5658846978750555,0.5,0.6588469787505544,64,64,32,fixed_cache,pilot16,256,0.474029947122962
s9318_r2_n750_a125,confirmatory,9318,2,0.75,0.125,joint_forward_feedback,balanced_interleaved_k8,balanced_interleaved,balanced,8,1.0658846978750554,1.0,0.6588469787505544,64,64,64,fixed_cache,pilot16,256,0.30138659910381016
s9318_r2_n750_a125,confirmatory,9318,2,0.75,0.125,joint_forward_feedback,balanced_permutation_a_k1,balanced_permutation_a,balanced,1,0.18899250811836066,0.125,0.6399250811836067,64,64,8,fixed_cache,pilot16,256,0.5262773109514329
s9318_r2_n750_a125,confirmatory,9318,2,0.75,0.125,joint_forward_feedback,balanced_permutation_a_k2,balanced_permutation_a,balanced,2,0.31399250811836066,0.25,0.6399250811836067,64,64,16,fixed_cache,pilot16,256,0.5229145091560351
s9318_r2_n750_a125,confirmatory,9318,2,0.75,0.125,joint_forward_feedback,balanced_permutation_a_k4,balanced_permutation_a,balanced,4,0.5639925081183607,0.5,0.6399250811836067,64,64,32,fixed_cache,pilot16,256,0.512303495310904
s9318_r2_n750_a125,confirmatory,9318,2,0.75,0.125,joint_forward_feedback,balanced_permutation_a_k8,balanced_permutation_a,balanced,8,1.0639925081183608,1.0,0.6399250811836067,64,64,64,fixed_cache,pilot16,256,0.3007142293590538
s9318_r2_n750_a125,confirmatory,9318,2,0.75,0.125,joint_forward_feedback,balanced_permutation_b_k1,balanced_permutation_b,balanced,1,0.18840039778945986,0.125,0.6340039778945984,64,64,8,fixed_cache,pilot16,256,0.5265526747706182
s9318_r2_n750_a125,confirmatory,9318,2,0.75,0.125,joint_forward_feedback,balanced_permutation_b_k2,balanced_permutation_b,balanced,2,0.31340039778945983,0.25,0.6340039778945984,64,64,16,fixed_cache,pilot16,256,0.520605108130168
s9318_r2_n750_a125,confirmatory,9318,2,0.75,0.125,joint_forward_feedback,balanced_permutation_b_k4,balanced_permutation_b,balanced,4,0.5634003977894598,0.5,0.6340039778945984,64,64,32,fixed_cache,pilot16,256,0.5011340851302578
s9318_r2_n750_a125,confirmatory,9318,2,0.75,0.125,joint_forward_feedback,balanced_permutation_b_k8,balanced_permutation_b,balanced,8,1.06340039778946,1.0,0.6340039778945984,64,64,64,fixed_cache,pilot16,256,0.30183095485127376
s9318_r2_n750_a125,confirmatory,9318,2,0.75,0.125,joint_forward_feedback,comb_contiguous_k1,comb_contiguous,comb,1,0.225,0.125,1.0,64,64,8,fixed_cache,pilot16,256,0.5239895572991005
s9318_r2_n750_a125,confirmatory,9318,2,0.75,0.125,joint_forward_feedback,comb_contiguous_k2,comb_contiguous,comb,2,0.35,0.25,1.0,64,64,16,fixed_cache,pilot16,256,0.3796329585223599
s9318_r2_n750_a125,confirmatory,9318,2,0.75,0.125,joint_forward_feedback,comb_contiguous_k4,comb_contiguous,comb,4,0.6,0.5,1.0,64,64,32,fixed_cache,pilot16,256,0.30223991520500976
s9318_r2_n750_a125,confirmatory,9318,2,0.75,0.125,joint_forward_feedback,comb_contiguous_k8,comb_contiguous,comb,8,1.1,1.0,1.0,64,64,64,fixed_cache,pilot16,256,0.29640059983986566
s9318_r2_n750_a125,confirmatory,9318,2,0.75,0.125,joint_forward_feedback,balanced_contiguous_k1,balanced_contiguous,balanced,1,0.1737418407321983,0.125,0.487418407321983,64,64,8,fresh_iid,pilot16,256,0.5222455085348958
s9318_r2_n750_a125,confirmatory,9318,2,0.75,0.125,joint_forward_feedback,balanced_contiguous_k2,balanced_contiguous,balanced,2,0.2987418407321983,0.25,0.487418407321983,64,64,16,fresh_iid,pilot16,256,0.2975904143063365
s9318_r2_n750_a125,confirmatory,9318,2,0.75,0.125,joint_forward_feedback,balanced_contiguous_k4,balanced_contiguous,balanced,4,0.5487418407321983,0.5,0.487418407321983,64,64,32,fresh_iid,pilot16,256,0.29503390849505706
s9318_r2_n750_a125,confirmatory,9318,2,0.75,0.125,joint_forward_feedback,balanced_contiguous_k8,balanced_contiguous,balanced,8,1.0487418407321982,1.0,0.487418407321983,64,64,64,fresh_iid,pilot16,256,0.2944446368113744
s9318_r2_n750_a125,confirmatory,9318,2,0.75,0.125,joint_forward_feedback,balanced_interleaved_k1,balanced_interleaved,balanced,1,0.19088469787505546,0.125,0.6588469787505544,64,64,8,fresh_iid,pilot16,256,0.5166505801237951
s9318_r2_n750_a125,confirmatory,9318,2,0.75,0.125,joint_forward_feedback,balanced_interleaved_k2,balanced_interleaved,balanced,2,0.31588469787505546,0.25,0.6588469787505544,64,64,16,fresh_iid,pilot16,256,0.5029830723940506
s9318_r2_n750_a125,confirmatory,9318,2,0.75,0.125,joint_forward_feedback,balanced_interleaved_k4,balanced_interleaved,balanced,4,0.5658846978750555,0.5,0.6588469787505544,64,64,32,fresh_iid,pilot16,256,0.457741248582055
s9318_r2_n750_a125,confirmatory,9318,2,0.75,0.125,joint_forward_feedback,balanced_interleaved_k8,balanced_interleaved,balanced,8,1.0658846978750554,1.0,0.6588469787505544,64,64,64,fresh_iid,pilot16,256,0.2904947029054073
s9318_r2_n750_a125,confirmatory,9318,2,0.75,0.125,joint_forward_feedback,balanced_permutation_a_k1,balanced_permutation_a,balanced,1,0.18899250811836066,0.125,0.6399250811836067,64,64,8,fresh_iid,pilot16,256,0.5175807574031142
s9318_r2_n750_a125,confirmatory,9318,2,0.75,0.125,joint_forward_feedback,balanced_permutation_a_k2,balanced_permutation_a,balanced,2,0.31399250811836066,0.25,0.6399250811836067,64,64,16,fresh_iid,pilot16,256,0.5137973213287194
s9318_r2_n750_a125,confirmatory,9318,2,0.75,0.125,joint_forward_feedback,balanced_permutation_a_k4,balanced_permutation_a,balanced,4,0.5639925081183607,0.5,0.6399250811836067,64,64,32,fresh_iid,pilot16,256,0.5016364009620017
s9318_r2_n750_a125,confirmatory,9318,2,0.75,0.125,joint_forward_feedback,balanced_permutation_a_k8,balanced_permutation_a,balanced,8,1.0639925081183608,1.0,0.6399250811836067,64,64,64,fresh_iid,pilot16,256,0.29046189952347756
s9318_r2_n750_a125,confirmatory,9318,2,0.75,0.125,joint_forward_feedback,balanced_permutation_b_k1,balanced_permutation_b,balanced,1,0.18840039778945986,0.125,0.6340039778945984,64,64,8,fresh_iid,pilot16,256,0.5178037741338464
s9318_r2_n750_a125,confirmatory,9318,2,0.75,0.125,joint_forward_feedback,balanced_permutation_b_k2,balanced_permutation_b,balanced,2,0.31340039778945983,0.25,0.6340039778945984,64,64,16,fresh_iid,pilot16,256,0.5108251769245129
s9318_r2_n750_a125,confirmatory,9318,2,0.75,0.125,joint_forward_feedback,balanced_permutation_b_k4,balanced_permutation_b,balanced,4,0.5634003977894598,0.5,0.6340039778945984,64,64,32,fresh_iid,pilot16,256,0.48829281361730253
s9318_r2_n750_a125,confirmatory,9318,2,0.75,0.125,joint_forward_feedback,balanced_permutation_b_k8,balanced_permutation_b,balanced,8,1.06340039778946,1.0,0.6340039778945984,64,64,64,fresh_iid,pilot16,256,0.290996232492875
s9318_r2_n750_a125,confirmatory,9318,2,0.75,0.125,joint_forward_feedback,comb_contiguous_k1,comb_contiguous,comb,1,0.225,0.125,1.0,64,64,8,fresh_iid,pilot16,256,0.514254866336235
s9318_r2_n750_a125,confirmatory,9318,2,0.75,0.125,joint_forward_feedback,comb_contiguous_k2,comb_contiguous,comb,2,0.35,0.25,1.0,64,64,16,fresh_iid,pilot16,256,0.35668206802031555
s9318_r2_n750_a125,confirmatory,9318,2,0.75,0.125,joint_forward_feedback,comb_contiguous_k4,comb_contiguous,comb,4,0.6,0.5,1.0,64,64,32,fresh_iid,pilot16,256,0.2912713144646401
s9318_r2_n750_a125,confirmatory,9318,2,0.75,0.125,joint_forward_feedback,comb_contiguous_k8,comb_contiguous,comb,8,1.1,1.0,1.0,64,64,64,fresh_iid,pilot16,256,0.2895105788999517
s9318_r2_n750_a375,confirmatory,9318,2,0.75,0.375,feedback_only,balanced_contiguous_k1,balanced_contiguous,balanced,1,0.1737418407321983,0.125,0.487418407321983,64,64,8,fixed_cache,pilot16,256,0.5562332832102356
s9318_r2_n750_a375,confirmatory,9318,2,0.75,0.375,feedback_only,balanced_contiguous_k2,balanced_contiguous,balanced,2,0.2987418407321983,0.25,0.487418407321983,64,64,16,fixed_cache,pilot16,256,0.30162659541643155
s9318_r2_n750_a375,confirmatory,9318,2,0.75,0.375,feedback_only,balanced_contiguous_k4,balanced_contiguous,balanced,4,0.5487418407321983,0.5,0.487418407321983,64,64,32,fixed_cache,pilot16,256,0.29228013660942254
s9318_r2_n750_a375,confirmatory,9318,2,0.75,0.375,feedback_only,balanced_contiguous_k8,balanced_contiguous,balanced,8,1.0487418407321982,1.0,0.487418407321983,64,64,64,fixed_cache,pilot16,256,0.29431918095121856
s9318_r2_n750_a375,confirmatory,9318,2,0.75,0.375,feedback_only,balanced_interleaved_k1,balanced_interleaved,balanced,1,0.19088469787505546,0.125,0.6588469787505544,64,64,8,fixed_cache,pilot16,256,0.5562332832102356
s9318_r2_n750_a375,confirmatory,9318,2,0.75,0.375,feedback_only,balanced_interleaved_k2,balanced_interleaved,balanced,2,0.31588469787505546,0.25,0.6588469787505544,64,64,16,fixed_cache,pilot16,256,0.5000240442947619
s9318_r2_n750_a375,confirmatory,9318,2,0.75,0.375,feedback_only,balanced_interleaved_k4,balanced_interleaved,balanced,4,0.5658846978750555,0.5,0.6588469787505544,64,64,32,fixed_cache,pilot16,256,0.4722040881499022
s9318_r2_n750_a375,confirmatory,9318,2,0.75,0.375,feedback_only,balanced_interleaved_k8,balanced_interleaved,balanced,8,1.0658846978750554,1.0,0.6588469787505544,64,64,64,fixed_cache,pilot16,256,0.29431918095121856
s9318_r2_n750_a375,confirmatory,9318,2,0.75,0.375,feedback_only,balanced_permutation_a_k1,balanced_permutation_a,balanced,1,0.18899250811836066,0.125,0.6399250811836067,64,64,8,fixed_cache,pilot16,256,0.5562332832102356
s9318_r2_n750_a375,confirmatory,9318,2,0.75,0.375,feedback_only,balanced_permutation_a_k2,balanced_permutation_a,balanced,2,0.31399250811836066,0.25,0.6399250811836067,64,64,16,fixed_cache,pilot16,256,0.5536065672982429
s9318_r2_n750_a375,confirmatory,9318,2,0.75,0.375,feedback_only,balanced_permutation_a_k4,balanced_permutation_a,balanced,4,0.5639925081183607,0.5,0.6399250811836067,64,64,32,fixed_cache,pilot16,256,0.397004137067287
s9318_r2_n750_a375,confirmatory,9318,2,0.75,0.375,feedback_only,balanced_permutation_a_k8,balanced_permutation_a,balanced,8,1.0639925081183608,1.0,0.6399250811836067,64,64,64,fixed_cache,pilot16,256,0.29431918095121856
s9318_r2_n750_a375,confirmatory,9318,2,0.75,0.375,feedback_only,balanced_permutation_b_k1,balanced_permutation_b,balanced,1,0.18840039778945986,0.125,0.6340039778945984,64,64,8,fixed_cache,pilot16,256,0.5562332832102356
s9318_r2_n750_a375,confirmatory,9318,2,0.75,0.375,feedback_only,balanced_permutation_b_k2,balanced_permutation_b,balanced,2,0.31340039778945983,0.25,0.6340039778945984,64,64,16,fixed_cache,pilot16,256,0.5150212581903075
s9318_r2_n750_a375,confirmatory,9318,2,0.75,0.375,feedback_only,balanced_permutation_b_k4,balanced_permutation_b,balanced,4,0.5634003977894598,0.5,0.6340039778945984,64,64,32,fixed_cache,pilot16,256,0.31780695923595836
s9318_r2_n750_a375,confirmatory,9318,2,0.75,0.375,feedback_only,balanced_permutation_b_k8,balanced_permutation_b,balanced,8,1.06340039778946,1.0,0.6340039778945984,64,64,64,fixed_cache,pilot16,256,0.29431918095121856
s9318_r2_n750_a375,confirmatory,9318,2,0.75,0.375,feedback_only,comb_contiguous_k1,comb_contiguous,comb,1,0.225,0.125,1.0,64,64,8,fixed_cache,pilot16,256,0.5562332832102356
s9318_r2_n750_a375,confirmatory,9318,2,0.75,0.375,feedback_only,comb_contiguous_k2,comb_contiguous,comb,2,0.35,0.25,1.0,64,64,16,fixed_cache,pilot16,256,0.5430336030146431
s9318_r2_n750_a375,confirmatory,9318,2,0.75,0.375,feedback_only,comb_contiguous_k4,comb_contiguous,comb,4,0.6,0.5,1.0,64,64,32,fixed_cache,pilot16,256,0.3070693128757099
s9318_r2_n750_a375,confirmatory,9318,2,0.75,0.375,feedback_only,comb_contiguous_k8,comb_contiguous,comb,8,1.1,1.0,1.0,64,64,64,fixed_cache,pilot16,256,0.29431918095121856
s9318_r2_n750_a375,confirmatory,9318,2,0.75,0.375,feedback_only,balanced_contiguous_k1,balanced_contiguous,balanced,1,0.1737418407321983,0.125,0.487418407321983,64,64,8,fresh_iid,pilot16,256,0.5543750324227301
s9318_r2_n750_a375,confirmatory,9318,2,0.75,0.375,feedback_only,balanced_contiguous_k2,balanced_contiguous,balanced,2,0.2987418407321983,0.25,0.487418407321983,64,64,16,fresh_iid,pilot16,256,0.3034627589990052
s9318_r2_n750_a375,confirmatory,9318,2,0.75,0.375,feedback_only,balanced_contiguous_k4,balanced_contiguous,balanced,4,0.5487418407321983,0.5,0.487418407321983,64,64,32,fresh_iid,pilot16,256,0.29418899159650264
s9318_r2_n750_a375,confirmatory,9318,2,0.75,0.375,feedback_only,balanced_contiguous_k8,balanced_contiguous,balanced,8,1.0487418407321982,1.0,0.487418407321983,64,64,64,fresh_iid,pilot16,256,0.29449884404963234
s9318_r2_n750_a375,confirmatory,9318,2,0.75,0.375,feedback_only,balanced_interleaved_k1,balanced_interleaved,balanced,1,0.19088469787505546,0.125,0.6588469787505544,64,64,8,fresh_iid,pilot16,256,0.5543750324227301
s9318_r2_n750_a375,confirmatory,9318,2,0.75,0.375,feedback_only,balanced_interleaved_k2,balanced_interleaved,balanced,2,0.31588469787505546,0.25,0.6588469787505544,64,64,16,fresh_iid,pilot16,256,0.49453290930839433
s9318_r2_n750_a375,confirmatory,9318,2,0.75,0.375,feedback_only,balanced_interleaved_k4,balanced_interleaved,balanced,4,0.5658846978750555,0.5,0.6588469787505544,64,64,32,fresh_iid,pilot16,256,0.47149379212879333
s9318_r2_n750_a375,confirmatory,9318,2,0.75,0.375,feedback_only,balanced_interleaved_k8,balanced_interleaved,balanced,8,1.0658846978750554,1.0,0.6588469787505544,64,64,64,fresh_iid,pilot16,256,0.29449884404963234
s9318_r2_n750_a375,confirmatory,9318,2,0.75,0.375,feedback_only,balanced_permutation_a_k1,balanced_permutation_a,balanced,1,0.18899250811836066,0.125,0.6399250811836067,64,64,8,fresh_iid,pilot16,256,0.5543750324227301
s9318_r2_n750_a375,confirmatory,9318,2,0.75,0.375,feedback_only,balanced_permutation_a_k2,balanced_permutation_a,balanced,2,0.31399250811836066,0.25,0.6399250811836067,64,64,16,fresh_iid,pilot16,256,0.5523301287943734
s9318_r2_n750_a375,confirmatory,9318,2,0.75,0.375,feedback_only,balanced_permutation_a_k4,balanced_permutation_a,balanced,4,0.5639925081183607,0.5,0.6399250811836067,64,64,32,fresh_iid,pilot16,256,0.38555439424643073
s9318_r2_n750_a375,confirmatory,9318,2,0.75,0.375,feedback_only,balanced_permutation_a_k8,balanced_permutation_a,balanced,8,1.0639925081183608,1.0,0.6399250811836067,64,64,64,fresh_iid,pilot16,256,0.29449884404963234
s9318_r2_n750_a375,confirmatory,9318,2,0.75,0.375,feedback_only,balanced_permutation_b_k1,balanced_permutation_b,balanced,1,0.18840039778945986,0.125,0.6340039778945984,64,64,8,fresh_iid,pilot16,256,0.5543750324227301
s9318_r2_n750_a375,confirmatory,9318,2,0.75,0.375,feedback_only,balanced_permutation_b_k2,balanced_permutation_b,balanced,2,0.31340039778945983,0.25,0.6340039778945984,64,64,16,fresh_iid,pilot16,256,0.5099028447959039
s9318_r2_n750_a375,confirmatory,9318,2,0.75,0.375,feedback_only,balanced_permutation_b_k4,balanced_permutation_b,balanced,4,0.5634003977894598,0.5,0.6340039778945984,64,64,32,fresh_iid,pilot16,256,0.31491878094076686
s9318_r2_n750_a375,confirmatory,9318,2,0.75,0.375,feedback_only,balanced_permutation_b_k8,balanced_permutation_b,balanced,8,1.06340039778946,1.0,0.6340039778945984,64,64,64,fresh_iid,pilot16,256,0.29449884404963234
s9318_r2_n750_a375,confirmatory,9318,2,0.75,0.375,feedback_only,comb_contiguous_k1,comb_contiguous,comb,1,0.225,0.125,1.0,64,64,8,fresh_iid,pilot16,256,0.5543750324227301
s9318_r2_n750_a375,confirmatory,9318,2,0.75,0.375,feedback_only,comb_contiguous_k2,comb_contiguous,comb,2,0.35,0.25,1.0,64,64,16,fresh_iid,pilot16,256,0.545543986108314
s9318_r2_n750_a375,confirmatory,9318,2,0.75,0.375,feedback_only,comb_contiguous_k4,comb_contiguous,comb,4,0.6,0.5,1.0,64,64,32,fresh_iid,pilot16,256,0.3079443255452813
s9318_r2_n750_a375,confirmatory,9318,2,0.75,0.375,feedback_only,comb_contiguous_k8,comb_contiguous,comb,8,1.1,1.0,1.0,64,64,64,fresh_iid,pilot16,256,0.29449884404963234
s9318_r2_n750_a375,confirmatory,9318,2,0.75,0.375,joint_forward_feedback,balanced_contiguous_k1,balanced_contiguous,balanced,1,0.1737418407321983,0.125,0.487418407321983,64,64,8,fixed_cache,pilot16,256,0.5957260837631895
s9318_r2_n750_a375,confirmatory,9318,2,0.75,0.375,joint_forward_feedback,balanced_contiguous_k2,balanced_contiguous,balanced,2,0.2987418407321983,0.25,0.487418407321983,64,64,16,fixed_cache,pilot16,256,0.3829189434074478
s9318_r2_n750_a375,confirmatory,9318,2,0.75,0.375,joint_forward_feedback,balanced_contiguous_k4,balanced_contiguous,balanced,4,0.5487418407321983,0.5,0.487418407321983,64,64,32,fixed_cache,pilot16,256,0.3215517905385437
s9318_r2_n750_a375,confirmatory,9318,2,0.75,0.375,joint_forward_feedback,balanced_contiguous_k8,balanced_contiguous,balanced,8,1.0487418407321982,1.0,0.487418407321983,64,64,64,fixed_cache,pilot16,256,0.3130965141583662
s9318_r2_n750_a375,confirmatory,9318,2,0.75,0.375,joint_forward_feedback,balanced_interleaved_k1,balanced_interleaved,balanced,1,0.19088469787505546,0.125,0.6588469787505544,64,64,8,fixed_cache,pilot16,256,0.5817629704225457
s9318_r2_n750_a375,confirmatory,9318,2,0.75,0.375,joint_forward_feedback,balanced_interleaved_k2,balanced_interleaved,balanced,2,0.31588469787505546,0.25,0.6588469787505544,64,64,16,fixed_cache,pilot16,256,0.5416543666198348
s9318_r2_n750_a375,confirmatory,9318,2,0.75,0.375,joint_forward_feedback,balanced_interleaved_k4,balanced_interleaved,balanced,4,0.5658846978750555,0.5,0.6588469787505544,64,64,32,fixed_cache,pilot16,256,0.49998511945506685
s9318_r2_n750_a375,confirmatory,9318,2,0.75,0.375,joint_forward_feedback,balanced_interleaved_k8,balanced_interleaved,balanced,8,1.0658846978750554,1.0,0.6588469787505544,64,64,64,fixed_cache,pilot16,256,0.3047131856694633
s9318_r2_n750_a375,confirmatory,9318,2,0.75,0.375,joint_forward_feedback,balanced_permutation_a_k1,balanced_permutation_a,balanced,1,0.18899250811836066,0.125,0.6399250811836067,64,64,8,fixed_cache,pilot16,256,0.5840906383627684
s9318_r2_n750_a375,confirmatory,9318,2,0.75,0.375,joint_forward_feedback,balanced_permutation_a_k2,balanced_permutation_a,balanced,2,0.31399250811836066,0.25,0.6399250811836067,64,64,16,fixed_cache,pilot16,256,0.5774384065948059
s9318_r2_n750_a375,confirmatory,9318,2,0.75,0.375,joint_forward_feedback,balanced_permutation_a_k4,balanced_permutation_a,balanced,4,0.5639925081183607,0.5,0.6399250811836067,64,64,32,fixed_cache,pilot16,256,0.45965960763038627
s9318_r2_n750_a375,confirmatory,9318,2,0.75,0.375,joint_forward_feedback,balanced_permutation_a_k8,balanced_permutation_a,balanced,8,1.0639925081183608,1.0,0.6399250811836067,64,64,64,fixed_cache,pilot16,256,0.3022375835679284
s9318_r2_n750_a375,confirmatory,9318,2,0.75,0.375,joint_forward_feedback,balanced_permutation_b_k1,balanced_permutation_b,balanced,1,0.18840039778945986,0.125,0.6340039778945984,64,64,8,fixed_cache,pilot16,256,0.585794096164984
s9318_r2_n750_a375,confirmatory,9318,2,0.75,0.375,joint_forward_feedback,balanced_permutation_b_k2,balanced_permutation_b,balanced,2,0.31340039778945983,0.25,0.6340039778945984,64,64,16,fixed_cache,pilot16,256,0.5661429111922014
s9318_r2_n750_a375,confirmatory,9318,2,0.75,0.375,joint_forward_feedback,balanced_permutation_b_k4,balanced_permutation_b,balanced,4,0.5634003977894598,0.5,0.6340039778945984,64,64,32,fixed_cache,pilot16,256,0.388350778742905
s9318_r2_n750_a375,confirmatory,9318,2,0.75,0.375,joint_forward_feedback,balanced_permutation_b_k8,balanced_permutation_b,balanced,8,1.06340039778946,1.0,0.6340039778945984,64,64,64,fixed_cache,pilot16,256,0.305599540569829
s9318_r2_n750_a375,confirmatory,9318,2,0.75,0.375,joint_forward_feedback,comb_contiguous_k1,comb_contiguous,comb,1,0.225,0.125,1.0,64,64,8,fixed_cache,pilot16,256,0.5800199039833959
s9318_r2_n750_a375,confirmatory,9318,2,0.75,0.375,joint_forward_feedback,comb_contiguous_k2,comb_contiguous,comb,2,0.35,0.25,1.0,64,64,16,fixed_cache,pilot16,256,0.5453290874796004
s9318_r2_n750_a375,confirmatory,9318,2,0.75,0.375,joint_forward_feedback,comb_contiguous_k4,comb_contiguous,comb,4,0.6,0.5,1.0,64,64,32,fixed_cache,pilot16,256,0.3430265017983051
s9318_r2_n750_a375,confirmatory,9318,2,0.75,0.375,joint_forward_feedback,comb_contiguous_k8,comb_contiguous,comb,8,1.1,1.0,1.0,64,64,64,fixed_cache,pilot16,256,0.29637421835993094
s9318_r2_n750_a375,confirmatory,9318,2,0.75,0.375,joint_forward_feedback,balanced_contiguous_k1,balanced_contiguous,balanced,1,0.1737418407321983,0.125,0.487418407321983,64,64,8,fresh_iid,pilot16,256,0.5900088937203667
s9318_r2_n750_a375,confirmatory,9318,2,0.75,0.375,joint_forward_feedback,balanced_contiguous_k2,balanced_contiguous,balanced,2,0.2987418407321983,0.25,0.487418407321983,64,64,16,fresh_iid,pilot16,256,0.3778982541536514
s9318_r2_n750_a375,confirmatory,9318,2,0.75,0.375,joint_forward_feedback,balanced_contiguous_k4,balanced_contiguous,balanced,4,0.5487418407321983,0.5,0.487418407321983,64,64,32,fresh_iid,pilot16,256,0.32183661528692264
s9318_r2_n750_a375,confirmatory,9318,2,0.75,0.375,joint_forward_feedback,balanced_contiguous_k8,balanced_contiguous,balanced,8,1.0487418407321982,1.0,0.487418407321983,64,64,64,fresh_iid,pilot16,256,0.31405779874486334
s9318_r2_n750_a375,confirmatory,9318,2,0.75,0.375,joint_forward_feedback,balanced_interleaved_k1,balanced_interleaved,balanced,1,0.19088469787505546,0.125,0.6588469787505544,64,64,8,fresh_iid,pilot16,256,0.5768388603853335
s9318_r2_n750_a375,confirmatory,9318,2,0.75,0.375,joint_forward_feedback,balanced_interleaved_k2,balanced_interleaved,balanced,2,0.31588469787505546,0.25,0.6588469787505544,64,64,16,fresh_iid,pilot16,256,0.5345311894066292
s9318_r2_n750_a375,confirmatory,9318,2,0.75,0.375,joint_forward_feedback,balanced_interleaved_k4,balanced_interleaved,balanced,4,0.5658846978750555,0.5,0.6588469787505544,64,64,32,fresh_iid,pilot16,256,0.49629966131042813
s9318_r2_n750_a375,confirmatory,9318,2,0.75,0.375,joint_forward_feedback,balanced_interleaved_k8,balanced_interleaved,balanced,8,1.0658846978750554,1.0,0.6588469787505544,64,64,64,fresh_iid,pilot16,256,0.30655660406232366
s9318_r2_n750_a375,confirmatory,9318,2,0.75,0.375,joint_forward_feedback,balanced_permutation_a_k1,balanced_permutation_a,balanced,1,0.18899250811836066,0.125,0.6399250811836067,64,64,8,fresh_iid,pilot16,256,0.5792306810221832
s9318_r2_n750_a375,confirmatory,9318,2,0.75,0.375,joint_forward_feedback,balanced_permutation_a_k2,balanced_permutation_a,balanced,2,0.31399250811836066,0.25,0.6399250811836067,64,64,16,fresh_iid,pilot16,256,0.573064700795083
s9318_r2_n750_a375,confirmatory,9318,2,0.75,0.375,joint_forward_feedback,balanced_permutation_a_k4,balanced_permutation_a,balanced,4,0.5639925081183607,0.5,0.6399250811836067,64,64,32,fresh_iid,pilot16,256,0.4481031388921949
s9318_r2_n750_a375,confirmatory,9318,2,0.75,0.375,joint_forward_feedback,balanced_permutation_a_k8,balanced_permutation_a,balanced,8,1.0639925081183608,1.0,0.6399250811836067,64,64,64,fresh_iid,pilot16,256,0.30442322011906886
s9318_r2_n750_a375,confirmatory,9318,2,0.75,0.375,joint_forward_feedback,balanced_permutation_b_k1,balanced_permutation_b,balanced,1,0.18840039778945986,0.125,0.6340039778945984,64,64,8,fresh_iid,pilot16,256,0.5808431586249436
s9318_r2_n750_a375,confirmatory,9318,2,0.75,0.375,joint_forward_feedback,balanced_permutation_b_k2,balanced_permutation_b,balanced,2,0.31340039778945983,0.25,0.6340039778945984,64,64,16,fresh_iid,pilot16,256,0.5600669144258665
s9318_r2_n750_a375,confirmatory,9318,2,0.75,0.375,joint_forward_feedback,balanced_permutation_b_k4,balanced_permutation_b,balanced,4,0.5634003977894598,0.5,0.6340039778945984,64,64,32,fresh_iid,pilot16,256,0.3796869258425951
s9318_r2_n750_a375,confirmatory,9318,2,0.75,0.375,joint_forward_feedback,balanced_permutation_b_k8,balanced_permutation_b,balanced,8,1.06340039778946,1.0,0.6340039778945984,64,64,64,fresh_iid,pilot16,256,0.30800818901947324
s9318_r2_n750_a375,confirmatory,9318,2,0.75,0.375,joint_forward_feedback,comb_contiguous_k1,comb_contiguous,comb,1,0.225,0.125,1.0,64,64,8,fresh_iid,pilot16,256,0.5744277072926012
s9318_r2_n750_a375,confirmatory,9318,2,0.75,0.375,joint_forward_feedback,comb_contiguous_k2,comb_contiguous,comb,2,0.35,0.25,1.0,64,64,16,fresh_iid,pilot16,256,0.5420019703363212
s9318_r2_n750_a375,confirmatory,9318,2,0.75,0.375,joint_forward_feedback,comb_contiguous_k4,comb_contiguous,comb,4,0.6,0.5,1.0,64,64,32,fresh_iid,pilot16,256,0.33632370920997606
s9318_r2_n750_a375,confirmatory,9318,2,0.75,0.375,joint_forward_feedback,comb_contiguous_k8,comb_contiguous,comb,8,1.1,1.0,1.0,64,64,64,fresh_iid,pilot16,256,0.296877511695508
s9318_r4_n000_a125,confirmatory,9318,4,0.0,0.125,feedback_only,balanced_contiguous_k1,balanced_contiguous,balanced,1,0.1737418407321983,0.125,0.487418407321983,64,64,8,fixed_cache,pilot16,256,0.393208722158257
s9318_r4_n000_a125,confirmatory,9318,4,0.0,0.125,feedback_only,balanced_contiguous_k2,balanced_contiguous,balanced,2,0.2987418407321983,0.25,0.487418407321983,64,64,16,fixed_cache,pilot16,256,0.24952444188441492
s9318_r4_n000_a125,confirmatory,9318,4,0.0,0.125,feedback_only,balanced_contiguous_k4,balanced_contiguous,balanced,4,0.5487418407321983,0.5,0.487418407321983,64,64,32,fixed_cache,pilot16,256,0.027941824673556267
s9318_r4_n000_a125,confirmatory,9318,4,0.0,0.125,feedback_only,balanced_contiguous_k8,balanced_contiguous,balanced,8,1.0487418407321982,1.0,0.487418407321983,64,64,64,fixed_cache,pilot16,256,0.025731556633308013
s9318_r4_n000_a125,confirmatory,9318,4,0.0,0.125,feedback_only,balanced_interleaved_k1,balanced_interleaved,balanced,1,0.19088469787505546,0.125,0.6588469787505544,64,64,8,fixed_cache,pilot16,256,0.393208722158257
s9318_r4_n000_a125,confirmatory,9318,4,0.0,0.125,feedback_only,balanced_interleaved_k2,balanced_interleaved,balanced,2,0.31588469787505546,0.25,0.6588469787505544,64,64,16,fixed_cache,pilot16,256,0.38369081812820366
s9318_r4_n000_a125,confirmatory,9318,4,0.0,0.125,feedback_only,balanced_interleaved_k4,balanced_interleaved,balanced,4,0.5658846978750555,0.5,0.6588469787505544,64,64,32,fixed_cache,pilot16,256,0.2718886242192036
s9318_r4_n000_a125,confirmatory,9318,4,0.0,0.125,feedback_only,balanced_interleaved_k8,balanced_interleaved,balanced,8,1.0658846978750554,1.0,0.6588469787505544,64,64,64,fixed_cache,pilot16,256,0.025731556633308013
s9318_r4_n000_a125,confirmatory,9318,4,0.0,0.125,feedback_only,balanced_permutation_a_k1,balanced_permutation_a,balanced,1,0.18899250811836066,0.125,0.6399250811836067,64,64,8,fixed_cache,pilot16,256,0.393208722158257
s9318_r4_n000_a125,confirmatory,9318,4,0.0,0.125,feedback_only,balanced_permutation_a_k2,balanced_permutation_a,balanced,2,0.31399250811836066,0.25,0.6399250811836067,64,64,16,fixed_cache,pilot16,256,0.3832625997667384
s9318_r4_n000_a125,confirmatory,9318,4,0.0,0.125,feedback_only,balanced_permutation_a_k4,balanced_permutation_a,balanced,4,0.5639925081183607,0.5,0.6399250811836067,64,64,32,fixed_cache,pilot16,256,0.20285898136346645
s9318_r4_n000_a125,confirmatory,9318,4,0.0,0.125,feedback_only,balanced_permutation_a_k8,balanced_permutation_a,balanced,8,1.0639925081183608,1.0,0.6399250811836067,64,64,64,fixed_cache,pilot16,256,0.025731556633308013
s9318_r4_n000_a125,confirmatory,9318,4,0.0,0.125,feedback_only,balanced_permutation_b_k1,balanced_permutation_b,balanced,1,0.18840039778945986,0.125,0.6340039778945984,64,64,8,fixed_cache,pilot16,256,0.393208722158257
s9318_r4_n000_a125,confirmatory,9318,4,0.0,0.125,feedback_only,balanced_permutation_b_k2,balanced_permutation_b,balanced,2,0.31340039778945983,0.25,0.6340039778945984,64,64,16,fixed_cache,pilot16,256,0.38315105174382447
s9318_r4_n000_a125,confirmatory,9318,4,0.0,0.125,feedback_only,balanced_permutation_b_k4,balanced_permutation_b,balanced,4,0.5634003977894598,0.5,0.6340039778945984,64,64,32,fixed_cache,pilot16,256,0.2082328906722662
s9318_r4_n000_a125,confirmatory,9318,4,0.0,0.125,feedback_only,balanced_permutation_b_k8,balanced_permutation_b,balanced,8,1.06340039778946,1.0,0.6340039778945984,64,64,64,fixed_cache,pilot16,256,0.025731556633308013
s9318_r4_n000_a125,confirmatory,9318,4,0.0,0.125,feedback_only,comb_contiguous_k1,comb_contiguous,comb,1,0.225,0.125,1.0,64,64,8,fixed_cache,pilot16,256,0.393208722158257
s9318_r4_n000_a125,confirmatory,9318,4,0.0,0.125,feedback_only,comb_contiguous_k2,comb_contiguous,comb,2,0.35,0.25,1.0,64,64,16,fixed_cache,pilot16,256,0.29306445444310736
s9318_r4_n000_a125,confirmatory,9318,4,0.0,0.125,feedback_only,comb_contiguous_k4,comb_contiguous,comb,4,0.6,0.5,1.0,64,64,32,fixed_cache,pilot16,256,0.1744011387520471
s9318_r4_n000_a125,confirmatory,9318,4,0.0,0.125,feedback_only,comb_contiguous_k8,comb_contiguous,comb,8,1.1,1.0,1.0,64,64,64,fixed_cache,pilot16,256,0.025731556633308013
s9318_r4_n000_a125,confirmatory,9318,4,0.0,0.125,feedback_only,balanced_contiguous_k1,balanced_contiguous,balanced,1,0.1737418407321983,0.125,0.487418407321983,64,64,8,fresh_iid,pilot16,256,0.39251824090367454
s9318_r4_n000_a125,confirmatory,9318,4,0.0,0.125,feedback_only,balanced_contiguous_k2,balanced_contiguous,balanced,2,0.2987418407321983,0.25,0.487418407321983,64,64,16,fresh_iid,pilot16,256,0.24641022744479166
s9318_r4_n000_a125,confirmatory,9318,4,0.0,0.125,feedback_only,balanced_contiguous_k4,balanced_contiguous,balanced,4,0.5487418407321983,0.5,0.487418407321983,64,64,32,fresh_iid,pilot16,256,0.026223044643688496
s9318_r4_n000_a125,confirmatory,9318,4,0.0,0.125,feedback_only,balanced_contiguous_k8,balanced_contiguous,balanced,8,1.0487418407321982,1.0,0.487418407321983,64,64,64,fresh_iid,pilot16,256,0.0238883923612716
s9318_r4_n000_a125,confirmatory,9318,4,0.0,0.125,feedback_only,balanced_interleaved_k1,balanced_interleaved,balanced,1,0.19088469787505546,0.125,0.6588469787505544,64,64,8,fresh_iid,pilot16,256,0.39251824090367454
s9318_r4_n000_a125,confirmatory,9318,4,0.0,0.125,feedback_only,balanced_interleaved_k2,balanced_interleaved,balanced,2,0.31588469787505546,0.25,0.6588469787505544,64,64,16,fresh_iid,pilot16,256,0.3833856404393322
s9318_r4_n000_a125,confirmatory,9318,4,0.0,0.125,feedback_only,balanced_interleaved_k4,balanced_interleaved,balanced,4,0.5658846978750555,0.5,0.6588469787505544,64,64,32,fresh_iid,pilot16,256,0.26861948476874686
s9318_r4_n000_a125,confirmatory,9318,4,0.0,0.125,feedback_only,balanced_interleaved_k8,balanced_interleaved,balanced,8,1.0658846978750554,1.0,0.6588469787505544,64,64,64,fresh_iid,pilot16,256,0.0238883923612716
s9318_r4_n000_a125,confirmatory,9318,4,0.0,0.125,feedback_only,balanced_permutation_a_k1,balanced_permutation_a,balanced,1,0.18899250811836066,0.125,0.6399250811836067,64,64,8,fresh_iid,pilot16,256,0.39251824090367454
s9318_r4_n000_a125,confirmatory,9318,4,0.0,0.125,feedback_only,balanced_permutation_a_k2,balanced_permutation_a,balanced,2,0.31399250811836066,0.25,0.6399250811836067,64,64,16,fresh_iid,pilot16,256,0.38342553537871393
s9318_r4_n000_a125,confirmatory,9318,4,0.0,0.125,feedback_only,balanced_permutation_a_k4,balanced_permutation_a,balanced,4,0.5639925081183607,0.5,0.6399250811836067,64,64,32,fresh_iid,pilot16,256,0.2081683572997724
s9318_r4_n000_a125,confirmatory,9318,4,0.0,0.125,feedback_only,balanced_permutation_a_k8,balanced_permutation_a,balanced,8,1.0639925081183608,1.0,0.6399250811836067,64,64,64,fresh_iid,pilot16,256,0.0238883923612716
s9318_r4_n000_a125,confirmatory,9318,4,0.0,0.125,feedback_only,balanced_permutation_b_k1,balanced_permutation_b,balanced,1,0.18840039778945986,0.125,0.6340039778945984,64,64,8,fresh_iid,pilot16,256,0.39251824090367454
s9318_r4_n000_a125,confirmatory,9318,4,0.0,0.125,feedback_only,balanced_permutation_b_k2,balanced_permutation_b,balanced,2,0.31340039778945983,0.25,0.6340039778945984,64,64,16,fresh_iid,pilot16,256,0.38285242099598527
s9318_r4_n000_a125,confirmatory,9318,4,0.0,0.125,feedback_only,balanced_permutation_b_k4,balanced_permutation_b,balanced,4,0.5634003977894598,0.5,0.6340039778945984,64,64,32,fresh_iid,pilot16,256,0.21296845868938966
s9318_r4_n000_a125,confirmatory,9318,4,0.0,0.125,feedback_only,balanced_permutation_b_k8,balanced_permutation_b,balanced,8,1.06340039778946,1.0,0.6340039778945984,64,64,64,fresh_iid,pilot16,256,0.0238883923612716
s9318_r4_n000_a125,confirmatory,9318,4,0.0,0.125,feedback_only,comb_contiguous_k1,comb_contiguous,comb,1,0.225,0.125,1.0,64,64,8,fresh_iid,pilot16,256,0.39251824090367454
s9318_r4_n000_a125,confirmatory,9318,4,0.0,0.125,feedback_only,comb_contiguous_k2,comb_contiguous,comb,2,0.35,0.25,1.0,64,64,16,fresh_iid,pilot16,256,0.2895810857624432
s9318_r4_n000_a125,confirmatory,9318,4,0.0,0.125,feedback_only,comb_contiguous_k4,comb_contiguous,comb,4,0.6,0.5,1.0,64,64,32,fresh_iid,pilot16,256,0.1641972522426859
s9318_r4_n000_a125,confirmatory,9318,4,0.0,0.125,feedback_only,comb_contiguous_k8,comb_contiguous,comb,8,1.1,1.0,1.0,64,64,64,fresh_iid,pilot16,256,0.0238883923612716
s9318_r4_n000_a125,confirmatory,9318,4,0.0,0.125,joint_forward_feedback,balanced_contiguous_k1,balanced_contiguous,balanced,1,0.1737418407321983,0.125,0.487418407321983,64,64,8,fixed_cache,pilot16,256,0.41464774088106116
s9318_r4_n000_a125,confirmatory,9318,4,0.0,0.125,joint_forward_feedback,balanced_contiguous_k2,balanced_contiguous,balanced,2,0.2987418407321983,0.25,0.487418407321983,64,64,16,fixed_cache,pilot16,256,0.29745137604153543
s9318_r4_n000_a125,confirmatory,9318,4,0.0,0.125,joint_forward_feedback,balanced_contiguous_k4,balanced_contiguous,balanced,4,0.5487418407321983,0.5,0.487418407321983,64,64,32,fixed_cache,pilot16,256,0.11628281653559808
s9318_r4_n000_a125,confirmatory,9318,4,0.0,0.125,joint_forward_feedback,balanced_contiguous_k8,balanced_contiguous,balanced,8,1.0487418407321982,1.0,0.487418407321983,64,64,64,fixed_cache,pilot16,256,0.11332095013992102
s9318_r4_n000_a125,confirmatory,9318,4,0.0,0.125,joint_forward_feedback,balanced_interleaved_k1,balanced_interleaved,balanced,1,0.19088469787505546,0.125,0.6588469787505544,64,64,8,fixed_cache,pilot16,256,0.40791955001637237
s9318_r4_n000_a125,confirmatory,9318,4,0.0,0.125,joint_forward_feedback,balanced_interleaved_k2,balanced_interleaved,balanced,2,0.31588469787505546,0.25,0.6588469787505544,64,64,16,fixed_cache,pilot16,256,0.40192209820218294
s9318_r4_n000_a125,confirmatory,9318,4,0.0,0.125,joint_forward_feedback,balanced_interleaved_k4,balanced_interleaved,balanced,4,0.5658846978750555,0.5,0.6588469787505544,64,64,32,fixed_cache,pilot16,256,0.300261958605151
s9318_r4_n000_a125,confirmatory,9318,4,0.0,0.125,joint_forward_feedback,balanced_interleaved_k8,balanced_interleaved,balanced,8,1.0658846978750554,1.0,0.6588469787505544,64,64,64,fixed_cache,pilot16,256,0.10163009800668235
s9318_r4_n000_a125,confirmatory,9318,4,0.0,0.125,joint_forward_feedback,balanced_permutation_a_k1,balanced_permutation_a,balanced,1,0.18899250811836066,0.125,0.6399250811836067,64,64,8,fixed_cache,pilot16,256,0.407719465302192
s9318_r4_n000_a125,confirmatory,9318,4,0.0,0.125,joint_forward_feedback,balanced_permutation_a_k2,balanced_permutation_a,balanced,2,0.31399250811836066,0.25,0.6399250811836067,64,64,16,fixed_cache,pilot16,256,0.39940474281289234
s9318_r4_n000_a125,confirmatory,9318,4,0.0,0.125,joint_forward_feedback,balanced_permutation_a_k4,balanced_permutation_a,balanced,4,0.5639925081183607,0.5,0.6399250811836067,64,64,32,fixed_cache,pilot16,256,0.25956235363215296
s9318_r4_n000_a125,confirmatory,9318,4,0.0,0.125,joint_forward_feedback,balanced_permutation_a_k8,balanced_permutation_a,balanced,8,1.0639925081183608,1.0,0.6399250811836067,64,64,64,fixed_cache,pilot16,256,0.1058318974429031
s9318_r4_n000_a125,confirmatory,9318,4,0.0,0.125,joint_forward_feedback,balanced_permutation_b_k1,balanced_permutation_b,balanced,1,0.18840039778945986,0.125,0.6340039778945984,64,64,8,fixed_cache,pilot16,256,0.40823005068470175
s9318_r4_n000_a125,confirmatory,9318,4,0.0,0.125,joint_forward_feedback,balanced_permutation_b_k2,balanced_permutation_b,balanced,2,0.31340039778945983,0.25,0.6340039778945984,64,64,16,fixed_cache,pilot16,256,0.40389446934665607
s9318_r4_n000_a125,confirmatory,9318,4,0.0,0.125,joint_forward_feedback,balanced_permutation_b_k4,balanced_permutation_b,balanced,4,0.5634003977894598,0.5,0.6340039778945984,64,64,32,fixed_cache,pilot16,256,0.2698099460597135
s9318_r4_n000_a125,confirmatory,9318,4,0.0,0.125,joint_forward_feedback,balanced_permutation_b_k8,balanced_permutation_b,balanced,8,1.06340039778946,1.0,0.6340039778945984,64,64,64,fixed_cache,pilot16,256,0.10661829998261943
s9318_r4_n000_a125,confirmatory,9318,4,0.0,0.125,joint_forward_feedback,comb_contiguous_k1,comb_contiguous,comb,1,0.225,0.125,1.0,64,64,8,fixed_cache,pilot16,256,0.40587117595650946
s9318_r4_n000_a125,confirmatory,9318,4,0.0,0.125,joint_forward_feedback,comb_contiguous_k2,comb_contiguous,comb,2,0.35,0.25,1.0,64,64,16,fixed_cache,pilot16,256,0.3179001559740191
s9318_r4_n000_a125,confirmatory,9318,4,0.0,0.125,joint_forward_feedback,comb_contiguous_k4,comb_contiguous,comb,4,0.6,0.5,1.0,64,64,32,fixed_cache,pilot16,256,0.21459817046953444
s9318_r4_n000_a125,confirmatory,9318,4,0.0,0.125,joint_forward_feedback,comb_contiguous_k8,comb_contiguous,comb,8,1.1,1.0,1.0,64,64,64,fixed_cache,pilot16,256,0.07740001108624481
s9318_r4_n000_a125,confirmatory,9318,4,0.0,0.125,joint_forward_feedback,balanced_contiguous_k1,balanced_contiguous,balanced,1,0.1737418407321983,0.125,0.487418407321983,64,64,8,fresh_iid,pilot16,256,0.41003151766426404
s9318_r4_n000_a125,confirmatory,9318,4,0.0,0.125,joint_forward_feedback,balanced_contiguous_k2,balanced_contiguous,balanced,2,0.2987418407321983,0.25,0.487418407321983,64,64,16,fresh_iid,pilot16,256,0.29080847242228336
s9318_r4_n000_a125,confirmatory,9318,4,0.0,0.125,joint_forward_feedback,balanced_contiguous_k4,balanced_contiguous,balanced,4,0.5487418407321983,0.5,0.487418407321983,64,64,32,fresh_iid,pilot16,256,0.11568884921063571
s9318_r4_n000_a125,confirmatory,9318,4,0.0,0.125,joint_forward_feedback,balanced_contiguous_k8,balanced_contiguous,balanced,8,1.0487418407321982,1.0,0.487418407321983,64,64,64,fresh_iid,pilot16,256,0.11264733280275852
s9318_r4_n000_a125,confirmatory,9318,4,0.0,0.125,joint_forward_feedback,balanced_interleaved_k1,balanced_interleaved,balanced,1,0.19088469787505546,0.125,0.6588469787505544,64,64,8,fresh_iid,pilot16,256,0.4040474509162616
s9318_r4_n000_a125,confirmatory,9318,4,0.0,0.125,joint_forward_feedback,balanced_interleaved_k2,balanced_interleaved,balanced,2,0.31588469787505546,0.25,0.6588469787505544,64,64,16,fresh_iid,pilot16,256,0.3983204187521809
s9318_r4_n000_a125,confirmatory,9318,4,0.0,0.125,joint_forward_feedback,balanced_interleaved_k4,balanced_interleaved,balanced,4,0.5658846978750555,0.5,0.6588469787505544,64,64,32,fresh_iid,pilot16,256,0.29580498950318534
s9318_r4_n000_a125,confirmatory,9318,4,0.0,0.125,joint_forward_feedback,balanced_interleaved_k8,balanced_interleaved,balanced,8,1.0658846978750554,1.0,0.6588469787505544,64,64,64,fresh_iid,pilot16,256,0.1009755963171737
s9318_r4_n000_a125,confirmatory,9318,4,0.0,0.125,joint_forward_feedback,balanced_permutation_a_k1,balanced_permutation_a,balanced,1,0.18899250811836066,0.125,0.6399250811836067,64,64,8,fresh_iid,pilot16,256,0.404030867367668
s9318_r4_n000_a125,confirmatory,9318,4,0.0,0.125,joint_forward_feedback,balanced_permutation_a_k2,balanced_permutation_a,balanced,2,0.31399250811836066,0.25,0.6399250811836067,64,64,16,fresh_iid,pilot16,256,0.3965726745549068
s9318_r4_n000_a125,confirmatory,9318,4,0.0,0.125,joint_forward_feedback,balanced_permutation_a_k4,balanced_permutation_a,balanced,4,0.5639925081183607,0.5,0.6399250811836067,64,64,32,fresh_iid,pilot16,256,0.2631089495540834
s9318_r4_n000_a125,confirmatory,9318,4,0.0,0.125,joint_forward_feedback,balanced_permutation_a_k8,balanced_permutation_a,balanced,8,1.0639925081183608,1.0,0.6399250811836067,64,64,64,fresh_iid,pilot16,256,0.10473329959224101
s9318_r4_n000_a125,confirmatory,9318,4,0.0,0.125,joint_forward_feedback,balanced_permutation_b_k1,balanced_permutation_b,balanced,1,0.18840039778945986,0.125,0.6340039778945984,64,64,8,fresh_iid,pilot16,256,0.40441415447377455
s9318_r4_n000_a125,confirmatory,9318,4,0.0,0.125,joint_forward_feedback,balanced_permutation_b_k2,balanced_permutation_b,balanced,2,0.31340039778945983,0.25,0.6340039778945984,64,64,16,fresh_iid,pilot16,256,0.40018362421679576
s9318_r4_n000_a125,confirmatory,9318,4,0.0,0.125,joint_forward_feedback,balanced_permutation_b_k4,balanced_permutation_b,balanced,4,0.5634003977894598,0.5,0.6340039778945984,64,64,32,fresh_iid,pilot16,256,0.2723451667035643
s9318_r4_n000_a125,confirmatory,9318,4,0.0,0.125,joint_forward_feedback,balanced_permutation_b_k8,balanced_permutation_b,balanced,8,1.06340039778946,1.0,0.6340039778945984,64,64,64,fresh_iid,pilot16,256,0.10491148296840214
s9318_r4_n000_a125,confirmatory,9318,4,0.0,0.125,joint_forward_feedback,comb_contiguous_k1,comb_contiguous,comb,1,0.225,0.125,1.0,64,64,8,fresh_iid,pilot16,256,0.4005199830390345
s9318_r4_n000_a125,confirmatory,9318,4,0.0,0.125,joint_forward_feedback,comb_contiguous_k2,comb_contiguous,comb,2,0.35,0.25,1.0,64,64,16,fresh_iid,pilot16,256,0.31322540618565753
s9318_r4_n000_a125,confirmatory,9318,4,0.0,0.125,joint_forward_feedback,comb_contiguous_k4,comb_contiguous,comb,4,0.6,0.5,1.0,64,64,32,fresh_iid,pilot16,256,0.2038398021743011
s9318_r4_n000_a125,confirmatory,9318,4,0.0,0.125,joint_forward_feedback,comb_contiguous_k8,comb_contiguous,comb,8,1.1,1.0,1.0,64,64,64,fresh_iid,pilot16,256,0.0764845504523321
s9318_r4_n000_a375,confirmatory,9318,4,0.0,0.375,feedback_only,balanced_contiguous_k1,balanced_contiguous,balanced,1,0.1737418407321983,0.125,0.487418407321983,64,64,8,fixed_cache,pilot16,256,0.38974986155211283
s9318_r4_n000_a375,confirmatory,9318,4,0.0,0.375,feedback_only,balanced_contiguous_k2,balanced_contiguous,balanced,2,0.2987418407321983,0.25,0.487418407321983,64,64,16,fixed_cache,pilot16,256,0.2736215054676779
s9318_r4_n000_a375,confirmatory,9318,4,0.0,0.375,feedback_only,balanced_contiguous_k4,balanced_contiguous,balanced,4,0.5487418407321983,0.5,0.487418407321983,64,64,32,fixed_cache,pilot16,256,0.057475353913953225
s9318_r4_n000_a375,confirmatory,9318,4,0.0,0.375,feedback_only,balanced_contiguous_k8,balanced_contiguous,balanced,8,1.0487418407321982,1.0,0.487418407321983,64,64,64,fixed_cache,pilot16,256,0.034890828002970095
s9318_r4_n000_a375,confirmatory,9318,4,0.0,0.375,feedback_only,balanced_interleaved_k1,balanced_interleaved,balanced,1,0.19088469787505546,0.125,0.6588469787505544,64,64,8,fixed_cache,pilot16,256,0.38974986155211283
s9318_r4_n000_a375,confirmatory,9318,4,0.0,0.375,feedback_only,balanced_interleaved_k2,balanced_interleaved,balanced,2,0.31588469787505546,0.25,0.6588469787505544,64,64,16,fixed_cache,pilot16,256,0.35046235335568793
s9318_r4_n000_a375,confirmatory,9318,4,0.0,0.375,feedback_only,balanced_interleaved_k4,balanced_interleaved,balanced,4,0.5658846978750555,0.5,0.6588469787505544,64,64,32,fixed_cache,pilot16,256,0.24474134702907407
s9318_r4_n000_a375,confirmatory,9318,4,0.0,0.375,feedback_only,balanced_interleaved_k8,balanced_interleaved,balanced,8,1.0658846978750554,1.0,0.6588469787505544,64,64,64,fixed_cache,pilot16,256,0.034890828002970095
s9318_r4_n000_a375,confirmatory,9318,4,0.0,0.375,feedback_only,balanced_permutation_a_k1,balanced_permutation_a,balanced,1,0.18899250811836066,0.125,0.6399250811836067,64,64,8,fixed_cache,pilot16,256,0.38974986155211283
s9318_r4_n000_a375,confirmatory,9318,4,0.0,0.375,feedback_only,balanced_permutation_a_k2,balanced_permutation_a,balanced,2,0.31399250811836066,0.25,0.6399250811836067,64,64,16,fixed_cache,pilot16,256,0.3327941641867751
s9318_r4_n000_a375,confirmatory,9318,4,0.0,0.375,feedback_only,balanced_permutation_a_k4,balanced_permutation_a,balanced,4,0.5639925081183607,0.5,0.6399250811836067,64,64,32,fixed_cache,pilot16,256,0.2044186828446374
s9318_r4_n000_a375,confirmatory,9318,4,0.0,0.375,feedback_only,balanced_permutation_a_k8,balanced_permutation_a,balanced,8,1.0639925081183608,1.0,0.6399250811836067,64,64,64,fixed_cache,pilot16,256,0.034890828002970095
s9318_r4_n000_a375,confirmatory,9318,4,0.0,0.375,feedback_only,balanced_permutation_b_k1,balanced_permutation_b,balanced,1,0.18840039778945986,0.125,0.6340039778945984,64,64,8,fixed_cache,pilot16,256,0.38974986155211283
s9318_r4_n000_a375,confirmatory,9318,4,0.0,0.375,feedback_only,balanced_permutation_b_k2,balanced_permutation_b,balanced,2,0.31340039778945983,0.25,0.6340039778945984,64,64,16,fixed_cache,pilot16,256,0.35920689950158424
s9318_r4_n000_a375,confirmatory,9318,4,0.0,0.375,feedback_only,balanced_permutation_b_k4,balanced_permutation_b,balanced,4,0.5634003977894598,0.5,0.6340039778945984,64,64,32,fixed_cache,pilot16,256,0.22092925403019376
s9318_r4_n000_a375,confirmatory,9318,4,0.0,0.375,feedback_only,balanced_permutation_b_k8,balanced_permutation_b,balanced,8,1.06340039778946,1.0,0.6340039778945984,64,64,64,fixed_cache,pilot16,256,0.034890828002970095
s9318_r4_n000_a375,confirmatory,9318,4,0.0,0.375,feedback_only,comb_contiguous_k1,comb_contiguous,comb,1,0.225,0.125,1.0,64,64,8,fixed_cache,pilot16,256,0.38974986155211283
s9318_r4_n000_a375,confirmatory,9318,4,0.0,0.375,feedback_only,comb_contiguous_k2,comb_contiguous,comb,2,0.35,0.25,1.0,64,64,16,fixed_cache,pilot16,256,0.28924676858116777
s9318_r4_n000_a375,confirmatory,9318,4,0.0,0.375,feedback_only,comb_contiguous_k4,comb_contiguous,comb,4,0.6,0.5,1.0,64,64,32,fixed_cache,pilot16,256,0.19440077665670155
s9318_r4_n000_a375,confirmatory,9318,4,0.0,0.375,feedback_only,comb_contiguous_k8,comb_contiguous,comb,8,1.1,1.0,1.0,64,64,64,fixed_cache,pilot16,256,0.034890828002970095
s9318_r4_n000_a375,confirmatory,9318,4,0.0,0.375,feedback_only,balanced_contiguous_k1,balanced_contiguous,balanced,1,0.1737418407321983,0.125,0.487418407321983,64,64,8,fresh_iid,pilot16,256,0.3927203095246432
s9318_r4_n000_a375,confirmatory,9318,4,0.0,0.375,feedback_only,balanced_contiguous_k2,balanced_contiguous,balanced,2,0.2987418407321983,0.25,0.487418407321983,64,64,16,fresh_iid,pilot16,256,0.26773556164372275
s9318_r4_n000_a375,confirmatory,9318,4,0.0,0.375,feedback_only,balanced_contiguous_k4,balanced_contiguous,balanced,4,0.5487418407321983,0.5,0.487418407321983,64,64,32,fresh_iid,pilot16,256,0.04614819744489384
s9318_r4_n000_a375,confirmatory,9318,4,0.0,0.375,feedback_only,balanced_contiguous_k8,balanced_contiguous,balanced,8,1.0487418407321982,1.0,0.487418407321983,64,64,64,fresh_iid,pilot16,256,0.02529117468299674
s9318_r4_n000_a375,confirmatory,9318,4,0.0,0.375,feedback_only,balanced_interleaved_k1,balanced_interleaved,balanced,1,0.19088469787505546,0.125,0.6588469787505544,64,64,8,fresh_iid,pilot16,256,0.3927203095246432
s9318_r4_n000_a375,confirmatory,9318,4,0.0,0.375,feedback_only,balanced_interleaved_k2,balanced_interleaved,balanced,2,0.31588469787505546,0.25,0.6588469787505544,64,64,16,fresh_iid,pilot16,256,0.3490954194813039
s9318_r4_n000_a375,confirmatory,9318,4,0.0,0.375,feedback_only,balanced_interleaved_k4,balanced_interleaved,balanced,4,0.5658846978750555,0.5,0.6588469787505544,64,64,32,fresh_iid,pilot16,256,0.24464631531301184
s9318_r4_n000_a375,confirmatory,9318,4,0.0,0.375,feedback_only,balanced_interleaved_k8,balanced_interleaved,balanced,8,1.0658846978750554,1.0,0.6588469787505544,64,64,64,fresh_iid,pilot16,256,0.02529117468299674
s9318_r4_n000_a375,confirmatory,9318,4,0.0,0.375,feedback_only,balanced_permutation_a_k1,balanced_permutation_a,balanced,1,0.18899250811836066,0.125,0.6399250811836067,64,64,8,fresh_iid,pilot16,256,0.3927203095246432
s9318_r4_n000_a375,confirmatory,9318,4,0.0,0.375,feedback_only,balanced_permutation_a_k2,balanced_permutation_a,balanced,2,0.31399250811836066,0.25,0.6399250811836067,64,64,16,fresh_iid,pilot16,256,0.3495428573334502
s9318_r4_n000_a375,confirmatory,9318,4,0.0,0.375,feedback_only,balanced_permutation_a_k4,balanced_permutation_a,balanced,4,0.5639925081183607,0.5,0.6399250811836067,64,64,32,fresh_iid,pilot16,256,0.19891438995978766
s9318_r4_n000_a375,confirmatory,9318,4,0.0,0.375,feedback_only,balanced_permutation_a_k8,balanced_permutation_a,balanced,8,1.0639925081183608,1.0,0.6399250811836067,64,64,64,fresh_iid,pilot16,256,0.02529117468299674
s9318_r4_n000_a375,confirmatory,9318,4,0.0,0.375,feedback_only,balanced_permutation_b_k1,balanced_permutation_b,balanced,1,0.18840039778945986,0.125,0.6340039778945984,64,64,8,fresh_iid,pilot16,256,0.3927203095246432
s9318_r4_n000_a375,confirmatory,9318,4,0.0,0.375,feedback_only,balanced_permutation_b_k2,balanced_permutation_b,balanced,2,0.31340039778945983,0.25,0.6340039778945984,64,64,16,fresh_iid,pilot16,256,0.35969096502436626
s9318_r4_n000_a375,confirmatory,9318,4,0.0,0.375,feedback_only,balanced_permutation_b_k4,balanced_permutation_b,balanced,4,0.5634003977894598,0.5,0.6340039778945984,64,64,32,fresh_iid,pilot16,256,0.21193587952107557
s9318_r4_n000_a375,confirmatory,9318,4,0.0,0.375,feedback_only,balanced_permutation_b_k8,balanced_permutation_b,balanced,8,1.06340039778946,1.0,0.6340039778945984,64,64,64,fresh_iid,pilot16,256,0.02529117468299674
s9318_r4_n000_a375,confirmatory,9318,4,0.0,0.375,feedback_only,comb_contiguous_k1,comb_contiguous,comb,1,0.225,0.125,1.0,64,64,8,fresh_iid,pilot16,256,0.3927203095246432
s9318_r4_n000_a375,confirmatory,9318,4,0.0,0.375,feedback_only,comb_contiguous_k2,comb_contiguous,comb,2,0.35,0.25,1.0,64,64,16,fresh_iid,pilot16,256,0.3135081148867619
s9318_r4_n000_a375,confirmatory,9318,4,0.0,0.375,feedback_only,comb_contiguous_k4,comb_contiguous,comb,4,0.6,0.5,1.0,64,64,32,fresh_iid,pilot16,256,0.1879136657543201
s9318_r4_n000_a375,confirmatory,9318,4,0.0,0.375,feedback_only,comb_contiguous_k8,comb_contiguous,comb,8,1.1,1.0,1.0,64,64,64,fresh_iid,pilot16,256,0.02529117468299674
s9318_r4_n000_a375,confirmatory,9318,4,0.0,0.375,joint_forward_feedback,balanced_contiguous_k1,balanced_contiguous,balanced,1,0.1737418407321983,0.125,0.487418407321983,64,64,8,fixed_cache,pilot16,256,0.41399508155890363
s9318_r4_n000_a375,confirmatory,9318,4,0.0,0.375,joint_forward_feedback,balanced_contiguous_k2,balanced_contiguous,balanced,2,0.2987418407321983,0.25,0.487418407321983,64,64,16,fixed_cache,pilot16,256,0.3219228716858006
s9318_r4_n000_a375,confirmatory,9318,4,0.0,0.375,joint_forward_feedback,balanced_contiguous_k4,balanced_contiguous,balanced,4,0.5487418407321983,0.5,0.487418407321983,64,64,32,fixed_cache,pilot16,256,0.16464289930191833
s9318_r4_n000_a375,confirmatory,9318,4,0.0,0.375,joint_forward_feedback,balanced_contiguous_k8,balanced_contiguous,balanced,8,1.0487418407321982,1.0,0.487418407321983,64,64,64,fixed_cache,pilot16,256,0.14206339381275773
s9318_r4_n000_a375,confirmatory,9318,4,0.0,0.375,joint_forward_feedback,balanced_interleaved_k1,balanced_interleaved,balanced,1,0.19088469787505546,0.125,0.6588469787505544,64,64,8,fixed_cache,pilot16,256,0.406092374815031
s9318_r4_n000_a375,confirmatory,9318,4,0.0,0.375,joint_forward_feedback,balanced_interleaved_k2,balanced_interleaved,balanced,2,0.31588469787505546,0.25,0.6588469787505544,64,64,16,fixed_cache,pilot16,256,0.38009581371835194
s9318_r4_n000_a375,confirmatory,9318,4,0.0,0.375,joint_forward_feedback,balanced_interleaved_k4,balanced_interleaved,balanced,4,0.5658846978750555,0.5,0.6588469787505544,64,64,32,fixed_cache,pilot16,256,0.2826002201051314
s9318_r4_n000_a375,confirmatory,9318,4,0.0,0.375,joint_forward_feedback,balanced_interleaved_k8,balanced_interleaved,balanced,8,1.0658846978750554,1.0,0.6588469787505544,64,64,64,fixed_cache,pilot16,256,0.11588423844550563
s9318_r4_n000_a375,confirmatory,9318,4,0.0,0.375,joint_forward_feedback,balanced_permutation_a_k1,balanced_permutation_a,balanced,1,0.18899250811836066,0.125,0.6399250811836067,64,64,8,fixed_cache,pilot16,256,0.4056971286627147
s9318_r4_n000_a375,confirmatory,9318,4,0.0,0.375,joint_forward_feedback,balanced_permutation_a_k2,balanced_permutation_a,balanced,2,0.31399250811836066,0.25,0.6399250811836067,64,64,16,fixed_cache,pilot16,256,0.36299580537323656
s9318_r4_n000_a375,confirmatory,9318,4,0.0,0.375,joint_forward_feedback,balanced_permutation_a_k4,balanced_permutation_a,balanced,4,0.5639925081183607,0.5,0.6399250811836067,64,64,32,fixed_cache,pilot16,256,0.25888082346631086
s9318_r4_n000_a375,confirmatory,9318,4,0.0,0.375,joint_forward_feedback,balanced_permutation_a_k8,balanced_permutation_a,balanced,8,1.0639925081183608,1.0,0.6399250811836067,64,64,64,fixed_cache,pilot16,256,0.12240923275782373
s9318_r4_n000_a375,confirmatory,9318,4,0.0,0.375,joint_forward_feedback,balanced_permutation_b_k1,balanced_permutation_b,balanced,1,0.18840039778945986,0.125,0.6340039778945984,64,64,8,fixed_cache,pilot16,256,0.40693683371689776
s9318_r4_n000_a375,confirmatory,9318,4,0.0,0.375,joint_forward_feedback,balanced_permutation_b_k2,balanced_permutation_b,balanced,2,0.31340039778945983,0.25,0.6340039778945984,64,64,16,fixed_cache,pilot16,256,0.3862965991884626
s9318_r4_n000_a375,confirmatory,9318,4,0.0,0.375,joint_forward_feedback,balanced_permutation_b_k4,balanced_permutation_b,balanced,4,0.5634003977894598,0.5,0.6340039778945984,64,64,32,fixed_cache,pilot16,256,0.2793253816869024
s9318_r4_n000_a375,confirmatory,9318,4,0.0,0.375,joint_forward_feedback,balanced_permutation_b_k8,balanced_permutation_b,balanced,8,1.06340039778946,1.0,0.6340039778945984,64,64,64,fixed_cache,pilot16,256,0.11812807911555039
s9318_r4_n000_a375,confirmatory,9318,4,0.0,0.375,joint_forward_feedback,comb_contiguous_k1,comb_contiguous,comb,1,0.225,0.125,1.0,64,64,8,fixed_cache,pilot16,256,0.40465152020450534
s9318_r4_n000_a375,confirmatory,9318,4,0.0,0.375,joint_forward_feedback,comb_contiguous_k2,comb_contiguous,comb,2,0.35,0.25,1.0,64,64,16,fixed_cache,pilot16,256,0.314458049450838
s9318_r4_n000_a375,confirmatory,9318,4,0.0,0.375,joint_forward_feedback,comb_contiguous_k4,comb_contiguous,comb,4,0.6,0.5,1.0,64,64,32,fixed_cache,pilot16,256,0.23484088704174252
s9318_r4_n000_a375,confirmatory,9318,4,0.0,0.375,joint_forward_feedback,comb_contiguous_k8,comb_contiguous,comb,8,1.1,1.0,1.0,64,64,64,fixed_cache,pilot16,256,0.09689939640538138
s9318_r4_n000_a375,confirmatory,9318,4,0.0,0.375,joint_forward_feedback,balanced_contiguous_k1,balanced_contiguous,balanced,1,0.1737418407321983,0.125,0.487418407321983,64,64,8,fresh_iid,pilot16,256,0.41867548780794306
s9318_r4_n000_a375,confirmatory,9318,4,0.0,0.375,joint_forward_feedback,balanced_contiguous_k2,balanced_contiguous,balanced,2,0.2987418407321983,0.25,0.487418407321983,64,64,16,fresh_iid,pilot16,256,0.31772658200082665
s9318_r4_n000_a375,confirmatory,9318,4,0.0,0.375,joint_forward_feedback,balanced_contiguous_k4,balanced_contiguous,balanced,4,0.5487418407321983,0.5,0.487418407321983,64,64,32,fresh_iid,pilot16,256,0.15501489197799284
s9318_r4_n000_a375,confirmatory,9318,4,0.0,0.375,joint_forward_feedback,balanced_contiguous_k8,balanced_contiguous,balanced,8,1.0487418407321982,1.0,0.487418407321983,64,64,64,fresh_iid,pilot16,256,0.13140863248244672
s9318_r4_n000_a375,confirmatory,9318,4,0.0,0.375,joint_forward_feedback,balanced_interleaved_k1,balanced_interleaved,balanced,1,0.19088469787505546,0.125,0.6588469787505544,64,64,8,fresh_iid,pilot16,256,0.4105935562893012
s9318_r4_n000_a375,confirmatory,9318,4,0.0,0.375,joint_forward_feedback,balanced_interleaved_k2,balanced_interleaved,balanced,2,0.31588469787505546,0.25,0.6588469787505544,64,64,16,fresh_iid,pilot16,256,0.38202479947103096
s9318_r4_n000_a375,confirmatory,9318,4,0.0,0.375,joint_forward_feedback,balanced_interleaved_k4,balanced_interleaved,balanced,4,0.5658846978750555,0.5,0.6588469787505544,64,64,32,fresh_iid,pilot16,256,0.2849950572099015
s9318_r4_n000_a375,confirmatory,9318,4,0.0,0.375,joint_forward_feedback,balanced_interleaved_k8,balanced_interleaved,balanced,8,1.0658846978750554,1.0,0.6588469787505544,64,64,64,fresh_iid,pilot16,256,0.10381170846312372
s9318_r4_n000_a375,confirmatory,9318,4,0.0,0.375,joint_forward_feedback,balanced_permutation_a_k1,balanced_permutation_a,balanced,1,0.18899250811836066,0.125,0.6399250811836067,64,64,8,fresh_iid,pilot16,256,0.410536137187836
s9318_r4_n000_a375,confirmatory,9318,4,0.0,0.375,joint_forward_feedback,balanced_permutation_a_k2,balanced_permutation_a,balanced,2,0.31399250811836066,0.25,0.6399250811836067,64,64,16,fresh_iid,pilot16,256,0.3780654707921162
s9318_r4_n000_a375,confirmatory,9318,4,0.0,0.375,joint_forward_feedback,balanced_permutation_a_k4,balanced_permutation_a,balanced,4,0.5639925081183607,0.5,0.6399250811836067,64,64,32,fresh_iid,pilot16,256,0.2601188754852881
s9318_r4_n000_a375,confirmatory,9318,4,0.0,0.375,joint_forward_feedback,balanced_permutation_a_k8,balanced_permutation_a,balanced,8,1.0639925081183608,1.0,0.6399250811836067,64,64,64,fresh_iid,pilot16,256,0.10943638476278501
s9318_r4_n000_a375,confirmatory,9318,4,0.0,0.375,joint_forward_feedback,balanced_permutation_b_k1,balanced_permutation_b,balanced,1,0.18840039778945986,0.125,0.6340039778945984,64,64,8,fresh_iid,pilot16,256,0.41172574428471576
s9318_r4_n000_a375,confirmatory,9318,4,0.0,0.375,joint_forward_feedback,balanced_permutation_b_k2,balanced_permutation_b,balanced,2,0.31340039778945983,0.25,0.6340039778945984,64,64,16,fresh_iid,pilot16,256,0.3913992322052409
s9318_r4_n000_a375,confirmatory,9318,4,0.0,0.375,joint_forward_feedback,balanced_permutation_b_k4,balanced_permutation_b,balanced,4,0.5634003977894598,0.5,0.6340039778945984,64,64,32,fresh_iid,pilot16,256,0.2673685630391447
s9318_r4_n000_a375,confirmatory,9318,4,0.0,0.375,joint_forward_feedback,balanced_permutation_b_k8,balanced_permutation_b,balanced,8,1.06340039778946,1.0,0.6340039778945984,64,64,64,fresh_iid,pilot16,256,0.10549094718020305
s9318_r4_n000_a375,confirmatory,9318,4,0.0,0.375,joint_forward_feedback,comb_contiguous_k1,comb_contiguous,comb,1,0.225,0.125,1.0,64,64,8,fresh_iid,pilot16,256,0.4080831804235164
s9318_r4_n000_a375,confirmatory,9318,4,0.0,0.375,joint_forward_feedback,comb_contiguous_k2,comb_contiguous,comb,2,0.35,0.25,1.0,64,64,16,fresh_iid,pilot16,256,0.33621556329424346
s9318_r4_n000_a375,confirmatory,9318,4,0.0,0.375,joint_forward_feedback,comb_contiguous_k4,comb_contiguous,comb,4,0.6,0.5,1.0,64,64,32,fresh_iid,pilot16,256,0.23178388261361782
s9318_r4_n000_a375,confirmatory,9318,4,0.0,0.375,joint_forward_feedback,comb_contiguous_k8,comb_contiguous,comb,8,1.1,1.0,1.0,64,64,64,fresh_iid,pilot16,256,0.08548424605276966
s9318_r4_n750_a125,confirmatory,9318,4,0.75,0.125,feedback_only,balanced_contiguous_k1,balanced_contiguous,balanced,1,0.1737418407321983,0.125,0.487418407321983,64,64,8,fixed_cache,pilot16,256,0.6927462159019384
s9318_r4_n750_a125,confirmatory,9318,4,0.75,0.125,feedback_only,balanced_contiguous_k2,balanced_contiguous,balanced,2,0.2987418407321983,0.25,0.487418407321983,64,64,16,fixed_cache,pilot16,256,0.547963338118272
s9318_r4_n750_a125,confirmatory,9318,4,0.75,0.125,feedback_only,balanced_contiguous_k4,balanced_contiguous,balanced,4,0.5487418407321983,0.5,0.487418407321983,64,64,32,fixed_cache,pilot16,256,0.3476005223006674
s9318_r4_n750_a125,confirmatory,9318,4,0.75,0.125,feedback_only,balanced_contiguous_k8,balanced_contiguous,balanced,8,1.0487418407321982,1.0,0.487418407321983,64,64,64,fixed_cache,pilot16,256,0.3452185720708363
s9318_r4_n750_a125,confirmatory,9318,4,0.75,0.125,feedback_only,balanced_interleaved_k1,balanced_interleaved,balanced,1,0.19088469787505546,0.125,0.6588469787505544,64,64,8,fixed_cache,pilot16,256,0.6927462159019384
s9318_r4_n750_a125,confirmatory,9318,4,0.75,0.125,feedback_only,balanced_interleaved_k2,balanced_interleaved,balanced,2,0.31588469787505546,0.25,0.6588469787505544,64,64,16,fixed_cache,pilot16,256,0.6834445152667329
s9318_r4_n750_a125,confirmatory,9318,4,0.75,0.125,feedback_only,balanced_interleaved_k4,balanced_interleaved,balanced,4,0.5658846978750555,0.5,0.6588469787505544,64,64,32,fixed_cache,pilot16,256,0.5746589677329197
s9318_r4_n750_a125,confirmatory,9318,4,0.75,0.125,feedback_only,balanced_interleaved_k8,balanced_interleaved,balanced,8,1.0658846978750554,1.0,0.6588469787505544,64,64,64,fixed_cache,pilot16,256,0.3452185720708363
s9318_r4_n750_a125,confirmatory,9318,4,0.75,0.125,feedback_only,balanced_permutation_a_k1,balanced_permutation_a,balanced,1,0.18899250811836066,0.125,0.6399250811836067,64,64,8,fixed_cache,pilot16,256,0.6927462159019384
s9318_r4_n750_a125,confirmatory,9318,4,0.75,0.125,feedback_only,balanced_permutation_a_k2,balanced_permutation_a,balanced,2,0.31399250811836066,0.25,0.6399250811836067,64,64,16,fixed_cache,pilot16,256,0.6821898765345461
s9318_r4_n750_a125,confirmatory,9318,4,0.75,0.125,feedback_only,balanced_permutation_a_k4,balanced_permutation_a,balanced,4,0.5639925081183607,0.5,0.6399250811836067,64,64,32,fixed_cache,pilot16,256,0.524724271604508
s9318_r4_n750_a125,confirmatory,9318,4,0.75,0.125,feedback_only,balanced_permutation_a_k8,balanced_permutation_a,balanced,8,1.0639925081183608,1.0,0.6399250811836067,64,64,64,fixed_cache,pilot16,256,0.3452185720708363
s9318_r4_n750_a125,confirmatory,9318,4,0.75,0.125,feedback_only,balanced_permutation_b_k1,balanced_permutation_b,balanced,1,0.18840039778945986,0.125,0.6340039778945984,64,64,8,fixed_cache,pilot16,256,0.6927462159019384
s9318_r4_n750_a125,confirmatory,9318,4,0.75,0.125,feedback_only,balanced_permutation_b_k2,balanced_permutation_b,balanced,2,0.31340039778945983,0.25,0.6340039778945984,64,64,16,fixed_cache,pilot16,256,0.6840839835906595
s9318_r4_n750_a125,confirmatory,9318,4,0.75,0.125,feedback_only,balanced_permutation_b_k4,balanced_permutation_b,balanced,4,0.5634003977894598,0.5,0.6340039778945984,64,64,32,fixed_cache,pilot16,256,0.5225155212392367
s9318_r4_n750_a125,confirmatory,9318,4,0.75,0.125,feedback_only,balanced_permutation_b_k8,balanced_permutation_b,balanced,8,1.06340039778946,1.0,0.6340039778945984,64,64,64,fixed_cache,pilot16,256,0.3452185720708363
s9318_r4_n750_a125,confirmatory,9318,4,0.75,0.125,feedback_only,comb_contiguous_k1,comb_contiguous,comb,1,0.225,0.125,1.0,64,64,8,fixed_cache,pilot16,256,0.6927462159019384
s9318_r4_n750_a125,confirmatory,9318,4,0.75,0.125,feedback_only,comb_contiguous_k2,comb_contiguous,comb,2,0.35,0.25,1.0,64,64,16,fixed_cache,pilot16,256,0.6006045613682593
s9318_r4_n750_a125,confirmatory,9318,4,0.75,0.125,feedback_only,comb_contiguous_k4,comb_contiguous,comb,4,0.6,0.5,1.0,64,64,32,fixed_cache,pilot16,256,0.5028022637470979
s9318_r4_n750_a125,confirmatory,9318,4,0.75,0.125,feedback_only,comb_contiguous_k8,comb_contiguous,comb,8,1.1,1.0,1.0,64,64,64,fixed_cache,pilot16,256,0.3452185720708363
s9318_r4_n750_a125,confirmatory,9318,4,0.75,0.125,feedback_only,balanced_contiguous_k1,balanced_contiguous,balanced,1,0.1737418407321983,0.125,0.487418407321983,64,64,8,fresh_iid,pilot16,256,0.6818429927789188
s9318_r4_n750_a125,confirmatory,9318,4,0.75,0.125,feedback_only,balanced_contiguous_k2,balanced_contiguous,balanced,2,0.2987418407321983,0.25,0.487418407321983,64,64,16,fresh_iid,pilot16,256,0.5553249546684846
s9318_r4_n750_a125,confirmatory,9318,4,0.75,0.125,feedback_only,balanced_contiguous_k4,balanced_contiguous,balanced,4,0.5487418407321983,0.5,0.487418407321983,64,64,32,fresh_iid,pilot16,256,0.3487430948511212
s9318_r4_n750_a125,confirmatory,9318,4,0.75,0.125,feedback_only,balanced_contiguous_k8,balanced_contiguous,balanced,8,1.0487418407321982,1.0,0.487418407321983,64,64,64,fresh_iid,pilot16,256,0.3460232584418659
s9318_r4_n750_a125,confirmatory,9318,4,0.75,0.125,feedback_only,balanced_interleaved_k1,balanced_interleaved,balanced,1,0.19088469787505546,0.125,0.6588469787505544,64,64,8,fresh_iid,pilot16,256,0.6818429927789188
s9318_r4_n750_a125,confirmatory,9318,4,0.75,0.125,feedback_only,balanced_interleaved_k2,balanced_interleaved,balanced,2,0.31588469787505546,0.25,0.6588469787505544,64,64,16,fresh_iid,pilot16,256,0.6742905933851673
s9318_r4_n750_a125,confirmatory,9318,4,0.75,0.125,feedback_only,balanced_interleaved_k4,balanced_interleaved,balanced,4,0.5658846978750555,0.5,0.6588469787505544,64,64,32,fresh_iid,pilot16,256,0.5687676351403228
s9318_r4_n750_a125,confirmatory,9318,4,0.75,0.125,feedback_only,balanced_interleaved_k8,balanced_interleaved,balanced,8,1.0658846978750554,1.0,0.6588469787505544,64,64,64,fresh_iid,pilot16,256,0.3460232584418659
s9318_r4_n750_a125,confirmatory,9318,4,0.75,0.125,feedback_only,balanced_permutation_a_k1,balanced_permutation_a,balanced,1,0.18899250811836066,0.125,0.6399250811836067,64,64,8,fresh_iid,pilot16,256,0.6818429927789188
s9318_r4_n750_a125,confirmatory,9318,4,0.75,0.125,feedback_only,balanced_permutation_a_k2,balanced_permutation_a,balanced,2,0.31399250811836066,0.25,0.6399250811836067,64,64,16,fresh_iid,pilot16,256,0.6732427023415254
s9318_r4_n750_a125,confirmatory,9318,4,0.75,0.125,feedback_only,balanced_permutation_a_k4,balanced_permutation_a,balanced,4,0.5639925081183607,0.5,0.6399250811836067,64,64,32,fresh_iid,pilot16,256,0.5214472683737487
s9318_r4_n750_a125,confirmatory,9318,4,0.75,0.125,feedback_only,balanced_permutation_a_k8,balanced_permutation_a,balanced,8,1.0639925081183608,1.0,0.6399250811836067,64,64,64,fresh_iid,pilot16,256,0.3460232584418659
s9318_r4_n750_a125,confirmatory,9318,4,0.75,0.125,feedback_only,balanced_permutation_b_k1,balanced_permutation_b,balanced,1,0.18840039778945986,0.125,0.6340039778945984,64,64,8,fresh_iid,pilot16,256,0.6818429927789188
s9318_r4_n750_a125,confirmatory,9318,4,0.75,0.125,feedback_only,balanced_permutation_b_k2,balanced_permutation_b,balanced,2,0.31340039778945983,0.25,0.6340039778945984,64,64,16,fresh_iid,pilot16,256,0.6739979783911438
s9318_r4_n750_a125,confirmatory,9318,4,0.75,0.125,feedback_only,balanced_permutation_b_k4,balanced_permutation_b,balanced,4,0.5634003977894598,0.5,0.6340039778945984,64,64,32,fresh_iid,pilot16,256,0.5178558014328898
s9318_r4_n750_a125,confirmatory,9318,4,0.75,0.125,feedback_only,balanced_permutation_b_k8,balanced_permutation_b,balanced,8,1.06340039778946,1.0,0.6340039778945984,64,64,64,fresh_iid,pilot16,256,0.3460232584418659
s9318_r4_n750_a125,confirmatory,9318,4,0.75,0.125,feedback_only,comb_contiguous_k1,comb_contiguous,comb,1,0.225,0.125,1.0,64,64,8,fresh_iid,pilot16,256,0.6818429927789188
s9318_r4_n750_a125,confirmatory,9318,4,0.75,0.125,feedback_only,comb_contiguous_k2,comb_contiguous,comb,2,0.35,0.25,1.0,64,64,16,fresh_iid,pilot16,256,0.5992102039019853
s9318_r4_n750_a125,confirmatory,9318,4,0.75,0.125,feedback_only,comb_contiguous_k4,comb_contiguous,comb,4,0.6,0.5,1.0,64,64,32,fresh_iid,pilot16,256,0.49360304338903493
s9318_r4_n750_a125,confirmatory,9318,4,0.75,0.125,feedback_only,comb_contiguous_k8,comb_contiguous,comb,8,1.1,1.0,1.0,64,64,64,fresh_iid,pilot16,256,0.3460232584418659
s9318_r4_n750_a125,confirmatory,9318,4,0.75,0.125,joint_forward_feedback,balanced_contiguous_k1,balanced_contiguous,balanced,1,0.1737418407321983,0.125,0.487418407321983,64,64,8,fixed_cache,pilot16,256,0.7164852964877715
s9318_r4_n750_a125,confirmatory,9318,4,0.75,0.125,joint_forward_feedback,balanced_contiguous_k2,balanced_contiguous,balanced,2,0.2987418407321983,0.25,0.487418407321983,64,64,16,fixed_cache,pilot16,256,0.5993610749084128
s9318_r4_n750_a125,confirmatory,9318,4,0.75,0.125,joint_forward_feedback,balanced_contiguous_k4,balanced_contiguous,balanced,4,0.5487418407321983,0.5,0.487418407321983,64,64,32,fixed_cache,pilot16,256,0.4345617080145523
s9318_r4_n750_a125,confirmatory,9318,4,0.75,0.125,joint_forward_feedback,balanced_contiguous_k8,balanced_contiguous,balanced,8,1.0487418407321982,1.0,0.487418407321983,64,64,64,fixed_cache,pilot16,256,0.43171665783324276
s9318_r4_n750_a125,confirmatory,9318,4,0.75,0.125,joint_forward_feedback,balanced_interleaved_k1,balanced_interleaved,balanced,1,0.19088469787505546,0.125,0.6588469787505544,64,64,8,fixed_cache,pilot16,256,0.7095592048961031
s9318_r4_n750_a125,confirmatory,9318,4,0.75,0.125,joint_forward_feedback,balanced_interleaved_k2,balanced_interleaved,balanced,2,0.31588469787505546,0.25,0.6588469787505544,64,64,16,fixed_cache,pilot16,256,0.7036937640546744
s9318_r4_n750_a125,confirmatory,9318,4,0.75,0.125,joint_forward_feedback,balanced_interleaved_k4,balanced_interleaved,balanced,4,0.5658846978750555,0.5,0.6588469787505544,64,64,32,fixed_cache,pilot16,256,0.606897932037062
s9318_r4_n750_a125,confirmatory,9318,4,0.75,0.125,joint_forward_feedback,balanced_interleaved_k8,balanced_interleaved,balanced,8,1.0658846978750554,1.0,0.6588469787505544,64,64,64,fixed_cache,pilot16,256,0.42011528262412157
s9318_r4_n750_a125,confirmatory,9318,4,0.75,0.125,joint_forward_feedback,balanced_permutation_a_k1,balanced_permutation_a,balanced,1,0.18899250811836066,0.125,0.6399250811836067,64,64,8,fixed_cache,pilot16,256,0.7092267919340727
s9318_r4_n750_a125,confirmatory,9318,4,0.75,0.125,joint_forward_feedback,balanced_permutation_a_k2,balanced_permutation_a,balanced,2,0.31399250811836066,0.25,0.6399250811836067,64,64,16,fixed_cache,pilot16,256,0.7006571789251683
s9318_r4_n750_a125,confirmatory,9318,4,0.75,0.125,joint_forward_feedback,balanced_permutation_a_k4,balanced_permutation_a,balanced,4,0.5639925081183607,0.5,0.6399250811836067,64,64,32,fixed_cache,pilot16,256,0.5776318734873002
s9318_r4_n750_a125,confirmatory,9318,4,0.75,0.125,joint_forward_feedback,balanced_permutation_a_k8,balanced_permutation_a,balanced,8,1.0639925081183608,1.0,0.6399250811836067,64,64,64,fixed_cache,pilot16,256,0.425013939785792
s9318_r4_n750_a125,confirmatory,9318,4,0.75,0.125,joint_forward_feedback,balanced_permutation_b_k1,balanced_permutation_b,balanced,1,0.18840039778945986,0.125,0.6340039778945984,64,64,8,fixed_cache,pilot16,256,0.709783469190804
s9318_r4_n750_a125,confirmatory,9318,4,0.75,0.125,joint_forward_feedback,balanced_permutation_b_k2,balanced_permutation_b,balanced,2,0.31340039778945983,0.25,0.6340039778945984,64,64,16,fixed_cache,pilot16,256,0.7061123627329817
s9318_r4_n750_a125,confirmatory,9318,4,0.75,0.125,joint_forward_feedback,balanced_permutation_b_k4,balanced_permutation_b,balanced,4,0.5634003977894598,0.5,0.6340039778945984,64,64,32,fixed_cache,pilot16,256,0.580846951833356
s9318_r4_n750_a125,confirmatory,9318,4,0.75,0.125,joint_forward_feedback,balanced_permutation_b_k8,balanced_permutation_b,balanced,8,1.06340039778946,1.0,0.6340039778945984,64,64,64,fixed_cache,pilot16,256,0.42474319983505326
s9318_r4_n750_a125,confirmatory,9318,4,0.75,0.125,joint_forward_feedback,comb_contiguous_k1,comb_contiguous,comb,1,0.225,0.125,1.0,64,64,8,fixed_cache,pilot16,256,0.7058778279123034
s9318_r4_n750_a125,confirmatory,9318,4,0.75,0.125,joint_forward_feedback,comb_contiguous_k2,comb_contiguous,comb,2,0.35,0.25,1.0,64,64,16,fixed_cache,pilot16,256,0.6241014670015399
s9318_r4_n750_a125,confirmatory,9318,4,0.75,0.125,joint_forward_feedback,comb_contiguous_k4,comb_contiguous,comb,4,0.6,0.5,1.0,64,64,32,fixed_cache,pilot16,256,0.5378177544049406
s9318_r4_n750_a125,confirmatory,9318,4,0.75,0.125,joint_forward_feedback,comb_contiguous_k8,comb_contiguous,comb,8,1.1,1.0,1.0,64,64,64,fixed_cache,pilot16,256,0.3977043401926075
s9318_r4_n750_a125,confirmatory,9318,4,0.75,0.125,joint_forward_feedback,balanced_contiguous_k1,balanced_contiguous,balanced,1,0.1737418407321983,0.125,0.487418407321983,64,64,8,fresh_iid,pilot16,256,0.6988710340141988
s9318_r4_n750_a125,confirmatory,9318,4,0.75,0.125,joint_forward_feedback,balanced_contiguous_k2,balanced_contiguous,balanced,2,0.2987418407321983,0.25,0.487418407321983,64,64,16,fresh_iid,pilot16,256,0.5965365252428396
s9318_r4_n750_a125,confirmatory,9318,4,0.75,0.125,joint_forward_feedback,balanced_contiguous_k4,balanced_contiguous,balanced,4,0.5487418407321983,0.5,0.487418407321983,64,64,32,fresh_iid,pilot16,256,0.43954098470052516
s9318_r4_n750_a125,confirmatory,9318,4,0.75,0.125,joint_forward_feedback,balanced_contiguous_k8,balanced_contiguous,balanced,8,1.0487418407321982,1.0,0.487418407321983,64,64,64,fresh_iid,pilot16,256,0.4365851645952976
s9318_r4_n750_a125,confirmatory,9318,4,0.75,0.125,joint_forward_feedback,balanced_interleaved_k1,balanced_interleaved,balanced,1,0.19088469787505546,0.125,0.6588469787505544,64,64,8,fresh_iid,pilot16,256,0.6928557762420022
s9318_r4_n750_a125,confirmatory,9318,4,0.75,0.125,joint_forward_feedback,balanced_interleaved_k2,balanced_interleaved,balanced,2,0.31588469787505546,0.25,0.6588469787505544,64,64,16,fresh_iid,pilot16,256,0.6881066568480602
s9318_r4_n750_a125,confirmatory,9318,4,0.75,0.125,joint_forward_feedback,balanced_interleaved_k4,balanced_interleaved,balanced,4,0.5658846978750555,0.5,0.6588469787505544,64,64,32,fresh_iid,pilot16,256,0.5949655254765372
s9318_r4_n750_a125,confirmatory,9318,4,0.75,0.125,joint_forward_feedback,balanced_interleaved_k8,balanced_interleaved,balanced,8,1.0658846978750554,1.0,0.6588469787505544,64,64,64,fresh_iid,pilot16,256,0.42475435024129227
s9318_r4_n750_a125,confirmatory,9318,4,0.75,0.125,joint_forward_feedback,balanced_permutation_a_k1,balanced_permutation_a,balanced,1,0.18899250811836066,0.125,0.6399250811836067,64,64,8,fresh_iid,pilot16,256,0.6929552030086892
s9318_r4_n750_a125,confirmatory,9318,4,0.75,0.125,joint_forward_feedback,balanced_permutation_a_k2,balanced_permutation_a,balanced,2,0.31399250811836066,0.25,0.6399250811836067,64,64,16,fresh_iid,pilot16,256,0.6860399805657953
s9318_r4_n750_a125,confirmatory,9318,4,0.75,0.125,joint_forward_feedback,balanced_permutation_a_k4,balanced_permutation_a,balanced,4,0.5639925081183607,0.5,0.6399250811836067,64,64,32,fresh_iid,pilot16,256,0.5721592249197893
s9318_r4_n750_a125,confirmatory,9318,4,0.75,0.125,joint_forward_feedback,balanced_permutation_a_k8,balanced_permutation_a,balanced,8,1.0639925081183608,1.0,0.6399250811836067,64,64,64,fresh_iid,pilot16,256,0.4284112372987508
s9318_r4_n750_a125,confirmatory,9318,4,0.75,0.125,joint_forward_feedback,balanced_permutation_b_k1,balanced_permutation_b,balanced,1,0.18840039778945986,0.125,0.6340039778945984,64,64,8,fresh_iid,pilot16,256,0.6932956068537102
s9318_r4_n750_a125,confirmatory,9318,4,0.75,0.125,joint_forward_feedback,balanced_permutation_b_k2,balanced_permutation_b,balanced,2,0.31340039778945983,0.25,0.6340039778945984,64,64,16,fresh_iid,pilot16,256,0.6899329822184067
s9318_r4_n750_a125,confirmatory,9318,4,0.75,0.125,joint_forward_feedback,balanced_permutation_b_k4,balanced_permutation_b,balanced,4,0.5634003977894598,0.5,0.6340039778945984,64,64,32,fresh_iid,pilot16,256,0.5739921118517044
s9318_r4_n750_a125,confirmatory,9318,4,0.75,0.125,joint_forward_feedback,balanced_permutation_b_k8,balanced_permutation_b,balanced,8,1.06340039778946,1.0,0.6340039778945984,64,64,64,fresh_iid,pilot16,256,0.4278626720833126
s9318_r4_n750_a125,confirmatory,9318,4,0.75,0.125,joint_forward_feedback,comb_contiguous_k1,comb_contiguous,comb,1,0.225,0.125,1.0,64,64,8,fresh_iid,pilot16,256,0.6882023143320976
s9318_r4_n750_a125,confirmatory,9318,4,0.75,0.125,joint_forward_feedback,comb_contiguous_k2,comb_contiguous,comb,2,0.35,0.25,1.0,64,64,16,fresh_iid,pilot16,256,0.6178903586190961
s9318_r4_n750_a125,confirmatory,9318,4,0.75,0.125,joint_forward_feedback,comb_contiguous_k4,comb_contiguous,comb,4,0.6,0.5,1.0,64,64,32,fresh_iid,pilot16,256,0.5266578083388278
s9318_r4_n750_a125,confirmatory,9318,4,0.75,0.125,joint_forward_feedback,comb_contiguous_k8,comb_contiguous,comb,8,1.1,1.0,1.0,64,64,64,fresh_iid,pilot16,256,0.4019162639748802
s9318_r4_n750_a375,confirmatory,9318,4,0.75,0.375,feedback_only,balanced_contiguous_k1,balanced_contiguous,balanced,1,0.1737418407321983,0.125,0.487418407321983,64,64,8,fixed_cache,pilot16,256,0.6977893655211861
s9318_r4_n750_a375,confirmatory,9318,4,0.75,0.375,feedback_only,balanced_contiguous_k2,balanced_contiguous,balanced,2,0.2987418407321983,0.25,0.487418407321983,64,64,16,fixed_cache,pilot16,256,0.5736161619779634
s9318_r4_n750_a375,confirmatory,9318,4,0.75,0.375,feedback_only,balanced_contiguous_k4,balanced_contiguous,balanced,4,0.5487418407321983,0.5,0.487418407321983,64,64,32,fixed_cache,pilot16,256,0.37934561572048375
s9318_r4_n750_a375,confirmatory,9318,4,0.75,0.375,feedback_only,balanced_contiguous_k8,balanced_contiguous,balanced,8,1.0487418407321982,1.0,0.487418407321983,64,64,64,fixed_cache,pilot16,256,0.3573351791559689
s9318_r4_n750_a375,confirmatory,9318,4,0.75,0.375,feedback_only,balanced_interleaved_k1,balanced_interleaved,balanced,1,0.19088469787505546,0.125,0.6588469787505544,64,64,8,fixed_cache,pilot16,256,0.6977893655211861
s9318_r4_n750_a375,confirmatory,9318,4,0.75,0.375,feedback_only,balanced_interleaved_k2,balanced_interleaved,balanced,2,0.31588469787505546,0.25,0.6588469787505544,64,64,16,fixed_cache,pilot16,256,0.6594067621483152
s9318_r4_n750_a375,confirmatory,9318,4,0.75,0.375,feedback_only,balanced_interleaved_k4,balanced_interleaved,balanced,4,0.5658846978750555,0.5,0.6588469787505544,64,64,32,fixed_cache,pilot16,256,0.5568072167708977
s9318_r4_n750_a375,confirmatory,9318,4,0.75,0.375,feedback_only,balanced_interleaved_k8,balanced_interleaved,balanced,8,1.0658846978750554,1.0,0.6588469787505544,64,64,64,fixed_cache,pilot16,256,0.3573351791559689
s9318_r4_n750_a375,confirmatory,9318,4,0.75,0.375,feedback_only,balanced_permutation_a_k1,balanced_permutation_a,balanced,1,0.18899250811836066,0.125,0.6399250811836067,64,64,8,fixed_cache,pilot16,256,0.6977893655211861
s9318_r4_n750_a375,confirmatory,9318,4,0.75,0.375,feedback_only,balanced_permutation_a_k2,balanced_permutation_a,balanced,2,0.31399250811836066,0.25,0.6399250811836067,64,64,16,fixed_cache,pilot16,256,0.6412446145631836
s9318_r4_n750_a375,confirmatory,9318,4,0.75,0.375,feedback_only,balanced_permutation_a_k4,balanced_permutation_a,balanced,4,0.5639925081183607,0.5,0.6399250811836067,64,64,32,fixed_cache,pilot16,256,0.5355752191000009
s9318_r4_n750_a375,confirmatory,9318,4,0.75,0.375,feedback_only,balanced_permutation_a_k8,balanced_permutation_a,balanced,8,1.0639925081183608,1.0,0.6399250811836067,64,64,64,fixed_cache,pilot16,256,0.3573351791559689
s9318_r4_n750_a375,confirmatory,9318,4,0.75,0.375,feedback_only,balanced_permutation_b_k1,balanced_permutation_b,balanced,1,0.18840039778945986,0.125,0.6340039778945984,64,64,8,fixed_cache,pilot16,256,0.6977893655211861
s9318_r4_n750_a375,confirmatory,9318,4,0.75,0.375,feedback_only,balanced_permutation_b_k2,balanced_permutation_b,balanced,2,0.31340039778945983,0.25,0.6340039778945984,64,64,16,fixed_cache,pilot16,256,0.6696257943886492
s9318_r4_n750_a375,confirmatory,9318,4,0.75,0.375,feedback_only,balanced_permutation_b_k4,balanced_permutation_b,balanced,4,0.5634003977894598,0.5,0.6340039778945984,64,64,32,fixed_cache,pilot16,256,0.5397340147849761
s9318_r4_n750_a375,confirmatory,9318,4,0.75,0.375,feedback_only,balanced_permutation_b_k8,balanced_permutation_b,balanced,8,1.06340039778946,1.0,0.6340039778945984,64,64,64,fixed_cache,pilot16,256,0.3573351791559689
s9318_r4_n750_a375,confirmatory,9318,4,0.75,0.375,feedback_only,comb_contiguous_k1,comb_contiguous,comb,1,0.225,0.125,1.0,64,64,8,fixed_cache,pilot16,256,0.6977893655211861
s9318_r4_n750_a375,confirmatory,9318,4,0.75,0.375,feedback_only,comb_contiguous_k2,comb_contiguous,comb,2,0.35,0.25,1.0,64,64,16,fixed_cache,pilot16,256,0.6036713726264957
s9318_r4_n750_a375,confirmatory,9318,4,0.75,0.375,feedback_only,comb_contiguous_k4,comb_contiguous,comb,4,0.6,0.5,1.0,64,64,32,fixed_cache,pilot16,256,0.5179387220329656
s9318_r4_n750_a375,confirmatory,9318,4,0.75,0.375,feedback_only,comb_contiguous_k8,comb_contiguous,comb,8,1.1,1.0,1.0,64,64,64,fixed_cache,pilot16,256,0.3573351791559689
s9318_r4_n750_a375,confirmatory,9318,4,0.75,0.375,feedback_only,balanced_contiguous_k1,balanced_contiguous,balanced,1,0.1737418407321983,0.125,0.487418407321983,64,64,8,fresh_iid,pilot16,256,0.6995111902742435
s9318_r4_n750_a375,confirmatory,9318,4,0.75,0.375,feedback_only,balanced_contiguous_k2,balanced_contiguous,balanced,2,0.2987418407321983,0.25,0.487418407321983,64,64,16,fresh_iid,pilot16,256,0.5836688330461416
s9318_r4_n750_a375,confirmatory,9318,4,0.75,0.375,feedback_only,balanced_contiguous_k4,balanced_contiguous,balanced,4,0.5487418407321983,0.5,0.487418407321983,64,64,32,fresh_iid,pilot16,256,0.3645602644091729
s9318_r4_n750_a375,confirmatory,9318,4,0.75,0.375,feedback_only,balanced_contiguous_k8,balanced_contiguous,balanced,8,1.0487418407321982,1.0,0.487418407321983,64,64,64,fresh_iid,pilot16,256,0.34143423148295615
s9318_r4_n750_a375,confirmatory,9318,4,0.75,0.375,feedback_only,balanced_interleaved_k1,balanced_interleaved,balanced,1,0.19088469787505546,0.125,0.6588469787505544,64,64,8,fresh_iid,pilot16,256,0.6995111902742435
s9318_r4_n750_a375,confirmatory,9318,4,0.75,0.375,feedback_only,balanced_interleaved_k2,balanced_interleaved,balanced,2,0.31588469787505546,0.25,0.6588469787505544,64,64,16,fresh_iid,pilot16,256,0.6599309521948599
s9318_r4_n750_a375,confirmatory,9318,4,0.75,0.375,feedback_only,balanced_interleaved_k4,balanced_interleaved,balanced,4,0.5658846978750555,0.5,0.6588469787505544,64,64,32,fresh_iid,pilot16,256,0.5634246199609907
s9318_r4_n750_a375,confirmatory,9318,4,0.75,0.375,feedback_only,balanced_interleaved_k8,balanced_interleaved,balanced,8,1.0658846978750554,1.0,0.6588469787505544,64,64,64,fresh_iid,pilot16,256,0.34143423148295615
s9318_r4_n750_a375,confirmatory,9318,4,0.75,0.375,feedback_only,balanced_permutation_a_k1,balanced_permutation_a,balanced,1,0.18899250811836066,0.125,0.6399250811836067,64,64,8,fresh_iid,pilot16,256,0.6995111902742435
s9318_r4_n750_a375,confirmatory,9318,4,0.75,0.375,feedback_only,balanced_permutation_a_k2,balanced_permutation_a,balanced,2,0.31399250811836066,0.25,0.6399250811836067,64,64,16,fresh_iid,pilot16,256,0.6608026091431708
s9318_r4_n750_a375,confirmatory,9318,4,0.75,0.375,feedback_only,balanced_permutation_a_k4,balanced_permutation_a,balanced,4,0.5639925081183607,0.5,0.6399250811836067,64,64,32,fresh_iid,pilot16,256,0.5203462602946807
s9318_r4_n750_a375,confirmatory,9318,4,0.75,0.375,feedback_only,balanced_permutation_a_k8,balanced_permutation_a,balanced,8,1.0639925081183608,1.0,0.6399250811836067,64,64,64,fresh_iid,pilot16,256,0.34143423148295615
s9318_r4_n750_a375,confirmatory,9318,4,0.75,0.375,feedback_only,balanced_permutation_b_k1,balanced_permutation_b,balanced,1,0.18840039778945986,0.125,0.6340039778945984,64,64,8,fresh_iid,pilot16,256,0.6995111902742435
s9318_r4_n750_a375,confirmatory,9318,4,0.75,0.375,feedback_only,balanced_permutation_b_k2,balanced_permutation_b,balanced,2,0.31340039778945983,0.25,0.6340039778945984,64,64,16,fresh_iid,pilot16,256,0.668101906861299
s9318_r4_n750_a375,confirmatory,9318,4,0.75,0.375,feedback_only,balanced_permutation_b_k4,balanced_permutation_b,balanced,4,0.5634003977894598,0.5,0.6340039778945984,64,64,32,fresh_iid,pilot16,256,0.5111721658050148
s9318_r4_n750_a375,confirmatory,9318,4,0.75,0.375,feedback_only,balanced_permutation_b_k8,balanced_permutation_b,balanced,8,1.06340039778946,1.0,0.6340039778945984,64,64,64,fresh_iid,pilot16,256,0.34143423148295615
s9318_r4_n750_a375,confirmatory,9318,4,0.75,0.375,feedback_only,comb_contiguous_k1,comb_contiguous,comb,1,0.225,0.125,1.0,64,64,8,fresh_iid,pilot16,256,0.6995111902742435
s9318_r4_n750_a375,confirmatory,9318,4,0.75,0.375,feedback_only,comb_contiguous_k2,comb_contiguous,comb,2,0.35,0.25,1.0,64,64,16,fresh_iid,pilot16,256,0.6384175228302279
s9318_r4_n750_a375,confirmatory,9318,4,0.75,0.375,feedback_only,comb_contiguous_k4,comb_contiguous,comb,4,0.6,0.5,1.0,64,64,32,fresh_iid,pilot16,256,0.5181805528407417
s9318_r4_n750_a375,confirmatory,9318,4,0.75,0.375,feedback_only,comb_contiguous_k8,comb_contiguous,comb,8,1.1,1.0,1.0,64,64,64,fresh_iid,pilot16,256,0.34143423148295615
s9318_r4_n750_a375,confirmatory,9318,4,0.75,0.375,joint_forward_feedback,balanced_contiguous_k1,balanced_contiguous,balanced,1,0.1737418407321983,0.125,0.487418407321983,64,64,8,fixed_cache,pilot16,256,0.7244805532766919
s9318_r4_n750_a375,confirmatory,9318,4,0.75,0.375,joint_forward_feedback,balanced_contiguous_k2,balanced_contiguous,balanced,2,0.2987418407321983,0.25,0.487418407321983,64,64,16,fixed_cache,pilot16,256,0.6267851035443563
s9318_r4_n750_a375,confirmatory,9318,4,0.75,0.375,joint_forward_feedback,balanced_contiguous_k4,balanced_contiguous,balanced,4,0.5487418407321983,0.5,0.487418407321983,64,64,32,fixed_cache,pilot16,256,0.4826601300092493
s9318_r4_n750_a375,confirmatory,9318,4,0.75,0.375,joint_forward_feedback,balanced_contiguous_k8,balanced_contiguous,balanced,8,1.0487418407321982,1.0,0.487418407321983,64,64,64,fixed_cache,pilot16,256,0.4612893135594478
s9318_r4_n750_a375,confirmatory,9318,4,0.75,0.375,joint_forward_feedback,balanced_interleaved_k1,balanced_interleaved,balanced,1,0.19088469787505546,0.125,0.6588469787505544,64,64,8,fixed_cache,pilot16,256,0.7162099959016601
s9318_r4_n750_a375,confirmatory,9318,4,0.75,0.375,joint_forward_feedback,balanced_interleaved_k2,balanced_interleaved,balanced,2,0.31588469787505546,0.25,0.6588469787505544,64,64,16,fixed_cache,pilot16,256,0.6909159969212351
s9318_r4_n750_a375,confirmatory,9318,4,0.75,0.375,joint_forward_feedback,balanced_interleaved_k4,balanced_interleaved,balanced,4,0.5658846978750555,0.5,0.6588469787505544,64,64,32,fixed_cache,pilot16,256,0.5963424484296238
s9318_r4_n750_a375,confirmatory,9318,4,0.75,0.375,joint_forward_feedback,balanced_interleaved_k8,balanced_interleaved,balanced,8,1.0658846978750554,1.0,0.6588469787505544,64,64,64,fixed_cache,pilot16,256,0.4356673922719607
s9318_r4_n750_a375,confirmatory,9318,4,0.75,0.375,joint_forward_feedback,balanced_permutation_a_k1,balanced_permutation_a,balanced,1,0.18899250811836066,0.125,0.6399250811836067,64,64,8,fixed_cache,pilot16,256,0.7162583729931518
s9318_r4_n750_a375,confirmatory,9318,4,0.75,0.375,joint_forward_feedback,balanced_permutation_a_k2,balanced_permutation_a,balanced,2,0.31399250811836066,0.25,0.6399250811836067,64,64,16,fixed_cache,pilot16,256,0.6740284721326766
s9318_r4_n750_a375,confirmatory,9318,4,0.75,0.375,joint_forward_feedback,balanced_permutation_a_k4,balanced_permutation_a,balanced,4,0.5639925081183607,0.5,0.6399250811836067,64,64,32,fixed_cache,pilot16,256,0.5853350103453868
s9318_r4_n750_a375,confirmatory,9318,4,0.75,0.375,joint_forward_feedback,balanced_permutation_a_k8,balanced_permutation_a,balanced,8,1.0639925081183608,1.0,0.6399250811836067,64,64,64,fixed_cache,pilot16,256,0.4454247401370063
s9318_r4_n750_a375,confirmatory,9318,4,0.75,0.375,joint_forward_feedback,balanced_permutation_b_k1,balanced_permutation_b,balanced,1,0.18840039778945986,0.125,0.6340039778945984,64,64,8,fixed_cache,pilot16,256,0.7176518929718927
s9318_r4_n750_a375,confirmatory,9318,4,0.75,0.375,joint_forward_feedback,balanced_permutation_b_k2,balanced_permutation_b,balanced,2,0.31340039778945983,0.25,0.6340039778945984,64,64,16,fixed_cache,pilot16,256,0.6985382381559204
s9318_r4_n750_a375,confirmatory,9318,4,0.75,0.375,joint_forward_feedback,balanced_permutation_b_k4,balanced_permutation_b,balanced,4,0.5634003977894598,0.5,0.6340039778945984,64,64,32,fixed_cache,pilot16,256,0.5964413044408127
s9318_r4_n750_a375,confirmatory,9318,4,0.75,0.375,joint_forward_feedback,balanced_permutation_b_k8,balanced_permutation_b,balanced,8,1.06340039778946,1.0,0.6340039778945984,64,64,64,fixed_cache,pilot16,256,0.43805747701958053
s9318_r4_n750_a375,confirmatory,9318,4,0.75,0.375,joint_forward_feedback,comb_contiguous_k1,comb_contiguous,comb,1,0.225,0.125,1.0,64,64,8,fixed_cache,pilot16,256,0.7136577670467552
s9318_r4_n750_a375,confirmatory,9318,4,0.75,0.375,joint_forward_feedback,comb_contiguous_k2,comb_contiguous,comb,2,0.35,0.25,1.0,64,64,16,fixed_cache,pilot16,256,0.6278451599670913
s9318_r4_n750_a375,confirmatory,9318,4,0.75,0.375,joint_forward_feedback,comb_contiguous_k4,comb_contiguous,comb,4,0.6,0.5,1.0,64,64,32,fixed_cache,pilot16,256,0.5557159945345689
s9318_r4_n750_a375,confirmatory,9318,4,0.75,0.375,joint_forward_feedback,comb_contiguous_k8,comb_contiguous,comb,8,1.1,1.0,1.0,64,64,64,fixed_cache,pilot16,256,0.41930245534009963
s9318_r4_n750_a375,confirmatory,9318,4,0.75,0.375,joint_forward_feedback,balanced_contiguous_k1,balanced_contiguous,balanced,1,0.1737418407321983,0.125,0.487418407321983,64,64,8,fresh_iid,pilot16,256,0.7222458473116308
s9318_r4_n750_a375,confirmatory,9318,4,0.75,0.375,joint_forward_feedback,balanced_contiguous_k2,balanced_contiguous,balanced,2,0.2987418407321983,0.25,0.487418407321983,64,64,16,fresh_iid,pilot16,256,0.6306204562434055
s9318_r4_n750_a375,confirmatory,9318,4,0.75,0.375,joint_forward_feedback,balanced_contiguous_k4,balanced_contiguous,balanced,4,0.5487418407321983,0.5,0.487418407321983,64,64,32,fresh_iid,pilot16,256,0.4746164686568263
s9318_r4_n750_a375,confirmatory,9318,4,0.75,0.375,joint_forward_feedback,balanced_contiguous_k8,balanced_contiguous,balanced,8,1.0487418407321982,1.0,0.487418407321983,64,64,64,fresh_iid,pilot16,256,0.4504271428425761
s9318_r4_n750_a375,confirmatory,9318,4,0.75,0.375,joint_forward_feedback,balanced_interleaved_k1,balanced_interleaved,balanced,1,0.19088469787505546,0.125,0.6588469787505544,64,64,8,fresh_iid,pilot16,256,0.7146338311359567
s9318_r4_n750_a375,confirmatory,9318,4,0.75,0.375,joint_forward_feedback,balanced_interleaved_k2,balanced_interleaved,balanced,2,0.31588469787505546,0.25,0.6588469787505544,64,64,16,fresh_iid,pilot16,256,0.6889989523127749
s9318_r4_n750_a375,confirmatory,9318,4,0.75,0.375,joint_forward_feedback,balanced_interleaved_k4,balanced_interleaved,balanced,4,0.5658846978750555,0.5,0.6588469787505544,64,64,32,fresh_iid,pilot16,256,0.6006005794900161
s9318_r4_n750_a375,confirmatory,9318,4,0.75,0.375,joint_forward_feedback,balanced_interleaved_k8,balanced_interleaved,balanced,8,1.0658846978750554,1.0,0.6588469787505544,64,64,64,fresh_iid,pilot16,256,0.42326272819891025
s9318_r4_n750_a375,confirmatory,9318,4,0.75,0.375,joint_forward_feedback,balanced_permutation_a_k1,balanced_permutation_a,balanced,1,0.18899250811836066,0.125,0.6399250811836067,64,64,8,fresh_iid,pilot16,256,0.7150683841261918
s9318_r4_n750_a375,confirmatory,9318,4,0.75,0.375,joint_forward_feedback,balanced_permutation_a_k2,balanced_permutation_a,balanced,2,0.31399250811836066,0.25,0.6399250811836067,64,64,16,fresh_iid,pilot16,256,0.6855964505533683
s9318_r4_n750_a375,confirmatory,9318,4,0.75,0.375,joint_forward_feedback,balanced_permutation_a_k4,balanced_permutation_a,balanced,4,0.5639925081183607,0.5,0.6399250811836067,64,64,32,fresh_iid,pilot16,256,0.5772419012189804
s9318_r4_n750_a375,confirmatory,9318,4,0.75,0.375,joint_forward_feedback,balanced_permutation_a_k8,balanced_permutation_a,balanced,8,1.0639925081183608,1.0,0.6399250811836067,64,64,64,fresh_iid,pilot16,256,0.4301682886413146
s9318_r4_n750_a375,confirmatory,9318,4,0.75,0.375,joint_forward_feedback,balanced_permutation_b_k1,balanced_permutation_b,balanced,1,0.18840039778945986,0.125,0.6340039778945984,64,64,8,fresh_iid,pilot16,256,0.7162709059193202
s9318_r4_n750_a375,confirmatory,9318,4,0.75,0.375,joint_forward_feedback,balanced_permutation_b_k2,balanced_permutation_b,balanced,2,0.31340039778945983,0.25,0.6340039778945984,64,64,16,fresh_iid,pilot16,256,0.6976419559064746
s9318_r4_n750_a375,confirmatory,9318,4,0.75,0.375,joint_forward_feedback,balanced_permutation_b_k4,balanced_permutation_b,balanced,4,0.5634003977894598,0.5,0.6340039778945984,64,64,32,fresh_iid,pilot16,256,0.5671056363502915
s9318_r4_n750_a375,confirmatory,9318,4,0.75,0.375,joint_forward_feedback,balanced_permutation_b_k8,balanced_permutation_b,balanced,8,1.06340039778946,1.0,0.6340039778945984,64,64,64,fresh_iid,pilot16,256,0.4240518329939878
s9318_r4_n750_a375,confirmatory,9318,4,0.75,0.375,joint_forward_feedback,comb_contiguous_k1,comb_contiguous,comb,1,0.225,0.125,1.0,64,64,8,fresh_iid,pilot16,256,0.7104596587246701
s9318_r4_n750_a375,confirmatory,9318,4,0.75,0.375,joint_forward_feedback,comb_contiguous_k2,comb_contiguous,comb,2,0.35,0.25,1.0,64,64,16,fresh_iid,pilot16,256,0.6521566155344948
s9318_r4_n750_a375,confirmatory,9318,4,0.75,0.375,joint_forward_feedback,comb_contiguous_k4,comb_contiguous,comb,4,0.6,0.5,1.0,64,64,32,fresh_iid,pilot16,256,0.5548315641207646
s9318_r4_n750_a375,confirmatory,9318,4,0.75,0.375,joint_forward_feedback,comb_contiguous_k8,comb_contiguous,comb,8,1.1,1.0,1.0,64,64,64,fresh_iid,pilot16,256,0.4052439742757076
s9318_r8_n000_a125,confirmatory,9318,8,0.0,0.125,feedback_only,balanced_contiguous_k1,balanced_contiguous,balanced,1,0.1737418407321983,0.125,0.487418407321983,64,64,8,fixed_cache,pilot16,256,0.4474391929988645
s9318_r8_n000_a125,confirmatory,9318,8,0.0,0.125,feedback_only,balanced_contiguous_k2,balanced_contiguous,balanced,2,0.2987418407321983,0.25,0.487418407321983,64,64,16,fixed_cache,pilot16,256,0.4060893885307148
s9318_r8_n000_a125,confirmatory,9318,8,0.0,0.125,feedback_only,balanced_contiguous_k4,balanced_contiguous,balanced,4,0.5487418407321983,0.5,0.487418407321983,64,64,32,fixed_cache,pilot16,256,0.31316788541312557
s9318_r8_n000_a125,confirmatory,9318,8,0.0,0.125,feedback_only,balanced_contiguous_k8,balanced_contiguous,balanced,8,1.0487418407321982,1.0,0.487418407321983,64,64,64,fixed_cache,pilot16,256,0.12276193412027511
s9318_r8_n000_a125,confirmatory,9318,8,0.0,0.125,feedback_only,balanced_interleaved_k1,balanced_interleaved,balanced,1,0.19088469787505546,0.125,0.6588469787505544,64,64,8,fixed_cache,pilot16,256,0.4474391929988645
s9318_r8_n000_a125,confirmatory,9318,8,0.0,0.125,feedback_only,balanced_interleaved_k2,balanced_interleaved,balanced,2,0.31588469787505546,0.25,0.6588469787505544,64,64,16,fixed_cache,pilot16,256,0.3916417548378027
s9318_r8_n000_a125,confirmatory,9318,8,0.0,0.125,feedback_only,balanced_interleaved_k4,balanced_interleaved,balanced,4,0.5658846978750555,0.5,0.6588469787505544,64,64,32,fixed_cache,pilot16,256,0.3064607405541952
s9318_r8_n000_a125,confirmatory,9318,8,0.0,0.125,feedback_only,balanced_interleaved_k8,balanced_interleaved,balanced,8,1.0658846978750554,1.0,0.6588469787505544,64,64,64,fixed_cache,pilot16,256,0.12276193412027511
s9318_r8_n000_a125,confirmatory,9318,8,0.0,0.125,feedback_only,balanced_permutation_a_k1,balanced_permutation_a,balanced,1,0.18899250811836066,0.125,0.6399250811836067,64,64,8,fixed_cache,pilot16,256,0.4474391929988645
s9318_r8_n000_a125,confirmatory,9318,8,0.0,0.125,feedback_only,balanced_permutation_a_k2,balanced_permutation_a,balanced,2,0.31399250811836066,0.25,0.6399250811836067,64,64,16,fixed_cache,pilot16,256,0.3906982859768761
s9318_r8_n000_a125,confirmatory,9318,8,0.0,0.125,feedback_only,balanced_permutation_a_k4,balanced_permutation_a,balanced,4,0.5639925081183607,0.5,0.6399250811836067,64,64,32,fixed_cache,pilot16,256,0.3081457016004931
s9318_r8_n000_a125,confirmatory,9318,8,0.0,0.125,feedback_only,balanced_permutation_a_k8,balanced_permutation_a,balanced,8,1.0639925081183608,1.0,0.6399250811836067,64,64,64,fixed_cache,pilot16,256,0.12276193412027511
s9318_r8_n000_a125,confirmatory,9318,8,0.0,0.125,feedback_only,balanced_permutation_b_k1,balanced_permutation_b,balanced,1,0.18840039778945986,0.125,0.6340039778945984,64,64,8,fixed_cache,pilot16,256,0.4474391929988645
s9318_r8_n000_a125,confirmatory,9318,8,0.0,0.125,feedback_only,balanced_permutation_b_k2,balanced_permutation_b,balanced,2,0.31340039778945983,0.25,0.6340039778945984,64,64,16,fixed_cache,pilot16,256,0.4008862528402869
s9318_r8_n000_a125,confirmatory,9318,8,0.0,0.125,feedback_only,balanced_permutation_b_k4,balanced_permutation_b,balanced,4,0.5634003977894598,0.5,0.6340039778945984,64,64,32,fixed_cache,pilot16,256,0.317086454432826
s9318_r8_n000_a125,confirmatory,9318,8,0.0,0.125,feedback_only,balanced_permutation_b_k8,balanced_permutation_b,balanced,8,1.06340039778946,1.0,0.6340039778945984,64,64,64,fixed_cache,pilot16,256,0.12276193412027511
s9318_r8_n000_a125,confirmatory,9318,8,0.0,0.125,feedback_only,comb_contiguous_k1,comb_contiguous,comb,1,0.225,0.125,1.0,64,64,8,fixed_cache,pilot16,256,0.4474391929988645
s9318_r8_n000_a125,confirmatory,9318,8,0.0,0.125,feedback_only,comb_contiguous_k2,comb_contiguous,comb,2,0.35,0.25,1.0,64,64,16,fixed_cache,pilot16,256,0.4104018338957576
s9318_r8_n000_a125,confirmatory,9318,8,0.0,0.125,feedback_only,comb_contiguous_k4,comb_contiguous,comb,4,0.6,0.5,1.0,64,64,32,fixed_cache,pilot16,256,0.30499505263683113
s9318_r8_n000_a125,confirmatory,9318,8,0.0,0.125,feedback_only,comb_contiguous_k8,comb_contiguous,comb,8,1.1,1.0,1.0,64,64,64,fixed_cache,pilot16,256,0.12276193412027511
s9318_r8_n000_a125,confirmatory,9318,8,0.0,0.125,feedback_only,balanced_contiguous_k1,balanced_contiguous,balanced,1,0.1737418407321983,0.125,0.487418407321983,64,64,8,fresh_iid,pilot16,256,0.4470961925081599
s9318_r8_n000_a125,confirmatory,9318,8,0.0,0.125,feedback_only,balanced_contiguous_k2,balanced_contiguous,balanced,2,0.2987418407321983,0.25,0.487418407321983,64,64,16,fresh_iid,pilot16,256,0.406387487183004
s9318_r8_n000_a125,confirmatory,9318,8,0.0,0.125,feedback_only,balanced_contiguous_k4,balanced_contiguous,balanced,4,0.5487418407321983,0.5,0.487418407321983,64,64,32,fresh_iid,pilot16,256,0.3245525590591163
s9318_r8_n000_a125,confirmatory,9318,8,0.0,0.125,feedback_only,balanced_contiguous_k8,balanced_contiguous,balanced,8,1.0487418407321982,1.0,0.487418407321983,64,64,64,fresh_iid,pilot16,256,0.12261874155526002
s9318_r8_n000_a125,confirmatory,9318,8,0.0,0.125,feedback_only,balanced_interleaved_k1,balanced_interleaved,balanced,1,0.19088469787505546,0.125,0.6588469787505544,64,64,8,fresh_iid,pilot16,256,0.4470961925081599
s9318_r8_n000_a125,confirmatory,9318,8,0.0,0.125,feedback_only,balanced_interleaved_k2,balanced_interleaved,balanced,2,0.31588469787505546,0.25,0.6588469787505544,64,64,16,fresh_iid,pilot16,256,0.39052344382338466
s9318_r8_n000_a125,confirmatory,9318,8,0.0,0.125,feedback_only,balanced_interleaved_k4,balanced_interleaved,balanced,4,0.5658846978750555,0.5,0.6588469787505544,64,64,32,fresh_iid,pilot16,256,0.30605463210310974
s9318_r8_n000_a125,confirmatory,9318,8,0.0,0.125,feedback_only,balanced_interleaved_k8,balanced_interleaved,balanced,8,1.0658846978750554,1.0,0.6588469787505544,64,64,64,fresh_iid,pilot16,256,0.12261874155526002
s9318_r8_n000_a125,confirmatory,9318,8,0.0,0.125,feedback_only,balanced_permutation_a_k1,balanced_permutation_a,balanced,1,0.18899250811836066,0.125,0.6399250811836067,64,64,8,fresh_iid,pilot16,256,0.4470961925081599
s9318_r8_n000_a125,confirmatory,9318,8,0.0,0.125,feedback_only,balanced_permutation_a_k2,balanced_permutation_a,balanced,2,0.31399250811836066,0.25,0.6399250811836067,64,64,16,fresh_iid,pilot16,256,0.3796702775180994
s9318_r8_n000_a125,confirmatory,9318,8,0.0,0.125,feedback_only,balanced_permutation_a_k4,balanced_permutation_a,balanced,4,0.5639925081183607,0.5,0.6399250811836067,64,64,32,fresh_iid,pilot16,256,0.29142147954657105
s9318_r8_n000_a125,confirmatory,9318,8,0.0,0.125,feedback_only,balanced_permutation_a_k8,balanced_permutation_a,balanced,8,1.0639925081183608,1.0,0.6399250811836067,64,64,64,fresh_iid,pilot16,256,0.12261874155526002
s9318_r8_n000_a125,confirmatory,9318,8,0.0,0.125,feedback_only,balanced_permutation_b_k1,balanced_permutation_b,balanced,1,0.18840039778945986,0.125,0.6340039778945984,64,64,8,fresh_iid,pilot16,256,0.4470961925081599
s9318_r8_n000_a125,confirmatory,9318,8,0.0,0.125,feedback_only,balanced_permutation_b_k2,balanced_permutation_b,balanced,2,0.31340039778945983,0.25,0.6340039778945984,64,64,16,fresh_iid,pilot16,256,0.39672605555397733
s9318_r8_n000_a125,confirmatory,9318,8,0.0,0.125,feedback_only,balanced_permutation_b_k4,balanced_permutation_b,balanced,4,0.5634003977894598,0.5,0.6340039778945984,64,64,32,fresh_iid,pilot16,256,0.3116125018362371
s9318_r8_n000_a125,confirmatory,9318,8,0.0,0.125,feedback_only,balanced_permutation_b_k8,balanced_permutation_b,balanced,8,1.06340039778946,1.0,0.6340039778945984,64,64,64,fresh_iid,pilot16,256,0.12261874155526002
s9318_r8_n000_a125,confirmatory,9318,8,0.0,0.125,feedback_only,comb_contiguous_k1,comb_contiguous,comb,1,0.225,0.125,1.0,64,64,8,fresh_iid,pilot16,256,0.4470961925081599
s9318_r8_n000_a125,confirmatory,9318,8,0.0,0.125,feedback_only,comb_contiguous_k2,comb_contiguous,comb,2,0.35,0.25,1.0,64,64,16,fresh_iid,pilot16,256,0.4007260116519983
s9318_r8_n000_a125,confirmatory,9318,8,0.0,0.125,feedback_only,comb_contiguous_k4,comb_contiguous,comb,4,0.6,0.5,1.0,64,64,32,fresh_iid,pilot16,256,0.31311423619014445
s9318_r8_n000_a125,confirmatory,9318,8,0.0,0.125,feedback_only,comb_contiguous_k8,comb_contiguous,comb,8,1.1,1.0,1.0,64,64,64,fresh_iid,pilot16,256,0.12261874155526002
s9318_r8_n000_a125,confirmatory,9318,8,0.0,0.125,joint_forward_feedback,balanced_contiguous_k1,balanced_contiguous,balanced,1,0.1737418407321983,0.125,0.487418407321983,64,64,8,fixed_cache,pilot16,256,0.4602750093208009
s9318_r8_n000_a125,confirmatory,9318,8,0.0,0.125,joint_forward_feedback,balanced_contiguous_k2,balanced_contiguous,balanced,2,0.2987418407321983,0.25,0.487418407321983,64,64,16,fixed_cache,pilot16,256,0.432497692807818
s9318_r8_n000_a125,confirmatory,9318,8,0.0,0.125,joint_forward_feedback,balanced_contiguous_k4,balanced_contiguous,balanced,4,0.5487418407321983,0.5,0.487418407321983,64,64,32,fixed_cache,pilot16,256,0.3707359683433987
s9318_r8_n000_a125,confirmatory,9318,8,0.0,0.125,joint_forward_feedback,balanced_contiguous_k8,balanced_contiguous,balanced,8,1.0487418407321982,1.0,0.487418407321983,64,64,64,fixed_cache,pilot16,256,0.2879202821289406
s9318_r8_n000_a125,confirmatory,9318,8,0.0,0.125,joint_forward_feedback,balanced_interleaved_k1,balanced_interleaved,balanced,1,0.19088469787505546,0.125,0.6588469787505544,64,64,8,fixed_cache,pilot16,256,0.45685925514170683
s9318_r8_n000_a125,confirmatory,9318,8,0.0,0.125,joint_forward_feedback,balanced_interleaved_k2,balanced_interleaved,balanced,2,0.31588469787505546,0.25,0.6588469787505544,64,64,16,fixed_cache,pilot16,256,0.4130273552629832
s9318_r8_n000_a125,confirmatory,9318,8,0.0,0.125,joint_forward_feedback,balanced_interleaved_k4,balanced_interleaved,balanced,4,0.5658846978750555,0.5,0.6588469787505544,64,64,32,fixed_cache,pilot16,256,0.34661000175163154
s9318_r8_n000_a125,confirmatory,9318,8,0.0,0.125,joint_forward_feedback,balanced_interleaved_k8,balanced_interleaved,balanced,8,1.0658846978750554,1.0,0.6588469787505544,64,64,64,fixed_cache,pilot16,256,0.22932267689891472
s9318_r8_n000_a125,confirmatory,9318,8,0.0,0.125,joint_forward_feedback,balanced_permutation_a_k1,balanced_permutation_a,balanced,1,0.18899250811836066,0.125,0.6399250811836067,64,64,8,fixed_cache,pilot16,256,0.45741316954137057
s9318_r8_n000_a125,confirmatory,9318,8,0.0,0.125,joint_forward_feedback,balanced_permutation_a_k2,balanced_permutation_a,balanced,2,0.31399250811836066,0.25,0.6399250811836067,64,64,16,fixed_cache,pilot16,256,0.4145234800218748
s9318_r8_n000_a125,confirmatory,9318,8,0.0,0.125,joint_forward_feedback,balanced_permutation_a_k4,balanced_permutation_a,balanced,4,0.5639925081183607,0.5,0.6399250811836067,64,64,32,fixed_cache,pilot16,256,0.3510804188291581
s9318_r8_n000_a125,confirmatory,9318,8,0.0,0.125,joint_forward_feedback,balanced_permutation_a_k8,balanced_permutation_a,balanced,8,1.0639925081183608,1.0,0.6399250811836067,64,64,64,fixed_cache,pilot16,256,0.2352639019591905
s9318_r8_n000_a125,confirmatory,9318,8,0.0,0.125,joint_forward_feedback,balanced_permutation_b_k1,balanced_permutation_b,balanced,1,0.18840039778945986,0.125,0.6340039778945984,64,64,8,fixed_cache,pilot16,256,0.45712206407166334
s9318_r8_n000_a125,confirmatory,9318,8,0.0,0.125,joint_forward_feedback,balanced_permutation_b_k2,balanced_permutation_b,balanced,2,0.31340039778945983,0.25,0.6340039778945984,64,64,16,fixed_cache,pilot16,256,0.42257604167851015
s9318_r8_n000_a125,confirmatory,9318,8,0.0,0.125,joint_forward_feedback,balanced_permutation_b_k4,balanced_permutation_b,balanced,4,0.5634003977894598,0.5,0.6340039778945984,64,64,32,fixed_cache,pilot16,256,0.3556622506195853
s9318_r8_n000_a125,confirmatory,9318,8,0.0,0.125,joint_forward_feedback,balanced_permutation_b_k8,balanced_permutation_b,balanced,8,1.06340039778946,1.0,0.6340039778945984,64,64,64,fixed_cache,pilot16,256,0.23757980580632826
s9318_r8_n000_a125,confirmatory,9318,8,0.0,0.125,joint_forward_feedback,comb_contiguous_k1,comb_contiguous,comb,1,0.225,0.125,1.0,64,64,8,fixed_cache,pilot16,256,0.454471348707578
s9318_r8_n000_a125,confirmatory,9318,8,0.0,0.125,joint_forward_feedback,comb_contiguous_k2,comb_contiguous,comb,2,0.35,0.25,1.0,64,64,16,fixed_cache,pilot16,256,0.42216093249814485
s9318_r8_n000_a125,confirmatory,9318,8,0.0,0.125,joint_forward_feedback,comb_contiguous_k4,comb_contiguous,comb,4,0.6,0.5,1.0,64,64,32,fixed_cache,pilot16,256,0.3332905008489896
s9318_r8_n000_a125,confirmatory,9318,8,0.0,0.125,joint_forward_feedback,comb_contiguous_k8,comb_contiguous,comb,8,1.1,1.0,1.0,64,64,64,fixed_cache,pilot16,256,0.21141490440725447
s9318_r8_n000_a125,confirmatory,9318,8,0.0,0.125,joint_forward_feedback,balanced_contiguous_k1,balanced_contiguous,balanced,1,0.1737418407321983,0.125,0.487418407321983,64,64,8,fresh_iid,pilot16,256,0.45980481970620446
s9318_r8_n000_a125,confirmatory,9318,8,0.0,0.125,joint_forward_feedback,balanced_contiguous_k2,balanced_contiguous,balanced,2,0.2987418407321983,0.25,0.487418407321983,64,64,16,fresh_iid,pilot16,256,0.43242326201090153
s9318_r8_n000_a125,confirmatory,9318,8,0.0,0.125,joint_forward_feedback,balanced_contiguous_k4,balanced_contiguous,balanced,4,0.5487418407321983,0.5,0.487418407321983,64,64,32,fresh_iid,pilot16,256,0.3805133464312306
s9318_r8_n000_a125,confirmatory,9318,8,0.0,0.125,joint_forward_feedback,balanced_contiguous_k8,balanced_contiguous,balanced,8,1.0487418407321982,1.0,0.487418407321983,64,64,64,fresh_iid,pilot16,256,0.28881180808982165
s9318_r8_n000_a125,confirmatory,9318,8,0.0,0.125,joint_forward_feedback,balanced_interleaved_k1,balanced_interleaved,balanced,1,0.19088469787505546,0.125,0.6588469787505544,64,64,8,fresh_iid,pilot16,256,0.456401706188707
s9318_r8_n000_a125,confirmatory,9318,8,0.0,0.125,joint_forward_feedback,balanced_interleaved_k2,balanced_interleaved,balanced,2,0.31588469787505546,0.25,0.6588469787505544,64,64,16,fresh_iid,pilot16,256,0.4131543503464034
s9318_r8_n000_a125,confirmatory,9318,8,0.0,0.125,joint_forward_feedback,balanced_interleaved_k4,balanced_interleaved,balanced,4,0.5658846978750555,0.5,0.6588469787505544,64,64,32,fresh_iid,pilot16,256,0.34704896257916373
s9318_r8_n000_a125,confirmatory,9318,8,0.0,0.125,joint_forward_feedback,balanced_interleaved_k8,balanced_interleaved,balanced,8,1.0658846978750554,1.0,0.6588469787505544,64,64,64,fresh_iid,pilot16,256,0.22787386282504973
s9318_r8_n000_a125,confirmatory,9318,8,0.0,0.125,joint_forward_feedback,balanced_permutation_a_k1,balanced_permutation_a,balanced,1,0.18899250811836066,0.125,0.6399250811836067,64,64,8,fresh_iid,pilot16,256,0.45683234628773267
s9318_r8_n000_a125,confirmatory,9318,8,0.0,0.125,joint_forward_feedback,balanced_permutation_a_k2,balanced_permutation_a,balanced,2,0.31399250811836066,0.25,0.6399250811836067,64,64,16,fresh_iid,pilot16,256,0.40325963320971014
s9318_r8_n000_a125,confirmatory,9318,8,0.0,0.125,joint_forward_feedback,balanced_permutation_a_k4,balanced_permutation_a,balanced,4,0.5639925081183607,0.5,0.6399250811836067,64,64,32,fresh_iid,pilot16,256,0.3352307579548377
s9318_r8_n000_a125,confirmatory,9318,8,0.0,0.125,joint_forward_feedback,balanced_permutation_a_k8,balanced_permutation_a,balanced,8,1.0639925081183608,1.0,0.6399250811836067,64,64,64,fresh_iid,pilot16,256,0.23221055416734857
s9318_r8_n000_a125,confirmatory,9318,8,0.0,0.125,joint_forward_feedback,balanced_permutation_b_k1,balanced_permutation_b,balanced,1,0.18840039778945986,0.125,0.6340039778945984,64,64,8,fresh_iid,pilot16,256,0.4565709787975911
s9318_r8_n000_a125,confirmatory,9318,8,0.0,0.125,joint_forward_feedback,balanced_permutation_b_k2,balanced_permutation_b,balanced,2,0.31340039778945983,0.25,0.6340039778945984,64,64,16,fresh_iid,pilot16,256,0.4171533013069961
s9318_r8_n000_a125,confirmatory,9318,8,0.0,0.125,joint_forward_feedback,balanced_permutation_b_k4,balanced_permutation_b,balanced,4,0.5634003977894598,0.5,0.6340039778945984,64,64,32,fresh_iid,pilot16,256,0.35017294354522666
s9318_r8_n000_a125,confirmatory,9318,8,0.0,0.125,joint_forward_feedback,balanced_permutation_b_k8,balanced_permutation_b,balanced,8,1.06340039778946,1.0,0.6340039778945984,64,64,64,fresh_iid,pilot16,256,0.23516983266156766
s9318_r8_n000_a125,confirmatory,9318,8,0.0,0.125,joint_forward_feedback,comb_contiguous_k1,comb_contiguous,comb,1,0.225,0.125,1.0,64,64,8,fresh_iid,pilot16,256,0.4544487098675941
s9318_r8_n000_a125,confirmatory,9318,8,0.0,0.125,joint_forward_feedback,comb_contiguous_k2,comb_contiguous,comb,2,0.35,0.25,1.0,64,64,16,fresh_iid,pilot16,256,0.4139321232504123
s9318_r8_n000_a125,confirmatory,9318,8,0.0,0.125,joint_forward_feedback,comb_contiguous_k4,comb_contiguous,comb,4,0.6,0.5,1.0,64,64,32,fresh_iid,pilot16,256,0.3401826520686891
s9318_r8_n000_a125,confirmatory,9318,8,0.0,0.125,joint_forward_feedback,comb_contiguous_k8,comb_contiguous,comb,8,1.1,1.0,1.0,64,64,64,fresh_iid,pilot16,256,0.21281876735314947
s9318_r8_n000_a375,confirmatory,9318,8,0.0,0.375,feedback_only,balanced_contiguous_k1,balanced_contiguous,balanced,1,0.1737418407321983,0.125,0.487418407321983,64,64,8,fixed_cache,pilot16,256,0.4637368778341209
s9318_r8_n000_a375,confirmatory,9318,8,0.0,0.375,feedback_only,balanced_contiguous_k2,balanced_contiguous,balanced,2,0.2987418407321983,0.25,0.487418407321983,64,64,16,fixed_cache,pilot16,256,0.42558260759579747
s9318_r8_n000_a375,confirmatory,9318,8,0.0,0.375,feedback_only,balanced_contiguous_k4,balanced_contiguous,balanced,4,0.5487418407321983,0.5,0.487418407321983,64,64,32,fixed_cache,pilot16,256,0.3264731296949782
s9318_r8_n000_a375,confirmatory,9318,8,0.0,0.375,feedback_only,balanced_contiguous_k8,balanced_contiguous,balanced,8,1.0487418407321982,1.0,0.487418407321983,64,64,64,fixed_cache,pilot16,256,0.12252374826212901
s9318_r8_n000_a375,confirmatory,9318,8,0.0,0.375,feedback_only,balanced_interleaved_k1,balanced_interleaved,balanced,1,0.19088469787505546,0.125,0.6588469787505544,64,64,8,fixed_cache,pilot16,256,0.4637368778341209
s9318_r8_n000_a375,confirmatory,9318,8,0.0,0.375,feedback_only,balanced_interleaved_k2,balanced_interleaved,balanced,2,0.31588469787505546,0.25,0.6588469787505544,64,64,16,fixed_cache,pilot16,256,0.412226733718173
s9318_r8_n000_a375,confirmatory,9318,8,0.0,0.375,feedback_only,balanced_interleaved_k4,balanced_interleaved,balanced,4,0.5658846978750555,0.5,0.6588469787505544,64,64,32,fixed_cache,pilot16,256,0.3222297846932922
s9318_r8_n000_a375,confirmatory,9318,8,0.0,0.375,feedback_only,balanced_interleaved_k8,balanced_interleaved,balanced,8,1.0658846978750554,1.0,0.6588469787505544,64,64,64,fixed_cache,pilot16,256,0.12252374826212901
s9318_r8_n000_a375,confirmatory,9318,8,0.0,0.375,feedback_only,balanced_permutation_a_k1,balanced_permutation_a,balanced,1,0.18899250811836066,0.125,0.6399250811836067,64,64,8,fixed_cache,pilot16,256,0.4637368778341209
s9318_r8_n000_a375,confirmatory,9318,8,0.0,0.375,feedback_only,balanced_permutation_a_k2,balanced_permutation_a,balanced,2,0.31399250811836066,0.25,0.6399250811836067,64,64,16,fixed_cache,pilot16,256,0.4054997858469626
s9318_r8_n000_a375,confirmatory,9318,8,0.0,0.375,feedback_only,balanced_permutation_a_k4,balanced_permutation_a,balanced,4,0.5639925081183607,0.5,0.6399250811836067,64,64,32,fixed_cache,pilot16,256,0.31767406037695645
s9318_r8_n000_a375,confirmatory,9318,8,0.0,0.375,feedback_only,balanced_permutation_a_k8,balanced_permutation_a,balanced,8,1.0639925081183608,1.0,0.6399250811836067,64,64,64,fixed_cache,pilot16,256,0.12252374826212901
s9318_r8_n000_a375,confirmatory,9318,8,0.0,0.375,feedback_only,balanced_permutation_b_k1,balanced_permutation_b,balanced,1,0.18840039778945986,0.125,0.6340039778945984,64,64,8,fixed_cache,pilot16,256,0.4637368778341209
s9318_r8_n000_a375,confirmatory,9318,8,0.0,0.375,feedback_only,balanced_permutation_b_k2,balanced_permutation_b,balanced,2,0.31340039778945983,0.25,0.6340039778945984,64,64,16,fixed_cache,pilot16,256,0.4030378217242641
s9318_r8_n000_a375,confirmatory,9318,8,0.0,0.375,feedback_only,balanced_permutation_b_k4,balanced_permutation_b,balanced,4,0.5634003977894598,0.5,0.6340039778945984,64,64,32,fixed_cache,pilot16,256,0.3133545942342986
s9318_r8_n000_a375,confirmatory,9318,8,0.0,0.375,feedback_only,balanced_permutation_b_k8,balanced_permutation_b,balanced,8,1.06340039778946,1.0,0.6340039778945984,64,64,64,fixed_cache,pilot16,256,0.12252374826212901
s9318_r8_n000_a375,confirmatory,9318,8,0.0,0.375,feedback_only,comb_contiguous_k1,comb_contiguous,comb,1,0.225,0.125,1.0,64,64,8,fixed_cache,pilot16,256,0.4637368778341209
s9318_r8_n000_a375,confirmatory,9318,8,0.0,0.375,feedback_only,comb_contiguous_k2,comb_contiguous,comb,2,0.35,0.25,1.0,64,64,16,fixed_cache,pilot16,256,0.4190804246073394
s9318_r8_n000_a375,confirmatory,9318,8,0.0,0.375,feedback_only,comb_contiguous_k4,comb_contiguous,comb,4,0.6,0.5,1.0,64,64,32,fixed_cache,pilot16,256,0.31497885457247743
s9318_r8_n000_a375,confirmatory,9318,8,0.0,0.375,feedback_only,comb_contiguous_k8,comb_contiguous,comb,8,1.1,1.0,1.0,64,64,64,fixed_cache,pilot16,256,0.12252374826212901
s9318_r8_n000_a375,confirmatory,9318,8,0.0,0.375,feedback_only,balanced_contiguous_k1,balanced_contiguous,balanced,1,0.1737418407321983,0.125,0.487418407321983,64,64,8,fresh_iid,pilot16,256,0.4595132146578631
s9318_r8_n000_a375,confirmatory,9318,8,0.0,0.375,feedback_only,balanced_contiguous_k2,balanced_contiguous,balanced,2,0.2987418407321983,0.25,0.487418407321983,64,64,16,fresh_iid,pilot16,256,0.4182451671290922
s9318_r8_n000_a375,confirmatory,9318,8,0.0,0.375,feedback_only,balanced_contiguous_k4,balanced_contiguous,balanced,4,0.5487418407321983,0.5,0.487418407321983,64,64,32,fresh_iid,pilot16,256,0.321882013062752
s9318_r8_n000_a375,confirmatory,9318,8,0.0,0.375,feedback_only,balanced_contiguous_k8,balanced_contiguous,balanced,8,1.0487418407321982,1.0,0.487418407321983,64,64,64,fresh_iid,pilot16,256,0.1196866477406825
s9318_r8_n000_a375,confirmatory,9318,8,0.0,0.375,feedback_only,balanced_interleaved_k1,balanced_interleaved,balanced,1,0.19088469787505546,0.125,0.6588469787505544,64,64,8,fresh_iid,pilot16,256,0.4595132146578631
s9318_r8_n000_a375,confirmatory,9318,8,0.0,0.375,feedback_only,balanced_interleaved_k2,balanced_interleaved,balanced,2,0.31588469787505546,0.25,0.6588469787505544,64,64,16,fresh_iid,pilot16,256,0.4144197272631206
s9318_r8_n000_a375,confirmatory,9318,8,0.0,0.375,feedback_only,balanced_interleaved_k4,balanced_interleaved,balanced,4,0.5658846978750555,0.5,0.6588469787505544,64,64,32,fresh_iid,pilot16,256,0.32242875081408234
s9318_r8_n000_a375,confirmatory,9318,8,0.0,0.375,feedback_only,balanced_interleaved_k8,balanced_interleaved,balanced,8,1.0658846978750554,1.0,0.6588469787505544,64,64,64,fresh_iid,pilot16,256,0.1196866477406825
s9318_r8_n000_a375,confirmatory,9318,8,0.0,0.375,feedback_only,balanced_permutation_a_k1,balanced_permutation_a,balanced,1,0.18899250811836066,0.125,0.6399250811836067,64,64,8,fresh_iid,pilot16,256,0.4595132146578631
s9318_r8_n000_a375,confirmatory,9318,8,0.0,0.375,feedback_only,balanced_permutation_a_k2,balanced_permutation_a,balanced,2,0.31399250811836066,0.25,0.6399250811836067,64,64,16,fresh_iid,pilot16,256,0.3912835550563486
s9318_r8_n000_a375,confirmatory,9318,8,0.0,0.375,feedback_only,balanced_permutation_a_k4,balanced_permutation_a,balanced,4,0.5639925081183607,0.5,0.6399250811836067,64,64,32,fresh_iid,pilot16,256,0.3055988329549023
s9318_r8_n000_a375,confirmatory,9318,8,0.0,0.375,feedback_only,balanced_permutation_a_k8,balanced_permutation_a,balanced,8,1.0639925081183608,1.0,0.6399250811836067,64,64,64,fresh_iid,pilot16,256,0.1196866477406825
s9318_r8_n000_a375,confirmatory,9318,8,0.0,0.375,feedback_only,balanced_permutation_b_k1,balanced_permutation_b,balanced,1,0.18840039778945986,0.125,0.6340039778945984,64,64,8,fresh_iid,pilot16,256,0.4595132146578631
s9318_r8_n000_a375,confirmatory,9318,8,0.0,0.375,feedback_only,balanced_permutation_b_k2,balanced_permutation_b,balanced,2,0.31340039778945983,0.25,0.6340039778945984,64,64,16,fresh_iid,pilot16,256,0.4028182283245747
s9318_r8_n000_a375,confirmatory,9318,8,0.0,0.375,feedback_only,balanced_permutation_b_k4,balanced_permutation_b,balanced,4,0.5634003977894598,0.5,0.6340039778945984,64,64,32,fresh_iid,pilot16,256,0.3153178228590994
s9318_r8_n000_a375,confirmatory,9318,8,0.0,0.375,feedback_only,balanced_permutation_b_k8,balanced_permutation_b,balanced,8,1.06340039778946,1.0,0.6340039778945984,64,64,64,fresh_iid,pilot16,256,0.1196866477406825
s9318_r8_n000_a375,confirmatory,9318,8,0.0,0.375,feedback_only,comb_contiguous_k1,comb_contiguous,comb,1,0.225,0.125,1.0,64,64,8,fresh_iid,pilot16,256,0.4595132146578631
s9318_r8_n000_a375,confirmatory,9318,8,0.0,0.375,feedback_only,comb_contiguous_k2,comb_contiguous,comb,2,0.35,0.25,1.0,64,64,16,fresh_iid,pilot16,256,0.4100498044484767
s9318_r8_n000_a375,confirmatory,9318,8,0.0,0.375,feedback_only,comb_contiguous_k4,comb_contiguous,comb,4,0.6,0.5,1.0,64,64,32,fresh_iid,pilot16,256,0.3150268640909154
s9318_r8_n000_a375,confirmatory,9318,8,0.0,0.375,feedback_only,comb_contiguous_k8,comb_contiguous,comb,8,1.1,1.0,1.0,64,64,64,fresh_iid,pilot16,256,0.1196866477406825
s9318_r8_n000_a375,confirmatory,9318,8,0.0,0.375,joint_forward_feedback,balanced_contiguous_k1,balanced_contiguous,balanced,1,0.1737418407321983,0.125,0.487418407321983,64,64,8,fixed_cache,pilot16,256,0.47465196509454755
s9318_r8_n000_a375,confirmatory,9318,8,0.0,0.375,joint_forward_feedback,balanced_contiguous_k2,balanced_contiguous,balanced,2,0.2987418407321983,0.25,0.487418407321983,64,64,16,fixed_cache,pilot16,256,0.4469155119860678
s9318_r8_n000_a375,confirmatory,9318,8,0.0,0.375,joint_forward_feedback,balanced_contiguous_k4,balanced_contiguous,balanced,4,0.5487418407321983,0.5,0.487418407321983,64,64,32,fixed_cache,pilot16,256,0.3808237601187596
s9318_r8_n000_a375,confirmatory,9318,8,0.0,0.375,joint_forward_feedback,balanced_contiguous_k8,balanced_contiguous,balanced,8,1.0487418407321982,1.0,0.487418407321983,64,64,64,fixed_cache,pilot16,256,0.29321529138905456
s9318_r8_n000_a375,confirmatory,9318,8,0.0,0.375,joint_forward_feedback,balanced_interleaved_k1,balanced_interleaved,balanced,1,0.19088469787505546,0.125,0.6588469787505544,64,64,8,fixed_cache,pilot16,256,0.4717929650665489
s9318_r8_n000_a375,confirmatory,9318,8,0.0,0.375,joint_forward_feedback,balanced_interleaved_k2,balanced_interleaved,balanced,2,0.31588469787505546,0.25,0.6588469787505544,64,64,16,fixed_cache,pilot16,256,0.4318643055061179
s9318_r8_n000_a375,confirmatory,9318,8,0.0,0.375,joint_forward_feedback,balanced_interleaved_k4,balanced_interleaved,balanced,4,0.5658846978750555,0.5,0.6588469787505544,64,64,32,fixed_cache,pilot16,256,0.36254610556234845
s9318_r8_n000_a375,confirmatory,9318,8,0.0,0.375,joint_forward_feedback,balanced_interleaved_k8,balanced_interleaved,balanced,8,1.0658846978750554,1.0,0.6588469787505544,64,64,64,fixed_cache,pilot16,256,0.23264332136029767
s9318_r8_n000_a375,confirmatory,9318,8,0.0,0.375,joint_forward_feedback,balanced_permutation_a_k1,balanced_permutation_a,balanced,1,0.18899250811836066,0.125,0.6399250811836067,64,64,8,fixed_cache,pilot16,256,0.47216257985611626
s9318_r8_n000_a375,confirmatory,9318,8,0.0,0.375,joint_forward_feedback,balanced_permutation_a_k2,balanced_permutation_a,balanced,2,0.31399250811836066,0.25,0.6399250811836067,64,64,16,fixed_cache,pilot16,256,0.4293130324288141
s9318_r8_n000_a375,confirmatory,9318,8,0.0,0.375,joint_forward_feedback,balanced_permutation_a_k4,balanced_permutation_a,balanced,4,0.5639925081183607,0.5,0.6399250811836067,64,64,32,fixed_cache,pilot16,256,0.36277233662206265
s9318_r8_n000_a375,confirmatory,9318,8,0.0,0.375,joint_forward_feedback,balanced_permutation_a_k8,balanced_permutation_a,balanced,8,1.0639925081183608,1.0,0.6399250811836067,64,64,64,fixed_cache,pilot16,256,0.23934502781792655
s9318_r8_n000_a375,confirmatory,9318,8,0.0,0.375,joint_forward_feedback,balanced_permutation_b_k1,balanced_permutation_b,balanced,1,0.18840039778945986,0.125,0.6340039778945984,64,64,8,fixed_cache,pilot16,256,0.47197022562328234
s9318_r8_n000_a375,confirmatory,9318,8,0.0,0.375,joint_forward_feedback,balanced_permutation_b_k2,balanced_permutation_b,balanced,2,0.31340039778945983,0.25,0.6340039778945984,64,64,16,fixed_cache,pilot16,256,0.42539685641193425
s9318_r8_n000_a375,confirmatory,9318,8,0.0,0.375,joint_forward_feedback,balanced_permutation_b_k4,balanced_permutation_b,balanced,4,0.5634003977894598,0.5,0.6340039778945984,64,64,32,fixed_cache,pilot16,256,0.3564796419920689
s9318_r8_n000_a375,confirmatory,9318,8,0.0,0.375,joint_forward_feedback,balanced_permutation_b_k8,balanced_permutation_b,balanced,8,1.06340039778946,1.0,0.6340039778945984,64,64,64,fixed_cache,pilot16,256,0.2391731061799423
s9318_r8_n000_a375,confirmatory,9318,8,0.0,0.375,joint_forward_feedback,comb_contiguous_k1,comb_contiguous,comb,1,0.225,0.125,1.0,64,64,8,fixed_cache,pilot16,256,0.4697490745697446
s9318_r8_n000_a375,confirmatory,9318,8,0.0,0.375,joint_forward_feedback,comb_contiguous_k2,comb_contiguous,comb,2,0.35,0.25,1.0,64,64,16,fixed_cache,pilot16,256,0.4314345458939095
s9318_r8_n000_a375,confirmatory,9318,8,0.0,0.375,joint_forward_feedback,comb_contiguous_k4,comb_contiguous,comb,4,0.6,0.5,1.0,64,64,32,fixed_cache,pilot16,256,0.3417645865423522
s9318_r8_n000_a375,confirmatory,9318,8,0.0,0.375,joint_forward_feedback,comb_contiguous_k8,comb_contiguous,comb,8,1.1,1.0,1.0,64,64,64,fixed_cache,pilot16,256,0.21300219510346183
s9318_r8_n000_a375,confirmatory,9318,8,0.0,0.375,joint_forward_feedback,balanced_contiguous_k1,balanced_contiguous,balanced,1,0.1737418407321983,0.125,0.487418407321983,64,64,8,fresh_iid,pilot16,256,0.46983607854886833
s9318_r8_n000_a375,confirmatory,9318,8,0.0,0.375,joint_forward_feedback,balanced_contiguous_k2,balanced_contiguous,balanced,2,0.2987418407321983,0.25,0.487418407321983,64,64,16,fresh_iid,pilot16,256,0.44027876341933603
s9318_r8_n000_a375,confirmatory,9318,8,0.0,0.375,joint_forward_feedback,balanced_contiguous_k4,balanced_contiguous,balanced,4,0.5487418407321983,0.5,0.487418407321983,64,64,32,fresh_iid,pilot16,256,0.3780702380744831
s9318_r8_n000_a375,confirmatory,9318,8,0.0,0.375,joint_forward_feedback,balanced_contiguous_k8,balanced_contiguous,balanced,8,1.0487418407321982,1.0,0.487418407321983,64,64,64,fresh_iid,pilot16,256,0.28776619644500734
s9318_r8_n000_a375,confirmatory,9318,8,0.0,0.375,joint_forward_feedback,balanced_interleaved_k1,balanced_interleaved,balanced,1,0.19088469787505546,0.125,0.6588469787505544,64,64,8,fresh_iid,pilot16,256,0.4668904089819422
s9318_r8_n000_a375,confirmatory,9318,8,0.0,0.375,joint_forward_feedback,balanced_interleaved_k2,balanced_interleaved,balanced,2,0.31588469787505546,0.25,0.6588469787505544,64,64,16,fresh_iid,pilot16,256,0.43231248171234554
s9318_r8_n000_a375,confirmatory,9318,8,0.0,0.375,joint_forward_feedback,balanced_interleaved_k4,balanced_interleaved,balanced,4,0.5658846978750555,0.5,0.6588469787505544,64,64,32,fresh_iid,pilot16,256,0.3618744094929478
s9318_r8_n000_a375,confirmatory,9318,8,0.0,0.375,joint_forward_feedback,balanced_interleaved_k8,balanced_interleaved,balanced,8,1.0658846978750554,1.0,0.6588469787505544,64,64,64,fresh_iid,pilot16,256,0.22763277120805225
s9318_r8_n000_a375,confirmatory,9318,8,0.0,0.375,joint_forward_feedback,balanced_permutation_a_k1,balanced_permutation_a,balanced,1,0.18899250811836066,0.125,0.6399250811836067,64,64,8,fresh_iid,pilot16,256,0.4673731069273386
s9318_r8_n000_a375,confirmatory,9318,8,0.0,0.375,joint_forward_feedback,balanced_permutation_a_k2,balanced_permutation_a,balanced,2,0.31399250811836066,0.25,0.6399250811836067,64,64,16,fresh_iid,pilot16,256,0.41504368179000917
s9318_r8_n000_a375,confirmatory,9318,8,0.0,0.375,joint_forward_feedback,balanced_permutation_a_k4,balanced_permutation_a,balanced,4,0.5639925081183607,0.5,0.6399250811836067,64,64,32,fresh_iid,pilot16,256,0.3490024401707619
s9318_r8_n000_a375,confirmatory,9318,8,0.0,0.375,joint_forward_feedback,balanced_permutation_a_k8,balanced_permutation_a,balanced,8,1.0639925081183608,1.0,0.6399250811836067,64,64,64,fresh_iid,pilot16,256,0.23296904280260988
s9318_r8_n000_a375,confirmatory,9318,8,0.0,0.375,joint_forward_feedback,balanced_permutation_b_k1,balanced_permutation_b,balanced,1,0.18840039778945986,0.125,0.6340039778945984,64,64,8,fresh_iid,pilot16,256,0.46706342091951575
s9318_r8_n000_a375,confirmatory,9318,8,0.0,0.375,joint_forward_feedback,balanced_permutation_b_k2,balanced_permutation_b,balanced,2,0.31340039778945983,0.25,0.6340039778945984,64,64,16,fresh_iid,pilot16,256,0.4238770194963839
s9318_r8_n000_a375,confirmatory,9318,8,0.0,0.375,joint_forward_feedback,balanced_permutation_b_k4,balanced_permutation_b,balanced,4,0.5634003977894598,0.5,0.6340039778945984,64,64,32,fresh_iid,pilot16,256,0.35842537030526356
s9318_r8_n000_a375,confirmatory,9318,8,0.0,0.375,joint_forward_feedback,balanced_permutation_b_k8,balanced_permutation_b,balanced,8,1.06340039778946,1.0,0.6340039778945984,64,64,64,fresh_iid,pilot16,256,0.23438696993997132
s9318_r8_n000_a375,confirmatory,9318,8,0.0,0.375,joint_forward_feedback,comb_contiguous_k1,comb_contiguous,comb,1,0.225,0.125,1.0,64,64,8,fresh_iid,pilot16,256,0.4654067176988803
s9318_r8_n000_a375,confirmatory,9318,8,0.0,0.375,joint_forward_feedback,comb_contiguous_k2,comb_contiguous,comb,2,0.35,0.25,1.0,64,64,16,fresh_iid,pilot16,256,0.42210866012916226
s9318_r8_n000_a375,confirmatory,9318,8,0.0,0.375,joint_forward_feedback,comb_contiguous_k4,comb_contiguous,comb,4,0.6,0.5,1.0,64,64,32,fresh_iid,pilot16,256,0.3420095827194437
s9318_r8_n000_a375,confirmatory,9318,8,0.0,0.375,joint_forward_feedback,comb_contiguous_k8,comb_contiguous,comb,8,1.1,1.0,1.0,64,64,64,fresh_iid,pilot16,256,0.2104873791937792
s9318_r8_n750_a125,confirmatory,9318,8,0.75,0.125,feedback_only,balanced_contiguous_k1,balanced_contiguous,balanced,1,0.1737418407321983,0.125,0.487418407321983,64,64,8,fixed_cache,pilot16,256,0.7264115355982588
s9318_r8_n750_a125,confirmatory,9318,8,0.75,0.125,feedback_only,balanced_contiguous_k2,balanced_contiguous,balanced,2,0.2987418407321983,0.25,0.487418407321983,64,64,16,fixed_cache,pilot16,256,0.6819476798394851
s9318_r8_n750_a125,confirmatory,9318,8,0.75,0.125,feedback_only,balanced_contiguous_k4,balanced_contiguous,balanced,4,0.5487418407321983,0.5,0.487418407321983,64,64,32,fixed_cache,pilot16,256,0.589378277773744
s9318_r8_n750_a125,confirmatory,9318,8,0.75,0.125,feedback_only,balanced_contiguous_k8,balanced_contiguous,balanced,8,1.0487418407321982,1.0,0.487418407321983,64,64,64,fixed_cache,pilot16,256,0.4183636836829545
s9318_r8_n750_a125,confirmatory,9318,8,0.75,0.125,feedback_only,balanced_interleaved_k1,balanced_interleaved,balanced,1,0.19088469787505546,0.125,0.6588469787505544,64,64,8,fixed_cache,pilot16,256,0.7264115355982588
s9318_r8_n750_a125,confirmatory,9318,8,0.75,0.125,feedback_only,balanced_interleaved_k2,balanced_interleaved,balanced,2,0.31588469787505546,0.25,0.6588469787505544,64,64,16,fixed_cache,pilot16,256,0.6650508719220278
s9318_r8_n750_a125,confirmatory,9318,8,0.75,0.125,feedback_only,balanced_interleaved_k4,balanced_interleaved,balanced,4,0.5658846978750555,0.5,0.6588469787505544,64,64,32,fixed_cache,pilot16,256,0.5950412595799139
s9318_r8_n750_a125,confirmatory,9318,8,0.75,0.125,feedback_only,balanced_interleaved_k8,balanced_interleaved,balanced,8,1.0658846978750554,1.0,0.6588469787505544,64,64,64,fixed_cache,pilot16,256,0.4183636836829545
s9318_r8_n750_a125,confirmatory,9318,8,0.75,0.125,feedback_only,balanced_permutation_a_k1,balanced_permutation_a,balanced,1,0.18899250811836066,0.125,0.6399250811836067,64,64,8,fixed_cache,pilot16,256,0.7264115355982588
s9318_r8_n750_a125,confirmatory,9318,8,0.75,0.125,feedback_only,balanced_permutation_a_k2,balanced_permutation_a,balanced,2,0.31399250811836066,0.25,0.6399250811836067,64,64,16,fixed_cache,pilot16,256,0.6727639594980586
s9318_r8_n750_a125,confirmatory,9318,8,0.75,0.125,feedback_only,balanced_permutation_a_k4,balanced_permutation_a,balanced,4,0.5639925081183607,0.5,0.6399250811836067,64,64,32,fixed_cache,pilot16,256,0.6007100538494377
s9318_r8_n750_a125,confirmatory,9318,8,0.75,0.125,feedback_only,balanced_permutation_a_k8,balanced_permutation_a,balanced,8,1.0639925081183608,1.0,0.6399250811836067,64,64,64,fixed_cache,pilot16,256,0.4183636836829545
s9318_r8_n750_a125,confirmatory,9318,8,0.75,0.125,feedback_only,balanced_permutation_b_k1,balanced_permutation_b,balanced,1,0.18840039778945986,0.125,0.6340039778945984,64,64,8,fixed_cache,pilot16,256,0.7264115355982588
s9318_r8_n750_a125,confirmatory,9318,8,0.75,0.125,feedback_only,balanced_permutation_b_k2,balanced_permutation_b,balanced,2,0.31340039778945983,0.25,0.6340039778945984,64,64,16,fixed_cache,pilot16,256,0.6867750492260867
s9318_r8_n750_a125,confirmatory,9318,8,0.75,0.125,feedback_only,balanced_permutation_b_k4,balanced_permutation_b,balanced,4,0.5634003977894598,0.5,0.6340039778945984,64,64,32,fixed_cache,pilot16,256,0.6169235292984738
s9318_r8_n750_a125,confirmatory,9318,8,0.75,0.125,feedback_only,balanced_permutation_b_k8,balanced_permutation_b,balanced,8,1.06340039778946,1.0,0.6340039778945984,64,64,64,fixed_cache,pilot16,256,0.4183636836829545
s9318_r8_n750_a125,confirmatory,9318,8,0.75,0.125,feedback_only,comb_contiguous_k1,comb_contiguous,comb,1,0.225,0.125,1.0,64,64,8,fixed_cache,pilot16,256,0.7264115355982588
s9318_r8_n750_a125,confirmatory,9318,8,0.75,0.125,feedback_only,comb_contiguous_k2,comb_contiguous,comb,2,0.35,0.25,1.0,64,64,16,fixed_cache,pilot16,256,0.6835672268695308
s9318_r8_n750_a125,confirmatory,9318,8,0.75,0.125,feedback_only,comb_contiguous_k4,comb_contiguous,comb,4,0.6,0.5,1.0,64,64,32,fixed_cache,pilot16,256,0.5884729047227086
s9318_r8_n750_a125,confirmatory,9318,8,0.75,0.125,feedback_only,comb_contiguous_k8,comb_contiguous,comb,8,1.1,1.0,1.0,64,64,64,fixed_cache,pilot16,256,0.4183636836829545
s9318_r8_n750_a125,confirmatory,9318,8,0.75,0.125,feedback_only,balanced_contiguous_k1,balanced_contiguous,balanced,1,0.1737418407321983,0.125,0.487418407321983,64,64,8,fresh_iid,pilot16,256,0.7221715171782782
s9318_r8_n750_a125,confirmatory,9318,8,0.75,0.125,feedback_only,balanced_contiguous_k2,balanced_contiguous,balanced,2,0.2987418407321983,0.25,0.487418407321983,64,64,16,fresh_iid,pilot16,256,0.6842021604705679
s9318_r8_n750_a125,confirmatory,9318,8,0.75,0.125,feedback_only,balanced_contiguous_k4,balanced_contiguous,balanced,4,0.5487418407321983,0.5,0.487418407321983,64,64,32,fresh_iid,pilot16,256,0.5981419343454317
s9318_r8_n750_a125,confirmatory,9318,8,0.75,0.125,feedback_only,balanced_contiguous_k8,balanced_contiguous,balanced,8,1.0487418407321982,1.0,0.487418407321983,64,64,64,fresh_iid,pilot16,256,0.41831630794542707
s9318_r8_n750_a125,confirmatory,9318,8,0.75,0.125,feedback_only,balanced_interleaved_k1,balanced_interleaved,balanced,1,0.19088469787505546,0.125,0.6588469787505544,64,64,8,fresh_iid,pilot16,256,0.7221715171782782
s9318_r8_n750_a125,confirmatory,9318,8,0.75,0.125,feedback_only,balanced_interleaved_k2,balanced_interleaved,balanced,2,0.31588469787505546,0.25,0.6588469787505544,64,64,16,fresh_iid,pilot16,256,0.6710951422196745
s9318_r8_n750_a125,confirmatory,9318,8,0.75,0.125,feedback_only,balanced_interleaved_k4,balanced_interleaved,balanced,4,0.5658846978750555,0.5,0.6588469787505544,64,64,32,fresh_iid,pilot16,256,0.5979419483475908
s9318_r8_n750_a125,confirmatory,9318,8,0.75,0.125,feedback_only,balanced_interleaved_k8,balanced_interleaved,balanced,8,1.0658846978750554,1.0,0.6588469787505544,64,64,64,fresh_iid,pilot16,256,0.41831630794542707
s9318_r8_n750_a125,confirmatory,9318,8,0.75,0.125,feedback_only,balanced_permutation_a_k1,balanced_permutation_a,balanced,1,0.18899250811836066,0.125,0.6399250811836067,64,64,8,fresh_iid,pilot16,256,0.7221715171782782
s9318_r8_n750_a125,confirmatory,9318,8,0.75,0.125,feedback_only,balanced_permutation_a_k2,balanced_permutation_a,balanced,2,0.31399250811836066,0.25,0.6399250811836067,64,64,16,fresh_iid,pilot16,256,0.6591342012854091
s9318_r8_n750_a125,confirmatory,9318,8,0.75,0.125,feedback_only,balanced_permutation_a_k4,balanced_permutation_a,balanced,4,0.5639925081183607,0.5,0.6399250811836067,64,64,32,fresh_iid,pilot16,256,0.5793792669391111
s9318_r8_n750_a125,confirmatory,9318,8,0.75,0.125,feedback_only,balanced_permutation_a_k8,balanced_permutation_a,balanced,8,1.0639925081183608,1.0,0.6399250811836067,64,64,64,fresh_iid,pilot16,256,0.41831630794542707
s9318_r8_n750_a125,confirmatory,9318,8,0.75,0.125,feedback_only,balanced_permutation_b_k1,balanced_permutation_b,balanced,1,0.18840039778945986,0.125,0.6340039778945984,64,64,8,fresh_iid,pilot16,256,0.7221715171782782
s9318_r8_n750_a125,confirmatory,9318,8,0.75,0.125,feedback_only,balanced_permutation_b_k2,balanced_permutation_b,balanced,2,0.31340039778945983,0.25,0.6340039778945984,64,64,16,fresh_iid,pilot16,256,0.6740853835786651
s9318_r8_n750_a125,confirmatory,9318,8,0.75,0.125,feedback_only,balanced_permutation_b_k4,balanced_permutation_b,balanced,4,0.5634003977894598,0.5,0.6340039778945984,64,64,32,fresh_iid,pilot16,256,0.5885253069267927
s9318_r8_n750_a125,confirmatory,9318,8,0.75,0.125,feedback_only,balanced_permutation_b_k8,balanced_permutation_b,balanced,8,1.06340039778946,1.0,0.6340039778945984,64,64,64,fresh_iid,pilot16,256,0.41831630794542707
s9318_r8_n750_a125,confirmatory,9318,8,0.75,0.125,feedback_only,comb_contiguous_k1,comb_contiguous,comb,1,0.225,0.125,1.0,64,64,8,fresh_iid,pilot16,256,0.7221715171782782
s9318_r8_n750_a125,confirmatory,9318,8,0.75,0.125,feedback_only,comb_contiguous_k2,comb_contiguous,comb,2,0.35,0.25,1.0,64,64,16,fresh_iid,pilot16,256,0.6812580911217081
s9318_r8_n750_a125,confirmatory,9318,8,0.75,0.125,feedback_only,comb_contiguous_k4,comb_contiguous,comb,4,0.6,0.5,1.0,64,64,32,fresh_iid,pilot16,256,0.588332331660869
s9318_r8_n750_a125,confirmatory,9318,8,0.75,0.125,feedback_only,comb_contiguous_k8,comb_contiguous,comb,8,1.1,1.0,1.0,64,64,64,fresh_iid,pilot16,256,0.41831630794542707
s9318_r8_n750_a125,confirmatory,9318,8,0.75,0.125,joint_forward_feedback,balanced_contiguous_k1,balanced_contiguous,balanced,1,0.1737418407321983,0.125,0.487418407321983,64,64,8,fixed_cache,pilot16,256,0.7372171672554928
s9318_r8_n750_a125,confirmatory,9318,8,0.75,0.125,joint_forward_feedback,balanced_contiguous_k2,balanced_contiguous,balanced,2,0.2987418407321983,0.25,0.487418407321983,64,64,16,fixed_cache,pilot16,256,0.7066790705660304
s9318_r8_n750_a125,confirmatory,9318,8,0.75,0.125,joint_forward_feedback,balanced_contiguous_k4,balanced_contiguous,balanced,4,0.5487418407321983,0.5,0.487418407321983,64,64,32,fixed_cache,pilot16,256,0.6461673787762328
s9318_r8_n750_a125,confirmatory,9318,8,0.75,0.125,joint_forward_feedback,balanced_contiguous_k8,balanced_contiguous,balanced,8,1.0487418407321982,1.0,0.487418407321983,64,64,64,fixed_cache,pilot16,256,0.5680412356514659
s9318_r8_n750_a125,confirmatory,9318,8,0.75,0.125,joint_forward_feedback,balanced_interleaved_k1,balanced_interleaved,balanced,1,0.19088469787505546,0.125,0.6588469787505544,64,64,8,fixed_cache,pilot16,256,0.734333854426868
s9318_r8_n750_a125,confirmatory,9318,8,0.75,0.125,joint_forward_feedback,balanced_interleaved_k2,balanced_interleaved,balanced,2,0.31588469787505546,0.25,0.6588469787505544,64,64,16,fixed_cache,pilot16,256,0.6845806391351658
s9318_r8_n750_a125,confirmatory,9318,8,0.75,0.125,joint_forward_feedback,balanced_interleaved_k4,balanced_interleaved,balanced,4,0.5658846978750555,0.5,0.6588469787505544,64,64,32,fixed_cache,pilot16,256,0.6289089357086866
s9318_r8_n750_a125,confirmatory,9318,8,0.75,0.125,joint_forward_feedback,balanced_interleaved_k8,balanced_interleaved,balanced,8,1.0658846978750554,1.0,0.6588469787505544,64,64,64,fixed_cache,pilot16,256,0.5155590248723109
s9318_r8_n750_a125,confirmatory,9318,8,0.75,0.125,joint_forward_feedback,balanced_permutation_a_k1,balanced_permutation_a,balanced,1,0.18899250811836066,0.125,0.6399250811836067,64,64,8,fixed_cache,pilot16,256,0.7350510180842553
s9318_r8_n750_a125,confirmatory,9318,8,0.75,0.125,joint_forward_feedback,balanced_permutation_a_k2,balanced_permutation_a,balanced,2,0.31399250811836066,0.25,0.6399250811836067,64,64,16,fixed_cache,pilot16,256,0.6926664559097728
s9318_r8_n750_a125,confirmatory,9318,8,0.75,0.125,joint_forward_feedback,balanced_permutation_a_k4,balanced_permutation_a,balanced,4,0.5639925081183607,0.5,0.6399250811836067,64,64,32,fixed_cache,pilot16,256,0.635835021982462
s9318_r8_n750_a125,confirmatory,9318,8,0.75,0.125,joint_forward_feedback,balanced_permutation_a_k8,balanced_permutation_a,balanced,8,1.0639925081183608,1.0,0.6399250811836067,64,64,64,fixed_cache,pilot16,256,0.5213843981017834
s9318_r8_n750_a125,confirmatory,9318,8,0.75,0.125,joint_forward_feedback,balanced_permutation_b_k1,balanced_permutation_b,balanced,1,0.18840039778945986,0.125,0.6340039778945984,64,64,8,fixed_cache,pilot16,256,0.7344672691993751
s9318_r8_n750_a125,confirmatory,9318,8,0.75,0.125,joint_forward_feedback,balanced_permutation_b_k2,balanced_permutation_b,balanced,2,0.31340039778945983,0.25,0.6340039778945984,64,64,16,fixed_cache,pilot16,256,0.7046961918924269
s9318_r8_n750_a125,confirmatory,9318,8,0.75,0.125,joint_forward_feedback,balanced_permutation_b_k4,balanced_permutation_b,balanced,4,0.5634003977894598,0.5,0.6340039778945984,64,64,32,fixed_cache,pilot16,256,0.6456615733307342
s9318_r8_n750_a125,confirmatory,9318,8,0.75,0.125,joint_forward_feedback,balanced_permutation_b_k8,balanced_permutation_b,balanced,8,1.06340039778946,1.0,0.6340039778945984,64,64,64,fixed_cache,pilot16,256,0.5238847045917978
s9318_r8_n750_a125,confirmatory,9318,8,0.75,0.125,joint_forward_feedback,comb_contiguous_k1,comb_contiguous,comb,1,0.225,0.125,1.0,64,64,8,fixed_cache,pilot16,256,0.7329280765592899
s9318_r8_n750_a125,confirmatory,9318,8,0.75,0.125,joint_forward_feedback,comb_contiguous_k2,comb_contiguous,comb,2,0.35,0.25,1.0,64,64,16,fixed_cache,pilot16,256,0.6947285685139113
s9318_r8_n750_a125,confirmatory,9318,8,0.75,0.125,joint_forward_feedback,comb_contiguous_k4,comb_contiguous,comb,4,0.6,0.5,1.0,64,64,32,fixed_cache,pilot16,256,0.6154915986151626
s9318_r8_n750_a125,confirmatory,9318,8,0.75,0.125,joint_forward_feedback,comb_contiguous_k8,comb_contiguous,comb,8,1.1,1.0,1.0,64,64,64,fixed_cache,pilot16,256,0.4980924009639748
s9318_r8_n750_a125,confirmatory,9318,8,0.75,0.125,joint_forward_feedback,balanced_contiguous_k1,balanced_contiguous,balanced,1,0.1737418407321983,0.125,0.487418407321983,64,64,8,fresh_iid,pilot16,256,0.7325289191443072
s9318_r8_n750_a125,confirmatory,9318,8,0.75,0.125,joint_forward_feedback,balanced_contiguous_k2,balanced_contiguous,balanced,2,0.2987418407321983,0.25,0.487418407321983,64,64,16,fresh_iid,pilot16,256,0.7062076578345933
s9318_r8_n750_a125,confirmatory,9318,8,0.75,0.125,joint_forward_feedback,balanced_contiguous_k4,balanced_contiguous,balanced,4,0.5487418407321983,0.5,0.487418407321983,64,64,32,fresh_iid,pilot16,256,0.651437279360706
s9318_r8_n750_a125,confirmatory,9318,8,0.75,0.125,joint_forward_feedback,balanced_contiguous_k8,balanced_contiguous,balanced,8,1.0487418407321982,1.0,0.487418407321983,64,64,64,fresh_iid,pilot16,256,0.5687629942209917
s9318_r8_n750_a125,confirmatory,9318,8,0.75,0.125,joint_forward_feedback,balanced_interleaved_k1,balanced_interleaved,balanced,1,0.19088469787505546,0.125,0.6588469787505544,64,64,8,fresh_iid,pilot16,256,0.7295789674438178
s9318_r8_n750_a125,confirmatory,9318,8,0.75,0.125,joint_forward_feedback,balanced_interleaved_k2,balanced_interleaved,balanced,2,0.31588469787505546,0.25,0.6588469787505544,64,64,16,fresh_iid,pilot16,256,0.6905993650066494
s9318_r8_n750_a125,confirmatory,9318,8,0.75,0.125,joint_forward_feedback,balanced_interleaved_k4,balanced_interleaved,balanced,4,0.5658846978750555,0.5,0.6588469787505544,64,64,32,fresh_iid,pilot16,256,0.6313665407352995
s9318_r8_n750_a125,confirmatory,9318,8,0.75,0.125,joint_forward_feedback,balanced_interleaved_k8,balanced_interleaved,balanced,8,1.0658846978750554,1.0,0.6588469787505544,64,64,64,fresh_iid,pilot16,256,0.5148363631689679
s9318_r8_n750_a125,confirmatory,9318,8,0.75,0.125,joint_forward_feedback,balanced_permutation_a_k1,balanced_permutation_a,balanced,1,0.18899250811836066,0.125,0.6399250811836067,64,64,8,fresh_iid,pilot16,256,0.7301125571053186
s9318_r8_n750_a125,confirmatory,9318,8,0.75,0.125,joint_forward_feedback,balanced_permutation_a_k2,balanced_permutation_a,balanced,2,0.31399250811836066,0.25,0.6399250811836067,64,64,16,fresh_iid,pilot16,256,0.6787312188263679
s9318_r8_n750_a125,confirmatory,9318,8,0.75,0.125,joint_forward_feedback,balanced_permutation_a_k4,balanced_permutation_a,balanced,4,0.5639925081183607,0.5,0.6399250811836067,64,64,32,fresh_iid,pilot16,256,0.616363116928179
s9318_r8_n750_a125,confirmatory,9318,8,0.75,0.125,joint_forward_feedback,balanced_permutation_a_k8,balanced_permutation_a,balanced,8,1.0639925081183608,1.0,0.6399250811836067,64,64,64,fresh_iid,pilot16,256,0.5181980434525093
s9318_r8_n750_a125,confirmatory,9318,8,0.75,0.125,joint_forward_feedback,balanced_permutation_b_k1,balanced_permutation_b,balanced,1,0.18840039778945986,0.125,0.6340039778945984,64,64,8,fresh_iid,pilot16,256,0.7294126933806107
s9318_r8_n750_a125,confirmatory,9318,8,0.75,0.125,joint_forward_feedback,balanced_permutation_b_k2,balanced_permutation_b,balanced,2,0.31340039778945983,0.25,0.6340039778945984,64,64,16,fresh_iid,pilot16,256,0.6917692426498574
s9318_r8_n750_a125,confirmatory,9318,8,0.75,0.125,joint_forward_feedback,balanced_permutation_b_k4,balanced_permutation_b,balanced,4,0.5634003977894598,0.5,0.6340039778945984,64,64,32,fresh_iid,pilot16,256,0.6238015417543794
s9318_r8_n750_a125,confirmatory,9318,8,0.75,0.125,joint_forward_feedback,balanced_permutation_b_k8,balanced_permutation_b,balanced,8,1.06340039778946,1.0,0.6340039778945984,64,64,64,fresh_iid,pilot16,256,0.5205279610723652
s9318_r8_n750_a125,confirmatory,9318,8,0.75,0.125,joint_forward_feedback,comb_contiguous_k1,comb_contiguous,comb,1,0.225,0.125,1.0,64,64,8,fresh_iid,pilot16,256,0.7280413310983248
s9318_r8_n750_a125,confirmatory,9318,8,0.75,0.125,joint_forward_feedback,comb_contiguous_k2,comb_contiguous,comb,2,0.35,0.25,1.0,64,64,16,fresh_iid,pilot16,256,0.6920922159111118
s9318_r8_n750_a125,confirmatory,9318,8,0.75,0.125,joint_forward_feedback,comb_contiguous_k4,comb_contiguous,comb,4,0.6,0.5,1.0,64,64,32,fresh_iid,pilot16,256,0.6135125964303454
s9318_r8_n750_a125,confirmatory,9318,8,0.75,0.125,joint_forward_feedback,comb_contiguous_k8,comb_contiguous,comb,8,1.1,1.0,1.0,64,64,64,fresh_iid,pilot16,256,0.5001991083161309
s9318_r8_n750_a375,confirmatory,9318,8,0.75,0.375,feedback_only,balanced_contiguous_k1,balanced_contiguous,balanced,1,0.1737418407321983,0.125,0.487418407321983,64,64,8,fixed_cache,pilot16,256,0.762493038208524
s9318_r8_n750_a375,confirmatory,9318,8,0.75,0.375,feedback_only,balanced_contiguous_k2,balanced_contiguous,balanced,2,0.2987418407321983,0.25,0.487418407321983,64,64,16,fixed_cache,pilot16,256,0.7200247315301687
s9318_r8_n750_a375,confirmatory,9318,8,0.75,0.375,feedback_only,balanced_contiguous_k4,balanced_contiguous,balanced,4,0.5487418407321983,0.5,0.487418407321983,64,64,32,fixed_cache,pilot16,256,0.6216187443811197
s9318_r8_n750_a375,confirmatory,9318,8,0.75,0.375,feedback_only,balanced_contiguous_k8,balanced_contiguous,balanced,8,1.0487418407321982,1.0,0.487418407321983,64,64,64,fixed_cache,pilot16,256,0.4243423884124349
s9318_r8_n750_a375,confirmatory,9318,8,0.75,0.375,feedback_only,balanced_interleaved_k1,balanced_interleaved,balanced,1,0.19088469787505546,0.125,0.6588469787505544,64,64,8,fixed_cache,pilot16,256,0.762493038208524
s9318_r8_n750_a375,confirmatory,9318,8,0.75,0.375,feedback_only,balanced_interleaved_k2,balanced_interleaved,balanced,2,0.31588469787505546,0.25,0.6588469787505544,64,64,16,fixed_cache,pilot16,256,0.7103258692949141
s9318_r8_n750_a375,confirmatory,9318,8,0.75,0.375,feedback_only,balanced_interleaved_k4,balanced_interleaved,balanced,4,0.5658846978750555,0.5,0.6588469787505544,64,64,32,fixed_cache,pilot16,256,0.6240985039925888
s9318_r8_n750_a375,confirmatory,9318,8,0.75,0.375,feedback_only,balanced_interleaved_k8,balanced_interleaved,balanced,8,1.0658846978750554,1.0,0.6588469787505544,64,64,64,fixed_cache,pilot16,256,0.4243423884124349
s9318_r8_n750_a375,confirmatory,9318,8,0.75,0.375,feedback_only,balanced_permutation_a_k1,balanced_permutation_a,balanced,1,0.18899250811836066,0.125,0.6399250811836067,64,64,8,fixed_cache,pilot16,256,0.762493038208524
s9318_r8_n750_a375,confirmatory,9318,8,0.75,0.375,feedback_only,balanced_permutation_a_k2,balanced_permutation_a,balanced,2,0.31399250811836066,0.25,0.6399250811836067,64,64,16,fixed_cache,pilot16,256,0.6959769377617984
s9318_r8_n750_a375,confirmatory,9318,8,0.75,0.375,feedback_only,balanced_permutation_a_k4,balanced_permutation_a,balanced,4,0.5639925081183607,0.5,0.6399250811836067,64,64,32,fixed_cache,pilot16,256,0.6123378483470879
s9318_r8_n750_a375,confirmatory,9318,8,0.75,0.375,feedback_only,balanced_permutation_a_k8,balanced_permutation_a,balanced,8,1.0639925081183608,1.0,0.6399250811836067,64,64,64,fixed_cache,pilot16,256,0.4243423884124349
s9318_r8_n750_a375,confirmatory,9318,8,0.75,0.375,feedback_only,balanced_permutation_b_k1,balanced_permutation_b,balanced,1,0.18840039778945986,0.125,0.6340039778945984,64,64,8,fixed_cache,pilot16,256,0.762493038208524
s9318_r8_n750_a375,confirmatory,9318,8,0.75,0.375,feedback_only,balanced_permutation_b_k2,balanced_permutation_b,balanced,2,0.31340039778945983,0.25,0.6340039778945984,64,64,16,fixed_cache,pilot16,256,0.7017645139469918
s9318_r8_n750_a375,confirmatory,9318,8,0.75,0.375,feedback_only,balanced_permutation_b_k4,balanced_permutation_b,balanced,4,0.5634003977894598,0.5,0.6340039778945984,64,64,32,fixed_cache,pilot16,256,0.6195202145376301
s9318_r8_n750_a375,confirmatory,9318,8,0.75,0.375,feedback_only,balanced_permutation_b_k8,balanced_permutation_b,balanced,8,1.06340039778946,1.0,0.6340039778945984,64,64,64,fixed_cache,pilot16,256,0.4243423884124349
s9318_r8_n750_a375,confirmatory,9318,8,0.75,0.375,feedback_only,comb_contiguous_k1,comb_contiguous,comb,1,0.225,0.125,1.0,64,64,8,fixed_cache,pilot16,256,0.762493038208524
s9318_r8_n750_a375,confirmatory,9318,8,0.75,0.375,feedback_only,comb_contiguous_k2,comb_contiguous,comb,2,0.35,0.25,1.0,64,64,16,fixed_cache,pilot16,256,0.7189455506075402
s9318_r8_n750_a375,confirmatory,9318,8,0.75,0.375,feedback_only,comb_contiguous_k4,comb_contiguous,comb,4,0.6,0.5,1.0,64,64,32,fixed_cache,pilot16,256,0.6171783489493663
s9318_r8_n750_a375,confirmatory,9318,8,0.75,0.375,feedback_only,comb_contiguous_k8,comb_contiguous,comb,8,1.1,1.0,1.0,64,64,64,fixed_cache,pilot16,256,0.4243423884124349
s9318_r8_n750_a375,confirmatory,9318,8,0.75,0.375,feedback_only,balanced_contiguous_k1,balanced_contiguous,balanced,1,0.1737418407321983,0.125,0.487418407321983,64,64,8,fresh_iid,pilot16,256,0.7566625132815441
s9318_r8_n750_a375,confirmatory,9318,8,0.75,0.375,feedback_only,balanced_contiguous_k2,balanced_contiguous,balanced,2,0.2987418407321983,0.25,0.487418407321983,64,64,16,fresh_iid,pilot16,256,0.7210894451535448
s9318_r8_n750_a375,confirmatory,9318,8,0.75,0.375,feedback_only,balanced_contiguous_k4,balanced_contiguous,balanced,4,0.5487418407321983,0.5,0.487418407321983,64,64,32,fresh_iid,pilot16,256,0.6274813671971344
s9318_r8_n750_a375,confirmatory,9318,8,0.75,0.375,feedback_only,balanced_contiguous_k8,balanced_contiguous,balanced,8,1.0487418407321982,1.0,0.487418407321983,64,64,64,fresh_iid,pilot16,256,0.43477992941030524
s9318_r8_n750_a375,confirmatory,9318,8,0.75,0.375,feedback_only,balanced_interleaved_k1,balanced_interleaved,balanced,1,0.19088469787505546,0.125,0.6588469787505544,64,64,8,fresh_iid,pilot16,256,0.7566625132815441
s9318_r8_n750_a375,confirmatory,9318,8,0.75,0.375,feedback_only,balanced_interleaved_k2,balanced_interleaved,balanced,2,0.31588469787505546,0.25,0.6588469787505544,64,64,16,fresh_iid,pilot16,256,0.7146355521211045
s9318_r8_n750_a375,confirmatory,9318,8,0.75,0.375,feedback_only,balanced_interleaved_k4,balanced_interleaved,balanced,4,0.5658846978750555,0.5,0.6588469787505544,64,64,32,fresh_iid,pilot16,256,0.6263610356194289
s9318_r8_n750_a375,confirmatory,9318,8,0.75,0.375,feedback_only,balanced_interleaved_k8,balanced_interleaved,balanced,8,1.0658846978750554,1.0,0.6588469787505544,64,64,64,fresh_iid,pilot16,256,0.43477992941030524
s9318_r8_n750_a375,confirmatory,9318,8,0.75,0.375,feedback_only,balanced_permutation_a_k1,balanced_permutation_a,balanced,1,0.18899250811836066,0.125,0.6399250811836067,64,64,8,fresh_iid,pilot16,256,0.7566625132815441
s9318_r8_n750_a375,confirmatory,9318,8,0.75,0.375,feedback_only,balanced_permutation_a_k2,balanced_permutation_a,balanced,2,0.31399250811836066,0.25,0.6399250811836067,64,64,16,fresh_iid,pilot16,256,0.6853871243463228
s9318_r8_n750_a375,confirmatory,9318,8,0.75,0.375,feedback_only,balanced_permutation_a_k4,balanced_permutation_a,balanced,4,0.5639925081183607,0.5,0.6399250811836067,64,64,32,fresh_iid,pilot16,256,0.5996260849436261
s9318_r8_n750_a375,confirmatory,9318,8,0.75,0.375,feedback_only,balanced_permutation_a_k8,balanced_permutation_a,balanced,8,1.0639925081183608,1.0,0.6399250811836067,64,64,64,fresh_iid,pilot16,256,0.43477992941030524
s9318_r8_n750_a375,confirmatory,9318,8,0.75,0.375,feedback_only,balanced_permutation_b_k1,balanced_permutation_b,balanced,1,0.18840039778945986,0.125,0.6340039778945984,64,64,8,fresh_iid,pilot16,256,0.7566625132815441
s9318_r8_n750_a375,confirmatory,9318,8,0.75,0.375,feedback_only,balanced_permutation_b_k2,balanced_permutation_b,balanced,2,0.31340039778945983,0.25,0.6340039778945984,64,64,16,fresh_iid,pilot16,256,0.6921049693752667
s9318_r8_n750_a375,confirmatory,9318,8,0.75,0.375,feedback_only,balanced_permutation_b_k4,balanced_permutation_b,balanced,4,0.5634003977894598,0.5,0.6340039778945984,64,64,32,fresh_iid,pilot16,256,0.6068168458392265
s9318_r8_n750_a375,confirmatory,9318,8,0.75,0.375,feedback_only,balanced_permutation_b_k8,balanced_permutation_b,balanced,8,1.06340039778946,1.0,0.6340039778945984,64,64,64,fresh_iid,pilot16,256,0.43477992941030524
s9318_r8_n750_a375,confirmatory,9318,8,0.75,0.375,feedback_only,comb_contiguous_k1,comb_contiguous,comb,1,0.225,0.125,1.0,64,64,8,fresh_iid,pilot16,256,0.7566625132815441
s9318_r8_n750_a375,confirmatory,9318,8,0.75,0.375,feedback_only,comb_contiguous_k2,comb_contiguous,comb,2,0.35,0.25,1.0,64,64,16,fresh_iid,pilot16,256,0.7118263382850321
s9318_r8_n750_a375,confirmatory,9318,8,0.75,0.375,feedback_only,comb_contiguous_k4,comb_contiguous,comb,4,0.6,0.5,1.0,64,64,32,fresh_iid,pilot16,256,0.6167596657915884
s9318_r8_n750_a375,confirmatory,9318,8,0.75,0.375,feedback_only,comb_contiguous_k8,comb_contiguous,comb,8,1.1,1.0,1.0,64,64,64,fresh_iid,pilot16,256,0.43477992941030524
s9318_r8_n750_a375,confirmatory,9318,8,0.75,0.375,joint_forward_feedback,balanced_contiguous_k1,balanced_contiguous,balanced,1,0.1737418407321983,0.125,0.487418407321983,64,64,8,fixed_cache,pilot16,256,0.7737740670768942
s9318_r8_n750_a375,confirmatory,9318,8,0.75,0.375,joint_forward_feedback,balanced_contiguous_k2,balanced_contiguous,balanced,2,0.2987418407321983,0.25,0.487418407321983,64,64,16,fixed_cache,pilot16,256,0.7434556178822403
s9318_r8_n750_a375,confirmatory,9318,8,0.75,0.375,joint_forward_feedback,balanced_contiguous_k4,balanced_contiguous,balanced,4,0.5487418407321983,0.5,0.487418407321983,64,64,32,fixed_cache,pilot16,256,0.6783057326407624
s9318_r8_n750_a375,confirmatory,9318,8,0.75,0.375,joint_forward_feedback,balanced_contiguous_k8,balanced_contiguous,balanced,8,1.0487418407321982,1.0,0.487418407321983,64,64,64,fixed_cache,pilot16,256,0.591582353783843
s9318_r8_n750_a375,confirmatory,9318,8,0.75,0.375,joint_forward_feedback,balanced_interleaved_k1,balanced_interleaved,balanced,1,0.19088469787505546,0.125,0.6588469787505544,64,64,8,fixed_cache,pilot16,256,0.7709250185610836
s9318_r8_n750_a375,confirmatory,9318,8,0.75,0.375,joint_forward_feedback,balanced_interleaved_k2,balanced_interleaved,balanced,2,0.31588469787505546,0.25,0.6588469787505544,64,64,16,fixed_cache,pilot16,256,0.7299162165147509
s9318_r8_n750_a375,confirmatory,9318,8,0.75,0.375,joint_forward_feedback,balanced_interleaved_k4,balanced_interleaved,balanced,4,0.5658846978750555,0.5,0.6588469787505544,64,64,32,fixed_cache,pilot16,256,0.6631250189576013
s9318_r8_n750_a375,confirmatory,9318,8,0.75,0.375,joint_forward_feedback,balanced_interleaved_k8,balanced_interleaved,balanced,8,1.0658846978750554,1.0,0.6588469787505544,64,64,64,fixed_cache,pilot16,256,0.5327372158049335
s9318_r8_n750_a375,confirmatory,9318,8,0.75,0.375,joint_forward_feedback,balanced_permutation_a_k1,balanced_permutation_a,balanced,1,0.18899250811836066,0.125,0.6399250811836067,64,64,8,fixed_cache,pilot16,256,0.7713603942928288
s9318_r8_n750_a375,confirmatory,9318,8,0.75,0.375,joint_forward_feedback,balanced_permutation_a_k2,balanced_permutation_a,balanced,2,0.31399250811836066,0.25,0.6399250811836067,64,64,16,fixed_cache,pilot16,256,0.7209722782993576
s9318_r8_n750_a375,confirmatory,9318,8,0.75,0.375,joint_forward_feedback,balanced_permutation_a_k4,balanced_permutation_a,balanced,4,0.5639925081183607,0.5,0.6399250811836067,64,64,32,fixed_cache,pilot16,256,0.6588015179743739
s9318_r8_n750_a375,confirmatory,9318,8,0.75,0.375,joint_forward_feedback,balanced_permutation_a_k8,balanced_permutation_a,balanced,8,1.0639925081183608,1.0,0.6399250811836067,64,64,64,fixed_cache,pilot16,256,0.5379528445191064
s9318_r8_n750_a375,confirmatory,9318,8,0.75,0.375,joint_forward_feedback,balanced_permutation_b_k1,balanced_permutation_b,balanced,1,0.18840039778945986,0.125,0.6340039778945984,64,64,8,fixed_cache,pilot16,256,0.7709958081804882
s9318_r8_n750_a375,confirmatory,9318,8,0.75,0.375,joint_forward_feedback,balanced_permutation_b_k2,balanced_permutation_b,balanced,2,0.31340039778945983,0.25,0.6340039778945984,64,64,16,fixed_cache,pilot16,256,0.7255970856841713
s9318_r8_n750_a375,confirmatory,9318,8,0.75,0.375,joint_forward_feedback,balanced_permutation_b_k4,balanced_permutation_b,balanced,4,0.5634003977894598,0.5,0.6340039778945984,64,64,32,fixed_cache,pilot16,256,0.6600018448391558
s9318_r8_n750_a375,confirmatory,9318,8,0.75,0.375,joint_forward_feedback,balanced_permutation_b_k8,balanced_permutation_b,balanced,8,1.06340039778946,1.0,0.6340039778945984,64,64,64,fixed_cache,pilot16,256,0.5401117704782535
s9318_r8_n750_a375,confirmatory,9318,8,0.75,0.375,joint_forward_feedback,comb_contiguous_k1,comb_contiguous,comb,1,0.225,0.125,1.0,64,64,8,fixed_cache,pilot16,256,0.7693884860545736
s9318_r8_n750_a375,confirmatory,9318,8,0.75,0.375,joint_forward_feedback,comb_contiguous_k2,comb_contiguous,comb,2,0.35,0.25,1.0,64,64,16,fixed_cache,pilot16,256,0.7315284640463743
s9318_r8_n750_a375,confirmatory,9318,8,0.75,0.375,joint_forward_feedback,comb_contiguous_k4,comb_contiguous,comb,4,0.6,0.5,1.0,64,64,32,fixed_cache,pilot16,256,0.6444357826900439
s9318_r8_n750_a375,confirmatory,9318,8,0.75,0.375,joint_forward_feedback,comb_contiguous_k8,comb_contiguous,comb,8,1.1,1.0,1.0,64,64,64,fixed_cache,pilot16,256,0.5157324317808585
s9318_r8_n750_a375,confirmatory,9318,8,0.75,0.375,joint_forward_feedback,balanced_contiguous_k1,balanced_contiguous,balanced,1,0.1737418407321983,0.125,0.487418407321983,64,64,8,fresh_iid,pilot16,256,0.7668931660153769
s9318_r8_n750_a375,confirmatory,9318,8,0.75,0.375,joint_forward_feedback,balanced_contiguous_k2,balanced_contiguous,balanced,2,0.2987418407321983,0.25,0.487418407321983,64,64,16,fresh_iid,pilot16,256,0.7397695629047152
s9318_r8_n750_a375,confirmatory,9318,8,0.75,0.375,joint_forward_feedback,balanced_contiguous_k4,balanced_contiguous,balanced,4,0.5487418407321983,0.5,0.487418407321983,64,64,32,fresh_iid,pilot16,256,0.6792467708804824
s9318_r8_n750_a375,confirmatory,9318,8,0.75,0.375,joint_forward_feedback,balanced_contiguous_k8,balanced_contiguous,balanced,8,1.0487418407321982,1.0,0.487418407321983,64,64,64,fresh_iid,pilot16,256,0.5934731277100843
s9318_r8_n750_a375,confirmatory,9318,8,0.75,0.375,joint_forward_feedback,balanced_interleaved_k1,balanced_interleaved,balanced,1,0.19088469787505546,0.125,0.6588469787505544,64,64,8,fresh_iid,pilot16,256,0.7639535857389785
s9318_r8_n750_a375,confirmatory,9318,8,0.75,0.375,joint_forward_feedback,balanced_interleaved_k2,balanced_interleaved,balanced,2,0.31588469787505546,0.25,0.6588469787505544,64,64,16,fresh_iid,pilot16,256,0.732603549478266
s9318_r8_n750_a375,confirmatory,9318,8,0.75,0.375,joint_forward_feedback,balanced_interleaved_k4,balanced_interleaved,balanced,4,0.5658846978750555,0.5,0.6588469787505544,64,64,32,fresh_iid,pilot16,256,0.6632696682203217
s9318_r8_n750_a375,confirmatory,9318,8,0.75,0.375,joint_forward_feedback,balanced_interleaved_k8,balanced_interleaved,balanced,8,1.0658846978750554,1.0,0.6588469787505544,64,64,64,fresh_iid,pilot16,256,0.5362758868926252
s9318_r8_n750_a375,confirmatory,9318,8,0.75,0.375,joint_forward_feedback,balanced_permutation_a_k1,balanced_permutation_a,balanced,1,0.18899250811836066,0.125,0.6399250811836067,64,64,8,fresh_iid,pilot16,256,0.7645237957411951
s9318_r8_n750_a375,confirmatory,9318,8,0.75,0.375,joint_forward_feedback,balanced_permutation_a_k2,balanced_permutation_a,balanced,2,0.31399250811836066,0.25,0.6399250811836067,64,64,16,fresh_iid,pilot16,256,0.7098039876322919
s9318_r8_n750_a375,confirmatory,9318,8,0.75,0.375,joint_forward_feedback,balanced_permutation_a_k4,balanced_permutation_a,balanced,4,0.5639925081183607,0.5,0.6399250811836067,64,64,32,fresh_iid,pilot16,256,0.6433772251003962
s9318_r8_n750_a375,confirmatory,9318,8,0.75,0.375,joint_forward_feedback,balanced_permutation_a_k8,balanced_permutation_a,balanced,8,1.0639925081183608,1.0,0.6399250811836067,64,64,64,fresh_iid,pilot16,256,0.5415239333688038
s9318_r8_n750_a375,confirmatory,9318,8,0.75,0.375,joint_forward_feedback,balanced_permutation_b_k1,balanced_permutation_b,balanced,1,0.18840039778945986,0.125,0.6340039778945984,64,64,8,fresh_iid,pilot16,256,0.7640604573111245
s9318_r8_n750_a375,confirmatory,9318,8,0.75,0.375,joint_forward_feedback,balanced_permutation_b_k2,balanced_permutation_b,balanced,2,0.31340039778945983,0.25,0.6340039778945984,64,64,16,fresh_iid,pilot16,256,0.7158356486187596
s9318_r8_n750_a375,confirmatory,9318,8,0.75,0.375,joint_forward_feedback,balanced_permutation_b_k4,balanced_permutation_b,balanced,4,0.5634003977894598,0.5,0.6340039778945984,64,64,32,fresh_iid,pilot16,256,0.6519002319719187
s9318_r8_n750_a375,confirmatory,9318,8,0.75,0.375,joint_forward_feedback,balanced_permutation_b_k8,balanced_permutation_b,balanced,8,1.06340039778946,1.0,0.6340039778945984,64,64,64,fresh_iid,pilot16,256,0.541962723231622
s9318_r8_n750_a375,confirmatory,9318,8,0.75,0.375,joint_forward_feedback,comb_contiguous_k1,comb_contiguous,comb,1,0.225,0.125,1.0,64,64,8,fresh_iid,pilot16,256,0.7626049340601151
s9318_r8_n750_a375,confirmatory,9318,8,0.75,0.375,joint_forward_feedback,comb_contiguous_k2,comb_contiguous,comb,2,0.35,0.25,1.0,64,64,16,fresh_iid,pilot16,256,0.7232814726521941
s9318_r8_n750_a375,confirmatory,9318,8,0.75,0.375,joint_forward_feedback,comb_contiguous_k4,comb_contiguous,comb,4,0.6,0.5,1.0,64,64,32,fresh_iid,pilot16,256,0.6426662687877148
s9318_r8_n750_a375,confirmatory,9318,8,0.75,0.375,joint_forward_feedback,comb_contiguous_k8,comb_contiguous,comb,8,1.1,1.0,1.0,64,64,64,fresh_iid,pilot16,256,0.5185959111231725
