task_id,split,seed,rank,noise_sd,angle_pi,arm,candidate_id,tree_id,shape,budget_k,resource_cost,channel_cost,cable_cost,parameter_count,decoder_coefficients,encoder_coefficients,regime,method,checkpoint,predicted_loss
s9314_r1_n000_a125,confirmatory,9314,1,0.0,0.125,feedback_only,balanced_contiguous_k1,balanced_contiguous,balanced,1,0.1737418407321983,0.125,0.487418407321983,64,64,8,fixed_cache,pilot16,256,9.573502925700144e-06
s9314_r1_n000_a125,confirmatory,9314,1,0.0,0.125,feedback_only,balanced_contiguous_k2,balanced_contiguous,balanced,2,0.2987418407321983,0.25,0.487418407321983,64,64,16,fixed_cache,pilot16,256,3.2579894510022196e-06
s9314_r1_n000_a125,confirmatory,9314,1,0.0,0.125,feedback_only,balanced_contiguous_k4,balanced_contiguous,balanced,4,0.5487418407321983,0.5,0.487418407321983,64,64,32,fixed_cache,pilot16,256,2.6615717324685435e-06
s9314_r1_n000_a125,confirmatory,9314,1,0.0,0.125,feedback_only,balanced_contiguous_k8,balanced_contiguous,balanced,8,1.0487418407321982,1.0,0.487418407321983,64,64,64,fixed_cache,pilot16,256,1.2075814650091214e-06
s9314_r1_n000_a125,confirmatory,9314,1,0.0,0.125,feedback_only,balanced_interleaved_k1,balanced_interleaved,balanced,1,0.19088469787505546,0.125,0.6588469787505544,64,64,8,fixed_cache,pilot16,256,9.573502925700144e-06
s9314_r1_n000_a125,confirmatory,9314,1,0.0,0.125,feedback_only,balanced_interleaved_k2,balanced_interleaved,balanced,2,0.31588469787505546,0.25,0.6588469787505544,64,64,16,fixed_cache,pilot16,256,9.562580593742521e-06
s9314_r1_n000_a125,confirmatory,9314,1,0.0,0.125,feedback_only,balanced_interleaved_k4,balanced_interleaved,balanced,4,0.5658846978750555,0.5,0.6588469787505544,64,64,32,fixed_cache,pilot16,256,8.53702790250123e-06
s9314_r1_n000_a125,confirmatory,9314,1,0.0,0.125,feedback_only,balanced_interleaved_k8,balanced_interleaved,balanced,8,1.0658846978750554,1.0,0.6588469787505544,64,64,64,fixed_cache,pilot16,256,1.2075814650091214e-06
s9314_r1_n000_a125,confirmatory,9314,1,0.0,0.125,feedback_only,balanced_permutation_a_k1,balanced_permutation_a,balanced,1,0.18899250811836066,0.125,0.6399250811836067,64,64,8,fixed_cache,pilot16,256,9.573502925700144e-06
s9314_r1_n000_a125,confirmatory,9314,1,0.0,0.125,feedback_only,balanced_permutation_a_k2,balanced_permutation_a,balanced,2,0.31399250811836066,0.25,0.6399250811836067,64,64,16,fixed_cache,pilot16,256,8.40243311249081e-06
s9314_r1_n000_a125,confirmatory,9314,1,0.0,0.125,feedback_only,balanced_permutation_a_k4,balanced_permutation_a,balanced,4,0.5639925081183607,0.5,0.6399250811836067,64,64,32,fixed_cache,pilot16,256,4.530256256544246e-06
s9314_r1_n000_a125,confirmatory,9314,1,0.0,0.125,feedback_only,balanced_permutation_a_k8,balanced_permutation_a,balanced,8,1.0639925081183608,1.0,0.6399250811836067,64,64,64,fixed_cache,pilot16,256,1.2075814650091214e-06
s9314_r1_n000_a125,confirmatory,9314,1,0.0,0.125,feedback_only,balanced_permutation_b_k1,balanced_permutation_b,balanced,1,0.18840039778945986,0.125,0.6340039778945984,64,64,8,fixed_cache,pilot16,256,9.573502925700144e-06
s9314_r1_n000_a125,confirmatory,9314,1,0.0,0.125,feedback_only,balanced_permutation_b_k2,balanced_permutation_b,balanced,2,0.31340039778945983,0.25,0.6340039778945984,64,64,16,fixed_cache,pilot16,256,9.567482614341023e-06
s9314_r1_n000_a125,confirmatory,9314,1,0.0,0.125,feedback_only,balanced_permutation_b_k4,balanced_permutation_b,balanced,4,0.5634003977894598,0.5,0.6340039778945984,64,64,32,fixed_cache,pilot16,256,6.657161218733917e-06
s9314_r1_n000_a125,confirmatory,9314,1,0.0,0.125,feedback_only,balanced_permutation_b_k8,balanced_permutation_b,balanced,8,1.06340039778946,1.0,0.6340039778945984,64,64,64,fixed_cache,pilot16,256,1.2075814650091214e-06
s9314_r1_n000_a125,confirmatory,9314,1,0.0,0.125,feedback_only,comb_contiguous_k1,comb_contiguous,comb,1,0.225,0.125,1.0,64,64,8,fixed_cache,pilot16,256,9.573502925700144e-06
s9314_r1_n000_a125,confirmatory,9314,1,0.0,0.125,feedback_only,comb_contiguous_k2,comb_contiguous,comb,2,0.35,0.25,1.0,64,64,16,fixed_cache,pilot16,256,9.573098178376278e-06
s9314_r1_n000_a125,confirmatory,9314,1,0.0,0.125,feedback_only,comb_contiguous_k4,comb_contiguous,comb,4,0.6,0.5,1.0,64,64,32,fixed_cache,pilot16,256,6.065143665048488e-06
s9314_r1_n000_a125,confirmatory,9314,1,0.0,0.125,feedback_only,comb_contiguous_k8,comb_contiguous,comb,8,1.1,1.0,1.0,64,64,64,fixed_cache,pilot16,256,1.2075814650091214e-06
s9314_r1_n000_a125,confirmatory,9314,1,0.0,0.125,feedback_only,balanced_contiguous_k1,balanced_contiguous,balanced,1,0.1737418407321983,0.125,0.487418407321983,64,64,8,fresh_iid,pilot16,256,4.475719111775917e-06
s9314_r1_n000_a125,confirmatory,9314,1,0.0,0.125,feedback_only,balanced_contiguous_k2,balanced_contiguous,balanced,2,0.2987418407321983,0.25,0.487418407321983,64,64,16,fresh_iid,pilot16,256,1.3193032914249801e-06
s9314_r1_n000_a125,confirmatory,9314,1,0.0,0.125,feedback_only,balanced_contiguous_k4,balanced_contiguous,balanced,4,0.5487418407321983,0.5,0.487418407321983,64,64,32,fresh_iid,pilot16,256,1.0515245997380871e-06
s9314_r1_n000_a125,confirmatory,9314,1,0.0,0.125,feedback_only,balanced_contiguous_k8,balanced_contiguous,balanced,8,1.0487418407321982,1.0,0.487418407321983,64,64,64,fresh_iid,pilot16,256,4.364631241158264e-07
s9314_r1_n000_a125,confirmatory,9314,1,0.0,0.125,feedback_only,balanced_interleaved_k1,balanced_interleaved,balanced,1,0.19088469787505546,0.125,0.6588469787505544,64,64,8,fresh_iid,pilot16,256,4.475719111775917e-06
s9314_r1_n000_a125,confirmatory,9314,1,0.0,0.125,feedback_only,balanced_interleaved_k2,balanced_interleaved,balanced,2,0.31588469787505546,0.25,0.6588469787505544,64,64,16,fresh_iid,pilot16,256,4.469889059836114e-06
s9314_r1_n000_a125,confirmatory,9314,1,0.0,0.125,feedback_only,balanced_interleaved_k4,balanced_interleaved,balanced,4,0.5658846978750555,0.5,0.6588469787505544,64,64,32,fresh_iid,pilot16,256,3.9271782121051875e-06
s9314_r1_n000_a125,confirmatory,9314,1,0.0,0.125,feedback_only,balanced_interleaved_k8,balanced_interleaved,balanced,8,1.0658846978750554,1.0,0.6588469787505544,64,64,64,fresh_iid,pilot16,256,4.364631241158264e-07
s9314_r1_n000_a125,confirmatory,9314,1,0.0,0.125,feedback_only,balanced_permutation_a_k1,balanced_permutation_a,balanced,1,0.18899250811836066,0.125,0.6399250811836067,64,64,8,fresh_iid,pilot16,256,4.475719111775917e-06
s9314_r1_n000_a125,confirmatory,9314,1,0.0,0.125,feedback_only,balanced_permutation_a_k2,balanced_permutation_a,balanced,2,0.31399250811836066,0.25,0.6399250811836067,64,64,16,fresh_iid,pilot16,256,3.8566670158204405e-06
s9314_r1_n000_a125,confirmatory,9314,1,0.0,0.125,feedback_only,balanced_permutation_a_k4,balanced_permutation_a,balanced,4,0.5639925081183607,0.5,0.6399250811836067,64,64,32,fresh_iid,pilot16,256,1.9128868814786355e-06
s9314_r1_n000_a125,confirmatory,9314,1,0.0,0.125,feedback_only,balanced_permutation_a_k8,balanced_permutation_a,balanced,8,1.0639925081183608,1.0,0.6399250811836067,64,64,64,fresh_iid,pilot16,256,4.364631241158264e-07
s9314_r1_n000_a125,confirmatory,9314,1,0.0,0.125,feedback_only,balanced_permutation_b_k1,balanced_permutation_b,balanced,1,0.18840039778945986,0.125,0.6340039778945984,64,64,8,fresh_iid,pilot16,256,4.475719111775917e-06
s9314_r1_n000_a125,confirmatory,9314,1,0.0,0.125,feedback_only,balanced_permutation_b_k2,balanced_permutation_b,balanced,2,0.31340039778945983,0.25,0.6340039778945984,64,64,16,fresh_iid,pilot16,256,4.4725055020355345e-06
s9314_r1_n000_a125,confirmatory,9314,1,0.0,0.125,feedback_only,balanced_permutation_b_k4,balanced_permutation_b,balanced,4,0.5634003977894598,0.5,0.6340039778945984,64,64,32,fresh_iid,pilot16,256,2.958838452178683e-06
s9314_r1_n000_a125,confirmatory,9314,1,0.0,0.125,feedback_only,balanced_permutation_b_k8,balanced_permutation_b,balanced,8,1.06340039778946,1.0,0.6340039778945984,64,64,64,fresh_iid,pilot16,256,4.364631241158264e-07
s9314_r1_n000_a125,confirmatory,9314,1,0.0,0.125,feedback_only,comb_contiguous_k1,comb_contiguous,comb,1,0.225,0.125,1.0,64,64,8,fresh_iid,pilot16,256,4.475719111775917e-06
s9314_r1_n000_a125,confirmatory,9314,1,0.0,0.125,feedback_only,comb_contiguous_k2,comb_contiguous,comb,2,0.35,0.25,1.0,64,64,16,fresh_iid,pilot16,256,4.475503050077185e-06
s9314_r1_n000_a125,confirmatory,9314,1,0.0,0.125,feedback_only,comb_contiguous_k4,comb_contiguous,comb,4,0.6,0.5,1.0,64,64,32,fresh_iid,pilot16,256,2.661870540173991e-06
s9314_r1_n000_a125,confirmatory,9314,1,0.0,0.125,feedback_only,comb_contiguous_k8,comb_contiguous,comb,8,1.1,1.0,1.0,64,64,64,fresh_iid,pilot16,256,4.364631241158264e-07
s9314_r1_n000_a125,confirmatory,9314,1,0.0,0.125,joint_forward_feedback,balanced_contiguous_k1,balanced_contiguous,balanced,1,0.1737418407321983,0.125,0.487418407321983,64,64,8,fixed_cache,pilot16,256,0.0018923004061442105
s9314_r1_n000_a125,confirmatory,9314,1,0.0,0.125,joint_forward_feedback,balanced_contiguous_k2,balanced_contiguous,balanced,2,0.2987418407321983,0.25,0.487418407321983,64,64,16,fixed_cache,pilot16,256,0.0011354752006968861
s9314_r1_n000_a125,confirmatory,9314,1,0.0,0.125,joint_forward_feedback,balanced_contiguous_k4,balanced_contiguous,balanced,4,0.5487418407321983,0.5,0.487418407321983,64,64,32,fixed_cache,pilot16,256,0.0010403079129866336
s9314_r1_n000_a125,confirmatory,9314,1,0.0,0.125,joint_forward_feedback,balanced_contiguous_k8,balanced_contiguous,balanced,8,1.0487418407321982,1.0,0.487418407321983,64,64,64,fixed_cache,pilot16,256,0.000856923034986332
s9314_r1_n000_a125,confirmatory,9314,1,0.0,0.125,joint_forward_feedback,balanced_interleaved_k1,balanced_interleaved,balanced,1,0.19088469787505546,0.125,0.6588469787505544,64,64,8,fixed_cache,pilot16,256,0.0006574224922607681
s9314_r1_n000_a125,confirmatory,9314,1,0.0,0.125,joint_forward_feedback,balanced_interleaved_k2,balanced_interleaved,balanced,2,0.31588469787505546,0.25,0.6588469787505544,64,64,16,fixed_cache,pilot16,256,0.0006569928099133829
s9314_r1_n000_a125,confirmatory,9314,1,0.0,0.125,joint_forward_feedback,balanced_interleaved_k4,balanced_interleaved,balanced,4,0.5658846978750555,0.5,0.6588469787505544,64,64,32,fixed_cache,pilot16,256,0.0006169598554757419
s9314_r1_n000_a125,confirmatory,9314,1,0.0,0.125,joint_forward_feedback,balanced_interleaved_k8,balanced_interleaved,balanced,8,1.0658846978750554,1.0,0.6588469787505544,64,64,64,fixed_cache,pilot16,256,0.00026573921992572707
s9314_r1_n000_a125,confirmatory,9314,1,0.0,0.125,joint_forward_feedback,balanced_permutation_a_k1,balanced_permutation_a,balanced,1,0.18899250811836066,0.125,0.6399250811836067,64,64,8,fixed_cache,pilot16,256,0.0008713903083509825
s9314_r1_n000_a125,confirmatory,9314,1,0.0,0.125,joint_forward_feedback,balanced_permutation_a_k2,balanced_permutation_a,balanced,2,0.31399250811836066,0.25,0.6399250811836067,64,64,16,fixed_cache,pilot16,256,0.0008393913830593045
s9314_r1_n000_a125,confirmatory,9314,1,0.0,0.125,joint_forward_feedback,balanced_permutation_a_k4,balanced_permutation_a,balanced,4,0.5639925081183607,0.5,0.6399250811836067,64,64,32,fixed_cache,pilot16,256,0.0007079457736999691
s9314_r1_n000_a125,confirmatory,9314,1,0.0,0.125,joint_forward_feedback,balanced_permutation_a_k8,balanced_permutation_a,balanced,8,1.0639925081183608,1.0,0.6399250811836067,64,64,64,fixed_cache,pilot16,256,0.00039578687294717334
s9314_r1_n000_a125,confirmatory,9314,1,0.0,0.125,joint_forward_feedback,balanced_permutation_b_k1,balanced_permutation_b,balanced,1,0.18840039778945986,0.125,0.6340039778945984,64,64,8,fixed_cache,pilot16,256,0.0008266781839270209
s9314_r1_n000_a125,confirmatory,9314,1,0.0,0.125,joint_forward_feedback,balanced_permutation_b_k2,balanced_permutation_b,balanced,2,0.31340039778945983,0.25,0.6340039778945984,64,64,16,fixed_cache,pilot16,256,0.0008262781095048251
s9314_r1_n000_a125,confirmatory,9314,1,0.0,0.125,joint_forward_feedback,balanced_permutation_b_k4,balanced_permutation_b,balanced,4,0.5634003977894598,0.5,0.6340039778945984,64,64,32,fixed_cache,pilot16,256,0.0007461232487952481
s9314_r1_n000_a125,confirmatory,9314,1,0.0,0.125,joint_forward_feedback,balanced_permutation_b_k8,balanced_permutation_b,balanced,8,1.06340039778946,1.0,0.6340039778945984,64,64,64,fixed_cache,pilot16,256,0.00036662992712818216
s9314_r1_n000_a125,confirmatory,9314,1,0.0,0.125,joint_forward_feedback,comb_contiguous_k1,comb_contiguous,comb,1,0.225,0.125,1.0,64,64,8,fixed_cache,pilot16,256,0.0002656752845099341
s9314_r1_n000_a125,confirmatory,9314,1,0.0,0.125,joint_forward_feedback,comb_contiguous_k2,comb_contiguous,comb,2,0.35,0.25,1.0,64,64,16,fixed_cache,pilot16,256,0.0002638746618384927
s9314_r1_n000_a125,confirmatory,9314,1,0.0,0.125,joint_forward_feedback,comb_contiguous_k4,comb_contiguous,comb,4,0.6,0.5,1.0,64,64,32,fixed_cache,pilot16,256,0.00016947602291969032
s9314_r1_n000_a125,confirmatory,9314,1,0.0,0.125,joint_forward_feedback,comb_contiguous_k8,comb_contiguous,comb,8,1.1,1.0,1.0,64,64,64,fixed_cache,pilot16,256,5.567507587047564e-05
s9314_r1_n000_a125,confirmatory,9314,1,0.0,0.125,joint_forward_feedback,balanced_contiguous_k1,balanced_contiguous,balanced,1,0.1737418407321983,0.125,0.487418407321983,64,64,8,fresh_iid,pilot16,256,0.001813256442149194
s9314_r1_n000_a125,confirmatory,9314,1,0.0,0.125,joint_forward_feedback,balanced_contiguous_k2,balanced_contiguous,balanced,2,0.2987418407321983,0.25,0.487418407321983,64,64,16,fresh_iid,pilot16,256,0.0010365168165322033
s9314_r1_n000_a125,confirmatory,9314,1,0.0,0.125,joint_forward_feedback,balanced_contiguous_k4,balanced_contiguous,balanced,4,0.5487418407321983,0.5,0.487418407321983,64,64,32,fresh_iid,pilot16,256,0.0009410751277733061
s9314_r1_n000_a125,confirmatory,9314,1,0.0,0.125,joint_forward_feedback,balanced_contiguous_k8,balanced_contiguous,balanced,8,1.0487418407321982,1.0,0.487418407321983,64,64,64,fresh_iid,pilot16,256,0.0007592029523382127
s9314_r1_n000_a125,confirmatory,9314,1,0.0,0.125,joint_forward_feedback,balanced_interleaved_k1,balanced_interleaved,balanced,1,0.19088469787505546,0.125,0.6588469787505544,64,64,8,fresh_iid,pilot16,256,0.0005651920330300904
s9314_r1_n000_a125,confirmatory,9314,1,0.0,0.125,joint_forward_feedback,balanced_interleaved_k2,balanced_interleaved,balanced,2,0.31588469787505546,0.25,0.6588469787505544,64,64,16,fresh_iid,pilot16,256,0.0005647794546226961
s9314_r1_n000_a125,confirmatory,9314,1,0.0,0.125,joint_forward_feedback,balanced_interleaved_k4,balanced_interleaved,balanced,4,0.5658846978750555,0.5,0.6588469787505544,64,64,32,fresh_iid,pilot16,256,0.0005264546370458503
s9314_r1_n000_a125,confirmatory,9314,1,0.0,0.125,joint_forward_feedback,balanced_interleaved_k8,balanced_interleaved,balanced,8,1.0658846978750554,1.0,0.6588469787505544,64,64,64,fresh_iid,pilot16,256,0.0002035624961872487
s9314_r1_n000_a125,confirmatory,9314,1,0.0,0.125,joint_forward_feedback,balanced_permutation_a_k1,balanced_permutation_a,balanced,1,0.18899250811836066,0.125,0.6399250811836067,64,64,8,fresh_iid,pilot16,256,0.000773441051627756
s9314_r1_n000_a125,confirmatory,9314,1,0.0,0.125,joint_forward_feedback,balanced_permutation_a_k2,balanced_permutation_a,balanced,2,0.31399250811836066,0.25,0.6399250811836067,64,64,16,fresh_iid,pilot16,256,0.0007419767378327869
s9314_r1_n000_a125,confirmatory,9314,1,0.0,0.125,joint_forward_feedback,balanced_permutation_a_k4,balanced_permutation_a,balanced,4,0.5639925081183607,0.5,0.6399250811836067,64,64,32,fresh_iid,pilot16,256,0.0006138762280768355
s9314_r1_n000_a125,confirmatory,9314,1,0.0,0.125,joint_forward_feedback,balanced_permutation_a_k8,balanced_permutation_a,balanced,8,1.0639925081183608,1.0,0.6399250811836067,64,64,64,fresh_iid,pilot16,256,0.00031966873971787805
s9314_r1_n000_a125,confirmatory,9314,1,0.0,0.125,joint_forward_feedback,balanced_permutation_b_k1,balanced_permutation_b,balanced,1,0.18840039778945986,0.125,0.6340039778945984,64,64,8,fresh_iid,pilot16,256,0.0007295044623745315
s9314_r1_n000_a125,confirmatory,9314,1,0.0,0.125,joint_forward_feedback,balanced_permutation_b_k2,balanced_permutation_b,balanced,2,0.31340039778945983,0.25,0.6340039778945984,64,64,16,fresh_iid,pilot16,256,0.0007291122389566545
s9314_r1_n000_a125,confirmatory,9314,1,0.0,0.125,joint_forward_feedback,balanced_permutation_b_k4,balanced_permutation_b,balanced,4,0.5634003977894598,0.5,0.6340039778945984,64,64,32,fresh_iid,pilot16,256,0.0006508785982149491
s9314_r1_n000_a125,confirmatory,9314,1,0.0,0.125,joint_forward_feedback,balanced_permutation_b_k8,balanced_permutation_b,balanced,8,1.06340039778946,1.0,0.6340039778945984,64,64,64,fresh_iid,pilot16,256,0.00029319591931351344
s9314_r1_n000_a125,confirmatory,9314,1,0.0,0.125,joint_forward_feedback,comb_contiguous_k1,comb_contiguous,comb,1,0.225,0.125,1.0,64,64,8,fresh_iid,pilot16,256,0.0002035068213372626
s9314_r1_n000_a125,confirmatory,9314,1,0.0,0.125,joint_forward_feedback,comb_contiguous_k2,comb_contiguous,comb,2,0.35,0.25,1.0,64,64,16,fresh_iid,pilot16,256,0.00020193950806311474
s9314_r1_n000_a125,confirmatory,9314,1,0.0,0.125,joint_forward_feedback,comb_contiguous_k4,comb_contiguous,comb,4,0.6,0.5,1.0,64,64,32,fresh_iid,pilot16,256,0.00012186702152695988
s9314_r1_n000_a125,confirmatory,9314,1,0.0,0.125,joint_forward_feedback,comb_contiguous_k8,comb_contiguous,comb,8,1.1,1.0,1.0,64,64,64,fresh_iid,pilot16,256,3.388891208947245e-05
s9314_r1_n000_a375,confirmatory,9314,1,0.0,0.375,feedback_only,balanced_contiguous_k1,balanced_contiguous,balanced,1,0.1737418407321983,0.125,0.487418407321983,64,64,8,fixed_cache,pilot16,256,0.09325365213081499
s9314_r1_n000_a375,confirmatory,9314,1,0.0,0.375,feedback_only,balanced_contiguous_k2,balanced_contiguous,balanced,2,0.2987418407321983,0.25,0.487418407321983,64,64,16,fixed_cache,pilot16,256,0.00031545701502185897
s9314_r1_n000_a375,confirmatory,9314,1,0.0,0.375,feedback_only,balanced_contiguous_k4,balanced_contiguous,balanced,4,0.5487418407321983,0.5,0.487418407321983,64,64,32,fixed_cache,pilot16,256,0.0001004600344648143
s9314_r1_n000_a375,confirmatory,9314,1,0.0,0.375,feedback_only,balanced_contiguous_k8,balanced_contiguous,balanced,8,1.0487418407321982,1.0,0.487418407321983,64,64,64,fixed_cache,pilot16,256,8.570547941981941e-07
s9314_r1_n000_a375,confirmatory,9314,1,0.0,0.375,feedback_only,balanced_interleaved_k1,balanced_interleaved,balanced,1,0.19088469787505546,0.125,0.6588469787505544,64,64,8,fixed_cache,pilot16,256,0.09325365213081499
s9314_r1_n000_a375,confirmatory,9314,1,0.0,0.375,feedback_only,balanced_interleaved_k2,balanced_interleaved,balanced,2,0.31588469787505546,0.25,0.6588469787505544,64,64,16,fixed_cache,pilot16,256,0.09272245642547193
s9314_r1_n000_a375,confirmatory,9314,1,0.0,0.375,feedback_only,balanced_interleaved_k4,balanced_interleaved,balanced,4,0.5658846978750555,0.5,0.6588469787505544,64,64,32,fixed_cache,pilot16,256,0.05240932804554514
s9314_r1_n000_a375,confirmatory,9314,1,0.0,0.375,feedback_only,balanced_interleaved_k8,balanced_interleaved,balanced,8,1.0658846978750554,1.0,0.6588469787505544,64,64,64,fixed_cache,pilot16,256,8.570547941981941e-07
s9314_r1_n000_a375,confirmatory,9314,1,0.0,0.375,feedback_only,balanced_permutation_a_k1,balanced_permutation_a,balanced,1,0.18899250811836066,0.125,0.6399250811836067,64,64,8,fixed_cache,pilot16,256,0.09325365213081499
s9314_r1_n000_a375,confirmatory,9314,1,0.0,0.375,feedback_only,balanced_permutation_a_k2,balanced_permutation_a,balanced,2,0.31399250811836066,0.25,0.6399250811836067,64,64,16,fixed_cache,pilot16,256,0.04836160741246951
s9314_r1_n000_a375,confirmatory,9314,1,0.0,0.375,feedback_only,balanced_permutation_a_k4,balanced_permutation_a,balanced,4,0.5639925081183607,0.5,0.6399250811836067,64,64,32,fixed_cache,pilot16,256,0.0019261989519762665
s9314_r1_n000_a375,confirmatory,9314,1,0.0,0.375,feedback_only,balanced_permutation_a_k8,balanced_permutation_a,balanced,8,1.0639925081183608,1.0,0.6399250811836067,64,64,64,fixed_cache,pilot16,256,8.570547941981941e-07
s9314_r1_n000_a375,confirmatory,9314,1,0.0,0.375,feedback_only,balanced_permutation_b_k1,balanced_permutation_b,balanced,1,0.18840039778945986,0.125,0.6340039778945984,64,64,8,fixed_cache,pilot16,256,0.09325365213081499
s9314_r1_n000_a375,confirmatory,9314,1,0.0,0.375,feedback_only,balanced_permutation_b_k2,balanced_permutation_b,balanced,2,0.31340039778945983,0.25,0.6340039778945984,64,64,16,fixed_cache,pilot16,256,0.09296056690925784
s9314_r1_n000_a375,confirmatory,9314,1,0.0,0.375,feedback_only,balanced_permutation_b_k4,balanced_permutation_b,balanced,4,0.5634003977894598,0.5,0.6340039778945984,64,64,32,fixed_cache,pilot16,256,0.014692421320508731
s9314_r1_n000_a375,confirmatory,9314,1,0.0,0.375,feedback_only,balanced_permutation_b_k8,balanced_permutation_b,balanced,8,1.06340039778946,1.0,0.6340039778945984,64,64,64,fixed_cache,pilot16,256,8.570547941981941e-07
s9314_r1_n000_a375,confirmatory,9314,1,0.0,0.375,feedback_only,comb_contiguous_k1,comb_contiguous,comb,1,0.225,0.125,1.0,64,64,8,fixed_cache,pilot16,256,0.09325365213081499
s9314_r1_n000_a375,confirmatory,9314,1,0.0,0.375,feedback_only,comb_contiguous_k2,comb_contiguous,comb,2,0.35,0.25,1.0,64,64,16,fixed_cache,pilot16,256,0.09323392526231503
s9314_r1_n000_a375,confirmatory,9314,1,0.0,0.375,feedback_only,comb_contiguous_k4,comb_contiguous,comb,4,0.6,0.5,1.0,64,64,32,fixed_cache,pilot16,256,0.009053454546385571
s9314_r1_n000_a375,confirmatory,9314,1,0.0,0.375,feedback_only,comb_contiguous_k8,comb_contiguous,comb,8,1.1,1.0,1.0,64,64,64,fixed_cache,pilot16,256,8.570547941981941e-07
s9314_r1_n000_a375,confirmatory,9314,1,0.0,0.375,feedback_only,balanced_contiguous_k1,balanced_contiguous,balanced,1,0.1737418407321983,0.125,0.487418407321983,64,64,8,fresh_iid,pilot16,256,0.09896552576140358
s9314_r1_n000_a375,confirmatory,9314,1,0.0,0.375,feedback_only,balanced_contiguous_k2,balanced_contiguous,balanced,2,0.2987418407321983,0.25,0.487418407321983,64,64,16,fresh_iid,pilot16,256,0.00038754696466862537
s9314_r1_n000_a375,confirmatory,9314,1,0.0,0.375,feedback_only,balanced_contiguous_k4,balanced_contiguous,balanced,4,0.5487418407321983,0.5,0.487418407321983,64,64,32,fresh_iid,pilot16,256,0.00012932889574151244
s9314_r1_n000_a375,confirmatory,9314,1,0.0,0.375,feedback_only,balanced_contiguous_k8,balanced_contiguous,balanced,8,1.0487418407321982,1.0,0.487418407321983,64,64,64,fresh_iid,pilot16,256,1.5570687832929256e-06
s9314_r1_n000_a375,confirmatory,9314,1,0.0,0.375,feedback_only,balanced_interleaved_k1,balanced_interleaved,balanced,1,0.19088469787505546,0.125,0.6588469787505544,64,64,8,fresh_iid,pilot16,256,0.09896552576140358
s9314_r1_n000_a375,confirmatory,9314,1,0.0,0.375,feedback_only,balanced_interleaved_k2,balanced_interleaved,balanced,2,0.31588469787505546,0.25,0.6588469787505544,64,64,16,fresh_iid,pilot16,256,0.09841806192710512
s9314_r1_n000_a375,confirmatory,9314,1,0.0,0.375,feedback_only,balanced_interleaved_k4,balanced_interleaved,balanced,4,0.5658846978750555,0.5,0.6588469787505544,64,64,32,fresh_iid,pilot16,256,0.05650376973622924
s9314_r1_n000_a375,confirmatory,9314,1,0.0,0.375,feedback_only,balanced_interleaved_k8,balanced_interleaved,balanced,8,1.0658846978750554,1.0,0.6588469787505544,64,64,64,fresh_iid,pilot16,256,1.5570687832929256e-06
s9314_r1_n000_a375,confirmatory,9314,1,0.0,0.375,feedback_only,balanced_permutation_a_k1,balanced_permutation_a,balanced,1,0.18899250811836066,0.125,0.6399250811836067,64,64,8,fresh_iid,pilot16,256,0.09896552576140358
s9314_r1_n000_a375,confirmatory,9314,1,0.0,0.375,feedback_only,balanced_permutation_a_k2,balanced_permutation_a,balanced,2,0.31399250811836066,0.25,0.6399250811836067,64,64,16,fresh_iid,pilot16,256,0.05224787465359575
s9314_r1_n000_a375,confirmatory,9314,1,0.0,0.375,feedback_only,balanced_permutation_a_k4,balanced_permutation_a,balanced,4,0.5639925081183607,0.5,0.6399250811836067,64,64,32,fresh_iid,pilot16,256,0.0022418796587111737
s9314_r1_n000_a375,confirmatory,9314,1,0.0,0.375,feedback_only,balanced_permutation_a_k8,balanced_permutation_a,balanced,8,1.0639925081183608,1.0,0.6399250811836067,64,64,64,fresh_iid,pilot16,256,1.5570687832929256e-06
s9314_r1_n000_a375,confirmatory,9314,1,0.0,0.375,feedback_only,balanced_permutation_b_k1,balanced_permutation_b,balanced,1,0.18840039778945986,0.125,0.6340039778945984,64,64,8,fresh_iid,pilot16,256,0.09896552576140358
s9314_r1_n000_a375,confirmatory,9314,1,0.0,0.375,feedback_only,balanced_permutation_b_k2,balanced_permutation_b,balanced,2,0.31340039778945983,0.25,0.6340039778945984,64,64,16,fresh_iid,pilot16,256,0.09866347822675765
s9314_r1_n000_a375,confirmatory,9314,1,0.0,0.375,feedback_only,balanced_permutation_b_k4,balanced_permutation_b,balanced,4,0.5634003977894598,0.5,0.6340039778945984,64,64,32,fresh_iid,pilot16,256,0.016326179071297776
s9314_r1_n000_a375,confirmatory,9314,1,0.0,0.375,feedback_only,balanced_permutation_b_k8,balanced_permutation_b,balanced,8,1.06340039778946,1.0,0.6340039778945984,64,64,64,fresh_iid,pilot16,256,1.5570687832929256e-06
s9314_r1_n000_a375,confirmatory,9314,1,0.0,0.375,feedback_only,comb_contiguous_k1,comb_contiguous,comb,1,0.225,0.125,1.0,64,64,8,fresh_iid,pilot16,256,0.09896552576140358
s9314_r1_n000_a375,confirmatory,9314,1,0.0,0.375,feedback_only,comb_contiguous_k2,comb_contiguous,comb,2,0.35,0.25,1.0,64,64,16,fresh_iid,pilot16,256,0.09894519670765425
s9314_r1_n000_a375,confirmatory,9314,1,0.0,0.375,feedback_only,comb_contiguous_k4,comb_contiguous,comb,4,0.6,0.5,1.0,64,64,32,fresh_iid,pilot16,256,0.01016832956106423
s9314_r1_n000_a375,confirmatory,9314,1,0.0,0.375,feedback_only,comb_contiguous_k8,comb_contiguous,comb,8,1.1,1.0,1.0,64,64,64,fresh_iid,pilot16,256,1.5570687832929256e-06
s9314_r1_n000_a375,confirmatory,9314,1,0.0,0.375,joint_forward_feedback,balanced_contiguous_k1,balanced_contiguous,balanced,1,0.1737418407321983,0.125,0.487418407321983,64,64,8,fixed_cache,pilot16,256,0.21021545344607695
s9314_r1_n000_a375,confirmatory,9314,1,0.0,0.375,joint_forward_feedback,balanced_contiguous_k2,balanced_contiguous,balanced,2,0.2987418407321983,0.25,0.487418407321983,64,64,16,fixed_cache,pilot16,256,0.012753229694877988
s9314_r1_n000_a375,confirmatory,9314,1,0.0,0.375,joint_forward_feedback,balanced_contiguous_k4,balanced_contiguous,balanced,4,0.5487418407321983,0.5,0.487418407321983,64,64,32,fixed_cache,pilot16,256,0.007740942480082604
s9314_r1_n000_a375,confirmatory,9314,1,0.0,0.375,joint_forward_feedback,balanced_contiguous_k8,balanced_contiguous,balanced,8,1.0487418407321982,1.0,0.487418407321983,64,64,64,fixed_cache,pilot16,256,0.0025045530950148216
s9314_r1_n000_a375,confirmatory,9314,1,0.0,0.375,joint_forward_feedback,balanced_interleaved_k1,balanced_interleaved,balanced,1,0.19088469787505546,0.125,0.6588469787505544,64,64,8,fixed_cache,pilot16,256,0.1781504050844312
s9314_r1_n000_a375,confirmatory,9314,1,0.0,0.375,joint_forward_feedback,balanced_interleaved_k2,balanced_interleaved,balanced,2,0.31588469787505546,0.25,0.6588469787505544,64,64,16,fixed_cache,pilot16,256,0.1775326819452998
s9314_r1_n000_a375,confirmatory,9314,1,0.0,0.375,joint_forward_feedback,balanced_interleaved_k4,balanced_interleaved,balanced,4,0.5658846978750555,0.5,0.6588469787505544,64,64,32,fixed_cache,pilot16,256,0.12697401506543893
s9314_r1_n000_a375,confirmatory,9314,1,0.0,0.375,joint_forward_feedback,balanced_interleaved_k8,balanced_interleaved,balanced,8,1.0658846978750554,1.0,0.6588469787505544,64,64,64,fixed_cache,pilot16,256,0.0010952630762053098
s9314_r1_n000_a375,confirmatory,9314,1,0.0,0.375,joint_forward_feedback,balanced_permutation_a_k1,balanced_permutation_a,balanced,1,0.18899250811836066,0.125,0.6399250811836067,64,64,8,fixed_cache,pilot16,256,0.2125802826664024
s9314_r1_n000_a375,confirmatory,9314,1,0.0,0.375,joint_forward_feedback,balanced_permutation_a_k2,balanced_permutation_a,balanced,2,0.31399250811836066,0.25,0.6399250811836067,64,64,16,fixed_cache,pilot16,256,0.15936194024478367
s9314_r1_n000_a375,confirmatory,9314,1,0.0,0.375,joint_forward_feedback,balanced_permutation_a_k4,balanced_permutation_a,balanced,4,0.5639925081183607,0.5,0.6399250811836067,64,64,32,fixed_cache,pilot16,256,0.03588803603049841
s9314_r1_n000_a375,confirmatory,9314,1,0.0,0.375,joint_forward_feedback,balanced_permutation_a_k8,balanced_permutation_a,balanced,8,1.0639925081183608,1.0,0.6399250811836067,64,64,64,fixed_cache,pilot16,256,0.0012790434803076245
s9314_r1_n000_a375,confirmatory,9314,1,0.0,0.375,joint_forward_feedback,balanced_permutation_b_k1,balanced_permutation_b,balanced,1,0.18840039778945986,0.125,0.6340039778945984,64,64,8,fixed_cache,pilot16,256,0.20064492009578574
s9314_r1_n000_a375,confirmatory,9314,1,0.0,0.375,joint_forward_feedback,balanced_permutation_b_k2,balanced_permutation_b,balanced,2,0.31340039778945983,0.25,0.6340039778945984,64,64,16,fixed_cache,pilot16,256,0.19928520199515662
s9314_r1_n000_a375,confirmatory,9314,1,0.0,0.375,joint_forward_feedback,balanced_permutation_b_k4,balanced_permutation_b,balanced,4,0.5634003977894598,0.5,0.6340039778945984,64,64,32,fixed_cache,pilot16,256,0.07644907212679597
s9314_r1_n000_a375,confirmatory,9314,1,0.0,0.375,joint_forward_feedback,balanced_permutation_b_k8,balanced_permutation_b,balanced,8,1.06340039778946,1.0,0.6340039778945984,64,64,64,fixed_cache,pilot16,256,0.0013555866175330093
s9314_r1_n000_a375,confirmatory,9314,1,0.0,0.375,joint_forward_feedback,comb_contiguous_k1,comb_contiguous,comb,1,0.225,0.125,1.0,64,64,8,fixed_cache,pilot16,256,0.11447305435658717
s9314_r1_n000_a375,confirmatory,9314,1,0.0,0.375,joint_forward_feedback,comb_contiguous_k2,comb_contiguous,comb,2,0.35,0.25,1.0,64,64,16,fixed_cache,pilot16,256,0.11447283214422166
s9314_r1_n000_a375,confirmatory,9314,1,0.0,0.375,joint_forward_feedback,comb_contiguous_k4,comb_contiguous,comb,4,0.6,0.5,1.0,64,64,32,fixed_cache,pilot16,256,0.021756660855827364
s9314_r1_n000_a375,confirmatory,9314,1,0.0,0.375,joint_forward_feedback,comb_contiguous_k8,comb_contiguous,comb,8,1.1,1.0,1.0,64,64,64,fixed_cache,pilot16,256,9.9851528605562e-05
s9314_r1_n000_a375,confirmatory,9314,1,0.0,0.375,joint_forward_feedback,balanced_contiguous_k1,balanced_contiguous,balanced,1,0.1737418407321983,0.125,0.487418407321983,64,64,8,fresh_iid,pilot16,256,0.21742569594533778
s9314_r1_n000_a375,confirmatory,9314,1,0.0,0.375,joint_forward_feedback,balanced_contiguous_k2,balanced_contiguous,balanced,2,0.2987418407321983,0.25,0.487418407321983,64,64,16,fresh_iid,pilot16,256,0.0142159617685613
s9314_r1_n000_a375,confirmatory,9314,1,0.0,0.375,joint_forward_feedback,balanced_contiguous_k4,balanced_contiguous,balanced,4,0.5487418407321983,0.5,0.487418407321983,64,64,32,fresh_iid,pilot16,256,0.00872420383730499
s9314_r1_n000_a375,confirmatory,9314,1,0.0,0.375,joint_forward_feedback,balanced_contiguous_k8,balanced_contiguous,balanced,8,1.0487418407321982,1.0,0.487418407321983,64,64,64,fresh_iid,pilot16,256,0.0028962687177745356
s9314_r1_n000_a375,confirmatory,9314,1,0.0,0.375,joint_forward_feedback,balanced_interleaved_k1,balanced_interleaved,balanced,1,0.19088469787505546,0.125,0.6588469787505544,64,64,8,fresh_iid,pilot16,256,0.18529944748412555
s9314_r1_n000_a375,confirmatory,9314,1,0.0,0.375,joint_forward_feedback,balanced_interleaved_k2,balanced_interleaved,balanced,2,0.31588469787505546,0.25,0.6588469787505544,64,64,16,fresh_iid,pilot16,256,0.1846783047501018
s9314_r1_n000_a375,confirmatory,9314,1,0.0,0.375,joint_forward_feedback,balanced_interleaved_k4,balanced_interleaved,balanced,4,0.5658846978750555,0.5,0.6588469787505544,64,64,32,fresh_iid,pilot16,256,0.13351279054205262
s9314_r1_n000_a375,confirmatory,9314,1,0.0,0.375,joint_forward_feedback,balanced_interleaved_k8,balanced_interleaved,balanced,8,1.0658846978750554,1.0,0.6588469787505544,64,64,64,fresh_iid,pilot16,256,0.0012938261765753044
s9314_r1_n000_a375,confirmatory,9314,1,0.0,0.375,joint_forward_feedback,balanced_permutation_a_k1,balanced_permutation_a,balanced,1,0.18899250811836066,0.125,0.6399250811836067,64,64,8,fresh_iid,pilot16,256,0.21978642645199994
s9314_r1_n000_a375,confirmatory,9314,1,0.0,0.375,joint_forward_feedback,balanced_permutation_a_k2,balanced_permutation_a,balanced,2,0.31399250811836066,0.25,0.6399250811836067,64,64,16,fresh_iid,pilot16,256,0.1663661560128167
s9314_r1_n000_a375,confirmatory,9314,1,0.0,0.375,joint_forward_feedback,balanced_permutation_a_k4,balanced_permutation_a,balanced,4,0.5639925081183607,0.5,0.6399250811836067,64,64,32,fresh_iid,pilot16,256,0.03906188310124861
s9314_r1_n000_a375,confirmatory,9314,1,0.0,0.375,joint_forward_feedback,balanced_permutation_a_k8,balanced_permutation_a,balanced,8,1.0639925081183608,1.0,0.6399250811836067,64,64,64,fresh_iid,pilot16,256,0.0015045513738606337
s9314_r1_n000_a375,confirmatory,9314,1,0.0,0.375,joint_forward_feedback,balanced_permutation_b_k1,balanced_permutation_b,balanced,1,0.18840039778945986,0.125,0.6340039778945984,64,64,8,fresh_iid,pilot16,256,0.20786002967307948
s9314_r1_n000_a375,confirmatory,9314,1,0.0,0.375,joint_forward_feedback,balanced_permutation_b_k2,balanced_permutation_b,balanced,2,0.31340039778945983,0.25,0.6340039778945984,64,64,16,fresh_iid,pilot16,256,0.20649945158495425
s9314_r1_n000_a375,confirmatory,9314,1,0.0,0.375,joint_forward_feedback,balanced_permutation_b_k4,balanced_permutation_b,balanced,4,0.5634003977894598,0.5,0.6340039778945984,64,64,32,fresh_iid,pilot16,256,0.08159042873273971
s9314_r1_n000_a375,confirmatory,9314,1,0.0,0.375,joint_forward_feedback,balanced_permutation_b_k8,balanced_permutation_b,balanced,8,1.06340039778946,1.0,0.6340039778945984,64,64,64,fresh_iid,pilot16,256,0.0015921151648852735
s9314_r1_n000_a375,confirmatory,9314,1,0.0,0.375,joint_forward_feedback,comb_contiguous_k1,comb_contiguous,comb,1,0.225,0.125,1.0,64,64,8,fresh_iid,pilot16,256,0.12075003943691555
s9314_r1_n000_a375,confirmatory,9314,1,0.0,0.375,joint_forward_feedback,comb_contiguous_k2,comb_contiguous,comb,2,0.35,0.25,1.0,64,64,16,fresh_iid,pilot16,256,0.12074981212563549
s9314_r1_n000_a375,confirmatory,9314,1,0.0,0.375,joint_forward_feedback,comb_contiguous_k4,comb_contiguous,comb,4,0.6,0.5,1.0,64,64,32,fresh_iid,pilot16,256,0.023962503417272102
s9314_r1_n000_a375,confirmatory,9314,1,0.0,0.375,joint_forward_feedback,comb_contiguous_k8,comb_contiguous,comb,8,1.1,1.0,1.0,64,64,64,fresh_iid,pilot16,256,0.00012858167715872109
s9314_r1_n750_a125,confirmatory,9314,1,0.75,0.125,feedback_only,balanced_contiguous_k1,balanced_contiguous,balanced,1,0.1737418407321983,0.125,0.487418407321983,64,64,8,fixed_cache,pilot16,256,0.3069397957983228
s9314_r1_n750_a125,confirmatory,9314,1,0.75,0.125,feedback_only,balanced_contiguous_k2,balanced_contiguous,balanced,2,0.2987418407321983,0.25,0.487418407321983,64,64,16,fixed_cache,pilot16,256,0.3089668200703394
s9314_r1_n750_a125,confirmatory,9314,1,0.75,0.125,feedback_only,balanced_contiguous_k4,balanced_contiguous,balanced,4,0.5487418407321983,0.5,0.487418407321983,64,64,32,fixed_cache,pilot16,256,0.3093472220097259
s9314_r1_n750_a125,confirmatory,9314,1,0.75,0.125,feedback_only,balanced_contiguous_k8,balanced_contiguous,balanced,8,1.0487418407321982,1.0,0.487418407321983,64,64,64,fixed_cache,pilot16,256,0.31083939176726405
s9314_r1_n750_a125,confirmatory,9314,1,0.75,0.125,feedback_only,balanced_interleaved_k1,balanced_interleaved,balanced,1,0.19088469787505546,0.125,0.6588469787505544,64,64,8,fixed_cache,pilot16,256,0.3069397957983228
s9314_r1_n750_a125,confirmatory,9314,1,0.75,0.125,feedback_only,balanced_interleaved_k2,balanced_interleaved,balanced,2,0.31588469787505546,0.25,0.6588469787505544,64,64,16,fixed_cache,pilot16,256,0.3069419468562036
s9314_r1_n750_a125,confirmatory,9314,1,0.75,0.125,feedback_only,balanced_interleaved_k4,balanced_interleaved,balanced,4,0.5658846978750555,0.5,0.6588469787505544,64,64,32,fixed_cache,pilot16,256,0.30715562624294446
s9314_r1_n750_a125,confirmatory,9314,1,0.75,0.125,feedback_only,balanced_interleaved_k8,balanced_interleaved,balanced,8,1.0658846978750554,1.0,0.6588469787505544,64,64,64,fixed_cache,pilot16,256,0.31083939176726405
s9314_r1_n750_a125,confirmatory,9314,1,0.75,0.125,feedback_only,balanced_permutation_a_k1,balanced_permutation_a,balanced,1,0.18899250811836066,0.125,0.6399250811836067,64,64,8,fixed_cache,pilot16,256,0.3069397957983228
s9314_r1_n750_a125,confirmatory,9314,1,0.75,0.125,feedback_only,balanced_permutation_a_k2,balanced_permutation_a,balanced,2,0.31399250811836066,0.25,0.6399250811836067,64,64,16,fixed_cache,pilot16,256,0.30718554583575997
s9314_r1_n750_a125,confirmatory,9314,1,0.75,0.125,feedback_only,balanced_permutation_a_k4,balanced_permutation_a,balanced,4,0.5639925081183607,0.5,0.6399250811836067,64,64,32,fixed_cache,pilot16,256,0.3083471136700413
s9314_r1_n750_a125,confirmatory,9314,1,0.75,0.125,feedback_only,balanced_permutation_a_k8,balanced_permutation_a,balanced,8,1.0639925081183608,1.0,0.6399250811836067,64,64,64,fixed_cache,pilot16,256,0.31083939176726405
s9314_r1_n750_a125,confirmatory,9314,1,0.75,0.125,feedback_only,balanced_permutation_b_k1,balanced_permutation_b,balanced,1,0.18840039778945986,0.125,0.6340039778945984,64,64,8,fixed_cache,pilot16,256,0.3069397957983228
s9314_r1_n750_a125,confirmatory,9314,1,0.75,0.125,feedback_only,balanced_permutation_b_k2,balanced_permutation_b,balanced,2,0.31340039778945983,0.25,0.6340039778945984,64,64,16,fixed_cache,pilot16,256,0.3069409811446754
s9314_r1_n750_a125,confirmatory,9314,1,0.75,0.125,feedback_only,balanced_permutation_b_k4,balanced_permutation_b,balanced,4,0.5634003977894598,0.5,0.6340039778945984,64,64,32,fixed_cache,pilot16,256,0.30762360348499757
s9314_r1_n750_a125,confirmatory,9314,1,0.75,0.125,feedback_only,balanced_permutation_b_k8,balanced_permutation_b,balanced,8,1.06340039778946,1.0,0.6340039778945984,64,64,64,fixed_cache,pilot16,256,0.31083939176726405
s9314_r1_n750_a125,confirmatory,9314,1,0.75,0.125,feedback_only,comb_contiguous_k1,comb_contiguous,comb,1,0.225,0.125,1.0,64,64,8,fixed_cache,pilot16,256,0.3069397957983228
s9314_r1_n750_a125,confirmatory,9314,1,0.75,0.125,feedback_only,comb_contiguous_k2,comb_contiguous,comb,2,0.35,0.25,1.0,64,64,16,fixed_cache,pilot16,256,0.30693987546631607
s9314_r1_n750_a125,confirmatory,9314,1,0.75,0.125,feedback_only,comb_contiguous_k4,comb_contiguous,comb,4,0.6,0.5,1.0,64,64,32,fixed_cache,pilot16,256,0.3077987151368957
s9314_r1_n750_a125,confirmatory,9314,1,0.75,0.125,feedback_only,comb_contiguous_k8,comb_contiguous,comb,8,1.1,1.0,1.0,64,64,64,fixed_cache,pilot16,256,0.31083939176726405
s9314_r1_n750_a125,confirmatory,9314,1,0.75,0.125,feedback_only,balanced_contiguous_k1,balanced_contiguous,balanced,1,0.1737418407321983,0.125,0.487418407321983,64,64,8,fresh_iid,pilot16,256,0.3024722925065557
s9314_r1_n750_a125,confirmatory,9314,1,0.75,0.125,feedback_only,balanced_contiguous_k2,balanced_contiguous,balanced,2,0.2987418407321983,0.25,0.487418407321983,64,64,16,fresh_iid,pilot16,256,0.30389701738049424
s9314_r1_n750_a125,confirmatory,9314,1,0.75,0.125,feedback_only,balanced_contiguous_k4,balanced_contiguous,balanced,4,0.5487418407321983,0.5,0.487418407321983,64,64,32,fresh_iid,pilot16,256,0.30418501734701364
s9314_r1_n750_a125,confirmatory,9314,1,0.75,0.125,feedback_only,balanced_contiguous_k8,balanced_contiguous,balanced,8,1.0487418407321982,1.0,0.487418407321983,64,64,64,fresh_iid,pilot16,256,0.30537109691101777
s9314_r1_n750_a125,confirmatory,9314,1,0.75,0.125,feedback_only,balanced_interleaved_k1,balanced_interleaved,balanced,1,0.19088469787505546,0.125,0.6588469787505544,64,64,8,fresh_iid,pilot16,256,0.3024722925065557
s9314_r1_n750_a125,confirmatory,9314,1,0.75,0.125,feedback_only,balanced_interleaved_k2,balanced_interleaved,balanced,2,0.31588469787505546,0.25,0.6588469787505544,64,64,16,fresh_iid,pilot16,256,0.302473700920189
s9314_r1_n750_a125,confirmatory,9314,1,0.75,0.125,feedback_only,balanced_interleaved_k4,balanced_interleaved,balanced,4,0.5658846978750555,0.5,0.6588469787505544,64,64,32,fresh_iid,pilot16,256,0.3026147407961984
s9314_r1_n750_a125,confirmatory,9314,1,0.75,0.125,feedback_only,balanced_interleaved_k8,balanced_interleaved,balanced,8,1.0658846978750554,1.0,0.6588469787505544,64,64,64,fresh_iid,pilot16,256,0.30537109691101777
s9314_r1_n750_a125,confirmatory,9314,1,0.75,0.125,feedback_only,balanced_permutation_a_k1,balanced_permutation_a,balanced,1,0.18899250811836066,0.125,0.6399250811836067,64,64,8,fresh_iid,pilot16,256,0.3024722925065557
s9314_r1_n750_a125,confirmatory,9314,1,0.75,0.125,feedback_only,balanced_permutation_a_k2,balanced_permutation_a,balanced,2,0.31399250811836066,0.25,0.6399250811836067,64,64,16,fresh_iid,pilot16,256,0.30263466764571884
s9314_r1_n750_a125,confirmatory,9314,1,0.75,0.125,feedback_only,balanced_permutation_a_k4,balanced_permutation_a,balanced,4,0.5639925081183607,0.5,0.6399250811836067,64,64,32,fresh_iid,pilot16,256,0.3034413173911147
s9314_r1_n750_a125,confirmatory,9314,1,0.75,0.125,feedback_only,balanced_permutation_a_k8,balanced_permutation_a,balanced,8,1.0639925081183608,1.0,0.6399250811836067,64,64,64,fresh_iid,pilot16,256,0.30537109691101777
s9314_r1_n750_a125,confirmatory,9314,1,0.75,0.125,feedback_only,balanced_permutation_b_k1,balanced_permutation_b,balanced,1,0.18840039778945986,0.125,0.6340039778945984,64,64,8,fresh_iid,pilot16,256,0.3024722925065557
s9314_r1_n750_a125,confirmatory,9314,1,0.75,0.125,feedback_only,balanced_permutation_b_k2,balanced_permutation_b,balanced,2,0.31340039778945983,0.25,0.6340039778945984,64,64,16,fresh_iid,pilot16,256,0.30247306858856016
s9314_r1_n750_a125,confirmatory,9314,1,0.75,0.125,feedback_only,balanced_permutation_b_k4,balanced_permutation_b,balanced,4,0.5634003977894598,0.5,0.6340039778945984,64,64,32,fresh_iid,pilot16,256,0.3029313797285381
s9314_r1_n750_a125,confirmatory,9314,1,0.75,0.125,feedback_only,balanced_permutation_b_k8,balanced_permutation_b,balanced,8,1.06340039778946,1.0,0.6340039778945984,64,64,64,fresh_iid,pilot16,256,0.30537109691101777
s9314_r1_n750_a125,confirmatory,9314,1,0.75,0.125,feedback_only,comb_contiguous_k1,comb_contiguous,comb,1,0.225,0.125,1.0,64,64,8,fresh_iid,pilot16,256,0.3024722925065557
s9314_r1_n750_a125,confirmatory,9314,1,0.75,0.125,feedback_only,comb_contiguous_k2,comb_contiguous,comb,2,0.35,0.25,1.0,64,64,16,fresh_iid,pilot16,256,0.3024723446654237
s9314_r1_n750_a125,confirmatory,9314,1,0.75,0.125,feedback_only,comb_contiguous_k4,comb_contiguous,comb,4,0.6,0.5,1.0,64,64,32,fresh_iid,pilot16,256,0.3030525569838409
s9314_r1_n750_a125,confirmatory,9314,1,0.75,0.125,feedback_only,comb_contiguous_k8,comb_contiguous,comb,8,1.1,1.0,1.0,64,64,64,fresh_iid,pilot16,256,0.30537109691101777
s9314_r1_n750_a125,confirmatory,9314,1,0.75,0.125,joint_forward_feedback,balanced_contiguous_k1,balanced_contiguous,balanced,1,0.1737418407321983,0.125,0.487418407321983,64,64,8,fixed_cache,pilot16,256,0.2969779908235346
s9314_r1_n750_a125,confirmatory,9314,1,0.75,0.125,joint_forward_feedback,balanced_contiguous_k2,balanced_contiguous,balanced,2,0.2987418407321983,0.25,0.487418407321983,64,64,16,fixed_cache,pilot16,256,0.297704074056803
s9314_r1_n750_a125,confirmatory,9314,1,0.75,0.125,joint_forward_feedback,balanced_contiguous_k4,balanced_contiguous,balanced,4,0.5487418407321983,0.5,0.487418407321983,64,64,32,fixed_cache,pilot16,256,0.29785082232239507
s9314_r1_n750_a125,confirmatory,9314,1,0.75,0.125,joint_forward_feedback,balanced_contiguous_k8,balanced_contiguous,balanced,8,1.0487418407321982,1.0,0.487418407321983,64,64,64,fixed_cache,pilot16,256,0.29819162018475553
s9314_r1_n750_a125,confirmatory,9314,1,0.75,0.125,joint_forward_feedback,balanced_interleaved_k1,balanced_interleaved,balanced,1,0.19088469787505546,0.125,0.6588469787505544,64,64,8,fixed_cache,pilot16,256,0.2986838326354889
s9314_r1_n750_a125,confirmatory,9314,1,0.75,0.125,joint_forward_feedback,balanced_interleaved_k2,balanced_interleaved,balanced,2,0.31588469787505546,0.25,0.6588469787505544,64,64,16,fixed_cache,pilot16,256,0.2986850760472409
s9314_r1_n750_a125,confirmatory,9314,1,0.75,0.125,joint_forward_feedback,balanced_interleaved_k4,balanced_interleaved,balanced,4,0.5658846978750555,0.5,0.6588469787505544,64,64,32,fixed_cache,pilot16,256,0.29880519076309975
s9314_r1_n750_a125,confirmatory,9314,1,0.75,0.125,joint_forward_feedback,balanced_interleaved_k8,balanced_interleaved,balanced,8,1.0658846978750554,1.0,0.6588469787505544,64,64,64,fixed_cache,pilot16,256,0.30047437223109286
s9314_r1_n750_a125,confirmatory,9314,1,0.75,0.125,joint_forward_feedback,balanced_permutation_a_k1,balanced_permutation_a,balanced,1,0.18899250811836066,0.125,0.6399250811836067,64,64,8,fixed_cache,pilot16,256,0.2981614542155754
s9314_r1_n750_a125,confirmatory,9314,1,0.75,0.125,joint_forward_feedback,balanced_permutation_a_k2,balanced_permutation_a,balanced,2,0.31399250811836066,0.25,0.6399250811836067,64,64,16,fixed_cache,pilot16,256,0.2982290387827539
s9314_r1_n750_a125,confirmatory,9314,1,0.75,0.125,joint_forward_feedback,balanced_permutation_a_k4,balanced_permutation_a,balanced,4,0.5639925081183607,0.5,0.6399250811836067,64,64,32,fixed_cache,pilot16,256,0.29854384655076666
s9314_r1_n750_a125,confirmatory,9314,1,0.75,0.125,joint_forward_feedback,balanced_permutation_a_k8,balanced_permutation_a,balanced,8,1.0639925081183608,1.0,0.6399250811836067,64,64,64,fixed_cache,pilot16,256,0.2996759465746842
s9314_r1_n750_a125,confirmatory,9314,1,0.75,0.125,joint_forward_feedback,balanced_permutation_b_k1,balanced_permutation_b,balanced,1,0.18840039778945986,0.125,0.6340039778945984,64,64,8,fixed_cache,pilot16,256,0.2982567845401558
s9314_r1_n750_a125,confirmatory,9314,1,0.75,0.125,joint_forward_feedback,balanced_permutation_b_k2,balanced_permutation_b,balanced,2,0.31340039778945983,0.25,0.6340039778945984,64,64,16,fixed_cache,pilot16,256,0.29825766621258365
s9314_r1_n750_a125,confirmatory,9314,1,0.75,0.125,joint_forward_feedback,balanced_permutation_b_k4,balanced_permutation_b,balanced,4,0.5634003977894598,0.5,0.6340039778945984,64,64,32,fixed_cache,pilot16,256,0.2984456133784885
s9314_r1_n750_a125,confirmatory,9314,1,0.75,0.125,joint_forward_feedback,balanced_permutation_b_k8,balanced_permutation_b,balanced,8,1.06340039778946,1.0,0.6340039778945984,64,64,64,fixed_cache,pilot16,256,0.29982864200676596
s9314_r1_n750_a125,confirmatory,9314,1,0.75,0.125,joint_forward_feedback,comb_contiguous_k1,comb_contiguous,comb,1,0.225,0.125,1.0,64,64,8,fixed_cache,pilot16,256,0.3004748561345829
s9314_r1_n750_a125,confirmatory,9314,1,0.75,0.125,joint_forward_feedback,comb_contiguous_k2,comb_contiguous,comb,2,0.35,0.25,1.0,64,64,16,fixed_cache,pilot16,256,0.3004885326685992
s9314_r1_n750_a125,confirmatory,9314,1,0.75,0.125,joint_forward_feedback,comb_contiguous_k4,comb_contiguous,comb,4,0.6,0.5,1.0,64,64,32,fixed_cache,pilot16,256,0.3013781490231293
s9314_r1_n750_a125,confirmatory,9314,1,0.75,0.125,joint_forward_feedback,comb_contiguous_k8,comb_contiguous,comb,8,1.1,1.0,1.0,64,64,64,fixed_cache,pilot16,256,0.3035784253245949
s9314_r1_n750_a125,confirmatory,9314,1,0.75,0.125,joint_forward_feedback,balanced_contiguous_k1,balanced_contiguous,balanced,1,0.1737418407321983,0.125,0.487418407321983,64,64,8,fresh_iid,pilot16,256,0.2989224131733142
s9314_r1_n750_a125,confirmatory,9314,1,0.75,0.125,joint_forward_feedback,balanced_contiguous_k2,balanced_contiguous,balanced,2,0.2987418407321983,0.25,0.487418407321983,64,64,16,fresh_iid,pilot16,256,0.2987305458571521
s9314_r1_n750_a125,confirmatory,9314,1,0.75,0.125,joint_forward_feedback,balanced_contiguous_k4,balanced_contiguous,balanced,4,0.5487418407321983,0.5,0.487418407321983,64,64,32,fresh_iid,pilot16,256,0.29872829635186776
s9314_r1_n750_a125,confirmatory,9314,1,0.75,0.125,joint_forward_feedback,balanced_contiguous_k8,balanced_contiguous,balanced,8,1.0487418407321982,1.0,0.487418407321983,64,64,64,fresh_iid,pilot16,256,0.29874681493264
s9314_r1_n750_a125,confirmatory,9314,1,0.75,0.125,joint_forward_feedback,balanced_interleaved_k1,balanced_interleaved,balanced,1,0.19088469787505546,0.125,0.6588469787505544,64,64,8,fresh_iid,pilot16,256,0.2988150514866099
s9314_r1_n750_a125,confirmatory,9314,1,0.75,0.125,joint_forward_feedback,balanced_interleaved_k2,balanced_interleaved,balanced,2,0.31588469787505546,0.25,0.6588469787505544,64,64,16,fresh_iid,pilot16,256,0.29881527152627785
s9314_r1_n750_a125,confirmatory,9314,1,0.75,0.125,joint_forward_feedback,balanced_interleaved_k4,balanced_interleaved,balanced,4,0.5658846978750555,0.5,0.6588469787505544,64,64,32,fresh_iid,pilot16,256,0.2988374852797978
s9314_r1_n750_a125,confirmatory,9314,1,0.75,0.125,joint_forward_feedback,balanced_interleaved_k8,balanced_interleaved,balanced,8,1.0658846978750554,1.0,0.6588469787505544,64,64,64,fresh_iid,pilot16,256,0.29928725347923096
s9314_r1_n750_a125,confirmatory,9314,1,0.75,0.125,joint_forward_feedback,balanced_permutation_a_k1,balanced_permutation_a,balanced,1,0.18899250811836066,0.125,0.6399250811836067,64,64,8,fresh_iid,pilot16,256,0.2987440598044726
s9314_r1_n750_a125,confirmatory,9314,1,0.75,0.125,joint_forward_feedback,balanced_permutation_a_k2,balanced_permutation_a,balanced,2,0.31399250811836066,0.25,0.6399250811836067,64,64,16,fresh_iid,pilot16,256,0.2987504948095421
s9314_r1_n750_a125,confirmatory,9314,1,0.75,0.125,joint_forward_feedback,balanced_permutation_a_k4,balanced_permutation_a,balanced,4,0.5639925081183607,0.5,0.6399250811836067,64,64,32,fresh_iid,pilot16,256,0.29879166645547345
s9314_r1_n750_a125,confirmatory,9314,1,0.75,0.125,joint_forward_feedback,balanced_permutation_a_k8,balanced_permutation_a,balanced,8,1.0639925081183608,1.0,0.6399250811836067,64,64,64,fresh_iid,pilot16,256,0.29904462326944653
s9314_r1_n750_a125,confirmatory,9314,1,0.75,0.125,joint_forward_feedback,balanced_permutation_b_k1,balanced_permutation_b,balanced,1,0.18840039778945986,0.125,0.6340039778945984,64,64,8,fresh_iid,pilot16,256,0.2987534051460017
s9314_r1_n750_a125,confirmatory,9314,1,0.75,0.125,joint_forward_feedback,balanced_permutation_b_k2,balanced_permutation_b,balanced,2,0.31340039778945983,0.25,0.6340039778945984,64,64,16,fresh_iid,pilot16,256,0.2987535001097499
s9314_r1_n750_a125,confirmatory,9314,1,0.75,0.125,joint_forward_feedback,balanced_permutation_b_k4,balanced_permutation_b,balanced,4,0.5634003977894598,0.5,0.6340039778945984,64,64,32,fresh_iid,pilot16,256,0.29877700709984584
s9314_r1_n750_a125,confirmatory,9314,1,0.75,0.125,joint_forward_feedback,balanced_permutation_b_k8,balanced_permutation_b,balanced,8,1.06340039778946,1.0,0.6340039778945984,64,64,64,fresh_iid,pilot16,256,0.2990876905429406
s9314_r1_n750_a125,confirmatory,9314,1,0.75,0.125,joint_forward_feedback,comb_contiguous_k1,comb_contiguous,comb,1,0.225,0.125,1.0,64,64,8,fresh_iid,pilot16,256,0.29928741272713577
s9314_r1_n750_a125,confirmatory,9314,1,0.75,0.125,joint_forward_feedback,comb_contiguous_k2,comb_contiguous,comb,2,0.35,0.25,1.0,64,64,16,fresh_iid,pilot16,256,0.2992919191855393
s9314_r1_n750_a125,confirmatory,9314,1,0.75,0.125,joint_forward_feedback,comb_contiguous_k4,comb_contiguous,comb,4,0.6,0.5,1.0,64,64,32,fresh_iid,pilot16,256,0.29960712001523293
s9314_r1_n750_a125,confirmatory,9314,1,0.75,0.125,joint_forward_feedback,comb_contiguous_k8,comb_contiguous,comb,8,1.1,1.0,1.0,64,64,64,fresh_iid,pilot16,256,0.3005564589409795
s9314_r1_n750_a375,confirmatory,9314,1,0.75,0.375,feedback_only,balanced_contiguous_k1,balanced_contiguous,balanced,1,0.1737418407321983,0.125,0.487418407321983,64,64,8,fixed_cache,pilot16,256,0.3906599759166293
s9314_r1_n750_a375,confirmatory,9314,1,0.75,0.375,feedback_only,balanced_contiguous_k2,balanced_contiguous,balanced,2,0.2987418407321983,0.25,0.487418407321983,64,64,16,fixed_cache,pilot16,256,0.30241646962865376
s9314_r1_n750_a375,confirmatory,9314,1,0.75,0.375,feedback_only,balanced_contiguous_k4,balanced_contiguous,balanced,4,0.5487418407321983,0.5,0.487418407321983,64,64,32,fixed_cache,pilot16,256,0.3036736623190076
s9314_r1_n750_a375,confirmatory,9314,1,0.75,0.375,feedback_only,balanced_contiguous_k8,balanced_contiguous,balanced,8,1.0487418407321982,1.0,0.487418407321983,64,64,64,fixed_cache,pilot16,256,0.31092707145214205
s9314_r1_n750_a375,confirmatory,9314,1,0.75,0.375,feedback_only,balanced_interleaved_k1,balanced_interleaved,balanced,1,0.19088469787505546,0.125,0.6588469787505544,64,64,8,fixed_cache,pilot16,256,0.3906599759166293
s9314_r1_n750_a375,confirmatory,9314,1,0.75,0.375,feedback_only,balanced_interleaved_k2,balanced_interleaved,balanced,2,0.31588469787505546,0.25,0.6588469787505544,64,64,16,fixed_cache,pilot16,256,0.39013320347479297
s9314_r1_n750_a375,confirmatory,9314,1,0.75,0.375,feedback_only,balanced_interleaved_k4,balanced_interleaved,balanced,4,0.5658846978750555,0.5,0.6588469787505544,64,64,32,fixed_cache,pilot16,256,0.35023015889804354
s9314_r1_n750_a375,confirmatory,9314,1,0.75,0.375,feedback_only,balanced_interleaved_k8,balanced_interleaved,balanced,8,1.0658846978750554,1.0,0.6588469787505544,64,64,64,fixed_cache,pilot16,256,0.31092707145214205
s9314_r1_n750_a375,confirmatory,9314,1,0.75,0.375,feedback_only,balanced_permutation_a_k1,balanced_permutation_a,balanced,1,0.18899250811836066,0.125,0.6399250811836067,64,64,8,fixed_cache,pilot16,256,0.3906599759166293
s9314_r1_n750_a375,confirmatory,9314,1,0.75,0.375,feedback_only,balanced_permutation_a_k2,balanced_permutation_a,balanced,2,0.31399250811836066,0.25,0.6399250811836067,64,64,16,fixed_cache,pilot16,256,0.34623559055674313
s9314_r1_n750_a375,confirmatory,9314,1,0.75,0.375,feedback_only,balanced_permutation_a_k4,balanced_permutation_a,balanced,4,0.5639925081183607,0.5,0.6399250811836067,64,64,32,fixed_cache,pilot16,256,0.30207964356781103
s9314_r1_n750_a375,confirmatory,9314,1,0.75,0.375,feedback_only,balanced_permutation_a_k8,balanced_permutation_a,balanced,8,1.0639925081183608,1.0,0.6399250811836067,64,64,64,fixed_cache,pilot16,256,0.31092707145214205
s9314_r1_n750_a375,confirmatory,9314,1,0.75,0.375,feedback_only,balanced_permutation_b_k1,balanced_permutation_b,balanced,1,0.18840039778945986,0.125,0.6340039778945984,64,64,8,fixed_cache,pilot16,256,0.3906599759166293
s9314_r1_n750_a375,confirmatory,9314,1,0.75,0.375,feedback_only,balanced_permutation_b_k2,balanced_permutation_b,balanced,2,0.31340039778945983,0.25,0.6340039778945984,64,64,16,fixed_cache,pilot16,256,0.3903693288521165
s9314_r1_n750_a375,confirmatory,9314,1,0.75,0.375,feedback_only,balanced_permutation_b_k4,balanced_permutation_b,balanced,4,0.5634003977894598,0.5,0.6340039778945984,64,64,32,fixed_cache,pilot16,256,0.3133021244926034
s9314_r1_n750_a375,confirmatory,9314,1,0.75,0.375,feedback_only,balanced_permutation_b_k8,balanced_permutation_b,balanced,8,1.06340039778946,1.0,0.6340039778945984,64,64,64,fixed_cache,pilot16,256,0.31092707145214205
s9314_r1_n750_a375,confirmatory,9314,1,0.75,0.375,feedback_only,comb_contiguous_k1,comb_contiguous,comb,1,0.225,0.125,1.0,64,64,8,fixed_cache,pilot16,256,0.3906599759166293
s9314_r1_n750_a375,confirmatory,9314,1,0.75,0.375,feedback_only,comb_contiguous_k2,comb_contiguous,comb,2,0.35,0.25,1.0,64,64,16,fixed_cache,pilot16,256,0.3906404129726579
s9314_r1_n750_a375,confirmatory,9314,1,0.75,0.375,feedback_only,comb_contiguous_k4,comb_contiguous,comb,4,0.6,0.5,1.0,64,64,32,fixed_cache,pilot16,256,0.30797643399521546
s9314_r1_n750_a375,confirmatory,9314,1,0.75,0.375,feedback_only,comb_contiguous_k8,comb_contiguous,comb,8,1.1,1.0,1.0,64,64,64,fixed_cache,pilot16,256,0.31092707145214205
s9314_r1_n750_a375,confirmatory,9314,1,0.75,0.375,feedback_only,balanced_contiguous_k1,balanced_contiguous,balanced,1,0.1737418407321983,0.125,0.487418407321983,64,64,8,fresh_iid,pilot16,256,0.40352552798071956
s9314_r1_n750_a375,confirmatory,9314,1,0.75,0.375,feedback_only,balanced_contiguous_k2,balanced_contiguous,balanced,2,0.2987418407321983,0.25,0.487418407321983,64,64,16,fresh_iid,pilot16,256,0.3003811633335657
s9314_r1_n750_a375,confirmatory,9314,1,0.75,0.375,feedback_only,balanced_contiguous_k4,balanced_contiguous,balanced,4,0.5487418407321983,0.5,0.487418407321983,64,64,32,fresh_iid,pilot16,256,0.30065285949362747
s9314_r1_n750_a375,confirmatory,9314,1,0.75,0.375,feedback_only,balanced_contiguous_k8,balanced_contiguous,balanced,8,1.0487418407321982,1.0,0.487418407321983,64,64,64,fresh_iid,pilot16,256,0.3054276165947907
s9314_r1_n750_a375,confirmatory,9314,1,0.75,0.375,feedback_only,balanced_interleaved_k1,balanced_interleaved,balanced,1,0.19088469787505546,0.125,0.6588469787505544,64,64,8,fresh_iid,pilot16,256,0.40352552798071956
s9314_r1_n750_a375,confirmatory,9314,1,0.75,0.375,feedback_only,balanced_interleaved_k2,balanced_interleaved,balanced,2,0.31588469787505546,0.25,0.6588469787505544,64,64,16,fresh_iid,pilot16,256,0.402970595626362
s9314_r1_n750_a375,confirmatory,9314,1,0.75,0.375,feedback_only,balanced_interleaved_k4,balanced_interleaved,balanced,4,0.5658846978750555,0.5,0.6588469787505544,64,64,32,fresh_iid,pilot16,256,0.36009483302780215
s9314_r1_n750_a375,confirmatory,9314,1,0.75,0.375,feedback_only,balanced_interleaved_k8,balanced_interleaved,balanced,8,1.0658846978750554,1.0,0.6588469787505544,64,64,64,fresh_iid,pilot16,256,0.3054276165947907
s9314_r1_n750_a375,confirmatory,9314,1,0.75,0.375,feedback_only,balanced_permutation_a_k1,balanced_permutation_a,balanced,1,0.18899250811836066,0.125,0.6399250811836067,64,64,8,fresh_iid,pilot16,256,0.40352552798071956
s9314_r1_n750_a375,confirmatory,9314,1,0.75,0.375,feedback_only,balanced_permutation_a_k2,balanced_permutation_a,balanced,2,0.31399250811836066,0.25,0.6399250811836067,64,64,16,fresh_iid,pilot16,256,0.3556864452389248
s9314_r1_n750_a375,confirmatory,9314,1,0.75,0.375,feedback_only,balanced_permutation_a_k4,balanced_permutation_a,balanced,4,0.5639925081183607,0.5,0.6399250811836067,64,64,32,fresh_iid,pilot16,256,0.3021146692593869
s9314_r1_n750_a375,confirmatory,9314,1,0.75,0.375,feedback_only,balanced_permutation_a_k8,balanced_permutation_a,balanced,8,1.0639925081183608,1.0,0.6399250811836067,64,64,64,fresh_iid,pilot16,256,0.3054276165947907
s9314_r1_n750_a375,confirmatory,9314,1,0.75,0.375,feedback_only,balanced_permutation_b_k1,balanced_permutation_b,balanced,1,0.18840039778945986,0.125,0.6340039778945984,64,64,8,fresh_iid,pilot16,256,0.40352552798071956
s9314_r1_n750_a375,confirmatory,9314,1,0.75,0.375,feedback_only,balanced_permutation_b_k2,balanced_permutation_b,balanced,2,0.31340039778945983,0.25,0.6340039778945984,64,64,16,fresh_iid,pilot16,256,0.40321937322387413
s9314_r1_n750_a375,confirmatory,9314,1,0.75,0.375,feedback_only,balanced_permutation_b_k4,balanced_permutation_b,balanced,4,0.5634003977894598,0.5,0.6340039778945984,64,64,32,fresh_iid,pilot16,256,0.3177308846463244
s9314_r1_n750_a375,confirmatory,9314,1,0.75,0.375,feedback_only,balanced_permutation_b_k8,balanced_permutation_b,balanced,8,1.06340039778946,1.0,0.6340039778945984,64,64,64,fresh_iid,pilot16,256,0.3054276165947907
s9314_r1_n750_a375,confirmatory,9314,1,0.75,0.375,feedback_only,comb_contiguous_k1,comb_contiguous,comb,1,0.225,0.125,1.0,64,64,8,fresh_iid,pilot16,256,0.40352552798071956
s9314_r1_n750_a375,confirmatory,9314,1,0.75,0.375,feedback_only,comb_contiguous_k2,comb_contiguous,comb,2,0.35,0.25,1.0,64,64,16,fresh_iid,pilot16,256,0.4035049235208584
s9314_r1_n750_a375,confirmatory,9314,1,0.75,0.375,feedback_only,comb_contiguous_k4,comb_contiguous,comb,4,0.6,0.5,1.0,64,64,32,fresh_iid,pilot16,256,0.3109881410666825
s9314_r1_n750_a375,confirmatory,9314,1,0.75,0.375,feedback_only,comb_contiguous_k8,comb_contiguous,comb,8,1.1,1.0,1.0,64,64,64,fresh_iid,pilot16,256,0.3054276165947907
s9314_r1_n750_a375,confirmatory,9314,1,0.75,0.375,joint_forward_feedback,balanced_contiguous_k1,balanced_contiguous,balanced,1,0.1737418407321983,0.125,0.487418407321983,64,64,8,fixed_cache,pilot16,256,0.5069668390321094
s9314_r1_n750_a375,confirmatory,9314,1,0.75,0.375,joint_forward_feedback,balanced_contiguous_k2,balanced_contiguous,balanced,2,0.2987418407321983,0.25,0.487418407321983,64,64,16,fixed_cache,pilot16,256,0.31145206766796546
s9314_r1_n750_a375,confirmatory,9314,1,0.75,0.375,joint_forward_feedback,balanced_contiguous_k4,balanced_contiguous,balanced,4,0.5487418407321983,0.5,0.487418407321983,64,64,32,fixed_cache,pilot16,256,0.3067711700058549
s9314_r1_n750_a375,confirmatory,9314,1,0.75,0.375,joint_forward_feedback,balanced_contiguous_k8,balanced_contiguous,balanced,8,1.0487418407321982,1.0,0.487418407321983,64,64,64,fixed_cache,pilot16,256,0.3024206336172364
s9314_r1_n750_a375,confirmatory,9314,1,0.75,0.375,joint_forward_feedback,balanced_interleaved_k1,balanced_interleaved,balanced,1,0.19088469787505546,0.125,0.6588469787505544,64,64,8,fixed_cache,pilot16,256,0.47503103122834583
s9314_r1_n750_a375,confirmatory,9314,1,0.75,0.375,joint_forward_feedback,balanced_interleaved_k2,balanced_interleaved,balanced,2,0.31588469787505546,0.25,0.6588469787505544,64,64,16,fixed_cache,pilot16,256,0.474416110899281
s9314_r1_n750_a375,confirmatory,9314,1,0.75,0.375,joint_forward_feedback,balanced_interleaved_k4,balanced_interleaved,balanced,4,0.5658846978750555,0.5,0.6588469787505544,64,64,32,fixed_cache,pilot16,256,0.4241332453188811
s9314_r1_n750_a375,confirmatory,9314,1,0.75,0.375,joint_forward_feedback,balanced_interleaved_k8,balanced_interleaved,balanced,8,1.0658846978750554,1.0,0.6588469787505544,64,64,64,fixed_cache,pilot16,256,0.3017995995134854
s9314_r1_n750_a375,confirmatory,9314,1,0.75,0.375,joint_forward_feedback,balanced_permutation_a_k1,balanced_permutation_a,balanced,1,0.18899250811836066,0.125,0.6399250811836067,64,64,8,fixed_cache,pilot16,256,0.5093233384317731
s9314_r1_n750_a375,confirmatory,9314,1,0.75,0.375,joint_forward_feedback,balanced_permutation_a_k2,balanced_permutation_a,balanced,2,0.31399250811836066,0.25,0.6399250811836067,64,64,16,fixed_cache,pilot16,256,0.4563335494782442
s9314_r1_n750_a375,confirmatory,9314,1,0.75,0.375,joint_forward_feedback,balanced_permutation_a_k4,balanced_permutation_a,balanced,4,0.5639925081183607,0.5,0.6399250811836067,64,64,32,fixed_cache,pilot16,256,0.3339520758803748
s9314_r1_n750_a375,confirmatory,9314,1,0.75,0.375,joint_forward_feedback,balanced_permutation_a_k8,balanced_permutation_a,balanced,8,1.0639925081183608,1.0,0.6399250811836067,64,64,64,fixed_cache,pilot16,256,0.3018265854500768
s9314_r1_n750_a375,confirmatory,9314,1,0.75,0.375,joint_forward_feedback,balanced_permutation_b_k1,balanced_permutation_b,balanced,1,0.18840039778945986,0.125,0.6340039778945984,64,64,8,fixed_cache,pilot16,256,0.4974316519661167
s9314_r1_n750_a375,confirmatory,9314,1,0.75,0.375,joint_forward_feedback,balanced_permutation_b_k2,balanced_permutation_b,balanced,2,0.31340039778945983,0.25,0.6340039778945984,64,64,16,fixed_cache,pilot16,256,0.49607717205392604
s9314_r1_n750_a375,confirmatory,9314,1,0.75,0.375,joint_forward_feedback,balanced_permutation_b_k4,balanced_permutation_b,balanced,4,0.5634003977894598,0.5,0.6340039778945984,64,64,32,fixed_cache,pilot16,256,0.37400551844090646
s9314_r1_n750_a375,confirmatory,9314,1,0.75,0.375,joint_forward_feedback,balanced_permutation_b_k8,balanced_permutation_b,balanced,8,1.06340039778946,1.0,0.6340039778945984,64,64,64,fixed_cache,pilot16,256,0.3018454275988683
s9314_r1_n750_a375,confirmatory,9314,1,0.75,0.375,joint_forward_feedback,comb_contiguous_k1,comb_contiguous,comb,1,0.225,0.125,1.0,64,64,8,fixed_cache,pilot16,256,0.41171682093694506
s9314_r1_n750_a375,confirmatory,9314,1,0.75,0.375,joint_forward_feedback,comb_contiguous_k2,comb_contiguous,comb,2,0.35,0.25,1.0,64,64,16,fixed_cache,pilot16,256,0.411716600295451
s9314_r1_n750_a375,confirmatory,9314,1,0.75,0.375,joint_forward_feedback,comb_contiguous_k4,comb_contiguous,comb,4,0.6,0.5,1.0,64,64,32,fixed_cache,pilot16,256,0.32012580809492036
s9314_r1_n750_a375,confirmatory,9314,1,0.75,0.375,joint_forward_feedback,comb_contiguous_k8,comb_contiguous,comb,8,1.1,1.0,1.0,64,64,64,fixed_cache,pilot16,256,0.3036812799266166
s9314_r1_n750_a375,confirmatory,9314,1,0.75,0.375,joint_forward_feedback,balanced_contiguous_k1,balanced_contiguous,balanced,1,0.1737418407321983,0.125,0.487418407321983,64,64,8,fresh_iid,pilot16,256,0.5218077920682103
s9314_r1_n750_a375,confirmatory,9314,1,0.75,0.375,joint_forward_feedback,balanced_contiguous_k2,balanced_contiguous,balanced,2,0.2987418407321983,0.25,0.487418407321983,64,64,16,fresh_iid,pilot16,256,0.3154335106487006
s9314_r1_n750_a375,confirmatory,9314,1,0.75,0.375,joint_forward_feedback,balanced_contiguous_k4,balanced_contiguous,balanced,4,0.5487418407321983,0.5,0.487418407321983,64,64,32,fresh_iid,pilot16,256,0.30938760461462256
s9314_r1_n750_a375,confirmatory,9314,1,0.75,0.375,joint_forward_feedback,balanced_contiguous_k8,balanced_contiguous,balanced,8,1.0487418407321982,1.0,0.487418407321983,64,64,64,fresh_iid,pilot16,256,0.3028462700546135
s9314_r1_n750_a375,confirmatory,9314,1,0.75,0.375,joint_forward_feedback,balanced_interleaved_k1,balanced_interleaved,balanced,1,0.19088469787505546,0.125,0.6588469787505544,64,64,8,fresh_iid,pilot16,256,0.49000736277875034
s9314_r1_n750_a375,confirmatory,9314,1,0.75,0.375,joint_forward_feedback,balanced_interleaved_k2,balanced_interleaved,balanced,2,0.31588469787505546,0.25,0.6588469787505544,64,64,16,fresh_iid,pilot16,256,0.4893908780232301
s9314_r1_n750_a375,confirmatory,9314,1,0.75,0.375,joint_forward_feedback,balanced_interleaved_k4,balanced_interleaved,balanced,4,0.5658846978750555,0.5,0.6588469787505544,64,64,32,fresh_iid,pilot16,256,0.4383514465268182
s9314_r1_n750_a375,confirmatory,9314,1,0.75,0.375,joint_forward_feedback,balanced_interleaved_k8,balanced_interleaved,balanced,8,1.0658846978750554,1.0,0.6588469787505544,64,64,64,fresh_iid,pilot16,256,0.301091832975292
s9314_r1_n750_a375,confirmatory,9314,1,0.75,0.375,joint_forward_feedback,balanced_permutation_a_k1,balanced_permutation_a,balanced,1,0.18899250811836066,0.125,0.6399250811836067,64,64,8,fresh_iid,pilot16,256,0.5241384440050695
s9314_r1_n750_a375,confirmatory,9314,1,0.75,0.375,joint_forward_feedback,balanced_permutation_a_k2,balanced_permutation_a,balanced,2,0.31399250811836066,0.25,0.6399250811836067,64,64,16,fresh_iid,pilot16,256,0.471184950861607
s9314_r1_n750_a375,confirmatory,9314,1,0.75,0.375,joint_forward_feedback,balanced_permutation_a_k4,balanced_permutation_a,balanced,4,0.5639925081183607,0.5,0.6399250811836067,64,64,32,fresh_iid,pilot16,256,0.3419352119002774
s9314_r1_n750_a375,confirmatory,9314,1,0.75,0.375,joint_forward_feedback,balanced_permutation_a_k8,balanced_permutation_a,balanced,8,1.0639925081183608,1.0,0.6399250811836067,64,64,64,fresh_iid,pilot16,256,0.3013115643837146
s9314_r1_n750_a375,confirmatory,9314,1,0.75,0.375,joint_forward_feedback,balanced_permutation_b_k1,balanced_permutation_b,balanced,1,0.18840039778945986,0.125,0.6340039778945984,64,64,8,fresh_iid,pilot16,256,0.5123557720137306
s9314_r1_n750_a375,confirmatory,9314,1,0.75,0.375,joint_forward_feedback,balanced_permutation_b_k2,balanced_permutation_b,balanced,2,0.31340039778945983,0.25,0.6340039778945984,64,64,16,fresh_iid,pilot16,256,0.5110102591829468
s9314_r1_n750_a375,confirmatory,9314,1,0.75,0.375,joint_forward_feedback,balanced_permutation_b_k4,balanced_permutation_b,balanced,4,0.5634003977894598,0.5,0.6340039778945984,64,64,32,fresh_iid,pilot16,256,0.38585696116727636
s9314_r1_n750_a375,confirmatory,9314,1,0.75,0.375,joint_forward_feedback,balanced_permutation_b_k8,balanced_permutation_b,balanced,8,1.06340039778946,1.0,0.6340039778945984,64,64,64,fresh_iid,pilot16,256,0.30140467314611036
s9314_r1_n750_a375,confirmatory,9314,1,0.75,0.375,joint_forward_feedback,comb_contiguous_k1,comb_contiguous,comb,1,0.225,0.125,1.0,64,64,8,fresh_iid,pilot16,256,0.42552660294975997
s9314_r1_n750_a375,confirmatory,9314,1,0.75,0.375,joint_forward_feedback,comb_contiguous_k2,comb_contiguous,comb,2,0.35,0.25,1.0,64,64,16,fresh_iid,pilot16,256,0.42552637413670924
s9314_r1_n750_a375,confirmatory,9314,1,0.75,0.375,joint_forward_feedback,comb_contiguous_k4,comb_contiguous,comb,4,0.6,0.5,1.0,64,64,32,fresh_iid,pilot16,256,0.32595575183497416
s9314_r1_n750_a375,confirmatory,9314,1,0.75,0.375,joint_forward_feedback,comb_contiguous_k8,comb_contiguous,comb,8,1.1,1.0,1.0,64,64,64,fresh_iid,pilot16,256,0.30065570706064076
s9314_r2_n000_a125,confirmatory,9314,2,0.0,0.125,feedback_only,balanced_contiguous_k1,balanced_contiguous,balanced,1,0.1737418407321983,0.125,0.487418407321983,64,64,8,fixed_cache,pilot16,256,0.2531141137948308
s9314_r2_n000_a125,confirmatory,9314,2,0.0,0.125,feedback_only,balanced_contiguous_k2,balanced_contiguous,balanced,2,0.2987418407321983,0.25,0.487418407321983,64,64,16,fixed_cache,pilot16,256,0.0038378890028274047
s9314_r2_n000_a125,confirmatory,9314,2,0.0,0.125,feedback_only,balanced_contiguous_k4,balanced_contiguous,balanced,4,0.5487418407321983,0.5,0.487418407321983,64,64,32,fixed_cache,pilot16,256,0.003663835704232509
s9314_r2_n000_a125,confirmatory,9314,2,0.0,0.125,feedback_only,balanced_contiguous_k8,balanced_contiguous,balanced,8,1.0487418407321982,1.0,0.487418407321983,64,64,64,fixed_cache,pilot16,256,0.0026343051954898665
s9314_r2_n000_a125,confirmatory,9314,2,0.0,0.125,feedback_only,balanced_interleaved_k1,balanced_interleaved,balanced,1,0.19088469787505546,0.125,0.6588469787505544,64,64,8,fixed_cache,pilot16,256,0.2531141137948308
s9314_r2_n000_a125,confirmatory,9314,2,0.0,0.125,feedback_only,balanced_interleaved_k2,balanced_interleaved,balanced,2,0.31588469787505546,0.25,0.6588469787505544,64,64,16,fixed_cache,pilot16,256,0.2041398264985806
s9314_r2_n000_a125,confirmatory,9314,2,0.0,0.125,feedback_only,balanced_interleaved_k4,balanced_interleaved,balanced,4,0.5658846978750555,0.5,0.6588469787505544,64,64,32,fixed_cache,pilot16,256,0.19779926347418336
s9314_r2_n000_a125,confirmatory,9314,2,0.0,0.125,feedback_only,balanced_interleaved_k8,balanced_interleaved,balanced,8,1.0658846978750554,1.0,0.6588469787505544,64,64,64,fixed_cache,pilot16,256,0.0026343051954898665
s9314_r2_n000_a125,confirmatory,9314,2,0.0,0.125,feedback_only,balanced_permutation_a_k1,balanced_permutation_a,balanced,1,0.18899250811836066,0.125,0.6399250811836067,64,64,8,fixed_cache,pilot16,256,0.2531141137948308
s9314_r2_n000_a125,confirmatory,9314,2,0.0,0.125,feedback_only,balanced_permutation_a_k2,balanced_permutation_a,balanced,2,0.31399250811836066,0.25,0.6399250811836067,64,64,16,fixed_cache,pilot16,256,0.2467085025846084
s9314_r2_n000_a125,confirmatory,9314,2,0.0,0.125,feedback_only,balanced_permutation_a_k4,balanced_permutation_a,balanced,4,0.5639925081183607,0.5,0.6399250811836067,64,64,32,fixed_cache,pilot16,256,0.20653542363526475
s9314_r2_n000_a125,confirmatory,9314,2,0.0,0.125,feedback_only,balanced_permutation_a_k8,balanced_permutation_a,balanced,8,1.0639925081183608,1.0,0.6399250811836067,64,64,64,fixed_cache,pilot16,256,0.0026343051954898665
s9314_r2_n000_a125,confirmatory,9314,2,0.0,0.125,feedback_only,balanced_permutation_b_k1,balanced_permutation_b,balanced,1,0.18840039778945986,0.125,0.6340039778945984,64,64,8,fixed_cache,pilot16,256,0.2531141137948308
s9314_r2_n000_a125,confirmatory,9314,2,0.0,0.125,feedback_only,balanced_permutation_b_k2,balanced_permutation_b,balanced,2,0.31340039778945983,0.25,0.6340039778945984,64,64,16,fixed_cache,pilot16,256,0.20077869442857268
s9314_r2_n000_a125,confirmatory,9314,2,0.0,0.125,feedback_only,balanced_permutation_b_k4,balanced_permutation_b,balanced,4,0.5634003977894598,0.5,0.6340039778945984,64,64,32,fixed_cache,pilot16,256,0.19780322347064988
s9314_r2_n000_a125,confirmatory,9314,2,0.0,0.125,feedback_only,balanced_permutation_b_k8,balanced_permutation_b,balanced,8,1.06340039778946,1.0,0.6340039778945984,64,64,64,fixed_cache,pilot16,256,0.0026343051954898665
s9314_r2_n000_a125,confirmatory,9314,2,0.0,0.125,feedback_only,comb_contiguous_k1,comb_contiguous,comb,1,0.225,0.125,1.0,64,64,8,fixed_cache,pilot16,256,0.2531141137948308
s9314_r2_n000_a125,confirmatory,9314,2,0.0,0.125,feedback_only,comb_contiguous_k2,comb_contiguous,comb,2,0.35,0.25,1.0,64,64,16,fixed_cache,pilot16,256,0.21186188831050382
s9314_r2_n000_a125,confirmatory,9314,2,0.0,0.125,feedback_only,comb_contiguous_k4,comb_contiguous,comb,4,0.6,0.5,1.0,64,64,32,fixed_cache,pilot16,256,0.024908534197457775
s9314_r2_n000_a125,confirmatory,9314,2,0.0,0.125,feedback_only,comb_contiguous_k8,comb_contiguous,comb,8,1.1,1.0,1.0,64,64,64,fixed_cache,pilot16,256,0.0026343051954898665
s9314_r2_n000_a125,confirmatory,9314,2,0.0,0.125,feedback_only,balanced_contiguous_k1,balanced_contiguous,balanced,1,0.1737418407321983,0.125,0.487418407321983,64,64,8,fresh_iid,pilot16,256,0.25167977916712003
s9314_r2_n000_a125,confirmatory,9314,2,0.0,0.125,feedback_only,balanced_contiguous_k2,balanced_contiguous,balanced,2,0.2987418407321983,0.25,0.487418407321983,64,64,16,fresh_iid,pilot16,256,0.002277853223183388
s9314_r2_n000_a125,confirmatory,9314,2,0.0,0.125,feedback_only,balanced_contiguous_k4,balanced_contiguous,balanced,4,0.5487418407321983,0.5,0.487418407321983,64,64,32,fresh_iid,pilot16,256,0.002161266655823273
s9314_r2_n000_a125,confirmatory,9314,2,0.0,0.125,feedback_only,balanced_contiguous_k8,balanced_contiguous,balanced,8,1.0487418407321982,1.0,0.487418407321983,64,64,64,fresh_iid,pilot16,256,0.0015228476818851932
s9314_r2_n000_a125,confirmatory,9314,2,0.0,0.125,feedback_only,balanced_interleaved_k1,balanced_interleaved,balanced,1,0.19088469787505546,0.125,0.6588469787505544,64,64,8,fresh_iid,pilot16,256,0.25167977916712003
s9314_r2_n000_a125,confirmatory,9314,2,0.0,0.125,feedback_only,balanced_interleaved_k2,balanced_interleaved,balanced,2,0.31588469787505546,0.25,0.6588469787505544,64,64,16,fresh_iid,pilot16,256,0.19511449510494056
s9314_r2_n000_a125,confirmatory,9314,2,0.0,0.125,feedback_only,balanced_interleaved_k4,balanced_interleaved,balanced,4,0.5658846978750555,0.5,0.6588469787505544,64,64,32,fresh_iid,pilot16,256,0.18802354963576837
s9314_r2_n000_a125,confirmatory,9314,2,0.0,0.125,feedback_only,balanced_interleaved_k8,balanced_interleaved,balanced,8,1.0658846978750554,1.0,0.6588469787505544,64,64,64,fresh_iid,pilot16,256,0.0015228476818851932
s9314_r2_n000_a125,confirmatory,9314,2,0.0,0.125,feedback_only,balanced_permutation_a_k1,balanced_permutation_a,balanced,1,0.18899250811836066,0.125,0.6399250811836067,64,64,8,fresh_iid,pilot16,256,0.25167977916712003
s9314_r2_n000_a125,confirmatory,9314,2,0.0,0.125,feedback_only,balanced_permutation_a_k2,balanced_permutation_a,balanced,2,0.31399250811836066,0.25,0.6399250811836067,64,64,16,fresh_iid,pilot16,256,0.24412485010458068
s9314_r2_n000_a125,confirmatory,9314,2,0.0,0.125,feedback_only,balanced_permutation_a_k4,balanced_permutation_a,balanced,4,0.5639925081183607,0.5,0.6399250811836067,64,64,32,fresh_iid,pilot16,256,0.19784706569995691
s9314_r2_n000_a125,confirmatory,9314,2,0.0,0.125,feedback_only,balanced_permutation_a_k8,balanced_permutation_a,balanced,8,1.0639925081183608,1.0,0.6399250811836067,64,64,64,fresh_iid,pilot16,256,0.0015228476818851932
s9314_r2_n000_a125,confirmatory,9314,2,0.0,0.125,feedback_only,balanced_permutation_b_k1,balanced_permutation_b,balanced,1,0.18840039778945986,0.125,0.6340039778945984,64,64,8,fresh_iid,pilot16,256,0.25167977916712003
s9314_r2_n000_a125,confirmatory,9314,2,0.0,0.125,feedback_only,balanced_permutation_b_k2,balanced_permutation_b,balanced,2,0.31340039778945983,0.25,0.6340039778945984,64,64,16,fresh_iid,pilot16,256,0.19130508012150485
s9314_r2_n000_a125,confirmatory,9314,2,0.0,0.125,feedback_only,balanced_permutation_b_k4,balanced_permutation_b,balanced,4,0.5634003977894598,0.5,0.6340039778945984,64,64,32,fresh_iid,pilot16,256,0.1879927404046104
s9314_r2_n000_a125,confirmatory,9314,2,0.0,0.125,feedback_only,balanced_permutation_b_k8,balanced_permutation_b,balanced,8,1.06340039778946,1.0,0.6340039778945984,64,64,64,fresh_iid,pilot16,256,0.0015228476818851932
s9314_r2_n000_a125,confirmatory,9314,2,0.0,0.125,feedback_only,comb_contiguous_k1,comb_contiguous,comb,1,0.225,0.125,1.0,64,64,8,fresh_iid,pilot16,256,0.25167977916712003
s9314_r2_n000_a125,confirmatory,9314,2,0.0,0.125,feedback_only,comb_contiguous_k2,comb_contiguous,comb,2,0.35,0.25,1.0,64,64,16,fresh_iid,pilot16,256,0.2038680386563535
s9314_r2_n000_a125,confirmatory,9314,2,0.0,0.125,feedback_only,comb_contiguous_k4,comb_contiguous,comb,4,0.6,0.5,1.0,64,64,32,fresh_iid,pilot16,256,0.015992033309854405
s9314_r2_n000_a125,confirmatory,9314,2,0.0,0.125,feedback_only,comb_contiguous_k8,comb_contiguous,comb,8,1.1,1.0,1.0,64,64,64,fresh_iid,pilot16,256,0.0015228476818851932
s9314_r2_n000_a125,confirmatory,9314,2,0.0,0.125,joint_forward_feedback,balanced_contiguous_k1,balanced_contiguous,balanced,1,0.1737418407321983,0.125,0.487418407321983,64,64,8,fixed_cache,pilot16,256,0.2716296196603727
s9314_r2_n000_a125,confirmatory,9314,2,0.0,0.125,joint_forward_feedback,balanced_contiguous_k2,balanced_contiguous,balanced,2,0.2987418407321983,0.25,0.487418407321983,64,64,16,fixed_cache,pilot16,256,0.04163879993027695
s9314_r2_n000_a125,confirmatory,9314,2,0.0,0.125,joint_forward_feedback,balanced_contiguous_k4,balanced_contiguous,balanced,4,0.5487418407321983,0.5,0.487418407321983,64,64,32,fixed_cache,pilot16,256,0.040813818940112545
s9314_r2_n000_a125,confirmatory,9314,2,0.0,0.125,joint_forward_feedback,balanced_contiguous_k8,balanced_contiguous,balanced,8,1.0487418407321982,1.0,0.487418407321983,64,64,64,fixed_cache,pilot16,256,0.03731899574686333
s9314_r2_n000_a125,confirmatory,9314,2,0.0,0.125,joint_forward_feedback,balanced_interleaved_k1,balanced_interleaved,balanced,1,0.19088469787505546,0.125,0.6588469787505544,64,64,8,fixed_cache,pilot16,256,0.2639771132451492
s9314_r2_n000_a125,confirmatory,9314,2,0.0,0.125,joint_forward_feedback,balanced_interleaved_k2,balanced_interleaved,balanced,2,0.31588469787505546,0.25,0.6588469787505544,64,64,16,fixed_cache,pilot16,256,0.23251941731256642
s9314_r2_n000_a125,confirmatory,9314,2,0.0,0.125,joint_forward_feedback,balanced_interleaved_k4,balanced_interleaved,balanced,4,0.5658846978750555,0.5,0.6588469787505544,64,64,32,fixed_cache,pilot16,256,0.22792545138566997
s9314_r2_n000_a125,confirmatory,9314,2,0.0,0.125,joint_forward_feedback,balanced_interleaved_k8,balanced_interleaved,balanced,8,1.0658846978750554,1.0,0.6588469787505544,64,64,64,fixed_cache,pilot16,256,0.03190580871204446
s9314_r2_n000_a125,confirmatory,9314,2,0.0,0.125,joint_forward_feedback,balanced_permutation_a_k1,balanced_permutation_a,balanced,1,0.18899250811836066,0.125,0.6399250811836067,64,64,8,fixed_cache,pilot16,256,0.265484582216229
s9314_r2_n000_a125,confirmatory,9314,2,0.0,0.125,joint_forward_feedback,balanced_permutation_a_k2,balanced_permutation_a,balanced,2,0.31399250811836066,0.25,0.6399250811836067,64,64,16,fixed_cache,pilot16,256,0.260742736944183
s9314_r2_n000_a125,confirmatory,9314,2,0.0,0.125,joint_forward_feedback,balanced_permutation_a_k4,balanced_permutation_a,balanced,4,0.5639925081183607,0.5,0.6399250811836067,64,64,32,fixed_cache,pilot16,256,0.2352531370981763
s9314_r2_n000_a125,confirmatory,9314,2,0.0,0.125,joint_forward_feedback,balanced_permutation_a_k8,balanced_permutation_a,balanced,8,1.0639925081183608,1.0,0.6399250811836067,64,64,64,fixed_cache,pilot16,256,0.040444965394998235
s9314_r2_n000_a125,confirmatory,9314,2,0.0,0.125,joint_forward_feedback,balanced_permutation_b_k1,balanced_permutation_b,balanced,1,0.18840039778945986,0.125,0.6340039778945984,64,64,8,fixed_cache,pilot16,256,0.26527013895647267
s9314_r2_n000_a125,confirmatory,9314,2,0.0,0.125,joint_forward_feedback,balanced_permutation_b_k2,balanced_permutation_b,balanced,2,0.31340039778945983,0.25,0.6340039778945984,64,64,16,fixed_cache,pilot16,256,0.2317156345407525
s9314_r2_n000_a125,confirmatory,9314,2,0.0,0.125,joint_forward_feedback,balanced_permutation_b_k4,balanced_permutation_b,balanced,4,0.5634003977894598,0.5,0.6340039778945984,64,64,32,fixed_cache,pilot16,256,0.22882363949096893
s9314_r2_n000_a125,confirmatory,9314,2,0.0,0.125,joint_forward_feedback,balanced_permutation_b_k8,balanced_permutation_b,balanced,8,1.06340039778946,1.0,0.6340039778945984,64,64,64,fixed_cache,pilot16,256,0.03739403391113746
s9314_r2_n000_a125,confirmatory,9314,2,0.0,0.125,joint_forward_feedback,comb_contiguous_k1,comb_contiguous,comb,1,0.225,0.125,1.0,64,64,8,fixed_cache,pilot16,256,0.2611006134989113
s9314_r2_n000_a125,confirmatory,9314,2,0.0,0.125,joint_forward_feedback,comb_contiguous_k2,comb_contiguous,comb,2,0.35,0.25,1.0,64,64,16,fixed_cache,pilot16,256,0.23371202054009133
s9314_r2_n000_a125,confirmatory,9314,2,0.0,0.125,joint_forward_feedback,comb_contiguous_k4,comb_contiguous,comb,4,0.6,0.5,1.0,64,64,32,fixed_cache,pilot16,256,0.06168193586778694
s9314_r2_n000_a125,confirmatory,9314,2,0.0,0.125,joint_forward_feedback,comb_contiguous_k8,comb_contiguous,comb,8,1.1,1.0,1.0,64,64,64,fixed_cache,pilot16,256,0.016897238019940364
s9314_r2_n000_a125,confirmatory,9314,2,0.0,0.125,joint_forward_feedback,balanced_contiguous_k1,balanced_contiguous,balanced,1,0.1737418407321983,0.125,0.487418407321983,64,64,8,fresh_iid,pilot16,256,0.26853901078030257
s9314_r2_n000_a125,confirmatory,9314,2,0.0,0.125,joint_forward_feedback,balanced_contiguous_k2,balanced_contiguous,balanced,2,0.2987418407321983,0.25,0.487418407321983,64,64,16,fresh_iid,pilot16,256,0.030657961087266192
s9314_r2_n000_a125,confirmatory,9314,2,0.0,0.125,joint_forward_feedback,balanced_contiguous_k4,balanced_contiguous,balanced,4,0.5487418407321983,0.5,0.487418407321983,64,64,32,fresh_iid,pilot16,256,0.029922568363581745
s9314_r2_n000_a125,confirmatory,9314,2,0.0,0.125,joint_forward_feedback,balanced_contiguous_k8,balanced_contiguous,balanced,8,1.0487418407321982,1.0,0.487418407321983,64,64,64,fresh_iid,pilot16,256,0.02711538625829652
s9314_r2_n000_a125,confirmatory,9314,2,0.0,0.125,joint_forward_feedback,balanced_interleaved_k1,balanced_interleaved,balanced,1,0.19088469787505546,0.125,0.6588469787505544,64,64,8,fresh_iid,pilot16,256,0.2614842284733808
s9314_r2_n000_a125,confirmatory,9314,2,0.0,0.125,joint_forward_feedback,balanced_interleaved_k2,balanced_interleaved,balanced,2,0.31588469787505546,0.25,0.6588469787505544,64,64,16,fresh_iid,pilot16,256,0.22464806304781554
s9314_r2_n000_a125,confirmatory,9314,2,0.0,0.125,joint_forward_feedback,balanced_interleaved_k4,balanced_interleaved,balanced,4,0.5658846978750555,0.5,0.6588469787505544,64,64,32,fresh_iid,pilot16,256,0.21948957529005075
s9314_r2_n000_a125,confirmatory,9314,2,0.0,0.125,joint_forward_feedback,balanced_interleaved_k8,balanced_interleaved,balanced,8,1.0658846978750554,1.0,0.6588469787505544,64,64,64,fresh_iid,pilot16,256,0.02187413300175034
s9314_r2_n000_a125,confirmatory,9314,2,0.0,0.125,joint_forward_feedback,balanced_permutation_a_k1,balanced_permutation_a,balanced,1,0.18899250811836066,0.125,0.6399250811836067,64,64,8,fresh_iid,pilot16,256,0.26280683074686784
s9314_r2_n000_a125,confirmatory,9314,2,0.0,0.125,joint_forward_feedback,balanced_permutation_a_k2,balanced_permutation_a,balanced,2,0.31399250811836066,0.25,0.6399250811836067,64,64,16,fresh_iid,pilot16,256,0.2572637877435368
s9314_r2_n000_a125,confirmatory,9314,2,0.0,0.125,joint_forward_feedback,balanced_permutation_a_k4,balanced_permutation_a,balanced,4,0.5639925081183607,0.5,0.6399250811836067,64,64,32,fresh_iid,pilot16,256,0.227625316895801
s9314_r2_n000_a125,confirmatory,9314,2,0.0,0.125,joint_forward_feedback,balanced_permutation_a_k8,balanced_permutation_a,balanced,8,1.0639925081183608,1.0,0.6399250811836067,64,64,64,fresh_iid,pilot16,256,0.028476119809843038
s9314_r2_n000_a125,confirmatory,9314,2,0.0,0.125,joint_forward_feedback,balanced_permutation_b_k1,balanced_permutation_b,balanced,1,0.18840039778945986,0.125,0.6340039778945984,64,64,8,fresh_iid,pilot16,256,0.2626412596093555
s9314_r2_n000_a125,confirmatory,9314,2,0.0,0.125,joint_forward_feedback,balanced_permutation_b_k2,balanced_permutation_b,balanced,2,0.31340039778945983,0.25,0.6340039778945984,64,64,16,fresh_iid,pilot16,256,0.22336270801463237
s9314_r2_n000_a125,confirmatory,9314,2,0.0,0.125,joint_forward_feedback,balanced_permutation_b_k4,balanced_permutation_b,balanced,4,0.5634003977894598,0.5,0.6340039778945984,64,64,32,fresh_iid,pilot16,256,0.2201639706169175
s9314_r2_n000_a125,confirmatory,9314,2,0.0,0.125,joint_forward_feedback,balanced_permutation_b_k8,balanced_permutation_b,balanced,8,1.06340039778946,1.0,0.6340039778945984,64,64,64,fresh_iid,pilot16,256,0.026125233507866073
s9314_r2_n000_a125,confirmatory,9314,2,0.0,0.125,joint_forward_feedback,comb_contiguous_k1,comb_contiguous,comb,1,0.225,0.125,1.0,64,64,8,fresh_iid,pilot16,256,0.2592760019134528
s9314_r2_n000_a125,confirmatory,9314,2,0.0,0.125,joint_forward_feedback,comb_contiguous_k2,comb_contiguous,comb,2,0.35,0.25,1.0,64,64,16,fresh_iid,pilot16,256,0.2268491025470754
s9314_r2_n000_a125,confirmatory,9314,2,0.0,0.125,joint_forward_feedback,comb_contiguous_k4,comb_contiguous,comb,4,0.6,0.5,1.0,64,64,32,fresh_iid,pilot16,256,0.045489522959077634
s9314_r2_n000_a125,confirmatory,9314,2,0.0,0.125,joint_forward_feedback,comb_contiguous_k8,comb_contiguous,comb,8,1.1,1.0,1.0,64,64,64,fresh_iid,pilot16,256,0.011303303255647832
s9314_r2_n000_a375,confirmatory,9314,2,0.0,0.375,feedback_only,balanced_contiguous_k1,balanced_contiguous,balanced,1,0.1737418407321983,0.125,0.487418407321983,64,64,8,fixed_cache,pilot16,256,0.26862577482514055
s9314_r2_n000_a375,confirmatory,9314,2,0.0,0.375,feedback_only,balanced_contiguous_k2,balanced_contiguous,balanced,2,0.2987418407321983,0.25,0.487418407321983,64,64,16,fixed_cache,pilot16,256,0.02695904926970408
s9314_r2_n000_a375,confirmatory,9314,2,0.0,0.375,feedback_only,balanced_contiguous_k4,balanced_contiguous,balanced,4,0.5487418407321983,0.5,0.487418407321983,64,64,32,fixed_cache,pilot16,256,0.021478798354556607
s9314_r2_n000_a375,confirmatory,9314,2,0.0,0.375,feedback_only,balanced_contiguous_k8,balanced_contiguous,balanced,8,1.0487418407321982,1.0,0.487418407321983,64,64,64,fixed_cache,pilot16,256,0.003381268687615878
s9314_r2_n000_a375,confirmatory,9314,2,0.0,0.375,feedback_only,balanced_interleaved_k1,balanced_interleaved,balanced,1,0.19088469787505546,0.125,0.6588469787505544,64,64,8,fixed_cache,pilot16,256,0.26862577482514055
s9314_r2_n000_a375,confirmatory,9314,2,0.0,0.375,feedback_only,balanced_interleaved_k2,balanced_interleaved,balanced,2,0.31588469787505546,0.25,0.6588469787505544,64,64,16,fixed_cache,pilot16,256,0.20898199784804145
s9314_r2_n000_a375,confirmatory,9314,2,0.0,0.375,feedback_only,balanced_interleaved_k4,balanced_interleaved,balanced,4,0.5658846978750555,0.5,0.6588469787505544,64,64,32,fixed_cache,pilot16,256,0.19748861569904697
s9314_r2_n000_a375,confirmatory,9314,2,0.0,0.375,feedback_only,balanced_interleaved_k8,balanced_interleaved,balanced,8,1.0658846978750554,1.0,0.6588469787505544,64,64,64,fixed_cache,pilot16,256,0.003381268687615878
s9314_r2_n000_a375,confirmatory,9314,2,0.0,0.375,feedback_only,balanced_permutation_a_k1,balanced_permutation_a,balanced,1,0.18899250811836066,0.125,0.6399250811836067,64,64,8,fixed_cache,pilot16,256,0.26862577482514055
s9314_r2_n000_a375,confirmatory,9314,2,0.0,0.375,feedback_only,balanced_permutation_a_k2,balanced_permutation_a,balanced,2,0.31399250811836066,0.25,0.6399250811836067,64,64,16,fixed_cache,pilot16,256,0.2570027751598377
s9314_r2_n000_a375,confirmatory,9314,2,0.0,0.375,feedback_only,balanced_permutation_a_k4,balanced_permutation_a,balanced,4,0.5639925081183607,0.5,0.6399250811836067,64,64,32,fixed_cache,pilot16,256,0.05661707371843364
s9314_r2_n000_a375,confirmatory,9314,2,0.0,0.375,feedback_only,balanced_permutation_a_k8,balanced_permutation_a,balanced,8,1.0639925081183608,1.0,0.6399250811836067,64,64,64,fixed_cache,pilot16,256,0.003381268687615878
s9314_r2_n000_a375,confirmatory,9314,2,0.0,0.375,feedback_only,balanced_permutation_b_k1,balanced_permutation_b,balanced,1,0.18840039778945986,0.125,0.6340039778945984,64,64,8,fixed_cache,pilot16,256,0.26862577482514055
s9314_r2_n000_a375,confirmatory,9314,2,0.0,0.375,feedback_only,balanced_permutation_b_k2,balanced_permutation_b,balanced,2,0.31340039778945983,0.25,0.6340039778945984,64,64,16,fixed_cache,pilot16,256,0.19491407076479839
s9314_r2_n000_a375,confirmatory,9314,2,0.0,0.375,feedback_only,balanced_permutation_b_k4,balanced_permutation_b,balanced,4,0.5634003977894598,0.5,0.6340039778945984,64,64,32,fixed_cache,pilot16,256,0.11160502066635213
s9314_r2_n000_a375,confirmatory,9314,2,0.0,0.375,feedback_only,balanced_permutation_b_k8,balanced_permutation_b,balanced,8,1.06340039778946,1.0,0.6340039778945984,64,64,64,fixed_cache,pilot16,256,0.003381268687615878
s9314_r2_n000_a375,confirmatory,9314,2,0.0,0.375,feedback_only,comb_contiguous_k1,comb_contiguous,comb,1,0.225,0.125,1.0,64,64,8,fixed_cache,pilot16,256,0.26862577482514055
s9314_r2_n000_a375,confirmatory,9314,2,0.0,0.375,feedback_only,comb_contiguous_k2,comb_contiguous,comb,2,0.35,0.25,1.0,64,64,16,fixed_cache,pilot16,256,0.2525631578065947
s9314_r2_n000_a375,confirmatory,9314,2,0.0,0.375,feedback_only,comb_contiguous_k4,comb_contiguous,comb,4,0.6,0.5,1.0,64,64,32,fixed_cache,pilot16,256,0.0677073293474302
s9314_r2_n000_a375,confirmatory,9314,2,0.0,0.375,feedback_only,comb_contiguous_k8,comb_contiguous,comb,8,1.1,1.0,1.0,64,64,64,fixed_cache,pilot16,256,0.003381268687615878
s9314_r2_n000_a375,confirmatory,9314,2,0.0,0.375,feedback_only,balanced_contiguous_k1,balanced_contiguous,balanced,1,0.1737418407321983,0.125,0.487418407321983,64,64,8,fresh_iid,pilot16,256,0.26632309039138846
s9314_r2_n000_a375,confirmatory,9314,2,0.0,0.375,feedback_only,balanced_contiguous_k2,balanced_contiguous,balanced,2,0.2987418407321983,0.25,0.487418407321983,64,64,16,fresh_iid,pilot16,256,0.019443226535429427
s9314_r2_n000_a375,confirmatory,9314,2,0.0,0.375,feedback_only,balanced_contiguous_k4,balanced_contiguous,balanced,4,0.5487418407321983,0.5,0.487418407321983,64,64,32,fresh_iid,pilot16,256,0.016015304274436124
s9314_r2_n000_a375,confirmatory,9314,2,0.0,0.375,feedback_only,balanced_contiguous_k8,balanced_contiguous,balanced,8,1.0487418407321982,1.0,0.487418407321983,64,64,64,fresh_iid,pilot16,256,0.002142853899606969
s9314_r2_n000_a375,confirmatory,9314,2,0.0,0.375,feedback_only,balanced_interleaved_k1,balanced_interleaved,balanced,1,0.19088469787505546,0.125,0.6588469787505544,64,64,8,fresh_iid,pilot16,256,0.26632309039138846
s9314_r2_n000_a375,confirmatory,9314,2,0.0,0.375,feedback_only,balanced_interleaved_k2,balanced_interleaved,balanced,2,0.31588469787505546,0.25,0.6588469787505544,64,64,16,fresh_iid,pilot16,256,0.199460358442416
s9314_r2_n000_a375,confirmatory,9314,2,0.0,0.375,feedback_only,balanced_interleaved_k4,balanced_interleaved,balanced,4,0.5658846978750555,0.5,0.6588469787505544,64,64,32,fresh_iid,pilot16,256,0.18636557853037766
s9314_r2_n000_a375,confirmatory,9314,2,0.0,0.375,feedback_only,balanced_interleaved_k8,balanced_interleaved,balanced,8,1.0658846978750554,1.0,0.6588469787505544,64,64,64,fresh_iid,pilot16,256,0.002142853899606969
s9314_r2_n000_a375,confirmatory,9314,2,0.0,0.375,feedback_only,balanced_permutation_a_k1,balanced_permutation_a,balanced,1,0.18899250811836066,0.125,0.6399250811836067,64,64,8,fresh_iid,pilot16,256,0.26632309039138846
s9314_r2_n000_a375,confirmatory,9314,2,0.0,0.375,feedback_only,balanced_permutation_a_k2,balanced_permutation_a,balanced,2,0.31399250811836066,0.25,0.6399250811836067,64,64,16,fresh_iid,pilot16,256,0.2540367118032531
s9314_r2_n000_a375,confirmatory,9314,2,0.0,0.375,feedback_only,balanced_permutation_a_k4,balanced_permutation_a,balanced,4,0.5639925081183607,0.5,0.6399250811836067,64,64,32,fresh_iid,pilot16,256,0.041863444557967804
s9314_r2_n000_a375,confirmatory,9314,2,0.0,0.375,feedback_only,balanced_permutation_a_k8,balanced_permutation_a,balanced,8,1.0639925081183608,1.0,0.6399250811836067,64,64,64,fresh_iid,pilot16,256,0.002142853899606969
s9314_r2_n000_a375,confirmatory,9314,2,0.0,0.375,feedback_only,balanced_permutation_b_k1,balanced_permutation_b,balanced,1,0.18840039778945986,0.125,0.6340039778945984,64,64,8,fresh_iid,pilot16,256,0.26632309039138846
s9314_r2_n000_a375,confirmatory,9314,2,0.0,0.375,feedback_only,balanced_permutation_b_k2,balanced_permutation_b,balanced,2,0.31340039778945983,0.25,0.6340039778945984,64,64,16,fresh_iid,pilot16,256,0.18359435623405912
s9314_r2_n000_a375,confirmatory,9314,2,0.0,0.375,feedback_only,balanced_permutation_b_k4,balanced_permutation_b,balanced,4,0.5634003977894598,0.5,0.6340039778945984,64,64,32,fresh_iid,pilot16,256,0.09413924464948936
s9314_r2_n000_a375,confirmatory,9314,2,0.0,0.375,feedback_only,balanced_permutation_b_k8,balanced_permutation_b,balanced,8,1.06340039778946,1.0,0.6340039778945984,64,64,64,fresh_iid,pilot16,256,0.002142853899606969
s9314_r2_n000_a375,confirmatory,9314,2,0.0,0.375,feedback_only,comb_contiguous_k1,comb_contiguous,comb,1,0.225,0.125,1.0,64,64,8,fresh_iid,pilot16,256,0.26632309039138846
s9314_r2_n000_a375,confirmatory,9314,2,0.0,0.375,feedback_only,comb_contiguous_k2,comb_contiguous,comb,2,0.35,0.25,1.0,64,64,16,fresh_iid,pilot16,256,0.24818410412687675
s9314_r2_n000_a375,confirmatory,9314,2,0.0,0.375,feedback_only,comb_contiguous_k4,comb_contiguous,comb,4,0.6,0.5,1.0,64,64,32,fresh_iid,pilot16,256,0.051112521626912766
s9314_r2_n000_a375,confirmatory,9314,2,0.0,0.375,feedback_only,comb_contiguous_k8,comb_contiguous,comb,8,1.1,1.0,1.0,64,64,64,fresh_iid,pilot16,256,0.002142853899606969
s9314_r2_n000_a375,confirmatory,9314,2,0.0,0.375,joint_forward_feedback,balanced_contiguous_k1,balanced_contiguous,balanced,1,0.1737418407321983,0.125,0.487418407321983,64,64,8,fixed_cache,pilot16,256,0.31008451843999923
s9314_r2_n000_a375,confirmatory,9314,2,0.0,0.375,joint_forward_feedback,balanced_contiguous_k2,balanced_contiguous,balanced,2,0.2987418407321983,0.25,0.487418407321983,64,64,16,fixed_cache,pilot16,256,0.11169878194999672
s9314_r2_n000_a375,confirmatory,9314,2,0.0,0.375,joint_forward_feedback,balanced_contiguous_k4,balanced_contiguous,balanced,4,0.5487418407321983,0.5,0.487418407321983,64,64,32,fixed_cache,pilot16,256,0.10038398641625731
s9314_r2_n000_a375,confirmatory,9314,2,0.0,0.375,joint_forward_feedback,balanced_contiguous_k8,balanced_contiguous,balanced,8,1.0487418407321982,1.0,0.487418407321983,64,64,64,fixed_cache,pilot16,256,0.061272424355362926
s9314_r2_n000_a375,confirmatory,9314,2,0.0,0.375,joint_forward_feedback,balanced_interleaved_k1,balanced_interleaved,balanced,1,0.19088469787505546,0.125,0.6588469787505544,64,64,8,fixed_cache,pilot16,256,0.29644516720879865
s9314_r2_n000_a375,confirmatory,9314,2,0.0,0.375,joint_forward_feedback,balanced_interleaved_k2,balanced_interleaved,balanced,2,0.31588469787505546,0.25,0.6588469787505544,64,64,16,fixed_cache,pilot16,256,0.2414862630415804
s9314_r2_n000_a375,confirmatory,9314,2,0.0,0.375,joint_forward_feedback,balanced_interleaved_k4,balanced_interleaved,balanced,4,0.5658846978750555,0.5,0.6588469787505544,64,64,32,fixed_cache,pilot16,256,0.22981654540170732
s9314_r2_n000_a375,confirmatory,9314,2,0.0,0.375,joint_forward_feedback,balanced_interleaved_k8,balanced_interleaved,balanced,8,1.0658846978750554,1.0,0.6588469787505544,64,64,64,fixed_cache,pilot16,256,0.03656214919348135
s9314_r2_n000_a375,confirmatory,9314,2,0.0,0.375,joint_forward_feedback,balanced_permutation_a_k1,balanced_permutation_a,balanced,1,0.18899250811836066,0.125,0.6399250811836067,64,64,8,fixed_cache,pilot16,256,0.2983930740369539
s9314_r2_n000_a375,confirmatory,9314,2,0.0,0.375,joint_forward_feedback,balanced_permutation_a_k2,balanced_permutation_a,balanced,2,0.31399250811836066,0.25,0.6399250811836067,64,64,16,fixed_cache,pilot16,256,0.2851383000982304
s9314_r2_n000_a375,confirmatory,9314,2,0.0,0.375,joint_forward_feedback,balanced_permutation_a_k4,balanced_permutation_a,balanced,4,0.5639925081183607,0.5,0.6399250811836067,64,64,32,fixed_cache,pilot16,256,0.13287809975771925
s9314_r2_n000_a375,confirmatory,9314,2,0.0,0.375,joint_forward_feedback,balanced_permutation_a_k8,balanced_permutation_a,balanced,8,1.0639925081183608,1.0,0.6399250811836067,64,64,64,fixed_cache,pilot16,256,0.043317156430137685
s9314_r2_n000_a375,confirmatory,9314,2,0.0,0.375,joint_forward_feedback,balanced_permutation_b_k1,balanced_permutation_b,balanced,1,0.18840039778945986,0.125,0.6340039778945984,64,64,8,fixed_cache,pilot16,256,0.2989698342510504
s9314_r2_n000_a375,confirmatory,9314,2,0.0,0.375,joint_forward_feedback,balanced_permutation_b_k2,balanced_permutation_b,balanced,2,0.31340039778945983,0.25,0.6340039778945984,64,64,16,fixed_cache,pilot16,256,0.23297348209050914
s9314_r2_n000_a375,confirmatory,9314,2,0.0,0.375,joint_forward_feedback,balanced_permutation_b_k4,balanced_permutation_b,balanced,4,0.5634003977894598,0.5,0.6340039778945984,64,64,32,fixed_cache,pilot16,256,0.16887108503146003
s9314_r2_n000_a375,confirmatory,9314,2,0.0,0.375,joint_forward_feedback,balanced_permutation_b_k8,balanced_permutation_b,balanced,8,1.06340039778946,1.0,0.6340039778945984,64,64,64,fixed_cache,pilot16,256,0.03990568072279083
s9314_r2_n000_a375,confirmatory,9314,2,0.0,0.375,joint_forward_feedback,comb_contiguous_k1,comb_contiguous,comb,1,0.225,0.125,1.0,64,64,8,fixed_cache,pilot16,256,0.2897868938045473
s9314_r2_n000_a375,confirmatory,9314,2,0.0,0.375,joint_forward_feedback,comb_contiguous_k2,comb_contiguous,comb,2,0.35,0.25,1.0,64,64,16,fixed_cache,pilot16,256,0.26608337738817367
s9314_r2_n000_a375,confirmatory,9314,2,0.0,0.375,joint_forward_feedback,comb_contiguous_k4,comb_contiguous,comb,4,0.6,0.5,1.0,64,64,32,fixed_cache,pilot16,256,0.11171828679048994
s9314_r2_n000_a375,confirmatory,9314,2,0.0,0.375,joint_forward_feedback,comb_contiguous_k8,comb_contiguous,comb,8,1.1,1.0,1.0,64,64,64,fixed_cache,pilot16,256,0.01971469448425651
s9314_r2_n000_a375,confirmatory,9314,2,0.0,0.375,joint_forward_feedback,balanced_contiguous_k1,balanced_contiguous,balanced,1,0.1737418407321983,0.125,0.487418407321983,64,64,8,fresh_iid,pilot16,256,0.3052720014874299
s9314_r2_n000_a375,confirmatory,9314,2,0.0,0.375,joint_forward_feedback,balanced_contiguous_k2,balanced_contiguous,balanced,2,0.2987418407321983,0.25,0.487418407321983,64,64,16,fresh_iid,pilot16,256,0.09223115800647759
s9314_r2_n000_a375,confirmatory,9314,2,0.0,0.375,joint_forward_feedback,balanced_contiguous_k4,balanced_contiguous,balanced,4,0.5487418407321983,0.5,0.487418407321983,64,64,32,fresh_iid,pilot16,256,0.08239068594723935
s9314_r2_n000_a375,confirmatory,9314,2,0.0,0.375,joint_forward_feedback,balanced_contiguous_k8,balanced_contiguous,balanced,8,1.0487418407321982,1.0,0.487418407321983,64,64,64,fresh_iid,pilot16,256,0.047695010461037635
s9314_r2_n000_a375,confirmatory,9314,2,0.0,0.375,joint_forward_feedback,balanced_interleaved_k1,balanced_interleaved,balanced,1,0.19088469787505546,0.125,0.6588469787505544,64,64,8,fresh_iid,pilot16,256,0.2922592511599035
s9314_r2_n000_a375,confirmatory,9314,2,0.0,0.375,joint_forward_feedback,balanced_interleaved_k2,balanced_interleaved,balanced,2,0.31588469787505546,0.25,0.6588469787505544,64,64,16,fresh_iid,pilot16,256,0.23361289698859505
s9314_r2_n000_a375,confirmatory,9314,2,0.0,0.375,joint_forward_feedback,balanced_interleaved_k4,balanced_interleaved,balanced,4,0.5658846978750555,0.5,0.6588469787505544,64,64,32,fresh_iid,pilot16,256,0.22128689023656278
s9314_r2_n000_a375,confirmatory,9314,2,0.0,0.375,joint_forward_feedback,balanced_interleaved_k8,balanced_interleaved,balanced,8,1.0658846978750554,1.0,0.6588469787505544,64,64,64,fresh_iid,pilot16,256,0.02577471073094723
s9314_r2_n000_a375,confirmatory,9314,2,0.0,0.375,joint_forward_feedback,balanced_permutation_a_k1,balanced_permutation_a,balanced,1,0.18899250811836066,0.125,0.6399250811836067,64,64,8,fresh_iid,pilot16,256,0.294129406470817
s9314_r2_n000_a375,confirmatory,9314,2,0.0,0.375,joint_forward_feedback,balanced_permutation_a_k2,balanced_permutation_a,balanced,2,0.31399250811836066,0.25,0.6399250811836067,64,64,16,fresh_iid,pilot16,256,0.28092328525365473
s9314_r2_n000_a375,confirmatory,9314,2,0.0,0.375,joint_forward_feedback,balanced_permutation_a_k4,balanced_permutation_a,balanced,4,0.5639925081183607,0.5,0.6399250811836067,64,64,32,fresh_iid,pilot16,256,0.11319205159002459
s9314_r2_n000_a375,confirmatory,9314,2,0.0,0.375,joint_forward_feedback,balanced_permutation_a_k8,balanced_permutation_a,balanced,8,1.0639925081183608,1.0,0.6399250811836067,64,64,64,fresh_iid,pilot16,256,0.03196051943921572
s9314_r2_n000_a375,confirmatory,9314,2,0.0,0.375,joint_forward_feedback,balanced_permutation_b_k1,balanced_permutation_b,balanced,1,0.18840039778945986,0.125,0.6340039778945984,64,64,8,fresh_iid,pilot16,256,0.2946650258800735
s9314_r2_n000_a375,confirmatory,9314,2,0.0,0.375,joint_forward_feedback,balanced_permutation_b_k2,balanced_permutation_b,balanced,2,0.31340039778945983,0.25,0.6340039778945984,64,64,16,fresh_iid,pilot16,256,0.22351572747705267
s9314_r2_n000_a375,confirmatory,9314,2,0.0,0.375,joint_forward_feedback,balanced_permutation_b_k4,balanced_permutation_b,balanced,4,0.5634003977894598,0.5,0.6340039778945984,64,64,32,fresh_iid,pilot16,256,0.15194259349441236
s9314_r2_n000_a375,confirmatory,9314,2,0.0,0.375,joint_forward_feedback,balanced_permutation_b_k8,balanced_permutation_b,balanced,8,1.06340039778946,1.0,0.6340039778945984,64,64,64,fresh_iid,pilot16,256,0.028761896869121915
s9314_r2_n000_a375,confirmatory,9314,2,0.0,0.375,joint_forward_feedback,comb_contiguous_k1,comb_contiguous,comb,1,0.225,0.125,1.0,64,64,8,fresh_iid,pilot16,256,0.2860857961511906
s9314_r2_n000_a375,confirmatory,9314,2,0.0,0.375,joint_forward_feedback,comb_contiguous_k2,comb_contiguous,comb,2,0.35,0.25,1.0,64,64,16,fresh_iid,pilot16,256,0.25986696446770374
s9314_r2_n000_a375,confirmatory,9314,2,0.0,0.375,joint_forward_feedback,comb_contiguous_k4,comb_contiguous,comb,4,0.6,0.5,1.0,64,64,32,fresh_iid,pilot16,256,0.09227845487656187
s9314_r2_n000_a375,confirmatory,9314,2,0.0,0.375,joint_forward_feedback,comb_contiguous_k8,comb_contiguous,comb,8,1.1,1.0,1.0,64,64,64,fresh_iid,pilot16,256,0.013869538386456727
s9314_r2_n750_a125,confirmatory,9314,2,0.75,0.125,feedback_only,balanced_contiguous_k1,balanced_contiguous,balanced,1,0.1737418407321983,0.125,0.487418407321983,64,64,8,fixed_cache,pilot16,256,0.5572227826112336
s9314_r2_n750_a125,confirmatory,9314,2,0.75,0.125,feedback_only,balanced_contiguous_k2,balanced_contiguous,balanced,2,0.2987418407321983,0.25,0.487418407321983,64,64,16,fixed_cache,pilot16,256,0.30816938747568356
s9314_r2_n750_a125,confirmatory,9314,2,0.75,0.125,feedback_only,balanced_contiguous_k4,balanced_contiguous,balanced,4,0.5487418407321983,0.5,0.487418407321983,64,64,32,fixed_cache,pilot16,256,0.30805509222136784
s9314_r2_n750_a125,confirmatory,9314,2,0.75,0.125,feedback_only,balanced_contiguous_k8,balanced_contiguous,balanced,8,1.0487418407321982,1.0,0.487418407321983,64,64,64,fixed_cache,pilot16,256,0.30808960042794337
s9314_r2_n750_a125,confirmatory,9314,2,0.75,0.125,feedback_only,balanced_interleaved_k1,balanced_interleaved,balanced,1,0.19088469787505546,0.125,0.6588469787505544,64,64,8,fixed_cache,pilot16,256,0.5572227826112336
s9314_r2_n750_a125,confirmatory,9314,2,0.75,0.125,feedback_only,balanced_interleaved_k2,balanced_interleaved,balanced,2,0.31588469787505546,0.25,0.6588469787505544,64,64,16,fixed_cache,pilot16,256,0.5067802297676862
s9314_r2_n750_a125,confirmatory,9314,2,0.75,0.125,feedback_only,balanced_interleaved_k4,balanced_interleaved,balanced,4,0.5658846978750555,0.5,0.6588469787505544,64,64,32,fixed_cache,pilot16,256,0.5005732250105817
s9314_r2_n750_a125,confirmatory,9314,2,0.75,0.125,feedback_only,balanced_interleaved_k8,balanced_interleaved,balanced,8,1.0658846978750554,1.0,0.6588469787505544,64,64,64,fixed_cache,pilot16,256,0.30808960042794337
s9314_r2_n750_a125,confirmatory,9314,2,0.75,0.125,feedback_only,balanced_permutation_a_k1,balanced_permutation_a,balanced,1,0.18899250811836066,0.125,0.6399250811836067,64,64,8,fixed_cache,pilot16,256,0.5572227826112336
s9314_r2_n750_a125,confirmatory,9314,2,0.75,0.125,feedback_only,balanced_permutation_a_k2,balanced_permutation_a,balanced,2,0.31399250811836066,0.25,0.6399250811836067,64,64,16,fixed_cache,pilot16,256,0.5508732959320117
s9314_r2_n750_a125,confirmatory,9314,2,0.75,0.125,feedback_only,balanced_permutation_a_k4,balanced_permutation_a,balanced,4,0.5639925081183607,0.5,0.6399250811836067,64,64,32,fixed_cache,pilot16,256,0.5087222070316815
s9314_r2_n750_a125,confirmatory,9314,2,0.75,0.125,feedback_only,balanced_permutation_a_k8,balanced_permutation_a,balanced,8,1.0639925081183608,1.0,0.6399250811836067,64,64,64,fixed_cache,pilot16,256,0.30808960042794337
s9314_r2_n750_a125,confirmatory,9314,2,0.75,0.125,feedback_only,balanced_permutation_b_k1,balanced_permutation_b,balanced,1,0.18840039778945986,0.125,0.6340039778945984,64,64,8,fixed_cache,pilot16,256,0.5572227826112336
s9314_r2_n750_a125,confirmatory,9314,2,0.75,0.125,feedback_only,balanced_permutation_b_k2,balanced_permutation_b,balanced,2,0.31340039778945983,0.25,0.6340039778945984,64,64,16,fixed_cache,pilot16,256,0.5032069777534565
s9314_r2_n750_a125,confirmatory,9314,2,0.75,0.125,feedback_only,balanced_permutation_b_k4,balanced_permutation_b,balanced,4,0.5634003977894598,0.5,0.6340039778945984,64,64,32,fixed_cache,pilot16,256,0.500186569726347
s9314_r2_n750_a125,confirmatory,9314,2,0.75,0.125,feedback_only,balanced_permutation_b_k8,balanced_permutation_b,balanced,8,1.06340039778946,1.0,0.6340039778945984,64,64,64,fixed_cache,pilot16,256,0.30808960042794337
s9314_r2_n750_a125,confirmatory,9314,2,0.75,0.125,feedback_only,comb_contiguous_k1,comb_contiguous,comb,1,0.225,0.125,1.0,64,64,8,fixed_cache,pilot16,256,0.5572227826112336
s9314_r2_n750_a125,confirmatory,9314,2,0.75,0.125,feedback_only,comb_contiguous_k2,comb_contiguous,comb,2,0.35,0.25,1.0,64,64,16,fixed_cache,pilot16,256,0.5146436021486264
s9314_r2_n750_a125,confirmatory,9314,2,0.75,0.125,feedback_only,comb_contiguous_k4,comb_contiguous,comb,4,0.6,0.5,1.0,64,64,32,fixed_cache,pilot16,256,0.32496042515849716
s9314_r2_n750_a125,confirmatory,9314,2,0.75,0.125,feedback_only,comb_contiguous_k8,comb_contiguous,comb,8,1.1,1.0,1.0,64,64,64,fixed_cache,pilot16,256,0.30808960042794337
s9314_r2_n750_a125,confirmatory,9314,2,0.75,0.125,feedback_only,balanced_contiguous_k1,balanced_contiguous,balanced,1,0.1737418407321983,0.125,0.487418407321983,64,64,8,fresh_iid,pilot16,256,0.5673488773946953
s9314_r2_n750_a125,confirmatory,9314,2,0.75,0.125,feedback_only,balanced_contiguous_k2,balanced_contiguous,balanced,2,0.2987418407321983,0.25,0.487418407321983,64,64,16,fresh_iid,pilot16,256,0.3090662626765159
s9314_r2_n750_a125,confirmatory,9314,2,0.75,0.125,feedback_only,balanced_contiguous_k4,balanced_contiguous,balanced,4,0.5487418407321983,0.5,0.487418407321983,64,64,32,fresh_iid,pilot16,256,0.30893265235329415
s9314_r2_n750_a125,confirmatory,9314,2,0.75,0.125,feedback_only,balanced_contiguous_k8,balanced_contiguous,balanced,8,1.0487418407321982,1.0,0.487418407321983,64,64,64,fresh_iid,pilot16,256,0.3093348785842697
s9314_r2_n750_a125,confirmatory,9314,2,0.75,0.125,feedback_only,balanced_interleaved_k1,balanced_interleaved,balanced,1,0.19088469787505546,0.125,0.6588469787505544,64,64,8,fresh_iid,pilot16,256,0.5673488773946953
s9314_r2_n750_a125,confirmatory,9314,2,0.75,0.125,feedback_only,balanced_interleaved_k2,balanced_interleaved,balanced,2,0.31588469787505546,0.25,0.6588469787505544,64,64,16,fresh_iid,pilot16,256,0.5085526353202982
s9314_r2_n750_a125,confirmatory,9314,2,0.75,0.125,feedback_only,balanced_interleaved_k4,balanced_interleaved,balanced,4,0.5658846978750555,0.5,0.6588469787505544,64,64,32,fresh_iid,pilot16,256,0.5015944588162189
s9314_r2_n750_a125,confirmatory,9314,2,0.75,0.125,feedback_only,balanced_interleaved_k8,balanced_interleaved,balanced,8,1.0658846978750554,1.0,0.6588469787505544,64,64,64,fresh_iid,pilot16,256,0.3093348785842697
s9314_r2_n750_a125,confirmatory,9314,2,0.75,0.125,feedback_only,balanced_permutation_a_k1,balanced_permutation_a,balanced,1,0.18899250811836066,0.125,0.6399250811836067,64,64,8,fresh_iid,pilot16,256,0.5673488773946953
s9314_r2_n750_a125,confirmatory,9314,2,0.75,0.125,feedback_only,balanced_permutation_a_k2,balanced_permutation_a,balanced,2,0.31399250811836066,0.25,0.6399250811836067,64,64,16,fresh_iid,pilot16,256,0.5598932562951078
s9314_r2_n750_a125,confirmatory,9314,2,0.75,0.125,feedback_only,balanced_permutation_a_k4,balanced_permutation_a,balanced,4,0.5639925081183607,0.5,0.6399250811836067,64,64,32,fresh_iid,pilot16,256,0.5105529390084778
s9314_r2_n750_a125,confirmatory,9314,2,0.75,0.125,feedback_only,balanced_permutation_a_k8,balanced_permutation_a,balanced,8,1.0639925081183608,1.0,0.6399250811836067,64,64,64,fresh_iid,pilot16,256,0.3093348785842697
s9314_r2_n750_a125,confirmatory,9314,2,0.75,0.125,feedback_only,balanced_permutation_b_k1,balanced_permutation_b,balanced,1,0.18840039778945986,0.125,0.6340039778945984,64,64,8,fresh_iid,pilot16,256,0.5673488773946953
s9314_r2_n750_a125,confirmatory,9314,2,0.75,0.125,feedback_only,balanced_permutation_b_k2,balanced_permutation_b,balanced,2,0.31340039778945983,0.25,0.6340039778945984,64,64,16,fresh_iid,pilot16,256,0.5044260218404912
s9314_r2_n750_a125,confirmatory,9314,2,0.75,0.125,feedback_only,balanced_permutation_b_k4,balanced_permutation_b,balanced,4,0.5634003977894598,0.5,0.6340039778945984,64,64,32,fresh_iid,pilot16,256,0.5010022947190715
s9314_r2_n750_a125,confirmatory,9314,2,0.75,0.125,feedback_only,balanced_permutation_b_k8,balanced_permutation_b,balanced,8,1.06340039778946,1.0,0.6340039778945984,64,64,64,fresh_iid,pilot16,256,0.3093348785842697
s9314_r2_n750_a125,confirmatory,9314,2,0.75,0.125,feedback_only,comb_contiguous_k1,comb_contiguous,comb,1,0.225,0.125,1.0,64,64,8,fresh_iid,pilot16,256,0.5673488773946953
s9314_r2_n750_a125,confirmatory,9314,2,0.75,0.125,feedback_only,comb_contiguous_k2,comb_contiguous,comb,2,0.35,0.25,1.0,64,64,16,fresh_iid,pilot16,256,0.5175430056012602
s9314_r2_n750_a125,confirmatory,9314,2,0.75,0.125,feedback_only,comb_contiguous_k4,comb_contiguous,comb,4,0.6,0.5,1.0,64,64,32,fresh_iid,pilot16,256,0.32059486040474894
s9314_r2_n750_a125,confirmatory,9314,2,0.75,0.125,feedback_only,comb_contiguous_k8,comb_contiguous,comb,8,1.1,1.0,1.0,64,64,64,fresh_iid,pilot16,256,0.3093348785842697
s9314_r2_n750_a125,confirmatory,9314,2,0.75,0.125,joint_forward_feedback,balanced_contiguous_k1,balanced_contiguous,balanced,1,0.1737418407321983,0.125,0.487418407321983,64,64,8,fixed_cache,pilot16,256,0.5732064501838607
s9314_r2_n750_a125,confirmatory,9314,2,0.75,0.125,joint_forward_feedback,balanced_contiguous_k2,balanced_contiguous,balanced,2,0.2987418407321983,0.25,0.487418407321983,64,64,16,fixed_cache,pilot16,256,0.3384364137854168
s9314_r2_n750_a125,confirmatory,9314,2,0.75,0.125,joint_forward_feedback,balanced_contiguous_k4,balanced_contiguous,balanced,4,0.5487418407321983,0.5,0.487418407321983,64,64,32,fixed_cache,pilot16,256,0.3375499933269268
s9314_r2_n750_a125,confirmatory,9314,2,0.75,0.125,joint_forward_feedback,balanced_contiguous_k8,balanced_contiguous,balanced,8,1.0487418407321982,1.0,0.487418407321983,64,64,64,fixed_cache,pilot16,256,0.3343819582043457
s9314_r2_n750_a125,confirmatory,9314,2,0.75,0.125,joint_forward_feedback,balanced_interleaved_k1,balanced_interleaved,balanced,1,0.19088469787505546,0.125,0.6588469787505544,64,64,8,fixed_cache,pilot16,256,0.5660175246061585
s9314_r2_n750_a125,confirmatory,9314,2,0.75,0.125,joint_forward_feedback,balanced_interleaved_k2,balanced_interleaved,balanced,2,0.31588469787505546,0.25,0.6588469787505544,64,64,16,fixed_cache,pilot16,256,0.5335148464363397
s9314_r2_n750_a125,confirmatory,9314,2,0.75,0.125,joint_forward_feedback,balanced_interleaved_k4,balanced_interleaved,balanced,4,0.5658846978750555,0.5,0.6588469787505544,64,64,32,fixed_cache,pilot16,256,0.5289846871045899
s9314_r2_n750_a125,confirmatory,9314,2,0.75,0.125,joint_forward_feedback,balanced_interleaved_k8,balanced_interleaved,balanced,8,1.0658846978750554,1.0,0.6588469787505544,64,64,64,fixed_cache,pilot16,256,0.3295416726566728
s9314_r2_n750_a125,confirmatory,9314,2,0.75,0.125,joint_forward_feedback,balanced_permutation_a_k1,balanced_permutation_a,balanced,1,0.18899250811836066,0.125,0.6399250811836067,64,64,8,fixed_cache,pilot16,256,0.5675002355819816
s9314_r2_n750_a125,confirmatory,9314,2,0.75,0.125,joint_forward_feedback,balanced_permutation_a_k2,balanced_permutation_a,balanced,2,0.31399250811836066,0.25,0.6399250811836067,64,64,16,fixed_cache,pilot16,256,0.5627212782375619
s9314_r2_n750_a125,confirmatory,9314,2,0.75,0.125,joint_forward_feedback,balanced_permutation_a_k4,balanced_permutation_a,balanced,4,0.5639925081183607,0.5,0.6399250811836067,64,64,32,fixed_cache,pilot16,256,0.5360044357943985
s9314_r2_n750_a125,confirmatory,9314,2,0.75,0.125,joint_forward_feedback,balanced_permutation_a_k8,balanced_permutation_a,balanced,8,1.0639925081183608,1.0,0.6399250811836067,64,64,64,fixed_cache,pilot16,256,0.33697449401082136
s9314_r2_n750_a125,confirmatory,9314,2,0.75,0.125,joint_forward_feedback,balanced_permutation_b_k1,balanced_permutation_b,balanced,1,0.18840039778945986,0.125,0.6340039778945984,64,64,8,fixed_cache,pilot16,256,0.5672453772914194
s9314_r2_n750_a125,confirmatory,9314,2,0.75,0.125,joint_forward_feedback,balanced_permutation_b_k2,balanced_permutation_b,balanced,2,0.31340039778945983,0.25,0.6340039778945984,64,64,16,fixed_cache,pilot16,256,0.532496370770984
s9314_r2_n750_a125,confirmatory,9314,2,0.75,0.125,joint_forward_feedback,balanced_permutation_b_k4,balanced_permutation_b,balanced,4,0.5634003977894598,0.5,0.6340039778945984,64,64,32,fixed_cache,pilot16,256,0.529498493781789
s9314_r2_n750_a125,confirmatory,9314,2,0.75,0.125,joint_forward_feedback,balanced_permutation_b_k8,balanced_permutation_b,balanced,8,1.06340039778946,1.0,0.6340039778945984,64,64,64,fixed_cache,pilot16,256,0.33421394238237195
s9314_r2_n750_a125,confirmatory,9314,2,0.75,0.125,joint_forward_feedback,comb_contiguous_k1,comb_contiguous,comb,1,0.225,0.125,1.0,64,64,8,fixed_cache,pilot16,256,0.5623369104085629
s9314_r2_n750_a125,confirmatory,9314,2,0.75,0.125,joint_forward_feedback,comb_contiguous_k2,comb_contiguous,comb,2,0.35,0.25,1.0,64,64,16,fixed_cache,pilot16,256,0.5337306749661566
s9314_r2_n750_a125,confirmatory,9314,2,0.75,0.125,joint_forward_feedback,comb_contiguous_k4,comb_contiguous,comb,4,0.6,0.5,1.0,64,64,32,fixed_cache,pilot16,256,0.3559320764604243
s9314_r2_n750_a125,confirmatory,9314,2,0.75,0.125,joint_forward_feedback,comb_contiguous_k8,comb_contiguous,comb,8,1.1,1.0,1.0,64,64,64,fixed_cache,pilot16,256,0.3145447830434227
s9314_r2_n750_a125,confirmatory,9314,2,0.75,0.125,joint_forward_feedback,balanced_contiguous_k1,balanced_contiguous,balanced,1,0.1737418407321983,0.125,0.487418407321983,64,64,8,fresh_iid,pilot16,256,0.5807435032444834
s9314_r2_n750_a125,confirmatory,9314,2,0.75,0.125,joint_forward_feedback,balanced_contiguous_k2,balanced_contiguous,balanced,2,0.2987418407321983,0.25,0.487418407321983,64,64,16,fresh_iid,pilot16,256,0.33253231956366214
s9314_r2_n750_a125,confirmatory,9314,2,0.75,0.125,joint_forward_feedback,balanced_contiguous_k4,balanced_contiguous,balanced,4,0.5487418407321983,0.5,0.487418407321983,64,64,32,fresh_iid,pilot16,256,0.33169441774360275
s9314_r2_n750_a125,confirmatory,9314,2,0.75,0.125,joint_forward_feedback,balanced_contiguous_k8,balanced_contiguous,balanced,8,1.0487418407321982,1.0,0.487418407321983,64,64,64,fresh_iid,pilot16,256,0.32908819946005863
s9314_r2_n750_a125,confirmatory,9314,2,0.75,0.125,joint_forward_feedback,balanced_interleaved_k1,balanced_interleaved,balanced,1,0.19088469787505546,0.125,0.6588469787505544,64,64,8,fresh_iid,pilot16,256,0.574481525919297
s9314_r2_n750_a125,confirmatory,9314,2,0.75,0.125,joint_forward_feedback,balanced_interleaved_k2,balanced_interleaved,balanced,2,0.31588469787505546,0.25,0.6588469787505544,64,64,16,fresh_iid,pilot16,256,0.5363085026846945
s9314_r2_n750_a125,confirmatory,9314,2,0.75,0.125,joint_forward_feedback,balanced_interleaved_k4,balanced_interleaved,balanced,4,0.5658846978750555,0.5,0.6588469787505544,64,64,32,fresh_iid,pilot16,256,0.5312588157201241
s9314_r2_n750_a125,confirmatory,9314,2,0.75,0.125,joint_forward_feedback,balanced_interleaved_k8,balanced_interleaved,balanced,8,1.0658846978750554,1.0,0.6588469787505544,64,64,64,fresh_iid,pilot16,256,0.3245397325145717
s9314_r2_n750_a125,confirmatory,9314,2,0.75,0.125,joint_forward_feedback,balanced_permutation_a_k1,balanced_permutation_a,balanced,1,0.18899250811836066,0.125,0.6399250811836067,64,64,8,fresh_iid,pilot16,256,0.5757930677981997
s9314_r2_n750_a125,confirmatory,9314,2,0.75,0.125,joint_forward_feedback,balanced_permutation_a_k2,balanced_permutation_a,balanced,2,0.31399250811836066,0.25,0.6399250811836067,64,64,16,fresh_iid,pilot16,256,0.5702508385211639
s9314_r2_n750_a125,confirmatory,9314,2,0.75,0.125,joint_forward_feedback,balanced_permutation_a_k4,balanced_permutation_a,balanced,4,0.5639925081183607,0.5,0.6399250811836067,64,64,32,fresh_iid,pilot16,256,0.5388969213524222
s9314_r2_n750_a125,confirmatory,9314,2,0.75,0.125,joint_forward_feedback,balanced_permutation_a_k8,balanced_permutation_a,balanced,8,1.0639925081183608,1.0,0.6399250811836067,64,64,64,fresh_iid,pilot16,256,0.33045435218309677
s9314_r2_n750_a125,confirmatory,9314,2,0.75,0.125,joint_forward_feedback,balanced_permutation_b_k1,balanced_permutation_b,balanced,1,0.18840039778945986,0.125,0.6340039778945984,64,64,8,fresh_iid,pilot16,256,0.5755516207757002
s9314_r2_n750_a125,confirmatory,9314,2,0.75,0.125,joint_forward_feedback,balanced_permutation_b_k2,balanced_permutation_b,balanced,2,0.31340039778945983,0.25,0.6340039778945984,64,64,16,fresh_iid,pilot16,256,0.5347281424975345
s9314_r2_n750_a125,confirmatory,9314,2,0.75,0.125,joint_forward_feedback,balanced_permutation_b_k4,balanced_permutation_b,balanced,4,0.5634003977894598,0.5,0.6340039778945984,64,64,32,fresh_iid,pilot16,256,0.5313759603674282
s9314_r2_n750_a125,confirmatory,9314,2,0.75,0.125,joint_forward_feedback,balanced_permutation_b_k8,balanced_permutation_b,balanced,8,1.06340039778946,1.0,0.6340039778945984,64,64,64,fresh_iid,pilot16,256,0.3282187868592067
s9314_r2_n750_a125,confirmatory,9314,2,0.75,0.125,joint_forward_feedback,comb_contiguous_k1,comb_contiguous,comb,1,0.225,0.125,1.0,64,64,8,fresh_iid,pilot16,256,0.5706507120657591
s9314_r2_n750_a125,confirmatory,9314,2,0.75,0.125,joint_forward_feedback,comb_contiguous_k2,comb_contiguous,comb,2,0.35,0.25,1.0,64,64,16,fresh_iid,pilot16,256,0.5367224502361903
s9314_r2_n750_a125,confirmatory,9314,2,0.75,0.125,joint_forward_feedback,comb_contiguous_k4,comb_contiguous,comb,4,0.6,0.5,1.0,64,64,32,fresh_iid,pilot16,256,0.3458028965681488
s9314_r2_n750_a125,confirmatory,9314,2,0.75,0.125,joint_forward_feedback,comb_contiguous_k8,comb_contiguous,comb,8,1.1,1.0,1.0,64,64,64,fresh_iid,pilot16,256,0.31184063145600527
s9314_r2_n750_a375,confirmatory,9314,2,0.75,0.375,feedback_only,balanced_contiguous_k1,balanced_contiguous,balanced,1,0.1737418407321983,0.125,0.487418407321983,64,64,8,fixed_cache,pilot16,256,0.5702796228244635
s9314_r2_n750_a375,confirmatory,9314,2,0.75,0.375,feedback_only,balanced_contiguous_k2,balanced_contiguous,balanced,2,0.2987418407321983,0.25,0.487418407321983,64,64,16,fixed_cache,pilot16,256,0.33302576353488933
s9314_r2_n750_a375,confirmatory,9314,2,0.75,0.375,feedback_only,balanced_contiguous_k4,balanced_contiguous,balanced,4,0.5487418407321983,0.5,0.487418407321983,64,64,32,fixed_cache,pilot16,256,0.32709561148537364
s9314_r2_n750_a375,confirmatory,9314,2,0.75,0.375,feedback_only,balanced_contiguous_k8,balanced_contiguous,balanced,8,1.0487418407321982,1.0,0.487418407321983,64,64,64,fixed_cache,pilot16,256,0.31159323181148313
s9314_r2_n750_a375,confirmatory,9314,2,0.75,0.375,feedback_only,balanced_interleaved_k1,balanced_interleaved,balanced,1,0.19088469787505546,0.125,0.6588469787505544,64,64,8,fixed_cache,pilot16,256,0.5702796228244635
s9314_r2_n750_a375,confirmatory,9314,2,0.75,0.375,feedback_only,balanced_interleaved_k2,balanced_interleaved,balanced,2,0.31588469787505546,0.25,0.6588469787505544,64,64,16,fixed_cache,pilot16,256,0.515221159118483
s9314_r2_n750_a375,confirmatory,9314,2,0.75,0.375,feedback_only,balanced_interleaved_k4,balanced_interleaved,balanced,4,0.5658846978750555,0.5,0.6588469787505544,64,64,32,fixed_cache,pilot16,256,0.5042986699051615
s9314_r2_n750_a375,confirmatory,9314,2,0.75,0.375,feedback_only,balanced_interleaved_k8,balanced_interleaved,balanced,8,1.0658846978750554,1.0,0.6588469787505544,64,64,64,fixed_cache,pilot16,256,0.31159323181148313
s9314_r2_n750_a375,confirmatory,9314,2,0.75,0.375,feedback_only,balanced_permutation_a_k1,balanced_permutation_a,balanced,1,0.18899250811836066,0.125,0.6399250811836067,64,64,8,fixed_cache,pilot16,256,0.5702796228244635
s9314_r2_n750_a375,confirmatory,9314,2,0.75,0.375,feedback_only,balanced_permutation_a_k2,balanced_permutation_a,balanced,2,0.31399250811836066,0.25,0.6399250811836067,64,64,16,fixed_cache,pilot16,256,0.5592335506012915
s9314_r2_n750_a375,confirmatory,9314,2,0.75,0.375,feedback_only,balanced_permutation_a_k4,balanced_permutation_a,balanced,4,0.5639925081183607,0.5,0.6399250811836067,64,64,32,fixed_cache,pilot16,256,0.3647322976848845
s9314_r2_n750_a375,confirmatory,9314,2,0.75,0.375,feedback_only,balanced_permutation_a_k8,balanced_permutation_a,balanced,8,1.0639925081183608,1.0,0.6399250811836067,64,64,64,fixed_cache,pilot16,256,0.31159323181148313
s9314_r2_n750_a375,confirmatory,9314,2,0.75,0.375,feedback_only,balanced_permutation_b_k1,balanced_permutation_b,balanced,1,0.18840039778945986,0.125,0.6340039778945984,64,64,8,fixed_cache,pilot16,256,0.5702796228244635
s9314_r2_n750_a375,confirmatory,9314,2,0.75,0.375,feedback_only,balanced_permutation_b_k2,balanced_permutation_b,balanced,2,0.31340039778945983,0.25,0.6340039778945984,64,64,16,fixed_cache,pilot16,256,0.5017636187315684
s9314_r2_n750_a375,confirmatory,9314,2,0.75,0.375,feedback_only,balanced_permutation_b_k4,balanced_permutation_b,balanced,4,0.5634003977894598,0.5,0.6340039778945984,64,64,32,fixed_cache,pilot16,256,0.420501959150538
s9314_r2_n750_a375,confirmatory,9314,2,0.75,0.375,feedback_only,balanced_permutation_b_k8,balanced_permutation_b,balanced,8,1.06340039778946,1.0,0.6340039778945984,64,64,64,fixed_cache,pilot16,256,0.31159323181148313
s9314_r2_n750_a375,confirmatory,9314,2,0.75,0.375,feedback_only,comb_contiguous_k1,comb_contiguous,comb,1,0.225,0.125,1.0,64,64,8,fixed_cache,pilot16,256,0.5702796228244635
s9314_r2_n750_a375,confirmatory,9314,2,0.75,0.375,feedback_only,comb_contiguous_k2,comb_contiguous,comb,2,0.35,0.25,1.0,64,64,16,fixed_cache,pilot16,256,0.5552198349774984
s9314_r2_n750_a375,confirmatory,9314,2,0.75,0.375,feedback_only,comb_contiguous_k4,comb_contiguous,comb,4,0.6,0.5,1.0,64,64,32,fixed_cache,pilot16,256,0.3762448178580773
s9314_r2_n750_a375,confirmatory,9314,2,0.75,0.375,feedback_only,comb_contiguous_k8,comb_contiguous,comb,8,1.1,1.0,1.0,64,64,64,fixed_cache,pilot16,256,0.31159323181148313
s9314_r2_n750_a375,confirmatory,9314,2,0.75,0.375,feedback_only,balanced_contiguous_k1,balanced_contiguous,balanced,1,0.1737418407321983,0.125,0.487418407321983,64,64,8,fresh_iid,pilot16,256,0.5747520721889724
s9314_r2_n750_a375,confirmatory,9314,2,0.75,0.375,feedback_only,balanced_contiguous_k2,balanced_contiguous,balanced,2,0.2987418407321983,0.25,0.487418407321983,64,64,16,fresh_iid,pilot16,256,0.31867397086399707
s9314_r2_n750_a375,confirmatory,9314,2,0.75,0.375,feedback_only,balanced_contiguous_k4,balanced_contiguous,balanced,4,0.5487418407321983,0.5,0.487418407321983,64,64,32,fresh_iid,pilot16,256,0.31536762125615336
s9314_r2_n750_a375,confirmatory,9314,2,0.75,0.375,feedback_only,balanced_contiguous_k8,balanced_contiguous,balanced,8,1.0487418407321982,1.0,0.487418407321983,64,64,64,fresh_iid,pilot16,256,0.30901209743804475
s9314_r2_n750_a375,confirmatory,9314,2,0.75,0.375,feedback_only,balanced_interleaved_k1,balanced_interleaved,balanced,1,0.19088469787505546,0.125,0.6588469787505544,64,64,8,fresh_iid,pilot16,256,0.5747520721889724
s9314_r2_n750_a375,confirmatory,9314,2,0.75,0.375,feedback_only,balanced_interleaved_k2,balanced_interleaved,balanced,2,0.31588469787505546,0.25,0.6588469787505544,64,64,16,fresh_iid,pilot16,256,0.5073552229889151
s9314_r2_n750_a375,confirmatory,9314,2,0.75,0.375,feedback_only,balanced_interleaved_k4,balanced_interleaved,balanced,4,0.5658846978750555,0.5,0.6588469787505544,64,64,32,fresh_iid,pilot16,256,0.4959543033252898
s9314_r2_n750_a375,confirmatory,9314,2,0.75,0.375,feedback_only,balanced_interleaved_k8,balanced_interleaved,balanced,8,1.0658846978750554,1.0,0.6588469787505544,64,64,64,fresh_iid,pilot16,256,0.30901209743804475
s9314_r2_n750_a375,confirmatory,9314,2,0.75,0.375,feedback_only,balanced_permutation_a_k1,balanced_permutation_a,balanced,1,0.18899250811836066,0.125,0.6399250811836067,64,64,8,fresh_iid,pilot16,256,0.5747520721889724
s9314_r2_n750_a375,confirmatory,9314,2,0.75,0.375,feedback_only,balanced_permutation_a_k2,balanced_permutation_a,balanced,2,0.31399250811836066,0.25,0.6399250811836067,64,64,16,fresh_iid,pilot16,256,0.5649024588646214
s9314_r2_n750_a375,confirmatory,9314,2,0.75,0.375,feedback_only,balanced_permutation_a_k4,balanced_permutation_a,balanced,4,0.5639925081183607,0.5,0.6399250811836067,64,64,32,fresh_iid,pilot16,256,0.34501823226736306
s9314_r2_n750_a375,confirmatory,9314,2,0.75,0.375,feedback_only,balanced_permutation_a_k8,balanced_permutation_a,balanced,8,1.0639925081183608,1.0,0.6399250811836067,64,64,64,fresh_iid,pilot16,256,0.30901209743804475
s9314_r2_n750_a375,confirmatory,9314,2,0.75,0.375,feedback_only,balanced_permutation_b_k1,balanced_permutation_b,balanced,1,0.18840039778945986,0.125,0.6340039778945984,64,64,8,fresh_iid,pilot16,256,0.5747520721889724
s9314_r2_n750_a375,confirmatory,9314,2,0.75,0.375,feedback_only,balanced_permutation_b_k2,balanced_permutation_b,balanced,2,0.31340039778945983,0.25,0.6340039778945984,64,64,16,fresh_iid,pilot16,256,0.4905764684113675
s9314_r2_n750_a375,confirmatory,9314,2,0.75,0.375,feedback_only,balanced_permutation_b_k4,balanced_permutation_b,balanced,4,0.5634003977894598,0.5,0.6340039778945984,64,64,32,fresh_iid,pilot16,256,0.4002043748498555
s9314_r2_n750_a375,confirmatory,9314,2,0.75,0.375,feedback_only,balanced_permutation_b_k8,balanced_permutation_b,balanced,8,1.06340039778946,1.0,0.6340039778945984,64,64,64,fresh_iid,pilot16,256,0.30901209743804475
s9314_r2_n750_a375,confirmatory,9314,2,0.75,0.375,feedback_only,comb_contiguous_k1,comb_contiguous,comb,1,0.225,0.125,1.0,64,64,8,fresh_iid,pilot16,256,0.5747520721889724
s9314_r2_n750_a375,confirmatory,9314,2,0.75,0.375,feedback_only,comb_contiguous_k2,comb_contiguous,comb,2,0.35,0.25,1.0,64,64,16,fresh_iid,pilot16,256,0.5560895842382882
s9314_r2_n750_a375,confirmatory,9314,2,0.75,0.375,feedback_only,comb_contiguous_k4,comb_contiguous,comb,4,0.6,0.5,1.0,64,64,32,fresh_iid,pilot16,256,0.3524717548491505
s9314_r2_n750_a375,confirmatory,9314,2,0.75,0.375,feedback_only,comb_contiguous_k8,comb_contiguous,comb,8,1.1,1.0,1.0,64,64,64,fresh_iid,pilot16,256,0.30901209743804475
s9314_r2_n750_a375,confirmatory,9314,2,0.75,0.375,joint_forward_feedback,balanced_contiguous_k1,balanced_contiguous,balanced,1,0.1737418407321983,0.125,0.487418407321983,64,64,8,fixed_cache,pilot16,256,0.6087800145498461
s9314_r2_n750_a375,confirmatory,9314,2,0.75,0.375,joint_forward_feedback,balanced_contiguous_k2,balanced_contiguous,balanced,2,0.2987418407321983,0.25,0.487418407321983,64,64,16,fixed_cache,pilot16,256,0.4155620905775562
s9314_r2_n750_a375,confirmatory,9314,2,0.75,0.375,joint_forward_feedback,balanced_contiguous_k4,balanced_contiguous,balanced,4,0.5487418407321983,0.5,0.487418407321983,64,64,32,fixed_cache,pilot16,256,0.40417487099630345
s9314_r2_n750_a375,confirmatory,9314,2,0.75,0.375,joint_forward_feedback,balanced_contiguous_k8,balanced_contiguous,balanced,8,1.0487418407321982,1.0,0.487418407321983,64,64,64,fixed_cache,pilot16,256,0.36622045495620353
s9314_r2_n750_a375,confirmatory,9314,2,0.75,0.375,joint_forward_feedback,balanced_interleaved_k1,balanced_interleaved,balanced,1,0.19088469787505546,0.125,0.6588469787505544,64,64,8,fixed_cache,pilot16,256,0.5958542891933813
s9314_r2_n750_a375,confirmatory,9314,2,0.75,0.375,joint_forward_feedback,balanced_interleaved_k2,balanced_interleaved,balanced,2,0.31588469787505546,0.25,0.6588469787505544,64,64,16,fixed_cache,pilot16,256,0.5442781163492587
s9314_r2_n750_a375,confirmatory,9314,2,0.75,0.375,joint_forward_feedback,balanced_interleaved_k4,balanced_interleaved,balanced,4,0.5658846978750555,0.5,0.6588469787505544,64,64,32,fixed_cache,pilot16,256,0.5333534806791399
s9314_r2_n750_a375,confirmatory,9314,2,0.75,0.375,joint_forward_feedback,balanced_interleaved_k8,balanced_interleaved,balanced,8,1.0658846978750554,1.0,0.6588469787505544,64,64,64,fixed_cache,pilot16,256,0.34344562092873465
s9314_r2_n750_a375,confirmatory,9314,2,0.75,0.375,joint_forward_feedback,balanced_permutation_a_k1,balanced_permutation_a,balanced,1,0.18899250811836066,0.125,0.6399250811836067,64,64,8,fixed_cache,pilot16,256,0.5977595143212163
s9314_r2_n750_a375,confirmatory,9314,2,0.75,0.375,joint_forward_feedback,balanced_permutation_a_k2,balanced_permutation_a,balanced,2,0.31399250811836066,0.25,0.6399250811836067,64,64,16,fixed_cache,pilot16,256,0.5851979014611912
s9314_r2_n750_a375,confirmatory,9314,2,0.75,0.375,joint_forward_feedback,balanced_permutation_a_k4,balanced_permutation_a,balanced,4,0.5639925081183607,0.5,0.6399250811836067,64,64,32,fixed_cache,pilot16,256,0.4380808966767824
s9314_r2_n750_a375,confirmatory,9314,2,0.75,0.375,joint_forward_feedback,balanced_permutation_a_k8,balanced_permutation_a,balanced,8,1.0639925081183608,1.0,0.6399250811836067,64,64,64,fixed_cache,pilot16,256,0.34928846141765535
s9314_r2_n750_a375,confirmatory,9314,2,0.75,0.375,joint_forward_feedback,balanced_permutation_b_k1,balanced_permutation_b,balanced,1,0.18840039778945986,0.125,0.6340039778945984,64,64,8,fixed_cache,pilot16,256,0.5982732048393176
s9314_r2_n750_a375,confirmatory,9314,2,0.75,0.375,joint_forward_feedback,balanced_permutation_b_k2,balanced_permutation_b,balanced,2,0.31340039778945983,0.25,0.6340039778945984,64,64,16,fixed_cache,pilot16,256,0.5360632275080028
s9314_r2_n750_a375,confirmatory,9314,2,0.75,0.375,joint_forward_feedback,balanced_permutation_b_k4,balanced_permutation_b,balanced,4,0.5634003977894598,0.5,0.6340039778945984,64,64,32,fixed_cache,pilot16,256,0.47390167176565834
s9314_r2_n750_a375,confirmatory,9314,2,0.75,0.375,joint_forward_feedback,balanced_permutation_b_k8,balanced_permutation_b,balanced,8,1.06340039778946,1.0,0.6340039778945984,64,64,64,fixed_cache,pilot16,256,0.3464374702381631
s9314_r2_n750_a375,confirmatory,9314,2,0.75,0.375,joint_forward_feedback,comb_contiguous_k1,comb_contiguous,comb,1,0.225,0.125,1.0,64,64,8,fixed_cache,pilot16,256,0.5894168282575869
s9314_r2_n750_a375,confirmatory,9314,2,0.75,0.375,joint_forward_feedback,comb_contiguous_k2,comb_contiguous,comb,2,0.35,0.25,1.0,64,64,16,fixed_cache,pilot16,256,0.5668703733663439
s9314_r2_n750_a375,confirmatory,9314,2,0.75,0.375,joint_forward_feedback,comb_contiguous_k4,comb_contiguous,comb,4,0.6,0.5,1.0,64,64,32,fixed_cache,pilot16,256,0.41739411858788744
s9314_r2_n750_a375,confirmatory,9314,2,0.75,0.375,joint_forward_feedback,comb_contiguous_k8,comb_contiguous,comb,8,1.1,1.0,1.0,64,64,64,fixed_cache,pilot16,256,0.3259197405193579
s9314_r2_n750_a375,confirmatory,9314,2,0.75,0.375,joint_forward_feedback,balanced_contiguous_k1,balanced_contiguous,balanced,1,0.1737418407321983,0.125,0.487418407321983,64,64,8,fresh_iid,pilot16,256,0.6065247317673256
s9314_r2_n750_a375,confirmatory,9314,2,0.75,0.375,joint_forward_feedback,balanced_contiguous_k2,balanced_contiguous,balanced,2,0.2987418407321983,0.25,0.487418407321983,64,64,16,fresh_iid,pilot16,256,0.38520557968645136
s9314_r2_n750_a375,confirmatory,9314,2,0.75,0.375,joint_forward_feedback,balanced_contiguous_k4,balanced_contiguous,balanced,4,0.5487418407321983,0.5,0.487418407321983,64,64,32,fresh_iid,pilot16,256,0.3754080908083126
s9314_r2_n750_a375,confirmatory,9314,2,0.75,0.375,joint_forward_feedback,balanced_contiguous_k8,balanced_contiguous,balanced,8,1.0487418407321982,1.0,0.487418407321983,64,64,64,fresh_iid,pilot16,256,0.3431518017808188
s9314_r2_n750_a375,confirmatory,9314,2,0.75,0.375,joint_forward_feedback,balanced_interleaved_k1,balanced_interleaved,balanced,1,0.19088469787505546,0.125,0.6588469787505544,64,64,8,fresh_iid,pilot16,256,0.5951462905738183
s9314_r2_n750_a375,confirmatory,9314,2,0.75,0.375,joint_forward_feedback,balanced_interleaved_k2,balanced_interleaved,balanced,2,0.31588469787505546,0.25,0.6588469787505544,64,64,16,fresh_iid,pilot16,256,0.5362498051220926
s9314_r2_n750_a375,confirmatory,9314,2,0.75,0.375,joint_forward_feedback,balanced_interleaved_k4,balanced_interleaved,balanced,4,0.5658846978750555,0.5,0.6588469787505544,64,64,32,fresh_iid,pilot16,256,0.5256824798160931
s9314_r2_n750_a375,confirmatory,9314,2,0.75,0.375,joint_forward_feedback,balanced_interleaved_k8,balanced_interleaved,balanced,8,1.0658846978750554,1.0,0.6588469787505544,64,64,64,fresh_iid,pilot16,256,0.32543196390303497
s9314_r2_n750_a375,confirmatory,9314,2,0.75,0.375,joint_forward_feedback,balanced_permutation_a_k1,balanced_permutation_a,balanced,1,0.18899250811836066,0.125,0.6399250811836067,64,64,8,fresh_iid,pilot16,256,0.5959990443654036
s9314_r2_n750_a375,confirmatory,9314,2,0.75,0.375,joint_forward_feedback,balanced_permutation_a_k2,balanced_permutation_a,balanced,2,0.31399250811836066,0.25,0.6399250811836067,64,64,16,fresh_iid,pilot16,256,0.5847087874034029
s9314_r2_n750_a375,confirmatory,9314,2,0.75,0.375,joint_forward_feedback,balanced_permutation_a_k4,balanced_permutation_a,balanced,4,0.5639925081183607,0.5,0.6399250811836067,64,64,32,fresh_iid,pilot16,256,0.4110264189769125
s9314_r2_n750_a375,confirmatory,9314,2,0.75,0.375,joint_forward_feedback,balanced_permutation_a_k8,balanced_permutation_a,balanced,8,1.0639925081183608,1.0,0.6399250811836067,64,64,64,fresh_iid,pilot16,256,0.3298463948436872
s9314_r2_n750_a375,confirmatory,9314,2,0.75,0.375,joint_forward_feedback,balanced_permutation_b_k1,balanced_permutation_b,balanced,1,0.18840039778945986,0.125,0.6340039778945984,64,64,8,fresh_iid,pilot16,256,0.5967998523122862
s9314_r2_n750_a375,confirmatory,9314,2,0.75,0.375,joint_forward_feedback,balanced_permutation_b_k2,balanced_permutation_b,balanced,2,0.31340039778945983,0.25,0.6340039778945984,64,64,16,fresh_iid,pilot16,256,0.5245099125562984
s9314_r2_n750_a375,confirmatory,9314,2,0.75,0.375,joint_forward_feedback,balanced_permutation_b_k4,balanced_permutation_b,balanced,4,0.5634003977894598,0.5,0.6340039778945984,64,64,32,fresh_iid,pilot16,256,0.45206274556650405
s9314_r2_n750_a375,confirmatory,9314,2,0.75,0.375,joint_forward_feedback,balanced_permutation_b_k8,balanced_permutation_b,balanced,8,1.06340039778946,1.0,0.6340039778945984,64,64,64,fresh_iid,pilot16,256,0.32746725935452176
s9314_r2_n750_a375,confirmatory,9314,2,0.75,0.375,joint_forward_feedback,comb_contiguous_k1,comb_contiguous,comb,1,0.225,0.125,1.0,64,64,8,fresh_iid,pilot16,256,0.5912922081423819
s9314_r2_n750_a375,confirmatory,9314,2,0.75,0.375,joint_forward_feedback,comb_contiguous_k2,comb_contiguous,comb,2,0.35,0.25,1.0,64,64,16,fresh_iid,pilot16,256,0.5642109717717876
s9314_r2_n750_a375,confirmatory,9314,2,0.75,0.375,joint_forward_feedback,comb_contiguous_k4,comb_contiguous,comb,4,0.6,0.5,1.0,64,64,32,fresh_iid,pilot16,256,0.39004921227824096
s9314_r2_n750_a375,confirmatory,9314,2,0.75,0.375,joint_forward_feedback,comb_contiguous_k8,comb_contiguous,comb,8,1.1,1.0,1.0,64,64,64,fresh_iid,pilot16,256,0.31442431566058615
s9314_r4_n000_a125,confirmatory,9314,4,0.0,0.125,feedback_only,balanced_contiguous_k1,balanced_contiguous,balanced,1,0.1737418407321983,0.125,0.487418407321983,64,64,8,fixed_cache,pilot16,256,0.4238435393403218
s9314_r4_n000_a125,confirmatory,9314,4,0.0,0.125,feedback_only,balanced_contiguous_k2,balanced_contiguous,balanced,2,0.2987418407321983,0.25,0.487418407321983,64,64,16,fixed_cache,pilot16,256,0.2961091112842651
s9314_r4_n000_a125,confirmatory,9314,4,0.0,0.125,feedback_only,balanced_contiguous_k4,balanced_contiguous,balanced,4,0.5487418407321983,0.5,0.487418407321983,64,64,32,fixed_cache,pilot16,256,0.05923173869104682
s9314_r4_n000_a125,confirmatory,9314,4,0.0,0.125,feedback_only,balanced_contiguous_k8,balanced_contiguous,balanced,8,1.0487418407321982,1.0,0.487418407321983,64,64,64,fixed_cache,pilot16,256,0.05141875864691402
s9314_r4_n000_a125,confirmatory,9314,4,0.0,0.125,feedback_only,balanced_interleaved_k1,balanced_interleaved,balanced,1,0.19088469787505546,0.125,0.6588469787505544,64,64,8,fixed_cache,pilot16,256,0.4238435393403218
s9314_r4_n000_a125,confirmatory,9314,4,0.0,0.125,feedback_only,balanced_interleaved_k2,balanced_interleaved,balanced,2,0.31588469787505546,0.25,0.6588469787505544,64,64,16,fixed_cache,pilot16,256,0.39358995655746565
s9314_r4_n000_a125,confirmatory,9314,4,0.0,0.125,feedback_only,balanced_interleaved_k4,balanced_interleaved,balanced,4,0.5658846978750555,0.5,0.6588469787505544,64,64,32,fixed_cache,pilot16,256,0.2846871076636751
s9314_r4_n000_a125,confirmatory,9314,4,0.0,0.125,feedback_only,balanced_interleaved_k8,balanced_interleaved,balanced,8,1.0658846978750554,1.0,0.6588469787505544,64,64,64,fixed_cache,pilot16,256,0.05141875864691402
s9314_r4_n000_a125,confirmatory,9314,4,0.0,0.125,feedback_only,balanced_permutation_a_k1,balanced_permutation_a,balanced,1,0.18899250811836066,0.125,0.6399250811836067,64,64,8,fixed_cache,pilot16,256,0.4238435393403218
s9314_r4_n000_a125,confirmatory,9314,4,0.0,0.125,feedback_only,balanced_permutation_a_k2,balanced_permutation_a,balanced,2,0.31399250811836066,0.25,0.6399250811836067,64,64,16,fixed_cache,pilot16,256,0.40807476277217536
s9314_r4_n000_a125,confirmatory,9314,4,0.0,0.125,feedback_only,balanced_permutation_a_k4,balanced_permutation_a,balanced,4,0.5639925081183607,0.5,0.6399250811836067,64,64,32,fixed_cache,pilot16,256,0.2558637942735138
s9314_r4_n000_a125,confirmatory,9314,4,0.0,0.125,feedback_only,balanced_permutation_a_k8,balanced_permutation_a,balanced,8,1.0639925081183608,1.0,0.6399250811836067,64,64,64,fixed_cache,pilot16,256,0.05141875864691402
s9314_r4_n000_a125,confirmatory,9314,4,0.0,0.125,feedback_only,balanced_permutation_b_k1,balanced_permutation_b,balanced,1,0.18840039778945986,0.125,0.6340039778945984,64,64,8,fixed_cache,pilot16,256,0.4238435393403218
s9314_r4_n000_a125,confirmatory,9314,4,0.0,0.125,feedback_only,balanced_permutation_b_k2,balanced_permutation_b,balanced,2,0.31340039778945983,0.25,0.6340039778945984,64,64,16,fixed_cache,pilot16,256,0.40111157991914914
s9314_r4_n000_a125,confirmatory,9314,4,0.0,0.125,feedback_only,balanced_permutation_b_k4,balanced_permutation_b,balanced,4,0.5634003977894598,0.5,0.6340039778945984,64,64,32,fixed_cache,pilot16,256,0.19443811880620093
s9314_r4_n000_a125,confirmatory,9314,4,0.0,0.125,feedback_only,balanced_permutation_b_k8,balanced_permutation_b,balanced,8,1.06340039778946,1.0,0.6340039778945984,64,64,64,fixed_cache,pilot16,256,0.05141875864691402
s9314_r4_n000_a125,confirmatory,9314,4,0.0,0.125,feedback_only,comb_contiguous_k1,comb_contiguous,comb,1,0.225,0.125,1.0,64,64,8,fixed_cache,pilot16,256,0.4238435393403218
s9314_r4_n000_a125,confirmatory,9314,4,0.0,0.125,feedback_only,comb_contiguous_k2,comb_contiguous,comb,2,0.35,0.25,1.0,64,64,16,fixed_cache,pilot16,256,0.35955126333143617
s9314_r4_n000_a125,confirmatory,9314,4,0.0,0.125,feedback_only,comb_contiguous_k4,comb_contiguous,comb,4,0.6,0.5,1.0,64,64,32,fixed_cache,pilot16,256,0.23757638783925705
s9314_r4_n000_a125,confirmatory,9314,4,0.0,0.125,feedback_only,comb_contiguous_k8,comb_contiguous,comb,8,1.1,1.0,1.0,64,64,64,fixed_cache,pilot16,256,0.05141875864691402
s9314_r4_n000_a125,confirmatory,9314,4,0.0,0.125,feedback_only,balanced_contiguous_k1,balanced_contiguous,balanced,1,0.1737418407321983,0.125,0.487418407321983,64,64,8,fresh_iid,pilot16,256,0.41003991038551385
s9314_r4_n000_a125,confirmatory,9314,4,0.0,0.125,feedback_only,balanced_contiguous_k2,balanced_contiguous,balanced,2,0.2987418407321983,0.25,0.487418407321983,64,64,16,fresh_iid,pilot16,256,0.2786972904187185
s9314_r4_n000_a125,confirmatory,9314,4,0.0,0.125,feedback_only,balanced_contiguous_k4,balanced_contiguous,balanced,4,0.5487418407321983,0.5,0.487418407321983,64,64,32,fresh_iid,pilot16,256,0.035928858876723674
s9314_r4_n000_a125,confirmatory,9314,4,0.0,0.125,feedback_only,balanced_contiguous_k8,balanced_contiguous,balanced,8,1.0487418407321982,1.0,0.487418407321983,64,64,64,fresh_iid,pilot16,256,0.03020673396525578
s9314_r4_n000_a125,confirmatory,9314,4,0.0,0.125,feedback_only,balanced_interleaved_k1,balanced_interleaved,balanced,1,0.19088469787505546,0.125,0.6588469787505544,64,64,8,fresh_iid,pilot16,256,0.41003991038551385
s9314_r4_n000_a125,confirmatory,9314,4,0.0,0.125,feedback_only,balanced_interleaved_k2,balanced_interleaved,balanced,2,0.31588469787505546,0.25,0.6588469787505544,64,64,16,fresh_iid,pilot16,256,0.37795094256999684
s9314_r4_n000_a125,confirmatory,9314,4,0.0,0.125,feedback_only,balanced_interleaved_k4,balanced_interleaved,balanced,4,0.5658846978750555,0.5,0.6588469787505544,64,64,32,fresh_iid,pilot16,256,0.2612783865369692
s9314_r4_n000_a125,confirmatory,9314,4,0.0,0.125,feedback_only,balanced_interleaved_k8,balanced_interleaved,balanced,8,1.0658846978750554,1.0,0.6588469787505544,64,64,64,fresh_iid,pilot16,256,0.03020673396525578
s9314_r4_n000_a125,confirmatory,9314,4,0.0,0.125,feedback_only,balanced_permutation_a_k1,balanced_permutation_a,balanced,1,0.18899250811836066,0.125,0.6399250811836067,64,64,8,fresh_iid,pilot16,256,0.41003991038551385
s9314_r4_n000_a125,confirmatory,9314,4,0.0,0.125,feedback_only,balanced_permutation_a_k2,balanced_permutation_a,balanced,2,0.31399250811836066,0.25,0.6399250811836067,64,64,16,fresh_iid,pilot16,256,0.3916357003434505
s9314_r4_n000_a125,confirmatory,9314,4,0.0,0.125,feedback_only,balanced_permutation_a_k4,balanced_permutation_a,balanced,4,0.5639925081183607,0.5,0.6399250811836067,64,64,32,fresh_iid,pilot16,256,0.23333937155136747
s9314_r4_n000_a125,confirmatory,9314,4,0.0,0.125,feedback_only,balanced_permutation_a_k8,balanced_permutation_a,balanced,8,1.0639925081183608,1.0,0.6399250811836067,64,64,64,fresh_iid,pilot16,256,0.03020673396525578
s9314_r4_n000_a125,confirmatory,9314,4,0.0,0.125,feedback_only,balanced_permutation_b_k1,balanced_permutation_b,balanced,1,0.18840039778945986,0.125,0.6340039778945984,64,64,8,fresh_iid,pilot16,256,0.41003991038551385
s9314_r4_n000_a125,confirmatory,9314,4,0.0,0.125,feedback_only,balanced_permutation_b_k2,balanced_permutation_b,balanced,2,0.31340039778945983,0.25,0.6340039778945984,64,64,16,fresh_iid,pilot16,256,0.38429114451004864
s9314_r4_n000_a125,confirmatory,9314,4,0.0,0.125,feedback_only,balanced_permutation_b_k4,balanced_permutation_b,balanced,4,0.5634003977894598,0.5,0.6340039778945984,64,64,32,fresh_iid,pilot16,256,0.17002166580262884
s9314_r4_n000_a125,confirmatory,9314,4,0.0,0.125,feedback_only,balanced_permutation_b_k8,balanced_permutation_b,balanced,8,1.06340039778946,1.0,0.6340039778945984,64,64,64,fresh_iid,pilot16,256,0.03020673396525578
s9314_r4_n000_a125,confirmatory,9314,4,0.0,0.125,feedback_only,comb_contiguous_k1,comb_contiguous,comb,1,0.225,0.125,1.0,64,64,8,fresh_iid,pilot16,256,0.41003991038551385
s9314_r4_n000_a125,confirmatory,9314,4,0.0,0.125,feedback_only,comb_contiguous_k2,comb_contiguous,comb,2,0.35,0.25,1.0,64,64,16,fresh_iid,pilot16,256,0.3389471870274585
s9314_r4_n000_a125,confirmatory,9314,4,0.0,0.125,feedback_only,comb_contiguous_k4,comb_contiguous,comb,4,0.6,0.5,1.0,64,64,32,fresh_iid,pilot16,256,0.2134819429734724
s9314_r4_n000_a125,confirmatory,9314,4,0.0,0.125,feedback_only,comb_contiguous_k8,comb_contiguous,comb,8,1.1,1.0,1.0,64,64,64,fresh_iid,pilot16,256,0.03020673396525578
s9314_r4_n000_a125,confirmatory,9314,4,0.0,0.125,joint_forward_feedback,balanced_contiguous_k1,balanced_contiguous,balanced,1,0.1737418407321983,0.125,0.487418407321983,64,64,8,fixed_cache,pilot16,256,0.4525302339261409
s9314_r4_n000_a125,confirmatory,9314,4,0.0,0.125,joint_forward_feedback,balanced_contiguous_k2,balanced_contiguous,balanced,2,0.2987418407321983,0.25,0.487418407321983,64,64,16,fixed_cache,pilot16,256,0.3564481255581422
s9314_r4_n000_a125,confirmatory,9314,4,0.0,0.125,joint_forward_feedback,balanced_contiguous_k4,balanced_contiguous,balanced,4,0.5487418407321983,0.5,0.487418407321983,64,64,32,fixed_cache,pilot16,256,0.1778060111331186
s9314_r4_n000_a125,confirmatory,9314,4,0.0,0.125,joint_forward_feedback,balanced_contiguous_k8,balanced_contiguous,balanced,8,1.0487418407321982,1.0,0.487418407321983,64,64,64,fixed_cache,pilot16,256,0.1706014714609228
s9314_r4_n000_a125,confirmatory,9314,4,0.0,0.125,joint_forward_feedback,balanced_interleaved_k1,balanced_interleaved,balanced,1,0.19088469787505546,0.125,0.6588469787505544,64,64,8,fixed_cache,pilot16,256,0.44441539548146136
s9314_r4_n000_a125,confirmatory,9314,4,0.0,0.125,joint_forward_feedback,balanced_interleaved_k2,balanced_interleaved,balanced,2,0.31588469787505546,0.25,0.6588469787505544,64,64,16,fixed_cache,pilot16,256,0.424883707889278
s9314_r4_n000_a125,confirmatory,9314,4,0.0,0.125,joint_forward_feedback,balanced_interleaved_k4,balanced_interleaved,balanced,4,0.5658846978750555,0.5,0.6588469787505544,64,64,32,fixed_cache,pilot16,256,0.3332542509715093
s9314_r4_n000_a125,confirmatory,9314,4,0.0,0.125,joint_forward_feedback,balanced_interleaved_k8,balanced_interleaved,balanced,8,1.0658846978750554,1.0,0.6588469787505544,64,64,64,fixed_cache,pilot16,256,0.15341363807328534
s9314_r4_n000_a125,confirmatory,9314,4,0.0,0.125,joint_forward_feedback,balanced_permutation_a_k1,balanced_permutation_a,balanced,1,0.18899250811836066,0.125,0.6399250811836067,64,64,8,fixed_cache,pilot16,256,0.44552331411942214
s9314_r4_n000_a125,confirmatory,9314,4,0.0,0.125,joint_forward_feedback,balanced_permutation_a_k2,balanced_permutation_a,balanced,2,0.31399250811836066,0.25,0.6399250811836067,64,64,16,fixed_cache,pilot16,256,0.4366092072107591
s9314_r4_n000_a125,confirmatory,9314,4,0.0,0.125,joint_forward_feedback,balanced_permutation_a_k4,balanced_permutation_a,balanced,4,0.5639925081183607,0.5,0.6399250811836067,64,64,32,fixed_cache,pilot16,256,0.3278398745465968
s9314_r4_n000_a125,confirmatory,9314,4,0.0,0.125,joint_forward_feedback,balanced_permutation_a_k8,balanced_permutation_a,balanced,8,1.0639925081183608,1.0,0.6399250811836067,64,64,64,fixed_cache,pilot16,256,0.16685968914137267
s9314_r4_n000_a125,confirmatory,9314,4,0.0,0.125,joint_forward_feedback,balanced_permutation_b_k1,balanced_permutation_b,balanced,1,0.18840039778945986,0.125,0.6340039778945984,64,64,8,fixed_cache,pilot16,256,0.44536652847799213
s9314_r4_n000_a125,confirmatory,9314,4,0.0,0.125,joint_forward_feedback,balanced_permutation_b_k2,balanced_permutation_b,balanced,2,0.31340039778945983,0.25,0.6340039778945984,64,64,16,fixed_cache,pilot16,256,0.4329105453803729
s9314_r4_n000_a125,confirmatory,9314,4,0.0,0.125,joint_forward_feedback,balanced_permutation_b_k4,balanced_permutation_b,balanced,4,0.5634003977894598,0.5,0.6340039778945984,64,64,32,fixed_cache,pilot16,256,0.27126050893890674
s9314_r4_n000_a125,confirmatory,9314,4,0.0,0.125,joint_forward_feedback,balanced_permutation_b_k8,balanced_permutation_b,balanced,8,1.06340039778946,1.0,0.6340039778945984,64,64,64,fixed_cache,pilot16,256,0.1561021197331006
s9314_r4_n000_a125,confirmatory,9314,4,0.0,0.125,joint_forward_feedback,comb_contiguous_k1,comb_contiguous,comb,1,0.225,0.125,1.0,64,64,8,fixed_cache,pilot16,256,0.44149051380180515
s9314_r4_n000_a125,confirmatory,9314,4,0.0,0.125,joint_forward_feedback,comb_contiguous_k2,comb_contiguous,comb,2,0.35,0.25,1.0,64,64,16,fixed_cache,pilot16,256,0.38784580223782494
s9314_r4_n000_a125,confirmatory,9314,4,0.0,0.125,joint_forward_feedback,comb_contiguous_k4,comb_contiguous,comb,4,0.6,0.5,1.0,64,64,32,fixed_cache,pilot16,256,0.2844488810345732
s9314_r4_n000_a125,confirmatory,9314,4,0.0,0.125,joint_forward_feedback,comb_contiguous_k8,comb_contiguous,comb,8,1.1,1.0,1.0,64,64,64,fixed_cache,pilot16,256,0.1248147505521321
s9314_r4_n000_a125,confirmatory,9314,4,0.0,0.125,joint_forward_feedback,balanced_contiguous_k1,balanced_contiguous,balanced,1,0.1737418407321983,0.125,0.487418407321983,64,64,8,fresh_iid,pilot16,256,0.4350937736491344
s9314_r4_n000_a125,confirmatory,9314,4,0.0,0.125,joint_forward_feedback,balanced_contiguous_k2,balanced_contiguous,balanced,2,0.2987418407321983,0.25,0.487418407321983,64,64,16,fresh_iid,pilot16,256,0.32909163479348
s9314_r4_n000_a125,confirmatory,9314,4,0.0,0.125,joint_forward_feedback,balanced_contiguous_k4,balanced_contiguous,balanced,4,0.5487418407321983,0.5,0.487418407321983,64,64,32,fresh_iid,pilot16,256,0.13987408093555143
s9314_r4_n000_a125,confirmatory,9314,4,0.0,0.125,joint_forward_feedback,balanced_contiguous_k8,balanced_contiguous,balanced,8,1.0487418407321982,1.0,0.487418407321983,64,64,64,fresh_iid,pilot16,256,0.1329951667603518
s9314_r4_n000_a125,confirmatory,9314,4,0.0,0.125,joint_forward_feedback,balanced_interleaved_k1,balanced_interleaved,balanced,1,0.19088469787505546,0.125,0.6588469787505544,64,64,8,fresh_iid,pilot16,256,0.42727137331478793
s9314_r4_n000_a125,confirmatory,9314,4,0.0,0.125,joint_forward_feedback,balanced_interleaved_k2,balanced_interleaved,balanced,2,0.31588469787505546,0.25,0.6588469787505544,64,64,16,fresh_iid,pilot16,256,0.4063606328881305
s9314_r4_n000_a125,confirmatory,9314,4,0.0,0.125,joint_forward_feedback,balanced_interleaved_k4,balanced_interleaved,balanced,4,0.5658846978750555,0.5,0.6588469787505544,64,64,32,fresh_iid,pilot16,256,0.3054027931420098
s9314_r4_n000_a125,confirmatory,9314,4,0.0,0.125,joint_forward_feedback,balanced_interleaved_k8,balanced_interleaved,balanced,8,1.0658846978750554,1.0,0.6588469787505544,64,64,64,fresh_iid,pilot16,256,0.11778920324297265
s9314_r4_n000_a125,confirmatory,9314,4,0.0,0.125,joint_forward_feedback,balanced_permutation_a_k1,balanced_permutation_a,balanced,1,0.18899250811836066,0.125,0.6399250811836067,64,64,8,fresh_iid,pilot16,256,0.42859779514315255
s9314_r4_n000_a125,confirmatory,9314,4,0.0,0.125,joint_forward_feedback,balanced_permutation_a_k2,balanced_permutation_a,balanced,2,0.31399250811836066,0.25,0.6399250811836067,64,64,16,fresh_iid,pilot16,256,0.41825078502622115
s9314_r4_n000_a125,confirmatory,9314,4,0.0,0.125,joint_forward_feedback,balanced_permutation_a_k4,balanced_permutation_a,balanced,4,0.5639925081183607,0.5,0.6399250811836067,64,64,32,fresh_iid,pilot16,256,0.3013274827706379
s9314_r4_n000_a125,confirmatory,9314,4,0.0,0.125,joint_forward_feedback,balanced_permutation_a_k8,balanced_permutation_a,balanced,8,1.0639925081183608,1.0,0.6399250811836067,64,64,64,fresh_iid,pilot16,256,0.12944507852115528
s9314_r4_n000_a125,confirmatory,9314,4,0.0,0.125,joint_forward_feedback,balanced_permutation_b_k1,balanced_permutation_b,balanced,1,0.18840039778945986,0.125,0.6340039778945984,64,64,8,fresh_iid,pilot16,256,0.4284081274612894
s9314_r4_n000_a125,confirmatory,9314,4,0.0,0.125,joint_forward_feedback,balanced_permutation_b_k2,balanced_permutation_b,balanced,2,0.31340039778945983,0.25,0.6340039778945984,64,64,16,fresh_iid,pilot16,256,0.4137377315870879
s9314_r4_n000_a125,confirmatory,9314,4,0.0,0.125,joint_forward_feedback,balanced_permutation_b_k4,balanced_permutation_b,balanced,4,0.5634003977894598,0.5,0.6340039778945984,64,64,32,fresh_iid,pilot16,256,0.2420656536204358
s9314_r4_n000_a125,confirmatory,9314,4,0.0,0.125,joint_forward_feedback,balanced_permutation_b_k8,balanced_permutation_b,balanced,8,1.06340039778946,1.0,0.6340039778945984,64,64,64,fresh_iid,pilot16,256,0.11918431565047716
s9314_r4_n000_a125,confirmatory,9314,4,0.0,0.125,joint_forward_feedback,comb_contiguous_k1,comb_contiguous,comb,1,0.225,0.125,1.0,64,64,8,fresh_iid,pilot16,256,0.4242831511848453
s9314_r4_n000_a125,confirmatory,9314,4,0.0,0.125,joint_forward_feedback,comb_contiguous_k2,comb_contiguous,comb,2,0.35,0.25,1.0,64,64,16,fresh_iid,pilot16,256,0.364932920662148
s9314_r4_n000_a125,confirmatory,9314,4,0.0,0.125,joint_forward_feedback,comb_contiguous_k4,comb_contiguous,comb,4,0.6,0.5,1.0,64,64,32,fresh_iid,pilot16,256,0.2558864029125658
s9314_r4_n000_a125,confirmatory,9314,4,0.0,0.125,joint_forward_feedback,comb_contiguous_k8,comb_contiguous,comb,8,1.1,1.0,1.0,64,64,64,fresh_iid,pilot16,256,0.09269141390144287
s9314_r4_n000_a375,confirmatory,9314,4,0.0,0.375,feedback_only,balanced_contiguous_k1,balanced_contiguous,balanced,1,0.1737418407321983,0.125,0.487418407321983,64,64,8,fixed_cache,pilot16,256,0.43434309160683515
s9314_r4_n000_a375,confirmatory,9314,4,0.0,0.375,feedback_only,balanced_contiguous_k2,balanced_contiguous,balanced,2,0.2987418407321983,0.25,0.487418407321983,64,64,16,fixed_cache,pilot16,256,0.3303990710906581
s9314_r4_n000_a375,confirmatory,9314,4,0.0,0.375,feedback_only,balanced_contiguous_k4,balanced_contiguous,balanced,4,0.5487418407321983,0.5,0.487418407321983,64,64,32,fixed_cache,pilot16,256,0.13266785070541193
s9314_r4_n000_a375,confirmatory,9314,4,0.0,0.375,feedback_only,balanced_contiguous_k8,balanced_contiguous,balanced,8,1.0487418407321982,1.0,0.487418407321983,64,64,64,fixed_cache,pilot16,256,0.04839159983936282
s9314_r4_n000_a375,confirmatory,9314,4,0.0,0.375,feedback_only,balanced_interleaved_k1,balanced_interleaved,balanced,1,0.19088469787505546,0.125,0.6588469787505544,64,64,8,fixed_cache,pilot16,256,0.43434309160683515
s9314_r4_n000_a375,confirmatory,9314,4,0.0,0.375,feedback_only,balanced_interleaved_k2,balanced_interleaved,balanced,2,0.31588469787505546,0.25,0.6588469787505544,64,64,16,fixed_cache,pilot16,256,0.3278828762917492
s9314_r4_n000_a375,confirmatory,9314,4,0.0,0.375,feedback_only,balanced_interleaved_k4,balanced_interleaved,balanced,4,0.5658846978750555,0.5,0.6588469787505544,64,64,32,fixed_cache,pilot16,256,0.2449098631057363
s9314_r4_n000_a375,confirmatory,9314,4,0.0,0.375,feedback_only,balanced_interleaved_k8,balanced_interleaved,balanced,8,1.0658846978750554,1.0,0.6588469787505544,64,64,64,fixed_cache,pilot16,256,0.04839159983936282
s9314_r4_n000_a375,confirmatory,9314,4,0.0,0.375,feedback_only,balanced_permutation_a_k1,balanced_permutation_a,balanced,1,0.18899250811836066,0.125,0.6399250811836067,64,64,8,fixed_cache,pilot16,256,0.43434309160683515
s9314_r4_n000_a375,confirmatory,9314,4,0.0,0.375,feedback_only,balanced_permutation_a_k2,balanced_permutation_a,balanced,2,0.31399250811836066,0.25,0.6399250811836067,64,64,16,fixed_cache,pilot16,256,0.35994864021569595
s9314_r4_n000_a375,confirmatory,9314,4,0.0,0.375,feedback_only,balanced_permutation_a_k4,balanced_permutation_a,balanced,4,0.5639925081183607,0.5,0.6399250811836067,64,64,32,fixed_cache,pilot16,256,0.2018276679393269
s9314_r4_n000_a375,confirmatory,9314,4,0.0,0.375,feedback_only,balanced_permutation_a_k8,balanced_permutation_a,balanced,8,1.0639925081183608,1.0,0.6399250811836067,64,64,64,fixed_cache,pilot16,256,0.04839159983936282
s9314_r4_n000_a375,confirmatory,9314,4,0.0,0.375,feedback_only,balanced_permutation_b_k1,balanced_permutation_b,balanced,1,0.18840039778945986,0.125,0.6340039778945984,64,64,8,fixed_cache,pilot16,256,0.43434309160683515
s9314_r4_n000_a375,confirmatory,9314,4,0.0,0.375,feedback_only,balanced_permutation_b_k2,balanced_permutation_b,balanced,2,0.31340039778945983,0.25,0.6340039778945984,64,64,16,fixed_cache,pilot16,256,0.3575529098294666
s9314_r4_n000_a375,confirmatory,9314,4,0.0,0.375,feedback_only,balanced_permutation_b_k4,balanced_permutation_b,balanced,4,0.5634003977894598,0.5,0.6340039778945984,64,64,32,fixed_cache,pilot16,256,0.15568892115692762
s9314_r4_n000_a375,confirmatory,9314,4,0.0,0.375,feedback_only,balanced_permutation_b_k8,balanced_permutation_b,balanced,8,1.06340039778946,1.0,0.6340039778945984,64,64,64,fixed_cache,pilot16,256,0.04839159983936282
s9314_r4_n000_a375,confirmatory,9314,4,0.0,0.375,feedback_only,comb_contiguous_k1,comb_contiguous,comb,1,0.225,0.125,1.0,64,64,8,fixed_cache,pilot16,256,0.43434309160683515
s9314_r4_n000_a375,confirmatory,9314,4,0.0,0.375,feedback_only,comb_contiguous_k2,comb_contiguous,comb,2,0.35,0.25,1.0,64,64,16,fixed_cache,pilot16,256,0.40341084108475384
s9314_r4_n000_a375,confirmatory,9314,4,0.0,0.375,feedback_only,comb_contiguous_k4,comb_contiguous,comb,4,0.6,0.5,1.0,64,64,32,fixed_cache,pilot16,256,0.21717491944113615
s9314_r4_n000_a375,confirmatory,9314,4,0.0,0.375,feedback_only,comb_contiguous_k8,comb_contiguous,comb,8,1.1,1.0,1.0,64,64,64,fixed_cache,pilot16,256,0.04839159983936282
s9314_r4_n000_a375,confirmatory,9314,4,0.0,0.375,feedback_only,balanced_contiguous_k1,balanced_contiguous,balanced,1,0.1737418407321983,0.125,0.487418407321983,64,64,8,fresh_iid,pilot16,256,0.4093699175958602
s9314_r4_n000_a375,confirmatory,9314,4,0.0,0.375,feedback_only,balanced_contiguous_k2,balanced_contiguous,balanced,2,0.2987418407321983,0.25,0.487418407321983,64,64,16,fresh_iid,pilot16,256,0.2997587328585746
s9314_r4_n000_a375,confirmatory,9314,4,0.0,0.375,feedback_only,balanced_contiguous_k4,balanced_contiguous,balanced,4,0.5487418407321983,0.5,0.487418407321983,64,64,32,fresh_iid,pilot16,256,0.10217051742661874
s9314_r4_n000_a375,confirmatory,9314,4,0.0,0.375,feedback_only,balanced_contiguous_k8,balanced_contiguous,balanced,8,1.0487418407321982,1.0,0.487418407321983,64,64,64,fresh_iid,pilot16,256,0.02690360034027768
s9314_r4_n000_a375,confirmatory,9314,4,0.0,0.375,feedback_only,balanced_interleaved_k1,balanced_interleaved,balanced,1,0.19088469787505546,0.125,0.6588469787505544,64,64,8,fresh_iid,pilot16,256,0.4093699175958602
s9314_r4_n000_a375,confirmatory,9314,4,0.0,0.375,feedback_only,balanced_interleaved_k2,balanced_interleaved,balanced,2,0.31588469787505546,0.25,0.6588469787505544,64,64,16,fresh_iid,pilot16,256,0.2988912935505871
s9314_r4_n000_a375,confirmatory,9314,4,0.0,0.375,feedback_only,balanced_interleaved_k4,balanced_interleaved,balanced,4,0.5658846978750555,0.5,0.6588469787505544,64,64,32,fresh_iid,pilot16,256,0.22401744174083904
s9314_r4_n000_a375,confirmatory,9314,4,0.0,0.375,feedback_only,balanced_interleaved_k8,balanced_interleaved,balanced,8,1.0658846978750554,1.0,0.6588469787505544,64,64,64,fresh_iid,pilot16,256,0.02690360034027768
s9314_r4_n000_a375,confirmatory,9314,4,0.0,0.375,feedback_only,balanced_permutation_a_k1,balanced_permutation_a,balanced,1,0.18899250811836066,0.125,0.6399250811836067,64,64,8,fresh_iid,pilot16,256,0.4093699175958602
s9314_r4_n000_a375,confirmatory,9314,4,0.0,0.375,feedback_only,balanced_permutation_a_k2,balanced_permutation_a,balanced,2,0.31399250811836066,0.25,0.6399250811836067,64,64,16,fresh_iid,pilot16,256,0.337467073725914
s9314_r4_n000_a375,confirmatory,9314,4,0.0,0.375,feedback_only,balanced_permutation_a_k4,balanced_permutation_a,balanced,4,0.5639925081183607,0.5,0.6399250811836067,64,64,32,fresh_iid,pilot16,256,0.17009339547273242
s9314_r4_n000_a375,confirmatory,9314,4,0.0,0.375,feedback_only,balanced_permutation_a_k8,balanced_permutation_a,balanced,8,1.0639925081183608,1.0,0.6399250811836067,64,64,64,fresh_iid,pilot16,256,0.02690360034027768
s9314_r4_n000_a375,confirmatory,9314,4,0.0,0.375,feedback_only,balanced_permutation_b_k1,balanced_permutation_b,balanced,1,0.18840039778945986,0.125,0.6340039778945984,64,64,8,fresh_iid,pilot16,256,0.4093699175958602
s9314_r4_n000_a375,confirmatory,9314,4,0.0,0.375,feedback_only,balanced_permutation_b_k2,balanced_permutation_b,balanced,2,0.31340039778945983,0.25,0.6340039778945984,64,64,16,fresh_iid,pilot16,256,0.33252924929082295
s9314_r4_n000_a375,confirmatory,9314,4,0.0,0.375,feedback_only,balanced_permutation_b_k4,balanced_permutation_b,balanced,4,0.5634003977894598,0.5,0.6340039778945984,64,64,32,fresh_iid,pilot16,256,0.12840125403042632
s9314_r4_n000_a375,confirmatory,9314,4,0.0,0.375,feedback_only,balanced_permutation_b_k8,balanced_permutation_b,balanced,8,1.06340039778946,1.0,0.6340039778945984,64,64,64,fresh_iid,pilot16,256,0.02690360034027768
s9314_r4_n000_a375,confirmatory,9314,4,0.0,0.375,feedback_only,comb_contiguous_k1,comb_contiguous,comb,1,0.225,0.125,1.0,64,64,8,fresh_iid,pilot16,256,0.4093699175958602
s9314_r4_n000_a375,confirmatory,9314,4,0.0,0.375,feedback_only,comb_contiguous_k2,comb_contiguous,comb,2,0.35,0.25,1.0,64,64,16,fresh_iid,pilot16,256,0.37654207953874275
s9314_r4_n000_a375,confirmatory,9314,4,0.0,0.375,feedback_only,comb_contiguous_k4,comb_contiguous,comb,4,0.6,0.5,1.0,64,64,32,fresh_iid,pilot16,256,0.18800792400396216
s9314_r4_n000_a375,confirmatory,9314,4,0.0,0.375,feedback_only,comb_contiguous_k8,comb_contiguous,comb,8,1.1,1.0,1.0,64,64,64,fresh_iid,pilot16,256,0.02690360034027768
s9314_r4_n000_a375,confirmatory,9314,4,0.0,0.375,joint_forward_feedback,balanced_contiguous_k1,balanced_contiguous,balanced,1,0.1737418407321983,0.125,0.487418407321983,64,64,8,fixed_cache,pilot16,256,0.46164506294379787
s9314_r4_n000_a375,confirmatory,9314,4,0.0,0.375,joint_forward_feedback,balanced_contiguous_k2,balanced_contiguous,balanced,2,0.2987418407321983,0.25,0.487418407321983,64,64,16,fixed_cache,pilot16,256,0.39009691991678774
s9314_r4_n000_a375,confirmatory,9314,4,0.0,0.375,joint_forward_feedback,balanced_contiguous_k4,balanced_contiguous,balanced,4,0.5487418407321983,0.5,0.487418407321983,64,64,32,fixed_cache,pilot16,256,0.2516005265227771
s9314_r4_n000_a375,confirmatory,9314,4,0.0,0.375,joint_forward_feedback,balanced_contiguous_k8,balanced_contiguous,balanced,8,1.0487418407321982,1.0,0.487418407321983,64,64,64,fixed_cache,pilot16,256,0.18836400605555847
s9314_r4_n000_a375,confirmatory,9314,4,0.0,0.375,joint_forward_feedback,balanced_interleaved_k1,balanced_interleaved,balanced,1,0.19088469787505546,0.125,0.6588469787505544,64,64,8,fixed_cache,pilot16,256,0.4544767769186653
s9314_r4_n000_a375,confirmatory,9314,4,0.0,0.375,joint_forward_feedback,balanced_interleaved_k2,balanced_interleaved,balanced,2,0.31588469787505546,0.25,0.6588469787505544,64,64,16,fixed_cache,pilot16,256,0.37249742494154114
s9314_r4_n000_a375,confirmatory,9314,4,0.0,0.375,joint_forward_feedback,balanced_interleaved_k4,balanced_interleaved,balanced,4,0.5658846978750555,0.5,0.6588469787505544,64,64,32,fixed_cache,pilot16,256,0.30129089028518785
s9314_r4_n000_a375,confirmatory,9314,4,0.0,0.375,joint_forward_feedback,balanced_interleaved_k8,balanced_interleaved,balanced,8,1.0658846978750554,1.0,0.6588469787505544,64,64,64,fixed_cache,pilot16,256,0.1408752488896055
s9314_r4_n000_a375,confirmatory,9314,4,0.0,0.375,joint_forward_feedback,balanced_permutation_a_k1,balanced_permutation_a,balanced,1,0.18899250811836066,0.125,0.6399250811836067,64,64,8,fixed_cache,pilot16,256,0.45479236443609516
s9314_r4_n000_a375,confirmatory,9314,4,0.0,0.375,joint_forward_feedback,balanced_permutation_a_k2,balanced_permutation_a,balanced,2,0.31399250811836066,0.25,0.6399250811836067,64,64,16,fixed_cache,pilot16,256,0.39989355239033453
s9314_r4_n000_a375,confirmatory,9314,4,0.0,0.375,joint_forward_feedback,balanced_permutation_a_k4,balanced_permutation_a,balanced,4,0.5639925081183607,0.5,0.6399250811836067,64,64,32,fixed_cache,pilot16,256,0.28598933440186564
s9314_r4_n000_a375,confirmatory,9314,4,0.0,0.375,joint_forward_feedback,balanced_permutation_a_k8,balanced_permutation_a,balanced,8,1.0639925081183608,1.0,0.6399250811836067,64,64,64,fixed_cache,pilot16,256,0.14635556122963272
s9314_r4_n000_a375,confirmatory,9314,4,0.0,0.375,joint_forward_feedback,balanced_permutation_b_k1,balanced_permutation_b,balanced,1,0.18840039778945986,0.125,0.6340039778945984,64,64,8,fixed_cache,pilot16,256,0.4533759355122099
s9314_r4_n000_a375,confirmatory,9314,4,0.0,0.375,joint_forward_feedback,balanced_permutation_b_k2,balanced_permutation_b,balanced,2,0.31340039778945983,0.25,0.6340039778945984,64,64,16,fixed_cache,pilot16,256,0.40108943954931364
s9314_r4_n000_a375,confirmatory,9314,4,0.0,0.375,joint_forward_feedback,balanced_permutation_b_k4,balanced_permutation_b,balanced,4,0.5634003977894598,0.5,0.6340039778945984,64,64,32,fixed_cache,pilot16,256,0.23040419346303523
s9314_r4_n000_a375,confirmatory,9314,4,0.0,0.375,joint_forward_feedback,balanced_permutation_b_k8,balanced_permutation_b,balanced,8,1.06340039778946,1.0,0.6340039778945984,64,64,64,fixed_cache,pilot16,256,0.14187140761117936
s9314_r4_n000_a375,confirmatory,9314,4,0.0,0.375,joint_forward_feedback,comb_contiguous_k1,comb_contiguous,comb,1,0.225,0.125,1.0,64,64,8,fixed_cache,pilot16,256,0.45125695047073155
s9314_r4_n000_a375,confirmatory,9314,4,0.0,0.375,joint_forward_feedback,comb_contiguous_k2,comb_contiguous,comb,2,0.35,0.25,1.0,64,64,16,fixed_cache,pilot16,256,0.4217010777609186
s9314_r4_n000_a375,confirmatory,9314,4,0.0,0.375,joint_forward_feedback,comb_contiguous_k4,comb_contiguous,comb,4,0.6,0.5,1.0,64,64,32,fixed_cache,pilot16,256,0.26323465099277366
s9314_r4_n000_a375,confirmatory,9314,4,0.0,0.375,joint_forward_feedback,comb_contiguous_k8,comb_contiguous,comb,8,1.1,1.0,1.0,64,64,64,fixed_cache,pilot16,256,0.11534451765754736
s9314_r4_n000_a375,confirmatory,9314,4,0.0,0.375,joint_forward_feedback,balanced_contiguous_k1,balanced_contiguous,balanced,1,0.1737418407321983,0.125,0.487418407321983,64,64,8,fresh_iid,pilot16,256,0.4363927477751224
s9314_r4_n000_a375,confirmatory,9314,4,0.0,0.375,joint_forward_feedback,balanced_contiguous_k2,balanced_contiguous,balanced,2,0.2987418407321983,0.25,0.487418407321983,64,64,16,fresh_iid,pilot16,256,0.3554769867801073
s9314_r4_n000_a375,confirmatory,9314,4,0.0,0.375,joint_forward_feedback,balanced_contiguous_k4,balanced_contiguous,balanced,4,0.5487418407321983,0.5,0.487418407321983,64,64,32,fresh_iid,pilot16,256,0.21723575616331658
s9314_r4_n000_a375,confirmatory,9314,4,0.0,0.375,joint_forward_feedback,balanced_contiguous_k8,balanced_contiguous,balanced,8,1.0487418407321982,1.0,0.487418407321983,64,64,64,fresh_iid,pilot16,256,0.15166021825681136
s9314_r4_n000_a375,confirmatory,9314,4,0.0,0.375,joint_forward_feedback,balanced_interleaved_k1,balanced_interleaved,balanced,1,0.19088469787505546,0.125,0.6588469787505544,64,64,8,fresh_iid,pilot16,256,0.4284430079559345
s9314_r4_n000_a375,confirmatory,9314,4,0.0,0.375,joint_forward_feedback,balanced_interleaved_k2,balanced_interleaved,balanced,2,0.31588469787505546,0.25,0.6588469787505544,64,64,16,fresh_iid,pilot16,256,0.3413293470758615
s9314_r4_n000_a375,confirmatory,9314,4,0.0,0.375,joint_forward_feedback,balanced_interleaved_k4,balanced_interleaved,balanced,4,0.5658846978750555,0.5,0.6588469787505544,64,64,32,fresh_iid,pilot16,256,0.2749270385393031
s9314_r4_n000_a375,confirmatory,9314,4,0.0,0.375,joint_forward_feedback,balanced_interleaved_k8,balanced_interleaved,balanced,8,1.0658846978750554,1.0,0.6588469787505544,64,64,64,fresh_iid,pilot16,256,0.10614154508373191
s9314_r4_n000_a375,confirmatory,9314,4,0.0,0.375,joint_forward_feedback,balanced_permutation_a_k1,balanced_permutation_a,balanced,1,0.18899250811836066,0.125,0.6399250811836067,64,64,8,fresh_iid,pilot16,256,0.42962414148049766
s9314_r4_n000_a375,confirmatory,9314,4,0.0,0.375,joint_forward_feedback,balanced_permutation_a_k2,balanced_permutation_a,balanced,2,0.31399250811836066,0.25,0.6399250811836067,64,64,16,fresh_iid,pilot16,256,0.37630015927408517
s9314_r4_n000_a375,confirmatory,9314,4,0.0,0.375,joint_forward_feedback,balanced_permutation_a_k4,balanced_permutation_a,balanced,4,0.5639925081183607,0.5,0.6399250811836067,64,64,32,fresh_iid,pilot16,256,0.25214217689293905
s9314_r4_n000_a375,confirmatory,9314,4,0.0,0.375,joint_forward_feedback,balanced_permutation_a_k8,balanced_permutation_a,balanced,8,1.0639925081183608,1.0,0.6399250811836067,64,64,64,fresh_iid,pilot16,256,0.1108461510111054
s9314_r4_n000_a375,confirmatory,9314,4,0.0,0.375,joint_forward_feedback,balanced_permutation_b_k1,balanced_permutation_b,balanced,1,0.18840039778945986,0.125,0.6340039778945984,64,64,8,fresh_iid,pilot16,256,0.4280553575555679
s9314_r4_n000_a375,confirmatory,9314,4,0.0,0.375,joint_forward_feedback,balanced_permutation_b_k2,balanced_permutation_b,balanced,2,0.31340039778945983,0.25,0.6340039778945984,64,64,16,fresh_iid,pilot16,256,0.37401634524248895
s9314_r4_n000_a375,confirmatory,9314,4,0.0,0.375,joint_forward_feedback,balanced_permutation_b_k4,balanced_permutation_b,balanced,4,0.5634003977894598,0.5,0.6340039778945984,64,64,32,fresh_iid,pilot16,256,0.20067933727806445
s9314_r4_n000_a375,confirmatory,9314,4,0.0,0.375,joint_forward_feedback,balanced_permutation_b_k8,balanced_permutation_b,balanced,8,1.06340039778946,1.0,0.6340039778945984,64,64,64,fresh_iid,pilot16,256,0.1065908960989918
s9314_r4_n000_a375,confirmatory,9314,4,0.0,0.375,joint_forward_feedback,comb_contiguous_k1,comb_contiguous,comb,1,0.225,0.125,1.0,64,64,8,fresh_iid,pilot16,256,0.4240057638998508
s9314_r4_n000_a375,confirmatory,9314,4,0.0,0.375,joint_forward_feedback,comb_contiguous_k2,comb_contiguous,comb,2,0.35,0.25,1.0,64,64,16,fresh_iid,pilot16,256,0.39231221395094057
s9314_r4_n000_a375,confirmatory,9314,4,0.0,0.375,joint_forward_feedback,comb_contiguous_k4,comb_contiguous,comb,4,0.6,0.5,1.0,64,64,32,fresh_iid,pilot16,256,0.23118039893592315
s9314_r4_n000_a375,confirmatory,9314,4,0.0,0.375,joint_forward_feedback,comb_contiguous_k8,comb_contiguous,comb,8,1.1,1.0,1.0,64,64,64,fresh_iid,pilot16,256,0.08445563571540503
s9314_r4_n750_a125,confirmatory,9314,4,0.75,0.125,feedback_only,balanced_contiguous_k1,balanced_contiguous,balanced,1,0.1737418407321983,0.125,0.487418407321983,64,64,8,fixed_cache,pilot16,256,0.6838111290898355
s9314_r4_n750_a125,confirmatory,9314,4,0.75,0.125,feedback_only,balanced_contiguous_k2,balanced_contiguous,balanced,2,0.2987418407321983,0.25,0.487418407321983,64,64,16,fixed_cache,pilot16,256,0.5716289417361219
s9314_r4_n750_a125,confirmatory,9314,4,0.75,0.125,feedback_only,balanced_contiguous_k4,balanced_contiguous,balanced,4,0.5487418407321983,0.5,0.487418407321983,64,64,32,fixed_cache,pilot16,256,0.343357642969671
s9314_r4_n750_a125,confirmatory,9314,4,0.75,0.125,feedback_only,balanced_contiguous_k8,balanced_contiguous,balanced,8,1.0487418407321982,1.0,0.487418407321983,64,64,64,fixed_cache,pilot16,256,0.33712753541054635
s9314_r4_n750_a125,confirmatory,9314,4,0.75,0.125,feedback_only,balanced_interleaved_k1,balanced_interleaved,balanced,1,0.19088469787505546,0.125,0.6588469787505544,64,64,8,fixed_cache,pilot16,256,0.6838111290898355
s9314_r4_n750_a125,confirmatory,9314,4,0.75,0.125,feedback_only,balanced_interleaved_k2,balanced_interleaved,balanced,2,0.31588469787505546,0.25,0.6588469787505544,64,64,16,fixed_cache,pilot16,256,0.651957205124507
s9314_r4_n750_a125,confirmatory,9314,4,0.75,0.125,feedback_only,balanced_interleaved_k4,balanced_interleaved,balanced,4,0.5658846978750555,0.5,0.6588469787505544,64,64,32,fixed_cache,pilot16,256,0.5455829148022989
s9314_r4_n750_a125,confirmatory,9314,4,0.75,0.125,feedback_only,balanced_interleaved_k8,balanced_interleaved,balanced,8,1.0658846978750554,1.0,0.6588469787505544,64,64,64,fixed_cache,pilot16,256,0.33712753541054635
s9314_r4_n750_a125,confirmatory,9314,4,0.75,0.125,feedback_only,balanced_permutation_a_k1,balanced_permutation_a,balanced,1,0.18899250811836066,0.125,0.6399250811836067,64,64,8,fixed_cache,pilot16,256,0.6838111290898355
s9314_r4_n750_a125,confirmatory,9314,4,0.75,0.125,feedback_only,balanced_permutation_a_k2,balanced_permutation_a,balanced,2,0.31399250811836066,0.25,0.6399250811836067,64,64,16,fixed_cache,pilot16,256,0.6668196777364039
s9314_r4_n750_a125,confirmatory,9314,4,0.75,0.125,feedback_only,balanced_permutation_a_k4,balanced_permutation_a,balanced,4,0.5639925081183607,0.5,0.6399250811836067,64,64,32,fixed_cache,pilot16,256,0.521378651276172
s9314_r4_n750_a125,confirmatory,9314,4,0.75,0.125,feedback_only,balanced_permutation_a_k8,balanced_permutation_a,balanced,8,1.0639925081183608,1.0,0.6399250811836067,64,64,64,fixed_cache,pilot16,256,0.33712753541054635
s9314_r4_n750_a125,confirmatory,9314,4,0.75,0.125,feedback_only,balanced_permutation_b_k1,balanced_permutation_b,balanced,1,0.18840039778945986,0.125,0.6340039778945984,64,64,8,fixed_cache,pilot16,256,0.6838111290898355
s9314_r4_n750_a125,confirmatory,9314,4,0.75,0.125,feedback_only,balanced_permutation_b_k2,balanced_permutation_b,balanced,2,0.31340039778945983,0.25,0.6340039778945984,64,64,16,fixed_cache,pilot16,256,0.6624257156241079
s9314_r4_n750_a125,confirmatory,9314,4,0.75,0.125,feedback_only,balanced_permutation_b_k4,balanced_permutation_b,balanced,4,0.5634003977894598,0.5,0.6340039778945984,64,64,32,fixed_cache,pilot16,256,0.4629812716382142
s9314_r4_n750_a125,confirmatory,9314,4,0.75,0.125,feedback_only,balanced_permutation_b_k8,balanced_permutation_b,balanced,8,1.06340039778946,1.0,0.6340039778945984,64,64,64,fixed_cache,pilot16,256,0.33712753541054635
s9314_r4_n750_a125,confirmatory,9314,4,0.75,0.125,feedback_only,comb_contiguous_k1,comb_contiguous,comb,1,0.225,0.125,1.0,64,64,8,fixed_cache,pilot16,256,0.6838111290898355
s9314_r4_n750_a125,confirmatory,9314,4,0.75,0.125,feedback_only,comb_contiguous_k2,comb_contiguous,comb,2,0.35,0.25,1.0,64,64,16,fixed_cache,pilot16,256,0.6156980314034636
s9314_r4_n750_a125,confirmatory,9314,4,0.75,0.125,feedback_only,comb_contiguous_k4,comb_contiguous,comb,4,0.6,0.5,1.0,64,64,32,fixed_cache,pilot16,256,0.5028590653646354
s9314_r4_n750_a125,confirmatory,9314,4,0.75,0.125,feedback_only,comb_contiguous_k8,comb_contiguous,comb,8,1.1,1.0,1.0,64,64,64,fixed_cache,pilot16,256,0.33712753541054635
s9314_r4_n750_a125,confirmatory,9314,4,0.75,0.125,feedback_only,balanced_contiguous_k1,balanced_contiguous,balanced,1,0.1737418407321983,0.125,0.487418407321983,64,64,8,fresh_iid,pilot16,256,0.6767393389244427
s9314_r4_n750_a125,confirmatory,9314,4,0.75,0.125,feedback_only,balanced_contiguous_k2,balanced_contiguous,balanced,2,0.2987418407321983,0.25,0.487418407321983,64,64,16,fresh_iid,pilot16,256,0.564185237673761
s9314_r4_n750_a125,confirmatory,9314,4,0.75,0.125,feedback_only,balanced_contiguous_k4,balanced_contiguous,balanced,4,0.5487418407321983,0.5,0.487418407321983,64,64,32,fresh_iid,pilot16,256,0.337725699125267
s9314_r4_n750_a125,confirmatory,9314,4,0.75,0.125,feedback_only,balanced_contiguous_k8,balanced_contiguous,balanced,8,1.0487418407321982,1.0,0.487418407321983,64,64,64,fresh_iid,pilot16,256,0.33508964233584554
s9314_r4_n750_a125,confirmatory,9314,4,0.75,0.125,feedback_only,balanced_interleaved_k1,balanced_interleaved,balanced,1,0.19088469787505546,0.125,0.6588469787505544,64,64,8,fresh_iid,pilot16,256,0.6767393389244427
s9314_r4_n750_a125,confirmatory,9314,4,0.75,0.125,feedback_only,balanced_interleaved_k2,balanced_interleaved,balanced,2,0.31588469787505546,0.25,0.6588469787505544,64,64,16,fresh_iid,pilot16,256,0.6424674875731519
s9314_r4_n750_a125,confirmatory,9314,4,0.75,0.125,feedback_only,balanced_interleaved_k4,balanced_interleaved,balanced,4,0.5658846978750555,0.5,0.6588469787505544,64,64,32,fresh_iid,pilot16,256,0.5321994915393214
s9314_r4_n750_a125,confirmatory,9314,4,0.75,0.125,feedback_only,balanced_interleaved_k8,balanced_interleaved,balanced,8,1.0658846978750554,1.0,0.6588469787505544,64,64,64,fresh_iid,pilot16,256,0.33508964233584554
s9314_r4_n750_a125,confirmatory,9314,4,0.75,0.125,feedback_only,balanced_permutation_a_k1,balanced_permutation_a,balanced,1,0.18899250811836066,0.125,0.6399250811836067,64,64,8,fresh_iid,pilot16,256,0.6767393389244427
s9314_r4_n750_a125,confirmatory,9314,4,0.75,0.125,feedback_only,balanced_permutation_a_k2,balanced_permutation_a,balanced,2,0.31399250811836066,0.25,0.6399250811836067,64,64,16,fresh_iid,pilot16,256,0.6598616787913395
s9314_r4_n750_a125,confirmatory,9314,4,0.75,0.125,feedback_only,balanced_permutation_a_k4,balanced_permutation_a,balanced,4,0.5639925081183607,0.5,0.6399250811836067,64,64,32,fresh_iid,pilot16,256,0.513390737204866
s9314_r4_n750_a125,confirmatory,9314,4,0.75,0.125,feedback_only,balanced_permutation_a_k8,balanced_permutation_a,balanced,8,1.0639925081183608,1.0,0.6399250811836067,64,64,64,fresh_iid,pilot16,256,0.33508964233584554
s9314_r4_n750_a125,confirmatory,9314,4,0.75,0.125,feedback_only,balanced_permutation_b_k1,balanced_permutation_b,balanced,1,0.18840039778945986,0.125,0.6340039778945984,64,64,8,fresh_iid,pilot16,256,0.6767393389244427
s9314_r4_n750_a125,confirmatory,9314,4,0.75,0.125,feedback_only,balanced_permutation_b_k2,balanced_permutation_b,balanced,2,0.31340039778945983,0.25,0.6340039778945984,64,64,16,fresh_iid,pilot16,256,0.6501263904328856
s9314_r4_n750_a125,confirmatory,9314,4,0.75,0.125,feedback_only,balanced_permutation_b_k4,balanced_permutation_b,balanced,4,0.5634003977894598,0.5,0.6340039778945984,64,64,32,fresh_iid,pilot16,256,0.44998517636207747
s9314_r4_n750_a125,confirmatory,9314,4,0.75,0.125,feedback_only,balanced_permutation_b_k8,balanced_permutation_b,balanced,8,1.06340039778946,1.0,0.6340039778945984,64,64,64,fresh_iid,pilot16,256,0.33508964233584554
s9314_r4_n750_a125,confirmatory,9314,4,0.75,0.125,feedback_only,comb_contiguous_k1,comb_contiguous,comb,1,0.225,0.125,1.0,64,64,8,fresh_iid,pilot16,256,0.6767393389244427
s9314_r4_n750_a125,confirmatory,9314,4,0.75,0.125,feedback_only,comb_contiguous_k2,comb_contiguous,comb,2,0.35,0.25,1.0,64,64,16,fresh_iid,pilot16,256,0.6096860355317737
s9314_r4_n750_a125,confirmatory,9314,4,0.75,0.125,feedback_only,comb_contiguous_k4,comb_contiguous,comb,4,0.6,0.5,1.0,64,64,32,fresh_iid,pilot16,256,0.49290940694933927
s9314_r4_n750_a125,confirmatory,9314,4,0.75,0.125,feedback_only,comb_contiguous_k8,comb_contiguous,comb,8,1.1,1.0,1.0,64,64,64,fresh_iid,pilot16,256,0.33508964233584554
s9314_r4_n750_a125,confirmatory,9314,4,0.75,0.125,joint_forward_feedback,balanced_contiguous_k1,balanced_contiguous,balanced,1,0.1737418407321983,0.125,0.487418407321983,64,64,8,fixed_cache,pilot16,256,0.7095560809184194
s9314_r4_n750_a125,confirmatory,9314,4,0.75,0.125,joint_forward_feedback,balanced_contiguous_k2,balanced_contiguous,balanced,2,0.2987418407321983,0.25,0.487418407321983,64,64,16,fixed_cache,pilot16,256,0.6228166344421502
s9314_r4_n750_a125,confirmatory,9314,4,0.75,0.125,joint_forward_feedback,balanced_contiguous_k4,balanced_contiguous,balanced,4,0.5487418407321983,0.5,0.487418407321983,64,64,32,fixed_cache,pilot16,256,0.4518826068699136
s9314_r4_n750_a125,confirmatory,9314,4,0.75,0.125,joint_forward_feedback,balanced_contiguous_k8,balanced_contiguous,balanced,8,1.0487418407321982,1.0,0.487418407321983,64,64,64,fixed_cache,pilot16,256,0.44529617056825777
s9314_r4_n750_a125,confirmatory,9314,4,0.75,0.125,joint_forward_feedback,balanced_interleaved_k1,balanced_interleaved,balanced,1,0.19088469787505546,0.125,0.6588469787505544,64,64,8,fixed_cache,pilot16,256,0.7021433915980333
s9314_r4_n750_a125,confirmatory,9314,4,0.75,0.125,joint_forward_feedback,balanced_interleaved_k2,balanced_interleaved,balanced,2,0.31588469787505546,0.25,0.6588469787505544,64,64,16,fixed_cache,pilot16,256,0.6814959030857769
s9314_r4_n750_a125,confirmatory,9314,4,0.75,0.125,joint_forward_feedback,balanced_interleaved_k4,balanced_interleaved,balanced,4,0.5658846978750555,0.5,0.6588469787505544,64,64,32,fixed_cache,pilot16,256,0.5909892641838385
s9314_r4_n750_a125,confirmatory,9314,4,0.75,0.125,joint_forward_feedback,balanced_interleaved_k8,balanced_interleaved,balanced,8,1.0658846978750554,1.0,0.6588469787505544,64,64,64,fixed_cache,pilot16,256,0.4291358876517322
s9314_r4_n750_a125,confirmatory,9314,4,0.75,0.125,joint_forward_feedback,balanced_permutation_a_k1,balanced_permutation_a,balanced,1,0.18899250811836066,0.125,0.6399250811836067,64,64,8,fixed_cache,pilot16,256,0.7026507107911384
s9314_r4_n750_a125,confirmatory,9314,4,0.75,0.125,joint_forward_feedback,balanced_permutation_a_k2,balanced_permutation_a,balanced,2,0.31399250811836066,0.25,0.6399250811836067,64,64,16,fixed_cache,pilot16,256,0.6927808059767173
s9314_r4_n750_a125,confirmatory,9314,4,0.75,0.125,joint_forward_feedback,balanced_permutation_a_k4,balanced_permutation_a,balanced,4,0.5639925081183607,0.5,0.6399250811836067,64,64,32,fixed_cache,pilot16,256,0.5885286706937165
s9314_r4_n750_a125,confirmatory,9314,4,0.75,0.125,joint_forward_feedback,balanced_permutation_a_k8,balanced_permutation_a,balanced,8,1.0639925081183608,1.0,0.6399250811836067,64,64,64,fixed_cache,pilot16,256,0.43820201195733893
s9314_r4_n750_a125,confirmatory,9314,4,0.75,0.125,joint_forward_feedback,balanced_permutation_b_k1,balanced_permutation_b,balanced,1,0.18840039778945986,0.125,0.6340039778945984,64,64,8,fixed_cache,pilot16,256,0.702594936530473
s9314_r4_n750_a125,confirmatory,9314,4,0.75,0.125,joint_forward_feedback,balanced_permutation_b_k2,balanced_permutation_b,balanced,2,0.31340039778945983,0.25,0.6340039778945984,64,64,16,fixed_cache,pilot16,256,0.691209893091354
s9314_r4_n750_a125,confirmatory,9314,4,0.75,0.125,joint_forward_feedback,balanced_permutation_b_k4,balanced_permutation_b,balanced,4,0.5634003977894598,0.5,0.6340039778945984,64,64,32,fixed_cache,pilot16,256,0.5351087535817924
s9314_r4_n750_a125,confirmatory,9314,4,0.75,0.125,joint_forward_feedback,balanced_permutation_b_k8,balanced_permutation_b,balanced,8,1.06340039778946,1.0,0.6340039778945984,64,64,64,fixed_cache,pilot16,256,0.42946428190740304
s9314_r4_n750_a125,confirmatory,9314,4,0.75,0.125,joint_forward_feedback,comb_contiguous_k1,comb_contiguous,comb,1,0.225,0.125,1.0,64,64,8,fixed_cache,pilot16,256,0.7011899183200241
s9314_r4_n750_a125,confirmatory,9314,4,0.75,0.125,joint_forward_feedback,comb_contiguous_k2,comb_contiguous,comb,2,0.35,0.25,1.0,64,64,16,fixed_cache,pilot16,256,0.6448524482527114
s9314_r4_n750_a125,confirmatory,9314,4,0.75,0.125,joint_forward_feedback,comb_contiguous_k4,comb_contiguous,comb,4,0.6,0.5,1.0,64,64,32,fixed_cache,pilot16,256,0.5466822336012107
s9314_r4_n750_a125,confirmatory,9314,4,0.75,0.125,joint_forward_feedback,comb_contiguous_k8,comb_contiguous,comb,8,1.1,1.0,1.0,64,64,64,fixed_cache,pilot16,256,0.4045656030696517
s9314_r4_n750_a125,confirmatory,9314,4,0.75,0.125,joint_forward_feedback,balanced_contiguous_k1,balanced_contiguous,balanced,1,0.1737418407321983,0.125,0.487418407321983,64,64,8,fresh_iid,pilot16,256,0.6960785304688766
s9314_r4_n750_a125,confirmatory,9314,4,0.75,0.125,joint_forward_feedback,balanced_contiguous_k2,balanced_contiguous,balanced,2,0.2987418407321983,0.25,0.487418407321983,64,64,16,fresh_iid,pilot16,256,0.5989829468071313
s9314_r4_n750_a125,confirmatory,9314,4,0.75,0.125,joint_forward_feedback,balanced_contiguous_k4,balanced_contiguous,balanced,4,0.5487418407321983,0.5,0.487418407321983,64,64,32,fresh_iid,pilot16,256,0.42234743358916654
s9314_r4_n750_a125,confirmatory,9314,4,0.75,0.125,joint_forward_feedback,balanced_contiguous_k8,balanced_contiguous,balanced,8,1.0487418407321982,1.0,0.487418407321983,64,64,64,fresh_iid,pilot16,256,0.41650521741577795
s9314_r4_n750_a125,confirmatory,9314,4,0.75,0.125,joint_forward_feedback,balanced_interleaved_k1,balanced_interleaved,balanced,1,0.19088469787505546,0.125,0.6588469787505544,64,64,8,fresh_iid,pilot16,256,0.689753384345551
s9314_r4_n750_a125,confirmatory,9314,4,0.75,0.125,joint_forward_feedback,balanced_interleaved_k2,balanced_interleaved,balanced,2,0.31588469787505546,0.25,0.6588469787505544,64,64,16,fresh_iid,pilot16,256,0.6672939658658573
s9314_r4_n750_a125,confirmatory,9314,4,0.75,0.125,joint_forward_feedback,balanced_interleaved_k4,balanced_interleaved,balanced,4,0.5658846978750555,0.5,0.6588469787505544,64,64,32,fresh_iid,pilot16,256,0.5721506176607403
s9314_r4_n750_a125,confirmatory,9314,4,0.75,0.125,joint_forward_feedback,balanced_interleaved_k8,balanced_interleaved,balanced,8,1.0658846978750554,1.0,0.6588469787505544,64,64,64,fresh_iid,pilot16,256,0.402911958358821
s9314_r4_n750_a125,confirmatory,9314,4,0.75,0.125,joint_forward_feedback,balanced_permutation_a_k1,balanced_permutation_a,balanced,1,0.18899250811836066,0.125,0.6399250811836067,64,64,8,fresh_iid,pilot16,256,0.6906118054927779
s9314_r4_n750_a125,confirmatory,9314,4,0.75,0.125,joint_forward_feedback,balanced_permutation_a_k2,balanced_permutation_a,balanced,2,0.31399250811836066,0.25,0.6399250811836067,64,64,16,fresh_iid,pilot16,256,0.680891546406977
s9314_r4_n750_a125,confirmatory,9314,4,0.75,0.125,joint_forward_feedback,balanced_permutation_a_k4,balanced_permutation_a,balanced,4,0.5639925081183607,0.5,0.6399250811836067,64,64,32,fresh_iid,pilot16,256,0.5741153797890226
s9314_r4_n750_a125,confirmatory,9314,4,0.75,0.125,joint_forward_feedback,balanced_permutation_a_k8,balanced_permutation_a,balanced,8,1.0639925081183608,1.0,0.6399250811836067,64,64,64,fresh_iid,pilot16,256,0.40964561756691303
s9314_r4_n750_a125,confirmatory,9314,4,0.75,0.125,joint_forward_feedback,balanced_permutation_b_k1,balanced_permutation_b,balanced,1,0.18840039778945986,0.125,0.6340039778945984,64,64,8,fresh_iid,pilot16,256,0.6905479334605573
s9314_r4_n750_a125,confirmatory,9314,4,0.75,0.125,joint_forward_feedback,balanced_permutation_b_k2,balanced_permutation_b,balanced,2,0.31340039778945983,0.25,0.6340039778945984,64,64,16,fresh_iid,pilot16,256,0.6756620239723352
s9314_r4_n750_a125,confirmatory,9314,4,0.75,0.125,joint_forward_feedback,balanced_permutation_b_k4,balanced_permutation_b,balanced,4,0.5634003977894598,0.5,0.6340039778945984,64,64,32,fresh_iid,pilot16,256,0.5157197710871708
s9314_r4_n750_a125,confirmatory,9314,4,0.75,0.125,joint_forward_feedback,balanced_permutation_b_k8,balanced_permutation_b,balanced,8,1.06340039778946,1.0,0.6340039778945984,64,64,64,fresh_iid,pilot16,256,0.4016431390299921
s9314_r4_n750_a125,confirmatory,9314,4,0.75,0.125,joint_forward_feedback,comb_contiguous_k1,comb_contiguous,comb,1,0.225,0.125,1.0,64,64,8,fresh_iid,pilot16,256,0.6886325727082625
s9314_r4_n750_a125,confirmatory,9314,4,0.75,0.125,joint_forward_feedback,comb_contiguous_k2,comb_contiguous,comb,2,0.35,0.25,1.0,64,64,16,fresh_iid,pilot16,256,0.633406926756245
s9314_r4_n750_a125,confirmatory,9314,4,0.75,0.125,joint_forward_feedback,comb_contiguous_k4,comb_contiguous,comb,4,0.6,0.5,1.0,64,64,32,fresh_iid,pilot16,256,0.5304627666849473
s9314_r4_n750_a125,confirmatory,9314,4,0.75,0.125,joint_forward_feedback,comb_contiguous_k8,comb_contiguous,comb,8,1.1,1.0,1.0,64,64,64,fresh_iid,pilot16,256,0.38463379535399134
s9314_r4_n750_a375,confirmatory,9314,4,0.75,0.375,feedback_only,balanced_contiguous_k1,balanced_contiguous,balanced,1,0.1737418407321983,0.125,0.487418407321983,64,64,8,fixed_cache,pilot16,256,0.7054633941633146
s9314_r4_n750_a375,confirmatory,9314,4,0.75,0.375,feedback_only,balanced_contiguous_k2,balanced_contiguous,balanced,2,0.2987418407321983,0.25,0.487418407321983,64,64,16,fixed_cache,pilot16,256,0.6194207948752997
s9314_r4_n750_a375,confirmatory,9314,4,0.75,0.375,feedback_only,balanced_contiguous_k4,balanced_contiguous,balanced,4,0.5487418407321983,0.5,0.487418407321983,64,64,32,fixed_cache,pilot16,256,0.418377492415315
s9314_r4_n750_a375,confirmatory,9314,4,0.75,0.375,feedback_only,balanced_contiguous_k8,balanced_contiguous,balanced,8,1.0487418407321982,1.0,0.487418407321983,64,64,64,fixed_cache,pilot16,256,0.3368296939761409
s9314_r4_n750_a375,confirmatory,9314,4,0.75,0.375,feedback_only,balanced_interleaved_k1,balanced_interleaved,balanced,1,0.19088469787505546,0.125,0.6588469787505544,64,64,8,fixed_cache,pilot16,256,0.7054633941633146
s9314_r4_n750_a375,confirmatory,9314,4,0.75,0.375,feedback_only,balanced_interleaved_k2,balanced_interleaved,balanced,2,0.31588469787505546,0.25,0.6588469787505544,64,64,16,fixed_cache,pilot16,256,0.5905845490500025
s9314_r4_n750_a375,confirmatory,9314,4,0.75,0.375,feedback_only,balanced_interleaved_k4,balanced_interleaved,balanced,4,0.5658846978750555,0.5,0.6588469787505544,64,64,32,fixed_cache,pilot16,256,0.5075332133180536
s9314_r4_n750_a375,confirmatory,9314,4,0.75,0.375,feedback_only,balanced_interleaved_k8,balanced_interleaved,balanced,8,1.0658846978750554,1.0,0.6588469787505544,64,64,64,fixed_cache,pilot16,256,0.3368296939761409
s9314_r4_n750_a375,confirmatory,9314,4,0.75,0.375,feedback_only,balanced_permutation_a_k1,balanced_permutation_a,balanced,1,0.18899250811836066,0.125,0.6399250811836067,64,64,8,fixed_cache,pilot16,256,0.7054633941633146
s9314_r4_n750_a375,confirmatory,9314,4,0.75,0.375,feedback_only,balanced_permutation_a_k2,balanced_permutation_a,balanced,2,0.31399250811836066,0.25,0.6399250811836067,64,64,16,fixed_cache,pilot16,256,0.6312271295827141
s9314_r4_n750_a375,confirmatory,9314,4,0.75,0.375,feedback_only,balanced_permutation_a_k4,balanced_permutation_a,balanced,4,0.5639925081183607,0.5,0.6399250811836067,64,64,32,fixed_cache,pilot16,256,0.4806528001838086
s9314_r4_n750_a375,confirmatory,9314,4,0.75,0.375,feedback_only,balanced_permutation_a_k8,balanced_permutation_a,balanced,8,1.0639925081183608,1.0,0.6399250811836067,64,64,64,fixed_cache,pilot16,256,0.3368296939761409
s9314_r4_n750_a375,confirmatory,9314,4,0.75,0.375,feedback_only,balanced_permutation_b_k1,balanced_permutation_b,balanced,1,0.18840039778945986,0.125,0.6340039778945984,64,64,8,fixed_cache,pilot16,256,0.7054633941633146
s9314_r4_n750_a375,confirmatory,9314,4,0.75,0.375,feedback_only,balanced_permutation_b_k2,balanced_permutation_b,balanced,2,0.31340039778945983,0.25,0.6340039778945984,64,64,16,fixed_cache,pilot16,256,0.6249422712716448
s9314_r4_n750_a375,confirmatory,9314,4,0.75,0.375,feedback_only,balanced_permutation_b_k4,balanced_permutation_b,balanced,4,0.5634003977894598,0.5,0.6340039778945984,64,64,32,fixed_cache,pilot16,256,0.4257170138315659
s9314_r4_n750_a375,confirmatory,9314,4,0.75,0.375,feedback_only,balanced_permutation_b_k8,balanced_permutation_b,balanced,8,1.06340039778946,1.0,0.6340039778945984,64,64,64,fixed_cache,pilot16,256,0.3368296939761409
s9314_r4_n750_a375,confirmatory,9314,4,0.75,0.375,feedback_only,comb_contiguous_k1,comb_contiguous,comb,1,0.225,0.125,1.0,64,64,8,fixed_cache,pilot16,256,0.7054633941633146
s9314_r4_n750_a375,confirmatory,9314,4,0.75,0.375,feedback_only,comb_contiguous_k2,comb_contiguous,comb,2,0.35,0.25,1.0,64,64,16,fixed_cache,pilot16,256,0.678480185424129
s9314_r4_n750_a375,confirmatory,9314,4,0.75,0.375,feedback_only,comb_contiguous_k4,comb_contiguous,comb,4,0.6,0.5,1.0,64,64,32,fixed_cache,pilot16,256,0.49142974555669183
s9314_r4_n750_a375,confirmatory,9314,4,0.75,0.375,feedback_only,comb_contiguous_k8,comb_contiguous,comb,8,1.1,1.0,1.0,64,64,64,fixed_cache,pilot16,256,0.3368296939761409
s9314_r4_n750_a375,confirmatory,9314,4,0.75,0.375,feedback_only,balanced_contiguous_k1,balanced_contiguous,balanced,1,0.1737418407321983,0.125,0.487418407321983,64,64,8,fresh_iid,pilot16,256,0.692274171504697
s9314_r4_n750_a375,confirmatory,9314,4,0.75,0.375,feedback_only,balanced_contiguous_k2,balanced_contiguous,balanced,2,0.2987418407321983,0.25,0.487418407321983,64,64,16,fresh_iid,pilot16,256,0.6012842997235939
s9314_r4_n750_a375,confirmatory,9314,4,0.75,0.375,feedback_only,balanced_contiguous_k4,balanced_contiguous,balanced,4,0.5487418407321983,0.5,0.487418407321983,64,64,32,fresh_iid,pilot16,256,0.39969551722740004
s9314_r4_n750_a375,confirmatory,9314,4,0.75,0.375,feedback_only,balanced_contiguous_k8,balanced_contiguous,balanced,8,1.0487418407321982,1.0,0.487418407321983,64,64,64,fresh_iid,pilot16,256,0.33625695739919
s9314_r4_n750_a375,confirmatory,9314,4,0.75,0.375,feedback_only,balanced_interleaved_k1,balanced_interleaved,balanced,1,0.19088469787505546,0.125,0.6588469787505544,64,64,8,fresh_iid,pilot16,256,0.692274171504697
s9314_r4_n750_a375,confirmatory,9314,4,0.75,0.375,feedback_only,balanced_interleaved_k2,balanced_interleaved,balanced,2,0.31588469787505546,0.25,0.6588469787505544,64,64,16,fresh_iid,pilot16,256,0.580212210603245
s9314_r4_n750_a375,confirmatory,9314,4,0.75,0.375,feedback_only,balanced_interleaved_k4,balanced_interleaved,balanced,4,0.5658846978750555,0.5,0.6588469787505544,64,64,32,fresh_iid,pilot16,256,0.5039321571778429
s9314_r4_n750_a375,confirmatory,9314,4,0.75,0.375,feedback_only,balanced_interleaved_k8,balanced_interleaved,balanced,8,1.0658846978750554,1.0,0.6588469787505544,64,64,64,fresh_iid,pilot16,256,0.33625695739919
s9314_r4_n750_a375,confirmatory,9314,4,0.75,0.375,feedback_only,balanced_permutation_a_k1,balanced_permutation_a,balanced,1,0.18899250811836066,0.125,0.6399250811836067,64,64,8,fresh_iid,pilot16,256,0.692274171504697
s9314_r4_n750_a375,confirmatory,9314,4,0.75,0.375,feedback_only,balanced_permutation_a_k2,balanced_permutation_a,balanced,2,0.31399250811836066,0.25,0.6399250811836067,64,64,16,fresh_iid,pilot16,256,0.6234212015640519
s9314_r4_n750_a375,confirmatory,9314,4,0.75,0.375,feedback_only,balanced_permutation_a_k4,balanced_permutation_a,balanced,4,0.5639925081183607,0.5,0.6399250811836067,64,64,32,fresh_iid,pilot16,256,0.4615472788987417
s9314_r4_n750_a375,confirmatory,9314,4,0.75,0.375,feedback_only,balanced_permutation_a_k8,balanced_permutation_a,balanced,8,1.0639925081183608,1.0,0.6399250811836067,64,64,64,fresh_iid,pilot16,256,0.33625695739919
s9314_r4_n750_a375,confirmatory,9314,4,0.75,0.375,feedback_only,balanced_permutation_b_k1,balanced_permutation_b,balanced,1,0.18840039778945986,0.125,0.6340039778945984,64,64,8,fresh_iid,pilot16,256,0.692274171504697
s9314_r4_n750_a375,confirmatory,9314,4,0.75,0.375,feedback_only,balanced_permutation_b_k2,balanced_permutation_b,balanced,2,0.31340039778945983,0.25,0.6340039778945984,64,64,16,fresh_iid,pilot16,256,0.6147779900934272
s9314_r4_n750_a375,confirmatory,9314,4,0.75,0.375,feedback_only,balanced_permutation_b_k4,balanced_permutation_b,balanced,4,0.5634003977894598,0.5,0.6340039778945984,64,64,32,fresh_iid,pilot16,256,0.41203902668861137
s9314_r4_n750_a375,confirmatory,9314,4,0.75,0.375,feedback_only,balanced_permutation_b_k8,balanced_permutation_b,balanced,8,1.06340039778946,1.0,0.6340039778945984,64,64,64,fresh_iid,pilot16,256,0.33625695739919
s9314_r4_n750_a375,confirmatory,9314,4,0.75,0.375,feedback_only,comb_contiguous_k1,comb_contiguous,comb,1,0.225,0.125,1.0,64,64,8,fresh_iid,pilot16,256,0.692274171504697
s9314_r4_n750_a375,confirmatory,9314,4,0.75,0.375,feedback_only,comb_contiguous_k2,comb_contiguous,comb,2,0.35,0.25,1.0,64,64,16,fresh_iid,pilot16,256,0.6631518129300716
s9314_r4_n750_a375,confirmatory,9314,4,0.75,0.375,feedback_only,comb_contiguous_k4,comb_contiguous,comb,4,0.6,0.5,1.0,64,64,32,fresh_iid,pilot16,256,0.47282972162006337
s9314_r4_n750_a375,confirmatory,9314,4,0.75,0.375,feedback_only,comb_contiguous_k8,comb_contiguous,comb,8,1.1,1.0,1.0,64,64,64,fresh_iid,pilot16,256,0.33625695739919
s9314_r4_n750_a375,confirmatory,9314,4,0.75,0.375,joint_forward_feedback,balanced_contiguous_k1,balanced_contiguous,balanced,1,0.1737418407321983,0.125,0.487418407321983,64,64,8,fixed_cache,pilot16,256,0.7313150723542414
s9314_r4_n750_a375,confirmatory,9314,4,0.75,0.375,joint_forward_feedback,balanced_contiguous_k2,balanced_contiguous,balanced,2,0.2987418407321983,0.25,0.487418407321983,64,64,16,fixed_cache,pilot16,256,0.6711858212650939
s9314_r4_n750_a375,confirmatory,9314,4,0.75,0.375,joint_forward_feedback,balanced_contiguous_k4,balanced_contiguous,balanced,4,0.5487418407321983,0.5,0.487418407321983,64,64,32,fixed_cache,pilot16,256,0.5341907162934934
s9314_r4_n750_a375,confirmatory,9314,4,0.75,0.375,joint_forward_feedback,balanced_contiguous_k8,balanced_contiguous,balanced,8,1.0487418407321982,1.0,0.487418407321983,64,64,64,fixed_cache,pilot16,256,0.4702072558733958
s9314_r4_n750_a375,confirmatory,9314,4,0.75,0.375,joint_forward_feedback,balanced_interleaved_k1,balanced_interleaved,balanced,1,0.19088469787505546,0.125,0.6588469787505544,64,64,8,fixed_cache,pilot16,256,0.7244222856087735
s9314_r4_n750_a375,confirmatory,9314,4,0.75,0.375,joint_forward_feedback,balanced_interleaved_k2,balanced_interleaved,balanced,2,0.31588469787505546,0.25,0.6588469787505544,64,64,16,fixed_cache,pilot16,256,0.6340925038039307
s9314_r4_n750_a375,confirmatory,9314,4,0.75,0.375,joint_forward_feedback,balanced_interleaved_k4,balanced_interleaved,balanced,4,0.5658846978750555,0.5,0.6588469787505544,64,64,32,fixed_cache,pilot16,256,0.5644868410994814
s9314_r4_n750_a375,confirmatory,9314,4,0.75,0.375,joint_forward_feedback,balanced_interleaved_k8,balanced_interleaved,balanced,8,1.0658846978750554,1.0,0.6588469787505544,64,64,64,fixed_cache,pilot16,256,0.422278967261282
s9314_r4_n750_a375,confirmatory,9314,4,0.75,0.375,joint_forward_feedback,balanced_permutation_a_k1,balanced_permutation_a,balanced,1,0.18899250811836066,0.125,0.6399250811836067,64,64,8,fixed_cache,pilot16,256,0.7250169027712493
s9314_r4_n750_a375,confirmatory,9314,4,0.75,0.375,joint_forward_feedback,balanced_permutation_a_k2,balanced_permutation_a,balanced,2,0.31399250811836066,0.25,0.6399250811836067,64,64,16,fixed_cache,pilot16,256,0.6686317790230181
s9314_r4_n750_a375,confirmatory,9314,4,0.75,0.375,joint_forward_feedback,balanced_permutation_a_k4,balanced_permutation_a,balanced,4,0.5639925081183607,0.5,0.6399250811836067,64,64,32,fixed_cache,pilot16,256,0.5587699978857903
s9314_r4_n750_a375,confirmatory,9314,4,0.75,0.375,joint_forward_feedback,balanced_permutation_a_k8,balanced_permutation_a,balanced,8,1.0639925081183608,1.0,0.6399250811836067,64,64,64,fixed_cache,pilot16,256,0.42753694885463456
s9314_r4_n750_a375,confirmatory,9314,4,0.75,0.375,joint_forward_feedback,balanced_permutation_b_k1,balanced_permutation_b,balanced,1,0.18840039778945986,0.125,0.6340039778945984,64,64,8,fixed_cache,pilot16,256,0.7241197161143051
s9314_r4_n750_a375,confirmatory,9314,4,0.75,0.375,joint_forward_feedback,balanced_permutation_b_k2,balanced_permutation_b,balanced,2,0.31340039778945983,0.25,0.6340039778945984,64,64,16,fixed_cache,pilot16,256,0.6686490317923705
s9314_r4_n750_a375,confirmatory,9314,4,0.75,0.375,joint_forward_feedback,balanced_permutation_b_k4,balanced_permutation_b,balanced,4,0.5634003977894598,0.5,0.6340039778945984,64,64,32,fixed_cache,pilot16,256,0.5010690437080514
s9314_r4_n750_a375,confirmatory,9314,4,0.75,0.375,joint_forward_feedback,balanced_permutation_b_k8,balanced_permutation_b,balanced,8,1.06340039778946,1.0,0.6340039778945984,64,64,64,fixed_cache,pilot16,256,0.4237292304356821
s9314_r4_n750_a375,confirmatory,9314,4,0.75,0.375,joint_forward_feedback,comb_contiguous_k1,comb_contiguous,comb,1,0.225,0.125,1.0,64,64,8,fixed_cache,pilot16,256,0.721864783395809
s9314_r4_n750_a375,confirmatory,9314,4,0.75,0.375,joint_forward_feedback,comb_contiguous_k2,comb_contiguous,comb,2,0.35,0.25,1.0,64,64,16,fixed_cache,pilot16,256,0.6971048617484195
s9314_r4_n750_a375,confirmatory,9314,4,0.75,0.375,joint_forward_feedback,comb_contiguous_k4,comb_contiguous,comb,4,0.6,0.5,1.0,64,64,32,fixed_cache,pilot16,256,0.5363544250307551
s9314_r4_n750_a375,confirmatory,9314,4,0.75,0.375,joint_forward_feedback,comb_contiguous_k8,comb_contiguous,comb,8,1.1,1.0,1.0,64,64,64,fixed_cache,pilot16,256,0.4006450800854676
s9314_r4_n750_a375,confirmatory,9314,4,0.75,0.375,joint_forward_feedback,balanced_contiguous_k1,balanced_contiguous,balanced,1,0.1737418407321983,0.125,0.487418407321983,64,64,8,fresh_iid,pilot16,256,0.7141318097770897
s9314_r4_n750_a375,confirmatory,9314,4,0.75,0.375,joint_forward_feedback,balanced_contiguous_k2,balanced_contiguous,balanced,2,0.2987418407321983,0.25,0.487418407321983,64,64,16,fresh_iid,pilot16,256,0.6436966160427976
s9314_r4_n750_a375,confirmatory,9314,4,0.75,0.375,joint_forward_feedback,balanced_contiguous_k4,balanced_contiguous,balanced,4,0.5487418407321983,0.5,0.487418407321983,64,64,32,fresh_iid,pilot16,256,0.50653758890833
s9314_r4_n750_a375,confirmatory,9314,4,0.75,0.375,joint_forward_feedback,balanced_contiguous_k8,balanced_contiguous,balanced,8,1.0487418407321982,1.0,0.487418407321983,64,64,64,fresh_iid,pilot16,256,0.44299014589068775
s9314_r4_n750_a375,confirmatory,9314,4,0.75,0.375,joint_forward_feedback,balanced_interleaved_k1,balanced_interleaved,balanced,1,0.19088469787505546,0.125,0.6588469787505544,64,64,8,fresh_iid,pilot16,256,0.7074618242639719
s9314_r4_n750_a375,confirmatory,9314,4,0.75,0.375,joint_forward_feedback,balanced_interleaved_k2,balanced_interleaved,balanced,2,0.31588469787505546,0.25,0.6588469787505544,64,64,16,fresh_iid,pilot16,256,0.6169670188366204
s9314_r4_n750_a375,confirmatory,9314,4,0.75,0.375,joint_forward_feedback,balanced_interleaved_k4,balanced_interleaved,balanced,4,0.5658846978750555,0.5,0.6588469787505544,64,64,32,fresh_iid,pilot16,256,0.5530568478973504
s9314_r4_n750_a375,confirmatory,9314,4,0.75,0.375,joint_forward_feedback,balanced_interleaved_k8,balanced_interleaved,balanced,8,1.0658846978750554,1.0,0.6588469787505544,64,64,64,fresh_iid,pilot16,256,0.39986077705333817
s9314_r4_n750_a375,confirmatory,9314,4,0.75,0.375,joint_forward_feedback,balanced_permutation_a_k1,balanced_permutation_a,balanced,1,0.18899250811836066,0.125,0.6399250811836067,64,64,8,fresh_iid,pilot16,256,0.70872022017415
s9314_r4_n750_a375,confirmatory,9314,4,0.75,0.375,joint_forward_feedback,balanced_permutation_a_k2,balanced_permutation_a,balanced,2,0.31399250811836066,0.25,0.6399250811836067,64,64,16,fresh_iid,pilot16,256,0.657376578534737
s9314_r4_n750_a375,confirmatory,9314,4,0.75,0.375,joint_forward_feedback,balanced_permutation_a_k4,balanced_permutation_a,balanced,4,0.5639925081183607,0.5,0.6399250811836067,64,64,32,fresh_iid,pilot16,256,0.5361450316024244
s9314_r4_n750_a375,confirmatory,9314,4,0.75,0.375,joint_forward_feedback,balanced_permutation_a_k8,balanced_permutation_a,balanced,8,1.0639925081183608,1.0,0.6399250811836067,64,64,64,fresh_iid,pilot16,256,0.4026781463459751
s9314_r4_n750_a375,confirmatory,9314,4,0.75,0.375,joint_forward_feedback,balanced_permutation_b_k1,balanced_permutation_b,balanced,1,0.18840039778945986,0.125,0.6340039778945984,64,64,8,fresh_iid,pilot16,256,0.7081904085387835
s9314_r4_n750_a375,confirmatory,9314,4,0.75,0.375,joint_forward_feedback,balanced_permutation_b_k2,balanced_permutation_b,balanced,2,0.31340039778945983,0.25,0.6340039778945984,64,64,16,fresh_iid,pilot16,256,0.6510980888511126
s9314_r4_n750_a375,confirmatory,9314,4,0.75,0.375,joint_forward_feedback,balanced_permutation_b_k4,balanced_permutation_b,balanced,4,0.5634003977894598,0.5,0.6340039778945984,64,64,32,fresh_iid,pilot16,256,0.4785234052494042
s9314_r4_n750_a375,confirmatory,9314,4,0.75,0.375,joint_forward_feedback,balanced_permutation_b_k8,balanced_permutation_b,balanced,8,1.06340039778946,1.0,0.6340039778945984,64,64,64,fresh_iid,pilot16,256,0.40011425544766477
s9314_r4_n750_a375,confirmatory,9314,4,0.75,0.375,joint_forward_feedback,comb_contiguous_k1,comb_contiguous,comb,1,0.225,0.125,1.0,64,64,8,fresh_iid,pilot16,256,0.7042070135132705
s9314_r4_n750_a375,confirmatory,9314,4,0.75,0.375,joint_forward_feedback,comb_contiguous_k2,comb_contiguous,comb,2,0.35,0.25,1.0,64,64,16,fresh_iid,pilot16,256,0.6772198814911903
s9314_r4_n750_a375,confirmatory,9314,4,0.75,0.375,joint_forward_feedback,comb_contiguous_k4,comb_contiguous,comb,4,0.6,0.5,1.0,64,64,32,fresh_iid,pilot16,256,0.5126684788744267
s9314_r4_n750_a375,confirmatory,9314,4,0.75,0.375,joint_forward_feedback,comb_contiguous_k8,comb_contiguous,comb,8,1.1,1.0,1.0,64,64,64,fresh_iid,pilot16,256,0.38454804300089196
s9314_r8_n000_a125,confirmatory,9314,8,0.0,0.125,feedback_only,balanced_contiguous_k1,balanced_contiguous,balanced,1,0.1737418407321983,0.125,0.487418407321983,64,64,8,fixed_cache,pilot16,256,0.4249145966861577
s9314_r8_n000_a125,confirmatory,9314,8,0.0,0.125,feedback_only,balanced_contiguous_k2,balanced_contiguous,balanced,2,0.2987418407321983,0.25,0.487418407321983,64,64,16,fixed_cache,pilot16,256,0.3762701662260092
s9314_r8_n000_a125,confirmatory,9314,8,0.0,0.125,feedback_only,balanced_contiguous_k4,balanced_contiguous,balanced,4,0.5487418407321983,0.5,0.487418407321983,64,64,32,fixed_cache,pilot16,256,0.30748174228288677
s9314_r8_n000_a125,confirmatory,9314,8,0.0,0.125,feedback_only,balanced_contiguous_k8,balanced_contiguous,balanced,8,1.0487418407321982,1.0,0.487418407321983,64,64,64,fixed_cache,pilot16,256,0.12171658438997131
s9314_r8_n000_a125,confirmatory,9314,8,0.0,0.125,feedback_only,balanced_interleaved_k1,balanced_interleaved,balanced,1,0.19088469787505546,0.125,0.6588469787505544,64,64,8,fixed_cache,pilot16,256,0.4249145966861577
s9314_r8_n000_a125,confirmatory,9314,8,0.0,0.125,feedback_only,balanced_interleaved_k2,balanced_interleaved,balanced,2,0.31588469787505546,0.25,0.6588469787505544,64,64,16,fixed_cache,pilot16,256,0.3851625207768375
s9314_r8_n000_a125,confirmatory,9314,8,0.0,0.125,feedback_only,balanced_interleaved_k4,balanced_interleaved,balanced,4,0.5658846978750555,0.5,0.6588469787505544,64,64,32,fixed_cache,pilot16,256,0.29076082238820167
s9314_r8_n000_a125,confirmatory,9314,8,0.0,0.125,feedback_only,balanced_interleaved_k8,balanced_interleaved,balanced,8,1.0658846978750554,1.0,0.6588469787505544,64,64,64,fixed_cache,pilot16,256,0.12171658438997131
s9314_r8_n000_a125,confirmatory,9314,8,0.0,0.125,feedback_only,balanced_permutation_a_k1,balanced_permutation_a,balanced,1,0.18899250811836066,0.125,0.6399250811836067,64,64,8,fixed_cache,pilot16,256,0.4249145966861577
s9314_r8_n000_a125,confirmatory,9314,8,0.0,0.125,feedback_only,balanced_permutation_a_k2,balanced_permutation_a,balanced,2,0.31399250811836066,0.25,0.6399250811836067,64,64,16,fixed_cache,pilot16,256,0.37221494890022083
s9314_r8_n000_a125,confirmatory,9314,8,0.0,0.125,feedback_only,balanced_permutation_a_k4,balanced_permutation_a,balanced,4,0.5639925081183607,0.5,0.6399250811836067,64,64,32,fixed_cache,pilot16,256,0.3065075912858449
s9314_r8_n000_a125,confirmatory,9314,8,0.0,0.125,feedback_only,balanced_permutation_a_k8,balanced_permutation_a,balanced,8,1.0639925081183608,1.0,0.6399250811836067,64,64,64,fixed_cache,pilot16,256,0.12171658438997131
s9314_r8_n000_a125,confirmatory,9314,8,0.0,0.125,feedback_only,balanced_permutation_b_k1,balanced_permutation_b,balanced,1,0.18840039778945986,0.125,0.6340039778945984,64,64,8,fixed_cache,pilot16,256,0.4249145966861577
s9314_r8_n000_a125,confirmatory,9314,8,0.0,0.125,feedback_only,balanced_permutation_b_k2,balanced_permutation_b,balanced,2,0.31340039778945983,0.25,0.6340039778945984,64,64,16,fixed_cache,pilot16,256,0.3778330381221884
s9314_r8_n000_a125,confirmatory,9314,8,0.0,0.125,feedback_only,balanced_permutation_b_k4,balanced_permutation_b,balanced,4,0.5634003977894598,0.5,0.6340039778945984,64,64,32,fixed_cache,pilot16,256,0.30231300741506517
s9314_r8_n000_a125,confirmatory,9314,8,0.0,0.125,feedback_only,balanced_permutation_b_k8,balanced_permutation_b,balanced,8,1.06340039778946,1.0,0.6340039778945984,64,64,64,fixed_cache,pilot16,256,0.12171658438997131
s9314_r8_n000_a125,confirmatory,9314,8,0.0,0.125,feedback_only,comb_contiguous_k1,comb_contiguous,comb,1,0.225,0.125,1.0,64,64,8,fixed_cache,pilot16,256,0.4249145966861577
s9314_r8_n000_a125,confirmatory,9314,8,0.0,0.125,feedback_only,comb_contiguous_k2,comb_contiguous,comb,2,0.35,0.25,1.0,64,64,16,fixed_cache,pilot16,256,0.3812274164272462
s9314_r8_n000_a125,confirmatory,9314,8,0.0,0.125,feedback_only,comb_contiguous_k4,comb_contiguous,comb,4,0.6,0.5,1.0,64,64,32,fixed_cache,pilot16,256,0.28827747249978486
s9314_r8_n000_a125,confirmatory,9314,8,0.0,0.125,feedback_only,comb_contiguous_k8,comb_contiguous,comb,8,1.1,1.0,1.0,64,64,64,fixed_cache,pilot16,256,0.12171658438997131
s9314_r8_n000_a125,confirmatory,9314,8,0.0,0.125,feedback_only,balanced_contiguous_k1,balanced_contiguous,balanced,1,0.1737418407321983,0.125,0.487418407321983,64,64,8,fresh_iid,pilot16,256,0.41580970614949964
s9314_r8_n000_a125,confirmatory,9314,8,0.0,0.125,feedback_only,balanced_contiguous_k2,balanced_contiguous,balanced,2,0.2987418407321983,0.25,0.487418407321983,64,64,16,fresh_iid,pilot16,256,0.3697050966852349
s9314_r8_n000_a125,confirmatory,9314,8,0.0,0.125,feedback_only,balanced_contiguous_k4,balanced_contiguous,balanced,4,0.5487418407321983,0.5,0.487418407321983,64,64,32,fresh_iid,pilot16,256,0.29701613143323374
s9314_r8_n000_a125,confirmatory,9314,8,0.0,0.125,feedback_only,balanced_contiguous_k8,balanced_contiguous,balanced,8,1.0487418407321982,1.0,0.487418407321983,64,64,64,fresh_iid,pilot16,256,0.11425228265910639
s9314_r8_n000_a125,confirmatory,9314,8,0.0,0.125,feedback_only,balanced_interleaved_k1,balanced_interleaved,balanced,1,0.19088469787505546,0.125,0.6588469787505544,64,64,8,fresh_iid,pilot16,256,0.41580970614949964
s9314_r8_n000_a125,confirmatory,9314,8,0.0,0.125,feedback_only,balanced_interleaved_k2,balanced_interleaved,balanced,2,0.31588469787505546,0.25,0.6588469787505544,64,64,16,fresh_iid,pilot16,256,0.37803695084535516
s9314_r8_n000_a125,confirmatory,9314,8,0.0,0.125,feedback_only,balanced_interleaved_k4,balanced_interleaved,balanced,4,0.5658846978750555,0.5,0.6588469787505544,64,64,32,fresh_iid,pilot16,256,0.2833143530798471
s9314_r8_n000_a125,confirmatory,9314,8,0.0,0.125,feedback_only,balanced_interleaved_k8,balanced_interleaved,balanced,8,1.0658846978750554,1.0,0.6588469787505544,64,64,64,fresh_iid,pilot16,256,0.11425228265910639
s9314_r8_n000_a125,confirmatory,9314,8,0.0,0.125,feedback_only,balanced_permutation_a_k1,balanced_permutation_a,balanced,1,0.18899250811836066,0.125,0.6399250811836067,64,64,8,fresh_iid,pilot16,256,0.41580970614949964
s9314_r8_n000_a125,confirmatory,9314,8,0.0,0.125,feedback_only,balanced_permutation_a_k2,balanced_permutation_a,balanced,2,0.31399250811836066,0.25,0.6399250811836067,64,64,16,fresh_iid,pilot16,256,0.36783102565851694
s9314_r8_n000_a125,confirmatory,9314,8,0.0,0.125,feedback_only,balanced_permutation_a_k4,balanced_permutation_a,balanced,4,0.5639925081183607,0.5,0.6399250811836067,64,64,32,fresh_iid,pilot16,256,0.2933994063517828
s9314_r8_n000_a125,confirmatory,9314,8,0.0,0.125,feedback_only,balanced_permutation_a_k8,balanced_permutation_a,balanced,8,1.0639925081183608,1.0,0.6399250811836067,64,64,64,fresh_iid,pilot16,256,0.11425228265910639
s9314_r8_n000_a125,confirmatory,9314,8,0.0,0.125,feedback_only,balanced_permutation_b_k1,balanced_permutation_b,balanced,1,0.18840039778945986,0.125,0.6340039778945984,64,64,8,fresh_iid,pilot16,256,0.41580970614949964
s9314_r8_n000_a125,confirmatory,9314,8,0.0,0.125,feedback_only,balanced_permutation_b_k2,balanced_permutation_b,balanced,2,0.31340039778945983,0.25,0.6340039778945984,64,64,16,fresh_iid,pilot16,256,0.37383561782172225
s9314_r8_n000_a125,confirmatory,9314,8,0.0,0.125,feedback_only,balanced_permutation_b_k4,balanced_permutation_b,balanced,4,0.5634003977894598,0.5,0.6340039778945984,64,64,32,fresh_iid,pilot16,256,0.3044615340309852
s9314_r8_n000_a125,confirmatory,9314,8,0.0,0.125,feedback_only,balanced_permutation_b_k8,balanced_permutation_b,balanced,8,1.06340039778946,1.0,0.6340039778945984,64,64,64,fresh_iid,pilot16,256,0.11425228265910639
s9314_r8_n000_a125,confirmatory,9314,8,0.0,0.125,feedback_only,comb_contiguous_k1,comb_contiguous,comb,1,0.225,0.125,1.0,64,64,8,fresh_iid,pilot16,256,0.41580970614949964
s9314_r8_n000_a125,confirmatory,9314,8,0.0,0.125,feedback_only,comb_contiguous_k2,comb_contiguous,comb,2,0.35,0.25,1.0,64,64,16,fresh_iid,pilot16,256,0.37765382929758184
s9314_r8_n000_a125,confirmatory,9314,8,0.0,0.125,feedback_only,comb_contiguous_k4,comb_contiguous,comb,4,0.6,0.5,1.0,64,64,32,fresh_iid,pilot16,256,0.2852044361009454
s9314_r8_n000_a125,confirmatory,9314,8,0.0,0.125,feedback_only,comb_contiguous_k8,comb_contiguous,comb,8,1.1,1.0,1.0,64,64,64,fresh_iid,pilot16,256,0.11425228265910639
s9314_r8_n000_a125,confirmatory,9314,8,0.0,0.125,joint_forward_feedback,balanced_contiguous_k1,balanced_contiguous,balanced,1,0.1737418407321983,0.125,0.487418407321983,64,64,8,fixed_cache,pilot16,256,0.44014179761404787
s9314_r8_n000_a125,confirmatory,9314,8,0.0,0.125,joint_forward_feedback,balanced_contiguous_k2,balanced_contiguous,balanced,2,0.2987418407321983,0.25,0.487418407321983,64,64,16,fixed_cache,pilot16,256,0.405083825393065
s9314_r8_n000_a125,confirmatory,9314,8,0.0,0.125,joint_forward_feedback,balanced_contiguous_k4,balanced_contiguous,balanced,4,0.5487418407321983,0.5,0.487418407321983,64,64,32,fixed_cache,pilot16,256,0.36069539147123897
s9314_r8_n000_a125,confirmatory,9314,8,0.0,0.125,joint_forward_feedback,balanced_contiguous_k8,balanced_contiguous,balanced,8,1.0487418407321982,1.0,0.487418407321983,64,64,64,fixed_cache,pilot16,256,0.27878741099161636
s9314_r8_n000_a125,confirmatory,9314,8,0.0,0.125,joint_forward_feedback,balanced_interleaved_k1,balanced_interleaved,balanced,1,0.19088469787505546,0.125,0.6588469787505544,64,64,8,fixed_cache,pilot16,256,0.43627202825053946
s9314_r8_n000_a125,confirmatory,9314,8,0.0,0.125,joint_forward_feedback,balanced_interleaved_k2,balanced_interleaved,balanced,2,0.31588469787505546,0.25,0.6588469787505544,64,64,16,fixed_cache,pilot16,256,0.40588015428494084
s9314_r8_n000_a125,confirmatory,9314,8,0.0,0.125,joint_forward_feedback,balanced_interleaved_k4,balanced_interleaved,balanced,4,0.5658846978750555,0.5,0.6588469787505544,64,64,32,fixed_cache,pilot16,256,0.3335242081506927
s9314_r8_n000_a125,confirmatory,9314,8,0.0,0.125,joint_forward_feedback,balanced_interleaved_k8,balanced_interleaved,balanced,8,1.0658846978750554,1.0,0.6588469787505544,64,64,64,fixed_cache,pilot16,256,0.22239964232750267
s9314_r8_n000_a125,confirmatory,9314,8,0.0,0.125,joint_forward_feedback,balanced_permutation_a_k1,balanced_permutation_a,balanced,1,0.18899250811836066,0.125,0.6399250811836067,64,64,8,fixed_cache,pilot16,256,0.4371336478881557
s9314_r8_n000_a125,confirmatory,9314,8,0.0,0.125,joint_forward_feedback,balanced_permutation_a_k2,balanced_permutation_a,balanced,2,0.31399250811836066,0.25,0.6399250811836067,64,64,16,fixed_cache,pilot16,256,0.39630971019440586
s9314_r8_n000_a125,confirmatory,9314,8,0.0,0.125,joint_forward_feedback,balanced_permutation_a_k4,balanced_permutation_a,balanced,4,0.5639925081183607,0.5,0.6399250811836067,64,64,32,fixed_cache,pilot16,256,0.34904019537410413
s9314_r8_n000_a125,confirmatory,9314,8,0.0,0.125,joint_forward_feedback,balanced_permutation_a_k8,balanced_permutation_a,balanced,8,1.0639925081183608,1.0,0.6399250811836067,64,64,64,fixed_cache,pilot16,256,0.23057441376164825
s9314_r8_n000_a125,confirmatory,9314,8,0.0,0.125,joint_forward_feedback,balanced_permutation_b_k1,balanced_permutation_b,balanced,1,0.18840039778945986,0.125,0.6340039778945984,64,64,8,fixed_cache,pilot16,256,0.43707459029765
s9314_r8_n000_a125,confirmatory,9314,8,0.0,0.125,joint_forward_feedback,balanced_permutation_b_k2,balanced_permutation_b,balanced,2,0.31340039778945983,0.25,0.6340039778945984,64,64,16,fixed_cache,pilot16,256,0.40098515726118994
s9314_r8_n000_a125,confirmatory,9314,8,0.0,0.125,joint_forward_feedback,balanced_permutation_b_k4,balanced_permutation_b,balanced,4,0.5634003977894598,0.5,0.6340039778945984,64,64,32,fixed_cache,pilot16,256,0.34489435457407636
s9314_r8_n000_a125,confirmatory,9314,8,0.0,0.125,joint_forward_feedback,balanced_permutation_b_k8,balanced_permutation_b,balanced,8,1.06340039778946,1.0,0.6340039778945984,64,64,64,fixed_cache,pilot16,256,0.23083165914118464
s9314_r8_n000_a125,confirmatory,9314,8,0.0,0.125,joint_forward_feedback,comb_contiguous_k1,comb_contiguous,comb,1,0.225,0.125,1.0,64,64,8,fixed_cache,pilot16,256,0.43398765182035504
s9314_r8_n000_a125,confirmatory,9314,8,0.0,0.125,joint_forward_feedback,comb_contiguous_k2,comb_contiguous,comb,2,0.35,0.25,1.0,64,64,16,fixed_cache,pilot16,256,0.3949697990833414
s9314_r8_n000_a125,confirmatory,9314,8,0.0,0.125,joint_forward_feedback,comb_contiguous_k4,comb_contiguous,comb,4,0.6,0.5,1.0,64,64,32,fixed_cache,pilot16,256,0.31370745445067644
s9314_r8_n000_a125,confirmatory,9314,8,0.0,0.125,joint_forward_feedback,comb_contiguous_k8,comb_contiguous,comb,8,1.1,1.0,1.0,64,64,64,fixed_cache,pilot16,256,0.2046131464749591
s9314_r8_n000_a125,confirmatory,9314,8,0.0,0.125,joint_forward_feedback,balanced_contiguous_k1,balanced_contiguous,balanced,1,0.1737418407321983,0.125,0.487418407321983,64,64,8,fresh_iid,pilot16,256,0.4300881599090539
s9314_r8_n000_a125,confirmatory,9314,8,0.0,0.125,joint_forward_feedback,balanced_contiguous_k2,balanced_contiguous,balanced,2,0.2987418407321983,0.25,0.487418407321983,64,64,16,fresh_iid,pilot16,256,0.3970592543896675
s9314_r8_n000_a125,confirmatory,9314,8,0.0,0.125,joint_forward_feedback,balanced_contiguous_k4,balanced_contiguous,balanced,4,0.5487418407321983,0.5,0.487418407321983,64,64,32,fresh_iid,pilot16,256,0.34942674172124955
s9314_r8_n000_a125,confirmatory,9314,8,0.0,0.125,joint_forward_feedback,balanced_contiguous_k8,balanced_contiguous,balanced,8,1.0487418407321982,1.0,0.487418407321983,64,64,64,fresh_iid,pilot16,256,0.2714582433553487
s9314_r8_n000_a125,confirmatory,9314,8,0.0,0.125,joint_forward_feedback,balanced_interleaved_k1,balanced_interleaved,balanced,1,0.19088469787505546,0.125,0.6588469787505544,64,64,8,fresh_iid,pilot16,256,0.4260645011240314
s9314_r8_n000_a125,confirmatory,9314,8,0.0,0.125,joint_forward_feedback,balanced_interleaved_k2,balanced_interleaved,balanced,2,0.31588469787505546,0.25,0.6588469787505544,64,64,16,fresh_iid,pilot16,256,0.3972797333333212
s9314_r8_n000_a125,confirmatory,9314,8,0.0,0.125,joint_forward_feedback,balanced_interleaved_k4,balanced_interleaved,balanced,4,0.5658846978750555,0.5,0.6588469787505544,64,64,32,fresh_iid,pilot16,256,0.3256153765855375
s9314_r8_n000_a125,confirmatory,9314,8,0.0,0.125,joint_forward_feedback,balanced_interleaved_k8,balanced_interleaved,balanced,8,1.0658846978750554,1.0,0.6588469787505544,64,64,64,fresh_iid,pilot16,256,0.21552882442843707
s9314_r8_n000_a125,confirmatory,9314,8,0.0,0.125,joint_forward_feedback,balanced_permutation_a_k1,balanced_permutation_a,balanced,1,0.18899250811836066,0.125,0.6399250811836067,64,64,8,fresh_iid,pilot16,256,0.42736527065433083
s9314_r8_n000_a125,confirmatory,9314,8,0.0,0.125,joint_forward_feedback,balanced_permutation_a_k2,balanced_permutation_a,balanced,2,0.31399250811836066,0.25,0.6399250811836067,64,64,16,fresh_iid,pilot16,256,0.39133114185231627
s9314_r8_n000_a125,confirmatory,9314,8,0.0,0.125,joint_forward_feedback,balanced_permutation_a_k4,balanced_permutation_a,balanced,4,0.5639925081183607,0.5,0.6399250811836067,64,64,32,fresh_iid,pilot16,256,0.33591873807838474
s9314_r8_n000_a125,confirmatory,9314,8,0.0,0.125,joint_forward_feedback,balanced_permutation_a_k8,balanced_permutation_a,balanced,8,1.0639925081183608,1.0,0.6399250811836067,64,64,64,fresh_iid,pilot16,256,0.224214878165516
s9314_r8_n000_a125,confirmatory,9314,8,0.0,0.125,joint_forward_feedback,balanced_permutation_b_k1,balanced_permutation_b,balanced,1,0.18840039778945986,0.125,0.6340039778945984,64,64,8,fresh_iid,pilot16,256,0.4270477065275307
s9314_r8_n000_a125,confirmatory,9314,8,0.0,0.125,joint_forward_feedback,balanced_permutation_b_k2,balanced_permutation_b,balanced,2,0.31340039778945983,0.25,0.6340039778945984,64,64,16,fresh_iid,pilot16,256,0.39585773339056995
s9314_r8_n000_a125,confirmatory,9314,8,0.0,0.125,joint_forward_feedback,balanced_permutation_b_k4,balanced_permutation_b,balanced,4,0.5634003977894598,0.5,0.6340039778945984,64,64,32,fresh_iid,pilot16,256,0.34471859648783615
s9314_r8_n000_a125,confirmatory,9314,8,0.0,0.125,joint_forward_feedback,balanced_permutation_b_k8,balanced_permutation_b,balanced,8,1.06340039778946,1.0,0.6340039778945984,64,64,64,fresh_iid,pilot16,256,0.22663604731537115
s9314_r8_n000_a125,confirmatory,9314,8,0.0,0.125,joint_forward_feedback,comb_contiguous_k1,comb_contiguous,comb,1,0.225,0.125,1.0,64,64,8,fresh_iid,pilot16,256,0.4232285693846246
s9314_r8_n000_a125,confirmatory,9314,8,0.0,0.125,joint_forward_feedback,comb_contiguous_k2,comb_contiguous,comb,2,0.35,0.25,1.0,64,64,16,fresh_iid,pilot16,256,0.3902286873591789
s9314_r8_n000_a125,confirmatory,9314,8,0.0,0.125,joint_forward_feedback,comb_contiguous_k4,comb_contiguous,comb,4,0.6,0.5,1.0,64,64,32,fresh_iid,pilot16,256,0.31118314993512797
s9314_r8_n000_a125,confirmatory,9314,8,0.0,0.125,joint_forward_feedback,comb_contiguous_k8,comb_contiguous,comb,8,1.1,1.0,1.0,64,64,64,fresh_iid,pilot16,256,0.19740723961560133
s9314_r8_n000_a375,confirmatory,9314,8,0.0,0.375,feedback_only,balanced_contiguous_k1,balanced_contiguous,balanced,1,0.1737418407321983,0.125,0.487418407321983,64,64,8,fixed_cache,pilot16,256,0.4510245280438258
s9314_r8_n000_a375,confirmatory,9314,8,0.0,0.375,feedback_only,balanced_contiguous_k2,balanced_contiguous,balanced,2,0.2987418407321983,0.25,0.487418407321983,64,64,16,fixed_cache,pilot16,256,0.3985368058001203
s9314_r8_n000_a375,confirmatory,9314,8,0.0,0.375,feedback_only,balanced_contiguous_k4,balanced_contiguous,balanced,4,0.5487418407321983,0.5,0.487418407321983,64,64,32,fixed_cache,pilot16,256,0.3190450885489044
s9314_r8_n000_a375,confirmatory,9314,8,0.0,0.375,feedback_only,balanced_contiguous_k8,balanced_contiguous,balanced,8,1.0487418407321982,1.0,0.487418407321983,64,64,64,fixed_cache,pilot16,256,0.14659961395864482
s9314_r8_n000_a375,confirmatory,9314,8,0.0,0.375,feedback_only,balanced_interleaved_k1,balanced_interleaved,balanced,1,0.19088469787505546,0.125,0.6588469787505544,64,64,8,fixed_cache,pilot16,256,0.4510245280438258
s9314_r8_n000_a375,confirmatory,9314,8,0.0,0.375,feedback_only,balanced_interleaved_k2,balanced_interleaved,balanced,2,0.31588469787505546,0.25,0.6588469787505544,64,64,16,fixed_cache,pilot16,256,0.4127116083429307
s9314_r8_n000_a375,confirmatory,9314,8,0.0,0.375,feedback_only,balanced_interleaved_k4,balanced_interleaved,balanced,4,0.5658846978750555,0.5,0.6588469787505544,64,64,32,fixed_cache,pilot16,256,0.3275307732205849
s9314_r8_n000_a375,confirmatory,9314,8,0.0,0.375,feedback_only,balanced_interleaved_k8,balanced_interleaved,balanced,8,1.0658846978750554,1.0,0.6588469787505544,64,64,64,fixed_cache,pilot16,256,0.14659961395864482
s9314_r8_n000_a375,confirmatory,9314,8,0.0,0.375,feedback_only,balanced_permutation_a_k1,balanced_permutation_a,balanced,1,0.18899250811836066,0.125,0.6399250811836067,64,64,8,fixed_cache,pilot16,256,0.4510245280438258
s9314_r8_n000_a375,confirmatory,9314,8,0.0,0.375,feedback_only,balanced_permutation_a_k2,balanced_permutation_a,balanced,2,0.31399250811836066,0.25,0.6399250811836067,64,64,16,fixed_cache,pilot16,256,0.39899133862687436
s9314_r8_n000_a375,confirmatory,9314,8,0.0,0.375,feedback_only,balanced_permutation_a_k4,balanced_permutation_a,balanced,4,0.5639925081183607,0.5,0.6399250811836067,64,64,32,fixed_cache,pilot16,256,0.3210615162424011
s9314_r8_n000_a375,confirmatory,9314,8,0.0,0.375,feedback_only,balanced_permutation_a_k8,balanced_permutation_a,balanced,8,1.0639925081183608,1.0,0.6399250811836067,64,64,64,fixed_cache,pilot16,256,0.14659961395864482
s9314_r8_n000_a375,confirmatory,9314,8,0.0,0.375,feedback_only,balanced_permutation_b_k1,balanced_permutation_b,balanced,1,0.18840039778945986,0.125,0.6340039778945984,64,64,8,fixed_cache,pilot16,256,0.4510245280438258
s9314_r8_n000_a375,confirmatory,9314,8,0.0,0.375,feedback_only,balanced_permutation_b_k2,balanced_permutation_b,balanced,2,0.31340039778945983,0.25,0.6340039778945984,64,64,16,fixed_cache,pilot16,256,0.40837693271296577
s9314_r8_n000_a375,confirmatory,9314,8,0.0,0.375,feedback_only,balanced_permutation_b_k4,balanced_permutation_b,balanced,4,0.5634003977894598,0.5,0.6340039778945984,64,64,32,fixed_cache,pilot16,256,0.31711004646362767
s9314_r8_n000_a375,confirmatory,9314,8,0.0,0.375,feedback_only,balanced_permutation_b_k8,balanced_permutation_b,balanced,8,1.06340039778946,1.0,0.6340039778945984,64,64,64,fixed_cache,pilot16,256,0.14659961395864482
s9314_r8_n000_a375,confirmatory,9314,8,0.0,0.375,feedback_only,comb_contiguous_k1,comb_contiguous,comb,1,0.225,0.125,1.0,64,64,8,fixed_cache,pilot16,256,0.4510245280438258
s9314_r8_n000_a375,confirmatory,9314,8,0.0,0.375,feedback_only,comb_contiguous_k2,comb_contiguous,comb,2,0.35,0.25,1.0,64,64,16,fixed_cache,pilot16,256,0.40504042646497107
s9314_r8_n000_a375,confirmatory,9314,8,0.0,0.375,feedback_only,comb_contiguous_k4,comb_contiguous,comb,4,0.6,0.5,1.0,64,64,32,fixed_cache,pilot16,256,0.30606047380010937
s9314_r8_n000_a375,confirmatory,9314,8,0.0,0.375,feedback_only,comb_contiguous_k8,comb_contiguous,comb,8,1.1,1.0,1.0,64,64,64,fixed_cache,pilot16,256,0.14659961395864482
s9314_r8_n000_a375,confirmatory,9314,8,0.0,0.375,feedback_only,balanced_contiguous_k1,balanced_contiguous,balanced,1,0.1737418407321983,0.125,0.487418407321983,64,64,8,fresh_iid,pilot16,256,0.44805483083544184
s9314_r8_n000_a375,confirmatory,9314,8,0.0,0.375,feedback_only,balanced_contiguous_k2,balanced_contiguous,balanced,2,0.2987418407321983,0.25,0.487418407321983,64,64,16,fresh_iid,pilot16,256,0.39252326268892906
s9314_r8_n000_a375,confirmatory,9314,8,0.0,0.375,feedback_only,balanced_contiguous_k4,balanced_contiguous,balanced,4,0.5487418407321983,0.5,0.487418407321983,64,64,32,fresh_iid,pilot16,256,0.30520613602235414
s9314_r8_n000_a375,confirmatory,9314,8,0.0,0.375,feedback_only,balanced_contiguous_k8,balanced_contiguous,balanced,8,1.0487418407321982,1.0,0.487418407321983,64,64,64,fresh_iid,pilot16,256,0.11655305648445109
s9314_r8_n000_a375,confirmatory,9314,8,0.0,0.375,feedback_only,balanced_interleaved_k1,balanced_interleaved,balanced,1,0.19088469787505546,0.125,0.6588469787505544,64,64,8,fresh_iid,pilot16,256,0.44805483083544184
s9314_r8_n000_a375,confirmatory,9314,8,0.0,0.375,feedback_only,balanced_interleaved_k2,balanced_interleaved,balanced,2,0.31588469787505546,0.25,0.6588469787505544,64,64,16,fresh_iid,pilot16,256,0.403674292135508
s9314_r8_n000_a375,confirmatory,9314,8,0.0,0.375,feedback_only,balanced_interleaved_k4,balanced_interleaved,balanced,4,0.5658846978750555,0.5,0.6588469787505544,64,64,32,fresh_iid,pilot16,256,0.3082897076303096
s9314_r8_n000_a375,confirmatory,9314,8,0.0,0.375,feedback_only,balanced_interleaved_k8,balanced_interleaved,balanced,8,1.0658846978750554,1.0,0.6588469787505544,64,64,64,fresh_iid,pilot16,256,0.11655305648445109
s9314_r8_n000_a375,confirmatory,9314,8,0.0,0.375,feedback_only,balanced_permutation_a_k1,balanced_permutation_a,balanced,1,0.18899250811836066,0.125,0.6399250811836067,64,64,8,fresh_iid,pilot16,256,0.44805483083544184
s9314_r8_n000_a375,confirmatory,9314,8,0.0,0.375,feedback_only,balanced_permutation_a_k2,balanced_permutation_a,balanced,2,0.31399250811836066,0.25,0.6399250811836067,64,64,16,fresh_iid,pilot16,256,0.3967938182988763
s9314_r8_n000_a375,confirmatory,9314,8,0.0,0.375,feedback_only,balanced_permutation_a_k4,balanced_permutation_a,balanced,4,0.5639925081183607,0.5,0.6399250811836067,64,64,32,fresh_iid,pilot16,256,0.3124882761423059
s9314_r8_n000_a375,confirmatory,9314,8,0.0,0.375,feedback_only,balanced_permutation_a_k8,balanced_permutation_a,balanced,8,1.0639925081183608,1.0,0.6399250811836067,64,64,64,fresh_iid,pilot16,256,0.11655305648445109
s9314_r8_n000_a375,confirmatory,9314,8,0.0,0.375,feedback_only,balanced_permutation_b_k1,balanced_permutation_b,balanced,1,0.18840039778945986,0.125,0.6340039778945984,64,64,8,fresh_iid,pilot16,256,0.44805483083544184
s9314_r8_n000_a375,confirmatory,9314,8,0.0,0.375,feedback_only,balanced_permutation_b_k2,balanced_permutation_b,balanced,2,0.31340039778945983,0.25,0.6340039778945984,64,64,16,fresh_iid,pilot16,256,0.4042365590919481
s9314_r8_n000_a375,confirmatory,9314,8,0.0,0.375,feedback_only,balanced_permutation_b_k4,balanced_permutation_b,balanced,4,0.5634003977894598,0.5,0.6340039778945984,64,64,32,fresh_iid,pilot16,256,0.32020300212434494
s9314_r8_n000_a375,confirmatory,9314,8,0.0,0.375,feedback_only,balanced_permutation_b_k8,balanced_permutation_b,balanced,8,1.06340039778946,1.0,0.6340039778945984,64,64,64,fresh_iid,pilot16,256,0.11655305648445109
s9314_r8_n000_a375,confirmatory,9314,8,0.0,0.375,feedback_only,comb_contiguous_k1,comb_contiguous,comb,1,0.225,0.125,1.0,64,64,8,fresh_iid,pilot16,256,0.44805483083544184
s9314_r8_n000_a375,confirmatory,9314,8,0.0,0.375,feedback_only,comb_contiguous_k2,comb_contiguous,comb,2,0.35,0.25,1.0,64,64,16,fresh_iid,pilot16,256,0.4028937057823102
s9314_r8_n000_a375,confirmatory,9314,8,0.0,0.375,feedback_only,comb_contiguous_k4,comb_contiguous,comb,4,0.6,0.5,1.0,64,64,32,fresh_iid,pilot16,256,0.3018249432543934
s9314_r8_n000_a375,confirmatory,9314,8,0.0,0.375,feedback_only,comb_contiguous_k8,comb_contiguous,comb,8,1.1,1.0,1.0,64,64,64,fresh_iid,pilot16,256,0.11655305648445109
s9314_r8_n000_a375,confirmatory,9314,8,0.0,0.375,joint_forward_feedback,balanced_contiguous_k1,balanced_contiguous,balanced,1,0.1737418407321983,0.125,0.487418407321983,64,64,8,fixed_cache,pilot16,256,0.46455649811847194
s9314_r8_n000_a375,confirmatory,9314,8,0.0,0.375,joint_forward_feedback,balanced_contiguous_k2,balanced_contiguous,balanced,2,0.2987418407321983,0.25,0.487418407321983,64,64,16,fixed_cache,pilot16,256,0.42693742179435984
s9314_r8_n000_a375,confirmatory,9314,8,0.0,0.375,joint_forward_feedback,balanced_contiguous_k4,balanced_contiguous,balanced,4,0.5487418407321983,0.5,0.487418407321983,64,64,32,fixed_cache,pilot16,256,0.37511912959034355
s9314_r8_n000_a375,confirmatory,9314,8,0.0,0.375,joint_forward_feedback,balanced_contiguous_k8,balanced_contiguous,balanced,8,1.0487418407321982,1.0,0.487418407321983,64,64,64,fixed_cache,pilot16,256,0.30457558782713734
s9314_r8_n000_a375,confirmatory,9314,8,0.0,0.375,joint_forward_feedback,balanced_interleaved_k1,balanced_interleaved,balanced,1,0.19088469787505546,0.125,0.6588469787505544,64,64,8,fixed_cache,pilot16,256,0.4609695437302296
s9314_r8_n000_a375,confirmatory,9314,8,0.0,0.375,joint_forward_feedback,balanced_interleaved_k2,balanced_interleaved,balanced,2,0.31588469787505546,0.25,0.6588469787505544,64,64,16,fixed_cache,pilot16,256,0.4315070116681039
s9314_r8_n000_a375,confirmatory,9314,8,0.0,0.375,joint_forward_feedback,balanced_interleaved_k4,balanced_interleaved,balanced,4,0.5658846978750555,0.5,0.6588469787505544,64,64,32,fixed_cache,pilot16,256,0.36816045478889914
s9314_r8_n000_a375,confirmatory,9314,8,0.0,0.375,joint_forward_feedback,balanced_interleaved_k8,balanced_interleaved,balanced,8,1.0658846978750554,1.0,0.6588469787505544,64,64,64,fixed_cache,pilot16,256,0.2524647286023005
s9314_r8_n000_a375,confirmatory,9314,8,0.0,0.375,joint_forward_feedback,balanced_permutation_a_k1,balanced_permutation_a,balanced,1,0.18899250811836066,0.125,0.6399250811836067,64,64,8,fixed_cache,pilot16,256,0.4618460683823298
s9314_r8_n000_a375,confirmatory,9314,8,0.0,0.375,joint_forward_feedback,balanced_permutation_a_k2,balanced_permutation_a,balanced,2,0.31399250811836066,0.25,0.6399250811836067,64,64,16,fixed_cache,pilot16,256,0.4214622062054082
s9314_r8_n000_a375,confirmatory,9314,8,0.0,0.375,joint_forward_feedback,balanced_permutation_a_k4,balanced_permutation_a,balanced,4,0.5639925081183607,0.5,0.6399250811836067,64,64,32,fixed_cache,pilot16,256,0.3648314790178875
s9314_r8_n000_a375,confirmatory,9314,8,0.0,0.375,joint_forward_feedback,balanced_permutation_a_k8,balanced_permutation_a,balanced,8,1.0639925081183608,1.0,0.6399250811836067,64,64,64,fixed_cache,pilot16,256,0.2564266003167296
s9314_r8_n000_a375,confirmatory,9314,8,0.0,0.375,joint_forward_feedback,balanced_permutation_b_k1,balanced_permutation_b,balanced,1,0.18840039778945986,0.125,0.6340039778945984,64,64,8,fixed_cache,pilot16,256,0.46210200350436265
s9314_r8_n000_a375,confirmatory,9314,8,0.0,0.375,joint_forward_feedback,balanced_permutation_b_k2,balanced_permutation_b,balanced,2,0.31340039778945983,0.25,0.6340039778945984,64,64,16,fixed_cache,pilot16,256,0.43009701265414935
s9314_r8_n000_a375,confirmatory,9314,8,0.0,0.375,joint_forward_feedback,balanced_permutation_b_k4,balanced_permutation_b,balanced,4,0.5634003977894598,0.5,0.6340039778945984,64,64,32,fixed_cache,pilot16,256,0.3629459115039997
s9314_r8_n000_a375,confirmatory,9314,8,0.0,0.375,joint_forward_feedback,balanced_permutation_b_k8,balanced_permutation_b,balanced,8,1.06340039778946,1.0,0.6340039778945984,64,64,64,fixed_cache,pilot16,256,0.25708654334022185
s9314_r8_n000_a375,confirmatory,9314,8,0.0,0.375,joint_forward_feedback,comb_contiguous_k1,comb_contiguous,comb,1,0.225,0.125,1.0,64,64,8,fixed_cache,pilot16,256,0.4581541720885842
s9314_r8_n000_a375,confirmatory,9314,8,0.0,0.375,joint_forward_feedback,comb_contiguous_k2,comb_contiguous,comb,2,0.35,0.25,1.0,64,64,16,fixed_cache,pilot16,256,0.41795028946268065
s9314_r8_n000_a375,confirmatory,9314,8,0.0,0.375,joint_forward_feedback,comb_contiguous_k4,comb_contiguous,comb,4,0.6,0.5,1.0,64,64,32,fixed_cache,pilot16,256,0.33488023422178737
s9314_r8_n000_a375,confirmatory,9314,8,0.0,0.375,joint_forward_feedback,comb_contiguous_k8,comb_contiguous,comb,8,1.1,1.0,1.0,64,64,64,fixed_cache,pilot16,256,0.2294289566928392
s9314_r8_n000_a375,confirmatory,9314,8,0.0,0.375,joint_forward_feedback,balanced_contiguous_k1,balanced_contiguous,balanced,1,0.1737418407321983,0.125,0.487418407321983,64,64,8,fresh_iid,pilot16,256,0.46163912123859896
s9314_r8_n000_a375,confirmatory,9314,8,0.0,0.375,joint_forward_feedback,balanced_contiguous_k2,balanced_contiguous,balanced,2,0.2987418407321983,0.25,0.487418407321983,64,64,16,fresh_iid,pilot16,256,0.4206991414451908
s9314_r8_n000_a375,confirmatory,9314,8,0.0,0.375,joint_forward_feedback,balanced_contiguous_k4,balanced_contiguous,balanced,4,0.5487418407321983,0.5,0.487418407321983,64,64,32,fresh_iid,pilot16,256,0.36324036831161094
s9314_r8_n000_a375,confirmatory,9314,8,0.0,0.375,joint_forward_feedback,balanced_contiguous_k8,balanced_contiguous,balanced,8,1.0487418407321982,1.0,0.487418407321983,64,64,64,fresh_iid,pilot16,256,0.2822219504449426
s9314_r8_n000_a375,confirmatory,9314,8,0.0,0.375,joint_forward_feedback,balanced_interleaved_k1,balanced_interleaved,balanced,1,0.19088469787505546,0.125,0.6588469787505544,64,64,8,fresh_iid,pilot16,256,0.4578779609012587
s9314_r8_n000_a375,confirmatory,9314,8,0.0,0.375,joint_forward_feedback,balanced_interleaved_k2,balanced_interleaved,balanced,2,0.31588469787505546,0.25,0.6588469787505544,64,64,16,fresh_iid,pilot16,256,0.4229936014890813
s9314_r8_n000_a375,confirmatory,9314,8,0.0,0.375,joint_forward_feedback,balanced_interleaved_k4,balanced_interleaved,balanced,4,0.5658846978750555,0.5,0.6588469787505544,64,64,32,fresh_iid,pilot16,256,0.3512246224986283
s9314_r8_n000_a375,confirmatory,9314,8,0.0,0.375,joint_forward_feedback,balanced_interleaved_k8,balanced_interleaved,balanced,8,1.0658846978750554,1.0,0.6588469787505544,64,64,64,fresh_iid,pilot16,256,0.22490027095822496
s9314_r8_n000_a375,confirmatory,9314,8,0.0,0.375,joint_forward_feedback,balanced_permutation_a_k1,balanced_permutation_a,balanced,1,0.18899250811836066,0.125,0.6399250811836067,64,64,8,fresh_iid,pilot16,256,0.4589663874479455
s9314_r8_n000_a375,confirmatory,9314,8,0.0,0.375,joint_forward_feedback,balanced_permutation_a_k2,balanced_permutation_a,balanced,2,0.31399250811836066,0.25,0.6399250811836067,64,64,16,fresh_iid,pilot16,256,0.41936406460686093
s9314_r8_n000_a375,confirmatory,9314,8,0.0,0.375,joint_forward_feedback,balanced_permutation_a_k4,balanced_permutation_a,balanced,4,0.5639925081183607,0.5,0.6399250811836067,64,64,32,fresh_iid,pilot16,256,0.3554827163510327
s9314_r8_n000_a375,confirmatory,9314,8,0.0,0.375,joint_forward_feedback,balanced_permutation_a_k8,balanced_permutation_a,balanced,8,1.0639925081183608,1.0,0.6399250811836067,64,64,64,fresh_iid,pilot16,256,0.23276460919193476
s9314_r8_n000_a375,confirmatory,9314,8,0.0,0.375,joint_forward_feedback,balanced_permutation_b_k1,balanced_permutation_b,balanced,1,0.18840039778945986,0.125,0.6340039778945984,64,64,8,fresh_iid,pilot16,256,0.45896090475033013
s9314_r8_n000_a375,confirmatory,9314,8,0.0,0.375,joint_forward_feedback,balanced_permutation_b_k2,balanced_permutation_b,balanced,2,0.31340039778945983,0.25,0.6340039778945984,64,64,16,fresh_iid,pilot16,256,0.4252560381870912
s9314_r8_n000_a375,confirmatory,9314,8,0.0,0.375,joint_forward_feedback,balanced_permutation_b_k4,balanced_permutation_b,balanced,4,0.5634003977894598,0.5,0.6340039778945984,64,64,32,fresh_iid,pilot16,256,0.36436153225172885
s9314_r8_n000_a375,confirmatory,9314,8,0.0,0.375,joint_forward_feedback,balanced_permutation_b_k8,balanced_permutation_b,balanced,8,1.06340039778946,1.0,0.6340039778945984,64,64,64,fresh_iid,pilot16,256,0.23254028502146085
s9314_r8_n000_a375,confirmatory,9314,8,0.0,0.375,joint_forward_feedback,comb_contiguous_k1,comb_contiguous,comb,1,0.225,0.125,1.0,64,64,8,fresh_iid,pilot16,256,0.45398585378240425
s9314_r8_n000_a375,confirmatory,9314,8,0.0,0.375,joint_forward_feedback,comb_contiguous_k2,comb_contiguous,comb,2,0.35,0.25,1.0,64,64,16,fresh_iid,pilot16,256,0.41484991767191604
s9314_r8_n000_a375,confirmatory,9314,8,0.0,0.375,joint_forward_feedback,comb_contiguous_k4,comb_contiguous,comb,4,0.6,0.5,1.0,64,64,32,fresh_iid,pilot16,256,0.3293807452662665
s9314_r8_n000_a375,confirmatory,9314,8,0.0,0.375,joint_forward_feedback,comb_contiguous_k8,comb_contiguous,comb,8,1.1,1.0,1.0,64,64,64,fresh_iid,pilot16,256,0.20078479555008732
s9314_r8_n750_a125,confirmatory,9314,8,0.75,0.125,feedback_only,balanced_contiguous_k1,balanced_contiguous,balanced,1,0.1737418407321983,0.125,0.487418407321983,64,64,8,fixed_cache,pilot16,256,0.6886287948694618
s9314_r8_n750_a125,confirmatory,9314,8,0.75,0.125,feedback_only,balanced_contiguous_k2,balanced_contiguous,balanced,2,0.2987418407321983,0.25,0.487418407321983,64,64,16,fixed_cache,pilot16,256,0.6444659645038759
s9314_r8_n750_a125,confirmatory,9314,8,0.75,0.125,feedback_only,balanced_contiguous_k4,balanced_contiguous,balanced,4,0.5487418407321983,0.5,0.487418407321983,64,64,32,fixed_cache,pilot16,256,0.5799351159260708
s9314_r8_n750_a125,confirmatory,9314,8,0.75,0.125,feedback_only,balanced_contiguous_k8,balanced_contiguous,balanced,8,1.0487418407321982,1.0,0.487418407321983,64,64,64,fixed_cache,pilot16,256,0.40719715039213683
s9314_r8_n750_a125,confirmatory,9314,8,0.75,0.125,feedback_only,balanced_interleaved_k1,balanced_interleaved,balanced,1,0.19088469787505546,0.125,0.6588469787505544,64,64,8,fixed_cache,pilot16,256,0.6886287948694618
s9314_r8_n750_a125,confirmatory,9314,8,0.75,0.125,feedback_only,balanced_interleaved_k2,balanced_interleaved,balanced,2,0.31588469787505546,0.25,0.6588469787505544,64,64,16,fixed_cache,pilot16,256,0.6556213609283312
s9314_r8_n750_a125,confirmatory,9314,8,0.75,0.125,feedback_only,balanced_interleaved_k4,balanced_interleaved,balanced,4,0.5658846978750555,0.5,0.6588469787505544,64,64,32,fixed_cache,pilot16,256,0.5661714572007257
s9314_r8_n750_a125,confirmatory,9314,8,0.75,0.125,feedback_only,balanced_interleaved_k8,balanced_interleaved,balanced,8,1.0658846978750554,1.0,0.6588469787505544,64,64,64,fixed_cache,pilot16,256,0.40719715039213683
s9314_r8_n750_a125,confirmatory,9314,8,0.75,0.125,feedback_only,balanced_permutation_a_k1,balanced_permutation_a,balanced,1,0.18899250811836066,0.125,0.6399250811836067,64,64,8,fixed_cache,pilot16,256,0.6886287948694618
s9314_r8_n750_a125,confirmatory,9314,8,0.75,0.125,feedback_only,balanced_permutation_a_k2,balanced_permutation_a,balanced,2,0.31399250811836066,0.25,0.6399250811836067,64,64,16,fixed_cache,pilot16,256,0.6359925633219967
s9314_r8_n750_a125,confirmatory,9314,8,0.75,0.125,feedback_only,balanced_permutation_a_k4,balanced_permutation_a,balanced,4,0.5639925081183607,0.5,0.6399250811836067,64,64,32,fixed_cache,pilot16,256,0.5867064440706584
s9314_r8_n750_a125,confirmatory,9314,8,0.75,0.125,feedback_only,balanced_permutation_a_k8,balanced_permutation_a,balanced,8,1.0639925081183608,1.0,0.6399250811836067,64,64,64,fixed_cache,pilot16,256,0.40719715039213683
s9314_r8_n750_a125,confirmatory,9314,8,0.75,0.125,feedback_only,balanced_permutation_b_k1,balanced_permutation_b,balanced,1,0.18840039778945986,0.125,0.6340039778945984,64,64,8,fixed_cache,pilot16,256,0.6886287948694618
s9314_r8_n750_a125,confirmatory,9314,8,0.75,0.125,feedback_only,balanced_permutation_b_k2,balanced_permutation_b,balanced,2,0.31340039778945983,0.25,0.6340039778945984,64,64,16,fixed_cache,pilot16,256,0.6469868715908677
s9314_r8_n750_a125,confirmatory,9314,8,0.75,0.125,feedback_only,balanced_permutation_b_k4,balanced_permutation_b,balanced,4,0.5634003977894598,0.5,0.6340039778945984,64,64,32,fixed_cache,pilot16,256,0.5734353197879438
s9314_r8_n750_a125,confirmatory,9314,8,0.75,0.125,feedback_only,balanced_permutation_b_k8,balanced_permutation_b,balanced,8,1.06340039778946,1.0,0.6340039778945984,64,64,64,fixed_cache,pilot16,256,0.40719715039213683
s9314_r8_n750_a125,confirmatory,9314,8,0.75,0.125,feedback_only,comb_contiguous_k1,comb_contiguous,comb,1,0.225,0.125,1.0,64,64,8,fixed_cache,pilot16,256,0.6886287948694618
s9314_r8_n750_a125,confirmatory,9314,8,0.75,0.125,feedback_only,comb_contiguous_k2,comb_contiguous,comb,2,0.35,0.25,1.0,64,64,16,fixed_cache,pilot16,256,0.6460218183523974
s9314_r8_n750_a125,confirmatory,9314,8,0.75,0.125,feedback_only,comb_contiguous_k4,comb_contiguous,comb,4,0.6,0.5,1.0,64,64,32,fixed_cache,pilot16,256,0.5665542418015942
s9314_r8_n750_a125,confirmatory,9314,8,0.75,0.125,feedback_only,comb_contiguous_k8,comb_contiguous,comb,8,1.1,1.0,1.0,64,64,64,fixed_cache,pilot16,256,0.40719715039213683
s9314_r8_n750_a125,confirmatory,9314,8,0.75,0.125,feedback_only,balanced_contiguous_k1,balanced_contiguous,balanced,1,0.1737418407321983,0.125,0.487418407321983,64,64,8,fresh_iid,pilot16,256,0.6866157430987734
s9314_r8_n750_a125,confirmatory,9314,8,0.75,0.125,feedback_only,balanced_contiguous_k2,balanced_contiguous,balanced,2,0.2987418407321983,0.25,0.487418407321983,64,64,16,fresh_iid,pilot16,256,0.6470791312807254
s9314_r8_n750_a125,confirmatory,9314,8,0.75,0.125,feedback_only,balanced_contiguous_k4,balanced_contiguous,balanced,4,0.5487418407321983,0.5,0.487418407321983,64,64,32,fresh_iid,pilot16,256,0.5666037769381871
s9314_r8_n750_a125,confirmatory,9314,8,0.75,0.125,feedback_only,balanced_contiguous_k8,balanced_contiguous,balanced,8,1.0487418407321982,1.0,0.487418407321983,64,64,64,fresh_iid,pilot16,256,0.40580975426987176
s9314_r8_n750_a125,confirmatory,9314,8,0.75,0.125,feedback_only,balanced_interleaved_k1,balanced_interleaved,balanced,1,0.19088469787505546,0.125,0.6588469787505544,64,64,8,fresh_iid,pilot16,256,0.6866157430987734
s9314_r8_n750_a125,confirmatory,9314,8,0.75,0.125,feedback_only,balanced_interleaved_k2,balanced_interleaved,balanced,2,0.31588469787505546,0.25,0.6588469787505544,64,64,16,fresh_iid,pilot16,256,0.6606234616882367
s9314_r8_n750_a125,confirmatory,9314,8,0.75,0.125,feedback_only,balanced_interleaved_k4,balanced_interleaved,balanced,4,0.5658846978750555,0.5,0.6588469787505544,64,64,32,fresh_iid,pilot16,256,0.5600595499473378
s9314_r8_n750_a125,confirmatory,9314,8,0.75,0.125,feedback_only,balanced_interleaved_k8,balanced_interleaved,balanced,8,1.0658846978750554,1.0,0.6588469787505544,64,64,64,fresh_iid,pilot16,256,0.40580975426987176
s9314_r8_n750_a125,confirmatory,9314,8,0.75,0.125,feedback_only,balanced_permutation_a_k1,balanced_permutation_a,balanced,1,0.18899250811836066,0.125,0.6399250811836067,64,64,8,fresh_iid,pilot16,256,0.6866157430987734
s9314_r8_n750_a125,confirmatory,9314,8,0.75,0.125,feedback_only,balanced_permutation_a_k2,balanced_permutation_a,balanced,2,0.31399250811836066,0.25,0.6399250811836067,64,64,16,fresh_iid,pilot16,256,0.6437467553677564
s9314_r8_n750_a125,confirmatory,9314,8,0.75,0.125,feedback_only,balanced_permutation_a_k4,balanced_permutation_a,balanced,4,0.5639925081183607,0.5,0.6399250811836067,64,64,32,fresh_iid,pilot16,256,0.5746001322649699
s9314_r8_n750_a125,confirmatory,9314,8,0.75,0.125,feedback_only,balanced_permutation_a_k8,balanced_permutation_a,balanced,8,1.0639925081183608,1.0,0.6399250811836067,64,64,64,fresh_iid,pilot16,256,0.40580975426987176
s9314_r8_n750_a125,confirmatory,9314,8,0.75,0.125,feedback_only,balanced_permutation_b_k1,balanced_permutation_b,balanced,1,0.18840039778945986,0.125,0.6340039778945984,64,64,8,fresh_iid,pilot16,256,0.6866157430987734
s9314_r8_n750_a125,confirmatory,9314,8,0.75,0.125,feedback_only,balanced_permutation_b_k2,balanced_permutation_b,balanced,2,0.31340039778945983,0.25,0.6340039778945984,64,64,16,fresh_iid,pilot16,256,0.6554976852648449
s9314_r8_n750_a125,confirmatory,9314,8,0.75,0.125,feedback_only,balanced_permutation_b_k4,balanced_permutation_b,balanced,4,0.5634003977894598,0.5,0.6340039778945984,64,64,32,fresh_iid,pilot16,256,0.5926523393495422
s9314_r8_n750_a125,confirmatory,9314,8,0.75,0.125,feedback_only,balanced_permutation_b_k8,balanced_permutation_b,balanced,8,1.06340039778946,1.0,0.6340039778945984,64,64,64,fresh_iid,pilot16,256,0.40580975426987176
s9314_r8_n750_a125,confirmatory,9314,8,0.75,0.125,feedback_only,comb_contiguous_k1,comb_contiguous,comb,1,0.225,0.125,1.0,64,64,8,fresh_iid,pilot16,256,0.6866157430987734
s9314_r8_n750_a125,confirmatory,9314,8,0.75,0.125,feedback_only,comb_contiguous_k2,comb_contiguous,comb,2,0.35,0.25,1.0,64,64,16,fresh_iid,pilot16,256,0.651447666041975
s9314_r8_n750_a125,confirmatory,9314,8,0.75,0.125,feedback_only,comb_contiguous_k4,comb_contiguous,comb,4,0.6,0.5,1.0,64,64,32,fresh_iid,pilot16,256,0.5679095411566079
s9314_r8_n750_a125,confirmatory,9314,8,0.75,0.125,feedback_only,comb_contiguous_k8,comb_contiguous,comb,8,1.1,1.0,1.0,64,64,64,fresh_iid,pilot16,256,0.40580975426987176
s9314_r8_n750_a125,confirmatory,9314,8,0.75,0.125,joint_forward_feedback,balanced_contiguous_k1,balanced_contiguous,balanced,1,0.1737418407321983,0.125,0.487418407321983,64,64,8,fixed_cache,pilot16,256,0.7055286777865146
s9314_r8_n750_a125,confirmatory,9314,8,0.75,0.125,joint_forward_feedback,balanced_contiguous_k2,balanced_contiguous,balanced,2,0.2987418407321983,0.25,0.487418407321983,64,64,16,fixed_cache,pilot16,256,0.6716647702855005
s9314_r8_n750_a125,confirmatory,9314,8,0.75,0.125,joint_forward_feedback,balanced_contiguous_k4,balanced_contiguous,balanced,4,0.5487418407321983,0.5,0.487418407321983,64,64,32,fixed_cache,pilot16,256,0.6284711512682273
s9314_r8_n750_a125,confirmatory,9314,8,0.75,0.125,joint_forward_feedback,balanced_contiguous_k8,balanced_contiguous,balanced,8,1.0487418407321982,1.0,0.487418407321983,64,64,64,fixed_cache,pilot16,256,0.5497676808708041
s9314_r8_n750_a125,confirmatory,9314,8,0.75,0.125,joint_forward_feedback,balanced_interleaved_k1,balanced_interleaved,balanced,1,0.19088469787505546,0.125,0.6588469787505544,64,64,8,fixed_cache,pilot16,256,0.7012806680143175
s9314_r8_n750_a125,confirmatory,9314,8,0.75,0.125,joint_forward_feedback,balanced_interleaved_k2,balanced_interleaved,balanced,2,0.31588469787505546,0.25,0.6588469787505544,64,64,16,fixed_cache,pilot16,256,0.6757615688848103
s9314_r8_n750_a125,confirmatory,9314,8,0.75,0.125,joint_forward_feedback,balanced_interleaved_k4,balanced_interleaved,balanced,4,0.5658846978750555,0.5,0.6588469787505544,64,64,32,fixed_cache,pilot16,256,0.6049205005856031
s9314_r8_n750_a125,confirmatory,9314,8,0.75,0.125,joint_forward_feedback,balanced_interleaved_k8,balanced_interleaved,balanced,8,1.0658846978750554,1.0,0.6588469787505544,64,64,64,fixed_cache,pilot16,256,0.4971799098873896
s9314_r8_n750_a125,confirmatory,9314,8,0.75,0.125,joint_forward_feedback,balanced_permutation_a_k1,balanced_permutation_a,balanced,1,0.18899250811836066,0.125,0.6399250811836067,64,64,8,fixed_cache,pilot16,256,0.7020170977430824
s9314_r8_n750_a125,confirmatory,9314,8,0.75,0.125,joint_forward_feedback,balanced_permutation_a_k2,balanced_permutation_a,balanced,2,0.31399250811836066,0.25,0.6399250811836067,64,64,16,fixed_cache,pilot16,256,0.6613008033538801
s9314_r8_n750_a125,confirmatory,9314,8,0.75,0.125,joint_forward_feedback,balanced_permutation_a_k4,balanced_permutation_a,balanced,4,0.5639925081183607,0.5,0.6399250811836067,64,64,32,fixed_cache,pilot16,256,0.623433741246245
s9314_r8_n750_a125,confirmatory,9314,8,0.75,0.125,joint_forward_feedback,balanced_permutation_a_k8,balanced_permutation_a,balanced,8,1.0639925081183608,1.0,0.6399250811836067,64,64,64,fixed_cache,pilot16,256,0.5054441709429877
s9314_r8_n750_a125,confirmatory,9314,8,0.75,0.125,joint_forward_feedback,balanced_permutation_b_k1,balanced_permutation_b,balanced,1,0.18840039778945986,0.125,0.6340039778945984,64,64,8,fixed_cache,pilot16,256,0.702079489143623
s9314_r8_n750_a125,confirmatory,9314,8,0.75,0.125,joint_forward_feedback,balanced_permutation_b_k2,balanced_permutation_b,balanced,2,0.31340039778945983,0.25,0.6340039778945984,64,64,16,fixed_cache,pilot16,256,0.6695755202106402
s9314_r8_n750_a125,confirmatory,9314,8,0.75,0.125,joint_forward_feedback,balanced_permutation_b_k4,balanced_permutation_b,balanced,4,0.5634003977894598,0.5,0.6340039778945984,64,64,32,fixed_cache,pilot16,256,0.6141846662533106
s9314_r8_n750_a125,confirmatory,9314,8,0.75,0.125,joint_forward_feedback,balanced_permutation_b_k8,balanced_permutation_b,balanced,8,1.06340039778946,1.0,0.6340039778945984,64,64,64,fixed_cache,pilot16,256,0.5042467700635576
s9314_r8_n750_a125,confirmatory,9314,8,0.75,0.125,joint_forward_feedback,comb_contiguous_k1,comb_contiguous,comb,1,0.225,0.125,1.0,64,64,8,fixed_cache,pilot16,256,0.6997851617354374
s9314_r8_n750_a125,confirmatory,9314,8,0.75,0.125,joint_forward_feedback,comb_contiguous_k2,comb_contiguous,comb,2,0.35,0.25,1.0,64,64,16,fixed_cache,pilot16,256,0.6613219494950213
s9314_r8_n750_a125,confirmatory,9314,8,0.75,0.125,joint_forward_feedback,comb_contiguous_k4,comb_contiguous,comb,4,0.6,0.5,1.0,64,64,32,fixed_cache,pilot16,256,0.5902638700153695
s9314_r8_n750_a125,confirmatory,9314,8,0.75,0.125,joint_forward_feedback,comb_contiguous_k8,comb_contiguous,comb,8,1.1,1.0,1.0,64,64,64,fixed_cache,pilot16,256,0.48429080035893557
s9314_r8_n750_a125,confirmatory,9314,8,0.75,0.125,joint_forward_feedback,balanced_contiguous_k1,balanced_contiguous,balanced,1,0.1737418407321983,0.125,0.487418407321983,64,64,8,fresh_iid,pilot16,256,0.7002512963038221
s9314_r8_n750_a125,confirmatory,9314,8,0.75,0.125,joint_forward_feedback,balanced_contiguous_k2,balanced_contiguous,balanced,2,0.2987418407321983,0.25,0.487418407321983,64,64,16,fresh_iid,pilot16,256,0.6704772521168207
s9314_r8_n750_a125,confirmatory,9314,8,0.75,0.125,joint_forward_feedback,balanced_contiguous_k4,balanced_contiguous,balanced,4,0.5487418407321983,0.5,0.487418407321983,64,64,32,fresh_iid,pilot16,256,0.616820018666749
s9314_r8_n750_a125,confirmatory,9314,8,0.75,0.125,joint_forward_feedback,balanced_contiguous_k8,balanced_contiguous,balanced,8,1.0487418407321982,1.0,0.487418407321983,64,64,64,fresh_iid,pilot16,256,0.5452253615371407
s9314_r8_n750_a125,confirmatory,9314,8,0.75,0.125,joint_forward_feedback,balanced_interleaved_k1,balanced_interleaved,balanced,1,0.19088469787505546,0.125,0.6588469787505544,64,64,8,fresh_iid,pilot16,256,0.6964418908510324
s9314_r8_n750_a125,confirmatory,9314,8,0.75,0.125,joint_forward_feedback,balanced_interleaved_k2,balanced_interleaved,balanced,2,0.31588469787505546,0.25,0.6588469787505544,64,64,16,fresh_iid,pilot16,256,0.67651981124799
s9314_r8_n750_a125,confirmatory,9314,8,0.75,0.125,joint_forward_feedback,balanced_interleaved_k4,balanced_interleaved,balanced,4,0.5658846978750555,0.5,0.6588469787505544,64,64,32,fresh_iid,pilot16,256,0.5986195999315584
s9314_r8_n750_a125,confirmatory,9314,8,0.75,0.125,joint_forward_feedback,balanced_interleaved_k8,balanced_interleaved,balanced,8,1.0658846978750554,1.0,0.6588469787505544,64,64,64,fresh_iid,pilot16,256,0.4953161491078715
s9314_r8_n750_a125,confirmatory,9314,8,0.75,0.125,joint_forward_feedback,balanced_permutation_a_k1,balanced_permutation_a,balanced,1,0.18899250811836066,0.125,0.6399250811836067,64,64,8,fresh_iid,pilot16,256,0.6978831080265746
s9314_r8_n750_a125,confirmatory,9314,8,0.75,0.125,joint_forward_feedback,balanced_permutation_a_k2,balanced_permutation_a,balanced,2,0.31399250811836066,0.25,0.6399250811836067,64,64,16,fresh_iid,pilot16,256,0.6642667678797007
s9314_r8_n750_a125,confirmatory,9314,8,0.75,0.125,joint_forward_feedback,balanced_permutation_a_k4,balanced_permutation_a,balanced,4,0.5639925081183607,0.5,0.6399250811836067,64,64,32,fresh_iid,pilot16,256,0.6111489849864868
s9314_r8_n750_a125,confirmatory,9314,8,0.75,0.125,joint_forward_feedback,balanced_permutation_a_k8,balanced_permutation_a,balanced,8,1.0639925081183608,1.0,0.6399250811836067,64,64,64,fresh_iid,pilot16,256,0.5030388391336655
s9314_r8_n750_a125,confirmatory,9314,8,0.75,0.125,joint_forward_feedback,balanced_permutation_b_k1,balanced_permutation_b,balanced,1,0.18840039778945986,0.125,0.6340039778945984,64,64,8,fresh_iid,pilot16,256,0.6972846673209676
s9314_r8_n750_a125,confirmatory,9314,8,0.75,0.125,joint_forward_feedback,balanced_permutation_b_k2,balanced_permutation_b,balanced,2,0.31340039778945983,0.25,0.6340039778945984,64,64,16,fresh_iid,pilot16,256,0.674321761533274
s9314_r8_n750_a125,confirmatory,9314,8,0.75,0.125,joint_forward_feedback,balanced_permutation_b_k4,balanced_permutation_b,balanced,4,0.5634003977894598,0.5,0.6340039778945984,64,64,32,fresh_iid,pilot16,256,0.627472215906169
s9314_r8_n750_a125,confirmatory,9314,8,0.75,0.125,joint_forward_feedback,balanced_permutation_b_k8,balanced_permutation_b,balanced,8,1.06340039778946,1.0,0.6340039778945984,64,64,64,fresh_iid,pilot16,256,0.5061940810591035
s9314_r8_n750_a125,confirmatory,9314,8,0.75,0.125,joint_forward_feedback,comb_contiguous_k1,comb_contiguous,comb,1,0.225,0.125,1.0,64,64,8,fresh_iid,pilot16,256,0.6940360404246155
s9314_r8_n750_a125,confirmatory,9314,8,0.75,0.125,joint_forward_feedback,comb_contiguous_k2,comb_contiguous,comb,2,0.35,0.25,1.0,64,64,16,fresh_iid,pilot16,256,0.6636458882312433
s9314_r8_n750_a125,confirmatory,9314,8,0.75,0.125,joint_forward_feedback,comb_contiguous_k4,comb_contiguous,comb,4,0.6,0.5,1.0,64,64,32,fresh_iid,pilot16,256,0.5897724550224618
s9314_r8_n750_a125,confirmatory,9314,8,0.75,0.125,joint_forward_feedback,comb_contiguous_k8,comb_contiguous,comb,8,1.1,1.0,1.0,64,64,64,fresh_iid,pilot16,256,0.48062932778113904
s9314_r8_n750_a375,confirmatory,9314,8,0.75,0.375,feedback_only,balanced_contiguous_k1,balanced_contiguous,balanced,1,0.1737418407321983,0.125,0.487418407321983,64,64,8,fixed_cache,pilot16,256,0.731291587857217
s9314_r8_n750_a375,confirmatory,9314,8,0.75,0.375,feedback_only,balanced_contiguous_k2,balanced_contiguous,balanced,2,0.2987418407321983,0.25,0.487418407321983,64,64,16,fixed_cache,pilot16,256,0.6772677104782068
s9314_r8_n750_a375,confirmatory,9314,8,0.75,0.375,feedback_only,balanced_contiguous_k4,balanced_contiguous,balanced,4,0.5487418407321983,0.5,0.487418407321983,64,64,32,fixed_cache,pilot16,256,0.6030771864303132
s9314_r8_n750_a375,confirmatory,9314,8,0.75,0.375,feedback_only,balanced_contiguous_k8,balanced_contiguous,balanced,8,1.0487418407321982,1.0,0.487418407321983,64,64,64,fixed_cache,pilot16,256,0.4327363136168818
s9314_r8_n750_a375,confirmatory,9314,8,0.75,0.375,feedback_only,balanced_interleaved_k1,balanced_interleaved,balanced,1,0.19088469787505546,0.125,0.6588469787505544,64,64,8,fixed_cache,pilot16,256,0.731291587857217
s9314_r8_n750_a375,confirmatory,9314,8,0.75,0.375,feedback_only,balanced_interleaved_k2,balanced_interleaved,balanced,2,0.31588469787505546,0.25,0.6588469787505544,64,64,16,fixed_cache,pilot16,256,0.7016998502820544
s9314_r8_n750_a375,confirmatory,9314,8,0.75,0.375,feedback_only,balanced_interleaved_k4,balanced_interleaved,balanced,4,0.5658846978750555,0.5,0.6588469787505544,64,64,32,fixed_cache,pilot16,256,0.6162361633172814
s9314_r8_n750_a375,confirmatory,9314,8,0.75,0.375,feedback_only,balanced_interleaved_k8,balanced_interleaved,balanced,8,1.0658846978750554,1.0,0.6588469787505544,64,64,64,fixed_cache,pilot16,256,0.4327363136168818
s9314_r8_n750_a375,confirmatory,9314,8,0.75,0.375,feedback_only,balanced_permutation_a_k1,balanced_permutation_a,balanced,1,0.18899250811836066,0.125,0.6399250811836067,64,64,8,fixed_cache,pilot16,256,0.731291587857217
s9314_r8_n750_a375,confirmatory,9314,8,0.75,0.375,feedback_only,balanced_permutation_a_k2,balanced_permutation_a,balanced,2,0.31399250811836066,0.25,0.6399250811836067,64,64,16,fixed_cache,pilot16,256,0.686730625292368
s9314_r8_n750_a375,confirmatory,9314,8,0.75,0.375,feedback_only,balanced_permutation_a_k4,balanced_permutation_a,balanced,4,0.5639925081183607,0.5,0.6399250811836067,64,64,32,fixed_cache,pilot16,256,0.6171971908234832
s9314_r8_n750_a375,confirmatory,9314,8,0.75,0.375,feedback_only,balanced_permutation_a_k8,balanced_permutation_a,balanced,8,1.0639925081183608,1.0,0.6399250811836067,64,64,64,fixed_cache,pilot16,256,0.4327363136168818
s9314_r8_n750_a375,confirmatory,9314,8,0.75,0.375,feedback_only,balanced_permutation_b_k1,balanced_permutation_b,balanced,1,0.18840039778945986,0.125,0.6340039778945984,64,64,8,fixed_cache,pilot16,256,0.731291587857217
s9314_r8_n750_a375,confirmatory,9314,8,0.75,0.375,feedback_only,balanced_permutation_b_k2,balanced_permutation_b,balanced,2,0.31340039778945983,0.25,0.6340039778945984,64,64,16,fixed_cache,pilot16,256,0.689776216069029
s9314_r8_n750_a375,confirmatory,9314,8,0.75,0.375,feedback_only,balanced_permutation_b_k4,balanced_permutation_b,balanced,4,0.5634003977894598,0.5,0.6340039778945984,64,64,32,fixed_cache,pilot16,256,0.6085576554582206
s9314_r8_n750_a375,confirmatory,9314,8,0.75,0.375,feedback_only,balanced_permutation_b_k8,balanced_permutation_b,balanced,8,1.06340039778946,1.0,0.6340039778945984,64,64,64,fixed_cache,pilot16,256,0.4327363136168818
s9314_r8_n750_a375,confirmatory,9314,8,0.75,0.375,feedback_only,comb_contiguous_k1,comb_contiguous,comb,1,0.225,0.125,1.0,64,64,8,fixed_cache,pilot16,256,0.731291587857217
s9314_r8_n750_a375,confirmatory,9314,8,0.75,0.375,feedback_only,comb_contiguous_k2,comb_contiguous,comb,2,0.35,0.25,1.0,64,64,16,fixed_cache,pilot16,256,0.6837724371911016
s9314_r8_n750_a375,confirmatory,9314,8,0.75,0.375,feedback_only,comb_contiguous_k4,comb_contiguous,comb,4,0.6,0.5,1.0,64,64,32,fixed_cache,pilot16,256,0.5946641121581706
s9314_r8_n750_a375,confirmatory,9314,8,0.75,0.375,feedback_only,comb_contiguous_k8,comb_contiguous,comb,8,1.1,1.0,1.0,64,64,64,fixed_cache,pilot16,256,0.4327363136168818
s9314_r8_n750_a375,confirmatory,9314,8,0.75,0.375,feedback_only,balanced_contiguous_k1,balanced_contiguous,balanced,1,0.1737418407321983,0.125,0.487418407321983,64,64,8,fresh_iid,pilot16,256,0.7419157650741104
s9314_r8_n750_a375,confirmatory,9314,8,0.75,0.375,feedback_only,balanced_contiguous_k2,balanced_contiguous,balanced,2,0.2987418407321983,0.25,0.487418407321983,64,64,16,fresh_iid,pilot16,256,0.6856139639627914
s9314_r8_n750_a375,confirmatory,9314,8,0.75,0.375,feedback_only,balanced_contiguous_k4,balanced_contiguous,balanced,4,0.5487418407321983,0.5,0.487418407321983,64,64,32,fresh_iid,pilot16,256,0.5909362134808492
s9314_r8_n750_a375,confirmatory,9314,8,0.75,0.375,feedback_only,balanced_contiguous_k8,balanced_contiguous,balanced,8,1.0487418407321982,1.0,0.487418407321983,64,64,64,fresh_iid,pilot16,256,0.42185358683181845
s9314_r8_n750_a375,confirmatory,9314,8,0.75,0.375,feedback_only,balanced_interleaved_k1,balanced_interleaved,balanced,1,0.19088469787505546,0.125,0.6588469787505544,64,64,8,fresh_iid,pilot16,256,0.7419157650741104
s9314_r8_n750_a375,confirmatory,9314,8,0.75,0.375,feedback_only,balanced_interleaved_k2,balanced_interleaved,balanced,2,0.31588469787505546,0.25,0.6588469787505544,64,64,16,fresh_iid,pilot16,256,0.7125119271950959
s9314_r8_n750_a375,confirmatory,9314,8,0.75,0.375,feedback_only,balanced_interleaved_k4,balanced_interleaved,balanced,4,0.5658846978750555,0.5,0.6588469787505544,64,64,32,fresh_iid,pilot16,256,0.6125029824777564
s9314_r8_n750_a375,confirmatory,9314,8,0.75,0.375,feedback_only,balanced_interleaved_k8,balanced_interleaved,balanced,8,1.0658846978750554,1.0,0.6588469787505544,64,64,64,fresh_iid,pilot16,256,0.42185358683181845
s9314_r8_n750_a375,confirmatory,9314,8,0.75,0.375,feedback_only,balanced_permutation_a_k1,balanced_permutation_a,balanced,1,0.18899250811836066,0.125,0.6399250811836067,64,64,8,fresh_iid,pilot16,256,0.7419157650741104
s9314_r8_n750_a375,confirmatory,9314,8,0.75,0.375,feedback_only,balanced_permutation_a_k2,balanced_permutation_a,balanced,2,0.31399250811836066,0.25,0.6399250811836067,64,64,16,fresh_iid,pilot16,256,0.6941519224900707
s9314_r8_n750_a375,confirmatory,9314,8,0.75,0.375,feedback_only,balanced_permutation_a_k4,balanced_permutation_a,balanced,4,0.5639925081183607,0.5,0.6399250811836067,64,64,32,fresh_iid,pilot16,256,0.6190508377144306
s9314_r8_n750_a375,confirmatory,9314,8,0.75,0.375,feedback_only,balanced_permutation_a_k8,balanced_permutation_a,balanced,8,1.0639925081183608,1.0,0.6399250811836067,64,64,64,fresh_iid,pilot16,256,0.42185358683181845
s9314_r8_n750_a375,confirmatory,9314,8,0.75,0.375,feedback_only,balanced_permutation_b_k1,balanced_permutation_b,balanced,1,0.18840039778945986,0.125,0.6340039778945984,64,64,8,fresh_iid,pilot16,256,0.7419157650741104
s9314_r8_n750_a375,confirmatory,9314,8,0.75,0.375,feedback_only,balanced_permutation_b_k2,balanced_permutation_b,balanced,2,0.31340039778945983,0.25,0.6340039778945984,64,64,16,fresh_iid,pilot16,256,0.708197165893664
s9314_r8_n750_a375,confirmatory,9314,8,0.75,0.375,feedback_only,balanced_permutation_b_k4,balanced_permutation_b,balanced,4,0.5634003977894598,0.5,0.6340039778945984,64,64,32,fresh_iid,pilot16,256,0.6253387641854289
s9314_r8_n750_a375,confirmatory,9314,8,0.75,0.375,feedback_only,balanced_permutation_b_k8,balanced_permutation_b,balanced,8,1.06340039778946,1.0,0.6340039778945984,64,64,64,fresh_iid,pilot16,256,0.42185358683181845
s9314_r8_n750_a375,confirmatory,9314,8,0.75,0.375,feedback_only,comb_contiguous_k1,comb_contiguous,comb,1,0.225,0.125,1.0,64,64,8,fresh_iid,pilot16,256,0.7419157650741104
s9314_r8_n750_a375,confirmatory,9314,8,0.75,0.375,feedback_only,comb_contiguous_k2,comb_contiguous,comb,2,0.35,0.25,1.0,64,64,16,fresh_iid,pilot16,256,0.6970304910743593
s9314_r8_n750_a375,confirmatory,9314,8,0.75,0.375,feedback_only,comb_contiguous_k4,comb_contiguous,comb,4,0.6,0.5,1.0,64,64,32,fresh_iid,pilot16,256,0.6119805310514063
s9314_r8_n750_a375,confirmatory,9314,8,0.75,0.375,feedback_only,comb_contiguous_k8,comb_contiguous,comb,8,1.1,1.0,1.0,64,64,64,fresh_iid,pilot16,256,0.42185358683181845
s9314_r8_n750_a375,confirmatory,9314,8,0.75,0.375,joint_forward_feedback,balanced_contiguous_k1,balanced_contiguous,balanced,1,0.1737418407321983,0.125,0.487418407321983,64,64,8,fixed_cache,pilot16,256,0.7464521574834229
s9314_r8_n750_a375,confirmatory,9314,8,0.75,0.375,joint_forward_feedback,balanced_contiguous_k2,balanced_contiguous,balanced,2,0.2987418407321983,0.25,0.487418407321983,64,64,16,fixed_cache,pilot16,256,0.7075085916458896
s9314_r8_n750_a375,confirmatory,9314,8,0.75,0.375,joint_forward_feedback,balanced_contiguous_k4,balanced_contiguous,balanced,4,0.5487418407321983,0.5,0.487418407321983,64,64,32,fixed_cache,pilot16,256,0.6578753336509344
s9314_r8_n750_a375,confirmatory,9314,8,0.75,0.375,joint_forward_feedback,balanced_contiguous_k8,balanced_contiguous,balanced,8,1.0487418407321982,1.0,0.487418407321983,64,64,64,fixed_cache,pilot16,256,0.5860320209332719
s9314_r8_n750_a375,confirmatory,9314,8,0.75,0.375,joint_forward_feedback,balanced_interleaved_k1,balanced_interleaved,balanced,1,0.19088469787505546,0.125,0.6588469787505544,64,64,8,fixed_cache,pilot16,256,0.7422639757938019
s9314_r8_n750_a375,confirmatory,9314,8,0.75,0.375,joint_forward_feedback,balanced_interleaved_k2,balanced_interleaved,balanced,2,0.31588469787505546,0.25,0.6588469787505544,64,64,16,fixed_cache,pilot16,256,0.7193079630483308
s9314_r8_n750_a375,confirmatory,9314,8,0.75,0.375,joint_forward_feedback,balanced_interleaved_k4,balanced_interleaved,balanced,4,0.5658846978750555,0.5,0.6588469787505544,64,64,32,fixed_cache,pilot16,256,0.6532871002391276
s9314_r8_n750_a375,confirmatory,9314,8,0.75,0.375,joint_forward_feedback,balanced_interleaved_k8,balanced_interleaved,balanced,8,1.0658846978750554,1.0,0.6588469787505544,64,64,64,fixed_cache,pilot16,256,0.5349986605827741
s9314_r8_n750_a375,confirmatory,9314,8,0.75,0.375,joint_forward_feedback,balanced_permutation_a_k1,balanced_permutation_a,balanced,1,0.18899250811836066,0.125,0.6399250811836067,64,64,8,fixed_cache,pilot16,256,0.7436978840016303
s9314_r8_n750_a375,confirmatory,9314,8,0.75,0.375,joint_forward_feedback,balanced_permutation_a_k2,balanced_permutation_a,balanced,2,0.31399250811836066,0.25,0.6399250811836067,64,64,16,fixed_cache,pilot16,256,0.7081800409538216
s9314_r8_n750_a375,confirmatory,9314,8,0.75,0.375,joint_forward_feedback,balanced_permutation_a_k4,balanced_permutation_a,balanced,4,0.5639925081183607,0.5,0.6399250811836067,64,64,32,fixed_cache,pilot16,256,0.6569723076864981
s9314_r8_n750_a375,confirmatory,9314,8,0.75,0.375,joint_forward_feedback,balanced_permutation_a_k8,balanced_permutation_a,balanced,8,1.0639925081183608,1.0,0.6399250811836067,64,64,64,fixed_cache,pilot16,256,0.5405222985458048
s9314_r8_n750_a375,confirmatory,9314,8,0.75,0.375,joint_forward_feedback,balanced_permutation_b_k1,balanced_permutation_b,balanced,1,0.18840039778945986,0.125,0.6340039778945984,64,64,8,fixed_cache,pilot16,256,0.7439312642945684
s9314_r8_n750_a375,confirmatory,9314,8,0.75,0.375,joint_forward_feedback,balanced_permutation_b_k2,balanced_permutation_b,balanced,2,0.31340039778945983,0.25,0.6340039778945984,64,64,16,fixed_cache,pilot16,256,0.7129639554802796
s9314_r8_n750_a375,confirmatory,9314,8,0.75,0.375,joint_forward_feedback,balanced_permutation_b_k4,balanced_permutation_b,balanced,4,0.5634003977894598,0.5,0.6340039778945984,64,64,32,fixed_cache,pilot16,256,0.6525714175922074
s9314_r8_n750_a375,confirmatory,9314,8,0.75,0.375,joint_forward_feedback,balanced_permutation_b_k8,balanced_permutation_b,balanced,8,1.06340039778946,1.0,0.6340039778945984,64,64,64,fixed_cache,pilot16,256,0.5390828415537176
s9314_r8_n750_a375,confirmatory,9314,8,0.75,0.375,joint_forward_feedback,comb_contiguous_k1,comb_contiguous,comb,1,0.225,0.125,1.0,64,64,8,fixed_cache,pilot16,256,0.7396226541106121
s9314_r8_n750_a375,confirmatory,9314,8,0.75,0.375,joint_forward_feedback,comb_contiguous_k2,comb_contiguous,comb,2,0.35,0.25,1.0,64,64,16,fixed_cache,pilot16,256,0.6984377620510672
s9314_r8_n750_a375,confirmatory,9314,8,0.75,0.375,joint_forward_feedback,comb_contiguous_k4,comb_contiguous,comb,4,0.6,0.5,1.0,64,64,32,fixed_cache,pilot16,256,0.6218896515843635
s9314_r8_n750_a375,confirmatory,9314,8,0.75,0.375,joint_forward_feedback,comb_contiguous_k8,comb_contiguous,comb,8,1.1,1.0,1.0,64,64,64,fixed_cache,pilot16,256,0.5149221834396237
s9314_r8_n750_a375,confirmatory,9314,8,0.75,0.375,joint_forward_feedback,balanced_contiguous_k1,balanced_contiguous,balanced,1,0.1737418407321983,0.125,0.487418407321983,64,64,8,fresh_iid,pilot16,256,0.7546349617403253
s9314_r8_n750_a375,confirmatory,9314,8,0.75,0.375,joint_forward_feedback,balanced_contiguous_k2,balanced_contiguous,balanced,2,0.2987418407321983,0.25,0.487418407321983,64,64,16,fresh_iid,pilot16,256,0.712326153240529
s9314_r8_n750_a375,confirmatory,9314,8,0.75,0.375,joint_forward_feedback,balanced_contiguous_k4,balanced_contiguous,balanced,4,0.5487418407321983,0.5,0.487418407321983,64,64,32,fresh_iid,pilot16,256,0.6482959789806839
s9314_r8_n750_a375,confirmatory,9314,8,0.75,0.375,joint_forward_feedback,balanced_contiguous_k8,balanced_contiguous,balanced,8,1.0487418407321982,1.0,0.487418407321983,64,64,64,fresh_iid,pilot16,256,0.575149173684431
s9314_r8_n750_a375,confirmatory,9314,8,0.75,0.375,joint_forward_feedback,balanced_interleaved_k1,balanced_interleaved,balanced,1,0.19088469787505546,0.125,0.6588469787505544,64,64,8,fresh_iid,pilot16,256,0.7511714266334438
s9314_r8_n750_a375,confirmatory,9314,8,0.75,0.375,joint_forward_feedback,balanced_interleaved_k2,balanced_interleaved,balanced,2,0.31588469787505546,0.25,0.6588469787505544,64,64,16,fresh_iid,pilot16,256,0.7279672983198464
s9314_r8_n750_a375,confirmatory,9314,8,0.75,0.375,joint_forward_feedback,balanced_interleaved_k4,balanced_interleaved,balanced,4,0.5658846978750555,0.5,0.6588469787505544,64,64,32,fresh_iid,pilot16,256,0.6506700741246298
s9314_r8_n750_a375,confirmatory,9314,8,0.75,0.375,joint_forward_feedback,balanced_interleaved_k8,balanced_interleaved,balanced,8,1.0658846978750554,1.0,0.6588469787505544,64,64,64,fresh_iid,pilot16,256,0.5242460441420529
s9314_r8_n750_a375,confirmatory,9314,8,0.75,0.375,joint_forward_feedback,balanced_permutation_a_k1,balanced_permutation_a,balanced,1,0.18899250811836066,0.125,0.6399250811836067,64,64,8,fresh_iid,pilot16,256,0.752345033913824
s9314_r8_n750_a375,confirmatory,9314,8,0.75,0.375,joint_forward_feedback,balanced_permutation_a_k2,balanced_permutation_a,balanced,2,0.31399250811836066,0.25,0.6399250811836067,64,64,16,fresh_iid,pilot16,256,0.7131294973742306
s9314_r8_n750_a375,confirmatory,9314,8,0.75,0.375,joint_forward_feedback,balanced_permutation_a_k4,balanced_permutation_a,balanced,4,0.5639925081183607,0.5,0.6399250811836067,64,64,32,fresh_iid,pilot16,256,0.6552591190077381
s9314_r8_n750_a375,confirmatory,9314,8,0.75,0.375,joint_forward_feedback,balanced_permutation_a_k8,balanced_permutation_a,balanced,8,1.0639925081183608,1.0,0.6399250811836067,64,64,64,fresh_iid,pilot16,256,0.5319098986091361
s9314_r8_n750_a375,confirmatory,9314,8,0.75,0.375,joint_forward_feedback,balanced_permutation_b_k1,balanced_permutation_b,balanced,1,0.18840039778945986,0.125,0.6340039778945984,64,64,8,fresh_iid,pilot16,256,0.7522339668614939
s9314_r8_n750_a375,confirmatory,9314,8,0.75,0.375,joint_forward_feedback,balanced_permutation_b_k2,balanced_permutation_b,balanced,2,0.31340039778945983,0.25,0.6340039778945984,64,64,16,fresh_iid,pilot16,256,0.7272688917420421
s9314_r8_n750_a375,confirmatory,9314,8,0.75,0.375,joint_forward_feedback,balanced_permutation_b_k4,balanced_permutation_b,balanced,4,0.5634003977894598,0.5,0.6340039778945984,64,64,32,fresh_iid,pilot16,256,0.6661836850371337
s9314_r8_n750_a375,confirmatory,9314,8,0.75,0.375,joint_forward_feedback,balanced_permutation_b_k8,balanced_permutation_b,balanced,8,1.06340039778946,1.0,0.6340039778945984,64,64,64,fresh_iid,pilot16,256,0.5297415748813321
s9314_r8_n750_a375,confirmatory,9314,8,0.75,0.375,joint_forward_feedback,comb_contiguous_k1,comb_contiguous,comb,1,0.225,0.125,1.0,64,64,8,fresh_iid,pilot16,256,0.7478800529660433
s9314_r8_n750_a375,confirmatory,9314,8,0.75,0.375,joint_forward_feedback,comb_contiguous_k2,comb_contiguous,comb,2,0.35,0.25,1.0,64,64,16,fresh_iid,pilot16,256,0.7093740984519328
s9314_r8_n750_a375,confirmatory,9314,8,0.75,0.375,joint_forward_feedback,comb_contiguous_k4,comb_contiguous,comb,4,0.6,0.5,1.0,64,64,32,fresh_iid,pilot16,256,0.6361253038541836
s9314_r8_n750_a375,confirmatory,9314,8,0.75,0.375,joint_forward_feedback,comb_contiguous_k8,comb_contiguous,comb,8,1.1,1.0,1.0,64,64,64,fresh_iid,pilot16,256,0.5028127043371311
