{
  "EE": {
    "n_connections": 3851493,
    "mean_size_lognormal_mu": 8.368706520903503,
    "mean_size_lognormal_sigma": 1.140233715417137,
    "mean_size_median": 4676.0,
    "mean_size_mean": 7294.89190872296,
    "mean_size_cv": 1.011753185123508,
    "mean_size_ks_stat": 0.04058301542854725,
    "mean_size_skewness_log": -0.5737168810998806,
    "total_size_lognormal_mu": 8.46289546951306,
    "total_size_lognormal_sigma": 1.194678432109099,
    "total_size_median": 5152.0,
    "total_size_cv": 1.099566027412388,
    "count_mean": 1.1573293785033492,
    "count_median": 1.0,
    "count_max": 33.0,
    "frac_multi_synapse": 0.11538590359634562
  },
  "IE": {
    "n_connections": 3532795,
    "mean_size_lognormal_mu": 8.124371436261383,
    "mean_size_lognormal_sigma": 0.9172368362943933,
    "mean_size_median": 3532.0,
    "mean_size_mean": 4974.588894009263,
    "mean_size_cv": 1.0279672573917602,
    "mean_size_ks_stat": 0.05813956914760282,
    "mean_size_skewness_log": -0.4279620674263379,
    "total_size_lognormal_mu": 8.529948779810606,
    "total_size_lognormal_sigma": 1.139688165560974,
    "total_size_median": 5240.0,
    "total_size_cv": 1.1975064278646619,
    "count_mean": 1.892347843562958,
    "count_median": 1.0,
    "count_max": 76.0,
    "frac_multi_synapse": 0.37513555131277077
  },
  "EI": {
    "n_connections": 1108651,
    "mean_size_lognormal_mu": 8.40210209489256,
    "mean_size_lognormal_sigma": 0.8249937434826212,
    "mean_size_median": 5090.0,
    "mean_size_mean": 5806.742153105708,
    "mean_size_cv": 0.6896434175541071,
    "mean_size_ks_stat": 0.08999023204577417,
    "mean_size_skewness_log": -1.167853498448436,
    "total_size_lognormal_mu": 8.563525315708922,
    "total_size_lognormal_sigma": 0.9236341699956433,
    "total_size_median": 5852.0,
    "total_size_cv": 0.8798268646068018,
    "count_mean": 1.2787549914265175,
    "count_median": 1.0,
    "count_max": 51.0,
    "frac_multi_synapse": 0.1888204673968634
  },
  "II": {
    "n_connections": 512499,
    "mean_size_lognormal_mu": 8.181690565062382,
    "mean_size_lognormal_sigma": 0.8470063131788172,
    "mean_size_median": 4148.0,
    "mean_size_mean": 4735.511100129902,
    "mean_size_cv": 0.7153593158779279,
    "mean_size_ks_stat": 0.09226851521627538,
    "mean_size_skewness_log": -1.0571649506879777,
    "total_size_lognormal_mu": 8.562452838638837,
    "total_size_lognormal_sigma": 1.0944809634937782,
    "total_size_median": 5708.0,
    "total_size_cv": 1.25299506160314,
    "count_mean": 1.8352874834877726,
    "count_median": 1.0,
    "count_max": 62.0,
    "frac_multi_synapse": 0.35744850233854114
  }
}