task_id,split,seed,rank,noise_sd,angle_pi,arm,candidate_id,tree_id,shape,budget_k,resource_cost,channel_cost,cable_cost,parameter_count,decoder_coefficients,encoder_coefficients,utility_actual_step,utility_optimized_step,gradient_alignment,update_mean_square,minibatch_covariance_trace,single_trial_second_moment,actual_update_second_moment,global_calibration_curvature,initial_calibration_loss,reference_credit_effective_rank,reference_capture,transported_credit_effective_rank
s7219_r1_n000_a125,confirmatory,7219,1,0.0,0.125,feedback_only,balanced_contiguous_k1,balanced_contiguous,balanced,1,0.1737418407321983,0.125,0.487418407321983,64,64,8,0.21721749760226855,0.2804812172837864,0.841563089600141,0.8415630896001403,0.24778970386472118,8.770833613271218,1.0893527934648615,1.1589668875203458,0.49493897871200804,1,0.8535533905932735,1.0
s7219_r1_n000_a125,confirmatory,7219,1,0.0,0.125,feedback_only,balanced_contiguous_k2,balanced_contiguous,balanced,2,0.2987418407321983,0.25,0.487418407321983,64,64,16,0.22090322699532816,0.2852404004902739,0.8558426658299197,0.8558426658299201,0.25199418004602764,8.919656427302805,1.1078368458759478,1.1589668875203458,0.49493897871200804,1,0.8680364173060459,1.0
s7219_r1_n000_a125,confirmatory,7219,1,0.0,0.125,feedback_only,balanced_contiguous_k4,balanced_contiguous,balanced,4,0.5487418407321983,0.5,0.487418407321983,64,64,32,0.2224378475400235,0.2872219730762588,0.8617882274039803,0.86178822740398,0.2537447902616514,8.981621515776826,1.1155330176656313,1.1589668875203458,0.49493897871200804,1,0.8740666891932455,1.0
s7219_r1_n000_a125,confirmatory,7219,1,0.0,0.125,feedback_only,balanced_contiguous_k8,balanced_contiguous,balanced,8,1.0487418407321982,1.0,0.487418407321983,64,64,64,0.25448612822132743,0.3286041861878543,0.9859524885903177,0.9859524885903177,0.29030369581508175,10.275670754672934,1.2762561844053995,1.1589668875203458,0.49493897871200804,1,0.9999999999999999,1.0
s7219_r1_n000_a125,confirmatory,7219,1,0.0,0.125,feedback_only,balanced_interleaved_k1,balanced_interleaved,balanced,1,0.19088469787505546,0.125,0.6588469787505544,64,64,8,0.21721749760226855,0.2804812172837864,0.841563089600141,0.8415630896001403,0.24778970386472118,8.770833613271218,1.0893527934648615,1.1589668875203458,0.49493897871200804,1,0.8535533905932735,1.0
s7219_r1_n000_a125,confirmatory,7219,1,0.0,0.125,feedback_only,balanced_interleaved_k2,balanced_interleaved,balanced,2,0.31588469787505546,0.25,0.6588469787505544,64,64,16,0.21894731651773763,0.28271483897838695,0.8482649058305098,0.8482649058305097,0.24976298558251592,8.840680444471019,1.0980278914130257,1.1589668875203458,0.49493897871200804,1,0.8603506919926038,1.0
s7219_r1_n000_a125,confirmatory,7219,1,0.0,0.125,feedback_only,balanced_interleaved_k4,balanced_interleaved,balanced,4,0.5658846978750555,0.5,0.6588469787505544,64,64,32,0.2233802155724926,0.28843880199563166,0.8654392323262322,0.8654392323262323,0.25481979157726686,9.019672562798771,1.120259023903499,1.1589668875203458,0.49493897871200804,1,0.8777697123759061,1.0
s7219_r1_n000_a125,confirmatory,7219,1,0.0,0.125,feedback_only,balanced_interleaved_k8,balanced_interleaved,balanced,8,1.0658846978750554,1.0,0.6588469787505544,64,64,64,0.25448612822132743,0.3286041861878543,0.9859524885903177,0.9859524885903177,0.29030369581508175,10.275670754672934,1.2762561844053995,1.1589668875203458,0.49493897871200804,1,0.9999999999999999,1.0
s7219_r1_n000_a125,confirmatory,7219,1,0.0,0.125,feedback_only,balanced_permutation_a_k1,balanced_permutation_a,balanced,1,0.18899250811836066,0.125,0.6399250811836067,64,64,8,0.21721749760226855,0.2804812172837864,0.841563089600141,0.8415630896001403,0.24778970386472118,8.770833613271218,1.0893527934648615,1.1589668875203458,0.49493897871200804,1,0.8535533905932735,1.0
s7219_r1_n000_a125,confirmatory,7219,1,0.0,0.125,feedback_only,balanced_permutation_a_k2,balanced_permutation_a,balanced,2,0.31399250811836066,0.25,0.6399250811836067,64,64,16,0.2218980566532703,0.2865249702718509,0.8596969221849792,0.8596969221849792,0.2531290266815815,8.959825775995586,1.1128259488665606,1.1589668875203458,0.49493897871200804,1,0.8719455877779112,1.0
s7219_r1_n000_a125,confirmatory,7219,1,0.0,0.125,feedback_only,balanced_permutation_a_k4,balanced_permutation_a,balanced,4,0.5639925081183607,0.5,0.6399250811836067,64,64,32,0.22721454711657924,0.29338986713000786,0.8802945360490532,0.880294536049053,0.2591937848711592,9.174495651926147,1.1394883209202122,1.1589668875203458,0.49493897871200804,1,0.892836669348712,1.0
s7219_r1_n000_a125,confirmatory,7219,1,0.0,0.125,feedback_only,balanced_permutation_a_k8,balanced_permutation_a,balanced,8,1.0639925081183608,1.0,0.6399250811836067,64,64,64,0.25448612822132743,0.3286041861878543,0.9859524885903177,0.9859524885903177,0.29030369581508175,10.275670754672934,1.2762561844053995,1.1589668875203458,0.49493897871200804,1,0.9999999999999999,1.0
s7219_r1_n000_a125,confirmatory,7219,1,0.0,0.125,feedback_only,balanced_permutation_b_k1,balanced_permutation_b,balanced,1,0.18840039778945986,0.125,0.6340039778945984,64,64,8,0.21721749760226855,0.2804812172837864,0.841563089600141,0.8415630896001403,0.24778970386472118,8.770833613271218,1.0893527934648615,1.1589668875203458,0.49493897871200804,1,0.8535533905932735,1.0
s7219_r1_n000_a125,confirmatory,7219,1,0.0,0.125,feedback_only,balanced_permutation_b_k2,balanced_permutation_b,balanced,2,0.31340039778945983,0.25,0.6340039778945984,64,64,16,0.21931658518642283,0.2831916556567893,0.8496955589092976,0.8496955589092979,0.2501842268502317,8.855590818116712,1.0998797857595295,1.1589668875203458,0.49493897871200804,1,0.8618017285236166,1.0
s7219_r1_n000_a125,confirmatory,7219,1,0.0,0.125,feedback_only,balanced_permutation_b_k4,balanced_permutation_b,balanced,4,0.5634003977894598,0.5,0.6340039778945984,64,64,32,0.23809368871163994,0.30743751481616466,0.9224434610389757,0.922443461038976,0.27160410772221416,9.613774908149828,1.1940475687611902,1.1589668875203458,0.49493897871200804,1,0.9355861177021363,1.0
s7219_r1_n000_a125,confirmatory,7219,1,0.0,0.125,feedback_only,balanced_permutation_b_k8,balanced_permutation_b,balanced,8,1.06340039778946,1.0,0.6340039778945984,64,64,64,0.25448612822132743,0.3286041861878543,0.9859524885903177,0.9859524885903177,0.29030369581508175,10.275670754672934,1.2762561844053995,1.1589668875203458,0.49493897871200804,1,0.9999999999999999,1.0
s7219_r1_n000_a125,confirmatory,7219,1,0.0,0.125,feedback_only,comb_contiguous_k1,comb_contiguous,comb,1,0.225,0.125,1.0,64,64,8,0.21721749760226855,0.2804812172837864,0.841563089600141,0.8415630896001403,0.24778970386472118,8.770833613271218,1.0893527934648615,1.1589668875203458,0.49493897871200804,1,0.8535533905932735,1.0
s7219_r1_n000_a125,confirmatory,7219,1,0.0,0.125,feedback_only,comb_contiguous_k2,comb_contiguous,comb,2,0.35,0.25,1.0,64,64,16,0.23318354372529937,0.3010973099154971,0.9034201464777537,0.9034201464777533,0.2660028859719944,9.415512497581574,1.1694230324497477,1.1589668875203458,0.49493897871200804,1,0.9162917655083298,1.0
s7219_r1_n000_a125,confirmatory,7219,1,0.0,0.125,feedback_only,comb_contiguous_k4,comb_contiguous,comb,4,0.6,0.5,1.0,64,64,32,0.2382555614488103,0.30764653233486267,0.9230706026013213,0.9230706026013212,0.271788763185287,9.620311024530505,1.1948593657866082,1.1589668875203458,0.49493897871200804,1,0.9362221945614205,1.0
s7219_r1_n000_a125,confirmatory,7219,1,0.0,0.125,feedback_only,comb_contiguous_k8,comb_contiguous,comb,8,1.1,1.0,1.0,64,64,64,0.25448612822132743,0.3286041861878543,0.9859524885903177,0.9859524885903177,0.29030369581508175,10.275670754672934,1.2762561844053995,1.1589668875203458,0.49493897871200804,1,0.9999999999999999,1.0
s7219_r1_n000_a125,confirmatory,7219,1,0.0,0.125,joint_forward_feedback,balanced_contiguous_k1,balanced_contiguous,balanced,1,0.1737418407321983,0.125,0.487418407321983,64,64,8,0.13438427803875774,0.29823332459823837,0.4410198654564283,0.44101986545642824,0.12985381988631506,4.59634210181851,0.5708736853427433,0.5712025200353951,0.49493897871200804,1,0.8535533905932735,1.0
s7219_r1_n000_a125,confirmatory,7219,1,0.0,0.125,joint_forward_feedback,balanced_contiguous_k2,balanced_contiguous,balanced,2,0.2987418407321983,0.25,0.487418407321983,64,64,16,0.13664958595723498,0.3032606263155668,0.44845411154536496,0.4484541115453648,0.13204275813657793,4.6738223719158585,0.5804968696819427,0.5712025200353951,0.49493897871200804,1,0.8680364173060459,1.0
s7219_r1_n000_a125,confirmatory,7219,1,0.0,0.125,joint_forward_feedback,balanced_contiguous_k4,balanced_contiguous,balanced,4,0.5487418407321983,0.5,0.487418407321983,64,64,32,0.13752722721193503,0.30520833830251715,0.45133433856087346,0.45133433856087346,0.13289081172644604,4.703840313807147,0.5842251502873195,0.5712025200353951,0.49493897871200804,1,0.8740666891932455,1.0
s7219_r1_n000_a125,confirmatory,7219,1,0.0,0.125,joint_forward_feedback,balanced_contiguous_k8,balanced_contiguous,balanced,8,1.0487418407321982,1.0,0.487418407321983,64,64,64,0.1480694230963522,0.32860418618785414,0.4859315241722742,0.4859315241722742,0.14307760162151517,5.06441477606076,0.6290091257937893,0.5712025200353951,0.49493897871200804,1,0.9999999999999999,1.0
s7219_r1_n000_a125,confirmatory,7219,1,0.0,0.125,joint_forward_feedback,balanced_interleaved_k1,balanced_interleaved,balanced,1,0.19088469787505546,0.125,0.6588469787505544,64,64,8,0.15409024062403337,0.2888803421824182,0.5231581077402967,0.5231581077402967,0.15403859103776724,5.452393020948848,0.677196698778064,0.6995247785930369,0.49493897871200804,1,0.8535533905932735,1.0000000000000002
s7219_r1_n000_a125,confirmatory,7219,1,0.0,0.125,joint_forward_feedback,balanced_interleaved_k2,balanced_interleaved,balanced,2,0.31588469787505546,0.25,0.6588469787505544,64,64,16,0.15530785342936698,0.2911630591307854,0.5272920750092097,0.5272920750092098,0.15525579571084427,5.495477537756226,0.6825478707200541,0.6995247785930369,0.49493897871200804,1,0.8603506919926038,1.0000000000000002
s7219_r1_n000_a125,confirmatory,7219,1,0.0,0.125,joint_forward_feedback,balanced_interleaved_k4,balanced_interleaved,balanced,4,0.5658846978750555,0.5,0.6588469787505544,64,64,32,0.15833140319265154,0.2968314524481426,0.5375574530527032,0.5375574530527033,0.15827833200894306,5.602464077338881,0.6958357850616463,0.6995247785930369,0.49493897871200804,1,0.8777697123759061,1.0000000000000002
s7219_r1_n000_a125,confirmatory,7219,1,0.0,0.125,joint_forward_feedback,balanced_interleaved_k8,balanced_interleaved,balanced,8,1.0658846978750554,1.0,0.6588469787505544,64,64,64,0.17527914062001848,0.3286041861878543,0.5950974128001462,0.5950974128001462,0.1752203887155667,6.20214985169828,0.7703178015157128,0.6995247785930369,0.49493897871200804,1,0.9999999999999999,1.0000000000000002
s7219_r1_n000_a125,confirmatory,7219,1,0.0,0.125,joint_forward_feedback,balanced_permutation_a_k1,balanced_permutation_a,balanced,1,0.18899250811836066,0.125,0.6399250811836067,64,64,8,0.15289203146082642,0.2883419105871125,0.5183789297746004,0.5183789297746002,0.1526314106285131,5.40258406988702,0.6710103404031134,0.6944287635035411,0.49493897871200804,1,0.8535533905932735,1.0
s7219_r1_n000_a125,confirmatory,7219,1,0.0,0.125,joint_forward_feedback,balanced_permutation_a_k2,balanced_permutation_a,balanced,2,0.31399250811836066,0.25,0.6399250811836067,64,64,16,0.15566114837717607,0.29356423940746,0.5277675934597047,0.5277675934597046,0.1553958072886885,5.500433426697736,0.6831634007483931,0.6944287635035411,0.49493897871200804,1,0.8719455877779112,1.0
s7219_r1_n000_a125,confirmatory,7219,1,0.0,0.125,joint_forward_feedback,balanced_permutation_a_k4,balanced_permutation_a,balanced,4,0.5639925081183607,0.5,0.6399250811836067,64,64,32,0.16158759883184157,0.30474104195740814,0.5478611654706098,0.5478611654706096,0.1613121554742206,5.709850140645669,0.7091733209448302,0.6944287635035411,0.49493897871200804,1,0.892836669348712,1.0
s7219_r1_n000_a125,confirmatory,7219,1,0.0,0.125,joint_forward_feedback,balanced_permutation_a_k8,balanced_permutation_a,balanced,8,1.0639925081183608,1.0,0.6399250811836067,64,64,64,0.17424092623404508,0.32860418618785425,0.590762147648497,0.590762147648497,0.17394391392552733,6.156967393265371,0.7647060615740243,0.6944287635035411,0.49493897871200804,1,0.9999999999999999,1.0
s7219_r1_n000_a125,confirmatory,7219,1,0.0,0.125,joint_forward_feedback,balanced_permutation_b_k1,balanced_permutation_b,balanced,1,0.18840039778945986,0.125,0.6340039778945984,64,64,8,0.15392319607808036,0.27963174225570947,0.526530341855991,0.5265303418559908,0.15503151112090377,5.487538697724911,0.6815618529768945,0.7273192238344282,0.49493897871200804,1,0.8535533905932735,1.0000000000000002
s7219_r1_n000_a125,confirmatory,7219,1,0.0,0.125,joint_forward_feedback,balanced_permutation_b_k2,balanced_permutation_b,balanced,2,0.31340039778945983,0.25,0.6340039778945984,64,64,16,0.15480991890773027,0.281242648578283,0.5295635849702403,0.5295635849702403,0.15592461874684138,5.519151384869164,0.6854882037170816,0.7273192238344282,0.49493897871200804,1,0.8618017285236166,1.0000000000000002
s7219_r1_n000_a125,confirmatory,7219,1,0.0,0.125,joint_forward_feedback,balanced_permutation_b_k4,balanced_permutation_b,balanced,4,0.5634003977894598,0.5,0.6340039778945984,64,64,32,0.1708880005593168,0.31045164435616457,0.5845624288358786,0.5845624288358786,0.17211846969251893,6.0923534589964845,0.7566808985283975,0.7273192238344282,0.49493897871200804,1,0.9355861177021363,1.0000000000000002
s7219_r1_n000_a125,confirmatory,7219,1,0.0,0.125,joint_forward_feedback,balanced_permutation_b_k8,balanced_permutation_b,balanced,8,1.06340039778946,1.0,0.6340039778945984,64,64,64,0.18088006094965575,0.32860418618785436,0.6187426115972999,0.6187426115972999,0.18218247733396484,6.448581886284175,0.8009250889312648,0.7273192238344282,0.49493897871200804,1,0.9999999999999999,1.0000000000000002
s7219_r1_n000_a125,confirmatory,7219,1,0.0,0.125,joint_forward_feedback,comb_contiguous_k1,comb_contiguous,comb,1,0.225,0.125,1.0,64,64,8,0.16359575611230756,0.27410007468214087,0.5717830125501775,0.5717830125501776,0.1683557003694222,5.9591654243716885,0.7401387129195998,0.8057683913509502,0.49493897871200804,1,0.8535533905932735,1.0
s7219_r1_n000_a125,confirmatory,7219,1,0.0,0.125,joint_forward_feedback,comb_contiguous_k2,comb_contiguous,comb,2,0.35,0.25,1.0,64,64,16,0.18119441586671564,0.3035861326803528,0.6332920328961154,0.6332920328961152,0.1864664066549972,6.600217045856025,0.8197584395511124,0.8057683913509502,0.49493897871200804,1,0.9162917655083298,1.0
s7219_r1_n000_a125,confirmatory,7219,1,0.0,0.125,joint_forward_feedback,comb_contiguous_k4,comb_contiguous,comb,4,0.6,0.5,1.0,64,64,32,0.1834659526239843,0.3073920284419955,0.6412312738706667,0.6412312738706667,0.18880403552002906,6.682960410511597,0.8300353093906958,0.8057683913509502,0.49493897871200804,1,0.9362221945614205,1.0
s7219_r1_n000_a125,confirmatory,7219,1,0.0,0.125,joint_forward_feedback,comb_contiguous_k8,comb_contiguous,comb,8,1.1,1.0,1.0,64,64,64,0.1961263613788214,0.3286041861878541,0.6854806286827064,0.6854806286827064,0.20183280859786218,7.144130503814296,0.8873134372805687,0.8057683913509502,0.49493897871200804,1,0.9999999999999999,1.0
s7219_r1_n000_a375,confirmatory,7219,1,0.0,0.375,feedback_only,balanced_contiguous_k1,balanced_contiguous,balanced,1,0.1737418407321983,0.125,0.487418407321983,64,64,8,0.038261703949359696,0.049801005334254626,0.14759288288547295,0.147592882885473,0.04111571936351967,1.4632959025181025,0.18870860224899266,1.1589668875203456,0.5004815889201615,1,0.14644660940672613,1.0000000000000002
s7219_r1_n000_a375,confirmatory,7219,1,0.0,0.375,feedback_only,balanced_contiguous_k2,balanced_contiguous,balanced,2,0.2987418407321983,0.25,0.487418407321983,64,64,16,0.060316126351289245,0.0785067945258721,0.23266687193161978,0.2326668719316199,0.06481522431506095,2.3067540500135704,0.29748209624668087,1.1589668875203456,0.5004815889201615,1,0.23085987514787135,1.0000000000000002
s7219_r1_n000_a375,confirmatory,7219,1,0.0,0.375,feedback_only,balanced_contiguous_k4,balanced_contiguous,balanced,4,0.5487418407321983,0.5,0.487418407321983,64,64,32,0.06949888669802684,0.09045897254743444,0.2680889763474396,0.2680889763474397,0.074682944735945,2.65794320789768,0.3427719210833847,1.1589668875203456,0.5004815889201615,1,0.2660068753848211,1.0000000000000002
s7219_r1_n000_a375,confirmatory,7219,1,0.0,0.375,feedback_only,balanced_contiguous_k8,balanced_contiguous,balanced,8,1.0487418407321982,1.0,0.487418407321983,64,64,64,0.2612672570868163,0.34006253566405414,1.0078272449146515,1.0078272449146515,0.28075569335531,9.99200943228457,1.2885829382699614,1.1589668875203456,0.5004815889201615,1,0.9999999999999996,1.0000000000000002
s7219_r1_n000_a375,confirmatory,7219,1,0.0,0.375,feedback_only,balanced_interleaved_k1,balanced_interleaved,balanced,1,0.19088469787505546,0.125,0.6588469787505544,64,64,8,0.038261703949359696,0.049801005334254626,0.14759288288547295,0.147592882885473,0.04111571936351967,1.4632959025181025,0.18870860224899266,1.1589668875203456,0.5004815889201615,1,0.14644660940672613,1.0000000000000002
s7219_r1_n000_a375,confirmatory,7219,1,0.0,0.375,feedback_only,balanced_interleaved_k2,balanced_interleaved,balanced,2,0.31588469787505546,0.25,0.6588469787505544,64,64,16,0.048612479324361565,0.0632734586349855,0.18752055520551492,0.1875205552055151,0.0522385793406046,1.8591550941048622,0.23975913454611972,1.1589668875203456,0.5004815889201615,1,0.18606418525765792,1.0000000000000002
s7219_r1_n000_a375,confirmatory,7219,1,0.0,0.375,feedback_only,balanced_interleaved_k4,balanced_interleaved,balanced,4,0.5658846978750555,0.5,0.6588469787505544,64,64,32,0.07513776585320464,0.09779847450108241,0.28984071097632613,0.28984071097632635,0.08074243892825661,2.8735987566805377,0.37058314990458296,1.1589668875203456,0.5004815889201615,1,0.2875896761462042,1.0000000000000002
s7219_r1_n000_a375,confirmatory,7219,1,0.0,0.375,feedback_only,balanced_interleaved_k8,balanced_interleaved,balanced,8,1.0658846978750554,1.0,0.6588469787505544,64,64,64,0.2612672570868163,0.34006253566405414,1.0078272449146515,1.0078272449146515,0.28075569335531,9.99200943228457,1.2885829382699614,1.1589668875203456,0.5004815889201615,1,0.9999999999999996,1.0000000000000002
s7219_r1_n000_a375,confirmatory,7219,1,0.0,0.375,feedback_only,balanced_permutation_a_k1,balanced_permutation_a,balanced,1,0.18899250811836066,0.125,0.6399250811836067,64,64,8,0.038261703949359696,0.049801005334254626,0.14759288288547295,0.147592882885473,0.04111571936351967,1.4632959025181025,0.18870860224899266,1.1589668875203456,0.5004815889201615,1,0.14644660940672613,1.0000000000000002
s7219_r1_n000_a375,confirmatory,7219,1,0.0,0.375,feedback_only,balanced_permutation_a_k2,balanced_permutation_a,balanced,2,0.31399250811836066,0.25,0.6399250811836067,64,64,16,0.06626892189171579,0.0862548865307362,0.25562952556048524,0.25562952556048535,0.07121205053044659,2.534415142534776,0.32684157609093195,1.1589668875203456,0.5004815889201615,1,0.25364419036134833,1.0000000000000002
s7219_r1_n000_a375,confirmatory,7219,1,0.0,0.375,feedback_only,balanced_permutation_a_k4,balanced_permutation_a,balanced,4,0.5639925081183607,0.5,0.6399250811836067,64,64,32,0.09808138392282553,0.1276616308148883,0.37834473419495873,0.37834473419495895,0.1053974663933911,3.7510636587834743,0.48374220058835005,1.1589668875203456,0.5004815889201615,1,0.3754063368538905,1.0000000000000002
s7219_r1_n000_a375,confirmatory,7219,1,0.0,0.375,feedback_only,balanced_permutation_a_k8,balanced_permutation_a,balanced,8,1.0639925081183608,1.0,0.6399250811836067,64,64,64,0.2612672570868163,0.34006253566405414,1.0078272449146515,1.0078272449146515,0.28075569335531,9.99200943228457,1.2885829382699614,1.1589668875203456,0.5004815889201615,1,0.9999999999999996,1.0000000000000002
s7219_r1_n000_a375,confirmatory,7219,1,0.0,0.375,feedback_only,balanced_permutation_b_k1,balanced_permutation_b,balanced,1,0.18840039778945986,0.125,0.6340039778945984,64,64,8,0.038261703949359696,0.049801005334254626,0.14759288288547295,0.147592882885473,0.04111571936351967,1.4632959025181025,0.18870860224899266,1.1589668875203456,0.5004815889201615,1,0.14644660940672613,1.0000000000000002
s7219_r1_n000_a375,confirmatory,7219,1,0.0,0.375,feedback_only,balanced_permutation_b_k2,balanced_permutation_b,balanced,2,0.31340039778945983,0.25,0.6340039778945984,64,64,16,0.050822084623740355,0.06614945614535782,0.1960440129324882,0.1960440129324883,0.05461300342568052,1.943660122554265,0.25065701635816884,1.1589668875203456,0.5004815889201615,1,0.1945214459340103,1.0000000000000002
s7219_r1_n000_a375,confirmatory,7219,1,0.0,0.375,feedback_only,balanced_permutation_b_k4,balanced_permutation_b,balanced,4,0.5634003977894598,0.5,0.6340039778945984,64,64,32,0.16317926782056363,0.21239230740814022,0.6294570308905626,0.6294570308905625,0.17535112891299193,6.240693156106304,0.8048081598035544,1.1589668875203456,0.5004815889201615,1,0.6245683812049236,1.0000000000000002
s7219_r1_n000_a375,confirmatory,7219,1,0.0,0.375,feedback_only,balanced_permutation_b_k8,balanced_permutation_b,balanced,8,1.06340039778946,1.0,0.6340039778945984,64,64,64,0.2612672570868163,0.34006253566405414,1.0078272449146515,1.0078272449146515,0.28075569335531,9.99200943228457,1.2885829382699614,1.1589668875203456,0.5004815889201615,1,0.9999999999999996,1.0000000000000002
s7219_r1_n000_a375,confirmatory,7219,1,0.0,0.375,feedback_only,comb_contiguous_k1,comb_contiguous,comb,1,0.225,0.125,1.0,64,64,8,0.038261703949359696,0.049801005334254626,0.14759288288547295,0.147592882885473,0.04111571936351967,1.4632959025181025,0.18870860224899266,1.1589668875203456,0.5004815889201615,1,0.14644660940672613,1.0000000000000002
s7219_r1_n000_a375,confirmatory,7219,1,0.0,0.375,feedback_only,comb_contiguous_k2,comb_contiguous,comb,2,0.35,0.25,1.0,64,64,16,0.13379826882823678,0.17415032818319015,0.5161210867028166,0.516121086702817,0.14377854367770793,5.117034484389471,0.6598996303805249,1.1589668875203456,0.5004815889201615,1,0.5121126555241362,1.0000000000000002
s7219_r1_n000_a375,confirmatory,7219,1,0.0,0.375,feedback_only,comb_contiguous_k4,comb_contiguous,comb,4,0.6,0.5,1.0,64,64,32,0.16414787113898294,0.21365303063916036,0.6331933766718992,0.6331933766718993,0.17639198224946157,6.277736808654669,0.8095853589213609,1.1589668875203456,0.5004815889201615,1,0.6282757088249993,1.0000000000000002
s7219_r1_n000_a375,confirmatory,7219,1,0.0,0.375,feedback_only,comb_contiguous_k8,comb_contiguous,comb,8,1.1,1.0,1.0,64,64,64,0.2612672570868163,0.34006253566405414,1.0078272449146515,1.0078272449146515,0.28075569335531,9.99200943228457,1.2885829382699614,1.1589668875203456,0.5004815889201615,1,0.9999999999999996,1.0000000000000002
s7219_r1_n000_a375,confirmatory,7219,1,0.0,0.375,joint_forward_feedback,balanced_contiguous_k1,balanced_contiguous,balanced,1,0.1737418407321983,0.125,0.487418407321983,64,64,8,0.0246685042927779,0.07625706873637796,0.07734582725509637,0.07734582725509637,0.02154663060431905,0.766838006593306,0.09889245785941542,0.3966436480407509,0.5004815889201615,1,0.14644660940672613,0.9999999999999998
s7219_r1_n000_a375,confirmatory,7219,1,0.0,0.375,joint_forward_feedback,balanced_contiguous_k2,balanced_contiguous,balanced,2,0.2987418407321983,0.25,0.487418407321983,64,64,16,0.038794671416819956,0.11992490058279479,0.12163712555130698,0.12163712555130693,0.03388508863420944,1.205959961846009,0.15552221418551637,0.3966436480407509,0.5004815889201615,1,0.23085987514787135,0.9999999999999998
s7219_r1_n000_a375,confirmatory,7219,1,0.0,0.375,joint_forward_feedback,balanced_contiguous_k4,balanced_contiguous,balanced,4,0.5487418407321983,0.5,0.487418407321983,64,64,32,0.044267528743509615,0.13684299388883878,0.13879676653958758,0.13879676653958756,0.03866533934453916,1.3760876255648407,0.17746210588412673,0.3966436480407509,0.5004815889201615,1,0.2660068753848211,0.9999999999999998
s7219_r1_n000_a375,confirmatory,7219,1,0.0,0.375,joint_forward_feedback,balanced_contiguous_k8,balanced_contiguous,balanced,8,1.0487418407321982,1.0,0.487418407321983,64,64,64,0.1100072984688411,0.3400625356640542,0.3449177705784879,0.3449177705784879,0.09608554275344264,3.4196551386886522,0.44100331333193055,0.3966436480407509,0.5004815889201615,1,0.9999999999999996,0.9999999999999998
s7219_r1_n000_a375,confirmatory,7219,1,0.0,0.375,joint_forward_feedback,balanced_interleaved_k1,balanced_interleaved,balanced,1,0.19088469787505546,0.125,0.6588469787505544,64,64,8,0.027813376861409736,0.05996220584175715,0.09175118809332153,0.09175118809332156,0.025559607124428743,0.9096586160750413,0.1173107952177503,0.5983810313654518,0.5004815889201615,1,0.14644660940672613,0.9999999999999996
s7219_r1_n000_a375,confirmatory,7219,1,0.0,0.375,joint_forward_feedback,balanced_interleaved_k2,balanced_interleaved,balanced,2,0.31588469787505546,0.25,0.6588469787505544,64,64,16,0.03527942069201105,0.07605807435944302,0.11638028635880138,0.11638028635880131,0.03242066351592019,1.1538415188682474,0.1488009498747215,0.5983810313654518,0.5004815889201615,1,0.18606418525765792,0.9999999999999996
s7219_r1_n000_a375,confirmatory,7219,1,0.0,0.375,joint_forward_feedback,balanced_interleaved_k4,balanced_interleaved,balanced,4,0.5658846978750555,0.5,0.6588469787505544,64,64,32,0.05381893913153986,0.1160269866715791,0.17753873008107124,0.17753873008107107,0.04945789024145059,1.76019121780749,0.22699662032252166,0.5983810313654518,0.5004815889201615,1,0.2875896761462042,0.9999999999999996
s7219_r1_n000_a375,confirmatory,7219,1,0.0,0.375,joint_forward_feedback,balanced_interleaved_k8,balanced_interleaved,balanced,8,1.0658846978750554,1.0,0.6588469787505544,64,64,64,0.15773748360478534,0.34006253566405437,0.5203467957057095,0.5203467957057095,0.1449557214797681,5.158929883058288,0.6653025171854776,0.5983810313654518,0.5004815889201615,1,0.9999999999999996,0.9999999999999996
s7219_r1_n000_a375,confirmatory,7219,1,0.0,0.375,joint_forward_feedback,balanced_permutation_a_k1,balanced_permutation_a,balanced,1,0.18899250811836066,0.125,0.6399250811836067,64,64,8,0.02845494908922587,0.06328898388969019,0.09334686935720753,0.09334686935720748,0.02600412437862777,0.9254788494732962,0.11935099373583526,0.576786857916209,0.5004815889201615,1,0.14644660940672613,0.9999999999999998
s7219_r1_n000_a375,confirmatory,7219,1,0.0,0.375,joint_forward_feedback,balanced_permutation_a_k2,balanced_permutation_a,balanced,2,0.31399250811836066,0.25,0.6399250811836067,64,64,16,0.04958328959149672,0.11028225727320917,0.1626586939686544,0.1626586939686545,0.04531268095387331,1.6126644844926004,0.20797137492252782,0.576786857916209,0.5004815889201615,1,0.25364419036134833,0.9999999999999998
s7219_r1_n000_a375,confirmatory,7219,1,0.0,0.375,joint_forward_feedback,balanced_permutation_a_k4,balanced_permutation_a,balanced,4,0.5639925081183607,0.5,0.6399250811836067,64,64,32,0.07498087515078276,0.16677110841324866,0.24597583833454764,0.24597583833454784,0.06852277251754371,2.4387045588959464,0.3144986108520915,0.576786857916209,0.5004815889201615,1,0.3754063368538905,0.9999999999999998
s7219_r1_n000_a375,confirmatory,7219,1,0.0,0.375,joint_forward_feedback,balanced_permutation_a_k8,balanced_permutation_a,balanced,8,1.0639925081183608,1.0,0.6399250811836067,64,64,64,0.15289330851541796,0.34006253566405403,0.5015686955132845,0.5015686955132845,0.1397246081455913,4.972756156172205,0.6412933036588758,0.576786857916209,0.5004815889201615,1,0.9999999999999996,0.9999999999999998
s7219_r1_n000_a375,confirmatory,7219,1,0.0,0.375,joint_forward_feedback,balanced_permutation_b_k1,balanced_permutation_b,balanced,1,0.18840039778945986,0.125,0.6340039778945984,64,64,8,0.03066536467070136,0.05983177445806321,0.10318653190232085,0.10318653190232088,0.02874521050640899,1.0230332681074086,0.13193174240872987,0.6744268551278723,0.5004815889201615,1,0.14644660940672613,1.0000000000000002
s7219_r1_n000_a375,confirmatory,7219,1,0.0,0.375,joint_forward_feedback,balanced_permutation_b_k2,balanced_permutation_b,balanced,2,0.31340039778945983,0.25,0.6340039778945984,64,64,16,0.036811334537232045,0.07182329279900278,0.12386723544240913,0.12386723544240924,0.03450634198084616,1.2280701788294863,0.1583735774232554,0.6744268551278723,0.5004815889201615,1,0.1945214459340103,1.0000000000000002
s7219_r1_n000_a375,confirmatory,7219,1,0.0,0.375,joint_forward_feedback,balanced_permutation_b_k4,balanced_permutation_b,balanced,4,0.5634003977894598,0.5,0.6340039778945984,64,64,32,0.11377353157985358,0.2219856947368055,0.38283895437320303,0.38283895437320303,0.10664944475436638,3.7956211865129275,0.4894883991275694,0.6744268551278723,0.5004815889201615,1,0.6245683812049236,1.0000000000000002
s7219_r1_n000_a375,confirmatory,7219,1,0.0,0.375,joint_forward_feedback,balanced_permutation_b_k8,balanced_permutation_b,balanced,8,1.06340039778946,1.0,0.6340039778945984,64,64,64,0.1742910311692462,0.34006253566405403,0.5864755642451811,0.5864755642451811,0.16337755751934102,5.814557404864094,0.7498531217645221,0.6744268551278723,0.5004815889201615,1,0.9999999999999996,1.0000000000000002
s7219_r1_n000_a375,confirmatory,7219,1,0.0,0.375,joint_forward_feedback,comb_contiguous_k1,comb_contiguous,comb,1,0.225,0.125,1.0,64,64,8,0.0303241773365224,0.049870402436149854,0.10656551828968713,0.10656551828968708,0.02968651237219012,1.056533914199771,0.1362520306618772,0.8356367877179323,0.5004815889201615,1,0.14644660940672613,1.0000000000000002
s7219_r1_n000_a375,confirmatory,7219,1,0.0,0.375,joint_forward_feedback,comb_contiguous_k2,comb_contiguous,comb,2,0.35,0.25,1.0,64,64,16,0.11613274883598461,0.19098908623949656,0.40811483301831997,0.40811483301831997,0.11369067813040541,4.046216533191293,0.5218055111487254,0.8356367877179323,0.5004815889201615,1,0.5121126555241362,1.0000000000000002
s7219_r1_n000_a375,confirmatory,7219,1,0.0,0.375,joint_forward_feedback,comb_contiguous_k4,comb_contiguous,comb,4,0.6,0.5,1.0,64,64,32,0.13889467817900536,0.22842280006996163,0.4881050260182406,0.48810502601824063,0.1359739634956662,4.8392718578795595,0.6240789895139068,0.8356367877179323,0.5004815889201615,1,0.6282757088249993,1.0000000000000002
s7219_r1_n000_a375,confirmatory,7219,1,0.0,0.375,joint_forward_feedback,comb_contiguous_k8,comb_contiguous,comb,8,1.1,1.0,1.0,64,64,64,0.20677829199768516,0.34006253566405453,0.7266622805048082,0.7266622805048082,0.2024301024086277,7.204425557580894,0.9290923829134359,0.8356367877179323,0.5004815889201615,1,0.9999999999999996,1.0000000000000002
s7219_r1_n750_a125,confirmatory,7219,1,0.75,0.125,feedback_only,balanced_contiguous_k1,balanced_contiguous,balanced,1,0.1737418407321983,0.125,0.487418407321983,64,64,8,0.20248794412998866,0.2450448125879835,0.8167175386917775,0.8167175386917769,0.3576315822017453,12.260928169147626,1.1743491208935222,1.1589668875203458,0.7610861806859115,1,0.8535533905932735,1.0
s7219_r1_n750_a125,confirmatory,7219,1,0.75,0.125,feedback_only,balanced_contiguous_k2,balanced_contiguous,balanced,2,0.2987418407321983,0.25,0.487418407321983,64,64,16,0.2059237436197085,0.24920271367027105,0.8305755375703732,0.8305755375703734,0.3636998467244355,12.46897063275231,1.1942753842948088,1.1589668875203458,0.7610861806859115,1,0.8680364173060459,1.0
s7219_r1_n750_a125,confirmatory,7219,1,0.75,0.125,feedback_only,balanced_contiguous_k4,balanced_contiguous,balanced,4,0.5487418407321983,0.5,0.487418407321983,64,64,32,0.20735430129828,0.2509339314953522,0.8363455677379443,0.8363455677379439,0.3662264791529317,12.555592900631758,1.2025720468908756,1.1589668875203458,0.7610861806859115,1,0.8740666891932455,1.0
s7219_r1_n750_a125,confirmatory,7219,1,0.75,0.125,feedback_only,balanced_contiguous_k8,balanced_contiguous,balanced,8,1.0487418407321982,1.0,0.487418407321983,64,64,64,0.23722938290860385,0.28708785564973494,0.9568441150753415,0.9568441150753415,0.41899146104166834,14.364570868408729,1.3758355761170098,1.1589668875203458,0.7610861806859115,1,0.9999999999999999,1.0
s7219_r1_n750_a125,confirmatory,7219,1,0.75,0.125,feedback_only,balanced_interleaved_k1,balanced_interleaved,balanced,1,0.19088469787505546,0.125,0.6588469787505544,64,64,8,0.20248794412998866,0.2450448125879835,0.8167175386917775,0.8167175386917769,0.3576315822017453,12.260928169147626,1.1743491208935222,1.1589668875203458,0.7610861806859115,1,0.8535533905932735,1.0
s7219_r1_n750_a125,confirmatory,7219,1,0.75,0.125,feedback_only,balanced_interleaved_k2,balanced_interleaved,balanced,2,0.31588469787505546,0.25,0.6588469787505544,64,64,16,0.20410046374639565,0.24699623527092218,0.8232214965341206,0.8232214965341205,0.3604795934461915,12.35856848681225,1.183701089980312,1.1589668875203458,0.7610861806859115,1,0.8603506919926038,1.0
s7219_r1_n750_a125,confirmatory,7219,1,0.75,0.125,feedback_only,balanced_interleaved_k4,balanced_interleaved,balanced,4,0.5658846978750555,0.5,0.6588469787505544,64,64,32,0.20823276720279882,0.2519970244802834,0.8398887836782605,0.83988878367826,0.3677780142465059,12.60878523956645,1.207666797924766,1.1589668875203458,0.7610861806859115,1,0.8777697123759061,1.0
s7219_r1_n750_a125,confirmatory,7219,1,0.75,0.125,feedback_only,balanced_interleaved_k8,balanced_interleaved,balanced,8,1.0658846978750554,1.0,0.6588469787505544,64,64,64,0.23722938290860385,0.28708785564973494,0.9568441150753415,0.9568441150753415,0.41899146104166834,14.364570868408729,1.3758355761170098,1.1589668875203458,0.7610861806859115,1,0.9999999999999999,1.0
s7219_r1_n750_a125,confirmatory,7219,1,0.75,0.125,feedback_only,balanced_permutation_a_k1,balanced_permutation_a,balanced,1,0.18899250811836066,0.125,0.6399250811836067,64,64,8,0.20248794412998866,0.2450448125879835,0.8167175386917775,0.8167175386917769,0.3576315822017453,12.260928169147626,1.1743491208935222,1.1589668875203458,0.7610861806859115,1,0.8535533905932735,1.0
s7219_r1_n750_a125,confirmatory,7219,1,0.75,0.125,feedback_only,balanced_permutation_a_k2,balanced_permutation_a,balanced,2,0.31399250811836066,0.25,0.6399250811836067,64,64,16,0.20685111371843362,0.2503249890384081,0.8343160043312033,0.834316004331203,0.3653377557719034,12.525124189032113,1.1996537601031063,1.1589668875203458,0.7610861806859115,1,0.8719455877779112,1.0
s7219_r1_n750_a125,confirmatory,7219,1,0.75,0.125,feedback_only,balanced_permutation_a_k4,balanced_permutation_a,balanced,4,0.5639925081183607,0.5,0.6399250811836067,64,64,32,0.21180709210776805,0.25632256484877314,0.8543055127897832,0.8543055127897825,0.3740909405619939,12.825215610773586,1.2283964533517764,1.1589668875203458,0.7610861806859115,1,0.892836669348712,1.0
s7219_r1_n750_a125,confirmatory,7219,1,0.75,0.125,feedback_only,balanced_permutation_a_k8,balanced_permutation_a,balanced,8,1.0639925081183608,1.0,0.6399250811836067,64,64,64,0.23722938290860385,0.28708785564973494,0.9568441150753415,0.9568441150753415,0.41899146104166834,14.364570868408729,1.3758355761170098,1.1589668875203458,0.7610861806859115,1,0.9999999999999999,1.0
s7219_r1_n750_a125,confirmatory,7219,1,0.75,0.125,feedback_only,balanced_permutation_b_k1,balanced_permutation_b,balanced,1,0.18840039778945986,0.125,0.6340039778945984,64,64,8,0.20248794412998866,0.2450448125879835,0.8167175386917775,0.8167175386917769,0.3576315822017453,12.260928169147626,1.1743491208935222,1.1589668875203458,0.7610861806859115,1,0.8535533905932735,1.0
s7219_r1_n750_a125,confirmatory,7219,1,0.75,0.125,feedback_only,balanced_permutation_b_k2,balanced_permutation_b,balanced,2,0.31340039778945983,0.25,0.6340039778945984,64,64,16,0.20444469224722553,0.24741281023707995,0.8246099122995789,0.8246099122995784,0.3610875653623455,12.379412003894634,1.1856974776619238,1.1589668875203458,0.7610861806859115,1,0.8618017285236166,1.0
s7219_r1_n750_a125,confirmatory,7219,1,0.75,0.125,feedback_only,balanced_permutation_b_k4,balanced_permutation_b,balanced,4,0.5634003977894598,0.5,0.6340039778945984,64,64,32,0.2219485173603341,0.26859541230676676,0.8952100708694745,0.8952100708694739,0.39200259438632024,13.439293091231722,1.2872126652557943,1.1589668875203458,0.7610861806859115,1,0.9355861177021363,1.0
s7219_r1_n750_a125,confirmatory,7219,1,0.75,0.125,feedback_only,balanced_permutation_b_k8,balanced_permutation_b,balanced,8,1.06340039778946,1.0,0.6340039778945984,64,64,64,0.23722938290860385,0.28708785564973494,0.9568441150753415,0.9568441150753415,0.41899146104166834,14.364570868408729,1.3758355761170098,1.1589668875203458,0.7610861806859115,1,0.9999999999999999,1.0
s7219_r1_n750_a125,confirmatory,7219,1,0.75,0.125,feedback_only,comb_contiguous_k1,comb_contiguous,comb,1,0.225,0.125,1.0,64,64,8,0.20248794412998866,0.2450448125879835,0.8167175386917775,0.8167175386917769,0.3576315822017453,12.260928169147626,1.1743491208935222,1.1589668875203458,0.7610861806859115,1,0.8535533905932735,1.0
s7219_r1_n750_a125,confirmatory,7219,1,0.75,0.125,feedback_only,comb_contiguous_k2,comb_contiguous,comb,2,0.35,0.25,1.0,64,64,16,0.21737133009577614,0.2630562381092961,0.87674838351864,0.87674838351864,0.383918425570785,13.16213800178376,1.260666809089425,1.1589668875203458,0.7610861806859115,1,0.9162917655083298,1.0
s7219_r1_n750_a125,confirmatory,7219,1,0.75,0.125,feedback_only,comb_contiguous_k4,comb_contiguous,comb,4,0.6,0.5,1.0,64,64,32,0.2220994134811446,0.2687780222483271,0.8958186972690163,0.8958186972690159,0.39226910515892677,13.448430062354673,1.2880878024279427,1.1589668875203458,0.7610861806859115,1,0.9362221945614205,1.0
s7219_r1_n750_a125,confirmatory,7219,1,0.75,0.125,feedback_only,comb_contiguous_k8,comb_contiguous,comb,8,1.1,1.0,1.0,64,64,64,0.23722938290860385,0.28708785564973494,0.9568441150753415,0.9568441150753415,0.41899146104166834,14.364570868408729,1.3758355761170098,1.1589668875203458,0.7610861806859115,1,0.9999999999999999,1.0
s7219_r1_n750_a125,confirmatory,7219,1,0.75,0.125,joint_forward_feedback,balanced_contiguous_k1,balanced_contiguous,balanced,1,0.1737418407321983,0.125,0.487418407321983,64,64,8,0.12826882216722887,0.26055409286007486,0.42799959204590604,0.42799959204590576,0.1874162902516594,6.425320880099006,0.6154158822975652,0.5712025200353951,0.7610861806859115,1,0.8535533905932735,1.0
s7219_r1_n750_a125,confirmatory,7219,1,0.75,0.125,joint_forward_feedback,balanced_contiguous_k2,balanced_contiguous,balanced,2,0.2987418407321983,0.25,0.487418407321983,64,64,16,0.13043104220360388,0.26494623797081,0.43521435614715803,0.4352143561471582,0.190575555699633,6.533632138535414,0.6257899118467912,0.5712025200353951,0.7610861806859115,1,0.8680364173060459,1.0
s7219_r1_n750_a125,confirmatory,7219,1,0.75,0.125,joint_forward_feedback,balanced_contiguous_k4,balanced_contiguous,balanced,4,0.5487418407321983,0.5,0.487418407321983,64,64,32,0.1312687444383345,0.266647873194158,0.43800954993363567,0.4380095499336354,0.19179954016067421,6.5755948350752105,0.6298090900943096,0.5712025200353951,0.7610861806859115,1,0.8740666891932455,1.0
s7219_r1_n750_a125,confirmatory,7219,1,0.75,0.125,joint_forward_feedback,balanced_contiguous_k8,balanced_contiguous,balanced,8,1.0487418407321982,1.0,0.487418407321983,64,64,64,0.14133119421955384,0.2870878556497347,0.4715853193885812,0.4715853193885812,0.20650199845861558,7.07964927006428,0.6780873178471968,0.5712025200353951,0.7610861806859115,1,0.9999999999999999,1.0
s7219_r1_n750_a125,confirmatory,7219,1,0.75,0.125,joint_forward_feedback,balanced_interleaved_k1,balanced_interleaved,balanced,1,0.19088469787505546,0.125,0.6588469787505544,64,64,8,0.1464205118535166,0.25238277983805374,0.507712858822404,0.5077128588224037,0.22232184862305548,7.6220120147601795,0.7300347074454592,0.6995247785930369,0.7610861806859115,1,0.8535533905932735,1.0000000000000002
s7219_r1_n750_a125,confirmatory,7219,1,0.75,0.125,joint_forward_feedback,balanced_interleaved_k2,balanced_interleaved,balanced,2,0.31588469787505546,0.25,0.6588469787505544,64,64,16,0.14757751887404127,0.254377095009034,0.5117247785639212,0.511724778563921,0.22407862393012615,7.682240744327958,0.7358034024940471,0.6995247785930369,0.7610861806859115,1,0.8603506919926038,1.0000000000000002
s7219_r1_n750_a125,confirmatory,7219,1,0.75,0.125,joint_forward_feedback,balanced_interleaved_k4,balanced_interleaved,balanced,4,0.5658846978750555,0.5,0.6588469787505544,64,64,32,0.1504505736642851,0.2593293352751669,0.5216870908290732,0.5216870908290732,0.2284410103476886,7.831799421955108,0.7501281011767618,0.6995247785930369,0.7610861806859115,1,0.8777697123759061,1.0000000000000002
s7219_r1_n750_a125,confirmatory,7219,1,0.75,0.125,joint_forward_feedback,balanced_interleaved_k8,balanced_interleaved,balanced,8,1.0658846978750554,1.0,0.6588469787505544,64,64,64,0.1665547498848201,0.28708785564973477,0.5775282926142944,0.5775282926142944,0.25289325534108575,8.670112463529039,0.8304215479553801,0.6995247785930369,0.7610861806859115,1,0.9999999999999999,1.0000000000000002
s7219_r1_n750_a125,confirmatory,7219,1,0.75,0.125,joint_forward_feedback,balanced_permutation_a_k1,balanced_permutation_a,balanced,1,0.18899250811836066,0.125,0.6399250811836067,64,64,8,0.14530870926328096,0.25191237447315656,0.5030747770037635,0.5030747770037636,0.22029088386400478,7.552383060651916,0.7233656608677683,0.6944287635035411,0.7610861806859115,1,0.8535533905932735,1.0
s7219_r1_n750_a125,confirmatory,7219,1,0.75,0.125,joint_forward_feedback,balanced_permutation_a_k2,balanced_permutation_a,balanced,2,0.31399250811836066,0.25,0.6399250811836067,64,64,16,0.14794048020038825,0.25647490667922623,0.5121862582358441,0.5121862582358445,0.22428070077726714,7.6891686831083925,0.7364669590131117,0.6944287635035411,0.7610861806859115,1,0.8719455877779112,1.0
s7219_r1_n750_a125,confirmatory,7219,1,0.75,0.125,joint_forward_feedback,balanced_permutation_a_k4,balanced_permutation_a,balanced,4,0.5639925081183607,0.5,0.6399250811836067,64,64,32,0.15357298346332557,0.2662396157485464,0.5316866057190845,0.5316866057190844,0.23281968738343956,7.98191660198915,0.7645062931025239,0.6944287635035411,0.7610861806859115,1,0.892836669348712,1.0
s7219_r1_n750_a125,confirmatory,7219,1,0.75,0.125,joint_forward_feedback,balanced_permutation_a_k8,balanced_permutation_a,balanced,8,1.0639925081183608,1.0,0.6399250811836067,64,64,64,0.16559871596967254,0.2870878556497345,0.5733210179274806,0.5733210179274806,0.2510509362629224,8.606950978340997,0.824371954190403,0.6944287635035411,0.7610861806859115,1,0.9999999999999999,1.0
s7219_r1_n750_a125,confirmatory,7219,1,0.75,0.125,joint_forward_feedback,balanced_permutation_b_k1,balanced_permutation_b,balanced,1,0.18840039778945986,0.125,0.6340039778945984,64,64,8,0.14611349710193836,0.24430266146974047,0.5109855341344487,0.5109855341344486,0.22375491696606406,7.671142877048498,0.7347404511005127,0.7273192238344282,0.7610861806859115,1,0.8535533905932735,1.0000000000000002
s7219_r1_n750_a125,confirmatory,7219,1,0.75,0.125,joint_forward_feedback,balanced_permutation_b_k2,balanced_permutation_b,balanced,2,0.31340039778945983,0.25,0.6340039778945984,64,64,16,0.14695522971210678,0.24571004354592574,0.5139292265101449,0.5139292265101447,0.22504392731782144,7.715334900680431,0.7389731538279661,0.7273192238344282,0.7610861806859115,1,0.8618017285236166,1.0000000000000002
s7219_r1_n750_a125,confirmatory,7219,1,0.75,0.125,joint_forward_feedback,balanced_permutation_b_k4,balanced_permutation_b,balanced,4,0.5634003977894598,0.5,0.6340039778945984,64,64,32,0.16221754752164685,0.27122873233938005,0.5673043340308183,0.5673043340308183,0.248416296892966,8.51662583460573,0.8157206309237842,0.7273192238344282,0.7610861806859115,1,0.9355861177021363,1.0000000000000002
s7219_r1_n750_a125,confirmatory,7219,1,0.75,0.125,joint_forward_feedback,balanced_permutation_b_k8,balanced_permutation_b,balanced,8,1.06340039778946,1.0,0.6340039778945984,64,64,64,0.1717026343966983,0.2870878556497346,0.6004754118524546,0.6004754118524546,0.2629415451981406,9.014604858192953,0.8634169570505952,0.7273192238344282,0.7610861806859115,1,0.9999999999999999,1.0000000000000002
s7219_r1_n750_a125,confirmatory,7219,1,0.75,0.125,joint_forward_feedback,comb_contiguous_k1,comb_contiguous,comb,1,0.225,0.125,1.0,64,64,8,0.1548373674771833,0.23946987281818277,0.5549022057248648,0.5549022057248647,0.24298554200085015,8.33043954975207,0.7978877477257149,0.8057683913509502,0.7610861806859115,1,0.8535533905932735,1.0
s7219_r1_n750_a125,confirmatory,7219,1,0.75,0.125,joint_forward_feedback,comb_contiguous_k2,comb_contiguous,comb,2,0.35,0.25,1.0,64,64,16,0.17149385180327154,0.2652306193883167,0.6145952891372395,0.6145952891372393,0.26912448338009853,9.226578757300393,0.8837197725173378,0.8057683913509502,0.7610861806859115,1,0.9162917655083298,1.0
s7219_r1_n750_a125,confirmatory,7219,1,0.75,0.125,joint_forward_feedback,comb_contiguous_k4,comb_contiguous,comb,4,0.6,0.5,1.0,64,64,32,0.17364377781591012,0.26855567274722847,0.6223001391098033,0.6223001391098034,0.2724983520137131,9.342247403548622,0.8947984911235165,0.8057683913509502,0.7610861806859115,1,0.9362221945614205,1.0
s7219_r1_n750_a125,confirmatory,7219,1,0.75,0.125,joint_forward_feedback,comb_contiguous_k8,comb_contiguous,comb,8,1.1,1.0,1.0,64,64,64,0.18562638915845822,0.28708785564973455,0.6652431158127852,0.6652431158127852,0.29130260682050996,9.986926534069104,0.9565457226332952,0.8057683913509502,0.7610861806859115,1,0.9999999999999999,1.0
s7219_r1_n750_a375,confirmatory,7219,1,0.75,0.375,feedback_only,balanced_contiguous_k1,balanced_contiguous,balanced,1,0.1737418407321983,0.125,0.487418407321983,64,64,8,0.037722421974684,0.04621465156053032,0.1508794929104122,0.1508794929104122,0.06163068009883994,2.1230612560732904,0.21251017300925212,1.1589668875203456,0.7940133715070096,1,0.14644660940672613,1.0000000000000002
s7219_r1_n750_a375,confirmatory,7219,1,0.75,0.375,feedback_only,balanced_contiguous_k2,balanced_contiguous,balanced,2,0.2987418407321983,0.25,0.487418407321983,64,64,16,0.05946599694339452,0.07285323117065205,0.23784791629373225,0.23784791629373225,0.09715521015157838,3.3468146411442405,0.3350031264453106,1.1589668875203456,0.7940133715070096,1,0.23085987514787135,1.0000000000000002
s7219_r1_n750_a375,confirmatory,7219,1,0.75,0.375,feedback_only,balanced_contiguous_k4,balanced_contiguous,balanced,4,0.5487418407321983,0.5,0.487418407321983,64,64,32,0.06851933030122133,0.08394468884200951,0.2740588029407917,0.2740588029407918,0.11194649509025043,3.8563466458288054,0.3860052980310422,1.1589668875203456,0.7940133715070096,1,0.2660068753848211,1.0000000000000002
s7219_r1_n750_a375,confirmatory,7219,1,0.75,0.375,feedback_only,balanced_contiguous_k8,balanced_contiguous,balanced,8,1.0487418407321982,1.0,0.487418407321983,64,64,64,0.2575848094230542,0.31557338027661935,1.03026962195741,1.03026962195741,0.4208406077034739,14.497169068468576,1.4511102296608838,1.1589668875203456,0.7940133715070096,1,0.9999999999999996,1.0000000000000002
s7219_r1_n750_a375,confirmatory,7219,1,0.75,0.375,feedback_only,balanced_interleaved_k1,balanced_interleaved,balanced,1,0.19088469787505546,0.125,0.6588469787505544,64,64,8,0.037722421974684,0.04621465156053032,0.1508794929104122,0.1508794929104122,0.06163068009883994,2.1230612560732904,0.21251017300925212,1.1589668875203456,0.7940133715070096,1,0.14644660940672613,1.0000000000000002
s7219_r1_n750_a375,confirmatory,7219,1,0.75,0.375,feedback_only,balanced_interleaved_k2,balanced_interleaved,balanced,2,0.31588469787505546,0.25,0.6588469787505544,64,64,16,0.04792730770004967,0.05871690389017424,0.19169627780522075,0.19169627780522075,0.07830336479568455,2.6974039512671264,0.2699996426009053,1.1589668875203456,0.7940133715070096,1,0.18606418525765792,1.0000000000000002
s7219_r1_n750_a375,confirmatory,7219,1,0.75,0.375,feedback_only,balanced_interleaved_k4,balanced_interleaved,balanced,4,0.5658846978750555,0.5,0.6588469787505544,64,64,32,0.0740787319221579,0.09075564623411594,0.29629490692200383,0.2962949069220038,0.12102941407861387,4.1692361574376475,0.41732432100061767,1.1589668875203456,0.7940133715070096,1,0.2875896761462042,1.0000000000000002
s7219_r1_n750_a375,confirmatory,7219,1,0.75,0.375,feedback_only,balanced_interleaved_k8,balanced_interleaved,balanced,8,1.0658846978750554,1.0,0.6588469787505544,64,64,64,0.2575848094230542,0.31557338027661935,1.03026962195741,1.03026962195741,0.4208406077034739,14.497169068468576,1.4511102296608838,1.1589668875203456,0.7940133715070096,1,0.9999999999999996,1.0000000000000002
s7219_r1_n750_a375,confirmatory,7219,1,0.75,0.375,feedback_only,balanced_permutation_a_k1,balanced_permutation_a,balanced,1,0.18899250811836066,0.125,0.6399250811836067,64,64,8,0.037722421974684,0.04621465156053032,0.1508794929104122,0.1508794929104122,0.06163068009883994,2.1230612560732904,0.21251017300925212,1.1589668875203456,0.7940133715070096,1,0.14644660940672613,1.0000000000000002
s7219_r1_n750_a375,confirmatory,7219,1,0.75,0.375,feedback_only,balanced_permutation_a_k2,balanced_permutation_a,balanced,2,0.31399250811836066,0.25,0.6399250811836067,64,64,16,0.06533489043549273,0.08004335453985696,0.26132190411527945,0.2613219041152793,0.10674377521212548,3.6771227109032947,0.36806567932740475,1.1589668875203456,0.7940133715070096,1,0.25364419036134833,1.0000000000000002
s7219_r1_n750_a375,confirmatory,7219,1,0.75,0.375,feedback_only,balanced_permutation_a_k4,balanced_permutation_a,balanced,4,0.5639925081183607,0.5,0.6399250811836067,64,64,32,0.09669896973471637,0.11846824669824556,0.3867697447508742,0.38676974475087433,0.1579862309373264,5.442329134745319,0.5447559756882008,1.1589668875203456,0.7940133715070096,1,0.3754063368538905,1.0000000000000002
s7219_r1_n750_a375,confirmatory,7219,1,0.75,0.375,feedback_only,balanced_permutation_a_k8,balanced_permutation_a,balanced,8,1.0639925081183608,1.0,0.6399250811836067,64,64,64,0.2575848094230542,0.31557338027661935,1.03026962195741,1.03026962195741,0.4208406077034739,14.497169068468576,1.4511102296608838,1.1589668875203456,0.7940133715070096,1,0.9999999999999996,1.0000000000000002
s7219_r1_n750_a375,confirmatory,7219,1,0.75,0.375,feedback_only,balanced_permutation_b_k1,balanced_permutation_b,balanced,1,0.18840039778945986,0.125,0.6340039778945984,64,64,8,0.037722421974684,0.04621465156053032,0.1508794929104122,0.1508794929104122,0.06163068009883994,2.1230612560732904,0.21251017300925212,1.1589668875203456,0.7940133715070096,1,0.14644660940672613,1.0000000000000002
s7219_r1_n750_a375,confirmatory,7219,1,0.75,0.375,feedback_only,balanced_permutation_b_k2,balanced_permutation_b,balanced,2,0.31340039778945983,0.25,0.6340039778945984,64,64,16,0.050105769579608994,0.06138579022969128,0.20040953656504157,0.20040953656504157,0.08186252351822737,2.8200102891483176,0.28227206008326894,1.1589668875203456,0.7940133715070096,1,0.1945214459340103,1.0000000000000002
s7219_r1_n750_a375,confirmatory,7219,1,0.75,0.375,feedback_only,balanced_permutation_b_k4,balanced_permutation_b,balanced,4,0.5634003977894598,0.5,0.6340039778945984,64,64,32,0.1608793274443358,0.19709715527073407,0.6434738299905485,0.6434738299905483,0.2628437370986551,9.054473417147511,0.9063175670892034,1.1589668875203456,0.7940133715070096,1,0.6245683812049236,1.0000000000000002
s7219_r1_n750_a375,confirmatory,7219,1,0.75,0.375,feedback_only,balanced_permutation_b_k8,balanced_permutation_b,balanced,8,1.06340039778946,1.0,0.6340039778945984,64,64,64,0.2575848094230542,0.31557338027661935,1.03026962195741,1.03026962195741,0.4208406077034739,14.497169068468576,1.4511102296608838,1.1589668875203456,0.7940133715070096,1,0.9999999999999996,1.0000000000000002
s7219_r1_n750_a375,confirmatory,7219,1,0.75,0.375,feedback_only,comb_contiguous_k1,comb_contiguous,comb,1,0.225,0.125,1.0,64,64,8,0.037722421974684,0.04621465156053032,0.1508794929104122,0.1508794929104122,0.06163068009883994,2.1230612560732904,0.21251017300925212,1.1589668875203456,0.7940133715070096,1,0.14644660940672613,1.0000000000000002
s7219_r1_n750_a375,confirmatory,7219,1,0.75,0.375,feedback_only,comb_contiguous_k2,comb_contiguous,comb,2,0.35,0.25,1.0,64,64,16,0.13191244077631883,0.1616091217861876,0.5276141120064572,0.5276141120064574,0.21551780116341743,7.424183749235815,0.7431319131698748,1.1589668875203456,0.7940133715070096,1,0.5121126555241362,1.0000000000000002
s7219_r1_n750_a375,confirmatory,7219,1,0.75,0.375,feedback_only,comb_contiguous_k4,comb_contiguous,comb,4,0.6,0.5,1.0,64,64,32,0.16183427872282172,0.19826708917959404,0.6472933770161557,0.6472933770161557,0.26440393110724364,9.108219172447953,0.9116973081233994,1.1589668875203456,0.7940133715070096,1,0.6282757088249993,1.0000000000000002
s7219_r1_n750_a375,confirmatory,7219,1,0.75,0.375,feedback_only,comb_contiguous_k8,comb_contiguous,comb,8,1.1,1.0,1.0,64,64,64,0.2575848094230542,0.31557338027661935,1.03026962195741,1.03026962195741,0.4208406077034739,14.497169068468576,1.4511102296608838,1.1589668875203456,0.7940133715070096,1,0.9999999999999996,1.0000000000000002
s7219_r1_n750_a375,confirmatory,7219,1,0.75,0.375,joint_forward_feedback,balanced_contiguous_k1,balanced_contiguous,balanced,1,0.1737418407321983,0.125,0.487418407321983,64,64,8,0.024968295700478,0.07076551641930548,0.07906817027241561,0.07906817027241554,0.03229746477841962,1.1125870431818434,0.11136563505083516,0.3966436480407509,0.7940133715070096,1,0.14644660940672613,0.9999999999999998
s7219_r1_n750_a375,confirmatory,7219,1,0.75,0.375,joint_forward_feedback,balanced_contiguous_k2,balanced_contiguous,balanced,2,0.2987418407321983,0.25,0.487418407321983,64,64,16,0.03926613531334476,0.11128866689871715,0.12434575071280568,0.1243457507128057,0.050792278234798885,1.74969865422637,0.17513802894760458,0.3966436480407509,0.7940133715070096,1,0.23085987514787135,0.9999999999999998
s7219_r1_n750_a375,confirmatory,7219,1,0.75,0.375,joint_forward_feedback,balanced_contiguous_k4,balanced_contiguous,balanced,4,0.5487418407321983,0.5,0.487418407321983,64,64,32,0.04480550318249121,0.12698842600919388,0.14188750394792277,0.14188750394792277,0.05795766672565377,1.9965328391688435,0.19984517067357654,0.3966436480407509,0.7940133715070096,1,0.2660068753848211,0.9999999999999998
s7219_r1_n750_a375,confirmatory,7219,1,0.75,0.375,joint_forward_feedback,balanced_contiguous_k8,balanced_contiguous,balanced,8,1.0487418407321982,1.0,0.487418407321983,64,64,64,0.1113441952046078,0.31557338027661935,0.35259842685676257,0.35259842685676257,0.14402806126785225,4.961496387428035,0.49662648812461485,0.3966436480407509,0.7940133715070096,1,0.9999999999999996,0.9999999999999998
s7219_r1_n750_a375,confirmatory,7219,1,0.75,0.375,joint_forward_feedback,balanced_interleaved_k1,balanced_interleaved,balanced,1,0.19088469787505546,0.125,0.6588469787505544,64,64,8,0.027986174555893705,0.05564410660343701,0.09379431082859313,0.09379431082859319,0.03831274253553154,1.3198020719656025,0.13210705336412473,0.5983810313654518,0.7940133715070096,1,0.14644660940672613,0.9999999999999996
s7219_r1_n750_a375,confirmatory,7219,1,0.75,0.375,joint_forward_feedback,balanced_interleaved_k2,balanced_interleaved,balanced,2,0.31588469787505546,0.25,0.6588469787505544,64,64,16,0.03549860308718323,0.07058085236020009,0.11897185180812553,0.11897185180812556,0.04859716849596578,1.6740812436790304,0.16756902030409132,0.5983810313654518,0.7940133715070096,1,0.18606418525765792,0.9999999999999996
s7219_r1_n750_a375,confirmatory,7219,1,0.75,0.375,joint_forward_feedback,balanced_interleaved_k4,balanced_interleaved,balanced,4,0.5658846978750555,0.5,0.6588469787505544,64,64,32,0.05415330301147593,0.10767145612133008,0.18149217660702754,0.18149217660702754,0.074135232437131,2.5538196145952194,0.25562740904415854,0.5983810313654518,0.7940133715070096,1,0.2875896761462042,0.9999999999999996
s7219_r1_n750_a375,confirmatory,7219,1,0.75,0.375,joint_forward_feedback,balanced_interleaved_k8,balanced_interleaved,balanced,8,1.0658846978750554,1.0,0.6588469787505544,64,64,64,0.15871746793521843,0.31557338027661924,0.5319339194326607,0.5319339194326607,0.21728233963340698,7.484968787701684,0.7492162590660676,0.5983810313654518,0.7940133715070096,1,0.9999999999999996,0.9999999999999996
s7219_r1_n750_a375,confirmatory,7219,1,0.75,0.375,joint_forward_feedback,balanced_permutation_a_k1,balanced_permutation_a,balanced,1,0.18899250811836066,0.125,0.6399250811836067,64,64,8,0.028650662498536192,0.05873131111411995,0.09542552484945224,0.0954255248494522,0.0389790546204482,1.3427552727037946,0.1344045794699004,0.576786857916209,0.7940133715070096,1,0.14644660940672613,0.9999999999999998
s7219_r1_n750_a375,confirmatory,7219,1,0.75,0.375,joint_forward_feedback,balanced_permutation_a_k2,balanced_permutation_a,balanced,2,0.31399250811836066,0.25,0.6399250811836067,64,64,16,0.04992432392687164,0.10234042584044985,0.16628079066999568,0.16628079066999552,0.06792174349664354,2.339776582562589,0.23420253416663905,0.576786857916209,0.7940133715070096,1,0.25364419036134833,0.9999999999999998
s7219_r1_n750_a375,confirmatory,7219,1,0.75,0.375,joint_forward_feedback,balanced_permutation_a_k4,balanced_permutation_a,balanced,4,0.5639925081183607,0.5,0.6399250811836067,64,64,32,0.07549659432015512,0.15476130680398997,0.25145324781634826,0.2514532478163482,0.10271266410727838,3.538258499249256,0.35416591192362656,0.576786857916209,0.7940133715070096,1,0.3754063368538905,0.9999999999999998
s7219_r1_n750_a375,confirmatory,7219,1,0.75,0.375,joint_forward_feedback,balanced_permutation_a_k8,balanced_permutation_a,balanced,8,1.0639925081183608,1.0,0.6399250811836067,64,64,64,0.1539449101393202,0.31557338027661974,0.5127376670154465,0.5127376670154465,0.20944112762373757,7.214853750975049,0.7221787946391841,0.576786857916209,0.7940133715070096,1,0.9999999999999996,0.9999999999999998
s7219_r1_n750_a375,confirmatory,7219,1,0.75,0.375,joint_forward_feedback,balanced_permutation_b_k1,balanced_permutation_b,balanced,1,0.18840039778945986,0.125,0.6340039778945984,64,64,8,0.030782191212556896,0.05552306806396352,0.10548429778072058,0.10548429778072062,0.0430878238425317,1.484294660741735,0.1485721216232523,0.6744268551278723,0.7940133715070096,1,0.14644660940672613,1.0000000000000002
s7219_r1_n750_a375,confirmatory,7219,1,0.75,0.375,joint_forward_feedback,balanced_permutation_b_k2,balanced_permutation_b,balanced,2,0.31340039778945983,0.25,0.6340039778945984,64,64,16,0.03695157552119725,0.06665103301343908,0.12662552086788198,0.12662552086788192,0.05172351005707058,1.7817778426941404,0.1783490309249525,0.6744268551278723,0.7940133715070096,1,0.1945214459340103,1.0000000000000002
s7219_r1_n750_a375,confirmatory,7219,1,0.75,0.375,joint_forward_feedback,balanced_permutation_b_k4,balanced_permutation_b,balanced,4,0.5634003977894598,0.5,0.6340039778945984,64,64,32,0.11420697720790651,0.20599968745264008,0.39136404258058344,0.3913640425805833,0.15986289220095973,5.506976593011295,0.551226934781543,0.6744268551278723,0.7940133715070096,1,0.6245683812049236,1.0000000000000002
s7219_r1_n750_a375,confirmatory,7219,1,0.75,0.375,joint_forward_feedback,balanced_permutation_b_k8,balanced_permutation_b,balanced,8,1.06340039778946,1.0,0.6340039778945984,64,64,64,0.17495503170100557,0.3155733802766193,0.5995352486361003,0.5995352486361003,0.24489587288452527,8.43620318094091,0.8444311215206256,0.6744268551278723,0.7940133715070096,1,0.9999999999999996,1.0000000000000002
s7219_r1_n750_a375,confirmatory,7219,1,0.75,0.375,joint_forward_feedback,comb_contiguous_k1,comb_contiguous,comb,1,0.225,0.125,1.0,64,64,8,0.030275140094620137,0.046279051121580796,0.10893852770502269,0.10893852770502271,0.044498794514198234,1.5328999521593663,0.15343732221922096,0.8356367877179323,0.7940133715070096,1,0.14644660940672613,1.0000000000000002
s7219_r1_n750_a375,confirmatory,7219,1,0.75,0.375,joint_forward_feedback,comb_contiguous_k2,comb_contiguous,comb,2,0.35,0.25,1.0,64,64,16,0.115944950511425,0.1772352588703924,0.4172027664965571,0.41720276649655696,0.17041739564678704,5.870559427193743,0.587620162143344,0.8356367877179323,0.7940133715070096,1,0.5121126555241362,1.0000000000000002
s7219_r1_n750_a375,confirmatory,7219,1,0.75,0.375,joint_forward_feedback,comb_contiguous_k4,comb_contiguous,comb,4,0.6,0.5,1.0,64,64,32,0.13867007152744748,0.21197323312774358,0.49897418745998573,0.4989741874599857,0.20381907396245463,7.021184554258534,0.7027932614224404,0.8356367877179323,0.7940133715070096,1,0.6282757088249993,1.0000000000000002
s7219_r1_n750_a375,confirmatory,7219,1,0.75,0.375,joint_forward_feedback,comb_contiguous_k8,comb_contiguous,comb,8,1.1,1.0,1.0,64,64,64,0.20644391072124338,0.31557338027661935,0.7428436538146953,0.7428436538146953,0.3034339439282902,10.452729859519982,1.0462775977429855,0.8356367877179323,0.7940133715070096,1,0.9999999999999996,1.0000000000000002
s7219_r2_n000_a125,confirmatory,7219,2,0.0,0.125,feedback_only,balanced_contiguous_k1,balanced_contiguous,balanced,1,0.1737418407321983,0.125,0.487418407321983,64,64,8,0.06384480432303102,0.11471926215747533,0.21899263320956297,0.21899263320956297,0.13480419863118737,4.532726989407559,0.35379683184075034,0.5907976116771726,0.5170541346388822,2,0.4340182086530229,2.0000000000000004
s7219_r2_n000_a125,confirmatory,7219,2,0.0,0.125,feedback_only,balanced_contiguous_k2,balanced_contiguous,balanced,2,0.2987418407321983,0.25,0.487418407321983,64,64,16,0.137955042858564,0.25209191232550415,0.4712337541496262,0.47123375414962637,0.2742619458621062,9.247616021737025,0.7454957000117326,0.5907976116771726,0.5170541346388822,2,0.8680364173060457,2.0000000000000004
s7219_r2_n000_a125,confirmatory,7219,2,0.0,0.125,feedback_only,balanced_contiguous_k4,balanced_contiguous,balanced,4,0.5487418407321983,0.5,0.487418407321983,64,64,32,0.14271767127704904,0.2609419607520734,0.4874354112216245,0.4874354112216243,0.2831512820374413,9.548276436419744,0.7705866932590656,0.5907976116771726,0.5170541346388822,2,0.8958150043735548,2.0000000000000004
s7219_r2_n000_a125,confirmatory,7219,2,0.0,0.125,feedback_only,balanced_contiguous_k8,balanced_contiguous,balanced,8,1.0487418407321982,1.0,0.487418407321983,64,64,64,0.15892771329422778,0.29041628588334134,0.5428732536500043,0.5428732536500043,0.3159567276143542,10.65348853730934,0.8588299812643585,0.5907976116771726,0.5170541346388822,2,0.9999999999999999,2.0000000000000004
s7219_r2_n000_a125,confirmatory,7219,2,0.0,0.125,feedback_only,balanced_interleaved_k1,balanced_interleaved,balanced,1,0.19088469787505546,0.125,0.6588469787505544,64,64,8,0.06384480432303102,0.11471926215747533,0.21899263320956297,0.21899263320956297,0.13480419863118737,4.532726989407559,0.35379683184075034,0.5907976116771726,0.5170541346388822,2,0.4340182086530229,2.0000000000000004
s7219_r2_n000_a125,confirmatory,7219,2,0.0,0.125,feedback_only,balanced_interleaved_k2,balanced_interleaved,balanced,2,0.31588469787505546,0.25,0.6588469787505544,64,64,16,0.0654133550237101,0.11750254558960532,0.22438972672595967,0.2243897267259598,0.13826215673401274,4.648778742214367,0.36265188345997257,0.5907976116771726,0.5170541346388822,2,0.44482971597609766,2.0000000000000004
s7219_r2_n000_a125,confirmatory,7219,2,0.0,0.125,feedback_only,balanced_interleaved_k4,balanced_interleaved,balanced,4,0.5658846978750555,0.5,0.6588469787505544,64,64,32,0.07399337469084862,0.13352172073782811,0.25353331054199857,0.25353331054199857,0.15389331538652257,5.1781194029107205,0.40742662592852114,0.5907976116771726,0.5170541346388822,2,0.49387235365917487,2.0000000000000004
s7219_r2_n000_a125,confirmatory,7219,2,0.0,0.125,feedback_only,balanced_interleaved_k8,balanced_interleaved,balanced,8,1.0658846978750554,1.0,0.6588469787505544,64,64,64,0.15892771329422778,0.29041628588334134,0.5428732536500043,0.5428732536500043,0.3159567276143542,10.65348853730934,0.8588299812643585,0.5907976116771726,0.5170541346388822,2,0.9999999999999999,2.0000000000000004
s7219_r2_n000_a125,confirmatory,7219,2,0.0,0.125,feedback_only,balanced_permutation_a_k1,balanced_permutation_a,balanced,1,0.18899250811836066,0.125,0.6399250811836067,64,64,8,0.06384480432303102,0.11471926215747533,0.21899263320956297,0.21899263320956297,0.13480419863118737,4.532726989407559,0.35379683184075034,0.5907976116771726,0.5170541346388822,2,0.4340182086530229,2.0000000000000004
s7219_r2_n000_a125,confirmatory,7219,2,0.0,0.125,feedback_only,balanced_permutation_a_k2,balanced_permutation_a,balanced,2,0.31399250811836066,0.25,0.6399250811836067,64,64,16,0.07024949036215306,0.12674085396680337,0.24071695585717118,0.2407169558571713,0.1462091295407393,4.919409101160829,0.3869260853979106,0.5907976116771726,0.5170541346388822,2,0.4699569307566219,2.0000000000000004
s7219_r2_n000_a125,confirmatory,7219,2,0.0,0.125,feedback_only,balanced_permutation_a_k4,balanced_permutation_a,balanced,4,0.5639925081183607,0.5,0.6399250811836067,64,64,32,0.07316049758860586,0.1320675149245177,0.25065650302611403,0.250656503026114,0.1519615276599524,5.1134253881445915,0.4026180306860664,0.5907976116771726,0.5170541346388822,2,0.4882219713011001,2.0000000000000004
s7219_r2_n000_a125,confirmatory,7219,2,0.0,0.125,feedback_only,balanced_permutation_a_k8,balanced_permutation_a,balanced,8,1.0639925081183608,1.0,0.6399250811836067,64,64,64,0.15892771329422778,0.29041628588334134,0.5428732536500043,0.5428732536500043,0.3159567276143542,10.65348853730934,0.8588299812643585,0.5907976116771726,0.5170541346388822,2,0.9999999999999999,2.0000000000000004
s7219_r2_n000_a125,confirmatory,7219,2,0.0,0.125,feedback_only,balanced_permutation_b_k1,balanced_permutation_b,balanced,1,0.18840039778945986,0.125,0.6340039778945984,64,64,8,0.06384480432303102,0.11471926215747533,0.21899263320956297,0.21899263320956297,0.13480419863118737,4.532726989407559,0.35379683184075034,0.5907976116771726,0.5170541346388822,2,0.4340182086530229,2.0000000000000004
s7219_r2_n000_a125,confirmatory,7219,2,0.0,0.125,feedback_only,balanced_permutation_b_k2,balanced_permutation_b,balanced,2,0.31340039778945983,0.25,0.6340039778945984,64,64,16,0.06477376463790148,0.11635458371246253,0.22219526709363133,0.2221952670936313,0.1369063695932811,4.603199094078626,0.3591016366869124,0.5907976116771726,0.5170541346388822,2,0.44066576212575714,2.0000000000000004
s7219_r2_n000_a125,confirmatory,7219,2,0.0,0.125,feedback_only,balanced_permutation_b_k4,balanced_permutation_b,balanced,4,0.5634003977894598,0.5,0.6340039778945984,64,64,32,0.07031150917170945,0.1263341170281618,0.2411762387112933,0.24117623871129323,0.14847822850047232,4.992479550726408,0.38965446721176555,0.5907976116771726,0.5170541346388822,2,0.4779497638482432,2.0000000000000004
s7219_r2_n000_a125,confirmatory,7219,2,0.0,0.125,feedback_only,balanced_permutation_b_k8,balanced_permutation_b,balanced,8,1.06340039778946,1.0,0.6340039778945984,64,64,64,0.15892771329422778,0.29041628588334134,0.5428732536500043,0.5428732536500043,0.3159567276143542,10.65348853730934,0.8588299812643585,0.5907976116771726,0.5170541346388822,2,0.9999999999999999,2.0000000000000004
s7219_r2_n000_a125,confirmatory,7219,2,0.0,0.125,feedback_only,comb_contiguous_k1,comb_contiguous,comb,1,0.225,0.125,1.0,64,64,8,0.06384480432303102,0.11471926215747533,0.21899263320956297,0.21899263320956297,0.13480419863118737,4.532726989407559,0.35379683184075034,0.5907976116771726,0.5170541346388822,2,0.4340182086530229,2.0000000000000004
s7219_r2_n000_a125,confirmatory,7219,2,0.0,0.125,feedback_only,comb_contiguous_k2,comb_contiguous,comb,2,0.35,0.25,1.0,64,64,16,0.0900170803926016,0.16383074072370765,0.30778746337221163,0.30778746337221163,0.18158297519233807,6.11844266952703,0.4893704385645497,0.5907976116771726,0.5170541346388822,2,0.5811432874110053,2.0000000000000004
s7219_r2_n000_a125,confirmatory,7219,2,0.0,0.125,feedback_only,comb_contiguous_k4,comb_contiguous,comb,4,0.6,0.5,1.0,64,64,32,0.1188011958445481,0.21617182194275972,0.40622757516126473,0.40622757516126495,0.23982965530396258,8.080776544888067,0.6460572304652276,0.5907976116771726,0.5170541346388822,2,0.7620590483462011,2.0000000000000004
s7219_r2_n000_a125,confirmatory,7219,2,0.0,0.125,feedback_only,comb_contiguous_k8,comb_contiguous,comb,8,1.1,1.0,1.0,64,64,64,0.15892771329422778,0.29041628588334134,0.5428732536500043,0.5428732536500043,0.3159567276143542,10.65348853730934,0.8588299812643585,0.5907976116771726,0.5170541346388822,2,0.9999999999999999,2.0000000000000004
s7219_r2_n000_a125,confirmatory,7219,2,0.0,0.125,joint_forward_feedback,balanced_contiguous_k1,balanced_contiguous,balanced,1,0.1737418407321983,0.125,0.487418407321983,64,64,8,0.03681928813114903,0.12048541021560615,0.11476275852345107,0.11476275852345111,0.0706439365960495,2.375368729597035,0.18540669511950061,0.2947895529505017,0.5170541346388822,2,0.4340182086530229,1.9999002002831396
s7219_r2_n000_a125,confirmatory,7219,2,0.0,0.125,joint_forward_feedback,balanced_contiguous_k2,balanced_contiguous,balanced,2,0.2987418407321983,0.25,0.487418407321983,64,64,16,0.07909991892745934,0.26381882974230814,0.2460847625271284,0.2460847625271285,0.14324855701618402,4.830038587045017,0.3893333195433125,0.2947895529505017,0.5170541346388822,2,0.8680364173060457,1.9999002002831396
s7219_r2_n000_a125,confirmatory,7219,2,0.0,0.125,joint_forward_feedback,balanced_contiguous_k4,balanced_contiguous,balanced,4,0.5487418407321983,0.5,0.487418407321983,64,64,32,0.08162746841909373,0.27241103336276384,0.25393338200797894,0.253933382007979,0.14755484598202984,4.975688453432934,0.40148822799000883,0.2947895529505017,0.5170541346388822,2,0.8958150043735548,1.9999002002831396
s7219_r2_n000_a125,confirmatory,7219,2,0.0,0.125,joint_forward_feedback,balanced_contiguous_k8,balanced_contiguous,balanced,8,1.0487418407321982,1.0,0.487418407321983,64,64,64,0.08659003710805051,0.2888704478233689,0.269380607369485,0.269380607369485,0.1566957701001694,5.2836452505749065,0.42607637746965443,0.2947895529505017,0.5170541346388822,2,0.9999999999999999,1.9999002002831396
s7219_r2_n000_a125,confirmatory,7219,2,0.0,0.125,joint_forward_feedback,balanced_interleaved_k1,balanced_interleaved,balanced,1,0.19088469787505546,0.125,0.6588469787505544,64,64,8,0.04288599648513657,0.11919181016462828,0.13613687792963358,0.13613687792963342,0.08380109624918045,2.8177719579034077,0.21993797417881386,0.3534882167567175,0.5170541346388822,2,0.4340182086530229,1.9779586452142184
s7219_r2_n000_a125,confirmatory,7219,2,0.0,0.125,joint_forward_feedback,balanced_interleaved_k2,balanced_interleaved,balanced,2,0.31588469787505546,0.25,0.6588469787505544,64,64,16,0.04393293954300194,0.12206124075097044,0.139466036351338,0.13946603635133795,0.08593411290063319,2.8893576491716,0.22540014925197113,0.3534882167567175,0.5170541346388822,2,0.44482971597609766,1.9779586452142184
s7219_r2_n000_a125,confirmatory,7219,2,0.0,0.125,joint_forward_feedback,balanced_interleaved_k4,balanced_interleaved,balanced,4,0.5658846978750555,0.5,0.6588469787505544,64,64,32,0.049450358507731426,0.13806401501758747,0.15688563679321832,0.15688563679321832,0.09527711408707298,3.2057532875795536,0.2521627508802913,0.3534882167567175,0.5170541346388822,2,0.49387235365917487,1.9779586452142184
s7219_r2_n000_a125,confirmatory,7219,2,0.0,0.125,joint_forward_feedback,balanced_interleaved_k8,balanced_interleaved,balanced,8,1.0658846978750554,1.0,0.6588469787505544,64,64,64,0.09313560917919834,0.26325697763268374,0.29503316674859004,0.29503316674859004,0.17265550800988094,5.82000942306478,0.467688674758471,0.3534882167567175,0.5170541346388822,2,0.9999999999999999,1.9779586452142184
s7219_r2_n000_a125,confirmatory,7219,2,0.0,0.125,joint_forward_feedback,balanced_permutation_a_k1,balanced_permutation_a,balanced,1,0.18899250811836066,0.125,0.6399250811836067,64,64,8,0.04252868571255228,0.1183094238460776,0.1349868633436208,0.13498686334362084,0.08325102278836445,2.799019592571283,0.2182378861319853,0.35286089414186717,0.5170541346388822,2,0.4340182086530229,1.9852725999792473
s7219_r2_n000_a125,confirmatory,7219,2,0.0,0.125,joint_forward_feedback,balanced_permutation_a_k2,balanced_permutation_a,balanced,2,0.31399250811836066,0.25,0.6399250811836067,64,64,16,0.04653385931430228,0.13000603639805372,0.14762083508300644,0.14762083508300639,0.08989811880594825,3.02436063687335,0.23751895388895464,0.35286089414186717,0.5170541346388822,2,0.4699569307566219,1.9852725999792473
s7219_r2_n000_a125,confirmatory,7219,2,0.0,0.125,joint_forward_feedback,balanced_permutation_a_k4,balanced_permutation_a,balanced,4,0.5639925081183607,0.5,0.6399250811836067,64,64,32,0.04902081044909172,0.13702653149556188,0.15550007302071397,0.15550007302071395,0.09454770745967864,3.1810267117304303,0.25004778048039256,0.35286089414186717,0.5170541346388822,2,0.4882219713011001,1.9852725999792473
s7219_r2_n000_a125,confirmatory,7219,2,0.0,0.125,joint_forward_feedback,balanced_permutation_a_k8,balanced_permutation_a,balanced,8,1.0639925081183608,1.0,0.6399250811836067,64,64,64,0.09477659178926369,0.26821687712892106,0.3001875534207397,0.3001875534207397,0.17587687801870028,5.9282476500191486,0.47606443143944,0.35286089414186717,0.5170541346388822,2,0.9999999999999999,1.9852725999792473
s7219_r2_n000_a125,confirmatory,7219,2,0.0,0.125,joint_forward_feedback,balanced_permutation_b_k1,balanced_permutation_b,balanced,1,0.18840039778945986,0.125,0.6340039778945984,64,64,8,0.04297911540723616,0.11557467727771664,0.13700911559516324,0.13700911559516324,0.0843276108109437,2.8354926615453615,0.22133672640610694,0.3669042635062356,0.5170541346388822,2,0.4340182086530229,1.980617219131982
s7219_r2_n000_a125,confirmatory,7219,2,0.0,0.125,joint_forward_feedback,balanced_permutation_b_k2,balanced_permutation_b,balanced,2,0.31340039778945983,0.25,0.6340039778945984,64,64,16,0.04343142095259427,0.11676501067156332,0.1384550066465848,0.13845500664658478,0.08527377222243805,2.8672157177646023,0.22372877886902282,0.3669042635062356,0.5170541346388822,2,0.44066576212575714,1.980617219131982
s7219_r2_n000_a125,confirmatory,7219,2,0.0,0.125,joint_forward_feedback,balanced_permutation_b_k4,balanced_permutation_b,balanced,4,0.5634003977894598,0.5,0.6340039778945984,64,64,32,0.04793259694767421,0.12890823048853498,0.1527978100227505,0.1527978100227504,0.09401679695716343,3.16133531265198,0.2468146069799138,0.3669042635062356,0.5170541346388822,2,0.4779497638482432,1.980617219131982
s7219_r2_n000_a125,confirmatory,7219,2,0.0,0.125,joint_forward_feedback,balanced_permutation_b_k8,balanced_permutation_b,balanced,8,1.06340039778946,1.0,0.6340039778945984,64,64,64,0.09697732015674014,0.2653401686216668,0.3084530101551666,0.3084530101551666,0.1801906526693062,6.074553895572965,0.4886436628244728,0.3669042635062356,0.5170541346388822,2,0.9999999999999999,1.980617219131982
s7219_r2_n000_a125,confirmatory,7219,2,0.0,0.125,joint_forward_feedback,comb_contiguous_k1,comb_contiguous,comb,1,0.225,0.125,1.0,64,64,8,0.04570232013599383,0.10527455339860461,0.1490407310257446,0.14904073102574456,0.09016633584931835,3.034363478203932,0.2392070668750629,0.44104462620786694,0.5170541346388822,2,0.4340182086530229,1.952987986653865
s7219_r2_n000_a125,confirmatory,7219,2,0.0,0.125,joint_forward_feedback,comb_contiguous_k2,comb_contiguous,comb,2,0.35,0.25,1.0,64,64,16,0.06688156731856965,0.1561890565524709,0.21762169345228796,0.217621693452288,0.12612714460763866,4.253690320896725,0.3437488380599266,0.44104462620786694,0.5170541346388822,2,0.5811432874110053,1.952987986653865
s7219_r2_n000_a125,confirmatory,7219,2,0.0,0.125,joint_forward_feedback,comb_contiguous_k4,comb_contiguous,comb,4,0.6,0.5,1.0,64,64,32,0.08654998623714316,0.20203069797279372,0.28163978443921467,0.2816397844392147,0.16346074584793643,5.512383651573181,0.44510053028715113,0.44104462620786694,0.5170541346388822,2,0.7620590483462011,1.952987986653865
s7219_r2_n000_a125,confirmatory,7219,2,0.0,0.125,joint_forward_feedback,comb_contiguous_k8,comb_contiguous,comb,8,1.1,1.0,1.0,64,64,64,0.11211145530807991,0.26269771884999,0.36459491024578883,0.36459491024578883,0.20906218704952317,7.05458489583053,0.573657097295312,0.44104462620786694,0.5170541346388822,2,0.9999999999999999,1.952987986653865
s7219_r2_n000_a375,confirmatory,7219,2,0.0,0.375,feedback_only,balanced_contiguous_k1,balanced_contiguous,balanced,1,0.1737418407321983,0.125,0.487418407321983,64,64,8,0.017220150199441987,0.031184288309667706,0.05895182290667682,0.05895182290667682,0.035365163124959555,1.1906370429053825,0.09431698603163638,0.5907976116771722,0.5055236866568783,2,0.11542993757393571,2.0000000000000004
s7219_r2_n000_a375,confirmatory,7219,2,0.0,0.375,feedback_only,balanced_contiguous_k2,balanced_contiguous,balanced,2,0.2987418407321983,0.25,0.487418407321983,64,64,16,0.03497820359018549,0.0637005572072887,0.11957933472837455,0.11957933472837454,0.07039735147896956,2.3722945820554004,0.1899766862073441,0.5907976116771722,0.5055236866568783,2,0.23085987514787135,2.0000000000000004
s7219_r2_n000_a375,confirmatory,7219,2,0.0,0.375,feedback_only,balanced_contiguous_k4,balanced_contiguous,balanced,4,0.5487418407321983,0.5,0.487418407321983,64,64,32,0.05968973945503278,0.10894414564836459,0.20395029325892006,0.20395029325892017,0.11917878676963814,4.017671469887341,0.32312908002855834,0.5907976116771722,0.5055236866568783,2,0.3927653454992652,2.0000000000000004
s7219_r2_n000_a375,confirmatory,7219,2,0.0,0.375,feedback_only,balanced_contiguous_k8,balanced_contiguous,balanced,8,1.0487418407321982,1.0,0.487418407321983,64,64,64,0.15151270253343524,0.2759273657515704,0.5179736610867562,0.5179736610867562,0.3049354134575284,10.275906891727665,0.8229090745442846,0.5907976116771722,0.5055236866568783,2,0.9999999999999997,2.0000000000000004
s7219_r2_n000_a375,confirmatory,7219,2,0.0,0.375,feedback_only,balanced_interleaved_k1,balanced_interleaved,balanced,1,0.19088469787505546,0.125,0.6588469787505544,64,64,8,0.017220150199441987,0.031184288309667706,0.05895182290667682,0.05895182290667682,0.035365163124959555,1.1906370429053825,0.09431698603163638,0.5907976116771722,0.5055236866568783,2,0.11542993757393571,2.0000000000000004
s7219_r2_n000_a375,confirmatory,7219,2,0.0,0.375,feedback_only,balanced_interleaved_k2,balanced_interleaved,balanced,2,0.31588469787505546,0.25,0.6588469787505544,64,64,16,0.02663875180751288,0.04829511637943418,0.0911702341347555,0.09117023413475547,0.05448771695727836,1.834777176767663,0.14565795109203383,0.5907976116771722,0.5055236866568783,2,0.17844402011513666,2.0000000000000004
s7219_r2_n000_a375,confirmatory,7219,2,0.0,0.375,feedback_only,balanced_interleaved_k4,balanced_interleaved,balanced,4,0.5658846978750555,0.5,0.6588469787505544,64,64,32,0.07042258527796189,0.12849186146878527,0.2406416894000577,0.2406416894000577,0.14077297648960277,4.745376937067347,0.38141466588966044,0.5907976116771722,0.5055236866568783,2,0.4642854598562839,2.0000000000000004
s7219_r2_n000_a375,confirmatory,7219,2,0.0,0.375,feedback_only,balanced_interleaved_k8,balanced_interleaved,balanced,8,1.0658846978750554,1.0,0.6588469787505544,64,64,64,0.15151270253343524,0.2759273657515704,0.5179736610867562,0.5179736610867562,0.3049354134575284,10.275906891727665,0.8229090745442846,0.5907976116771722,0.5055236866568783,2,0.9999999999999997,2.0000000000000004
s7219_r2_n000_a375,confirmatory,7219,2,0.0,0.375,feedback_only,balanced_permutation_a_k1,balanced_permutation_a,balanced,1,0.18899250811836066,0.125,0.6399250811836067,64,64,8,0.017220150199441987,0.031184288309667706,0.05895182290667682,0.05895182290667682,0.035365163124959555,1.1906370429053825,0.09431698603163638,0.5907976116771722,0.5055236866568783,2,0.11542993757393571,2.0000000000000004
s7219_r2_n000_a375,confirmatory,7219,2,0.0,0.375,feedback_only,balanced_permutation_a_k2,balanced_permutation_a,balanced,2,0.31399250811836066,0.25,0.6399250811836067,64,64,16,0.04941553393738763,0.0901748850995323,0.1688527545669223,0.16885275456692234,0.09873237537560367,3.32828876658624,0.26758512994252603,0.5907976116771722,0.5055236866568783,2,0.32489616031126756,2.0000000000000004
s7219_r2_n000_a375,confirmatory,7219,2,0.0,0.375,feedback_only,balanced_permutation_a_k4,balanced_permutation_a,balanced,4,0.5639925081183607,0.5,0.6399250811836067,64,64,32,0.06556126583509249,0.11956978666292739,0.22405387183496228,0.22405387183496236,0.1312620963979456,4.424440956569221,0.35531596823290795,0.5907976116771722,0.5055236866568783,2,0.4313526180552937,2.0000000000000004
s7219_r2_n000_a375,confirmatory,7219,2,0.0,0.375,feedback_only,balanced_permutation_a_k8,balanced_permutation_a,balanced,8,1.0639925081183608,1.0,0.6399250811836067,64,64,64,0.15151270253343524,0.2759273657515704,0.5179736610867562,0.5179736610867562,0.3049354134575284,10.275906891727665,0.8229090745442846,0.5907976116771722,0.5055236866568783,2,0.9999999999999997,2.0000000000000004
s7219_r2_n000_a375,confirmatory,7219,2,0.0,0.375,feedback_only,balanced_permutation_b_k1,balanced_permutation_b,balanced,1,0.18840039778945986,0.125,0.6340039778945984,64,64,8,0.017220150199441987,0.031184288309667706,0.05895182290667682,0.05895182290667682,0.035365163124959555,1.1906370429053825,0.09431698603163638,0.5907976116771722,0.5055236866568783,2,0.11542993757393571,2.0000000000000004
s7219_r2_n000_a375,confirmatory,7219,2,0.0,0.375,feedback_only,balanced_permutation_b_k2,balanced_permutation_b,balanced,2,0.31340039778945983,0.25,0.6340039778945984,64,64,16,0.02299988351419238,0.041651947568966015,0.07873780013891514,0.07873780013891507,0.047230861149824346,1.590125356933294,0.1259686612887394,0.5907976116771722,0.5055236866568783,2,0.15417471854762085,2.0000000000000004
s7219_r2_n000_a375,confirmatory,7219,2,0.0,0.375,feedback_only,balanced_permutation_b_k4,balanced_permutation_b,balanced,4,0.5634003977894598,0.5,0.6340039778945984,64,64,32,0.05576990973239579,0.10101090201862294,0.19091633618611603,0.19091633618611603,0.11446972231844046,3.853947450376211,0.30538605850455647,0.5907976116771722,0.5055236866568783,2,0.3714818055060426,2.0000000000000004
s7219_r2_n000_a375,confirmatory,7219,2,0.0,0.375,feedback_only,balanced_permutation_b_k8,balanced_permutation_b,balanced,8,1.06340039778946,1.0,0.6340039778945984,64,64,64,0.15151270253343524,0.2759273657515704,0.5179736610867562,0.5179736610867562,0.3049354134575284,10.275906891727665,0.8229090745442846,0.5907976116771722,0.5055236866568783,2,0.9999999999999997,2.0000000000000004
s7219_r2_n000_a375,confirmatory,7219,2,0.0,0.375,feedback_only,comb_contiguous_k1,comb_contiguous,comb,1,0.225,0.125,1.0,64,64,8,0.017220150199441987,0.031184288309667706,0.05895182290667682,0.05895182290667682,0.035365163124959555,1.1906370429053825,0.09431698603163638,0.5907976116771722,0.5055236866568783,2,0.11542993757393571,2.0000000000000004
s7219_r2_n000_a375,confirmatory,7219,2,0.0,0.375,feedback_only,comb_contiguous_k2,comb_contiguous,comb,2,0.35,0.25,1.0,64,64,16,0.06180591840439345,0.11262795507418924,0.21126258479609367,0.21126258479609367,0.12411208074067318,4.182849168497635,0.33537466553676687,0.5907976116771722,0.5055236866568783,2,0.4055529492857718,2.0000000000000004
s7219_r2_n000_a375,confirmatory,7219,2,0.0,0.375,feedback_only,comb_contiguous_k4,comb_contiguous,comb,4,0.6,0.5,1.0,64,64,32,0.08291161125695695,0.1511118480040429,0.2833945574246729,0.283394557424673,0.1664016273406797,5.6082466323264235,0.4497961847653527,0.5907976116771722,0.5055236866568783,2,0.5445877053627735,2.0000000000000004
s7219_r2_n000_a375,confirmatory,7219,2,0.0,0.375,feedback_only,comb_contiguous_k8,comb_contiguous,comb,8,1.1,1.0,1.0,64,64,64,0.15151270253343524,0.2759273657515704,0.5179736610867562,0.5179736610867562,0.3049354134575284,10.275906891727665,0.8229090745442846,0.5907976116771722,0.5055236866568783,2,0.9999999999999997,2.0000000000000004
s7219_r2_n000_a375,confirmatory,7219,2,0.0,0.375,joint_forward_feedback,balanced_contiguous_k1,balanced_contiguous,balanced,1,0.1737418407321983,0.125,0.487418407321983,64,64,8,0.010105472793962636,0.04132518167810075,0.030893613714768342,0.030893613714768346,0.0185330602969112,0.6239515432159268,0.04942667401167955,0.23363143124690683,0.5055236866568783,2,0.11542993757393571,1.987989194818792
s7219_r2_n000_a375,confirmatory,7219,2,0.0,0.375,joint_forward_feedback,balanced_contiguous_k2,balanced_contiguous,balanced,2,0.2987418407321983,0.25,0.487418407321983,64,64,16,0.020440186397557184,0.08413364575051081,0.06245756459046173,0.062457564590461735,0.03677155036600678,1.2391471763026787,0.09922911495646852,0.23363143124690683,0.5055236866568783,2,0.23085987514787135,1.987989194818792
s7219_r2_n000_a375,confirmatory,7219,2,0.0,0.375,joint_forward_feedback,balanced_contiguous_k4,balanced_contiguous,balanced,4,0.5487418407321983,0.5,0.487418407321983,64,64,32,0.03382237781964214,0.13955765242546175,0.10332965229100768,0.10332965229100768,0.06040289385295882,2.03622225558569,0.1637325461439665,0.23363143124690683,0.5055236866568783,2,0.3927653454992652,1.987989194818792
s7219_r2_n000_a375,confirmatory,7219,2,0.0,0.375,joint_forward_feedback,balanced_contiguous_k8,balanced_contiguous,balanced,8,1.0487418407321982,1.0,0.487418407321983,64,64,64,0.06245445744237749,0.25721618278247355,0.19082926481439239,0.19082926481439239,0.11216220390453589,3.780019789759541,0.3029914687189283,0.23363143124690683,0.5055236866568783,2,0.9999999999999997,1.987989194818792
s7219_r2_n000_a375,confirmatory,7219,2,0.0,0.375,joint_forward_feedback,balanced_interleaved_k1,balanced_interleaved,balanced,1,0.19088469787505546,0.125,0.6588469787505544,64,64,8,0.011642124680696758,0.034724578521103326,0.03664742964707719,0.036647429647077186,0.02198477101600495,0.7401601021592357,0.05863220066308214,0.3298252238175483,0.5055236866568783,2,0.11542993757393571,1.9969119295390068
s7219_r2_n000_a375,confirmatory,7219,2,0.0,0.375,joint_forward_feedback,balanced_interleaved_k2,balanced_interleaved,balanced,2,0.31588469787505546,0.25,0.6588469787505544,64,64,16,0.017958141404985705,0.05363061098520046,0.05652112550727105,0.05652112550727106,0.03378038117950312,1.1374933232513709,0.09030150668677417,0.3298252238175483,0.5055236866568783,2,0.17844402011513666,1.9969119295390068
s7219_r2_n000_a375,confirmatory,7219,2,0.0,0.375,joint_forward_feedback,balanced_interleaved_k4,balanced_interleaved,balanced,4,0.5658846978750555,0.5,0.6588469787505544,64,64,32,0.04638093527136667,0.13949363859688324,0.1458626781667966,0.14586267816679657,0.08535450310509253,2.8772067775297576,0.23121718127188912,0.3298252238175483,0.5055236866568783,2,0.4642854598562839,1.9969119295390068
s7219_r2_n000_a375,confirmatory,7219,2,0.0,0.375,joint_forward_feedback,balanced_interleaved_k8,balanced_interleaved,balanced,8,1.0658846978750554,1.0,0.6588469787505544,64,64,64,0.08846748330226448,0.2655867626183578,0.278276911938416,0.278276911938416,0.1637350921622617,5.517799861130791,0.44201200410067776,0.3298252238175483,0.5055236866568783,2,0.9999999999999997,1.9969119295390068
s7219_r2_n000_a375,confirmatory,7219,2,0.0,0.375,joint_forward_feedback,balanced_permutation_a_k1,balanced_permutation_a,balanced,1,0.18899250811836066,0.125,0.6399250811836067,64,64,8,0.012297012889756459,0.035637938648790696,0.03883774745713091,0.03883774745713092,0.023284554612202517,0.7839434950476114,0.06212230206933344,0.34065749949062724,0.5055236866568783,2,0.11542993757393571,1.9711789980804901
s7219_r2_n000_a375,confirmatory,7219,2,0.0,0.375,joint_forward_feedback,balanced_permutation_a_k2,balanced_permutation_a,balanced,2,0.31399250811836066,0.25,0.6399250811836067,64,64,16,0.0336902011582434,0.09843649294745026,0.1063024527695689,0.1063024527695689,0.06219078985023503,2.09640772797709,0.16849324261980392,0.34065749949062724,0.5055236866568783,2,0.32489616031126756,1.9711789980804901
s7219_r2_n000_a375,confirmatory,7219,2,0.0,0.375,joint_forward_feedback,balanced_permutation_a_k4,balanced_permutation_a,balanced,4,0.5639925081183607,0.5,0.6399250811836067,64,64,32,0.04491796743249269,0.13115690213430545,0.14174005160430653,0.14174005160430636,0.08308570979157529,2.8004827649347157,0.22482576139588165,0.34065749949062724,0.5055236866568783,2,0.4313526180552937,1.9711789980804901
s7219_r2_n000_a375,confirmatory,7219,2,0.0,0.375,joint_forward_feedback,balanced_permutation_a_k8,balanced_permutation_a,balanced,8,1.0639925081183608,1.0,0.6399250811836067,64,64,64,0.08649720430894951,0.25241322745195377,0.2729637728258163,0.2729637728258163,0.16029759313007486,5.402486752988212,0.43326136595589115,0.34065749949062724,0.5055236866568783,2,0.9999999999999997,1.9711789980804901
s7219_r2_n000_a375,confirmatory,7219,2,0.0,0.375,joint_forward_feedback,balanced_permutation_b_k1,balanced_permutation_b,balanced,1,0.18840039778945986,0.125,0.6340039778945984,64,64,8,0.012512345016541467,0.036263041311031224,0.03951769779477477,0.039517697794774785,0.02372099372631269,0.7985894970367808,0.06323869152108748,0.34049142239806285,0.5055236866568783,2,0.11542993757393571,1.988067276906961
s7219_r2_n000_a375,confirmatory,7219,2,0.0,0.375,joint_forward_feedback,balanced_permutation_b_k2,balanced_permutation_b,balanced,2,0.31340039778945983,0.25,0.6340039778945984,64,64,16,0.0155294530182181,0.04501535128763982,0.04904556933738206,0.049045569337382036,0.029424266795579544,0.9906221067959274,0.07846983613296157,0.34049142239806285,0.5055236866568783,2,0.15417471854762085,1.988067276906961
s7219_r2_n000_a375,confirmatory,7219,2,0.0,0.375,joint_forward_feedback,balanced_permutation_b_k4,balanced_permutation_b,balanced,4,0.5634003977894598,0.5,0.6340039778945984,64,64,32,0.03679284396323452,0.10666788054524998,0.11619815359603317,0.11619815359603317,0.06968011434135969,2.345961812519543,0.18587826793739287,0.34049142239806285,0.5055236866568783,2,0.3714818055060426,1.988067276906961
s7219_r2_n000_a375,confirmatory,7219,2,0.0,0.375,joint_forward_feedback,balanced_permutation_b_k8,balanced_permutation_b,balanced,8,1.06340039778946,1.0,0.6340039778945984,64,64,64,0.08879329617830083,0.25893121318242257,0.28023271117181975,0.28023271117181975,0.16513330962104544,5.564498619045274,0.4453660207928652,0.34049142239806285,0.5055236866568783,2,0.9999999999999997,1.988067276906961
s7219_r2_n000_a375,confirmatory,7219,2,0.0,0.375,joint_forward_feedback,comb_contiguous_k1,comb_contiguous,comb,1,0.225,0.125,1.0,64,64,8,0.011387960156105019,0.02660335414746588,0.03705254995139903,0.037052549951398984,0.022269158557927115,0.7496656238050666,0.059321708509326096,0.4349668513240309,0.5055236866568783,2,0.11542993757393571,1.9662121683853677
s7219_r2_n000_a375,confirmatory,7219,2,0.0,0.375,joint_forward_feedback,comb_contiguous_k2,comb_contiguous,comb,2,0.35,0.25,1.0,64,64,16,0.047902913462165596,0.1127198036400234,0.15567885931102457,0.1556788593110245,0.0914781329845377,3.082979114816231,0.2471569922955622,0.4349668513240309,0.5055236866568783,2,0.4055529492857718,1.9662121683853677
s7219_r2_n000_a375,confirmatory,7219,2,0.0,0.375,joint_forward_feedback,comb_contiguous_k4,comb_contiguous,comb,4,0.6,0.5,1.0,64,64,32,0.06351371805298402,0.14949983659762917,0.20640193218862252,0.2064019321886225,0.12116544445897721,4.083696154875893,0.3275673766475997,0.4349668513240309,0.5055236866568783,2,0.5445877053627735,1.9662121683853677
s7219_r2_n000_a375,confirmatory,7219,2,0.0,0.375,joint_forward_feedback,comb_contiguous_k8,comb_contiguous,comb,8,1.1,1.0,1.0,64,64,64,0.10583185875489542,0.24889022022661048,0.34397232259725846,0.34397232259725846,0.20248092249737748,6.8233618425133375,0.546453245094636,0.4349668513240309,0.5055236866568783,2,0.9999999999999997,1.9662121683853677
s7219_r2_n750_a125,confirmatory,7219,2,0.75,0.125,feedback_only,balanced_contiguous_k1,balanced_contiguous,balanced,1,0.1737418407321983,0.125,0.487418407321983,64,64,8,0.0633175989404481,0.1001503864067857,0.2252271255712008,0.22522712557120073,0.203439855676621,6.735302507223073,0.42866698124782177,0.5907976116771726,0.8215063811028781,2,0.4340182086530229,2.0000000000000004
s7219_r2_n750_a125,confirmatory,7219,2,0.75,0.125,feedback_only,balanced_contiguous_k2,balanced_contiguous,balanced,2,0.2987418407321983,0.25,0.487418407321983,64,64,16,0.13284278554920279,0.21318265992202767,0.47035562862975744,0.47035562862975683,0.40792254002250244,13.523876909349836,0.8782781686522593,0.5907976116771726,0.8215063811028781,2,0.8680364173060457,2.0000000000000004
s7219_r2_n750_a125,confirmatory,7219,2,0.75,0.125,feedback_only,balanced_contiguous_k4,balanced_contiguous,balanced,4,0.5487418407321983,0.5,0.487418407321983,64,64,32,0.1373433455361714,0.2205293909467934,0.48620453765353155,0.48620453765353094,0.42099498017881953,13.958043903375756,0.9071995178323504,0.5907976116771726,0.8215063811028781,2,0.8958150043735548,2.0000000000000004
s7219_r2_n750_a125,confirmatory,7219,2,0.75,0.125,feedback_only,balanced_contiguous_k8,balanced_contiguous,balanced,8,1.0487418407321982,1.0,0.487418407321983,64,64,64,0.15303826302758244,0.245591838858145,0.5418616307475997,0.5418616307475997,0.4699371269335582,15.579849692621462,1.011798757681158,0.5907976116771726,0.8215063811028781,2,0.9999999999999999,2.0000000000000004
s7219_r2_n750_a125,confirmatory,7219,2,0.75,0.125,feedback_only,balanced_interleaved_k1,balanced_interleaved,balanced,1,0.19088469787505546,0.125,0.6588469787505544,64,64,8,0.0633175989404481,0.1001503864067857,0.2252271255712008,0.22522712557120073,0.203439855676621,6.735302507223073,0.42866698124782177,0.5907976116771726,0.8215063811028781,2,0.4340182086530229,2.0000000000000004
s7219_r2_n750_a125,confirmatory,7219,2,0.75,0.125,feedback_only,balanced_interleaved_k2,balanced_interleaved,balanced,2,0.31588469787505546,0.25,0.6588469787505544,64,64,16,0.06478674845475035,0.10241312221893313,0.23049762773558097,0.23049762773558086,0.20854691866251954,6.903999024936206,0.4390445463981004,0.5907976116771726,0.8215063811028781,2,0.44482971597609766,2.0000000000000004
s7219_r2_n750_a125,confirmatory,7219,2,0.75,0.125,feedback_only,balanced_interleaved_k4,balanced_interleaved,balanced,4,0.5658846978750555,0.5,0.6588469787505544,64,64,32,0.07295773130567121,0.11584752005062374,0.25919249403155586,0.25919249403155575,0.2315903503836383,7.670083706307981,0.49078284441519404,0.5907976116771726,0.8215063811028781,2,0.49387235365917487,2.0000000000000004
s7219_r2_n750_a125,confirmatory,7219,2,0.75,0.125,feedback_only,balanced_interleaved_k8,balanced_interleaved,balanced,8,1.0658846978750554,1.0,0.6588469787505544,64,64,64,0.15303826302758244,0.245591838858145,0.5418616307475997,0.5418616307475997,0.4699371269335582,15.579849692621462,1.011798757681158,0.5907976116771726,0.8215063811028781,2,0.9999999999999999,2.0000000000000004
s7219_r2_n750_a125,confirmatory,7219,2,0.75,0.125,feedback_only,balanced_permutation_a_k1,balanced_permutation_a,balanced,1,0.18899250811836066,0.125,0.6399250811836067,64,64,8,0.0633175989404481,0.1001503864067857,0.2252271255712008,0.22522712557120073,0.203439855676621,6.735302507223073,0.42866698124782177,0.5907976116771726,0.8215063811028781,2,0.4340182086530229,2.0000000000000004
s7219_r2_n750_a125,confirmatory,7219,2,0.75,0.125,feedback_only,balanced_permutation_a_k2,balanced_permutation_a,balanced,2,0.31399250811836066,0.25,0.6399250811836067,64,64,16,0.06946502243318564,0.110334268833228,0.246760616374286,0.24676061637428592,0.2202992435613292,7.296336410336821,0.46705985993561516,0.5907976116771726,0.8215063811028781,2,0.4699569307566219,2.0000000000000004
s7219_r2_n750_a125,confirmatory,7219,2,0.75,0.125,feedback_only,balanced_permutation_a_k4,balanced_permutation_a,balanced,4,0.5639925081183607,0.5,0.6399250811836067,64,64,32,0.07228446661018645,0.11487120140119944,0.25673396259684333,0.25673396259684317,0.22887507215137004,7.580736271440684,0.4856090347482132,0.5907976116771726,0.8215063811028781,2,0.4882219713011001,2.0000000000000004
s7219_r2_n750_a125,confirmatory,7219,2,0.75,0.125,feedback_only,balanced_permutation_a_k8,balanced_permutation_a,balanced,8,1.0639925081183608,1.0,0.6399250811836067,64,64,64,0.15303826302758244,0.245591838858145,0.5418616307475997,0.5418616307475997,0.4699371269335582,15.579849692621462,1.011798757681158,0.5907976116771726,0.8215063811028781,2,0.9999999999999999,2.0000000000000004
s7219_r2_n750_a125,confirmatory,7219,2,0.75,0.125,feedback_only,balanced_permutation_b_k1,balanced_permutation_b,balanced,1,0.18840039778945986,0.125,0.6340039778945984,64,64,8,0.0633175989404481,0.1001503864067857,0.2252271255712008,0.22522712557120073,0.203439855676621,6.735302507223073,0.42866698124782177,0.5907976116771726,0.8215063811028781,2,0.4340182086530229,2.0000000000000004
s7219_r2_n750_a125,confirmatory,7219,2,0.75,0.125,feedback_only,balanced_permutation_b_k2,balanced_permutation_b,balanced,2,0.31340039778945983,0.25,0.6340039778945984,64,64,16,0.06420629323621557,0.10151212655069183,0.2284203753856795,0.22842037538567944,0.2065733869769727,6.838768758648806,0.43499376236265214,0.5907976116771726,0.8215063811028781,2,0.44066576212575714,2.0000000000000004
s7219_r2_n750_a125,confirmatory,7219,2,0.75,0.125,feedback_only,balanced_permutation_b_k4,balanced_permutation_b,balanced,4,0.5634003977894598,0.5,0.6340039778945984,64,64,32,0.06970580420405928,0.11024243878363706,0.2479595730088762,0.24795957300887606,0.22404284214079684,7.4173305215143746,0.4720024151496729,0.5907976116771726,0.8215063811028781,2,0.4779497638482432,2.0000000000000004
s7219_r2_n750_a125,confirmatory,7219,2,0.75,0.125,feedback_only,balanced_permutation_b_k8,balanced_permutation_b,balanced,8,1.06340039778946,1.0,0.6340039778945984,64,64,64,0.15303826302758244,0.245591838858145,0.5418616307475997,0.5418616307475997,0.4699371269335582,15.579849692621462,1.011798757681158,0.5907976116771726,0.8215063811028781,2,0.9999999999999999,2.0000000000000004
s7219_r2_n750_a125,confirmatory,7219,2,0.75,0.125,feedback_only,comb_contiguous_k1,comb_contiguous,comb,1,0.225,0.125,1.0,64,64,8,0.0633175989404481,0.1001503864067857,0.2252271255712008,0.22522712557120073,0.203439855676621,6.735302507223073,0.42866698124782177,0.5907976116771726,0.8215063811028781,2,0.4340182086530229,2.0000000000000004
s7219_r2_n750_a125,confirmatory,7219,2,0.75,0.125,feedback_only,comb_contiguous_k2,comb_contiguous,comb,2,0.35,0.25,1.0,64,64,16,0.08835951393121436,0.14160331654636685,0.3129887305467071,0.31298873054670706,0.2724955635289922,9.032846763474456,0.5854842940756992,0.5907976116771726,0.8215063811028781,2,0.5811432874110053,2.0000000000000004
s7219_r2_n750_a125,confirmatory,7219,2,0.75,0.125,feedback_only,comb_contiguous_k4,comb_contiguous,comb,4,0.6,0.5,1.0,64,64,32,0.11514056229929649,0.18405509015499094,0.40818008681081885,0.40818008681081885,0.3579227458386278,11.86170795364691,0.7661028326494467,0.5907976116771726,0.8215063811028781,2,0.7620590483462011,2.0000000000000004
s7219_r2_n750_a125,confirmatory,7219,2,0.75,0.125,feedback_only,comb_contiguous_k8,comb_contiguous,comb,8,1.1,1.0,1.0,64,64,64,0.15303826302758244,0.245591838858145,0.5418616307475997,0.5418616307475997,0.4699371269335582,15.579849692621462,1.011798757681158,0.5907976116771726,0.8215063811028781,2,0.9999999999999999,2.0000000000000004
s7219_r2_n750_a125,confirmatory,7219,2,0.75,0.125,joint_forward_feedback,balanced_contiguous_k1,balanced_contiguous,balanced,1,0.1737418407321983,0.125,0.487418407321983,64,64,8,0.03725436753608738,0.1051842573125088,0.11802993482490341,0.11802993482490334,0.10661234895842268,3.529625101494429,0.224642283783326,0.2947895529505017,0.8215063811028781,2,0.4340182086530229,1.9999002002831396
s7219_r2_n750_a125,confirmatory,7219,2,0.75,0.125,joint_forward_feedback,balanced_contiguous_k2,balanced_contiguous,balanced,2,0.2987418407321983,0.25,0.487418407321983,64,64,16,0.07769456538432981,0.22312117702370152,0.24564896117596494,0.2456489611759649,0.2130703118483563,7.063898940323366,0.4587192730243212,0.2947895529505017,0.8215063811028781,2,0.8680364173060457,1.9999002002831396
s7219_r2_n750_a125,confirmatory,7219,2,0.75,0.125,joint_forward_feedback,balanced_contiguous_k4,balanced_contiguous,balanced,4,0.5487418407321983,0.5,0.487418407321983,64,64,32,0.08012880230621175,0.23025386097427772,0.25332669781496675,0.25332669781496686,0.21940303497767447,7.27422381710055,0.4727297327926413,0.2947895529505017,0.8215063811028781,2,0.8958150043735548,1.9999002002831396
s7219_r2_n750_a125,confirmatory,7219,2,0.75,0.125,joint_forward_feedback,balanced_contiguous_k8,balanced_contiguous,balanced,8,1.0487418407321982,1.0,0.487418407321983,64,64,64,0.08503046491698037,0.24424953831405383,0.26883501528062376,0.26883501528062376,0.23304029677358676,7.7261245120354,0.5018753120542105,0.2947895529505017,0.8215063811028781,2,0.9999999999999999,1.9999002002831396
s7219_r2_n750_a125,confirmatory,7219,2,0.75,0.125,joint_forward_feedback,balanced_interleaved_k1,balanced_interleaved,balanced,1,0.19088469787505546,0.125,0.6588469787505544,64,64,8,0.04323477178096981,0.10405493916205355,0.14001255316651395,0.1400125531665139,0.12646848614203082,4.1870041097115,0.2664810393085447,0.3534882167567175,0.8215063811028781,2,0.4340182086530229,1.9779586452142184
s7219_r2_n750_a125,confirmatory,7219,2,0.75,0.125,joint_forward_feedback,balanced_interleaved_k2,balanced_interleaved,balanced,2,0.31588469787505546,0.25,0.6588469787505544,64,64,16,0.04423405068606205,0.10638770993893958,0.14326362462077924,0.14326362462077924,0.12961874131141501,4.29106334658606,0.2728823659321943,0.3534882167567175,0.8215063811028781,2,0.44482971597609766,1.9779586452142184
s7219_r2_n750_a125,confirmatory,7219,2,0.75,0.125,joint_forward_feedback,balanced_interleaved_k4,balanced_interleaved,balanced,4,0.5658846978750555,0.5,0.6588469787505544,64,64,32,0.049567480478758585,0.11980834160290435,0.1604150192043777,0.1604150192043777,0.1433921802928873,4.748964788576772,0.303807199497265,0.3534882167567175,0.8215063811028781,2,0.49387235365917487,1.9779586452142184
s7219_r2_n750_a125,confirmatory,7219,2,0.75,0.125,joint_forward_feedback,balanced_interleaved_k8,balanced_interleaved,balanced,8,1.0658846978750554,1.0,0.6588469787505544,64,64,64,0.09141835160463886,0.22333794706534513,0.29537752252304994,0.29537752252304994,0.25719263970925366,8.525541993219166,0.5525701622323036,0.3534882167567175,0.8215063811028781,2,0.9999999999999999,1.9779586452142184
s7219_r2_n750_a125,confirmatory,7219,2,0.75,0.125,joint_forward_feedback,balanced_permutation_a_k1,balanced_permutation_a,balanced,1,0.18899250811836066,0.125,0.6399250811836067,64,64,8,0.0428628113473689,0.1032311089866938,0.1387932092783226,0.1387932092783226,0.12562558288111003,4.158811861473843,0.26441879215943265,0.35286089414186717,0.8215063811028781,2,0.4340182086530229,1.9852725999792473
s7219_r2_n750_a125,confirmatory,7219,2,0.75,0.125,joint_forward_feedback,balanced_permutation_a_k2,balanced_permutation_a,balanced,2,0.31399250811836066,0.25,0.6399250811836067,64,64,16,0.04675523648407065,0.11311498081332413,0.1512924769225223,0.1512924769225223,0.13544272524091971,4.485459684631953,0.286735202163442,0.35286089414186717,0.8215063811028781,2,0.4699569307566219,1.9852725999792473
s7219_r2_n750_a125,confirmatory,7219,2,0.75,0.125,joint_forward_feedback,balanced_permutation_a_k4,balanced_permutation_a,balanced,4,0.5639925081183607,0.5,0.6399250811836067,64,64,32,0.04921795887172287,0.11913070530375687,0.15924967734003312,0.1592496773400331,0.14239792885396166,4.715983400666806,0.3016476061939948,0.35286089414186717,0.8215063811028781,2,0.4882219713011001,1.9852725999792473
s7219_r2_n750_a125,confirmatory,7219,2,0.75,0.125,joint_forward_feedback,balanced_permutation_a_k8,balanced_permutation_a,balanced,8,1.0639925081183608,1.0,0.6399250811836067,64,64,64,0.09293252317725273,0.22722800199075668,0.3002319196457865,0.3002319196457865,0.2618742478859851,8.680207851997311,0.5621061675317716,0.35286089414186717,0.8215063811028781,2,0.9999999999999999,1.9852725999792473
s7219_r2_n750_a125,confirmatory,7219,2,0.75,0.125,joint_forward_feedback,balanced_permutation_b_k1,balanced_permutation_b,balanced,1,0.18840039778945986,0.125,0.6340039778945984,64,64,8,0.0432925048776982,0.10090050670587693,0.14091197303876818,0.14091197303876812,0.1272638922413398,4.213356524761641,0.26817586528010795,0.3669042635062356,0.8215063811028781,2,0.4340182086530229,1.980617219131982
s7219_r2_n750_a125,confirmatory,7219,2,0.75,0.125,joint_forward_feedback,balanced_permutation_b_k2,balanced_permutation_b,balanced,2,0.31340039778945983,0.25,0.6340039778945984,64,64,16,0.043729485716371044,0.10188214343099122,0.14234261401922887,0.14234261401922885,0.12866971401390428,4.259773462464166,0.27101232803313313,0.3669042635062356,0.8215063811028781,2,0.44066576212575714,1.980617219131982
s7219_r2_n750_a125,confirmatory,7219,2,0.75,0.125,joint_forward_feedback,balanced_permutation_b_k4,balanced_permutation_b,balanced,4,0.5634003977894598,0.5,0.6340039778945984,64,64,32,0.04826891107016306,0.11250608916758045,0.15710795362556657,0.1571079536255665,0.1418688959433383,4.696912623812392,0.2989768495689048,0.3669042635062356,0.8215063811028781,2,0.4779497638482432,1.980617219131982
s7219_r2_n750_a125,confirmatory,7219,2,0.75,0.125,joint_forward_feedback,balanced_permutation_b_k8,balanced_permutation_b,balanced,8,1.06340039778946,1.0,0.6340039778945984,64,64,64,0.09511231531005804,0.22514623527685723,0.30881162545830265,0.30881162545830265,0.26840633932279706,8.897814483787808,0.5772179647810998,0.3669042635062356,0.8215063811028781,2,0.9999999999999999,1.980617219131982
s7219_r2_n750_a125,confirmatory,7219,2,0.75,0.125,joint_forward_feedback,comb_contiguous_k1,comb_contiguous,comb,1,0.225,0.125,1.0,64,64,8,0.04592150976047604,0.09227432473384926,0.1535669276548294,0.1535669276548295,0.13616875537239775,4.510967099571558,0.28973568302722724,0.44104462620786694,0.8215063811028781,2,0.4340182086530229,1.952987986653865
s7219_r2_n750_a125,confirmatory,7219,2,0.75,0.125,joint_forward_feedback,comb_contiguous_k2,comb_contiguous,comb,2,0.35,0.25,1.0,64,64,16,0.06646830285384821,0.13549250583958564,0.22163091900125037,0.22163091900125037,0.1893606275097595,6.281170999313554,0.4109915465110099,0.44104462620786694,0.8215063811028781,2,0.5811432874110053,1.952987986653865
s7219_r2_n750_a125,confirmatory,7219,2,0.75,0.125,joint_forward_feedback,comb_contiguous_k4,comb_contiguous,comb,4,0.6,0.5,1.0,64,64,32,0.0849895982680561,0.17274797365605624,0.28355251909673496,0.28355251909673496,0.2440921169558211,8.09450026168301,0.5276446360525561,0.44104462620786694,0.8215063811028781,2,0.7620590483462011,1.952987986653865
s7219_r2_n750_a125,confirmatory,7219,2,0.75,0.125,joint_forward_feedback,comb_contiguous_k8,comb_contiguous,comb,8,1.1,1.0,1.0,64,64,64,0.10946083187061861,0.22328135433638263,0.3649352154149921,0.3649352154149921,0.3112513833707407,10.324979483278694,0.6761865987857327,0.44104462620786694,0.8215063811028781,2,0.9999999999999999,1.952987986653865
s7219_r2_n750_a375,confirmatory,7219,2,0.75,0.375,feedback_only,balanced_contiguous_k1,balanced_contiguous,balanced,1,0.1737418407321983,0.125,0.487418407321983,64,64,8,0.01787310818945241,0.02918312441900463,0.06294586623933938,0.06294586623933937,0.05195780786493373,1.7255957179172188,0.1149036741042731,0.5907976116771722,0.8142857502697347,2,0.11542993757393571,2.0000000000000004
s7219_r2_n750_a375,confirmatory,7219,2,0.75,0.375,feedback_only,balanced_contiguous_k2,balanced_contiguous,balanced,2,0.2987418407321983,0.25,0.487418407321983,64,64,16,0.03410485886507846,0.054931770749034575,0.1206161561202587,0.12061615612025879,0.10352346957513561,3.4333671825245986,0.22413962569539442,0.5907976116771722,0.8142857502697347,2,0.23085987514787135,2.0000000000000004
s7219_r2_n750_a375,confirmatory,7219,2,0.75,0.375,feedback_only,balanced_contiguous_k4,balanced_contiguous,balanced,4,0.5487418407321983,0.5,0.487418407321983,64,64,32,0.057585374253631236,0.09271116557402623,0.20368542381091367,0.20368542381091356,0.17503535552038021,5.8048168004630805,0.3787207793312938,0.5907976116771722,0.8142857502697347,2,0.3927653454992652,2.0000000000000004
s7219_r2_n750_a375,confirmatory,7219,2,0.75,0.375,feedback_only,balanced_contiguous_k8,balanced_contiguous,balanced,8,1.0487418407321982,1.0,0.487418407321983,64,64,64,0.1477296946610297,0.23794421059029627,0.522464789704149,0.522464789704149,0.4484255633804977,14.872082817880075,0.9708903530846467,0.5907976116771722,0.8142857502697347,2,0.9999999999999997,2.0000000000000004
s7219_r2_n750_a375,confirmatory,7219,2,0.75,0.375,feedback_only,balanced_interleaved_k1,balanced_interleaved,balanced,1,0.19088469787505546,0.125,0.6588469787505544,64,64,8,0.01787310818945241,0.02918312441900463,0.06294586623933938,0.06294586623933937,0.05195780786493373,1.7255957179172188,0.1149036741042731,0.5907976116771722,0.8142857502697347,2,0.11542993757393571,2.0000000000000004
s7219_r2_n750_a375,confirmatory,7219,2,0.75,0.375,feedback_only,balanced_interleaved_k2,balanced_interleaved,balanced,2,0.31588469787505546,0.25,0.6588469787505544,64,64,16,0.027616442300844972,0.045148461250590806,0.0972232868821712,0.09722328688217122,0.07996251521252776,2.6560237736830596,0.17718580209469897,0.5907976116771722,0.8142857502697347,2,0.17844402011513666,2.0000000000000004
s7219_r2_n750_a375,confirmatory,7219,2,0.75,0.375,feedback_only,balanced_interleaved_k4,balanced_interleaved,balanced,4,0.5658846978750555,0.5,0.6588469787505544,64,64,32,0.06853297427812266,0.11062172607192258,0.2422134162727132,0.24221341627271295,0.20662211839163291,6.854121204804966,0.4488355346643459,0.5907976116771722,0.8142857502697347,2,0.4642854598562839,2.0000000000000004
s7219_r2_n750_a375,confirmatory,7219,2,0.75,0.375,feedback_only,balanced_interleaved_k8,balanced_interleaved,balanced,8,1.0658846978750554,1.0,0.6588469787505544,64,64,64,0.1477296946610297,0.23794421059029627,0.522464789704149,0.522464789704149,0.4484255633804977,14.872082817880075,0.9708903530846467,0.5907976116771722,0.8142857502697347,2,0.9999999999999997,2.0000000000000004
s7219_r2_n750_a375,confirmatory,7219,2,0.75,0.375,feedback_only,balanced_permutation_a_k1,balanced_permutation_a,balanced,1,0.18899250811836066,0.125,0.6399250811836067,64,64,8,0.01787310818945241,0.02918312441900463,0.06294586623933938,0.06294586623933937,0.05195780786493373,1.7255957179172188,0.1149036741042731,0.5907976116771722,0.8142857502697347,2,0.11542993757393571,2.0000000000000004
s7219_r2_n750_a375,confirmatory,7219,2,0.75,0.375,feedback_only,balanced_permutation_a_k2,balanced_permutation_a,balanced,2,0.31399250811836066,0.25,0.6399250811836067,64,64,16,0.04747128582630544,0.07629139358253803,0.16800466785980017,0.16800466785980006,0.14510640195923327,4.811409530555265,0.31311106981903336,0.5907976116771722,0.8142857502697347,2,0.32489616031126756,2.0000000000000004
s7219_r2_n750_a375,confirmatory,7219,2,0.75,0.375,feedback_only,balanced_permutation_a_k4,balanced_permutation_a,balanced,4,0.5639925081183607,0.5,0.6399250811836067,64,64,32,0.06313006931634625,0.10145388510314786,0.22342430932569862,0.2234243093256985,0.19298788479121348,6.39903662264453,0.416412194116912,0.5907976116771722,0.8142857502697347,2,0.4313526180552937,2.0000000000000004
s7219_r2_n750_a375,confirmatory,7219,2,0.75,0.375,feedback_only,balanced_permutation_a_k8,balanced_permutation_a,balanced,8,1.0639925081183608,1.0,0.6399250811836067,64,64,64,0.1477296946610297,0.23794421059029627,0.522464789704149,0.522464789704149,0.4484255633804977,14.872082817880075,0.9708903530846467,0.5907976116771722,0.8142857502697347,2,0.9999999999999997,2.0000000000000004
s7219_r2_n750_a375,confirmatory,7219,2,0.75,0.375,feedback_only,balanced_permutation_b_k1,balanced_permutation_b,balanced,1,0.18840039778945986,0.125,0.6340039778945984,64,64,8,0.01787310818945241,0.02918312441900463,0.06294586623933938,0.06294586623933937,0.05195780786493373,1.7255957179172188,0.1149036741042731,0.5907976116771722,0.8142857502697347,2,0.11542993757393571,2.0000000000000004
s7219_r2_n750_a375,confirmatory,7219,2,0.75,0.375,feedback_only,balanced_permutation_b_k2,balanced_permutation_b,balanced,2,0.31340039778945983,0.25,0.6340039778945984,64,64,16,0.02387450132699717,0.03898502747453313,0.08407982314647816,0.08407982314647806,0.06938788509441507,2.3044921461677603,0.15346770824089312,0.5907976116771722,0.8142857502697347,2,0.15417471854762085,2.0000000000000004
s7219_r2_n750_a375,confirmatory,7219,2,0.75,0.375,feedback_only,balanced_permutation_b_k4,balanced_permutation_b,balanced,4,0.5634003977894598,0.5,0.6340039778945984,64,64,32,0.0562397207364344,0.09092281022584439,0.1986681164920969,0.1986681164920967,0.16871125918137728,5.597428410296169,0.367379375673474,0.5907976116771722,0.8142857502697347,2,0.3714818055060426,2.0000000000000004
s7219_r2_n750_a375,confirmatory,7219,2,0.75,0.375,feedback_only,balanced_permutation_b_k8,balanced_permutation_b,balanced,8,1.06340039778946,1.0,0.6340039778945984,64,64,64,0.1477296946610297,0.23794421059029627,0.522464789704149,0.522464789704149,0.4484255633804977,14.872082817880075,0.9708903530846467,0.5907976116771722,0.8142857502697347,2,0.9999999999999997,2.0000000000000004
s7219_r2_n750_a375,confirmatory,7219,2,0.75,0.375,feedback_only,comb_contiguous_k1,comb_contiguous,comb,1,0.225,0.125,1.0,64,64,8,0.01787310818945241,0.02918312441900463,0.06294586623933938,0.06294586623933937,0.05195780786493373,1.7255957179172188,0.1149036741042731,0.5907976116771722,0.8142857502697347,2,0.11542993757393571,2.0000000000000004
s7219_r2_n750_a375,confirmatory,7219,2,0.75,0.375,feedback_only,comb_contiguous_k2,comb_contiguous,comb,2,0.35,0.25,1.0,64,64,16,0.05865597232563715,0.09366452262289318,0.20800830242426754,0.20800830242426754,0.18293834100346254,6.062035214535069,0.3909466434277301,0.5907976116771722,0.8142857502697347,2,0.4055529492857718,2.0000000000000004
s7219_r2_n750_a375,confirmatory,7219,2,0.75,0.375,feedback_only,comb_contiguous_k4,comb_contiguous,comb,4,0.6,0.5,1.0,64,64,32,0.0790926141569381,0.12655873524903677,0.2802986821314145,0.28029868213141446,0.2450906604554008,8.12319981670424,0.5253893425868152,0.5907976116771722,0.8142857502697347,2,0.5445877053627735,2.0000000000000004
s7219_r2_n750_a375,confirmatory,7219,2,0.75,0.375,feedback_only,comb_contiguous_k8,comb_contiguous,comb,8,1.1,1.0,1.0,64,64,64,0.1477296946610297,0.23794421059029627,0.522464789704149,0.522464789704149,0.4484255633804977,14.872082817880075,0.9708903530846467,0.5907976116771722,0.8142857502697347,2,0.9999999999999997,2.0000000000000004
s7219_r2_n750_a375,confirmatory,7219,2,0.75,0.375,joint_forward_feedback,balanced_contiguous_k1,balanced_contiguous,balanced,1,0.1737418407321983,0.125,0.487418407321983,64,64,8,0.010683666602031143,0.03867325451118621,0.03298668608802912,0.03298668608802912,0.02722841070048775,0.9042958285036371,0.06021509678851687,0.23363143124690683,0.8142857502697347,2,0.11542993757393571,1.987989194818792
s7219_r2_n750_a375,confirmatory,7219,2,0.75,0.375,joint_forward_feedback,balanced_contiguous_k2,balanced_contiguous,balanced,2,0.2987418407321983,0.25,0.487418407321983,64,64,16,0.020378379442134855,0.07257190958411792,0.06301104536145176,0.06301104536145175,0.054074572850109956,1.7933973765649704,0.1170856182115617,0.23363143124690683,0.8142857502697347,2,0.23085987514787135,1.987989194818792
s7219_r2_n750_a375,confirmatory,7219,2,0.75,0.375,joint_forward_feedback,balanced_contiguous_k4,balanced_contiguous,balanced,4,0.5487418407321983,0.5,0.487418407321983,64,64,32,0.03339131861569972,0.11885221709698346,0.10325255089138323,0.10325255089138322,0.08871729974205689,2.9422061426372035,0.1919698506334401,0.23363143124690683,0.8142857502697347,2,0.3927653454992652,1.987989194818792
s7219_r2_n750_a375,confirmatory,7219,2,0.75,0.375,joint_forward_feedback,balanced_contiguous_k8,balanced_contiguous,balanced,8,1.0487418407321982,1.0,0.487418407321983,64,64,64,0.0621188357573813,0.22118553094971843,0.19207737685592974,0.19207737685592974,0.16489487028694347,5.468713226038121,0.35697224714287323,0.23363143124690683,0.8142857502697347,2,0.9999999999999997,1.987989194818792
s7219_r2_n750_a375,confirmatory,7219,2,0.75,0.375,joint_forward_feedback,balanced_interleaved_k1,balanced_interleaved,balanced,1,0.19088469787505546,0.125,0.6588469787505544,64,64,8,0.012252602318841838,0.03249622647519882,0.03913032864534644,0.039130328645346456,0.03229959676328951,1.0727174250706106,0.07142992540863596,0.3298252238175483,0.8142857502697347,2,0.11542993757393571,1.9969119295390068
s7219_r2_n750_a375,confirmatory,7219,2,0.75,0.375,joint_forward_feedback,balanced_interleaved_k2,balanced_interleaved,balanced,2,0.31588469787505546,0.25,0.6588469787505544,64,64,16,0.018876807391796608,0.0501365868532023,0.06027410969355284,0.06027410969355281,0.049574099610120596,1.646645297217412,0.10984820930367341,0.3298252238175483,0.8142857502697347,2,0.17844402011513666,1.9969119295390068
s7219_r2_n750_a375,confirmatory,7219,2,0.75,0.375,joint_forward_feedback,balanced_interleaved_k4,balanced_interleaved,balanced,4,0.5658846978750555,0.5,0.6588469787505544,64,64,32,0.04592869819175164,0.12023548381011476,0.1469371000087579,0.14693710000875776,0.1252806322532631,4.1559173321131775,0.27221773226202084,0.3298252238175483,0.8142857502697347,2,0.4642854598562839,1.9969119295390068
s7219_r2_n750_a375,confirmatory,7219,2,0.75,0.375,joint_forward_feedback,balanced_interleaved_k8,balanced_interleaved,balanced,8,1.0658846978750554,1.0,0.6588469787505544,64,64,64,0.08772606249173254,0.22912683731598482,0.28074522407996955,0.28074522407996955,0.24073150398942675,7.984153351741625,0.5214767280693963,0.3298252238175483,0.8142857502697347,2,0.9999999999999997,1.9969119295390068
s7219_r2_n750_a375,confirmatory,7219,2,0.75,0.375,joint_forward_feedback,balanced_permutation_a_k1,balanced_permutation_a,balanced,1,0.18899250811836066,0.125,0.6399250811836067,64,64,8,0.01294361385024214,0.03338631980794293,0.0414942300643099,0.0414942300643099,0.03419932830816602,1.1358727359256227,0.07569355837247592,0.34065749949062724,0.8142857502697347,2,0.11542993757393571,1.9711789980804901
s7219_r2_n750_a375,confirmatory,7219,2,0.75,0.375,joint_forward_feedback,balanced_permutation_a_k2,balanced_permutation_a,balanced,2,0.31399250811836066,0.25,0.6399250811836067,64,64,16,0.03296180872443798,0.08347660181730898,0.1059410526039802,0.10594105260398028,0.09139928006838888,3.0307180147924244,0.19734033267236917,0.34065749949062724,0.8142857502697347,2,0.32489616031126756,1.9711789980804901
s7219_r2_n750_a375,confirmatory,7219,2,0.75,0.375,joint_forward_feedback,balanced_permutation_a_k4,balanced_permutation_a,balanced,4,0.5639925081183607,0.5,0.6399250811836067,64,64,32,0.04400918934382114,0.1114070025186102,0.1414565229187687,0.14145652291876876,0.12216782470180293,4.050826913376462,0.2636243476205717,0.34065749949062724,0.8142857502697347,2,0.4313526180552937,1.9711789980804901
s7219_r2_n750_a375,confirmatory,7219,2,0.75,0.375,joint_forward_feedback,balanced_permutation_a_k8,balanced_permutation_a,balanced,8,1.0639925081183608,1.0,0.6399250811836067,64,64,64,0.08511025918507624,0.2156410319991474,0.2735314236142958,0.2735314236142958,0.23572333996953887,7.81667830263954,0.5092547635838347,0.34065749949062724,0.8142857502697347,2,0.9999999999999997,1.9711789980804901
s7219_r2_n750_a375,confirmatory,7219,2,0.75,0.375,joint_forward_feedback,balanced_permutation_b_k1,balanced_permutation_b,balanced,1,0.18840039778945986,0.125,0.6340039778945984,64,64,8,0.01314958641757701,0.033888118871934644,0.042159628127506205,0.04215962812750617,0.03486150608778348,1.1577278229365775,0.07702113421528965,0.34049142239806285,0.8142857502697347,2,0.11542993757393571,1.988067276906961
s7219_r2_n750_a375,confirmatory,7219,2,0.75,0.375,joint_forward_feedback,balanced_permutation_b_k2,balanced_permutation_b,balanced,2,0.31340039778945983,0.25,0.6340039778945984,64,64,16,0.01632823415023647,0.042100316148147854,0.05234733525461858,0.05234733525461853,0.04323279742375101,1.4357968528146507,0.09558013267836954,0.34049142239806285,0.8142857502697347,2,0.15417471854762085,1.988067276906961
s7219_r2_n750_a375,confirmatory,7219,2,0.75,0.375,joint_forward_feedback,balanced_permutation_b_k4,balanced_permutation_b,balanced,4,0.5634003977894598,0.5,0.6340039778945984,64,64,32,0.03768247395661349,0.09610401093619174,0.1209928561961202,0.12099285619612007,0.10269467331028383,3.4072224021252024,0.22368752950640391,0.34049142239806285,0.8142857502697347,2,0.3714818055060426,1.988067276906961
s7219_r2_n750_a375,confirmatory,7219,2,0.75,0.375,joint_forward_feedback,balanced_permutation_b_k8,balanced_permutation_b,balanced,8,1.06340039778946,1.0,0.6340039778945984,64,64,64,0.08789949399434577,0.22297594262429277,0.2824471948084743,0.2824471948084743,0.2429410501426083,8.05656079937194,0.5253882449510826,0.34049142239806285,0.8142857502697347,2,0.9999999999999997,1.988067276906961
s7219_r2_n750_a375,confirmatory,7219,2,0.75,0.375,joint_forward_feedback,comb_contiguous_k1,comb_contiguous,comb,1,0.225,0.125,1.0,64,64,8,0.011871516857184967,0.024741845839994964,0.039411881276257284,0.03941188127625724,0.03275469112317765,1.087561997217942,0.07216657239943489,0.4349668513240309,0.8142857502697347,2,0.11542993757393571,1.9662121683853677
s7219_r2_n750_a375,confirmatory,7219,2,0.75,0.375,joint_forward_feedback,comb_contiguous_k2,comb_contiguous,comb,2,0.35,0.25,1.0,64,64,16,0.0457320708287305,0.09304974405409183,0.1525452114065965,0.15254521140659646,0.13492696629192455,4.470208132748182,0.287472177698521,0.4349668513240309,0.8142857502697347,2,0.4055529492857718,1.9662121683853677
s7219_r2_n750_a375,confirmatory,7219,2,0.75,0.375,joint_forward_feedback,comb_contiguous_k4,comb_contiguous,comb,4,0.6,0.5,1.0,64,64,32,0.06091895924427415,0.12424381915349814,0.2031064930063387,0.2031064930063387,0.17856231230999733,5.917100486926254,0.38166880531633607,0.4349668513240309,0.8142857502697347,2,0.5445877053627735,1.9662121683853677
s7219_r2_n750_a375,confirmatory,7219,2,0.75,0.375,joint_forward_feedback,comb_contiguous_k8,comb_contiguous,comb,8,1.1,1.0,1.0,64,64,64,0.10362770297716109,0.2128181225297392,0.3450225945598102,0.3450225945598102,0.29796161771830254,9.87979436154549,0.6429842122781128,0.4349668513240309,0.8142857502697347,2,0.9999999999999997,1.9662121683853677
s7219_r4_n000_a125,confirmatory,7219,4,0.0,0.125,feedback_only,balanced_contiguous_k1,balanced_contiguous,balanced,1,0.1737418407321983,0.125,0.487418407321983,64,64,8,0.01602662509701012,0.03665784485110435,0.0523257573690602,0.05232575736906016,0.057769095465521274,1.9009368122657408,0.11009485283458142,0.3392087968181805,0.4895577670453305,4,0.21851667229831137,4.0
s7219_r4_n000_a125,confirmatory,7219,4,0.0,0.125,feedback_only,balanced_contiguous_k2,balanced_contiguous,balanced,2,0.2987418407321983,0.25,0.487418407321983,64,64,16,0.03482235294130583,0.07906611145720578,0.11383246294720284,0.11383246294720283,0.12773852908828826,4.201465393772427,0.2415709920354911,0.3392087968181805,0.4895577670453305,4,0.4479075021867775,4.0
s7219_r4_n000_a125,confirmatory,7219,4,0.0,0.125,feedback_only,balanced_contiguous_k4,balanced_contiguous,balanced,4,0.5487418407321983,0.5,0.487418407321983,64,64,32,0.06930904382868953,0.15596851459967576,0.22691166311040417,0.22691166311040403,0.2596967346975902,8.53720717343329,0.48660839780799425,0.3392087968181805,0.4895577670453305,4,0.9088986829088447,4.0
s7219_r4_n000_a125,confirmatory,7219,4,0.0,0.125,feedback_only,balanced_contiguous_k8,balanced_contiguous,balanced,8,1.0487418407321982,1.0,0.487418407321983,64,64,64,0.07623159433165866,0.17158434641438228,0.24956609568957477,0.24956609568957477,0.2854864105997063,9.385131234880177,0.535052506289281,0.3392087968181805,0.4895577670453305,4,1.0,4.0
s7219_r4_n000_a125,confirmatory,7219,4,0.0,0.125,feedback_only,balanced_interleaved_k1,balanced_interleaved,balanced,1,0.19088469787505546,0.125,0.6588469787505544,64,64,8,0.01602662509701012,0.03665784485110435,0.0523257573690602,0.05232575736906016,0.057769095465521274,1.9009368122657408,0.11009485283458142,0.3392087968181805,0.4895577670453305,4,0.21851667229831137,4.0
s7219_r4_n000_a125,confirmatory,7219,4,0.0,0.125,feedback_only,balanced_interleaved_k2,balanced_interleaved,balanced,2,0.31588469787505546,0.25,0.6588469787505544,64,64,16,0.018436350625520667,0.042295887335168494,0.0601634526837975,0.060163452683797455,0.06598161114961666,2.1715750094715305,0.12614506383341412,0.3392087968181805,0.4895577670453305,4,0.24696018713894033,4.0
s7219_r4_n000_a125,confirmatory,7219,4,0.0,0.125,feedback_only,balanced_interleaved_k4,balanced_interleaved,balanced,4,0.5658846978750555,0.5,0.6588469787505544,64,64,32,0.039859471640577036,0.09262713296732694,0.12979955674807958,0.12979955674807958,0.13830925933055557,4.555695855325858,0.2681088160786351,0.3392087968181805,0.4895577670453305,4,0.49846319182475063,4.0
s7219_r4_n000_a125,confirmatory,7219,4,0.0,0.125,feedback_only,balanced_interleaved_k8,balanced_interleaved,balanced,8,1.0658846978750554,1.0,0.6588469787505544,64,64,64,0.07623159433165866,0.17158434641438228,0.24956609568957477,0.24956609568957477,0.2854864105997063,9.385131234880177,0.535052506289281,0.3392087968181805,0.4895577670453305,4,1.0,4.0
s7219_r4_n000_a125,confirmatory,7219,4,0.0,0.125,feedback_only,balanced_permutation_a_k1,balanced_permutation_a,balanced,1,0.18899250811836066,0.125,0.6399250811836067,64,64,8,0.01602662509701012,0.03665784485110435,0.0523257573690602,0.05232575736906016,0.057769095465521274,1.9009368122657408,0.11009485283458142,0.3392087968181805,0.4895577670453305,4,0.21851667229831137,4.0
s7219_r4_n000_a125,confirmatory,7219,4,0.0,0.125,feedback_only,balanced_permutation_a_k2,balanced_permutation_a,balanced,2,0.31399250811836066,0.25,0.6399250811836067,64,64,16,0.018066500979627472,0.040926948970331584,0.05908132955360881,0.05908132955360878,0.06663568176556005,2.1914231460515303,0.12571701131916882,0.3392087968181805,0.4895577670453305,4,0.24880275564459925,4.0
s7219_r4_n000_a125,confirmatory,7219,4,0.0,0.125,feedback_only,balanced_permutation_a_k4,balanced_permutation_a,balanced,4,0.5639925081183607,0.5,0.6399250811836067,64,64,32,0.04446548022230959,0.1005568214682001,0.14545397004365637,0.14545397004365634,0.1646751305447572,5.415058147475887,0.31012910058841353,0.3392087968181805,0.4895577670453305,4,0.5920059174918448,4.0
s7219_r4_n000_a125,confirmatory,7219,4,0.0,0.125,feedback_only,balanced_permutation_a_k8,balanced_permutation_a,balanced,8,1.0639925081183608,1.0,0.6399250811836067,64,64,64,0.07623159433165866,0.17158434641438228,0.24956609568957477,0.24956609568957477,0.2854864105997063,9.385131234880177,0.535052506289281,0.3392087968181805,0.4895577670453305,4,1.0,4.0
s7219_r4_n000_a125,confirmatory,7219,4,0.0,0.125,feedback_only,balanced_permutation_b_k1,balanced_permutation_b,balanced,1,0.18840039778945986,0.125,0.6340039778945984,64,64,8,0.01602662509701012,0.03665784485110435,0.0523257573690602,0.05232575736906016,0.057769095465521274,1.9009368122657408,0.11009485283458142,0.3392087968181805,0.4895577670453305,4,0.21851667229831137,4.0
s7219_r4_n000_a125,confirmatory,7219,4,0.0,0.125,feedback_only,balanced_permutation_b_k2,balanced_permutation_b,balanced,2,0.31340039778945983,0.25,0.6340039778945984,64,64,16,0.017803986212802877,0.0411271005247529,0.05803400903781478,0.058034009037814735,0.0626750741235751,2.063636380992218,0.12070908316138984,0.3392087968181805,0.4895577670453305,4,0.23586269256788592,4.0
s7219_r4_n000_a125,confirmatory,7219,4,0.0,0.125,feedback_only,balanced_permutation_b_k4,balanced_permutation_b,balanced,4,0.5634003977894598,0.5,0.6340039778945984,64,64,32,0.035696330080543806,0.08138692800424908,0.11660834633973585,0.11660834633973585,0.12965938797144957,4.265708761426122,0.24626773431118543,0.3392087968181805,0.4895577670453305,4,0.47096457347449877,4.0
s7219_r4_n000_a125,confirmatory,7219,4,0.0,0.125,feedback_only,balanced_permutation_b_k8,balanced_permutation_b,balanced,8,1.06340039778946,1.0,0.6340039778945984,64,64,64,0.07623159433165866,0.17158434641438228,0.24956609568957477,0.24956609568957477,0.2854864105997063,9.385131234880177,0.535052506289281,0.3392087968181805,0.4895577670453305,4,1.0,4.0
s7219_r4_n000_a125,confirmatory,7219,4,0.0,0.125,feedback_only,comb_contiguous_k1,comb_contiguous,comb,1,0.225,0.125,1.0,64,64,8,0.01602662509701012,0.03665784485110435,0.0523257573690602,0.05232575736906016,0.057769095465521274,1.9009368122657408,0.11009485283458142,0.3392087968181805,0.4895577670453305,4,0.21851667229831137,4.0
s7219_r4_n000_a125,confirmatory,7219,4,0.0,0.125,feedback_only,comb_contiguous_k2,comb_contiguous,comb,2,0.35,0.25,1.0,64,64,16,0.02401733082881868,0.053028377066490065,0.07889042067683846,0.07889042067683844,0.09410838541833949,3.0903587540637023,0.17299880609517793,0.3392087968181805,0.4895577670453305,4,0.3426842855790666,4.0
s7219_r4_n000_a125,confirmatory,7219,4,0.0,0.125,feedback_only,comb_contiguous_k4,comb_contiguous,comb,4,0.6,0.5,1.0,64,64,32,0.04246437776720578,0.0952081945174003,0.13911222026967698,0.139112220269677,0.16049973076660812,5.275103604801137,0.29961195103628513,0.3392087968181805,0.4895577670453305,4,0.5705572560053355,4.0
s7219_r4_n000_a125,confirmatory,7219,4,0.0,0.125,feedback_only,comb_contiguous_k8,comb_contiguous,comb,8,1.1,1.0,1.0,64,64,64,0.07623159433165866,0.17158434641438228,0.24956609568957477,0.24956609568957477,0.2854864105997063,9.385131234880177,0.535052506289281,0.3392087968181805,0.4895577670453305,4,1.0,4.0
s7219_r4_n000_a125,confirmatory,7219,4,0.0,0.125,joint_forward_feedback,balanced_contiguous_k1,balanced_contiguous,balanced,1,0.1737418407321983,0.125,0.487418407321983,64,64,8,0.009027930088920229,0.04043476824192966,0.027421234082133088,0.027421234082133074,0.030273807186397644,0.9961830640468576,0.057695041268530714,0.16115751054547273,0.4895577670453305,4,0.21851667229831137,3.9953876503154486
s7219_r4_n000_a125,confirmatory,7219,4,0.0,0.125,joint_forward_feedback,balanced_contiguous_k2,balanced_contiguous,balanced,2,0.2987418407321983,0.25,0.487418407321983,64,64,16,0.019559861908575366,0.08690646309121139,0.05944291161862455,0.05944291161862458,0.06670135796836305,2.193886366606242,0.12614426958698763,0.16115751054547273,0.4895577670453305,4,0.4479075021867775,3.9953876503154486
s7219_r4_n000_a125,confirmatory,7219,4,0.0,0.125,joint_forward_feedback,balanced_contiguous_k4,balanced_contiguous,balanced,4,0.5487418407321983,0.5,0.487418407321983,64,64,32,0.03756090342960094,0.1653191666518333,0.11422222273080876,0.11422222273080879,0.13062628482002886,4.294263336971732,0.24484850755083765,0.16115751054547273,0.4895577670453305,4,0.9088986829088447,3.9953876503154486
s7219_r4_n000_a125,confirmatory,7219,4,0.0,0.125,joint_forward_feedback,balanced_contiguous_k8,balanced_contiguous,balanced,8,1.0487418407321982,1.0,0.487418407321983,64,64,64,0.03963701568697459,0.17447771379531143,0.12053466401925875,0.12053466401925875,0.1378123317188572,4.530529279022689,0.2583469957381159,0.16115751054547273,0.4895577670453305,4,1.0,3.9953876503154486
s7219_r4_n000_a125,confirmatory,7219,4,0.0,0.125,joint_forward_feedback,balanced_interleaved_k1,balanced_interleaved,balanced,1,0.19088469787505546,0.125,0.6588469787505544,64,64,8,0.010594305078876915,0.04098610435789694,0.03252833275314171,0.03252833275314169,0.03591218655272829,1.181718302440447,0.06844051930586997,0.18860086255887207,0.4895577670453305,4,0.21851667229831137,3.9550129861420245
s7219_r4_n000_a125,confirmatory,7219,4,0.0,0.125,joint_forward_feedback,balanced_interleaved_k2,balanced_interleaved,balanced,2,0.31588469787505546,0.25,0.6588469787505544,64,64,16,0.0121720560926221,0.04724108583705256,0.03736295888747467,0.03736295888747468,0.04097801794327624,1.3486595330723143,0.07834097683075092,0.18860086255887207,0.4895577670453305,4,0.24696018713894033,3.9550129861420245
s7219_r4_n000_a125,confirmatory,7219,4,0.0,0.125,joint_forward_feedback,balanced_interleaved_k4,balanced_interleaved,balanced,4,0.5658846978750555,0.5,0.6588469787505544,64,64,32,0.02575976509269589,0.10134801670844787,0.07898560614959345,0.07898560614959345,0.08420944549061353,2.7736878618492264,0.16319505164020698,0.18860086255887207,0.4895577670453305,4,0.49846319182475063,3.9550129861420245
s7219_r4_n000_a125,confirmatory,7219,4,0.0,0.125,joint_forward_feedback,balanced_interleaved_k8,balanced_interleaved,balanced,8,1.0658846978750554,1.0,0.6588469787505544,64,64,64,0.044301640370057495,0.16912731994513486,0.13616904010048506,0.13616904010048506,0.15448028226240212,5.079538072497353,0.2906493223628872,0.18860086255887207,0.4895577670453305,4,1.0,3.9550129861420245
s7219_r4_n000_a125,confirmatory,7219,4,0.0,0.125,joint_forward_feedback,balanced_permutation_a_k1,balanced_permutation_a,balanced,1,0.18899250811836066,0.125,0.6399250811836067,64,64,8,0.010349817320847063,0.03859820695117459,0.031874015586346234,0.03187401558634622,0.03552856851765267,1.1687882081512315,0.06740258410399888,0.19525397693536822,0.4895577670453305,4,0.21851667229831137,3.944165557151063
s7219_r4_n000_a125,confirmatory,7219,4,0.0,0.125,joint_forward_feedback,balanced_permutation_a_k2,balanced_permutation_a,balanced,2,0.31399250811836066,0.25,0.6399250811836067,64,64,16,0.011837679521794405,0.04363355170350903,0.03649244686564946,0.03649244686564945,0.04166232853358136,1.3696869599402528,0.07815477539923081,0.19525397693536822,0.4895577670453305,4,0.24880275564459925,3.944165557151063
s7219_r4_n000_a125,confirmatory,7219,4,0.0,0.125,joint_forward_feedback,balanced_permutation_a_k4,balanced_permutation_a,balanced,4,0.5639925081183607,0.5,0.6399250811836067,64,64,32,0.028466862840799426,0.10504224679220386,0.08774769486367207,0.08774769486367202,0.09995804199937978,3.2864050388438253,0.1877057368630518,0.19525397693536822,0.4895577670453305,4,0.5920059174918448,3.944165557151063
s7219_r4_n000_a125,confirmatory,7219,4,0.0,0.125,joint_forward_feedback,balanced_permutation_a_k8,balanced_permutation_a,balanced,8,1.0639925081183608,1.0,0.6399250811836067,64,64,64,0.044067033546995,0.16136744300052291,0.13592386933691095,0.13592386933691095,0.1572637700905854,5.168364512235644,0.29318763942749637,0.19525397693536822,0.4895577670453305,4,1.0,3.944165557151063
s7219_r4_n000_a125,confirmatory,7219,4,0.0,0.125,joint_forward_feedback,balanced_permutation_b_k1,balanced_permutation_b,balanced,1,0.18840039778945986,0.125,0.6340039778945984,64,64,8,0.010565802042742628,0.040181859297001514,0.03248613302693315,0.03248613302693317,0.035986160904733215,1.1840432819783961,0.06847229393166639,0.19178786952190904,0.4895577670453305,4,0.21851667229831137,3.923941047331071
s7219_r4_n000_a125,confirmatory,7219,4,0.0,0.125,joint_forward_feedback,balanced_permutation_b_k2,balanced_permutation_b,balanced,2,0.31340039778945983,0.25,0.6340039778945984,64,64,16,0.011696758739874795,0.04494566609761477,0.035932970307837736,0.03593297030783775,0.038961074383972984,1.2826873505949732,0.07489404469181074,0.19178786952190904,0.4895577670453305,4,0.23586269256788592,3.923941047331071
s7219_r4_n000_a125,confirmatory,7219,4,0.0,0.125,joint_forward_feedback,balanced_permutation_b_k4,balanced_permutation_b,balanced,4,0.5634003977894598,0.5,0.6340039778945984,64,64,32,0.022903555276125837,0.08681296205978553,0.07043975595019367,0.07043975595019367,0.07856494841557236,2.584518105248509,0.14900470436576602,0.19178786952190904,0.4895577670453305,4,0.47096457347449877,3.923941047331071
s7219_r4_n000_a125,confirmatory,7219,4,0.0,0.125,joint_forward_feedback,balanced_permutation_b_k8,balanced_permutation_b,balanced,8,1.06340039778946,1.0,0.6340039778945984,64,64,64,0.04268340988614898,0.15905597803839358,0.13145957852168838,0.13145957852168838,0.15179917786744399,4.989033270279896,0.28325875638913234,0.19178786952190904,0.4895577670453305,4,1.0,3.923941047331071
s7219_r4_n000_a125,confirmatory,7219,4,0.0,0.125,joint_forward_feedback,comb_contiguous_k1,comb_contiguous,comb,1,0.225,0.125,1.0,64,64,8,0.011201115832260605,0.03460815635424473,0.03512199023970791,0.03512199023970793,0.038708648100377725,1.2737987294517952,0.07383063834008566,0.24138659719084832,0.4895577670453305,4,0.21851667229831137,3.8897725553420948
s7219_r4_n000_a125,confirmatory,7219,4,0.0,0.125,joint_forward_feedback,comb_contiguous_k2,comb_contiguous,comb,2,0.35,0.25,1.0,64,64,16,0.017715526283251168,0.05251180352153187,0.055804941952745116,0.055804941952745116,0.06703659422476513,2.2009759571452294,0.12284153617751024,0.24138659719084832,0.4895577670453305,4,0.3426842855790666,3.8897725553420948
s7219_r4_n000_a125,confirmatory,7219,4,0.0,0.125,joint_forward_feedback,comb_contiguous_k4,comb_contiguous,comb,4,0.6,0.5,1.0,64,64,32,0.031248731151191766,0.09428614437107617,0.0982382378789256,0.0982382378789256,0.11377847792050277,3.7391495313350145,0.21201671579942838,0.24138659719084832,0.4895577670453305,4,0.5705572560053355,3.8897725553420948
s7219_r4_n000_a125,confirmatory,7219,4,0.0,0.125,joint_forward_feedback,comb_contiguous_k8,comb_contiguous,comb,8,1.1,1.0,1.0,64,64,64,0.0507923351085676,0.15435650114797284,0.15955159130074367,0.15955159130074367,0.18206126460594105,5.9855120586908575,0.3416128559066847,0.24138659719084832,0.4895577670453305,4,1.0,3.8897725553420948
s7219_r4_n000_a375,confirmatory,7219,4,0.0,0.375,feedback_only,balanced_contiguous_k1,balanced_contiguous,balanced,1,0.1737418407321983,0.125,0.487418407321983,64,64,8,0.005081674244837547,0.011466935064162237,0.01662916126593561,0.0166291612659356,0.01891728875480356,0.6219824014196496,0.03554645002073916,0.33920879681818,0.47797766461006186,4,0.06650171884620529,3.9999999999999996
s7219_r4_n000_a375,confirmatory,7219,4,0.0,0.375,feedback_only,balanced_contiguous_k2,balanced_contiguous,balanced,2,0.2987418407321983,0.25,0.487418407321983,64,64,16,0.013794717294920674,0.030257435121853353,0.045364809170498455,0.045364809170498455,0.054890865477346396,1.801872504445583,0.10025567464784485,0.33920879681818,0.47797766461006186,4,0.19638267274963256,3.9999999999999996
s7219_r4_n000_a375,confirmatory,7219,4,0.0,0.375,feedback_only,balanced_contiguous_k4,balanced_contiguous,balanced,4,0.5487418407321983,0.5,0.487418407321983,64,64,32,0.032841876919552815,0.07235392432869836,0.10791824962079462,0.10791824962079455,0.1293450642528352,4.2469603057115215,0.23726331387362976,0.33920879681818,0.47797766461006186,4,0.46902261236580767,3.9999999999999996
s7219_r4_n000_a375,confirmatory,7219,4,0.0,0.375,feedback_only,balanced_contiguous_k8,balanced_contiguous,balanced,8,1.0487418407321982,1.0,0.487418407321983,64,64,64,0.0721855302483829,0.1605469658162357,0.23680741067479286,0.23680741067479286,0.27805522299746416,9.134574546593646,0.514862633672257,0.33920879681818,0.47797766461006186,4,0.9999999999999997,3.9999999999999996
s7219_r4_n000_a375,confirmatory,7219,4,0.0,0.375,feedback_only,balanced_interleaved_k1,balanced_interleaved,balanced,1,0.19088469787505546,0.125,0.6588469787505544,64,64,8,0.005081674244837547,0.011466935064162237,0.01662916126593561,0.0166291612659356,0.01891728875480356,0.6219824014196496,0.03554645002073916,0.33920879681818,0.47797766461006186,4,0.06650171884620529,3.9999999999999996
s7219_r4_n000_a375,confirmatory,7219,4,0.0,0.375,feedback_only,balanced_interleaved_k2,balanced_interleaved,balanced,2,0.31588469787505546,0.25,0.6588469787505544,64,64,16,0.01859683391032738,0.043388530074556036,0.060520237332527,0.06052023733252702,0.06391093863508825,2.1056702736553508,0.12443117596761527,0.33920879681818,0.47797766461006186,4,0.23228267226644764,3.9999999999999996
s7219_r4_n000_a375,confirmatory,7219,4,0.0,0.375,feedback_only,balanced_interleaved_k4,balanced_interleaved,balanced,4,0.5658846978750555,0.5,0.6588469787505544,64,64,32,0.03525523198281094,0.07877441499920236,0.11556341655311923,0.11556341655311919,0.1343320958554704,4.414190483928172,0.2498955124085896,0.33920879681818,0.47797766461006186,4,0.49104282554584533,3.9999999999999996
s7219_r4_n000_a375,confirmatory,7219,4,0.0,0.375,feedback_only,balanced_interleaved_k8,balanced_interleaved,balanced,8,1.0658846978750554,1.0,0.6588469787505544,64,64,64,0.0721855302483829,0.1605469658162357,0.23680741067479286,0.23680741067479286,0.27805522299746416,9.134574546593646,0.514862633672257,0.33920879681818,0.47797766461006186,4,0.9999999999999997,3.9999999999999996
s7219_r4_n000_a375,confirmatory,7219,4,0.0,0.375,feedback_only,balanced_permutation_a_k1,balanced_permutation_a,balanced,1,0.18899250811836066,0.125,0.6399250811836067,64,64,8,0.005081674244837547,0.011466935064162237,0.01662916126593561,0.0166291612659356,0.01891728875480356,0.6219824014196496,0.03554645002073916,0.33920879681818,0.47797766461006186,4,0.06650171884620529,3.9999999999999996
s7219_r4_n000_a375,confirmatory,7219,4,0.0,0.375,feedback_only,balanced_permutation_a_k2,balanced_permutation_a,balanced,2,0.31399250811836066,0.25,0.6399250811836067,64,64,16,0.017779216746558718,0.03983839533274329,0.058250262121463475,0.05825026212146346,0.06729398855572455,2.211657895904649,0.125544250677188,0.33920879681818,0.47797766461006186,4,0.24302194852403317,3.9999999999999996
s7219_r4_n000_a375,confirmatory,7219,4,0.0,0.375,feedback_only,balanced_permutation_a_k4,balanced_permutation_a,balanced,4,0.5639925081183607,0.5,0.6399250811836067,64,64,32,0.04118874568684023,0.09267820361756561,0.13485084564575936,0.13485084564575936,0.15437202951844248,5.074755790235919,0.28922287516420186,0.33920879681818,0.47797766461006186,4,0.5592827718703294,3.9999999999999996
s7219_r4_n000_a375,confirmatory,7219,4,0.0,0.375,feedback_only,balanced_permutation_a_k8,balanced_permutation_a,balanced,8,1.0639925081183608,1.0,0.6399250811836067,64,64,64,0.0721855302483829,0.1605469658162357,0.23680741067479286,0.23680741067479286,0.27805522299746416,9.134574546593646,0.514862633672257,0.33920879681818,0.47797766461006186,4,0.9999999999999997,3.9999999999999996
s7219_r4_n000_a375,confirmatory,7219,4,0.0,0.375,feedback_only,balanced_permutation_b_k1,balanced_permutation_b,balanced,1,0.18840039778945986,0.125,0.6340039778945984,64,64,8,0.005081674244837547,0.011466935064162237,0.01662916126593561,0.0166291612659356,0.01891728875480356,0.6219824014196496,0.03554645002073916,0.33920879681818,0.47797766461006186,4,0.06650171884620529,3.9999999999999996
s7219_r4_n000_a375,confirmatory,7219,4,0.0,0.375,feedback_only,balanced_permutation_b_k2,balanced_permutation_b,balanced,2,0.31340039778945983,0.25,0.6340039778945984,64,64,16,0.013568817726140651,0.031641602570026885,0.04416101705952224,0.044161017059522245,0.046688486912119534,1.5381925982473474,0.09084950397164178,0.33920879681818,0.47797766461006186,4,0.16760173389179045,3.9999999999999996
s7219_r4_n000_a375,confirmatory,7219,4,0.0,0.375,feedback_only,balanced_permutation_b_k4,balanced_permutation_b,balanced,4,0.5634003977894598,0.5,0.6340039778945984,64,64,32,0.03480694867058122,0.0792799164571862,0.11372204733720455,0.11372204733720456,0.12673031791483677,4.169092220611981,0.24045236525204133,0.33920879681818,0.47797766461006186,4,0.4516829609892109,3.9999999999999996
s7219_r4_n000_a375,confirmatory,7219,4,0.0,0.375,feedback_only,balanced_permutation_b_k8,balanced_permutation_b,balanced,8,1.06340039778946,1.0,0.6340039778945984,64,64,64,0.0721855302483829,0.1605469658162357,0.23680741067479286,0.23680741067479286,0.27805522299746416,9.134574546593646,0.514862633672257,0.33920879681818,0.47797766461006186,4,0.9999999999999997,3.9999999999999996
s7219_r4_n000_a375,confirmatory,7219,4,0.0,0.375,feedback_only,comb_contiguous_k1,comb_contiguous,comb,1,0.225,0.125,1.0,64,64,8,0.005081674244837547,0.011466935064162237,0.01662916126593561,0.0166291612659356,0.01891728875480356,0.6219824014196496,0.03554645002073916,0.33920879681818,0.47797766461006186,4,0.06650171884620529,3.9999999999999996
s7219_r4_n000_a375,confirmatory,7219,4,0.0,0.375,feedback_only,comb_contiguous_k2,comb_contiguous,comb,2,0.35,0.25,1.0,64,64,16,0.016189057711878004,0.03532889297980686,0.053287171027865114,0.05328717102786509,0.06518550485734885,2.1392233264630285,0.11847267588521394,0.33920879681818,0.47797766461006186,4,0.2290795712701723,3.9999999999999996
s7219_r4_n000_a375,confirmatory,7219,4,0.0,0.375,feedback_only,comb_contiguous_k4,comb_contiguous,comb,4,0.6,0.5,1.0,64,64,32,0.036659154100311925,0.08220948172835045,0.12009018563921772,0.12009018563921772,0.13849046264913015,4.551784990411383,0.25858064828834787,0.33920879681818,0.47797766461006186,4,0.4967929536618717,3.9999999999999996
s7219_r4_n000_a375,confirmatory,7219,4,0.0,0.375,feedback_only,comb_contiguous_k8,comb_contiguous,comb,8,1.1,1.0,1.0,64,64,64,0.0721855302483829,0.1605469658162357,0.23680741067479286,0.23680741067479286,0.27805522299746416,9.134574546593646,0.514862633672257,0.33920879681818,0.47797766461006186,4,0.9999999999999997,3.9999999999999996
s7219_r4_n000_a375,confirmatory,7219,4,0.0,0.375,joint_forward_feedback,balanced_contiguous_k1,balanced_contiguous,balanced,1,0.1737418407321983,0.125,0.487418407321983,64,64,8,0.0028860485955697554,0.014179410308156382,0.008714486833828148,0.008714486833828153,0.009913576586881797,0.32594893761404564,0.01862806342070995,0.1437565901188595,0.47797766461006186,4,0.06650171884620529,3.9325868598567673
s7219_r4_n000_a375,confirmatory,7219,4,0.0,0.375,joint_forward_feedback,balanced_contiguous_k2,balanced_contiguous,balanced,2,0.2987418407321983,0.25,0.487418407321983,64,64,16,0.007825546881286324,0.037262685410393494,0.02367486623234793,0.023674866232347935,0.028642173132830757,0.9402244064829322,0.05231703936517869,0.1437565901188595,0.47797766461006186,4,0.19638267274963256,3.9325868598567673
s7219_r4_n000_a375,confirmatory,7219,4,0.0,0.375,joint_forward_feedback,balanced_contiguous_k4,balanced_contiguous,balanced,4,0.5487418407321983,0.5,0.487418407321983,64,64,32,0.017847179505206968,0.08538191814317816,0.053977825314290316,0.053977825314290295,0.06471025384479678,2.1247059483477875,0.11868807915908708,0.1437565901188595,0.47797766461006186,4,0.46902261236580767,3.9325868598567673
s7219_r4_n000_a375,confirmatory,7219,4,0.0,0.375,joint_forward_feedback,balanced_contiguous_k8,balanced_contiguous,balanced,8,1.0487418407321982,1.0,0.487418407321983,64,64,64,0.02973590903135955,0.1433635493860111,0.08989155915104097,0.08989155915104097,0.1061469193975971,3.4865929798741484,0.19603847854863807,0.1437565901188595,0.47797766461006186,4,0.9999999999999997,3.9325868598567673
s7219_r4_n000_a375,confirmatory,7219,4,0.0,0.375,joint_forward_feedback,balanced_interleaved_k1,balanced_interleaved,balanced,1,0.19088469787505546,0.125,0.6588469787505544,64,64,8,0.0033540622640128846,0.01239330427934626,0.010337526263573017,0.010337526263573031,0.011759941840179972,0.38665566514933214,0.022097468103753,0.19510734894893383,0.47797766461006186,4,0.06650171884620529,3.9687854308736066
s7219_r4_n000_a375,confirmatory,7219,4,0.0,0.375,joint_forward_feedback,balanced_interleaved_k2,balanced_interleaved,balanced,2,0.31588469787505546,0.25,0.6588469787505544,64,64,16,0.012174714368845516,0.04662675444499074,0.03741142170022544,0.037411421700225454,0.03951395202493821,1.3018578864982482,0.07692537372516367,0.19510734894893383,0.47797766461006186,4,0.23228267226644764,3.9687854308736066
s7219_r4_n000_a375,confirmatory,7219,4,0.0,0.375,joint_forward_feedback,balanced_interleaved_k4,balanced_interleaved,balanced,4,0.5658846978750555,0.5,0.6588469787505544,64,64,32,0.02279360980615669,0.0833955855677837,0.07031163723740433,0.07031163723740434,0.08160583849906414,2.681698469207457,0.15191747573646847,0.19510734894893383,0.47797766461006186,4,0.49104282554584533,3.9687854308736066
s7219_r4_n000_a375,confirmatory,7219,4,0.0,0.375,joint_forward_feedback,balanced_interleaved_k8,balanced_interleaved,balanced,8,1.0658846978750554,1.0,0.6588469787505544,64,64,64,0.041542867295408174,0.15127349181080157,0.12820049326576283,0.12820049326576283,0.150227525497588,4.935481309188579,0.2784280187633508,0.19510734894893383,0.47797766461006186,4,0.9999999999999997,3.9687854308736066
s7219_r4_n000_a375,confirmatory,7219,4,0.0,0.375,joint_forward_feedback,balanced_permutation_a_k1,balanced_permutation_a,balanced,1,0.18899250811836066,0.125,0.6399250811836067,64,64,8,0.003355654517411471,0.011812202804632537,0.010386749345410314,0.010386749345410312,0.011938794049261976,0.3924281589217935,0.022325543394672288,0.20454853523512287,0.47797766461006186,4,0.06650171884620529,3.9403465607085466
s7219_r4_n000_a375,confirmatory,7219,4,0.0,0.375,joint_forward_feedback,balanced_permutation_a_k2,balanced_permutation_a,balanced,2,0.31399250811836066,0.25,0.6399250811836067,64,64,16,0.011996410477760028,0.0421038138150256,0.037142460204138916,0.03714246020413894,0.04295034914744326,1.4115536329223233,0.0800928093515822,0.20454853523512287,0.47797766461006186,4,0.24302194852403317,3.9403465607085466
s7219_r4_n000_a375,confirmatory,7219,4,0.0,0.375,joint_forward_feedback,balanced_permutation_a_k4,balanced_permutation_a,balanced,4,0.5639925081183607,0.5,0.6399250811836067,64,64,32,0.026966199297025116,0.09510131249877579,0.08345421933096674,0.0834542193309667,0.09555842898226861,3.1413239467635625,0.17901264831323532,0.20454853523512287,0.47797766461006186,4,0.5592827718703294,3.9403465607085466
s7219_r4_n000_a375,confirmatory,7219,4,0.0,0.375,joint_forward_feedback,balanced_permutation_a_k8,balanced_permutation_a,balanced,8,1.0639925081183608,1.0,0.6399250811836067,64,64,64,0.042657342376947724,0.14894251159744737,0.13213527648274134,0.13213527648274134,0.15440951122204552,5.073239635588198,0.28654478770478686,0.20454853523512287,0.47797766461006186,4,0.9999999999999997,3.9403465607085466
s7219_r4_n000_a375,confirmatory,7219,4,0.0,0.375,joint_forward_feedback,balanced_permutation_b_k1,balanced_permutation_b,balanced,1,0.18840039778945986,0.125,0.6340039778945984,64,64,8,0.0036022231626409696,0.014226184685159548,0.011041984326327475,0.011041984326327477,0.012520987013093511,0.41171356874531984,0.023562971339420986,0.18186358989178883,0.47797766461006186,4,0.06650171884620529,3.9239077348579476
s7219_r4_n000_a375,confirmatory,7219,4,0.0,0.375,joint_forward_feedback,balanced_permutation_b_k2,balanced_permutation_b,balanced,2,0.31340039778945983,0.25,0.6340039778945984,64,64,16,0.008661557044159083,0.035307279032144985,0.026485785060010356,0.02648578506001036,0.028138491161532556,0.9269175022290521,0.054624276221542915,0.18186358989178883,0.47797766461006186,4,0.16760173389179045,3.9239077348579476
s7219_r4_n000_a375,confirmatory,7219,4,0.0,0.375,joint_forward_feedback,balanced_permutation_b_k4,balanced_permutation_b,balanced,4,0.5634003977894598,0.5,0.6340039778945984,64,64,32,0.02174598348346828,0.08651236236499503,0.06662031574259526,0.06662031574259525,0.07442525312669644,2.448228415796881,0.1410455688692917,0.18186358989178883,0.47797766461006186,4,0.4516829609892109,3.9239077348579476
s7219_r4_n000_a375,confirmatory,7219,4,0.0,0.375,joint_forward_feedback,balanced_permutation_b_k8,balanced_permutation_b,balanced,8,1.06340039778946,1.0,0.6340039778945984,64,64,64,0.040158735639992255,0.15614795244637644,0.12325176255258041,0.12325176255258041,0.14421771425860863,4.738218618828057,0.26746947681118904,0.18186358989178883,0.47797766461006186,4,0.9999999999999997,3.9239077348579476
s7219_r4_n000_a375,confirmatory,7219,4,0.0,0.375,joint_forward_feedback,comb_contiguous_k1,comb_contiguous,comb,1,0.225,0.125,1.0,64,64,8,0.0035950911784679374,0.011525345192773285,0.01122895552356568,0.011228955523565686,0.012791510985919094,0.42055730707297667,0.024020466509484778,0.2277263829756482,0.47797766461006186,4,0.06650171884620529,3.8451573715335168
s7219_r4_n000_a375,confirmatory,7219,4,0.0,0.375,joint_forward_feedback,comb_contiguous_k2,comb_contiguous,comb,2,0.35,0.25,1.0,64,64,16,0.012716592424326266,0.03930766406501897,0.039872011600616264,0.03987201160061626,0.048928550397480786,1.6055856243200013,0.08880056199809705,0.2277263829756482,0.47797766461006186,4,0.2290795712701723,3.8451573715335168
s7219_r4_n000_a375,confirmatory,7219,4,0.0,0.375,joint_forward_feedback,comb_contiguous_k4,comb_contiguous,comb,4,0.6,0.5,1.0,64,64,32,0.028207512379366334,0.0897821120683457,0.08816908295078507,0.08816908295078507,0.10193851997448204,3.3502017221342104,0.19010760292526713,0.2277263829756482,0.47797766461006186,4,0.4967929536618717,3.8451573715335168
s7219_r4_n000_a375,confirmatory,7219,4,0.0,0.375,joint_forward_feedback,comb_contiguous_k8,comb_contiguous,comb,8,1.1,1.0,1.0,64,64,64,0.046865394885738314,0.14787101413834755,0.1466222270249779,0.1466222270249779,0.17258537676157668,5.669354283395432,0.31920760378655455,0.2277263829756482,0.47797766461006186,4,0.9999999999999997,3.8451573715335168
s7219_r4_n750_a125,confirmatory,7219,4,0.75,0.125,feedback_only,balanced_contiguous_k1,balanced_contiguous,balanced,1,0.1737418407321983,0.125,0.487418407321983,64,64,8,0.016081258695150927,0.03193163509454393,0.05391049539765475,0.053910495397654724,0.08025115299693705,2.6219473912996403,0.13416164839459177,0.3392087968181805,0.7454246432484593,4,0.21851667229831137,4.0
s7219_r4_n750_a125,confirmatory,7219,4,0.75,0.125,feedback_only,balanced_contiguous_k2,balanced_contiguous,balanced,2,0.2987418407321983,0.25,0.487418407321983,64,64,16,0.03275223478955021,0.06368025331319398,0.11029233443878955,0.11029233443878954,0.17127921695870818,5.591227277117452,0.28157155139749773,0.3392087968181805,0.7454246432484593,4,0.4479075021867775,4.0
s7219_r4_n750_a125,confirmatory,7219,4,0.75,0.125,feedback_only,balanced_contiguous_k4,balanced_contiguous,balanced,4,0.5487418407321983,0.5,0.487418407321983,64,64,32,0.06594805528534249,0.12639747978444377,0.22278080002338008,0.22278080002338,0.35600784401586955,11.615031808531205,0.5787886440392496,0.3392087968181805,0.7454246432484593,4,0.9088986829088447,4.0
s7219_r4_n750_a125,confirmatory,7219,4,0.75,0.125,feedback_only,balanced_contiguous_k8,balanced_contiguous,balanced,8,1.0487418407321982,1.0,0.487418407321983,64,64,64,0.0726374040426053,0.13934414366304212,0.24532891296555512,0.24532891296555512,0.3913370697285099,12.768115144277871,0.636665982694065,0.3392087968181805,0.7454246432484593,4,1.0,4.0
s7219_r4_n750_a125,confirmatory,7219,4,0.75,0.125,feedback_only,balanced_interleaved_k1,balanced_interleaved,balanced,1,0.19088469787505546,0.125,0.6588469787505544,64,64,8,0.016081258695150927,0.03193163509454393,0.05391049539765475,0.053910495397654724,0.08025115299693705,2.6219473912996403,0.13416164839459177,0.3392087968181805,0.7454246432484593,4,0.21851667229831137,4.0
s7219_r4_n750_a125,confirmatory,7219,4,0.75,0.125,feedback_only,balanced_interleaved_k2,balanced_interleaved,balanced,2,0.31588469787505546,0.25,0.6588469787505544,64,64,16,0.018566404858319993,0.03708036207143132,0.06216649260726184,0.06216649260726183,0.09146196226492612,2.9889492850848978,0.15362845487218796,0.3392087968181805,0.7454246432484593,4,0.24696018713894033,4.0
s7219_r4_n750_a125,confirmatory,7219,4,0.75,0.125,feedback_only,balanced_interleaved_k4,balanced_interleaved,balanced,4,0.5658846978750555,0.5,0.6588469787505544,64,64,32,0.039383612352410405,0.07913528943325278,0.13170405755560027,0.13170405755560027,0.1913915193841699,6.256232677849037,0.3230955769397702,0.3392087968181805,0.7454246432484593,4,0.49846319182475063,4.0
s7219_r4_n750_a125,confirmatory,7219,4,0.75,0.125,feedback_only,balanced_interleaved_k8,balanced_interleaved,balanced,8,1.0658846978750554,1.0,0.6588469787505544,64,64,64,0.0726374040426053,0.13934414366304212,0.24532891296555512,0.24532891296555512,0.3913370697285099,12.768115144277871,0.636665982694065,0.3392087968181805,0.7454246432484593,4,1.0,4.0
s7219_r4_n750_a125,confirmatory,7219,4,0.75,0.125,feedback_only,balanced_permutation_a_k1,balanced_permutation_a,balanced,1,0.18899250811836066,0.125,0.6399250811836067,64,64,8,0.016081258695150927,0.03193163509454393,0.05391049539765475,0.053910495397654724,0.08025115299693705,2.6219473912996403,0.13416164839459177,0.3392087968181805,0.7454246432484593,4,0.21851667229831137,4.0
s7219_r4_n750_a125,confirmatory,7219,4,0.75,0.125,feedback_only,balanced_permutation_a_k2,balanced_permutation_a,balanced,2,0.31399250811836066,0.25,0.6399250811836067,64,64,16,0.017804094687571995,0.034765045673861524,0.05989926916453405,0.059899269164534,0.09222662387579372,3.011151233189933,0.15212589304032773,0.3392087968181805,0.7454246432484593,4,0.24880275564459925,4.0
s7219_r4_n750_a125,confirmatory,7219,4,0.75,0.125,feedback_only,balanced_permutation_a_k4,balanced_permutation_a,balanced,4,0.5639925081183607,0.5,0.6399250811836067,64,64,32,0.04340605872929697,0.08398345568531007,0.14632476279282525,0.14632476279282522,0.22946488732301804,7.489201157129402,0.37578965011584325,0.3392087968181805,0.7454246432484593,4,0.5920059174918448,4.0
s7219_r4_n750_a125,confirmatory,7219,4,0.75,0.125,feedback_only,balanced_permutation_a_k8,balanced_permutation_a,balanced,8,1.0639925081183608,1.0,0.6399250811836067,64,64,64,0.0726374040426053,0.13934414366304212,0.24532891296555512,0.24532891296555512,0.3913370697285099,12.768115144277871,0.636665982694065,0.3392087968181805,0.7454246432484593,4,1.0,4.0
s7219_r4_n750_a125,confirmatory,7219,4,0.75,0.125,feedback_only,balanced_permutation_b_k1,balanced_permutation_b,balanced,1,0.18840039778945986,0.125,0.6340039778945984,64,64,8,0.016081258695150927,0.03193163509454393,0.05391049539765475,0.053910495397654724,0.08025115299693705,2.6219473912996403,0.13416164839459177,0.3392087968181805,0.7454246432484593,4,0.21851667229831137,4.0
s7219_r4_n750_a125,confirmatory,7219,4,0.75,0.125,feedback_only,balanced_permutation_b_k2,balanced_permutation_b,balanced,2,0.31340039778945983,0.25,0.6340039778945984,64,64,16,0.017877574054665453,0.035888398227720636,0.05979657767138874,0.05979657767138871,0.08706273123186471,2.8458039770910597,0.14685930890325344,0.3392087968181805,0.7454246432484593,4,0.23586269256788592,4.0
s7219_r4_n750_a125,confirmatory,7219,4,0.75,0.125,feedback_only,balanced_permutation_b_k4,balanced_permutation_b,balanced,4,0.5634003977894598,0.5,0.6340039778945984,64,64,32,0.03510600644739435,0.06880074923795633,0.11801608702047887,0.11801608702047889,0.18037933234780362,5.890154722150195,0.2983954193682825,0.3392087968181805,0.7454246432484593,4,0.47096457347449877,4.0
s7219_r4_n750_a125,confirmatory,7219,4,0.75,0.125,feedback_only,balanced_permutation_b_k8,balanced_permutation_b,balanced,8,1.06340039778946,1.0,0.6340039778945984,64,64,64,0.0726374040426053,0.13934414366304212,0.24532891296555512,0.24532891296555512,0.3913370697285099,12.768115144277871,0.636665982694065,0.3392087968181805,0.7454246432484593,4,1.0,4.0
s7219_r4_n750_a125,confirmatory,7219,4,0.75,0.125,feedback_only,comb_contiguous_k1,comb_contiguous,comb,1,0.225,0.125,1.0,64,64,8,0.016081258695150927,0.03193163509454393,0.05391049539765475,0.053910495397654724,0.08025115299693705,2.6219473912996403,0.13416164839459177,0.3392087968181805,0.7454246432484593,4,0.21851667229831137,4.0
s7219_r4_n750_a125,confirmatory,7219,4,0.75,0.125,feedback_only,comb_contiguous_k2,comb_contiguous,comb,2,0.35,0.25,1.0,64,64,16,0.02282820657029231,0.04275212449832244,0.07752392005735337,0.07752392005735337,0.1296889121744413,4.227569109639475,0.20721283223179468,0.3392087968181805,0.7454246432484593,4,0.3426842855790666,4.0
s7219_r4_n750_a125,confirmatory,7219,4,0.75,0.125,feedback_only,comb_contiguous_k4,comb_contiguous,comb,4,0.6,0.5,1.0,64,64,32,0.04026744423296535,0.07662479372805844,0.1362480605362676,0.13624806053626756,0.2208555467740242,7.203625557305042,0.3571036073102918,0.3392087968181805,0.7454246432484593,4,0.5705572560053355,4.0
s7219_r4_n750_a125,confirmatory,7219,4,0.75,0.125,feedback_only,comb_contiguous_k8,comb_contiguous,comb,8,1.1,1.0,1.0,64,64,64,0.0726374040426053,0.13934414366304212,0.24532891296555512,0.24532891296555512,0.3913370697285099,12.768115144277871,0.636665982694065,0.3392087968181805,0.7454246432484593,4,1.0,4.0
s7219_r4_n750_a125,confirmatory,7219,4,0.75,0.125,joint_forward_feedback,balanced_contiguous_k1,balanced_contiguous,balanced,1,0.1737418407321983,0.125,0.487418407321983,64,64,8,0.009194104521826642,0.03522160863187946,0.028251713651391015,0.028251713651391022,0.042055495464099646,1.3740275685025798,0.07030720911549067,0.16115751054547273,0.7454246432484593,4,0.21851667229831137,3.9953876503154486
s7219_r4_n750_a125,confirmatory,7219,4,0.75,0.125,joint_forward_feedback,balanced_contiguous_k2,balanced_contiguous,balanced,2,0.2987418407321983,0.25,0.487418407321983,64,64,16,0.018710313344482192,0.070012149207241,0.05760527846548784,0.05760527846548785,0.08944660971019898,2.919896789191855,0.14705188817568682,0.16115751054547273,0.7454246432484593,4,0.4479075021867775,3.9953876503154486
s7219_r4_n750_a125,confirmatory,7219,4,0.75,0.125,joint_forward_feedback,balanced_contiguous_k4,balanced_contiguous,balanced,4,0.5487418407321983,0.5,0.487418407321983,64,64,32,0.03636168258016279,0.13396000319682774,0.1120984181755067,0.1120984181755067,0.17893527710691054,5.838027285596644,0.29103369528241724,0.16115751054547273,0.7454246432484593,4,0.9088986829088447,3.9953876503154486
s7219_r4_n750_a125,confirmatory,7219,4,0.75,0.125,joint_forward_feedback,balanced_contiguous_k8,balanced_contiguous,balanced,8,1.0487418407321982,1.0,0.487418407321983,64,64,64,0.03840148065272691,0.1415531659572829,0.11838123451245999,0.11838123451245999,0.1887794284577808,6.159322945161446,0.3071606629702408,0.16115751054547273,0.7454246432484593,4,1.0,3.9953876503154486
s7219_r4_n750_a125,confirmatory,7219,4,0.75,0.125,joint_forward_feedback,balanced_interleaved_k1,balanced_interleaved,balanced,1,0.19088469787505546,0.125,0.6588469787505544,64,64,8,0.010766280604737166,0.03570186227856866,0.0335134859265034,0.03351348592650337,0.04988816865269465,1.6299348828127322,0.08340165457919801,0.18860086255887207,0.7454246432484593,4,0.21851667229831137,3.9550129861420245
s7219_r4_n750_a125,confirmatory,7219,4,0.75,0.125,joint_forward_feedback,balanced_interleaved_k2,balanced_interleaved,balanced,2,0.31588469787505546,0.25,0.6588469787505544,64,64,16,0.012409995449299573,0.04141397520788788,0.038606138584165936,0.038606138584165894,0.056803475933411375,1.8563173684533298,0.09540961451757726,0.18860086255887207,0.7454246432484593,4,0.24696018713894033,3.9550129861420245
s7219_r4_n750_a125,confirmatory,7219,4,0.75,0.125,joint_forward_feedback,balanced_interleaved_k4,balanced_interleaved,balanced,4,0.5658846978750555,0.5,0.6588469787505544,64,64,32,0.02578718739123159,0.0866239730550045,0.08016988739239284,0.08016988739239281,0.11653301943565124,3.8092265093332323,0.19670290682804403,0.18860086255887207,0.7454246432484593,4,0.49846319182475063,3.9550129861420245
s7219_r4_n750_a125,confirmatory,7219,4,0.75,0.125,joint_forward_feedback,balanced_interleaved_k8,balanced_interleaved,balanced,8,1.0658846978750554,1.0,0.6588469787505544,64,64,64,0.04304555571631422,0.13827951223231114,0.13442092839215586,0.13442092839215586,0.21199852485094453,6.918373723622381,0.3464194532431004,0.18860086255887207,0.7454246432484593,4,1.0,3.9550129861420245
s7219_r4_n750_a125,confirmatory,7219,4,0.75,0.125,joint_forward_feedback,balanced_permutation_a_k1,balanced_permutation_a,balanced,1,0.18899250811836066,0.125,0.6399250811836067,64,64,8,0.01050687904839523,0.03358596058020284,0.03282713095460471,0.032827130954604704,0.049336230242464,1.6115864987134527,0.08216336119706871,0.19525397693536822,0.7454246432484593,4,0.21851667229831137,3.944165557151063
s7219_r4_n750_a125,confirmatory,7219,4,0.75,0.125,joint_forward_feedback,balanced_permutation_a_k2,balanced_permutation_a,balanced,2,0.31399250811836066,0.25,0.6399250811836067,64,64,16,0.011815292315174418,0.03701783136356923,0.03699262945494659,0.03699262945494659,0.057672394234007926,1.8825092449432002,0.09466502368895452,0.19525397693536822,0.7454246432484593,4,0.24880275564459925,3.944165557151063
s7219_r4_n750_a125,confirmatory,7219,4,0.75,0.125,joint_forward_feedback,balanced_permutation_a_k4,balanced_permutation_a,balanced,4,0.5639925081183607,0.5,0.6399250811836067,64,64,32,0.028158976237422608,0.08762783156399317,0.08822683738655042,0.0882268373865504,0.13924596312659304,4.544097657437527,0.22747280051314345,0.19525397693536822,0.7454246432484593,4,0.5920059174918448,3.944165557151063
s7219_r4_n750_a125,confirmatory,7219,4,0.75,0.125,joint_forward_feedback,balanced_permutation_a_k8,balanced_permutation_a,balanced,8,1.0639925081183608,1.0,0.6399250811836067,64,64,64,0.04280134906625524,0.13185748999068916,0.13424949730745395,0.13424949730745395,0.2157687195355712,7.038848522445733,0.35001821684302514,0.19525397693536822,0.7454246432484593,4,1.0,3.944165557151063
s7219_r4_n750_a125,confirmatory,7219,4,0.75,0.125,joint_forward_feedback,balanced_permutation_b_k1,balanced_permutation_b,balanced,1,0.18840039778945986,0.125,0.6340039778945984,64,64,8,0.010733712492505643,0.0349933936273229,0.03346865599463316,0.03346865599463314,0.049983844283117564,1.6329516730543951,0.0834525002777507,0.19178786952190904,0.7454246432484593,4,0.21851667229831137,3.923941047331071
s7219_r4_n750_a125,confirmatory,7219,4,0.75,0.125,joint_forward_feedback,balanced_permutation_b_k2,balanced_permutation_b,balanced,2,0.31340039778945983,0.25,0.6340039778945984,64,64,16,0.011887154762474293,0.03921564059616398,0.03702142223640658,0.03702142223640657,0.05409481013830081,1.7680553466620323,0.09111623237470738,0.19178786952190904,0.7454246432484593,4,0.23586269256788592,3.923941047331071
s7219_r4_n750_a125,confirmatory,7219,4,0.75,0.125,joint_forward_feedback,balanced_permutation_b_k4,balanced_permutation_b,balanced,4,0.5634003977894598,0.5,0.6340039778945984,64,64,32,0.0228509533914684,0.07349049072286462,0.07134966923673866,0.07134966923673866,0.10924363762910463,3.567146073368087,0.1805933068658433,0.19178786952190904,0.7454246432484593,4,0.47096457347449877,3.923941047331071
s7219_r4_n750_a125,confirmatory,7219,4,0.75,0.125,joint_forward_feedback,balanced_permutation_b_k8,balanced_permutation_b,balanced,8,1.06340039778946,1.0,0.6340039778945984,64,64,64,0.041372479495071335,0.12959516079133823,0.12953637580071686,0.12953637580071686,0.20801786524178056,6.786108063537695,0.3375542410424974,0.19178786952190904,0.7454246432484593,4,1.0,3.923941047331071
s7219_r4_n750_a125,confirmatory,7219,4,0.75,0.125,joint_forward_feedback,comb_contiguous_k1,comb_contiguous,comb,1,0.225,0.125,1.0,64,64,8,0.011160018299864415,0.029435761917807307,0.0356673585330269,0.0356673585330269,0.05385334053274488,1.7589742555808632,0.08952069906577179,0.24138659719084832,0.7454246432484593,4,0.21851667229831137,3.8897725553420948
s7219_r4_n750_a125,confirmatory,7219,4,0.75,0.125,joint_forward_feedback,comb_contiguous_k2,comb_contiguous,comb,2,0.35,0.25,1.0,64,64,16,0.016728583156404783,0.04120297389131699,0.0539850340538167,0.0539850340538167,0.09252759045807274,3.0148679287121443,0.14651262451188946,0.24138659719084832,0.7454246432484593,4,0.3426842855790666,3.8897725553420948
s7219_r4_n750_a125,confirmatory,7219,4,0.75,0.125,joint_forward_feedback,comb_contiguous_k4,comb_contiguous,comb,4,0.6,0.5,1.0,64,64,32,0.02956305526655352,0.0743519544304921,0.09511182996662192,0.09511182996662194,0.15690731751267326,5.116145990372166,0.2520191474792952,0.24138659719084832,0.7454246432484593,4,0.5705572560053355,3.8897725553420948
s7219_r4_n750_a125,confirmatory,7219,4,0.75,0.125,joint_forward_feedback,comb_contiguous_k8,comb_contiguous,comb,8,1.1,1.0,1.0,64,64,64,0.048272458856784675,0.12289928265499611,0.15503371442691158,0.15503371442691158,0.2500640145551671,8.157082180192258,0.40509772898207863,0.24138659719084832,0.7454246432484593,4,1.0,3.8897725553420948
s7219_r4_n750_a375,confirmatory,7219,4,0.75,0.375,feedback_only,balanced_contiguous_k1,balanced_contiguous,balanced,1,0.1737418407321983,0.125,0.487418407321983,64,64,8,0.00545590868841723,0.011212656681336352,0.018162584996578683,0.01816258499657871,0.025203447663469353,0.824672910227598,0.043366032660048064,0.33920879681818,0.7415407534594094,4,0.06650171884620529,3.9999999999999996
s7219_r4_n750_a375,confirmatory,7219,4,0.75,0.375,feedback_only,balanced_contiguous_k2,balanced_contiguous,balanced,2,0.2987418407321983,0.25,0.487418407321983,64,64,16,0.012759313500242703,0.023190977547890616,0.04364105271705146,0.04364105271705149,0.07741159105180866,2.5208119663749287,0.12105264376886014,0.33920879681818,0.7415407534594094,4,0.19638267274963256,3.9999999999999996
s7219_r4_n750_a375,confirmatory,7219,4,0.75,0.375,feedback_only,balanced_contiguous_k4,balanced_contiguous,balanced,4,0.5487418407321983,0.5,0.487418407321983,64,64,32,0.03193570047405036,0.05899581604666114,0.10880240520025661,0.10880240520025658,0.18697069751341638,6.091864725629581,0.29577310271367296,0.33920879681818,0.7415407534594094,4,0.46902261236580767,3.9999999999999996
s7219_r4_n750_a375,confirmatory,7219,4,0.75,0.375,feedback_only,balanced_contiguous_k8,balanced_contiguous,balanced,8,1.0487418407321982,1.0,0.487418407321983,64,64,64,0.07053635762122587,0.13347449046629328,0.23896863579982086,0.23896863579982086,0.39167851056156455,12.772680973769887,0.6306471463613854,0.33920879681818,0.7415407534594094,4,0.9999999999999997,3.9999999999999996
s7219_r4_n750_a375,confirmatory,7219,4,0.75,0.375,feedback_only,balanced_interleaved_k1,balanced_interleaved,balanced,1,0.19088469787505546,0.125,0.6588469787505544,64,64,8,0.00545590868841723,0.011212656681336352,0.018162584996578683,0.01816258499657871,0.025203447663469353,0.824672910227598,0.043366032660048064,0.33920879681818,0.7415407534594094,4,0.06650171884620529,3.9999999999999996
s7219_r4_n750_a375,confirmatory,7219,4,0.75,0.375,feedback_only,balanced_interleaved_k2,balanced_interleaved,balanced,2,0.31588469787505546,0.25,0.6588469787505544,64,64,16,0.019973770613767036,0.04174999884516982,0.06627291465175648,0.06627291465175647,0.08879379518707374,2.9076743606381164,0.1550667098388302,0.33920879681818,0.7415407534594094,4,0.23228267226644764,3.9999999999999996
s7219_r4_n750_a375,confirmatory,7219,4,0.75,0.375,feedback_only,balanced_interleaved_k4,balanced_interleaved,balanced,4,0.5658846978750555,0.5,0.6588469787505544,64,64,32,0.03548021559362346,0.06828820272502768,0.1197448855652637,0.11974488556526369,0.18976260336432452,6.192148193223648,0.30950748892958824,0.33920879681818,0.7415407534594094,4,0.49104282554584533,3.9999999999999996
s7219_r4_n750_a375,confirmatory,7219,4,0.75,0.375,feedback_only,balanced_interleaved_k8,balanced_interleaved,balanced,8,1.0658846978750554,1.0,0.6588469787505544,64,64,64,0.07053635762122587,0.13347449046629328,0.23896863579982086,0.23896863579982086,0.39167851056156455,12.772680973769887,0.6306471463613854,0.33920879681818,0.7415407534594094,4,0.9999999999999997,3.9999999999999996
s7219_r4_n750_a375,confirmatory,7219,4,0.75,0.375,feedback_only,balanced_permutation_a_k1,balanced_permutation_a,balanced,1,0.18899250811836066,0.125,0.6399250811836067,64,64,8,0.00545590868841723,0.011212656681336352,0.018162584996578683,0.01816258499657871,0.025203447663469353,0.824672910227598,0.043366032660048064,0.33920879681818,0.7415407534594094,4,0.06650171884620529,3.9999999999999996
s7219_r4_n750_a375,confirmatory,7219,4,0.75,0.375,feedback_only,balanced_permutation_a_k2,balanced_permutation_a,balanced,2,0.31399250811836066,0.25,0.6399250811836067,64,64,16,0.01767447820861259,0.033946371084780325,0.05967875183757697,0.05967875183757697,0.09497092127104223,3.0987482325109283,0.1546496731086192,0.33920879681818,0.7415407534594094,4,0.24302194852403317,3.9999999999999996
s7219_r4_n750_a375,confirmatory,7219,4,0.75,0.375,feedback_only,balanced_permutation_a_k4,balanced_permutation_a,balanced,4,0.5639925081183607,0.5,0.6399250811836067,64,64,32,0.041129397137155826,0.07913779270961896,0.13881978707413128,0.1388197870741312,0.220120092601817,7.182662750332275,0.3589398796759482,0.33920879681818,0.7415407534594094,4,0.5592827718703294,3.9999999999999996
s7219_r4_n750_a375,confirmatory,7219,4,0.75,0.375,feedback_only,balanced_permutation_a_k8,balanced_permutation_a,balanced,8,1.0639925081183608,1.0,0.6399250811836067,64,64,64,0.07053635762122587,0.13347449046629328,0.23896863579982086,0.23896863579982086,0.39167851056156455,12.772680973769887,0.6306471463613854,0.33920879681818,0.7415407534594094,4,0.9999999999999997,3.9999999999999996
s7219_r4_n750_a375,confirmatory,7219,4,0.75,0.375,feedback_only,balanced_permutation_b_k1,balanced_permutation_b,balanced,1,0.18840039778945986,0.125,0.6340039778945984,64,64,8,0.00545590868841723,0.011212656681336352,0.018162584996578683,0.01816258499657871,0.025203447663469353,0.824672910227598,0.043366032660048064,0.33920879681818,0.7415407534594094,4,0.06650171884620529,3.9999999999999996
s7219_r4_n750_a375,confirmatory,7219,4,0.75,0.375,feedback_only,balanced_permutation_b_k2,balanced_permutation_b,balanced,2,0.31340039778945983,0.25,0.6340039778945984,64,64,16,0.014105109247909886,0.02905028938908405,0.04693565472548918,0.04693565472548922,0.06484282425002455,2.121906030726275,0.11177847897551377,0.33920879681818,0.7415407534594094,4,0.16760173389179045,3.9999999999999996
s7219_r4_n750_a375,confirmatory,7219,4,0.75,0.375,feedback_only,balanced_permutation_b_k4,balanced_permutation_b,balanced,4,0.5634003977894598,0.5,0.6340039778945984,64,64,32,0.03468857919939121,0.0690102760487069,0.11624301280446658,0.11624301280446656,0.17237461202803142,5.632230597701472,0.288617624832498,0.33920879681818,0.7415407534594094,4,0.4516829609892109,3.9999999999999996
s7219_r4_n750_a375,confirmatory,7219,4,0.75,0.375,feedback_only,balanced_permutation_b_k8,balanced_permutation_b,balanced,8,1.06340039778946,1.0,0.6340039778945984,64,64,64,0.07053635762122587,0.13347449046629328,0.23896863579982086,0.23896863579982086,0.39167851056156455,12.772680973769887,0.6306471463613854,0.33920879681818,0.7415407534594094,4,0.9999999999999997,3.9999999999999996
s7219_r4_n750_a375,confirmatory,7219,4,0.75,0.375,feedback_only,comb_contiguous_k1,comb_contiguous,comb,1,0.225,0.125,1.0,64,64,8,0.00545590868841723,0.011212656681336352,0.018162584996578683,0.01816258499657871,0.025203447663469353,0.824672910227598,0.043366032660048064,0.33920879681818,0.7415407534594094,4,0.06650171884620529,3.9999999999999996
s7219_r4_n750_a375,confirmatory,7219,4,0.75,0.375,feedback_only,comb_contiguous_k2,comb_contiguous,comb,2,0.35,0.25,1.0,64,64,16,0.014100070227596965,0.025525268391666807,0.048274594589057564,0.04827459458905757,0.08630209813153263,2.8099417347981017,0.1345766927205902,0.33920879681818,0.7415407534594094,4,0.2290795712701723,3.9999999999999996
s7219_r4_n750_a375,confirmatory,7219,4,0.75,0.375,feedback_only,comb_contiguous_k4,comb_contiguous,comb,4,0.6,0.5,1.0,64,64,32,0.03475341218508123,0.06616998802508693,0.11757572017404427,0.11757572017404427,0.1903721019270828,6.209482981840694,0.30794782210112703,0.33920879681818,0.7415407534594094,4,0.4967929536618717,3.9999999999999996
s7219_r4_n750_a375,confirmatory,7219,4,0.75,0.375,feedback_only,comb_contiguous_k8,comb_contiguous,comb,8,1.1,1.0,1.0,64,64,64,0.07053635762122587,0.13347449046629328,0.23896863579982086,0.23896863579982086,0.39167851056156455,12.772680973769887,0.6306471463613854,0.33920879681818,0.7415407534594094,4,0.9999999999999997,3.9999999999999996
s7219_r4_n750_a375,confirmatory,7219,4,0.75,0.375,joint_forward_feedback,balanced_contiguous_k1,balanced_contiguous,balanced,1,0.1737418407321983,0.125,0.487418407321983,64,64,8,0.0031312226729014623,0.013864983000213311,0.009518075222783303,0.0095180752227833,0.013207828664233185,0.43216859247824524,0.022725903887016487,0.1437565901188595,0.7415407534594094,4,0.06650171884620529,3.9325868598567673
s7219_r4_n750_a375,confirmatory,7219,4,0.75,0.375,joint_forward_feedback,balanced_contiguous_k2,balanced_contiguous,balanced,2,0.2987418407321983,0.25,0.487418407321983,64,64,16,0.007417716482877716,0.02857811543891625,0.0227826984829635,0.022782698482963496,0.0403884802150847,1.3152140653656739,0.0631711786980482,0.1437565901188595,0.7415407534594094,4,0.19638267274963256,3.9325868598567673
s7219_r4_n750_a375,confirmatory,7219,4,0.75,0.375,joint_forward_feedback,balanced_contiguous_k4,balanced_contiguous,balanced,4,0.5487418407321983,0.5,0.487418407321983,64,64,32,0.01772066155645985,0.06950518876571933,0.05434901655928991,0.05434901655928989,0.09346254131006558,3.0451503384813883,0.14781155786935546,0.1437565901188595,0.7415407534594094,4,0.46902261236580767,3.9325868598567673
s7219_r4_n750_a375,confirmatory,7219,4,0.75,0.375,joint_forward_feedback,balanced_contiguous_k8,balanced_contiguous,balanced,8,1.0487418407321982,1.0,0.487418407321983,64,64,64,0.029593415281776714,0.11845184214261,0.09061859362890373,0.09061859362890373,0.1505024184571785,4.906695984258615,0.24112101208608222,0.1437565901188595,0.7415407534594094,4,0.9999999999999997,3.9325868598567673
s7219_r4_n750_a375,confirmatory,7219,4,0.75,0.375,joint_forward_feedback,balanced_interleaved_k1,balanced_interleaved,balanced,1,0.19088469787505546,0.125,0.6588469787505544,64,64,8,0.003629609932508824,0.012118483732060715,0.011290779878424959,0.011290779878424959,0.01566773561138133,0.5126583194426275,0.026958515489806288,0.19510734894893383,0.7415407534594094,4,0.06650171884620529,3.9687854308736066
s7219_r4_n750_a375,confirmatory,7219,4,0.75,0.375,joint_forward_feedback,balanced_interleaved_k2,balanced_interleaved,balanced,2,0.31588469787505546,0.25,0.6588469787505544,64,64,16,0.013192990592971233,0.04486753433110136,0.040967291626074154,0.04096729162607419,0.054892985341472036,1.7975428225531793,0.09586027696754623,0.19510734894893383,0.7415407534594094,4,0.23228267226644764,3.9687854308736066
s7219_r4_n750_a375,confirmatory,7219,4,0.75,0.375,joint_forward_feedback,balanced_interleaved_k4,balanced_interleaved,balanced,4,0.5658846978750555,0.5,0.6588469787505544,64,64,32,0.023276212028595842,0.07243262319063667,0.07292837005873115,0.07292837005873111,0.11524370633181893,3.7607269726769372,0.18817207639055006,0.19510734894893383,0.7415407534594094,4,0.49104282554584533,3.9687854308736066
s7219_r4_n750_a375,confirmatory,7219,4,0.75,0.375,joint_forward_feedback,balanced_interleaved_k8,balanced_interleaved,balanced,8,1.0658846978750554,1.0,0.6588469787505544,64,64,64,0.041367358585840106,0.12653303981443506,0.12985264546294684,0.12985264546294684,0.21164997343191416,6.9026517952842,0.341502618894861,0.19510734894893383,0.7415407534594094,4,0.9999999999999997,3.9687854308736066
s7219_r4_n750_a375,confirmatory,7219,4,0.75,0.375,joint_forward_feedback,balanced_permutation_a_k1,balanced_permutation_a,balanced,1,0.18899250811836066,0.125,0.6399250811836067,64,64,8,0.003645100492323219,0.0116271394121658,0.011391051622548007,0.011391051622548002,0.015887944916729492,0.5198052889578918,0.027278996539277494,0.20454853523512287,0.7415407534594094,4,0.06650171884620529,3.9403465607085466
s7219_r4_n750_a375,confirmatory,7219,4,0.75,0.375,joint_forward_feedback,balanced_permutation_a_k2,balanced_permutation_a,balanced,2,0.31399250811836066,0.25,0.6399250811836067,64,64,16,0.012123458176048528,0.036042575992687766,0.03817670722423247,0.03817670722423246,0.0606683011212544,1.9795623431043734,0.09884500834548687,0.20454853523512287,0.7415407534594094,4,0.24302194852403317,3.9403465607085466
s7219_r4_n750_a375,confirmatory,7219,4,0.75,0.375,joint_forward_feedback,balanced_permutation_a_k4,balanced_permutation_a,balanced,4,0.5639925081183607,0.5,0.6399250811836067,64,64,32,0.0273001120023673,0.08134267808557408,0.08594622118888035,0.08594622118888032,0.13603116701340157,4.4389435656177305,0.22197738820228188,0.20454853523512287,0.7415407534594094,4,0.5592827718703294,3.9403465607085466
s7219_r4_n750_a375,confirmatory,7219,4,0.75,0.375,joint_forward_feedback,balanced_permutation_a_k8,balanced_permutation_a,balanced,8,1.0639925081183608,1.0,0.6399250811836067,64,64,64,0.042285346074358514,0.12357153551218092,0.1334199316527325,0.1334199316527325,0.2187048695784727,7.131975758163859,0.3521248012312052,0.20454853523512287,0.7415407534594094,4,0.9999999999999997,3.9403465607085466
s7219_r4_n750_a375,confirmatory,7219,4,0.75,0.375,joint_forward_feedback,balanced_permutation_b_k1,balanced_permutation_b,balanced,1,0.18840039778945986,0.125,0.6340039778945984,64,64,8,0.003877724208359042,0.013845796505919961,0.011987312154057536,0.011987312154057524,0.016545851653415326,0.541454565063348,0.02853316380747285,0.18186358989178883,0.7415407534594094,4,0.06650171884620529,3.9239077348579476
s7219_r4_n750_a375,confirmatory,7219,4,0.75,0.375,joint_forward_feedback,balanced_permutation_b_k2,balanced_permutation_b,balanced,2,0.31340039778945983,0.25,0.6340039778945984,64,64,16,0.009088475601375216,0.032391247213913475,0.028100098785549497,0.028100098785549508,0.03892111168897145,1.273575672832636,0.06702121047452096,0.18186358989178883,0.7415407534594094,4,0.16760173389179045,3.9239077348579476
s7219_r4_n750_a375,confirmatory,7219,4,0.75,0.375,joint_forward_feedback,balanced_permutation_b_k4,balanced_permutation_b,balanced,4,0.5634003977894598,0.5,0.6340039778945984,64,64,32,0.021925737820872315,0.07530540781691832,0.06802108589235097,0.06802108589235098,0.10090051999156585,3.296837725622458,0.16892160588391683,0.18186358989178883,0.7415407534594094,4,0.4516829609892109,3.9239077348579476
s7219_r4_n750_a375,confirmatory,7219,4,0.75,0.375,joint_forward_feedback,balanced_permutation_b_k8,balanced_permutation_b,balanced,8,1.06340039778946,1.0,0.6340039778945984,64,64,64,0.03965269994446109,0.12928540252408027,0.12363943025281837,0.12363943025281837,0.20143944094881447,6.569701540614881,0.3250788712016328,0.18186358989178883,0.7415407534594094,4,0.9999999999999997,3.9239077348579476
s7219_r4_n750_a375,confirmatory,7219,4,0.75,0.375,joint_forward_feedback,comb_contiguous_k1,comb_contiguous,comb,1,0.225,0.125,1.0,64,64,8,0.0037815541741737266,0.01086233567065612,0.01195590234263871,0.011955902342638708,0.016937464712373344,0.5539547731385857,0.028893367055012054,0.2277263829756482,0.7415407534594094,4,0.06650171884620529,3.8451573715335168
s7219_r4_n750_a375,confirmatory,7219,4,0.75,0.375,joint_forward_feedback,comb_contiguous_k2,comb_contiguous,comb,2,0.35,0.25,1.0,64,64,16,0.011000259505527573,0.02758602918145244,0.035405423377016965,0.03540542337701696,0.0643662023564901,2.0951238987847,0.09977162573350706,0.2277263829756482,0.7415407534594094,4,0.2290795712701723,3.8451573715335168
s7219_r4_n750_a375,confirmatory,7219,4,0.75,0.375,joint_forward_feedback,comb_contiguous_k4,comb_contiguous,comb,4,0.6,0.5,1.0,64,64,32,0.026770252327069498,0.07123641903514155,0.08545651560717296,0.08545651560717296,0.1396276469808896,4.55354121899564,0.22508416258806258,0.2277263829756482,0.7415407534594094,4,0.4967929536618717,3.8451573715335168
s7219_r4_n750_a375,confirmatory,7219,4,0.75,0.375,joint_forward_feedback,comb_contiguous_k8,comb_contiguous,comb,8,1.1,1.0,1.0,64,64,64,0.04554230265228498,0.12047813189182134,0.14549523645158807,0.14549523645158807,0.2402903348086096,7.834785950327095,0.38578557126019764,0.2277263829756482,0.7415407534594094,4,0.9999999999999997,3.8451573715335168
s7219_r8_n000_a125,confirmatory,7219,8,0.0,0.125,feedback_only,balanced_contiguous_k1,balanced_contiguous,balanced,1,0.1737418407321983,0.125,0.487418407321983,64,64,8,0.00739544217006034,0.019851851453305324,0.023580707068045305,0.023580707068045288,0.04443508779484201,1.4455035165029897,0.0680157948628873,0.2059078274295411,0.4826493636537476,8,0.12499999999999994,8.0
s7219_r8_n000_a125,confirmatory,7219,8,0.0,0.125,feedback_only,balanced_contiguous_k2,balanced_contiguous,balanced,2,0.2987418407321983,0.25,0.487418407321983,64,64,16,0.012453292248433185,0.03200591257076084,0.03994244885271839,0.03994244885271839,0.08109961189132248,2.6351300293750377,0.12104206074404086,0.2059078274295411,0.4826493636537476,8,0.24999999999999994,8.0
s7219_r8_n000_a125,confirmatory,7219,8,0.0,0.125,feedback_only,balanced_contiguous_k4,balanced_contiguous,balanced,4,0.5487418407321983,0.5,0.487418407321983,64,64,32,0.02408112411299275,0.05991331994520787,0.07759696140875678,0.07759696140875674,0.16644426164376996,5.403813334009396,0.2440412230525267,0.2059078274295411,0.4826493636537476,8,0.4999999999999999,8.0
s7219_r8_n000_a125,confirmatory,7219,8,0.0,0.125,feedback_only,balanced_contiguous_k8,balanced_contiguous,balanced,8,1.0487418407321982,1.0,0.487418407321983,64,64,64,0.03887575148594849,0.09170266155637023,0.12629237420477307,0.12629237420477307,0.29605467358754756,9.600041929006295,0.42234704779232063,0.2059078274295411,0.4826493636537476,8,0.9999999999999999,8.0
s7219_r8_n000_a125,confirmatory,7219,8,0.0,0.125,feedback_only,balanced_interleaved_k1,balanced_interleaved,balanced,1,0.19088469787505546,0.125,0.6588469787505544,64,64,8,0.00739544217006034,0.019851851453305324,0.023580707068045305,0.023580707068045288,0.04443508779484201,1.4455035165029897,0.0680157948628873,0.2059078274295411,0.4826493636537476,8,0.12499999999999994,8.0
s7219_r8_n000_a125,confirmatory,7219,8,0.0,0.125,feedback_only,balanced_interleaved_k2,balanced_interleaved,balanced,2,0.31588469787505546,0.25,0.6588469787505544,64,64,16,0.011255794368205459,0.028458394793052906,0.03618530442864244,0.036185304428642436,0.07553991327296723,2.453462529163594,0.11172521770160967,0.2059078274295411,0.4826493636537476,8,0.24999999999999994,8.0
s7219_r8_n000_a125,confirmatory,7219,8,0.0,0.125,feedback_only,balanced_interleaved_k4,balanced_interleaved,balanced,4,0.5658846978750555,0.5,0.6588469787505544,64,64,32,0.02138694914798935,0.05347332370226902,0.06886587885385922,0.06886587885385918,0.14649566578843717,4.756727184083848,0.21536154464229634,0.2059078274295411,0.4826493636537476,8,0.49999999999999983,8.0
s7219_r8_n000_a125,confirmatory,7219,8,0.0,0.125,feedback_only,balanced_interleaved_k8,balanced_interleaved,balanced,8,1.0658846978750554,1.0,0.6588469787505544,64,64,64,0.03887575148594849,0.09170266155637023,0.12629237420477307,0.12629237420477307,0.29605467358754756,9.600041929006295,0.42234704779232063,0.2059078274295411,0.4826493636537476,8,0.9999999999999999,8.0
s7219_r8_n000_a125,confirmatory,7219,8,0.0,0.125,feedback_only,balanced_permutation_a_k1,balanced_permutation_a,balanced,1,0.18899250811836066,0.125,0.6399250811836067,64,64,8,0.00739544217006034,0.019851851453305324,0.023580707068045305,0.023580707068045288,0.04443508779484201,1.4455035165029897,0.0680157948628873,0.2059078274295411,0.4826493636537476,8,0.12499999999999994,8.0
s7219_r8_n000_a125,confirmatory,7219,8,0.0,0.125,feedback_only,balanced_permutation_a_k2,balanced_permutation_a,balanced,2,0.31399250811836066,0.25,0.6399250811836067,64,64,16,0.01184351871329678,0.03037846716051892,0.03799721025870095,0.03799721025870094,0.07741047108746725,2.515132285057653,0.11540768134616819,0.2059078274295411,0.4826493636537476,8,0.24999999999999994,8.0
s7219_r8_n000_a125,confirmatory,7219,8,0.0,0.125,feedback_only,balanced_permutation_a_k4,balanced_permutation_a,balanced,4,0.5639925081183607,0.5,0.6399250811836067,64,64,32,0.021850534868113163,0.05337769602955557,0.07060100045062677,0.07060100045062673,0.15615512851245844,5.067565112849297,0.22675612896308517,0.2059078274295411,0.4826493636537476,8,0.49999999999999983,8.0
s7219_r8_n000_a125,confirmatory,7219,8,0.0,0.125,feedback_only,balanced_permutation_a_k8,balanced_permutation_a,balanced,8,1.0639925081183608,1.0,0.6399250811836067,64,64,64,0.03887575148594849,0.09170266155637023,0.12629237420477307,0.12629237420477307,0.29605467358754756,9.600041929006295,0.42234704779232063,0.2059078274295411,0.4826493636537476,8,0.9999999999999999,8.0
s7219_r8_n000_a125,confirmatory,7219,8,0.0,0.125,feedback_only,balanced_permutation_b_k1,balanced_permutation_b,balanced,1,0.18840039778945986,0.125,0.6340039778945984,64,64,8,0.00739544217006034,0.019851851453305324,0.023580707068045305,0.023580707068045288,0.04443508779484201,1.4455035165029897,0.0680157948628873,0.2059078274295411,0.4826493636537476,8,0.12499999999999994,8.0
s7219_r8_n000_a125,confirmatory,7219,8,0.0,0.125,feedback_only,balanced_permutation_b_k2,balanced_permutation_b,balanced,2,0.31340039778945983,0.25,0.6340039778945984,64,64,16,0.01052413476811516,0.025293082728265637,0.03408904914102007,0.03408904914102007,0.0774752286616408,2.5132963663135257,0.11156427780266087,0.2059078274295411,0.4826493636537476,8,0.24999999999999994,8.0
s7219_r8_n000_a125,confirmatory,7219,8,0.0,0.125,feedback_only,balanced_permutation_b_k4,balanced_permutation_b,balanced,4,0.5634003977894598,0.5,0.6340039778945984,64,64,32,0.01975479313321702,0.04642608518322676,0.06421370521329918,0.06421370521329914,0.15145669492664918,4.910827942866073,0.21567040013994832,0.2059078274295411,0.4826493636537476,8,0.4999999999999999,8.0
s7219_r8_n000_a125,confirmatory,7219,8,0.0,0.125,feedback_only,balanced_permutation_b_k8,balanced_permutation_b,balanced,8,1.06340039778946,1.0,0.6340039778945984,64,64,64,0.03887575148594849,0.09170266155637023,0.12629237420477307,0.12629237420477307,0.29605467358754756,9.600041929006295,0.42234704779232063,0.2059078274295411,0.4826493636537476,8,0.9999999999999999,8.0
s7219_r8_n000_a125,confirmatory,7219,8,0.0,0.125,feedback_only,comb_contiguous_k1,comb_contiguous,comb,1,0.225,0.125,1.0,64,64,8,0.00739544217006034,0.019851851453305324,0.023580707068045305,0.023580707068045288,0.04443508779484201,1.4455035165029897,0.0680157948628873,0.2059078274295411,0.4826493636537476,8,0.12499999999999994,8.0
s7219_r8_n000_a125,confirmatory,7219,8,0.0,0.125,feedback_only,comb_contiguous_k2,comb_contiguous,comb,2,0.35,0.25,1.0,64,64,16,0.01269843312967895,0.0328011044605779,0.040700100670984896,0.04070010067098488,0.08193072366516935,2.662483257956404,0.12263082433615423,0.2059078274295411,0.4826493636537476,8,0.24999999999999992,8.0
s7219_r8_n000_a125,confirmatory,7219,8,0.0,0.125,feedback_only,comb_contiguous_k4,comb_contiguous,comb,4,0.6,0.5,1.0,64,64,32,0.02162213515362485,0.05296778966682759,0.06983364292506397,0.06983364292506396,0.15373695771770463,4.989416289891612,0.22357060064276857,0.2059078274295411,0.4826493636537476,8,0.4999999999999999,8.0
s7219_r8_n000_a125,confirmatory,7219,8,0.0,0.125,feedback_only,comb_contiguous_k8,comb_contiguous,comb,8,1.1,1.0,1.0,64,64,64,0.03887575148594849,0.09170266155637023,0.12629237420477307,0.12629237420477307,0.29605467358754756,9.600041929006295,0.42234704779232063,0.2059078274295411,0.4826493636537476,8,0.9999999999999999,8.0
s7219_r8_n000_a125,confirmatory,7219,8,0.0,0.125,joint_forward_feedback,balanced_contiguous_k1,balanced_contiguous,balanced,1,0.1737418407321983,0.125,0.487418407321983,64,64,8,0.00411566641062063,0.02232967908096025,0.012357433907252283,0.012357433907252274,0.02328614061500365,0.7575139335873691,0.03564357452225592,0.09593185993511298,0.4826493636537476,8,0.12499999999999994,7.381637010543859
s7219_r8_n000_a125,confirmatory,7219,8,0.0,0.125,joint_forward_feedback,balanced_contiguous_k2,balanced_contiguous,balanced,2,0.2987418407321983,0.25,0.487418407321983,64,64,16,0.006934847680682912,0.03591100642419937,0.02087569893932264,0.02087569893932263,0.04237445881723293,1.3768583810907764,0.06325015775655557,0.09593185993511298,0.4826493636537476,8,0.24999999999999994,7.381637010543859
s7219_r8_n000_a125,confirmatory,7219,8,0.0,0.125,joint_forward_feedback,balanced_contiguous_k4,balanced_contiguous,balanced,4,0.5487418407321983,0.5,0.487418407321983,64,64,32,0.012969120040038914,0.06492491407604653,0.03911679239512975,0.03911679239512974,0.08371823480611822,2.718100306190913,0.12283502720124795,0.09593185993511298,0.4826493636537476,8,0.4999999999999999,7.381637010543859
s7219_r8_n000_a125,confirmatory,7219,8,0.0,0.125,joint_forward_feedback,balanced_contiguous_k8,balanced_contiguous,balanced,8,1.0487418407321982,1.0,0.487418407321983,64,64,64,0.01742616919834539,0.0838592738319879,0.05268530412975232,0.05268530412975232,0.11983293831536297,3.8873393302213675,0.1725182424451153,0.09593185993511298,0.4826493636537476,8,0.9999999999999999,7.381637010543859
s7219_r8_n000_a125,confirmatory,7219,8,0.0,0.125,joint_forward_feedback,balanced_interleaved_k1,balanced_interleaved,balanced,1,0.19088469787505546,0.125,0.6588469787505544,64,64,8,0.004829804989372606,0.021875634126304985,0.014658958123696128,0.014658958123696116,0.02762309413910826,0.8985979705751604,0.042282052262804376,0.1161607755426993,0.4826493636537476,8,0.12499999999999994,7.883644598783617
s7219_r8_n000_a125,confirmatory,7219,8,0.0,0.125,joint_forward_feedback,balanced_interleaved_k2,balanced_interleaved,balanced,2,0.31588469787505546,0.25,0.6588469787505544,64,64,16,0.007359244995075752,0.03128549004449879,0.02243401359155844,0.02243401359155843,0.0468098826173039,1.5203502573452832,0.06924389620886233,0.1161607755426993,0.4826493636537476,8,0.24999999999999994,7.883644598783617
s7219_r8_n000_a125,confirmatory,7219,8,0.0,0.125,joint_forward_feedback,balanced_interleaved_k4,balanced_interleaved,balanced,4,0.5658846978750555,0.5,0.6588469787505544,64,64,32,0.013755316075025793,0.05778883626921828,0.041967731623350574,0.041967731623350574,0.08922130551142951,2.8970495079890948,0.13118903713478008,0.1161607755426993,0.4826493636537476,8,0.49999999999999983,7.883644598783617
s7219_r8_n000_a125,confirmatory,7219,8,0.0,0.125,joint_forward_feedback,balanced_interleaved_k8,balanced_interleaved,balanced,8,1.0658846978750554,1.0,0.6588469787505544,64,64,64,0.022648727678363498,0.09009528140399302,0.0693864433349271,0.0693864433349271,0.1606293775808665,5.209526525922655,0.23001582091579362,0.1161607755426993,0.4826493636537476,8,0.9999999999999999,7.883644598783617
s7219_r8_n000_a125,confirmatory,7219,8,0.0,0.125,joint_forward_feedback,balanced_permutation_a_k1,balanced_permutation_a,balanced,1,0.18899250811836066,0.125,0.6399250811836067,64,64,8,0.004695624831241626,0.020774236363469447,0.014274276216628363,0.014274276216628369,0.02729255827369905,0.887636140974998,0.04156683449032742,0.1179793981354358,0.4826493636537476,8,0.12499999999999994,7.6451530489147155
s7219_r8_n000_a125,confirmatory,7219,8,0.0,0.125,joint_forward_feedback,balanced_permutation_a_k2,balanced_permutation_a,balanced,2,0.31399250811836066,0.25,0.6399250811836067,64,64,16,0.007616845174187333,0.032283350771681665,0.023224305543486777,0.023224305543486784,0.047581798049820274,1.5458418431377356,0.07080610359330705,0.1179793981354358,0.4826493636537476,8,0.24999999999999994,7.6451530489147155
s7219_r8_n000_a125,confirmatory,7219,8,0.0,0.125,joint_forward_feedback,balanced_permutation_a_k4,balanced_permutation_a,balanced,4,0.5639925081183607,0.5,0.6399250811836067,64,64,32,0.013896082043052002,0.05618568866026002,0.042518476123934903,0.0425184761239349,0.09384356755742033,3.0455126379613855,0.13636204368135524,0.1179793981354358,0.4826493636537476,8,0.49999999999999983,7.6451530489147155
s7219_r8_n000_a125,confirmatory,7219,8,0.0,0.125,joint_forward_feedback,balanced_permutation_a_k8,balanced_permutation_a,balanced,8,1.0639925081183608,1.0,0.6399250811836067,64,64,64,0.022170333646927224,0.08621391691324028,0.06804268134327861,0.06804268134327861,0.15954528245128205,5.173491719784304,0.22758796379456064,0.1179793981354358,0.4826493636537476,8,0.9999999999999999,7.6451530489147155
s7219_r8_n000_a125,confirmatory,7219,8,0.0,0.125,joint_forward_feedback,balanced_permutation_b_k1,balanced_permutation_b,balanced,1,0.18840039778945986,0.125,0.6340039778945984,64,64,8,0.00470763521972441,0.020329015294225084,0.014334845407877831,0.014334845407877833,0.027387608859930416,0.8907383289256512,0.04172245426780825,0.12113505529125114,0.4826493636537476,8,0.12499999999999994,7.687927792433292
s7219_r8_n000_a125,confirmatory,7219,8,0.0,0.125,joint_forward_feedback,balanced_permutation_b_k2,balanced_permutation_b,balanced,2,0.31340039778945983,0.25,0.6340039778945984,64,64,16,0.0067680603226276895,0.02611988750326967,0.020784468733403554,0.02078446873340355,0.04748188653033331,1.5402048377040696,0.06826635526373687,0.12113505529125114,0.4826493636537476,8,0.24999999999999994,7.687927792433292
s7219_r8_n000_a125,confirmatory,7219,8,0.0,0.125,joint_forward_feedback,balanced_permutation_b_k4,balanced_permutation_b,balanced,4,0.5634003977894598,0.5,0.6340039778945984,64,64,32,0.012464471181866782,0.04699280142999078,0.038351448278165515,0.03835144827816551,0.09083958287519676,2.945218100284462,0.12919103115336228,0.12113505529125114,0.4826493636537476,8,0.4999999999999999,7.687927792433292
s7219_r8_n000_a125,confirmatory,7219,8,0.0,0.125,joint_forward_feedback,balanced_permutation_b_k8,balanced_permutation_b,balanced,8,1.06340039778946,1.0,0.6340039778945984,64,64,64,0.021936210753456465,0.08332862073639352,0.06745248810500294,0.06745248810500294,0.1579205281770516,5.120909389770654,0.22537301628205453,0.12113505529125114,0.4826493636537476,8,0.9999999999999999,7.687927792433292
s7219_r8_n000_a125,confirmatory,7219,8,0.0,0.125,joint_forward_feedback,comb_contiguous_k1,comb_contiguous,comb,1,0.225,0.125,1.0,64,64,8,0.005248072023528324,0.0183372019157477,0.016255354411044733,0.016255354411044722,0.029993857429978874,0.9760587921703687,0.046249211841023596,0.15578494546132177,0.4826493636537476,8,0.12499999999999994,7.465681100726292
s7219_r8_n000_a125,confirmatory,7219,8,0.0,0.125,joint_forward_feedback,comb_contiguous_k2,comb_contiguous,comb,2,0.35,0.25,1.0,64,64,16,0.009497048421461601,0.03151987865625346,0.029560116930072784,0.02956011693007276,0.0594157598218094,1.9308644312279735,0.08897587675188215,0.15578494546132177,0.4826493636537476,8,0.24999999999999992,7.465681100726292
s7219_r8_n000_a125,confirmatory,7219,8,0.0,0.125,joint_forward_feedback,comb_contiguous_k4,comb_contiguous,comb,4,0.6,0.5,1.0,64,64,32,0.016299653810676606,0.05131433138282896,0.05100678393690701,0.051006783936906996,0.11172100595479308,3.6260789744902855,0.16272778989170006,0.15578494546132177,0.4826493636537476,8,0.4999999999999999,7.465681100726292
s7219_r8_n000_a125,confirmatory,7219,8,0.0,0.125,joint_forward_feedback,comb_contiguous_k8,comb_contiguous,comb,8,1.1,1.0,1.0,64,64,64,0.025449557483144692,0.07792873042257017,0.07987699320078845,0.07987699320078845,0.1829018119622451,5.9327349759926316,0.26277880516303354,0.15578494546132177,0.4826493636537476,8,0.9999999999999999,7.465681100726292
s7219_r8_n000_a375,confirmatory,7219,8,0.0,0.375,feedback_only,balanced_contiguous_k1,balanced_contiguous,balanced,1,0.1737418407321983,0.125,0.487418407321983,64,64,8,0.004776044495595034,0.011426928058070223,0.015481016514902725,0.015481016514902734,0.03544815398757467,1.149821944117292,0.0509291705024774,0.2059078274295409,0.46505931133180556,8,0.12499999999999993,8.000000000000002
s7219_r8_n000_a375,confirmatory,7219,8,0.0,0.375,feedback_only,balanced_contiguous_k2,balanced_contiguous,balanced,2,0.2987418407321983,0.25,0.487418407321983,64,64,16,0.01049242197788353,0.02688308752665228,0.03366776278660112,0.033667762786601135,0.06871963825643349,2.232696186992473,0.10238740104303462,0.2059078274295409,0.46505931133180556,8,0.24999999999999992,8.000000000000002
s7219_r8_n000_a375,confirmatory,7219,8,0.0,0.375,feedback_only,balanced_contiguous_k4,balanced_contiguous,balanced,4,0.5487418407321983,0.5,0.487418407321983,64,64,32,0.01965836602675033,0.04765014165737106,0.06359285515190403,0.06359285515190401,0.14249367168123558,4.6233903489514425,0.2060865268331396,0.2059078274295409,0.46505931133180556,8,0.4999999999999998,8.000000000000002
s7219_r8_n000_a375,confirmatory,7219,8,0.0,0.375,feedback_only,balanced_contiguous_k8,balanced_contiguous,balanced,8,1.0487418407321982,1.0,0.487418407321983,64,64,64,0.03587743068518315,0.08196514226550444,0.11716042281534969,0.11716042281534969,0.2894980371780784,9.381097612513859,0.4066584599934281,0.2059078274295409,0.46505931133180556,8,0.9999999999999998,8.000000000000002
s7219_r8_n000_a375,confirmatory,7219,8,0.0,0.375,feedback_only,balanced_interleaved_k1,balanced_interleaved,balanced,1,0.19088469787505546,0.125,0.6588469787505544,64,64,8,0.004776044495595034,0.011426928058070223,0.015481016514902725,0.015481016514902734,0.03544815398757467,1.149821944117292,0.0509291705024774,0.2059078274295409,0.46505931133180556,8,0.12499999999999993,8.000000000000002
s7219_r8_n000_a375,confirmatory,7219,8,0.0,0.375,feedback_only,balanced_interleaved_k2,balanced_interleaved,balanced,2,0.31588469787505546,0.25,0.6588469787505544,64,64,16,0.009190627710496117,0.020976920572089698,0.030017424314169382,0.030017424314169407,0.07428688769309917,2.407197830493343,0.10430431200726858,0.2059078274295409,0.46505931133180556,8,0.24999999999999994,8.000000000000002
s7219_r8_n000_a375,confirmatory,7219,8,0.0,0.375,feedback_only,balanced_interleaved_k4,balanced_interleaved,balanced,4,0.5658846978750555,0.5,0.6588469787505544,64,64,32,0.018236148354898705,0.041914646927003134,0.0594917788523011,0.0594917788523011,0.14555136192826548,4.717135360556797,0.20504314078056657,0.2059078274295409,0.46505931133180556,8,0.4999999999999998,8.000000000000002
s7219_r8_n000_a375,confirmatory,7219,8,0.0,0.375,feedback_only,balanced_interleaved_k8,balanced_interleaved,balanced,8,1.0658846978750554,1.0,0.6588469787505544,64,64,64,0.03587743068518315,0.08196514226550444,0.11716042281534969,0.11716042281534969,0.2894980371780784,9.381097612513859,0.4066584599934281,0.2059078274295409,0.46505931133180556,8,0.9999999999999998,8.000000000000002
s7219_r8_n000_a375,confirmatory,7219,8,0.0,0.375,feedback_only,balanced_permutation_a_k1,balanced_permutation_a,balanced,1,0.18899250811836066,0.125,0.6399250811836067,64,64,8,0.004776044495595034,0.011426928058070223,0.015481016514902725,0.015481016514902734,0.03544815398757467,1.149821944117292,0.0509291705024774,0.2059078274295409,0.46505931133180556,8,0.12499999999999993,8.000000000000002
s7219_r8_n000_a375,confirmatory,7219,8,0.0,0.375,feedback_only,balanced_permutation_a_k2,balanced_permutation_a,balanced,2,0.31399250811836066,0.25,0.6399250811836067,64,64,16,0.008638684839010875,0.019529702731941434,0.028260122917663184,0.028260122917663187,0.07103995932768371,2.301538821403542,0.0993000822453469,0.2059078274295409,0.46505931133180556,8,0.24999999999999994,8.000000000000002
s7219_r8_n000_a375,confirmatory,7219,8,0.0,0.375,feedback_only,balanced_permutation_a_k4,balanced_permutation_a,balanced,4,0.5639925081183607,0.5,0.6399250811836067,64,64,32,0.018719472304176407,0.04347041896538917,0.060965632842397595,0.06096563284239761,0.14665642664012843,4.753971285326507,0.20762205948252604,0.2059078274295409,0.46505931133180556,8,0.4999999999999998,8.000000000000002
s7219_r8_n000_a375,confirmatory,7219,8,0.0,0.375,feedback_only,balanced_permutation_a_k8,balanced_permutation_a,balanced,8,1.0639925081183608,1.0,0.6399250811836067,64,64,64,0.03587743068518315,0.08196514226550444,0.11716042281534969,0.11716042281534969,0.2894980371780784,9.381097612513859,0.4066584599934281,0.2059078274295409,0.46505931133180556,8,0.9999999999999998,8.000000000000002
s7219_r8_n000_a375,confirmatory,7219,8,0.0,0.375,feedback_only,balanced_permutation_b_k1,balanced_permutation_b,balanced,1,0.18840039778945986,0.125,0.6340039778945984,64,64,8,0.004776044495595034,0.011426928058070223,0.015481016514902725,0.015481016514902734,0.03544815398757467,1.149821944117292,0.0509291705024774,0.2059078274295409,0.46505931133180556,8,0.12499999999999993,8.000000000000002
s7219_r8_n000_a375,confirmatory,7219,8,0.0,0.375,feedback_only,balanced_permutation_b_k2,balanced_permutation_b,balanced,2,0.31340039778945983,0.25,0.6340039778945984,64,64,16,0.0090419019401245,0.02100579735380922,0.029445718128012693,0.029445718128012693,0.0707853312937963,2.294576319529494,0.100231049421809,0.2059078274295409,0.46505931133180556,8,0.24999999999999997,8.000000000000002
s7219_r8_n000_a375,confirmatory,7219,8,0.0,0.375,feedback_only,balanced_permutation_b_k4,balanced_permutation_b,balanced,4,0.5634003977894598,0.5,0.6340039778945984,64,64,32,0.01841679357587373,0.0421951306647646,0.060112830064702194,0.060112830064702194,0.14784207151749826,4.791059118624647,0.20795490158220045,0.2059078274295409,0.46505931133180556,8,0.4999999999999998,8.000000000000002
s7219_r8_n000_a375,confirmatory,7219,8,0.0,0.375,feedback_only,balanced_permutation_b_k8,balanced_permutation_b,balanced,8,1.06340039778946,1.0,0.6340039778945984,64,64,64,0.03587743068518315,0.08196514226550444,0.11716042281534969,0.11716042281534969,0.2894980371780784,9.381097612513859,0.4066584599934281,0.2059078274295409,0.46505931133180556,8,0.9999999999999998,8.000000000000002
s7219_r8_n000_a375,confirmatory,7219,8,0.0,0.375,feedback_only,comb_contiguous_k1,comb_contiguous,comb,1,0.225,0.125,1.0,64,64,8,0.004776044495595034,0.011426928058070223,0.015481016514902725,0.015481016514902734,0.03544815398757467,1.149821944117292,0.0509291705024774,0.2059078274295409,0.46505931133180556,8,0.12499999999999993,8.000000000000002
s7219_r8_n000_a375,confirmatory,7219,8,0.0,0.375,feedback_only,comb_contiguous_k2,comb_contiguous,comb,2,0.35,0.25,1.0,64,64,16,0.009243928381337627,0.021331900443584486,0.03013656460499998,0.03013656460499997,0.07324785341561202,2.3740678739045844,0.10338441802061199,0.2059078274295409,0.46505931133180556,8,0.2499999999999999,8.000000000000002
s7219_r8_n000_a375,confirmatory,7219,8,0.0,0.375,feedback_only,comb_contiguous_k4,comb_contiguous,comb,4,0.6,0.5,1.0,64,64,32,0.017903606575323,0.0405102460883307,0.058560284032456646,0.05856028403245666,0.14699971909109819,4.762551294947599,0.20556000312355485,0.2059078274295409,0.46505931133180556,8,0.4999999999999999,8.000000000000002
s7219_r8_n000_a375,confirmatory,7219,8,0.0,0.375,feedback_only,comb_contiguous_k8,comb_contiguous,comb,8,1.1,1.0,1.0,64,64,64,0.03587743068518315,0.08196514226550444,0.11716042281534969,0.11716042281534969,0.2894980371780784,9.381097612513859,0.4066584599934281,0.2059078274295409,0.46505931133180556,8,0.9999999999999998,8.000000000000002
s7219_r8_n000_a375,confirmatory,7219,8,0.0,0.375,joint_forward_feedback,balanced_contiguous_k1,balanced_contiguous,balanced,1,0.1737418407321983,0.125,0.487418407321983,64,64,8,0.0026857859565411315,0.013114679434734008,0.00811280331195979,0.008112803311959786,0.01857655153306085,0.6025624523699069,0.026689354845020635,0.09401911157112802,0.46505931133180556,8,0.12499999999999993,7.381637010543861
s7219_r8_n000_a375,confirmatory,7219,8,0.0,0.375,joint_forward_feedback,balanced_contiguous_k2,balanced_contiguous,balanced,2,0.2987418407321983,0.25,0.487418407321983,64,64,16,0.005845450030363443,0.030737110848946553,0.0175812038558717,0.017581203855871714,0.03589838222458231,1.1663294350425057,0.05347958608045403,0.09401911157112802,0.46505931133180556,8,0.24999999999999992,7.381637010543861
s7219_r8_n000_a375,confirmatory,7219,8,0.0,0.375,joint_forward_feedback,balanced_contiguous_k4,balanced_contiguous,balanced,4,0.5487418407321983,0.5,0.487418407321983,64,64,32,0.010630008708486483,0.0527624471509038,0.032077910079243405,0.03207791007924339,0.07163696830535868,2.324460895850721,0.10371487838460207,0.09401911157112802,0.46505931133180556,8,0.4999999999999998,7.381637010543861
s7219_r8_n000_a375,confirmatory,7219,8,0.0,0.375,joint_forward_feedback,balanced_contiguous_k8,balanced_contiguous,balanced,8,1.0487418407321982,1.0,0.487418407321983,64,64,64,0.015532303178564674,0.07361804606800487,0.04700400123861667,0.04700400123861667,0.11259833085998175,3.6501505887580326,0.15960233209859842,0.09401911157112802,0.46505931133180556,8,0.9999999999999998,7.381637010543861
s7219_r8_n000_a375,confirmatory,7219,8,0.0,0.375,joint_forward_feedback,balanced_interleaved_k1,balanced_interleaved,balanced,1,0.19088469787505546,0.125,0.6588469787505544,64,64,8,0.003142832716693801,0.01257878671159991,0.009623781515514117,0.00962378151551411,0.022036362326486595,0.7147873759630852,0.03166014384200071,0.1162812996559795,0.46505931133180556,8,0.12499999999999993,7.88364459878362
s7219_r8_n000_a375,confirmatory,7219,8,0.0,0.375,joint_forward_feedback,balanced_interleaved_k2,balanced_interleaved,balanced,2,0.31588469787505546,0.25,0.6588469787505544,64,64,16,0.006046677516026752,0.023009862260014193,0.018590460395402596,0.01859046039540259,0.04599375661866577,1.4903906721927072,0.06458421701406836,0.1162812996559795,0.46505931133180556,8,0.24999999999999994,7.88364459878362
s7219_r8_n000_a375,confirmatory,7219,8,0.0,0.375,joint_forward_feedback,balanced_interleaved_k4,balanced_interleaved,balanced,4,0.5658846978750555,0.5,0.6588469787505544,64,64,32,0.011783882507903942,0.04517080533242625,0.0362077679502137,0.03620776795021368,0.0885897075735401,2.8710784103034968,0.12479747552375378,0.1162812996559795,0.46505931133180556,8,0.4999999999999998,7.88364459878362
s7219_r8_n000_a375,confirmatory,7219,8,0.0,0.375,joint_forward_feedback,balanced_interleaved_k8,balanced_interleaved,balanced,8,1.0658846978750554,1.0,0.6588469787505544,64,64,64,0.02073529169153519,0.0790318578457765,0.06374209533617389,0.06374209533617389,0.1573181292958967,5.097922232804868,0.2210602246320706,0.1162812996559795,0.46505931133180556,8,0.9999999999999998,7.88364459878362
s7219_r8_n000_a375,confirmatory,7219,8,0.0,0.375,joint_forward_feedback,balanced_permutation_a_k1,balanced_permutation_a,balanced,1,0.18899250811836066,0.125,0.6399250811836067,64,64,8,0.003020813996264051,0.012093022518993761,0.009249989863537027,0.009249989863537023,0.021767540715767517,0.7058112927680975,0.03101753057930454,0.11405397800928793,0.46505931133180556,8,0.12499999999999993,7.645153048914712
s7219_r8_n000_a375,confirmatory,7219,8,0.0,0.375,joint_forward_feedback,balanced_permutation_a_k2,balanced_permutation_a,balanced,2,0.31399250811836066,0.25,0.6399250811836067,64,64,16,0.005539225835466197,0.021019271808669124,0.0170342787326195,0.017034278732619496,0.04348439465841101,1.4085349078017717,0.06051867339103051,0.11405397800928793,0.46505931133180556,8,0.24999999999999994,7.645153048914712
s7219_r8_n000_a375,confirmatory,7219,8,0.0,0.375,joint_forward_feedback,balanced_permutation_a_k4,balanced_permutation_a,balanced,4,0.5639925081183607,0.5,0.6399250811836067,64,64,32,0.011788468667325532,0.0461995472902286,0.03615742239204077,0.036157422392040756,0.08789829156561402,2.8489027524916892,0.12405571395765477,0.11405397800928793,0.46505931133180556,8,0.4999999999999998,7.645153048914712
s7219_r8_n000_a375,confirmatory,7219,8,0.0,0.375,joint_forward_feedback,balanced_permutation_a_k8,balanced_permutation_a,balanced,8,1.0639925081183608,1.0,0.6399250811836067,64,64,64,0.01997566656719889,0.0764593855849737,0.06138565338965753,0.06138565338965753,0.15466845491367606,5.0107762106272915,0.2160541083033336,0.11405397800928793,0.46505931133180556,8,0.9999999999999998,7.645153048914712
s7219_r8_n000_a375,confirmatory,7219,8,0.0,0.375,joint_forward_feedback,balanced_permutation_b_k1,balanced_permutation_b,balanced,1,0.18840039778945986,0.125,0.6340039778945984,64,64,8,0.0030817020618239964,0.011912518010619762,0.009462552853151954,0.009462552853151958,0.021914214293520796,0.7107174102458175,0.03137676714667276,0.11977739840704292,0.46505931133180556,8,0.12499999999999993,7.687927792433292
s7219_r8_n000_a375,confirmatory,7219,8,0.0,0.375,joint_forward_feedback,balanced_permutation_b_k2,balanced_permutation_b,balanced,2,0.31340039778945983,0.25,0.6340039778945984,64,64,16,0.005787670082194738,0.021699246551450016,0.01781614378649976,0.017816143786499754,0.043246821761259,1.4017144401467876,0.06106296554775875,0.11977739840704292,0.46505931133180556,8,0.24999999999999997,7.687927792433292
s7219_r8_n000_a375,confirmatory,7219,8,0.0,0.375,joint_forward_feedback,balanced_permutation_b_k4,balanced_permutation_b,balanced,4,0.5634003977894598,0.5,0.6340039778945984,64,64,32,0.011530913341164314,0.04260631388642531,0.0355393682986187,0.03553936829861869,0.08820931141057084,2.8582373334368856,0.12374867970918953,0.11977739840704292,0.46505931133180556,8,0.4999999999999998,7.687927792433292
s7219_r8_n000_a375,confirmatory,7219,8,0.0,0.375,joint_forward_feedback,balanced_permutation_b_k8,balanced_permutation_b,balanced,8,1.06340039778946,1.0,0.6340039778945984,64,64,64,0.020185553613628882,0.07468317749054404,0.062206795344879516,0.062206795344879516,0.15408896092689947,4.993053545005663,0.216295756271779,0.11977739840704292,0.46505931133180556,8,0.9999999999999998,7.687927792433292
s7219_r8_n000_a375,confirmatory,7219,8,0.0,0.375,joint_forward_feedback,comb_contiguous_k1,comb_contiguous,comb,1,0.225,0.125,1.0,64,64,8,0.003392605961643499,0.011397495491376473,0.010547187608273556,0.010547187608273572,0.02392607563694873,0.776181607990633,0.034473263245222305,0.14156357502558464,0.46505931133180556,8,0.12499999999999993,7.465681100726292
s7219_r8_n000_a375,confirmatory,7219,8,0.0,0.375,joint_forward_feedback,comb_contiguous_k2,comb_contiguous,comb,2,0.35,0.25,1.0,64,64,16,0.006985213359937173,0.022349462194411657,0.021822137198247847,0.021822137198247854,0.05343470123020277,1.7317325765647364,0.07525683842845063,0.14156357502558464,0.46505931133180556,8,0.2499999999999999,7.465681100726292
s7219_r8_n000_a375,confirmatory,7219,8,0.0,0.375,joint_forward_feedback,comb_contiguous_k4,comb_contiguous,comb,4,0.6,0.5,1.0,64,64,32,0.013596599727508879,0.04265872437667182,0.042563403693161764,0.04256340369316177,0.10743385370697162,3.4804467223162536,0.1499972574001334,0.14156357502558464,0.46505931133180556,8,0.4999999999999999,7.465681100726292
s7219_r8_n000_a375,confirmatory,7219,8,0.0,0.375,joint_forward_feedback,comb_contiguous_k8,comb_contiguous,comb,8,1.1,1.0,1.0,64,64,64,0.02327776704769359,0.07411121138242013,0.07275798412605898,0.07275798412605898,0.17952960465824488,5.817705333189895,0.25228758878430385,0.14156357502558464,0.46505931133180556,8,0.9999999999999998,7.465681100726292
s7219_r8_n750_a125,confirmatory,7219,8,0.75,0.125,feedback_only,balanced_contiguous_k1,balanced_contiguous,balanced,1,0.1737418407321983,0.125,0.487418407321983,64,64,8,0.008596192960069445,0.01972833502637308,0.028050283815764514,0.028050283815764496,0.06879561479665565,2.2295099573087453,0.09684589861242014,0.2059078274295411,0.7440467493571776,8,0.12499999999999994,8.0
s7219_r8_n750_a125,confirmatory,7219,8,0.75,0.125,feedback_only,balanced_contiguous_k2,balanced_contiguous,balanced,2,0.2987418407321983,0.25,0.487418407321983,64,64,16,0.01432184801119309,0.03143598701117557,0.0470923611823456,0.04709236118234559,0.12421300985639186,4.021908676586885,0.17130537103873744,0.2059078274295411,0.7440467493571776,8,0.24999999999999994,8.0
s7219_r8_n750_a125,confirmatory,7219,8,0.75,0.125,feedback_only,balanced_contiguous_k4,balanced_contiguous,balanced,4,0.5487418407321983,0.5,0.487418407321983,64,64,32,0.02652767433999506,0.056289999768278594,0.0877674908411097,0.08776749084110964,0.24453474731385422,7.912879404884444,0.33230223815496385,0.2059078274295411,0.7440467493571776,8,0.4999999999999999,8.0
s7219_r8_n750_a125,confirmatory,7219,8,0.75,0.125,feedback_only,balanced_contiguous_k8,balanced_contiguous,balanced,8,1.0487418407321982,1.0,0.487418407321983,64,64,64,0.040309065390597025,0.07967796045490141,0.13526012052072875,0.13526012052072875,0.4223086994061689,13.649138501518133,0.5575688199268977,0.2059078274295411,0.7440467493571776,8,0.9999999999999999,8.0
s7219_r8_n750_a125,confirmatory,7219,8,0.75,0.125,feedback_only,balanced_interleaved_k1,balanced_interleaved,balanced,1,0.19088469787505546,0.125,0.6588469787505544,64,64,8,0.008596192960069445,0.01972833502637308,0.028050283815764514,0.028050283815764496,0.06879561479665565,2.2295099573087453,0.09684589861242014,0.2059078274295411,0.7440467493571776,8,0.12499999999999994,8.0
s7219_r8_n750_a125,confirmatory,7219,8,0.75,0.125,feedback_only,balanced_interleaved_k2,balanced_interleaved,balanced,2,0.31588469787505546,0.25,0.6588469787505544,64,64,16,0.012609076700649504,0.027153842224860857,0.04160335500317942,0.041603355003179424,0.11317939810334357,3.663344094310174,0.154782753106523,0.2059078274295411,0.7440467493571776,8,0.24999999999999994,8.0
s7219_r8_n750_a125,confirmatory,7219,8,0.75,0.125,feedback_only,balanced_interleaved_k4,balanced_interleaved,balanced,4,0.5658846978750555,0.5,0.6588469787505544,64,64,32,0.022116367302052603,0.045882376150555536,0.07348886101329041,0.0734888610132904,0.2123322347335359,6.868120372486439,0.2858210957468263,0.2059078274295411,0.7440467493571776,8,0.49999999999999983,8.0
s7219_r8_n750_a125,confirmatory,7219,8,0.75,0.125,feedback_only,balanced_interleaved_k8,balanced_interleaved,balanced,8,1.0658846978750554,1.0,0.6588469787505544,64,64,64,0.040309065390597025,0.07967796045490141,0.13526012052072875,0.13526012052072875,0.4223086994061689,13.649138501518133,0.5575688199268977,0.2059078274295411,0.7440467493571776,8,0.9999999999999999,8.0
s7219_r8_n750_a125,confirmatory,7219,8,0.75,0.125,feedback_only,balanced_permutation_a_k1,balanced_permutation_a,balanced,1,0.18899250811836066,0.125,0.6399250811836067,64,64,8,0.008596192960069445,0.01972833502637308,0.028050283815764514,0.028050283815764496,0.06879561479665565,2.2295099573087453,0.09684589861242014,0.2059078274295411,0.7440467493571776,8,0.12499999999999994,8.0
s7219_r8_n750_a125,confirmatory,7219,8,0.75,0.125,feedback_only,balanced_permutation_a_k2,balanced_permutation_a,balanced,2,0.31399250811836066,0.25,0.6399250811836067,64,64,16,0.012539181355190564,0.02694436488196418,0.041389333825792685,0.04138933382579268,0.1129960101087317,3.657261657305207,0.15438534393452438,0.2059078274295411,0.7440467493571776,8,0.24999999999999994,8.0
s7219_r8_n750_a125,confirmatory,7219,8,0.75,0.125,feedback_only,balanced_permutation_a_k4,balanced_permutation_a,balanced,4,0.5639925081183607,0.5,0.6399250811836067,64,64,32,0.023885193446544245,0.05017073749477214,0.07917675175012676,0.07917675175012674,0.2242417254628311,7.254911966560722,0.30341847721295784,0.2059078274295411,0.7440467493571776,8,0.49999999999999983,8.0
s7219_r8_n750_a125,confirmatory,7219,8,0.75,0.125,feedback_only,balanced_permutation_a_k8,balanced_permutation_a,balanced,8,1.0639925081183608,1.0,0.6399250811836067,64,64,64,0.040309065390597025,0.07967796045490141,0.13526012052072875,0.13526012052072875,0.4223086994061689,13.649138501518133,0.5575688199268977,0.2059078274295411,0.7440467493571776,8,0.9999999999999999,8.0
s7219_r8_n750_a125,confirmatory,7219,8,0.75,0.125,feedback_only,balanced_permutation_b_k1,balanced_permutation_b,balanced,1,0.18840039778945986,0.125,0.6340039778945984,64,64,8,0.008596192960069445,0.01972833502637308,0.028050283815764514,0.028050283815764496,0.06879561479665565,2.2295099573087453,0.09684589861242014,0.2059078274295411,0.7440467493571776,8,0.12499999999999994,8.0
s7219_r8_n750_a125,confirmatory,7219,8,0.75,0.125,feedback_only,balanced_permutation_b_k2,balanced_permutation_b,balanced,2,0.31340039778945983,0.25,0.6340039778945984,64,64,16,0.011667808446489911,0.024134421205833062,0.03879249908576496,0.038792499085764987,0.11261792545707767,3.6425661137122507,0.15141042454284265,0.2059078274295411,0.7440467493571776,8,0.24999999999999994,8.0
s7219_r8_n750_a125,confirmatory,7219,8,0.75,0.125,feedback_only,balanced_permutation_b_k4,balanced_permutation_b,balanced,4,0.5634003977894598,0.5,0.6340039778945984,64,64,32,0.020827248709617805,0.041903417666999516,0.06963057481457767,0.06963057481457763,0.21133147522612286,6.832237782050509,0.2809620500407005,0.2059078274295411,0.7440467493571776,8,0.4999999999999999,8.0
s7219_r8_n750_a125,confirmatory,7219,8,0.75,0.125,feedback_only,balanced_permutation_b_k8,balanced_permutation_b,balanced,8,1.06340039778946,1.0,0.6340039778945984,64,64,64,0.040309065390597025,0.07967796045490141,0.13526012052072875,0.13526012052072875,0.4223086994061689,13.649138501518133,0.5575688199268977,0.2059078274295411,0.7440467493571776,8,0.9999999999999999,8.0
s7219_r8_n750_a125,confirmatory,7219,8,0.75,0.125,feedback_only,comb_contiguous_k1,comb_contiguous,comb,1,0.225,0.125,1.0,64,64,8,0.008596192960069445,0.01972833502637308,0.028050283815764514,0.028050283815764496,0.06879561479665565,2.2295099573087453,0.09684589861242014,0.2059078274295411,0.7440467493571776,8,0.12499999999999994,8.0
s7219_r8_n750_a125,confirmatory,7219,8,0.75,0.125,feedback_only,comb_contiguous_k2,comb_contiguous,comb,2,0.35,0.25,1.0,64,64,16,0.01427603536448534,0.031138506099537836,0.04699459019413603,0.04699459019413603,0.1252299795951649,4.054353937239413,0.17222456978930095,0.2059078274295411,0.7440467493571776,8,0.24999999999999992,8.0
s7219_r8_n750_a125,confirmatory,7219,8,0.75,0.125,feedback_only,comb_contiguous_k4,comb_contiguous,comb,4,0.6,0.5,1.0,64,64,32,0.023773788740291645,0.04928110853522517,0.07900859327777691,0.07900859327777691,0.22857653850779572,7.39345782552724,0.3075851317855726,0.2059078274295411,0.7440467493571776,8,0.4999999999999999,8.0
s7219_r8_n750_a125,confirmatory,7219,8,0.75,0.125,feedback_only,comb_contiguous_k8,comb_contiguous,comb,8,1.1,1.0,1.0,64,64,64,0.040309065390597025,0.07967796045490141,0.13526012052072875,0.13526012052072875,0.4223086994061689,13.649138501518133,0.5575688199268977,0.2059078274295411,0.7440467493571776,8,0.9999999999999999,8.0
s7219_r8_n750_a125,confirmatory,7219,8,0.75,0.125,joint_forward_feedback,balanced_contiguous_k1,balanced_contiguous,balanced,1,0.1737418407321983,0.125,0.487418407321983,64,64,8,0.004846688466748336,0.022190745834300064,0.014699708848116066,0.014699708848116066,0.03605223798019606,1.1683713242143898,0.05075194682831212,0.09593185993511298,0.7440467493571776,8,0.12499999999999994,7.381637010543859
s7219_r8_n750_a125,confirmatory,7219,8,0.75,0.125,joint_forward_feedback,balanced_contiguous_k2,balanced_contiguous,balanced,2,0.2987418407321983,0.25,0.487418407321983,64,64,16,0.008088707453205753,0.03527319288173923,0.02461341265205171,0.024613412652051726,0.06490369308309857,2.101531591311206,0.08951710573515029,0.09593185993511298,0.7440467493571776,8,0.24999999999999994,7.381637010543859
s7219_r8_n750_a125,confirmatory,7219,8,0.75,0.125,joint_forward_feedback,balanced_contiguous_k4,balanced_contiguous,balanced,4,0.5487418407321983,0.5,0.487418407321983,64,64,32,0.014526971887216245,0.061111706249182406,0.044317793111854124,0.04431779311185413,0.12319152922120555,3.986446728190432,0.16750932233305968,0.09593185993511298,0.7440467493571776,8,0.4999999999999999,7.381637010543859
s7219_r8_n750_a125,confirmatory,7219,8,0.75,0.125,joint_forward_feedback,balanced_contiguous_k8,balanced_contiguous,balanced,8,1.0487418407321982,1.0,0.487418407321983,64,64,64,0.01878983446855953,0.07496584223565747,0.05755116081766626,0.05755116081766626,0.17272654323123432,5.584800544217164,0.23027770404890058,0.09593185993511298,0.7440467493571776,8,0.9999999999999999,7.381637010543859
s7219_r8_n750_a125,confirmatory,7219,8,0.75,0.125,joint_forward_feedback,balanced_interleaved_k1,balanced_interleaved,balanced,1,0.19088469787505546,0.125,0.6588469787505544,64,64,8,0.005674771029616514,0.021739525906348135,0.017437472702856012,0.01743747270285599,0.04276682770741457,1.3859759593401222,0.06020430041027056,0.1161607755426993,0.7440467493571776,8,0.12499999999999994,7.883644598783617
s7219_r8_n750_a125,confirmatory,7219,8,0.75,0.125,joint_forward_feedback,balanced_interleaved_k2,balanced_interleaved,balanced,2,0.31588469787505546,0.25,0.6588469787505544,64,64,16,0.00834654124607087,0.029857872792831842,0.02579758744729442,0.025797587447294414,0.07014464607088283,2.270426261715545,0.09594223351817724,0.1161607755426993,0.7440467493571776,8,0.24999999999999994,7.883644598783617
s7219_r8_n750_a125,confirmatory,7219,8,0.75,0.125,joint_forward_feedback,balanced_interleaved_k4,balanced_interleaved,balanced,4,0.5658846978750555,0.5,0.6588469787505544,64,64,32,0.01445975190114685,0.04969817561600034,0.0448560799816829,0.04485607998168289,0.12940993093356404,4.185973869855732,0.17426601091524693,0.1161607755426993,0.7440467493571776,8,0.49999999999999983,7.883644598783617
s7219_r8_n750_a125,confirmatory,7219,8,0.75,0.125,joint_forward_feedback,balanced_interleaved_k8,balanced_interleaved,balanced,8,1.0658846978750554,1.0,0.6588469787505544,64,64,64,0.023859217920135366,0.07826541382709214,0.0743492319866221,0.0743492319866221,0.22966477176781933,7.42362192855684,0.30401400375444143,0.1161607755426993,0.7440467493571776,8,0.9999999999999999,7.883644598783617
s7219_r8_n750_a125,confirmatory,7219,8,0.75,0.125,joint_forward_feedback,balanced_permutation_a_k1,balanced_permutation_a,balanced,1,0.18899250811836066,0.125,0.6399250811836067,64,64,8,0.005440496531837282,0.020195169940980764,0.016761551571812007,0.016761551571811993,0.042196721085503694,1.3670566263079302,0.05895827265731569,0.1179793981354358,0.7440467493571776,8,0.12499999999999994,7.6451530489147155
s7219_r8_n750_a125,confirmatory,7219,8,0.75,0.125,joint_forward_feedback,balanced_permutation_a_k2,balanced_permutation_a,balanced,2,0.31399250811836066,0.25,0.6399250811836067,64,64,16,0.008115420075060668,0.028339433125120973,0.025138010831378975,0.025138010831378982,0.06936257205687146,2.244740316651266,0.09450058288825045,0.1179793981354358,0.7440467493571776,8,0.24999999999999994,7.6451530489147155
s7219_r8_n750_a125,confirmatory,7219,8,0.75,0.125,joint_forward_feedback,balanced_permutation_a_k4,balanced_permutation_a,balanced,4,0.5639925081183607,0.5,0.6399250811836067,64,64,32,0.015220857359232547,0.05201146785417757,0.04724292693429656,0.04724292693429655,0.1346175436280382,4.355004323031519,0.18186047056233476,0.1179793981354358,0.7440467493571776,8,0.49999999999999983,7.6451530489147155
s7219_r8_n750_a125,confirmatory,7219,8,0.75,0.125,joint_forward_feedback,balanced_permutation_a_k8,balanced_permutation_a,balanced,8,1.0639925081183608,1.0,0.6399250811836067,64,64,64,0.0232144658703892,0.07443326299862289,0.07250726725541036,0.07250726725541036,0.22682934860970233,7.331046422765885,0.2993366158651127,0.1179793981354358,0.7440467493571776,8,0.9999999999999999,7.6451530489147155
s7219_r8_n750_a125,confirmatory,7219,8,0.75,0.125,joint_forward_feedback,balanced_permutation_b_k1,balanced_permutation_b,balanced,1,0.18840039778945986,0.125,0.6340039778945984,64,64,8,0.005536927253104073,0.0202395848471577,0.017081158015645113,0.01708115801564512,0.042421063858534745,1.374555201488757,0.05950222187417986,0.12113505529125114,0.7440467493571776,8,0.12499999999999994,7.687927792433292
s7219_r8_n750_a125,confirmatory,7219,8,0.75,0.125,joint_forward_feedback,balanced_permutation_b_k2,balanced_permutation_b,balanced,2,0.31340039778945983,0.25,0.6340039778945984,64,64,16,0.0075725152580603606,0.024847948202861066,0.023596457885075847,0.023596457885075854,0.06889534806722275,2.228247596036204,0.09249180595229861,0.12113505529125114,0.7440467493571776,8,0.24999999999999994,7.687927792433292
s7219_r8_n750_a125,confirmatory,7219,8,0.75,0.125,joint_forward_feedback,balanced_permutation_b_k4,balanced_permutation_b,balanced,4,0.5634003977894598,0.5,0.6340039778945984,64,64,32,0.013295464175914332,0.04236601831780333,0.04155318601066846,0.04155318601066845,0.12667205880185306,4.0950590676699665,0.16822524481252152,0.12113505529125114,0.7440467493571776,8,0.4999999999999999,7.687927792433292
s7219_r8_n750_a125,confirmatory,7219,8,0.75,0.125,joint_forward_feedback,balanced_permutation_b_k8,balanced_permutation_b,balanced,8,1.06340039778946,1.0,0.6340039778945984,64,64,64,0.022993059460801588,0.07207729755669405,0.07198509380208833,0.07198509380208833,0.22476223431377515,7.264376591842893,0.29674732811586346,0.12113505529125114,0.7440467493571776,8,0.9999999999999999,7.687927792433292
s7219_r8_n750_a125,confirmatory,7219,8,0.75,0.125,joint_forward_feedback,comb_contiguous_k1,comb_contiguous,comb,1,0.225,0.125,1.0,64,64,8,0.006183213383797826,0.018458843615861004,0.019461749088597397,0.019461749088597383,0.04639552722899645,1.5041186204164838,0.06585727631759383,0.15578494546132177,0.7440467493571776,8,0.12499999999999994,7.465681100726292
s7219_r8_n750_a125,confirmatory,7219,8,0.75,0.125,joint_forward_feedback,comb_contiguous_k2,comb_contiguous,comb,2,0.35,0.25,1.0,64,64,16,0.01078632783392679,0.030098669773297483,0.03422290146359129,0.03422290146359129,0.09066801981816355,2.935599535644825,0.12489092128175484,0.15578494546132177,0.7440467493571776,8,0.24999999999999992,7.465681100726292
s7219_r8_n750_a125,confirmatory,7219,8,0.75,0.125,joint_forward_feedback,comb_contiguous_k4,comb_contiguous,comb,4,0.6,0.5,1.0,64,64,32,0.018067320820621166,0.047808096570442805,0.05771812485111939,0.057718124851119386,0.16593114838138362,5.367514873055395,0.223649273232503,0.15578494546132177,0.7440467493571776,8,0.4999999999999999,7.465681100726292
s7219_r8_n750_a125,confirmatory,7219,8,0.75,0.125,joint_forward_feedback,comb_contiguous_k8,comb_contiguous,comb,8,1.1,1.0,1.0,64,64,64,0.02735198515132722,0.06994235228984685,0.08779041586898766,0.08779041586898766,0.2658798069461277,8.595944238145073,0.35367022281511534,0.15578494546132177,0.7440467493571776,8,0.9999999999999999,7.465681100726292
s7219_r8_n750_a375,confirmatory,7219,8,0.75,0.375,feedback_only,balanced_contiguous_k1,balanced_contiguous,balanced,1,0.1737418407321983,0.125,0.487418407321983,64,64,8,0.005114382003970183,0.010512586025032623,0.017025069860448997,0.017025069860448994,0.04992721315785337,1.6146958909117568,0.06695228301830236,0.2059078274295409,0.7052879834357778,8,0.12499999999999993,8.000000000000002
s7219_r8_n750_a375,confirmatory,7219,8,0.75,0.375,feedback_only,balanced_contiguous_k2,balanced_contiguous,balanced,2,0.2987418407321983,0.25,0.487418407321983,64,64,16,0.011743745560797034,0.026153933880585678,0.038516893032383454,0.038516893032383454,0.09922391345811737,3.2136821236921396,0.13774080649050083,0.2059078274295409,0.7052879834357778,8,0.24999999999999992,8.000000000000002
s7219_r8_n750_a375,confirmatory,7219,8,0.75,0.375,feedback_only,balanced_contiguous_k4,balanced_contiguous,balanced,4,0.5487418407321983,0.5,0.487418407321983,64,64,32,0.020087763420970014,0.040878069113238304,0.06700332100149313,0.06700332100149314,0.19968219683450247,6.456833619705573,0.2666855178359956,0.2059078274295409,0.7052879834357778,8,0.4999999999999998,8.000000000000002
s7219_r8_n750_a375,confirmatory,7219,8,0.75,0.375,feedback_only,balanced_contiguous_k8,balanced_contiguous,balanced,8,1.0487418407321982,1.0,0.487418407321983,64,64,64,0.03612662676026655,0.06880930296946713,0.12221158821884386,0.12221158821884386,0.40486626168760304,13.077931962222141,0.5270778499064469,0.2059078274295409,0.7052879834357778,8,0.9999999999999998,8.000000000000002
s7219_r8_n750_a375,confirmatory,7219,8,0.75,0.375,feedback_only,balanced_interleaved_k1,balanced_interleaved,balanced,1,0.19088469787505546,0.125,0.6588469787505544,64,64,8,0.005114382003970183,0.010512586025032623,0.017025069860448997,0.017025069860448994,0.04992721315785337,1.6146958909117568,0.06695228301830236,0.2059078274295409,0.7052879834357778,8,0.12499999999999993,8.000000000000002
s7219_r8_n750_a375,confirmatory,7219,8,0.75,0.375,feedback_only,balanced_interleaved_k2,balanced_interleaved,balanced,2,0.31588469787505546,0.25,0.6588469787505544,64,64,16,0.009890586093142025,0.019681228097050942,0.03314216453257631,0.03314216453257631,0.10237886472906864,3.3092658358627727,0.13552102926164494,0.2059078274295409,0.7052879834357778,8,0.24999999999999994,8.000000000000002
s7219_r8_n750_a375,confirmatory,7219,8,0.75,0.375,feedback_only,balanced_interleaved_k4,balanced_interleaved,balanced,4,0.5658846978750555,0.5,0.6588469787505544,64,64,32,0.018788670861424682,0.03698519100214899,0.06310236164779492,0.0631023616477949,0.19833069988874064,6.409684758087495,0.26143306153653556,0.2059078274295409,0.7052879834357778,8,0.4999999999999998,8.000000000000002
s7219_r8_n750_a375,confirmatory,7219,8,0.75,0.375,feedback_only,balanced_interleaved_k8,balanced_interleaved,balanced,8,1.0658846978750554,1.0,0.6588469787505544,64,64,64,0.03612662676026655,0.06880930296946713,0.12221158821884386,0.12221158821884386,0.40486626168760304,13.077931962222141,0.5270778499064469,0.2059078274295409,0.7052879834357778,8,0.9999999999999998,8.000000000000002
s7219_r8_n750_a375,confirmatory,7219,8,0.75,0.375,feedback_only,balanced_permutation_a_k1,balanced_permutation_a,balanced,1,0.18899250811836066,0.125,0.6399250811836067,64,64,8,0.005114382003970183,0.010512586025032623,0.017025069860448997,0.017025069860448994,0.04992721315785337,1.6146958909117568,0.06695228301830236,0.2059078274295409,0.7052879834357778,8,0.12499999999999993,8.000000000000002
s7219_r8_n750_a375,confirmatory,7219,8,0.75,0.375,feedback_only,balanced_permutation_a_k2,balanced_permutation_a,balanced,2,0.31399250811836066,0.25,0.6399250811836067,64,64,16,0.007821725730148811,0.013881924598490206,0.02691334405972327,0.026913344059723274,0.09978845856699875,3.2201440182036833,0.12670180262672204,0.2059078274295409,0.7052879834357778,8,0.24999999999999994,8.000000000000002
s7219_r8_n750_a375,confirmatory,7219,8,0.75,0.375,feedback_only,balanced_permutation_a_k4,balanced_permutation_a,balanced,4,0.5639925081183607,0.5,0.6399250811836067,64,64,32,0.018383500628183946,0.03536736981246425,0.06204972753926855,0.062049727539268545,0.20229712399225094,6.535557695291299,0.2643468515315195,0.2059078274295409,0.7052879834357778,8,0.4999999999999998,8.000000000000002
s7219_r8_n750_a375,confirmatory,7219,8,0.75,0.375,feedback_only,balanced_permutation_a_k8,balanced_permutation_a,balanced,8,1.0639925081183608,1.0,0.6399250811836067,64,64,64,0.03612662676026655,0.06880930296946713,0.12221158821884386,0.12221158821884386,0.40486626168760304,13.077931962222141,0.5270778499064469,0.2059078274295409,0.7052879834357778,8,0.9999999999999998,8.000000000000002
s7219_r8_n750_a375,confirmatory,7219,8,0.75,0.375,feedback_only,balanced_permutation_b_k1,balanced_permutation_b,balanced,1,0.18840039778945986,0.125,0.6340039778945984,64,64,8,0.005114382003970183,0.010512586025032623,0.017025069860448997,0.017025069860448994,0.04992721315785337,1.6146958909117568,0.06695228301830236,0.2059078274295409,0.7052879834357778,8,0.12499999999999993,8.000000000000002
s7219_r8_n750_a375,confirmatory,7219,8,0.75,0.375,feedback_only,balanced_permutation_b_k2,balanced_permutation_b,balanced,2,0.31340039778945983,0.25,0.6340039778945984,64,64,16,0.009118557976640629,0.017759133865949704,0.03069528415936257,0.03069528415936256,0.09813521322282301,3.1710221072896987,0.12883049738218558,0.2059078274295409,0.7052879834357778,8,0.24999999999999997,8.000000000000002
s7219_r8_n750_a375,confirmatory,7219,8,0.75,0.375,feedback_only,balanced_permutation_b_k4,balanced_permutation_b,balanced,4,0.5634003977894598,0.5,0.6340039778945984,64,64,32,0.01798567031529853,0.03414427198580308,0.06088841561599011,0.060888415615990066,0.20277424943764957,6.549664397620776,0.26366266505363967,0.2059078274295409,0.7052879834357778,8,0.4999999999999998,8.000000000000002
s7219_r8_n750_a375,confirmatory,7219,8,0.75,0.375,feedback_only,balanced_permutation_b_k8,balanced_permutation_b,balanced,8,1.06340039778946,1.0,0.6340039778945984,64,64,64,0.03612662676026655,0.06880930296946713,0.12221158821884386,0.12221158821884386,0.40486626168760304,13.077931962222141,0.5270778499064469,0.2059078274295409,0.7052879834357778,8,0.9999999999999998,8.000000000000002
s7219_r8_n750_a375,confirmatory,7219,8,0.75,0.375,feedback_only,comb_contiguous_k1,comb_contiguous,comb,1,0.225,0.125,1.0,64,64,8,0.005114382003970183,0.010512586025032623,0.017025069860448997,0.017025069860448994,0.04992721315785337,1.6146958909117568,0.06695228301830236,0.2059078274295409,0.7052879834357778,8,0.12499999999999993,8.000000000000002
s7219_r8_n750_a375,confirmatory,7219,8,0.75,0.375,feedback_only,comb_contiguous_k2,comb_contiguous,comb,2,0.35,0.25,1.0,64,64,16,0.009946234196791283,0.019764502311247958,0.033338314355271,0.033338314355271,0.103213834823433,3.336181028705127,0.136552149178704,0.2059078274295409,0.7052879834357778,8,0.2499999999999999,8.000000000000002
s7219_r8_n750_a375,confirmatory,7219,8,0.75,0.375,feedback_only,comb_contiguous_k4,comb_contiguous,comb,4,0.6,0.5,1.0,64,64,32,0.0186461861554497,0.03593953292336672,0.06291048147129467,0.06291048147129466,0.20449526589170872,6.606758990005973,0.2674057473630034,0.2059078274295409,0.7052879834357778,8,0.4999999999999999,8.000000000000002
s7219_r8_n750_a375,confirmatory,7219,8,0.75,0.375,feedback_only,comb_contiguous_k8,comb_contiguous,comb,8,1.1,1.0,1.0,64,64,64,0.03612662676026655,0.06880930296946713,0.12221158821884386,0.12221158821884386,0.40486626168760304,13.077931962222141,0.5270778499064469,0.2059078274295409,0.7052879834357778,8,0.9999999999999998,8.000000000000002
s7219_r8_n750_a375,confirmatory,7219,8,0.75,0.375,joint_forward_feedback,balanced_contiguous_k1,balanced_contiguous,balanced,1,0.1737418407321983,0.125,0.487418407321983,64,64,8,0.002920636633088517,0.012065289555314723,0.008921962134543032,0.008921962134543035,0.026164280612583572,0.8461789417372173,0.03508624274712661,0.09401911157112802,0.7052879834357778,8,0.12499999999999993,7.381637010543861
s7219_r8_n750_a375,confirmatory,7219,8,0.75,0.375,joint_forward_feedback,balanced_contiguous_k2,balanced_contiguous,balanced,2,0.2987418407321983,0.25,0.487418407321983,64,64,16,0.006624589117597483,0.029898661566771238,0.020111054849135498,0.020111054849135508,0.05182917398949503,1.6786446225129763,0.07194022883863053,0.09401911157112802,0.7052879834357778,8,0.24999999999999992,7.381637010543861
s7219_r8_n750_a375,confirmatory,7219,8,0.75,0.375,joint_forward_feedback,balanced_contiguous_k4,balanced_contiguous,balanced,4,0.5487418407321983,0.5,0.487418407321983,64,64,32,0.011094792572427892,0.04550028320719776,0.03391082437299614,0.033910824372996175,0.10049449485247175,3.249734659652092,0.13440531922546792,0.09401911157112802,0.7052879834357778,8,0.4999999999999998,7.381637010543861
s7219_r8_n750_a375,confirmatory,7219,8,0.75,0.375,joint_forward_feedback,balanced_contiguous_k8,balanced_contiguous,balanced,8,1.0487418407321982,1.0,0.487418407321983,64,64,64,0.016061107158091732,0.06243880251525857,0.04929408079439118,0.04929408079439118,0.1576670750168319,5.094640481333012,0.20696115581122307,0.09401911157112802,0.7052879834357778,8,0.9999999999999998,7.381637010543861
s7219_r8_n750_a375,confirmatory,7219,8,0.75,0.375,joint_forward_feedback,balanced_interleaved_k1,balanced_interleaved,balanced,1,0.19088469787505546,0.125,0.6588469787505544,64,64,8,0.003407841316754657,0.011572277056810609,0.010583643035688296,0.010583643035688282,0.03103727656689357,1.0037764931762825,0.04162091960258185,0.1162812996559795,0.7052879834357778,8,0.12499999999999993,7.88364459878362
s7219_r8_n750_a375,confirmatory,7219,8,0.75,0.375,joint_forward_feedback,balanced_interleaved_k2,balanced_interleaved,balanced,2,0.31588469787505546,0.25,0.6588469787505544,64,64,16,0.006586198485161603,0.021586951893458283,0.020525357274677778,0.020525357274677768,0.06339170159771945,2.0490598084017004,0.08391705887239723,0.1162812996559795,0.7052879834357778,8,0.24999999999999994,7.88364459878362
s7219_r8_n750_a375,confirmatory,7219,8,0.75,0.375,joint_forward_feedback,balanced_interleaved_k4,balanced_interleaved,balanced,4,0.5658846978750555,0.5,0.6588469787505544,64,64,32,0.012317877926917842,0.039901610654531405,0.038433060946312714,0.038433060946312686,0.12074369511701938,3.902231304690933,0.15917675606333206,0.1162812996559795,0.7052879834357778,8,0.4999999999999998,7.88364459878362
s7219_r8_n750_a375,confirmatory,7219,8,0.75,0.375,joint_forward_feedback,balanced_interleaved_k8,balanced_interleaved,balanced,8,1.0658846978750554,1.0,0.6588469787505544,64,64,64,0.021292286874996815,0.06679527619490527,0.06665520532309058,0.06665520532309058,0.21935565101903315,7.086036037932152,0.28601085634212375,0.1162812996559795,0.7052879834357778,8,0.9999999999999998,7.88364459878362
s7219_r8_n750_a375,confirmatory,7219,8,0.75,0.375,joint_forward_feedback,balanced_permutation_a_k1,balanced_permutation_a,balanced,1,0.18899250811836066,0.125,0.6399250811836067,64,64,8,0.003212673869974356,0.010783543912304936,0.009988648658659333,0.009988648658659331,0.03057262005503557,0.9883124904197976,0.040561268713694906,0.11405397800928793,0.7052879834357778,8,0.12499999999999993,7.645153048914712
s7219_r8_n750_a375,confirmatory,7219,8,0.75,0.375,joint_forward_feedback,balanced_permutation_a_k2,balanced_permutation_a,balanced,2,0.31399250811836066,0.25,0.6399250811836067,64,64,16,0.00510420312545615,0.014742526169071237,0.016127083954043546,0.016127083954043546,0.06121205867615183,1.974912961590902,0.07733914263019537,0.11405397800928793,0.7052879834357778,8,0.24999999999999994,7.645153048914712
s7219_r8_n750_a375,confirmatory,7219,8,0.75,0.375,joint_forward_feedback,balanced_permutation_a_k4,balanced_permutation_a,balanced,4,0.5639925081183607,0.5,0.6399250811836067,64,64,32,0.011681642363006742,0.03700711096387248,0.036531555812890894,0.0365315558128909,0.12156074553444937,3.926475412915271,0.15809230134734026,0.11405397800928793,0.7052879834357778,8,0.4999999999999998,7.645153048914712
s7219_r8_n750_a375,confirmatory,7219,8,0.75,0.375,joint_forward_feedback,balanced_permutation_a_k8,balanced_permutation_a,balanced,8,1.0639925081183608,1.0,0.6399250811836067,64,64,64,0.02029726323454279,0.06347536786668916,0.06356132868823429,0.06356132868823429,0.21546184539209978,6.958340381235427,0.27902317408033406,0.11405397800928793,0.7052879834357778,8,0.9999999999999998,7.645153048914712
s7219_r8_n750_a375,confirmatory,7219,8,0.75,0.375,joint_forward_feedback,balanced_permutation_b_k1,balanced_permutation_b,balanced,1,0.18840039778945986,0.125,0.6340039778945984,64,64,8,0.003379660163607516,0.011132444162768372,0.01052722669530712,0.010527226695307122,0.031028659992120677,1.0034443464431688,0.041555886687427795,0.11977739840704292,0.7052879834357778,8,0.12499999999999993,7.687927792433292
s7219_r8_n750_a375,confirmatory,7219,8,0.75,0.375,joint_forward_feedback,balanced_permutation_b_k2,balanced_permutation_b,balanced,2,0.31340039778945983,0.25,0.6340039778945984,64,64,16,0.005933185848112146,0.01839666591069098,0.01859689938808321,0.018596899388083205,0.05987914242782226,1.9347294570783955,0.07847604181590546,0.11977739840704292,0.7052879834357778,8,0.24999999999999997,7.687927792433292
s7219_r8_n750_a375,confirmatory,7219,8,0.75,0.375,joint_forward_feedback,balanced_permutation_b_k4,balanced_permutation_b,balanced,4,0.5634003977894598,0.5,0.6340039778945984,64,64,32,0.011473587709532159,0.034609226312816516,0.036071243563746413,0.03607124356374641,0.12086580024315723,3.9037768513447775,0.15693704380690363,0.11977739840704292,0.7052879834357778,8,0.4999999999999998,7.687927792433292
s7219_r8_n750_a375,confirmatory,7219,8,0.75,0.375,joint_forward_feedback,balanced_permutation_b_k8,balanced_permutation_b,balanced,8,1.06340039778946,1.0,0.6340039778945984,64,64,64,0.020577689709950674,0.06246675229404142,0.06464753946069907,0.06464753946069907,0.21463912622164,6.933099578553179,0.27928666568233906,0.11977739840704292,0.7052879834357778,8,0.9999999999999998,7.687927792433292
s7219_r8_n750_a375,confirmatory,7219,8,0.75,0.375,joint_forward_feedback,comb_contiguous_k1,comb_contiguous,comb,1,0.225,0.125,1.0,64,64,8,0.0036944256460446057,0.010632728857294849,0.011677726843880576,0.011677726843880588,0.03362145603807704,1.087564320062346,0.04529918288195763,0.14156357502558464,0.7052879834357778,8,0.12499999999999993,7.465681100726292
s7219_r8_n750_a375,confirmatory,7219,8,0.75,0.375,joint_forward_feedback,comb_contiguous_k2,comb_contiguous,comb,2,0.35,0.25,1.0,64,64,16,0.007636657925110718,0.02090817090005246,0.024287703266588676,0.024287703266588682,0.07536184582798526,2.435866769762117,0.09964954909457394,0.14156357502558464,0.7052879834357778,8,0.2499999999999999,7.465681100726292
s7219_r8_n750_a375,confirmatory,7219,8,0.75,0.375,joint_forward_feedback,comb_contiguous_k4,comb_contiguous,comb,4,0.6,0.5,1.0,64,64,32,0.014241157125147062,0.037569952459230664,0.04551346331340686,0.04551346331340687,0.14922763062253208,4.8207976432344335,0.19474109393593894,0.14156357502558464,0.7052879834357778,8,0.4999999999999999,7.465681100726292
s7219_r8_n750_a375,confirmatory,7219,8,0.75,0.375,joint_forward_feedback,comb_contiguous_k8,comb_contiguous,comb,8,1.1,1.0,1.0,64,64,64,0.023914016481028255,0.06299944481487968,0.07644153986159684,0.07644153986159684,0.2511559869846026,8.11343312336888,0.32759752684619947,0.14156357502558464,0.7052879834357778,8,0.9999999999999998,7.465681100726292
