hierarchy,cohort,run_dir,config_index,seed,regime,architecture,credit,depth,branch_factors,total_parameters,trainable_parameters,active_synapses,candidate_synapse_slots,persistent_state_scalars,config_sha256,final_sha256,fallback_mentions,nonfinite_alert,train_accuracy,valid_accuracy,test_accuracy,train_auc,valid_auc,test_auc,train_categorical_loglikelihood,valid_categorical_loglikelihood,test_categorical_loglikelihood,mechanism,method,transport,signal_delta,train_gain_sigma,test_gain_sigma,source,reference_depth
3,journal_remaining_h3_aligned_grouped_point_bp,remaining_physical_experiment_runs/journal_remaining_h3_aligned_grouped_point_bp_20260813080203,0,10200,aligned,grouped_point,full_bp,1,8,66178,66178,14336,21760,2944,5e16da5ba8cc383015e1938d38cedbee41111c029b5c328335d043564cfb9c41,be631080e2ecde6cee430f93e1f2e540f164ae0352e165967a4f0e09963e9803,0,False,0.6101999878883362,0.6097999811172485,0.6062999963760376,0.6601700782775879,0.6585880517959595,0.6502136588096619,-0.652158260345459,-0.6526408195495605,-0.6570590734481812,,,,,,,,
3,journal_remaining_h3_aligned_grouped_point_bp,remaining_physical_experiment_runs/journal_remaining_h3_aligned_grouped_point_bp_20260813080203,1,10201,aligned,grouped_point,full_bp,1,8,66178,66178,14336,21760,2944,8c72d18601bb136a7bcdeba0656ea47ef5e6c77c2ab64d71ffd10b806b97286e,5546cb297550dd724a57adcd5891f3d88b2dd5689b38302ee0035b2c8a5a2c1d,0,False,0.6212999820709229,0.6108999848365784,0.6133999824523926,0.6719737648963928,0.6546404957771301,0.654876172542572,-0.64574134349823,-0.6555238366127014,-0.6556094288825989,,,,,,,,
3,journal_remaining_h3_aligned_grouped_point_bp,remaining_physical_experiment_runs/journal_remaining_h3_aligned_grouped_point_bp_20260813080203,2,10202,aligned,grouped_point,full_bp,1,8,66178,66178,14336,21760,2944,de8627551a0f56763b0fefaaaa8049be03283479df112a737c74962cfa44954d,39f4dec197d3601e7cfb1678ff5acef087f14c071d125137449ddb09015921c9,0,False,0.6129999756813049,0.6119999885559082,0.6150000095367432,0.6602505445480347,0.6539646983146667,0.6554334759712219,-0.651961624622345,-0.6557343602180481,-0.6556159853935242,,,,,,,,
3,journal_remaining_h3_aligned_grouped_point_bp,remaining_physical_experiment_runs/journal_remaining_h3_aligned_grouped_point_bp_20260813080203,3,10203,aligned,grouped_point,full_bp,1,8,66178,66178,14336,21760,2944,ae06b6ff6707c811c5e443611b92ac9e2cd0155219d0b4fca272552ad07be053,9b0ba579003b93acc68260b4201e85e9be18efecae7355967d0174acd4e6671a,0,False,0.6215999722480774,0.6139000058174133,0.6105999946594238,0.665164053440094,0.6597496271133423,0.6515676975250244,-0.6499782800674438,-0.6535024046897888,-0.6569262742996216,,,,,,,,
3,journal_remaining_h3_aligned_grouped_point_bp,remaining_physical_experiment_runs/journal_remaining_h3_aligned_grouped_point_bp_20260813080203,4,10204,aligned,grouped_point,full_bp,1,8,66178,66178,14336,21760,2944,394cf1b665445873ad66e21888fa150dc64f62f1ed47e90d886cd7d20514de27,3176b37cb84cf226cf0cc7d4c72ba712f5b0b561fdea7c48038f1e7d0a89e773,0,False,0.6256999969482422,0.6114999651908875,0.6008999943733215,0.669594943523407,0.6536791324615479,0.6442314982414246,-0.6484502553939819,-0.6558992266654968,-0.660352885723114,,,,,,,,
3,journal_remaining_h3_aligned_grouped_point_bp,remaining_physical_experiment_runs/journal_remaining_h3_aligned_grouped_point_bp_20260813080203,5,10205,aligned,grouped_point,full_bp,1,8,66178,66178,14336,21760,2944,46e973bd5a2b9411161e8367893155be40e7e383e789947e5c190a8c38ed7e86,33181d88c2758bdd895adc5b7cb451a60b4a90028e1312e1cd34c241e06278ef,0,False,0.6123999953269958,0.5989999771118164,0.6089999675750732,0.6593645811080933,0.6432517766952515,0.6544353365898132,-0.6528986692428589,-0.6603774428367615,-0.6555069088935852,,,,,,,,
3,journal_remaining_h3_aligned_grouped_point_bp,remaining_physical_experiment_runs/journal_remaining_h3_aligned_grouped_point_bp_20260813080203,6,10206,aligned,grouped_point,full_bp,1,8,66178,66178,14336,21760,2944,c0a77feda0cf6e30a7364d7250d0ad55f4d6fb4cf341bdad0cd62a3258a17c79,8182d4c042a1e5df6e2cc188c48d3d34f3dbaee707abce57599426b852dca385,0,False,0.6103000044822693,0.6100999712944031,0.609499990940094,0.6567865610122681,0.6517608761787415,0.6537938117980957,-0.6534560322761536,-0.6565167307853699,-0.6552602648735046,,,,,,,,
3,journal_remaining_h3_aligned_grouped_point_bp,remaining_physical_experiment_runs/journal_remaining_h3_aligned_grouped_point_bp_20260813080203,7,10207,aligned,grouped_point,full_bp,1,8,66178,66178,14336,21760,2944,c67dd05574424b04e69b505db7d48df63e6ee7f92ae6c420584545caa5599885,695530838e651e35543a9d42cd8300289a180939dc18844eeb46c299204f1886,0,False,0.6193000078201294,0.6154999732971191,0.6083999872207642,0.6614623069763184,0.6596507430076599,0.6486987471580505,-0.6515102982521057,-0.6520617604255676,-0.6587837934494019,,,,,,,,
3,journal_remaining_h3_aligned_grouped_point_bp,remaining_physical_experiment_runs/journal_remaining_h3_aligned_grouped_point_bp_20260813080203,8,10208,aligned,grouped_point,full_bp,1,8,66178,66178,14336,21760,2944,6842f4202cc371b30fcbdf8fa783a5fd9ce0bbc95f12fded6e0d81dfe3fff19a,294964606b2a308004560b9e468f6bafbfee82816ae1e0a4f60d0f38b8baa5da,0,False,0.6171999573707581,0.6103999614715576,0.6154999732971191,0.6649444103240967,0.6490439176559448,0.654493510723114,-0.649599015712738,-0.6589421033859253,-0.655584454536438,,,,,,,,
3,journal_remaining_h3_aligned_grouped_point_bp,remaining_physical_experiment_runs/journal_remaining_h3_aligned_grouped_point_bp_20260813080203,9,10209,aligned,grouped_point,full_bp,1,8,66178,66178,14336,21760,2944,1b39276160aeb18693f0043eecf05ee4ffe3efb0e38f20c87d59543cc0e43c1c,fda28b4d3eab62dc0f5108b3e24b9ebcae580912272357b42ee796b307d141e0,0,False,0.6168999671936035,0.6110000014305115,0.6068999767303467,0.6566213369369507,0.6521898508071899,0.651107907295227,-0.6547210812568665,-0.6563470363616943,-0.6565092206001282,,,,,,,,
3,journal_remaining_h3_aligned_grouped_point_bp,remaining_physical_experiment_runs/journal_remaining_h3_aligned_grouped_point_bp_20260813080203,10,10200,aligned,grouped_point,full_bp,2,2x3,66178,66178,14336,21760,2944,00dca9724b3def8e241700d864e53e8f099142d6e222aa226ab4c3f4f9d33684,4f6d5f3fd71703682558285085aabb7c43f10edec03ce9800d529396165c75b5,0,False,0.6083999872207642,0.6114000082015991,0.6069999933242798,0.6585025787353516,0.6577070951461792,0.6494894623756409,-0.6529671549797058,-0.6531002521514893,-0.6574288606643677,,,,,,,,
3,journal_remaining_h3_aligned_grouped_point_bp,remaining_physical_experiment_runs/journal_remaining_h3_aligned_grouped_point_bp_20260813080203,11,10201,aligned,grouped_point,full_bp,2,2x3,66178,66178,14336,21760,2944,b8eb013f898c1bcf622b914b0ff8136ab9d4574300f2167e08b2fa09a7ad6220,4fa2e3aa68d45f58d3b4b5fbc1db7e410a248219a763a4dc7a94b43c3f1f4b8f,0,False,0.6218000054359436,0.6114999651908875,0.6128000020980835,0.6719698905944824,0.6544480919837952,0.6548610925674438,-0.6457231640815735,-0.6555562019348145,-0.6555650234222412,,,,,,,,
3,journal_remaining_h3_aligned_grouped_point_bp,remaining_physical_experiment_runs/journal_remaining_h3_aligned_grouped_point_bp_20260813080203,12,10202,aligned,grouped_point,full_bp,2,2x3,66178,66178,14336,21760,2944,665e674499121f9d51d711ed152b95597600a7586ecbe6b4b606284df2884e69,d00365f14becdfbc0178b6361763973d77de5698f1a757a41ccc55a437bb245c,0,False,0.613599956035614,0.611299991607666,0.6154999732971191,0.6602767109870911,0.653885006904602,0.6556465029716492,-0.6519486308097839,-0.6557484269142151,-0.6555057764053345,,,,,,,,
3,journal_remaining_h3_aligned_grouped_point_bp,remaining_physical_experiment_runs/journal_remaining_h3_aligned_grouped_point_bp_20260813080203,13,10203,aligned,grouped_point,full_bp,2,2x3,66178,66178,14336,21760,2944,a31c60201eecaf43db69efe49b34122fbe9a86d674271437bbd20e2a288928bc,7886e9714b8537b8204d789b1a98d42f73a558dc733ae3801865404352b1ae38,0,False,0.6214999556541443,0.6137999892234802,0.6111999750137329,0.6650845408439636,0.6596428751945496,0.6515010595321655,-0.6500314474105835,-0.6535196900367737,-0.6569852232933044,,,,,,,,
3,journal_remaining_h3_aligned_grouped_point_bp,remaining_physical_experiment_runs/journal_remaining_h3_aligned_grouped_point_bp_20260813080203,14,10204,aligned,grouped_point,full_bp,2,2x3,66178,66178,14336,21760,2944,966b82bff71f7d8f265acd8a744df6a5070b20406ec49a59a269a970a9132f23,c4147f9b724ab2a588296c71ae5b2b1f374922646184d1cfe931d53678c90722,0,False,0.6244999766349792,0.6121999621391296,0.6008999943733215,0.6696667075157166,0.6538694500923157,0.6443088054656982,-0.6484305262565613,-0.655827522277832,-0.660304069519043,,,,,,,,
3,journal_remaining_h3_aligned_grouped_point_bp,remaining_physical_experiment_runs/journal_remaining_h3_aligned_grouped_point_bp_20260813080203,15,10205,aligned,grouped_point,full_bp,2,2x3,66178,66178,14336,21760,2944,0b064103cd6bb75444dad6e0bcec9cad0b583ed97b96e9f3a9f65bfc3f184701,6667ba71c57fa5a305be9d1e903366bc08a33bbcdec0e1468c5811c84baf2729,0,False,0.613599956035614,0.6022999882698059,0.6100999712944031,0.6621218323707581,0.6447897553443909,0.6558404564857483,-0.6513317227363586,-0.6598753929138184,-0.6548357605934143,,,,,,,,
3,journal_remaining_h3_aligned_grouped_point_bp,remaining_physical_experiment_runs/journal_remaining_h3_aligned_grouped_point_bp_20260813080203,16,10206,aligned,grouped_point,full_bp,2,2x3,66178,66178,14336,21760,2944,e81f3e5772bb7212c86b8f64fa96c5cee8fb093ac2ec7110fee4dd03ca7f5ed6,3a5decb1a16f327697183ebca3c68bf1efc05b618580c23fe735d6eec88ba78d,0,False,0.6093999743461609,0.6100999712944031,0.6100000143051147,0.6568532586097717,0.6518020033836365,0.653927743434906,-0.6534407138824463,-0.6564511656761169,-0.6552197337150574,,,,,,,,
3,journal_remaining_h3_aligned_grouped_point_bp,remaining_physical_experiment_runs/journal_remaining_h3_aligned_grouped_point_bp_20260813080203,17,10207,aligned,grouped_point,full_bp,2,2x3,66178,66178,14336,21760,2944,e88db7d28c087721e5799ddd90a2fc2eb46b384c4dcdc2871355e7f36e2c8164,c6332e63073076bd112c72c048e6e1d7fd8eb58ceea5413edcfc1394a580ed28,0,False,0.6195999979972839,0.6162999868392944,0.608299970626831,0.661596417427063,0.659610390663147,0.6489324569702148,-0.6514933705329895,-0.6520086526870728,-0.6587536334991455,,,,,,,,
3,journal_remaining_h3_aligned_grouped_point_bp,remaining_physical_experiment_runs/journal_remaining_h3_aligned_grouped_point_bp_20260813080203,18,10208,aligned,grouped_point,full_bp,2,2x3,66178,66178,14336,21760,2944,b8ab1f8308bc04ba434b85e2fc25980de98885dc714c12e89ff69ce95e677241,47414e38cac8e3d331c27096faad823d0acebe5e0d4b64844fbdb41f572c5dcf,0,False,0.6172999739646912,0.611299991607666,0.6166999936103821,0.6662853360176086,0.6500586867332458,0.6567824482917786,-0.6488348841667175,-0.6587534546852112,-0.6546580195426941,,,,,,,,
3,journal_remaining_h3_aligned_grouped_point_bp,remaining_physical_experiment_runs/journal_remaining_h3_aligned_grouped_point_bp_20260813080203,19,10209,aligned,grouped_point,full_bp,2,2x3,66178,66178,14336,21760,2944,c7685a67916d4eeb576646f29e0213fa1ba62e77820df158b49a977d545befd2,a19b3c748e55859aa5fd276d5aa493e2b1949474a96ef5fc7152305c92111e92,0,False,0.6169999837875366,0.611799955368042,0.6071000099182129,0.6566082835197449,0.6522088050842285,0.6512258648872375,-0.654735267162323,-0.6563752889633179,-0.6564369797706604,,,,,,,,
3,journal_remaining_h3_aligned_grouped_point_bp,remaining_physical_experiment_runs/journal_remaining_h3_aligned_grouped_point_bp_20260813080203,20,10200,aligned,grouped_point,full_bp,3,2x1x2,66178,66178,14336,21760,2944,4fddc82fb5a88f2deb2f683756724cbc9a96c75b437ddb51a8bc9c5184865793,e8ebe0e7d72afbe29e40b684b89a3642bb1a43d57bee137f428966b9dde331e0,0,False,0.6108999848365784,0.6100000143051147,0.6065999865531921,0.660187304019928,0.6585016250610352,0.6500722169876099,-0.6521539092063904,-0.6526001691818237,-0.6570876836776733,,,,,,,,
3,journal_remaining_h3_aligned_grouped_point_bp,remaining_physical_experiment_runs/journal_remaining_h3_aligned_grouped_point_bp_20260813080203,21,10201,aligned,grouped_point,full_bp,3,2x1x2,66178,66178,14336,21760,2944,ebdb1a4f7ab1df64d572d34ac790d3e05623c3bba6e5249f38ffe2cff8485267,ab91f612645df2436f9c78b54aeb8a6177a4588614b170bca0f8642fe8ad3ed2,0,False,0.621999979019165,0.6108999848365784,0.6129999756813049,0.6720271110534668,0.6543716192245483,0.654801070690155,-0.6457122564315796,-0.6556288003921509,-0.6556262373924255,,,,,,,,
3,journal_remaining_h3_aligned_grouped_point_bp,remaining_physical_experiment_runs/journal_remaining_h3_aligned_grouped_point_bp_20260813080203,22,10202,aligned,grouped_point,full_bp,3,2x1x2,66178,66178,14336,21760,2944,9328bcd85ed74dcd0d8106d6bbc3a6a72e7def845eb8faba66c9d20b53f97eeb,0644f223f8efaf1d54cdbdbf8d1a4412cb571ceee41428e910d55a09e04226e2,0,False,0.6152999997138977,0.6119999885559082,0.6157999634742737,0.661765456199646,0.6539826989173889,0.6549419164657593,-0.6509786248207092,-0.6556277871131897,-0.6557331681251526,,,,,,,,
3,journal_remaining_h3_aligned_grouped_point_bp,remaining_physical_experiment_runs/journal_remaining_h3_aligned_grouped_point_bp_20260813080203,23,10203,aligned,grouped_point,full_bp,3,2x1x2,66178,66178,14336,21760,2944,a30b1e8f3aec87d573238016f69cf929bf1a3f899bd6fc982c664fc1139ec761,ecfed550a5fc2a463273e299cda990f2e2c8e1d24c1e3909486f86a50ecafe4d,0,False,0.6207999587059021,0.6141999959945679,0.6111999750137329,0.6650955080986023,0.6595869064331055,0.6513434648513794,-0.6499841809272766,-0.6535236239433289,-0.6570565700531006,,,,,,,,
3,journal_remaining_h3_aligned_grouped_point_bp,remaining_physical_experiment_runs/journal_remaining_h3_aligned_grouped_point_bp_20260813080203,24,10204,aligned,grouped_point,full_bp,3,2x1x2,66178,66178,14336,21760,2944,aa98d9a754706c1c489cf158e91897518eaf4c9a7fd2aa3a9109aeb20027cf25,7f9bc0797f987d3705c658faad981c09297576246739b46f204ef89bfee14bd9,0,False,0.6252999901771545,0.6118999719619751,0.600600004196167,0.6696422696113586,0.6537542939186096,0.6443410515785217,-0.6484341025352478,-0.6558595299720764,-0.6602892279624939,,,,,,,,
3,journal_remaining_h3_aligned_grouped_point_bp,remaining_physical_experiment_runs/journal_remaining_h3_aligned_grouped_point_bp_20260813080203,25,10205,aligned,grouped_point,full_bp,3,2x1x2,66178,66178,14336,21760,2944,65570655174e60c8ad4e7a350daad365395f7a4c7e7c2b151573f55dd25259e6,8ca17dbda625c4534209eb5bbf206faf84aa63be4817199fb0933f59c3fe5a7a,0,False,0.611299991607666,0.5999999642372131,0.6074999570846558,0.6593239307403564,0.6434109807014465,0.6544791460037231,-0.6529080867767334,-0.6603108048439026,-0.6554867625236511,,,,,,,,
3,journal_remaining_h3_aligned_grouped_point_bp,remaining_physical_experiment_runs/journal_remaining_h3_aligned_grouped_point_bp_20260813080203,26,10206,aligned,grouped_point,full_bp,3,2x1x2,66178,66178,14336,21760,2944,ac650139391ae0c61f29006905f0362c1989ddfc633f5d99dd589a5be592748e,712101ff2dc4521ddf15b6d1ad785564f5f46e3ceaaaf425238a9d69092fdbde,0,False,0.6103000044822693,0.6096000075340271,0.6100999712944031,0.6568244695663452,0.6517665386199951,0.6539650559425354,-0.6534342765808105,-0.6564639210700989,-0.6551824808120728,,,,,,,,
3,journal_remaining_h3_aligned_grouped_point_bp,remaining_physical_experiment_runs/journal_remaining_h3_aligned_grouped_point_bp_20260813080203,27,10207,aligned,grouped_point,full_bp,3,2x1x2,66178,66178,14336,21760,2944,3b0adf71d3ee78937d89866064d6eb73176d092b8e00d8b7ef65453e909e6a09,b40abde3460f355a59e75ce40ead1a5946094a3c2b0b23ae0a3ff9ed22717e04,0,False,0.6197999715805054,0.6164999604225159,0.6086999773979187,0.6615069508552551,0.6595035195350647,0.6488533616065979,-0.6515119075775146,-0.6520453691482544,-0.658775269985199,,,,,,,,
3,journal_remaining_h3_aligned_grouped_point_bp,remaining_physical_experiment_runs/journal_remaining_h3_aligned_grouped_point_bp_20260813080203,28,10208,aligned,grouped_point,full_bp,3,2x1x2,66178,66178,14336,21760,2944,26235b80ed1219ecdf88537b3ab3655851534462ed81403436a76ae7c99db3ec,afa0eea81c6332d9891845597d704b92710801181f0d5fc17fcc9010ad4d25bf,0,False,0.6133999824523926,0.6101999878883362,0.6140999794006348,0.6631181240081787,0.6479247808456421,0.6521080136299133,-0.6505951881408691,-0.6590306758880615,-0.6565146446228027,,,,,,,,
3,journal_remaining_h3_aligned_grouped_point_bp,remaining_physical_experiment_runs/journal_remaining_h3_aligned_grouped_point_bp_20260813080203,29,10209,aligned,grouped_point,full_bp,3,2x1x2,66178,66178,14336,21760,2944,c56aaaa3e5de06af94439c483801a7c7427d828b31dee4c4caeb4acef33abf34,d302ecc7aa13d65773ae309c16bf1e71b906d873385693d82a42952d140494f9,0,False,0.6171000003814697,0.6114999651908875,0.6071000099182129,0.656672477722168,0.6522243022918701,0.6511363983154297,-0.6547366976737976,-0.6563807129859924,-0.6564776301383972,,,,,,,,
3,journal_remaining_h3_rewired_tree_grouped_point_bp,remaining_physical_experiment_runs/journal_remaining_h3_rewired_tree_grouped_point_bp_20260813080205,0,10200,rewired_tree,grouped_point,full_bp,1,8,66178,66178,14336,21760,2944,e39811200bcc24bfb1708d1e815a89019a336516d36a5f185a85ea7fdff3f411,0bb560a102d16208b7fe888333fc7f9032248bde3a990ecb7b3d0ba631cb9f92,0,False,0.6134999990463257,0.6111999750137329,0.6083999872207642,0.662875771522522,0.6614176630973816,0.6525120139122009,-0.6507149934768677,-0.6511727571487427,-0.6557772159576416,,,,,,,,
3,journal_remaining_h3_rewired_tree_grouped_point_bp,remaining_physical_experiment_runs/journal_remaining_h3_rewired_tree_grouped_point_bp_20260813080205,1,10201,rewired_tree,grouped_point,full_bp,1,8,66178,66178,14336,21760,2944,24a0acabe3a6dd0971d2e05062e38b896d1cbdadafa52d3c8243e181847a4d87,52ef255475a03f814db5774c3cb9b928886cec0ddb35956f3d0a5b9851f28f8d,0,False,0.6229000091552734,0.6108999848365784,0.6144999861717224,0.6748537421226501,0.6578947305679321,0.6582543849945068,-0.6440726518630981,-0.653639018535614,-0.6539263725280762,,,,,,,,
3,journal_remaining_h3_rewired_tree_grouped_point_bp,remaining_physical_experiment_runs/journal_remaining_h3_rewired_tree_grouped_point_bp_20260813080205,2,10202,rewired_tree,grouped_point,full_bp,1,8,66178,66178,14336,21760,2944,014c090e097982181ff3aee38eac13b20f3079e29a8d7fffb844a4fe80aa2286,f6d9f081de38c9c51ef7192e9d8ac2d0c2b685f6860eb86e56efc0c2ef5a5e66,0,False,0.616599977016449,0.613599956035614,0.6164000034332275,0.6668593883514404,0.6576298475265503,0.6588767170906067,-0.6479679942131042,-0.6540392637252808,-0.6542065143585205,,,,,,,,
3,journal_remaining_h3_rewired_tree_grouped_point_bp,remaining_physical_experiment_runs/journal_remaining_h3_rewired_tree_grouped_point_bp_20260813080205,3,10203,rewired_tree,grouped_point,full_bp,1,8,66178,66178,14336,21760,2944,2582ed6e2f747bf9ce2bbfbdc991333dcb2fd171ce6e08174916e59ddc899d23,e289633b86f112ecf9a1d159accba97b7318ad7f82bdd7fc67a94011d29c661b,0,False,0.6250999569892883,0.6193999648094177,0.6136999726295471,0.6678881049156189,0.6625340580940247,0.6544585824012756,-0.6485509872436523,-0.6521182656288147,-0.6555503606796265,,,,,,,,
3,journal_remaining_h3_rewired_tree_grouped_point_bp,remaining_physical_experiment_runs/journal_remaining_h3_rewired_tree_grouped_point_bp_20260813080205,4,10204,rewired_tree,grouped_point,full_bp,1,8,66178,66178,14336,21760,2944,7654ffb287a3c95081c5cd3854de412aed530fa637c99809e671b7f26b5bb9eb,820855a26e233a979ea9b4c175993cfbb7581e16ded5da027b256fedf8d7d0d8,0,False,0.6268999576568604,0.6125999689102173,0.6015999913215637,0.6724947094917297,0.6570828557014465,0.6470462679862976,-0.647017776966095,-0.6540562510490417,-0.6590608954429626,,,,,,,,
3,journal_remaining_h3_rewired_tree_grouped_point_bp,remaining_physical_experiment_runs/journal_remaining_h3_rewired_tree_grouped_point_bp_20260813080205,5,10205,rewired_tree,grouped_point,full_bp,1,8,66178,66178,14336,21760,2944,e840a3aaf223167990d5f6b32ac6092f89058de772e6e5a5ca606f817828096b,beb17d5c70c2a06b8e1a3cec415391115859201692b0f04cd86b38d80f486e39,0,False,0.6150000095367432,0.6049999594688416,0.6114999651908875,0.6649659276008606,0.6472894549369812,0.6581712961196899,-0.6495956182479858,-0.6587889194488525,-0.6536139249801636,,,,,,,,
3,journal_remaining_h3_rewired_tree_grouped_point_bp,remaining_physical_experiment_runs/journal_remaining_h3_rewired_tree_grouped_point_bp_20260813080205,6,10206,rewired_tree,grouped_point,full_bp,1,8,66178,66178,14336,21760,2944,53818744ad76cf38037afba713e29ffa5fbad55938c023eea1777549474974a7,a5eb3bb2aa6e1b8a8b33a8899aead9925466f7c32ad0375e68a65e73a90bea97,0,False,0.613599956035614,0.6119999885559082,0.6114999651908875,0.6590945720672607,0.6540991067886353,0.6570747494697571,-0.6522903442382812,-0.6553996801376343,-0.6538442373275757,,,,,,,,
3,journal_remaining_h3_rewired_tree_grouped_point_bp,remaining_physical_experiment_runs/journal_remaining_h3_rewired_tree_grouped_point_bp_20260813080205,7,10207,rewired_tree,grouped_point,full_bp,1,8,66178,66178,14336,21760,2944,12fe5eb6b7fd1736ff0066480d1599c39df33082c44fdc0121178f250791476b,92f505b875ada19c304e2d405f69b62d922db22cd27d242a0f9cea2ac79ea894,0,False,0.6237999796867371,0.618399977684021,0.6103000044822693,0.6644961833953857,0.6625752449035645,0.6516472697257996,-0.649911105632782,-0.6504186391830444,-0.657373309135437,,,,,,,,
3,journal_remaining_h3_rewired_tree_grouped_point_bp,remaining_physical_experiment_runs/journal_remaining_h3_rewired_tree_grouped_point_bp_20260813080205,8,10208,rewired_tree,grouped_point,full_bp,1,8,66178,66178,14336,21760,2944,b3e4e726c71d8358d5412094b28beb044505c95db3fe04cee76f648396df330b,f176c03ca12d07de533c0c7d4c8f9f72fdb2372d0a590b8de80d8a03d2168762,0,False,0.6189999580383301,0.6110000014305115,0.614799976348877,0.6671914458274841,0.6511812210083008,0.6559850573539734,-0.6489630937576294,-0.6574639081954956,-0.6548369526863098,,,,,,,,
3,journal_remaining_h3_rewired_tree_grouped_point_bp,remaining_physical_experiment_runs/journal_remaining_h3_rewired_tree_grouped_point_bp_20260813080205,9,10209,rewired_tree,grouped_point,full_bp,1,8,66178,66178,14336,21760,2944,b8816167b7d79c37c1502f0b2bd5b9a997c8ac594bdbeda6946358d417c3c8dc,b4ba1639bf102e8664d84def821f04040140a73dd70d3056eb0e280dec09e9f6,0,False,0.6204999685287476,0.6152999997138977,0.6056999564170837,0.6597034335136414,0.6558101773262024,0.6532647013664246,-0.6532480120658875,-0.6545729637145996,-0.6554098725318909,,,,,,,,
3,journal_remaining_h3_rewired_tree_grouped_point_bp,remaining_physical_experiment_runs/journal_remaining_h3_rewired_tree_grouped_point_bp_20260813080205,10,10200,rewired_tree,grouped_point,full_bp,2,2x3,66178,66178,14336,21760,2944,7432d750bce211740659477a61652e4c5c32dbb093935f3d4156df60aa4e27b6,24a26d47ee25bf360990b46dea45ccfd0ff506fd80e4761c4c979a38559a55dd,0,False,0.6132000088691711,0.6114999651908875,0.6085000038146973,0.6629120707511902,0.6613695025444031,0.6525043249130249,-0.6507055163383484,-0.6511499881744385,-0.6557851433753967,,,,,,,,
3,journal_remaining_h3_rewired_tree_grouped_point_bp,remaining_physical_experiment_runs/journal_remaining_h3_rewired_tree_grouped_point_bp_20260813080205,11,10201,rewired_tree,grouped_point,full_bp,2,2x3,66178,66178,14336,21760,2944,1a8346f1154566e66bb3b0baa3214e7c471a68d289a6ec1f98b66bcc279a947e,2e2a3c4160669eedec43b18e83b051ed115d868672d6fb81d85f43c37d440b4a,0,False,0.6234999895095825,0.6118999719619751,0.6155999898910522,0.6747550368309021,0.6578580141067505,0.6582006216049194,-0.6441342830657959,-0.6536809206008911,-0.6539087891578674,,,,,,,,
3,journal_remaining_h3_rewired_tree_grouped_point_bp,remaining_physical_experiment_runs/journal_remaining_h3_rewired_tree_grouped_point_bp_20260813080205,12,10202,rewired_tree,grouped_point,full_bp,2,2x3,66178,66178,14336,21760,2944,4f53f4660488a19e6963ba7dfa804c121000e3781946f899f5daf2f00425e4f0,094c781f81c6647ee6a4a2d31ab14fca58dfa2fffea33fd94956d76d03d6c5df,0,False,0.6166999936103821,0.6126999855041504,0.6168000102043152,0.6668696403503418,0.6574886441230774,0.6588373780250549,-0.6479702591896057,-0.6541115045547485,-0.6542186141014099,,,,,,,,
3,journal_remaining_h3_rewired_tree_grouped_point_bp,remaining_physical_experiment_runs/journal_remaining_h3_rewired_tree_grouped_point_bp_20260813080205,13,10203,rewired_tree,grouped_point,full_bp,2,2x3,66178,66178,14336,21760,2944,0ad3192249dbce7c39be80bc4b65ef85cc33d0753c45f3e3401dbe3ff0a2fd91,774003e1383b5f14676e60670dbe51f5fd693e64f811c418eabfc5df39693bc0,0,False,0.6245999932289124,0.6159999966621399,0.6121999621391296,0.6679481267929077,0.662595272064209,0.6547032594680786,-0.6485427618026733,-0.6520774364471436,-0.6553394794464111,,,,,,,,
3,journal_remaining_h3_rewired_tree_grouped_point_bp,remaining_physical_experiment_runs/journal_remaining_h3_rewired_tree_grouped_point_bp_20260813080205,14,10204,rewired_tree,grouped_point,full_bp,2,2x3,66178,66178,14336,21760,2944,694514cb091ecfbf96eadfcdcd67911e8e534c04cc2d4c7bd86f7d97f6584aac,14bfd478ed7667e59d1527f37f57b62339f09df47e163313e6382922a6df60d1,0,False,0.6269999742507935,0.612500011920929,0.6011999845504761,0.6725057363510132,0.6571329236030579,0.6471107006072998,-0.64700847864151,-0.6540552377700806,-0.6590517163276672,,,,,,,,
3,journal_remaining_h3_rewired_tree_grouped_point_bp,remaining_physical_experiment_runs/journal_remaining_h3_rewired_tree_grouped_point_bp_20260813080205,15,10205,rewired_tree,grouped_point,full_bp,2,2x3,66178,66178,14336,21760,2944,31573962ba0047b8904ff415bc9237162f6a709735dea590a5c00a59dae3943e,62a5d5cbad1931550be4dc08c296e859050413625c8b15cef8c7d8aca4bc2ff3,0,False,0.6157000064849854,0.6046000123023987,0.6122999787330627,0.6649065613746643,0.6473262906074524,0.6583328247070312,-0.6496221423149109,-0.6587411761283875,-0.6535240411758423,,,,,,,,
3,journal_remaining_h3_rewired_tree_grouped_point_bp,remaining_physical_experiment_runs/journal_remaining_h3_rewired_tree_grouped_point_bp_20260813080205,16,10206,rewired_tree,grouped_point,full_bp,2,2x3,66178,66178,14336,21760,2944,4227e6415328516b6b4b428cf4dad4a3d92a343411ac9c204cd1fcee8053603b,6c5103b84ab3da4087a382ebea2d900f58e9d3b9c319df8fc04d109cf59603ec,0,False,0.6132000088691711,0.6118999719619751,0.611299991607666,0.6591116786003113,0.6541329622268677,0.6571730375289917,-0.6523028016090393,-0.6553972363471985,-0.6538369655609131,,,,,,,,
3,journal_remaining_h3_rewired_tree_grouped_point_bp,remaining_physical_experiment_runs/journal_remaining_h3_rewired_tree_grouped_point_bp_20260813080205,17,10207,rewired_tree,grouped_point,full_bp,2,2x3,66178,66178,14336,21760,2944,b076f25a880b2ea85fb9f780c5f4b89ea839428be1162bf4a7b360c24e0b6980,5097fe98134f238b9cff85f935df3d81619a713463a16cd7730d3c5a870d2763,0,False,0.6238999962806702,0.6186999678611755,0.6098999977111816,0.6644876003265381,0.662752628326416,0.6518185138702393,-0.6499060392379761,-0.6503708958625793,-0.6573127508163452,,,,,,,,
3,journal_remaining_h3_rewired_tree_grouped_point_bp,remaining_physical_experiment_runs/journal_remaining_h3_rewired_tree_grouped_point_bp_20260813080205,18,10208,rewired_tree,grouped_point,full_bp,2,2x3,66178,66178,14336,21760,2944,1989dd542e620d55de0a1492999d56e7130052b1e41c7ae58dafb2d0e5666a64,4546d3a4370de6c0de0fe04e80b1a1d06205c53c415da3efa874615da6bf5ee8,0,False,0.6180999875068665,0.6110999584197998,0.6150000095367432,0.6671047806739807,0.6510589718818665,0.6560508608818054,-0.6489882469177246,-0.6575271487236023,-0.6548154950141907,,,,,,,,
3,journal_remaining_h3_rewired_tree_grouped_point_bp,remaining_physical_experiment_runs/journal_remaining_h3_rewired_tree_grouped_point_bp_20260813080205,19,10209,rewired_tree,grouped_point,full_bp,2,2x3,66178,66178,14336,21760,2944,bef55b440b25ec19113565e2803c322a951911a2c7af3b33203b1f25c261215b,58c7bd8524cdf0bb5bef2bf4773023e41a139a96e599ac9501b22d15024bce86,0,False,0.6200000047683716,0.6155999898910522,0.6062999963760376,0.6597204804420471,0.6559050679206848,0.6532840132713318,-0.653244137763977,-0.6545253992080688,-0.6554176807403564,,,,,,,,
3,journal_remaining_h3_rewired_tree_grouped_point_bp,remaining_physical_experiment_runs/journal_remaining_h3_rewired_tree_grouped_point_bp_20260813080205,20,10200,rewired_tree,grouped_point,full_bp,3,2x1x2,66178,66178,14336,21760,2944,f919cfa69487a437cdd70e45b5ae4e89e284a99ea9c03846178dca76260a33fb,5e88f9e1ced3aef358d6552ab90fc2c7d903159c342da774fe0722dd6e05858f,0,False,0.614300012588501,0.6115999817848206,0.6089000105857849,0.6628897786140442,0.6614307761192322,0.6525003910064697,-0.6507187485694885,-0.6511240005493164,-0.6557697057723999,,,,,,,,
3,journal_remaining_h3_rewired_tree_grouped_point_bp,remaining_physical_experiment_runs/journal_remaining_h3_rewired_tree_grouped_point_bp_20260813080205,21,10201,rewired_tree,grouped_point,full_bp,3,2x1x2,66178,66178,14336,21760,2944,71f68f4c56ffdf22fa398422087be25066d8d21d75bf783bc316eed1e82625bd,5765db839ab966bae3ab5569a24cd9b698ad7afc9940744855e2de8f7f91c6b7,0,False,0.6234999895095825,0.612500011920929,0.6152999997138977,0.6747633814811707,0.6579165458679199,0.6582669019699097,-0.6441149115562439,-0.6536478400230408,-0.6539009809494019,,,,,,,,
3,journal_remaining_h3_rewired_tree_grouped_point_bp,remaining_physical_experiment_runs/journal_remaining_h3_rewired_tree_grouped_point_bp_20260813080205,22,10202,rewired_tree,grouped_point,full_bp,3,2x1x2,66178,66178,14336,21760,2944,29b899ce4eb71566c148ddb53cd34dda689b2d0b6c7fd0732a0db89282a269ec,070a79e5145d67efdda37e8731fe5f2c44a1da40e26b5f3b1936d4c7554dd7a5,0,False,0.6168999671936035,0.6134999990463257,0.6169999837875366,0.6668816208839417,0.6575987935066223,0.6588755249977112,-0.6479506492614746,-0.6540560126304626,-0.6541856527328491,,,,,,,,
3,journal_remaining_h3_rewired_tree_grouped_point_bp,remaining_physical_experiment_runs/journal_remaining_h3_rewired_tree_grouped_point_bp_20260813080205,23,10203,rewired_tree,grouped_point,full_bp,3,2x1x2,66178,66178,14336,21760,2944,654299b00e3765f11dd2a3c0fd2120000a2b6c48b6171de2f8de506ceb94ea6b,c8696d1284859ab003cad0cf0677773198316a050ee815bf7050d93a6dc4283e,0,False,0.6238999962806702,0.6200999617576599,0.6141999959945679,0.6679730415344238,0.6626840829849243,0.6547794938087463,-0.648532509803772,-0.6520453691482544,-0.6554026007652283,,,,,,,,
3,journal_remaining_h3_rewired_tree_grouped_point_bp,remaining_physical_experiment_runs/journal_remaining_h3_rewired_tree_grouped_point_bp_20260813080205,24,10204,rewired_tree,grouped_point,full_bp,3,2x1x2,66178,66178,14336,21760,2944,968202e2453fcb2c0915d91f27a7da4b67970e10cd1eec58b42a44306c35f27b,fba527229d57a643a7d88c9be7af166efd829b7db53c8ece932af3d313446b03,0,False,0.6262999773025513,0.6122999787330627,0.6017000079154968,0.6724441051483154,0.6570709347724915,0.6469320058822632,-0.6470183730125427,-0.6540762782096863,-0.6591260433197021,,,,,,,,
3,journal_remaining_h3_rewired_tree_grouped_point_bp,remaining_physical_experiment_runs/journal_remaining_h3_rewired_tree_grouped_point_bp_20260813080205,25,10205,rewired_tree,grouped_point,full_bp,3,2x1x2,66178,66178,14336,21760,2944,bbd0e47af4f534c3c10e07ed5a8b0c428b5ea42d3b0a4fc48e88034af5889435,7bc0318228ef07d128fc584988667e2b0c15eb399b2ca01119057b49c69acc58,0,False,0.6155999898910522,0.6055999994277954,0.6125999689102173,0.6648627519607544,0.6474922299385071,0.6583114266395569,-0.6496258974075317,-0.6586855053901672,-0.6535609364509583,,,,,,,,
3,journal_remaining_h3_rewired_tree_grouped_point_bp,remaining_physical_experiment_runs/journal_remaining_h3_rewired_tree_grouped_point_bp_20260813080205,26,10206,rewired_tree,grouped_point,full_bp,3,2x1x2,66178,66178,14336,21760,2944,b682eece40f1828f76c035d6f58e0efaa9e668793e476a22e10f2be43e849c2b,81efd5178e4b69614217e309c2aac4eb36b6ac7e086dad609363ea8f6f7c8405,0,False,0.6125999689102173,0.6116999983787537,0.6108999848365784,0.6590638756752014,0.6539968252182007,0.6569403409957886,-0.6523157358169556,-0.6554532647132874,-0.653921365737915,,,,,,,,
3,journal_remaining_h3_rewired_tree_grouped_point_bp,remaining_physical_experiment_runs/journal_remaining_h3_rewired_tree_grouped_point_bp_20260813080205,27,10207,rewired_tree,grouped_point,full_bp,3,2x1x2,66178,66178,14336,21760,2944,78a73138d949b531cfb13bfb842c9200d9c16548cbfdc6646776e1ac563a62c0,0ceae6b830caf68b2797a8c34662165c521e63517d09c3c1b5f714aef8913191,0,False,0.6234999895095825,0.6179999709129333,0.6103000044822693,0.6645019054412842,0.6628093123435974,0.6518169641494751,-0.6498889923095703,-0.6503213047981262,-0.6573254466056824,,,,,,,,
3,journal_remaining_h3_rewired_tree_grouped_point_bp,remaining_physical_experiment_runs/journal_remaining_h3_rewired_tree_grouped_point_bp_20260813080205,28,10208,rewired_tree,grouped_point,full_bp,3,2x1x2,66178,66178,14336,21760,2944,b55f0a957bf16a79a7deeea5032c36696fe82ea975a06269db7997e0e8e0e9fe,4da1ef4e909f72a45fd917d8431bc49027afe4b8f92844cef999ee81b8ea67c3,0,False,0.6177999973297119,0.6115999817848206,0.6140999794006348,0.6672351360321045,0.6510864496231079,0.6560003757476807,-0.6489403247833252,-0.6575144529342651,-0.6548256874084473,,,,,,,,
3,journal_remaining_h3_rewired_tree_grouped_point_bp,remaining_physical_experiment_runs/journal_remaining_h3_rewired_tree_grouped_point_bp_20260813080205,29,10209,rewired_tree,grouped_point,full_bp,3,2x1x2,66178,66178,14336,21760,2944,1af001fc141696243408026125b16022dfd2f5bada2618db59c5fa42a809520c,07c95ae786a9350ee13ceade41814a13a9469cbf532fd6f51f7816641f05212e,0,False,0.6200999617576599,0.6146999597549438,0.6057999730110168,0.6596858501434326,0.6555774211883545,0.6530927419662476,-0.6532533764839172,-0.6546363234519958,-0.6554847955703735,,,,,,,,
2,journal_remaining_h2_aligned_serial_bp,remaining_physical_experiment_runs/journal_remaining_h2_aligned_serial_bp_20260813080153,0,10300,aligned,serial_tree,full_bp,1,8,66178,66178,14336,32768,2944,b4687fc2b04015a0934355c55811a1c081c8f2100a26ddf67a4042ffe510b212,e48de23ebb841c14ca809739ba28b19885c6944acaaa7244fd2a655c0e4168c2,0,False,0.6678000092506409,0.6561999917030334,0.6581999659538269,0.7309340834617615,0.7147470116615295,0.7213324904441833,-0.6071459054946899,-0.6199344396591187,-0.6138249635696411,,,,,,,,
2,journal_remaining_h2_aligned_serial_bp,remaining_physical_experiment_runs/journal_remaining_h2_aligned_serial_bp_20260813080153,1,10301,aligned,serial_tree,full_bp,1,8,66178,66178,14336,32768,2944,5664d3a26e7a812e2e1a914143534027d42e036b94ae16b007880053369a2522,2cc14dec025c5ec1a87f1a7b77c898636f7f90a20592a6b7dfe05e602f1f28ad,0,False,0.6642000079154968,0.6650999784469604,0.6646999716758728,0.7224937677383423,0.7248048782348633,0.7272804975509644,-0.6143534779548645,-0.6116933226585388,-0.6102025508880615,,,,,,,,
2,journal_remaining_h2_aligned_serial_bp,remaining_physical_experiment_runs/journal_remaining_h2_aligned_serial_bp_20260813080153,2,10302,aligned,serial_tree,full_bp,1,8,66178,66178,14336,32768,2944,595ab50df9188c03d86937412ba8db269b1dbb5522b1267821cf9a3cffd05e36,26787509a61c368df69e89fbbf29a732a501dbd18dee091a8388a4628ca011c9,0,False,0.6687999963760376,0.664900004863739,0.6631999611854553,0.7302088737487793,0.7279756665229797,0.7194414138793945,-0.6076232194900513,-0.6093605160713196,-0.6153562664985657,,,,,,,,
2,journal_remaining_h2_aligned_serial_bp,remaining_physical_experiment_runs/journal_remaining_h2_aligned_serial_bp_20260813080153,3,10303,aligned,serial_tree,full_bp,1,8,66178,66178,14336,32768,2944,4983f45b39328a12ca2acd3549ccd38dec233acee0264517a19eb63a78a015a9,27bb64a477049447ca832ac054c195ebac82c4a6ee03ccf018aac6c2be09d144,0,False,0.6692000031471252,0.661899983882904,0.659500002861023,0.7322860956192017,0.720431387424469,0.7181825637817383,-0.6058954000473022,-0.6148927807807922,-0.6170217990875244,,,,,,,,
2,journal_remaining_h2_aligned_serial_bp,remaining_physical_experiment_runs/journal_remaining_h2_aligned_serial_bp_20260813080153,4,10304,aligned,serial_tree,full_bp,1,8,66178,66178,14336,32768,2944,0095f81558dbac49531f695cfcf108f9a6f265a822c2f77026902604785e4080,73afbb76ceff30339f66647126a0717020c413eec54c9a8644583dd5a629a849,0,False,0.6642000079154968,0.6534000039100647,0.6572999954223633,0.7241358160972595,0.7150903940200806,0.7186319828033447,-0.6116140484809875,-0.6193928718566895,-0.6154257655143738,,,,,,,,
2,journal_remaining_h2_aligned_serial_bp,remaining_physical_experiment_runs/journal_remaining_h2_aligned_serial_bp_20260813080153,5,10305,aligned,serial_tree,full_bp,1,8,66178,66178,14336,32768,2944,27eab691dab32892281d56458a3dcefab82c9dcf65a5b6541446d068fdf00d78,a4f06a3a2ee75368631e4d79f3c7d0a93d6be968c411cdc5f39e00e584cc09da,0,False,0.6642000079154968,0.6560999751091003,0.6505999565124512,0.723629891872406,0.716602623462677,0.7109169363975525,-0.6130933165550232,-0.6165051460266113,-0.6216253638267517,,,,,,,,
2,journal_remaining_h2_aligned_serial_bp,remaining_physical_experiment_runs/journal_remaining_h2_aligned_serial_bp_20260813080153,6,10306,aligned,serial_tree,full_bp,1,8,66178,66178,14336,32768,2944,a0a6b01526201806db4cf8cd3f1f18db18888cc146c88bd98d09980b0565d0f6,1992083eb9e9b2fc21f18aa4a759e25b04c5df170ecf7ff583aea0d6e805138b,0,False,0.663100004196167,0.6520000100135803,0.6646999716758728,0.7242315411567688,0.7101948857307434,0.7207075357437134,-0.6118217706680298,-0.6222907304763794,-0.6150573492050171,,,,,,,,
2,journal_remaining_h2_aligned_serial_bp,remaining_physical_experiment_runs/journal_remaining_h2_aligned_serial_bp_20260813080153,7,10307,aligned,serial_tree,full_bp,1,8,66178,66178,14336,32768,2944,d128e32127c40ea5d5bc807a11ce2ae2d833e517721e7bbbcce5d95313a999d1,5cb3e2eaa04691d02807da5670352789a824169d67f2d5e67e6c2d4fb4453d99,0,False,0.6581999659538269,0.661899983882904,0.6575999855995178,0.715839684009552,0.7209680080413818,0.7163646221160889,-0.6183559894561768,-0.6151635646820068,-0.61785888671875,,,,,,,,
2,journal_remaining_h2_aligned_serial_bp,remaining_physical_experiment_runs/journal_remaining_h2_aligned_serial_bp_20260813080153,8,10308,aligned,serial_tree,full_bp,1,8,66178,66178,14336,32768,2944,c4daab5013d6daacdbabe24079e55f3bce877ec16445dfa879bc9fe6f3655370,3d67d3c83d684a89710a830f5cd9e3e555824c6cee4475310affbf10cbd2084d,0,False,0.6644999980926514,0.6538999676704407,0.649899959564209,0.7279251217842102,0.7139424681663513,0.7060161828994751,-0.6098325252532959,-0.6196635365486145,-0.6250908970832825,,,,,,,,
2,journal_remaining_h2_aligned_serial_bp,remaining_physical_experiment_runs/journal_remaining_h2_aligned_serial_bp_20260813080153,9,10309,aligned,serial_tree,full_bp,1,8,66178,66178,14336,32768,2944,585703f0d217894623e5db32807031ef919f81685e12dc8e42e565d661a1edc1,cc15ab1cf6abf376a36b224ce376d8821a55aeb026ddd433d6ad9067e9a8734d,0,False,0.661300003528595,0.6486999988555908,0.6626999974250793,0.7208013534545898,0.7030184268951416,0.7206342220306396,-0.6144933700561523,-0.6271474957466125,-0.6151785254478455,,,,,,,,
2,journal_remaining_h2_aligned_serial_bp,remaining_physical_experiment_runs/journal_remaining_h2_aligned_serial_bp_20260813080153,10,10300,aligned,serial_tree,full_bp,2,4x1,66178,66178,14336,32768,2944,c947c9f0d70a42983ab5395a52d683b9b51056d6a0b2b7d37da3fd441146b3b5,259a9ceab9abe65218c3e528b83f9bf897075c3fa8244809015f8501cf02cada,0,False,0.9715999960899353,0.9691999554634094,0.9718999862670898,0.9828646183013916,0.9786803126335144,0.9821844696998596,-0.21767626702785492,-0.22779054939746857,-0.2204742133617401,,,,,,,,
2,journal_remaining_h2_aligned_serial_bp,remaining_physical_experiment_runs/journal_remaining_h2_aligned_serial_bp_20260813080153,11,10301,aligned,serial_tree,full_bp,2,4x1,66178,66178,14336,32768,2944,ea6126d310763650600984dd82f11006797b6af4b61971c5733b672cc60a4502,c3b0da25160a2aa443a7dd4e0a3b3c1034fa9ab87ddb034fe43ada81e06bbe64,0,False,0.9666999578475952,0.9708999991416931,0.9691999554634094,0.9814863801002502,0.9843012690544128,0.9848628640174866,-0.21839359402656555,-0.21264135837554932,-0.212641641497612,,,,,,,,
2,journal_remaining_h2_aligned_serial_bp,remaining_physical_experiment_runs/journal_remaining_h2_aligned_serial_bp_20260813080153,12,10302,aligned,serial_tree,full_bp,2,4x1,66178,66178,14336,32768,2944,992c7691df7a40a6a288787ef55cf03cb2c9db4655c12c5086617b7adbb2c88a,229e5e2c4d7a1a468fbeccc081e12f73bb7e46e7e2eadeaa238335f0b41397f8,0,False,0.965999960899353,0.9639999866485596,0.9630999565124512,0.9826635718345642,0.9828225374221802,0.9818206429481506,-0.22146259248256683,-0.22417031228542328,-0.22345243394374847,,,,,,,,
2,journal_remaining_h2_aligned_serial_bp,remaining_physical_experiment_runs/journal_remaining_h2_aligned_serial_bp_20260813080153,13,10303,aligned,serial_tree,full_bp,2,4x1,66178,66178,14336,32768,2944,39c047d44a12e91c85837259bfa9971baff0901a993249efa89324667aa106e0,7423e628ea52bf9aba34edb23749efa1da872b607e7a399b7759c38bfe4f65df,0,False,0.9684999585151672,0.9680999517440796,0.9672999978065491,0.983737051486969,0.9824214577674866,0.9772663712501526,-0.2151346653699875,-0.21583019196987152,-0.22577758133411407,,,,,,,,
2,journal_remaining_h2_aligned_serial_bp,remaining_physical_experiment_runs/journal_remaining_h2_aligned_serial_bp_20260813080153,14,10304,aligned,serial_tree,full_bp,2,4x1,66178,66178,14336,32768,2944,495489e53e05504f7a8885b3645a1ab3d8d1d2c7813c463b5644198c44b0884f,1971bb69a357af0290e034c484bcec38bf3475a2807b43e543ef400585a993c9,0,False,0.9639999866485596,0.9623000025749207,0.9645999670028687,0.983214259147644,0.9776915311813354,0.9829705357551575,-0.21328729391098022,-0.22580116987228394,-0.21795009076595306,,,,,,,,
2,journal_remaining_h2_aligned_serial_bp,remaining_physical_experiment_runs/journal_remaining_h2_aligned_serial_bp_20260813080153,15,10305,aligned,serial_tree,full_bp,2,4x1,66178,66178,14336,32768,2944,69902dda01ea858a6a746d9506d86412f1e75947b7196a87d985c073c86659d5,6fbb3502b67c7dfdb45980e5f20775c578c5eebc9819504e0eaa5931d3665937,0,False,0.9684000015258789,0.9697999954223633,0.9693999886512756,0.9788375496864319,0.9835301041603088,0.9817765355110168,-0.22570326924324036,-0.22077880799770355,-0.2224208265542984,,,,,,,,
2,journal_remaining_h2_aligned_serial_bp,remaining_physical_experiment_runs/journal_remaining_h2_aligned_serial_bp_20260813080153,16,10306,aligned,serial_tree,full_bp,2,4x1,66178,66178,14336,32768,2944,1e6afe70eae0b9faeb91aee4808b817d5c4c653561ee15dcc422df5ebae791ce,3fe120b4027690b1c072d31a4bb0b3c57d22439cedc44da363de3e9536567535,0,False,0.9660999774932861,0.9670999646186829,0.9637999534606934,0.9828872084617615,0.9808353781700134,0.9816051125526428,-0.21786674857139587,-0.22168581187725067,-0.2225579023361206,,,,,,,,
2,journal_remaining_h2_aligned_serial_bp,remaining_physical_experiment_runs/journal_remaining_h2_aligned_serial_bp_20260813080153,17,10307,aligned,serial_tree,full_bp,2,4x1,66178,66178,14336,32768,2944,4fa608340e50173514ea94b6aadbca83dd27b40d724536c20fdc602d960fb725,e99c5411511cd982caad040367285ab54f9a582a04c21fcddb08de7aeefd4e20,0,False,0.9714999794960022,0.9693999886512756,0.9696999788284302,0.9827951788902283,0.9835180640220642,0.982905924320221,-0.213221937417984,-0.2152717262506485,-0.2147831916809082,,,,,,,,
2,journal_remaining_h2_aligned_serial_bp,remaining_physical_experiment_runs/journal_remaining_h2_aligned_serial_bp_20260813080153,18,10308,aligned,serial_tree,full_bp,2,4x1,66178,66178,14336,32768,2944,46aa66d59d0c174b0cd39c88dc923360ccb05bcc1c7f6b4c57c54c7cd91f8809,f3002a842651c239c04b90db2ebaaa87e8163d3b6145415760e178752e3eb164,0,False,0.9657999873161316,0.9656999707221985,0.965399980545044,0.9843288660049438,0.9833190441131592,0.9831675291061401,-0.2066325694322586,-0.20883570611476898,-0.20863787829875946,,,,,,,,
2,journal_remaining_h2_aligned_serial_bp,remaining_physical_experiment_runs/journal_remaining_h2_aligned_serial_bp_20260813080153,19,10309,aligned,serial_tree,full_bp,2,4x1,66178,66178,14336,32768,2944,2b2a8645040670a48e26d1e14cbd273ed59bbfee1790c06dab1323da7eb108e4,613f5762078992de9ce8c8e06b2fed09ce541f94ad02d3286bd2293af063b857,0,False,0.9679999947547913,0.9667999744415283,0.9679999947547913,0.9827001690864563,0.9815748929977417,0.9824135899543762,-0.21452738344669342,-0.21733197569847107,-0.21540558338165283,,,,,,,,
2,journal_remaining_h2_rewired_tree_serial_bp,remaining_physical_experiment_runs/journal_remaining_h2_rewired_tree_serial_bp_20260813080159,0,10300,rewired_tree,serial_tree,full_bp,1,8,66178,66178,14336,32768,2944,e48b4ac907d45c534f7881a59e3d9527bd6419e1e1cc5ecdecc8ce2f695b2d07,e21eb0c74e19afe2024bdca9d9390a23b44edd2c25cb8785d9d8a471ae56024e,0,False,0.6681999564170837,0.6554999947547913,0.6581999659538269,0.7308913469314575,0.71461021900177,0.7213988900184631,-0.6072038412094116,-0.6200622916221619,-0.6138951778411865,,,,,,,,
2,journal_remaining_h2_rewired_tree_serial_bp,remaining_physical_experiment_runs/journal_remaining_h2_rewired_tree_serial_bp_20260813080159,1,10301,rewired_tree,serial_tree,full_bp,1,8,66178,66178,14336,32768,2944,44a8b48d72d4e88c4ad78d939bdf2ce5ac7a6d8c75d61760a130ee78662f1cd8,942dbb3c803c11fc5ec8147b3b026a27b695f9dd773224b2c02164af9a468806,0,False,0.6660999655723572,0.6650999784469604,0.6649999618530273,0.7224289774894714,0.7245680093765259,0.7270428538322449,-0.6144704818725586,-0.6118974685668945,-0.6103761196136475,,,,,,,,
2,journal_remaining_h2_rewired_tree_serial_bp,remaining_physical_experiment_runs/journal_remaining_h2_rewired_tree_serial_bp_20260813080159,2,10302,rewired_tree,serial_tree,full_bp,1,8,66178,66178,14336,32768,2944,994cc15417aa16ae1b7c2dcd2c343efc2b8fbd4eef49b893cec52e95f6f93098,13ca66432354819bba5c6463ba6603bb4858816702ac5265839aefd73e7cc5d8,0,False,0.6681999564170837,0.6650999784469604,0.6646999716758728,0.7302550673484802,0.7280547022819519,0.7196404933929443,-0.6075828671455383,-0.6093058586120605,-0.6152167916297913,,,,,,,,
2,journal_remaining_h2_rewired_tree_serial_bp,remaining_physical_experiment_runs/journal_remaining_h2_rewired_tree_serial_bp_20260813080159,3,10303,rewired_tree,serial_tree,full_bp,1,8,66178,66178,14336,32768,2944,8c760f67879525053bbd3fcc162d27522797bd661c766f92fa31ad47d7bcb08c,1725214c5c39fb808f15cf0dcb627efc7dcbfeececd6f154a493047e6ae53100,0,False,0.6692000031471252,0.661799967288971,0.660099983215332,0.7320753335952759,0.7201827168464661,0.7176651358604431,-0.606069803237915,-0.6151436567306519,-0.6173652410507202,,,,,,,,
2,journal_remaining_h2_rewired_tree_serial_bp,remaining_physical_experiment_runs/journal_remaining_h2_rewired_tree_serial_bp_20260813080159,4,10304,rewired_tree,serial_tree,full_bp,1,8,66178,66178,14336,32768,2944,46532b0cef61f9512bde27a940d90ac38a23874d6d4e61f7670d8a45f8d0d8a3,62526af2de9c826d5b3e29b29e7d9973a0ffb625db8c64c40023b2aa2443ffd1,0,False,0.6647999882698059,0.6542999744415283,0.65829998254776,0.724337100982666,0.7155210971832275,0.7189653515815735,-0.6114453077316284,-0.6190265417098999,-0.6151767373085022,,,,,,,,
2,journal_remaining_h2_rewired_tree_serial_bp,remaining_physical_experiment_runs/journal_remaining_h2_rewired_tree_serial_bp_20260813080159,5,10305,rewired_tree,serial_tree,full_bp,1,8,66178,66178,14336,32768,2944,48da9b41207a928cc21654fc2d2479dffcb51fb4b10addb697b9df3395592cd4,8f1b2c7834de4b7e24f0b6c683886a86416ee747dd580d47830e0212eeba08e1,0,False,0.6647999882698059,0.6572999954223633,0.6509999632835388,0.7236636281013489,0.716895341873169,0.711096465587616,-0.6130863428115845,-0.6163153052330017,-0.6214879155158997,,,,,,,,
2,journal_remaining_h2_rewired_tree_serial_bp,remaining_physical_experiment_runs/journal_remaining_h2_rewired_tree_serial_bp_20260813080159,6,10306,rewired_tree,serial_tree,full_bp,1,8,66178,66178,14336,32768,2944,81b54e48d4f349e5708ac1cd9ad213f4a3456cafd0a586a5329b3946b1fcc52e,13bef59ee7a327868f352d803a65dec988f4cf154376082b6badfcc90338c0e8,0,False,0.6631999611854553,0.6520999670028687,0.664900004863739,0.7242318391799927,0.7101323008537292,0.7207604646682739,-0.6118262410163879,-0.6224067211151123,-0.6151552796363831,,,,,,,,
2,journal_remaining_h2_rewired_tree_serial_bp,remaining_physical_experiment_runs/journal_remaining_h2_rewired_tree_serial_bp_20260813080159,7,10307,rewired_tree,serial_tree,full_bp,1,8,66178,66178,14336,32768,2944,01816d036033bbfd563a21c95af6dd994294e594f6aedb97446809b8fd99b94e,e231a3eadfd868078adbf46616a2031c34a6a95606af0738e774d6f017bc8b8a,0,False,0.6592000126838684,0.6620000004768372,0.6581000089645386,0.7159451246261597,0.7213237881660461,0.7166838645935059,-0.6182429790496826,-0.6149016618728638,-0.6176420450210571,,,,,,,,
2,journal_remaining_h2_rewired_tree_serial_bp,remaining_physical_experiment_runs/journal_remaining_h2_rewired_tree_serial_bp_20260813080159,8,10308,rewired_tree,serial_tree,full_bp,1,8,66178,66178,14336,32768,2944,d3919f02a4d079e0470e47f49e8b769e7834c19bd4d606d7ae383db0861a0e2c,8345bae0d9ee79afe19cbde3b38a6934c464671d33d3c3b66ee5e6d032fd864f,0,False,0.664900004863739,0.6548999547958374,0.6487999558448792,0.7280071973800659,0.714043915271759,0.7062476277351379,-0.6097230911254883,-0.6195240020751953,-0.6249310374259949,,,,,,,,
2,journal_remaining_h2_rewired_tree_serial_bp,remaining_physical_experiment_runs/journal_remaining_h2_rewired_tree_serial_bp_20260813080159,9,10309,rewired_tree,serial_tree,full_bp,1,8,66178,66178,14336,32768,2944,5d9787d868b25d4db82c282abf437b2dadc6200282ffdbff6edbd0d422aa7334,2d398f8deeedd0add09b9683ccbd83b9901e5db369689d394e630710859d92f1,0,False,0.6602999567985535,0.6485999822616577,0.6627999544143677,0.7209509015083313,0.7032095789909363,0.7209076881408691,-0.6143885850906372,-0.626994788646698,-0.6150275468826294,,,,,,,,
2,journal_remaining_h2_rewired_tree_serial_bp,remaining_physical_experiment_runs/journal_remaining_h2_rewired_tree_serial_bp_20260813080159,10,10300,rewired_tree,serial_tree,full_bp,2,4x1,66178,66178,14336,32768,2944,cfb952f639dcd65763ac80c36a4231f0fa41e3f737487c1bfd3c7448c8c0419e,6191d458e62373b049d98aa00c88d081d5bc214de772a51a6943bced012c98de,0,False,0.6563000082969666,0.6437000036239624,0.6460999846458435,0.7113028764724731,0.6934318542480469,0.6998575925827026,-0.6237050890922546,-0.6358792781829834,-0.6298806667327881,,,,,,,,
2,journal_remaining_h2_rewired_tree_serial_bp,remaining_physical_experiment_runs/journal_remaining_h2_rewired_tree_serial_bp_20260813080159,11,10301,rewired_tree,serial_tree,full_bp,2,4x1,66178,66178,14336,32768,2944,040ae597b39ef1582e9ba0cf0fa9d07ad57a706ff6cd4692e2f7443bee04f528,c5ad271ce9c8bc08a2555a33068e304378e280106548bcef5d5994d6737bd9cc,0,False,0.6513000130653381,0.6481999754905701,0.647599995136261,0.7007433772087097,0.700192391872406,0.7041494250297546,-0.6313782930374146,-0.6298413276672363,-0.6277198195457458,,,,,,,,
2,journal_remaining_h2_rewired_tree_serial_bp,remaining_physical_experiment_runs/journal_remaining_h2_rewired_tree_serial_bp_20260813080159,12,10302,rewired_tree,serial_tree,full_bp,2,4x1,66178,66178,14336,32768,2944,b30f348a64deb292dce4fd7aeda0150283f9bf9ca1c93061384aec715288d691,696cb71f3dc3e474d1708f101139841e1757fa728b2042c8a7ee4d0beda08488,0,False,0.6514999866485596,0.6480000019073486,0.645799994468689,0.709019660949707,0.7043619155883789,0.6967678666114807,-0.6246588826179504,-0.6269438862800598,-0.6322703957557678,,,,,,,,
2,journal_remaining_h2_rewired_tree_serial_bp,remaining_physical_experiment_runs/journal_remaining_h2_rewired_tree_serial_bp_20260813080159,13,10303,rewired_tree,serial_tree,full_bp,2,4x1,66178,66178,14336,32768,2944,dbcaf36fe3572b2bc0766d000ab01921df63dd8c2867d11167b22e024efc32f8,00e5a21af4c41553c68129fe3c2cfd586ca4272ae8196a349595061119edf54b,0,False,0.6545999646186829,0.646399974822998,0.6423999667167664,0.7110076546669006,0.7000913619995117,0.6949654221534729,-0.6226730346679688,-0.6307910680770874,-0.6349865198135376,,,,,,,,
2,journal_remaining_h2_rewired_tree_serial_bp,remaining_physical_experiment_runs/journal_remaining_h2_rewired_tree_serial_bp_20260813080159,14,10304,rewired_tree,serial_tree,full_bp,2,4x1,66178,66178,14336,32768,2944,83751b46525db882366493e969285667d67b5a9115e522fa3e8e2c6393e88d11,86d9f53f69f498abcf9706f4e6368bed0b4e8073d5f069929385b0ded87697e3,0,False,0.6489999890327454,0.640500009059906,0.64410001039505,0.7070753574371338,0.6938952207565308,0.6981680989265442,-0.6267418265342712,-0.6358069181442261,-0.6316455602645874,,,,,,,,
2,journal_remaining_h2_rewired_tree_serial_bp,remaining_physical_experiment_runs/journal_remaining_h2_rewired_tree_serial_bp_20260813080159,15,10305,rewired_tree,serial_tree,full_bp,2,4x1,66178,66178,14336,32768,2944,2cce54ac4795e07a87000188fc0ea1cd8de7243b8f2e5ee49eec44e84e706631,4f26c08585bc77a4ce5e2f7a446a6fa3b55f960f566fce8707ceb3836cceb28e,0,False,0.6480000019073486,0.6423999667167664,0.6389999985694885,0.7012740969657898,0.6955347061157227,0.6880811452865601,-0.6313043832778931,-0.632601261138916,-0.6381364464759827,,,,,,,,
2,journal_remaining_h2_rewired_tree_serial_bp,remaining_physical_experiment_runs/journal_remaining_h2_rewired_tree_serial_bp_20260813080159,16,10306,rewired_tree,serial_tree,full_bp,2,4x1,66178,66178,14336,32768,2944,1d5fa646b6fd1f5a16ea8001a07e8513bfcb180a498d09a38bf005aca9cfaf43,6d3445ce20a9da26b46c4fd2c27d938f5356efd919d4f02dfbe86b112480b09c,0,False,0.6509999632835388,0.6371999979019165,0.6473999619483948,0.7044689655303955,0.6870979070663452,0.6957953572273254,-0.6278946399688721,-0.6393354535102844,-0.6332579851150513,,,,,,,,
2,journal_remaining_h2_rewired_tree_serial_bp,remaining_physical_experiment_runs/journal_remaining_h2_rewired_tree_serial_bp_20260813080159,17,10307,rewired_tree,serial_tree,full_bp,2,4x1,66178,66178,14336,32768,2944,9d568dedbed561c3260518ac06aa6c0b33298f17165a39e1c1cbfc16e3531827,7fde4db79d2539c0f465f2f73de444fff5dd11f665e455d92f5cab466df44b5f,0,False,0.6455000042915344,0.646399974822998,0.6423999667167664,0.6944168210029602,0.6978318691253662,0.6944516897201538,-0.6348196268081665,-0.6324925422668457,-0.6338423490524292,,,,,,,,
2,journal_remaining_h2_rewired_tree_serial_bp,remaining_physical_experiment_runs/journal_remaining_h2_rewired_tree_serial_bp_20260813080159,18,10308,rewired_tree,serial_tree,full_bp,2,4x1,66178,66178,14336,32768,2944,aecdc492d79b1dab065c7100d6715a406acb1b97c4fdaf0567898fc6accccd86,cb2c2ae512c56e569259389bff13f574871c53fd85bb2195e316b239d8b4790c,0,False,0.6523000001907349,0.6376000046730042,0.6330999732017517,0.7078359723091125,0.6919731497764587,0.683570146560669,-0.6256149411201477,-0.6351215243339539,-0.6403876543045044,,,,,,,,
2,journal_remaining_h2_rewired_tree_serial_bp,remaining_physical_experiment_runs/journal_remaining_h2_rewired_tree_serial_bp_20260813080159,19,10309,rewired_tree,serial_tree,full_bp,2,4x1,66178,66178,14336,32768,2944,c24a7bc5a05d11e78115143a2e82e5adf333e1f61158dfea8da1b46df0819cad,922face32228783d4e46d598267fb9a4c4c2d0fe4428bba38d033ee9863d0e7f,0,False,0.6449999809265137,0.6362999677658081,0.6484000086784363,0.7022213339805603,0.6824390292167664,0.700722873210907,-0.6289064288139343,-0.6407316327095032,-0.6299035549163818,,,,,,,,
2,journal_remaining_h2_aligned_grouped_point_bp,remaining_physical_experiment_runs/journal_remaining_h2_aligned_grouped_point_bp_20260813080151,0,10300,aligned,grouped_point,full_bp,1,8,66178,66178,14336,32768,2944,f34e13721c8f9b7f93251a8172315657a6a3f985110a2c499a38ba10c640616e,e48de23ebb841c14ca809739ba28b19885c6944acaaa7244fd2a655c0e4168c2,0,False,0.6678000092506409,0.6561999917030334,0.6581999659538269,0.7309340834617615,0.7147470116615295,0.7213324904441833,-0.6071459054946899,-0.6199344396591187,-0.6138249635696411,,,,,,,,
2,journal_remaining_h2_aligned_grouped_point_bp,remaining_physical_experiment_runs/journal_remaining_h2_aligned_grouped_point_bp_20260813080151,1,10301,aligned,grouped_point,full_bp,1,8,66178,66178,14336,32768,2944,fe8e5d1108ee9200437fa15009a9b747ec7c93c4e77b7b5c8860d6110a150452,2cc14dec025c5ec1a87f1a7b77c898636f7f90a20592a6b7dfe05e602f1f28ad,0,False,0.6642000079154968,0.6650999784469604,0.6646999716758728,0.7224937677383423,0.7248048782348633,0.7272804975509644,-0.6143534779548645,-0.6116933226585388,-0.6102025508880615,,,,,,,,
2,journal_remaining_h2_aligned_grouped_point_bp,remaining_physical_experiment_runs/journal_remaining_h2_aligned_grouped_point_bp_20260813080151,2,10302,aligned,grouped_point,full_bp,1,8,66178,66178,14336,32768,2944,60049ddd6fa214a538aa0ecceed7202b52f94e647ac30ec52005c1234c2921cb,26787509a61c368df69e89fbbf29a732a501dbd18dee091a8388a4628ca011c9,0,False,0.6687999963760376,0.664900004863739,0.6631999611854553,0.7302088737487793,0.7279756665229797,0.7194414138793945,-0.6076232194900513,-0.6093605160713196,-0.6153562664985657,,,,,,,,
2,journal_remaining_h2_aligned_grouped_point_bp,remaining_physical_experiment_runs/journal_remaining_h2_aligned_grouped_point_bp_20260813080151,3,10303,aligned,grouped_point,full_bp,1,8,66178,66178,14336,32768,2944,ed32e5a893d5290255889c1f972ff7a6e1edd77aa58f72ab2fff4fd58cda6b0e,27bb64a477049447ca832ac054c195ebac82c4a6ee03ccf018aac6c2be09d144,0,False,0.6692000031471252,0.661899983882904,0.659500002861023,0.7322860956192017,0.720431387424469,0.7181825637817383,-0.6058954000473022,-0.6148927807807922,-0.6170217990875244,,,,,,,,
2,journal_remaining_h2_aligned_grouped_point_bp,remaining_physical_experiment_runs/journal_remaining_h2_aligned_grouped_point_bp_20260813080151,4,10304,aligned,grouped_point,full_bp,1,8,66178,66178,14336,32768,2944,7f7a8fa859b380fa22eef3f1b526f190301e618ba9d679a6d204f115dfacce41,73afbb76ceff30339f66647126a0717020c413eec54c9a8644583dd5a629a849,0,False,0.6642000079154968,0.6534000039100647,0.6572999954223633,0.7241358160972595,0.7150903940200806,0.7186319828033447,-0.6116140484809875,-0.6193928718566895,-0.6154257655143738,,,,,,,,
2,journal_remaining_h2_aligned_grouped_point_bp,remaining_physical_experiment_runs/journal_remaining_h2_aligned_grouped_point_bp_20260813080151,5,10305,aligned,grouped_point,full_bp,1,8,66178,66178,14336,32768,2944,b22a22d4fc3a84e3b1c088037ed894f254b4fbea08a7a0ab04db53e8d363596f,a4f06a3a2ee75368631e4d79f3c7d0a93d6be968c411cdc5f39e00e584cc09da,0,False,0.6642000079154968,0.6560999751091003,0.6505999565124512,0.723629891872406,0.716602623462677,0.7109169363975525,-0.6130933165550232,-0.6165051460266113,-0.6216253638267517,,,,,,,,
2,journal_remaining_h2_aligned_grouped_point_bp,remaining_physical_experiment_runs/journal_remaining_h2_aligned_grouped_point_bp_20260813080151,6,10306,aligned,grouped_point,full_bp,1,8,66178,66178,14336,32768,2944,41e7eca270ec453c0b4847c912c8384d6d94740fb4592ad91b0ac4135314a438,1992083eb9e9b2fc21f18aa4a759e25b04c5df170ecf7ff583aea0d6e805138b,0,False,0.663100004196167,0.6520000100135803,0.6646999716758728,0.7242315411567688,0.7101948857307434,0.7207075357437134,-0.6118217706680298,-0.6222907304763794,-0.6150573492050171,,,,,,,,
2,journal_remaining_h2_aligned_grouped_point_bp,remaining_physical_experiment_runs/journal_remaining_h2_aligned_grouped_point_bp_20260813080151,7,10307,aligned,grouped_point,full_bp,1,8,66178,66178,14336,32768,2944,5b254a08d7696b09de72068e4ac78d139f552f35de3b88097a71d3df4e6a2b0a,5cb3e2eaa04691d02807da5670352789a824169d67f2d5e67e6c2d4fb4453d99,0,False,0.6581999659538269,0.661899983882904,0.6575999855995178,0.715839684009552,0.7209680080413818,0.7163646221160889,-0.6183559894561768,-0.6151635646820068,-0.61785888671875,,,,,,,,
2,journal_remaining_h2_aligned_grouped_point_bp,remaining_physical_experiment_runs/journal_remaining_h2_aligned_grouped_point_bp_20260813080151,8,10308,aligned,grouped_point,full_bp,1,8,66178,66178,14336,32768,2944,2f0c3c78688a6655c3e0a114da0efcca141d7ce78a1bb3d557614593a25af5c1,3d67d3c83d684a89710a830f5cd9e3e555824c6cee4475310affbf10cbd2084d,0,False,0.6644999980926514,0.6538999676704407,0.649899959564209,0.7279251217842102,0.7139424681663513,0.7060161828994751,-0.6098325252532959,-0.6196635365486145,-0.6250908970832825,,,,,,,,
2,journal_remaining_h2_aligned_grouped_point_bp,remaining_physical_experiment_runs/journal_remaining_h2_aligned_grouped_point_bp_20260813080151,9,10309,aligned,grouped_point,full_bp,1,8,66178,66178,14336,32768,2944,5c9fa5186a45d46499809d72ada07cf2ab2a89f6cdcbe025a5945766d83903b4,cc15ab1cf6abf376a36b224ce376d8821a55aeb026ddd433d6ad9067e9a8734d,0,False,0.661300003528595,0.6486999988555908,0.6626999974250793,0.7208013534545898,0.7030184268951416,0.7206342220306396,-0.6144933700561523,-0.6271474957466125,-0.6151785254478455,,,,,,,,
2,journal_remaining_h2_aligned_grouped_point_bp,remaining_physical_experiment_runs/journal_remaining_h2_aligned_grouped_point_bp_20260813080151,10,10300,aligned,grouped_point,full_bp,2,4x1,66178,66178,14336,32768,2944,eaf445d0c64843faa20bd3d9b0ccc0d79c72d3ca43a2c01258c57c885a40c6cb,15b203ef1ea32f6766df0bbc1e14a22daba9f5c0f5dd89a94f43d837750dfed5,0,False,0.6675999760627747,0.6563000082969666,0.6583999991416931,0.7309505343437195,0.7149710655212402,0.7217611074447632,-0.607161283493042,-0.6198486685752869,-0.6136268973350525,,,,,,,,
2,journal_remaining_h2_aligned_grouped_point_bp,remaining_physical_experiment_runs/journal_remaining_h2_aligned_grouped_point_bp_20260813080151,11,10301,aligned,grouped_point,full_bp,2,4x1,66178,66178,14336,32768,2944,7aca829eac690f7d16e219f4842545a256a3582d40efdecdbd0cc51b73d3ad8c,0fd997f7fce3c014ac3fe7a2e58f6f1ae11169ce58c2efd07d9c5629366dc42f,0,False,0.6651999950408936,0.6644999980926514,0.6645999550819397,0.7224641442298889,0.7244945764541626,0.7270492911338806,-0.6144394278526306,-0.6119601130485535,-0.6104172468185425,,,,,,,,
2,journal_remaining_h2_aligned_grouped_point_bp,remaining_physical_experiment_runs/journal_remaining_h2_aligned_grouped_point_bp_20260813080151,12,10302,aligned,grouped_point,full_bp,2,4x1,66178,66178,14336,32768,2944,217a8b8a6f8ed63f4cb98cd2e5c5ae23cfc8f0c582c1a8826d0fd71bc30eb47a,6594310518dfd5e2e883b27103ee31f7677a9c27a0ef6162fea82e8cab9c5f26,0,False,0.6678999662399292,0.6646999716758728,0.6640999913215637,0.7301494479179382,0.7275243401527405,0.7193670272827148,-0.6077055335044861,-0.6096963882446289,-0.6154837012290955,,,,,,,,
2,journal_remaining_h2_aligned_grouped_point_bp,remaining_physical_experiment_runs/journal_remaining_h2_aligned_grouped_point_bp_20260813080151,13,10303,aligned,grouped_point,full_bp,2,4x1,66178,66178,14336,32768,2944,1b5f77501ccf8912dc7bbf0648b6de0dc8de5003fa202896e234a487702e5f6c,8af55cfca2e226a3aaf436951aecabdc8f396f4d6c22f5dac9d8b3249cf91f79,0,False,0.6690999865531921,0.6613999605178833,0.6597999930381775,0.7321286201477051,0.7202220559120178,0.7179572582244873,-0.6060000658035278,-0.6150763034820557,-0.6171818971633911,,,,,,,,
2,journal_remaining_h2_aligned_grouped_point_bp,remaining_physical_experiment_runs/journal_remaining_h2_aligned_grouped_point_bp_20260813080151,14,10304,aligned,grouped_point,full_bp,2,4x1,66178,66178,14336,32768,2944,04778350caf397a6bf398f0f9e62c2a29a4f647113d04cdd06f5d3049a401948,0635d6f6c1039ba1835d292da8fc9b417accd6d2a316dec02b114f816e68b938,0,False,0.6645999550819397,0.6541999578475952,0.6574000120162964,0.7242676615715027,0.7152904272079468,0.7188791036605835,-0.6114639639854431,-0.6191732287406921,-0.6152651906013489,,,,,,,,
2,journal_remaining_h2_aligned_grouped_point_bp,remaining_physical_experiment_runs/journal_remaining_h2_aligned_grouped_point_bp_20260813080151,15,10305,aligned,grouped_point,full_bp,2,4x1,66178,66178,14336,32768,2944,e678b9d3f62f3a1883ff19be19e14f646110affcb3271253b3d45581d63f26bf,79661b316b323618b04e9070e8a068798c48cafd2b729f3f4f660217c00c2682,0,False,0.6647999882698059,0.6578999757766724,0.6507999897003174,0.7237452864646912,0.7166813611984253,0.7109494209289551,-0.6130174994468689,-0.6163734793663025,-0.6215299367904663,,,,,,,,
2,journal_remaining_h2_aligned_grouped_point_bp,remaining_physical_experiment_runs/journal_remaining_h2_aligned_grouped_point_bp_20260813080151,16,10306,aligned,grouped_point,full_bp,2,4x1,66178,66178,14336,32768,2944,61e8aa099f055e32b1b245c5a2b02698351b4b9024c30cbabe8b5bfe43b73bdb,852752f506be16c00a8ab6c07d014a63837d40be90819ef3a7a721554a74f884,0,False,0.6645999550819397,0.6521999835968018,0.6651999950408936,0.7240847945213318,0.709854006767273,0.7202810645103455,-0.6120085716247559,-0.6227120161056519,-0.6155334115028381,,,,,,,,
2,journal_remaining_h2_aligned_grouped_point_bp,remaining_physical_experiment_runs/journal_remaining_h2_aligned_grouped_point_bp_20260813080151,17,10307,aligned,grouped_point,full_bp,2,4x1,66178,66178,14336,32768,2944,eb6c04a924bb82dc431f4899ebab62ee4096057b5501f99fa53ea3f3a59ee1c0,6b9c86550b0d330ea48291ab8ca50329ec3aee2b9c5c30da4f00bbfadf2e1aaf,0,False,0.6578999757766724,0.6611999869346619,0.6577999591827393,0.7155038118362427,0.7204890251159668,0.7159210443496704,-0.6185179352760315,-0.6154462695121765,-0.6180910468101501,,,,,,,,
2,journal_remaining_h2_aligned_grouped_point_bp,remaining_physical_experiment_runs/journal_remaining_h2_aligned_grouped_point_bp_20260813080151,18,10308,aligned,grouped_point,full_bp,2,4x1,66178,66178,14336,32768,2944,94e2914c61241448be68b41fc2bf204687f7ee15fa2a4468735bec9b9b17cb3f,31547cf6a183df5ab070f94fb89b67c3e8df69f02ee3b143ad1cadca2b1fff55,0,False,0.6642999649047852,0.6545000076293945,0.6485999822616577,0.7277796864509583,0.7136490345001221,0.7057749032974243,-0.609874427318573,-0.6198481321334839,-0.6251457333564758,,,,,,,,
2,journal_remaining_h2_aligned_grouped_point_bp,remaining_physical_experiment_runs/journal_remaining_h2_aligned_grouped_point_bp_20260813080151,19,10309,aligned,grouped_point,full_bp,2,4x1,66178,66178,14336,32768,2944,b9392e82c9f518f7bf3cd52d9220fe62190f0f60c0cd29712b5ce1d1ef0269cc,6076b003c4a5b3de6591d75942a6dd2d9105b2d1c05f3c0f6cb6dfdf81c0e0ed,0,False,0.6620000004768372,0.6480000019073486,0.6639999747276306,0.7208943963050842,0.7032794952392578,0.7207436561584473,-0.6144434809684753,-0.6270408034324646,-0.615126371383667,,,,,,,,
2,journal_remaining_h2_rewired_tree_grouped_point_bp,remaining_physical_experiment_runs/journal_remaining_h2_rewired_tree_grouped_point_bp_20260813080157,0,10300,rewired_tree,grouped_point,full_bp,1,8,66178,66178,14336,32768,2944,060859ecc089629e8cb1ef74a7f647af37843ed2e3b4e5c44580b69013f32847,ca8ec51cc69b979aab5c9ab6efd9a19be34e48912e860dfb9d87d01cb4cc9c0b,0,False,0.6679999828338623,0.6557999849319458,0.6585999727249146,0.7309429049491882,0.7146300673484802,0.7213351726531982,-0.6071764230728149,-0.6200267672538757,-0.6139048933982849,,,,,,,,
2,journal_remaining_h2_rewired_tree_grouped_point_bp,remaining_physical_experiment_runs/journal_remaining_h2_rewired_tree_grouped_point_bp_20260813080157,1,10301,rewired_tree,grouped_point,full_bp,1,8,66178,66178,14336,32768,2944,73c11bfde8bcc1714c47682b3dc6c6af99b3b8b0ccb7c26d159b1ef534fa53c4,b28e8a039cc608d8828791142e8ba44da916225ba957081fad654addf8f842c7,0,False,0.6658999919891357,0.6647999882698059,0.6650999784469604,0.7224297523498535,0.7245694398880005,0.7270740866661072,-0.6144679188728333,-0.611896276473999,-0.6103596687316895,,,,,,,,
2,journal_remaining_h2_rewired_tree_grouped_point_bp,remaining_physical_experiment_runs/journal_remaining_h2_rewired_tree_grouped_point_bp_20260813080157,2,10302,rewired_tree,grouped_point,full_bp,1,8,66178,66178,14336,32768,2944,220a570d6e95c6cb485ac67951408828fea1106b70d8a6e6ed815cd276173e91,13ca66432354819bba5c6463ba6603bb4858816702ac5265839aefd73e7cc5d8,0,False,0.6681999564170837,0.6650999784469604,0.6646999716758728,0.7302550673484802,0.7280547022819519,0.7196404933929443,-0.6075828671455383,-0.6093058586120605,-0.6152167916297913,,,,,,,,
2,journal_remaining_h2_rewired_tree_grouped_point_bp,remaining_physical_experiment_runs/journal_remaining_h2_rewired_tree_grouped_point_bp_20260813080157,3,10303,rewired_tree,grouped_point,full_bp,1,8,66178,66178,14336,32768,2944,518698991f17d5761f41e50663fe4b7a5d10f5695503bfea21c2237d41277ccf,76f29a7a8d086c428f0f17fbd6438a02e42c8666b9c8637e69f6c80e60430302,0,False,0.6693999767303467,0.6617000102996826,0.6602999567985535,0.7320654988288879,0.7201761603355408,0.7176868915557861,-0.6060707569122314,-0.6151366829872131,-0.6173431277275085,,,,,,,,
2,journal_remaining_h2_rewired_tree_grouped_point_bp,remaining_physical_experiment_runs/journal_remaining_h2_rewired_tree_grouped_point_bp_20260813080157,4,10304,rewired_tree,grouped_point,full_bp,1,8,66178,66178,14336,32768,2944,4af22840d0cec578a7a7853fd7604cfe4ce2809df00eef54ec74e5a4564338c7,0ef7918070879cdfb8ab571122f03e4ef7ec8f97655acd7ac77a31ba706717e1,0,False,0.6647999882698059,0.6545000076293945,0.65829998254776,0.7243576049804688,0.7156304121017456,0.7190438508987427,-0.6114240288734436,-0.6189478039741516,-0.6151180267333984,,,,,,,,
2,journal_remaining_h2_rewired_tree_grouped_point_bp,remaining_physical_experiment_runs/journal_remaining_h2_rewired_tree_grouped_point_bp_20260813080157,5,10305,rewired_tree,grouped_point,full_bp,1,8,66178,66178,14336,32768,2944,554efbb9f490de64340e11d9dc7944e1bc38c480c160b7ce572069cd503fc2f9,8f1b2c7834de4b7e24f0b6c683886a86416ee747dd580d47830e0212eeba08e1,0,False,0.6647999882698059,0.6572999954223633,0.6509999632835388,0.7236636281013489,0.716895341873169,0.711096465587616,-0.6130863428115845,-0.6163153052330017,-0.6214879155158997,,,,,,,,
2,journal_remaining_h2_rewired_tree_grouped_point_bp,remaining_physical_experiment_runs/journal_remaining_h2_rewired_tree_grouped_point_bp_20260813080157,6,10306,rewired_tree,grouped_point,full_bp,1,8,66178,66178,14336,32768,2944,e6c28e7863eebaeb21ee2ad5a5cce3cc8333c1f49db2728fadfda1d5276c56e8,13bef59ee7a327868f352d803a65dec988f4cf154376082b6badfcc90338c0e8,0,False,0.6631999611854553,0.6520999670028687,0.664900004863739,0.7242318391799927,0.7101323008537292,0.7207604646682739,-0.6118262410163879,-0.6224067211151123,-0.6151552796363831,,,,,,,,
2,journal_remaining_h2_rewired_tree_grouped_point_bp,remaining_physical_experiment_runs/journal_remaining_h2_rewired_tree_grouped_point_bp_20260813080157,7,10307,rewired_tree,grouped_point,full_bp,1,8,66178,66178,14336,32768,2944,8d7633526021274ae042fb5c0cb5c88baadb9e127071fded8f9cc6db57fd6967,e231a3eadfd868078adbf46616a2031c34a6a95606af0738e774d6f017bc8b8a,0,False,0.6592000126838684,0.6620000004768372,0.6581000089645386,0.7159451246261597,0.7213237881660461,0.7166838645935059,-0.6182429790496826,-0.6149016618728638,-0.6176420450210571,,,,,,,,
2,journal_remaining_h2_rewired_tree_grouped_point_bp,remaining_physical_experiment_runs/journal_remaining_h2_rewired_tree_grouped_point_bp_20260813080157,8,10308,rewired_tree,grouped_point,full_bp,1,8,66178,66178,14336,32768,2944,758bd32913722218fa95585eda7523d26e438cb91d9d7c9335bacd1080caf287,8345bae0d9ee79afe19cbde3b38a6934c464671d33d3c3b66ee5e6d032fd864f,0,False,0.664900004863739,0.6548999547958374,0.6487999558448792,0.7280071973800659,0.714043915271759,0.7062476277351379,-0.6097230911254883,-0.6195240020751953,-0.6249310374259949,,,,,,,,
2,journal_remaining_h2_rewired_tree_grouped_point_bp,remaining_physical_experiment_runs/journal_remaining_h2_rewired_tree_grouped_point_bp_20260813080157,9,10309,rewired_tree,grouped_point,full_bp,1,8,66178,66178,14336,32768,2944,12549a03158365c3a284ed2a5024392dafbfa807ac8dc6eebc147d3ff2c233e2,db1ca221b08e8448c5bcf23dae9fffb2e95b97cdec0f6ba121ce8983f9c932a6,0,False,0.6599000096321106,0.6480000019073486,0.6629999876022339,0.7208854556083679,0.7031224966049194,0.7207959890365601,-0.6144258379936218,-0.6270782351493835,-0.6151013374328613,,,,,,,,
2,journal_remaining_h2_rewired_tree_grouped_point_bp,remaining_physical_experiment_runs/journal_remaining_h2_rewired_tree_grouped_point_bp_20260813080157,10,10300,rewired_tree,grouped_point,full_bp,2,4x1,66178,66178,14336,32768,2944,c047f9291d5701908e74098ef3a0729cb4d09ca68282e2ab88458cd250d42419,3b255accbc0dec223a3a8f0a5e63038a652d8b08115eafb676b3f9ef0789a49a,0,False,0.6672999858856201,0.6553999781608582,0.6578999757766724,0.7306825518608093,0.7143411040306091,0.7208808064460754,-0.6073434948921204,-0.6202576756477356,-0.6142035722732544,,,,,,,,
2,journal_remaining_h2_rewired_tree_grouped_point_bp,remaining_physical_experiment_runs/journal_remaining_h2_rewired_tree_grouped_point_bp_20260813080157,11,10301,rewired_tree,grouped_point,full_bp,2,4x1,66178,66178,14336,32768,2944,d116ce0f4f3f878bd89baee5562813464772bfaf2ab4a98be9ed2eb841c03c1b,99252b8e9b13ce3f9d55069dc5779e3cc77763e73639f44e85f15be797d064b8,0,False,0.6662999987602234,0.6639999747276306,0.6642999649047852,0.7223755121231079,0.724448025226593,0.7269002199172974,-0.6144917011260986,-0.6119255423545837,-0.6104468703269958,,,,,,,,
2,journal_remaining_h2_rewired_tree_grouped_point_bp,remaining_physical_experiment_runs/journal_remaining_h2_rewired_tree_grouped_point_bp_20260813080157,12,10302,rewired_tree,grouped_point,full_bp,2,4x1,66178,66178,14336,32768,2944,bad1dbb5b431d347b715336383491358db726dfc76efa1f2c1440c02d1880f55,f7c462db4c2facd976d0c5e503ebb6962b3a832d88b385bc18acd5d4b1bc5d9d,0,False,0.6682999730110168,0.6644999980926514,0.6631999611854553,0.7301052212715149,0.7278124690055847,0.7193259000778198,-0.6076751947402954,-0.6094567179679871,-0.6154418587684631,,,,,,,,
2,journal_remaining_h2_rewired_tree_grouped_point_bp,remaining_physical_experiment_runs/journal_remaining_h2_rewired_tree_grouped_point_bp_20260813080157,13,10303,rewired_tree,grouped_point,full_bp,2,4x1,66178,66178,14336,32768,2944,eb51a0ec889079609292812ac53b3beddcd82a7159ae60ff4846af80ec9f023e,f944a2e3f6ab36b9a49cf52e023d7c4e4bd4830aa447ffd5e3afca1af35015eb,0,False,0.6681999564170837,0.6622999906539917,0.6599999666213989,0.7318242192268372,0.7198843359947205,0.7174968719482422,-0.6061685681343079,-0.6153929829597473,-0.6174228191375732,,,,,,,,
2,journal_remaining_h2_rewired_tree_grouped_point_bp,remaining_physical_experiment_runs/journal_remaining_h2_rewired_tree_grouped_point_bp_20260813080157,14,10304,rewired_tree,grouped_point,full_bp,2,4x1,66178,66178,14336,32768,2944,6225758106fef6dcdf1425cc95650f215f6e15c83172233b4f218c92bac64c87,bcbf4a4b2957d61c488e9a7851726d3eb59d1dae594b79f2cabc824962a1e522,0,False,0.6642999649047852,0.6536999940872192,0.65829998254776,0.7245049476623535,0.715884804725647,0.7191747426986694,-0.611312210559845,-0.6187670826911926,-0.6149920225143433,,,,,,,,
2,journal_remaining_h2_rewired_tree_grouped_point_bp,remaining_physical_experiment_runs/journal_remaining_h2_rewired_tree_grouped_point_bp_20260813080157,15,10305,rewired_tree,grouped_point,full_bp,2,4x1,66178,66178,14336,32768,2944,8332434c1fe64b9fbe055c0f35c13f7204a0ca5c26db333931b40e725d076631,cbedcd72493c7393433573149acd86cf67d2b9a82613de6a107866d9062d31d1,0,False,0.6645999550819397,0.6570999622344971,0.651199996471405,0.7237001657485962,0.7166103720664978,0.710991621017456,-0.6130648255348206,-0.6164432168006897,-0.6215828657150269,,,,,,,,
2,journal_remaining_h2_rewired_tree_grouped_point_bp,remaining_physical_experiment_runs/journal_remaining_h2_rewired_tree_grouped_point_bp_20260813080157,16,10306,rewired_tree,grouped_point,full_bp,2,4x1,66178,66178,14336,32768,2944,3743ed3ccd37514479fa2c153ae723a18fafb1cb74ef9c1b3a067fa93b2bca90,ad0dde9d20611c73fd588da109a5099c60f021b53077bb15a9258d875a58e583,0,False,0.6635000109672546,0.6535999774932861,0.6643999814987183,0.724210262298584,0.7102388739585876,0.720698893070221,-0.6118156313896179,-0.6223222613334656,-0.6151390671730042,,,,,,,,
2,journal_remaining_h2_rewired_tree_grouped_point_bp,remaining_physical_experiment_runs/journal_remaining_h2_rewired_tree_grouped_point_bp_20260813080157,17,10307,rewired_tree,grouped_point,full_bp,2,4x1,66178,66178,14336,32768,2944,df15e4841b2ed5788aea9dec07c5f0aad4f07599c0e27dbffe85b4e0b92c6d36,a85f4aa7de325ff317be1b58787114458ad31ec462287bf8d7b493b21b582e6f,0,False,0.6596999764442444,0.6607999801635742,0.6579999923706055,0.7156558632850647,0.7208642959594727,0.7163164615631104,-0.6184087991714478,-0.615202009677887,-0.6178300380706787,,,,,,,,
2,journal_remaining_h2_rewired_tree_grouped_point_bp,remaining_physical_experiment_runs/journal_remaining_h2_rewired_tree_grouped_point_bp_20260813080157,18,10308,rewired_tree,grouped_point,full_bp,2,4x1,66178,66178,14336,32768,2944,5d7a1542054a2be8c0e57134ddfd9cb4f9bf64afbb105fe22614728f7b443d50,d3eaa76c94f3cc5c45d25c7fa05ac5dc56e2918b62489cc00b94890645fecd17,0,False,0.664900004863739,0.6541999578475952,0.6498000025749207,0.7278323173522949,0.7137742638587952,0.7059153318405151,-0.6098799705505371,-0.619783878326416,-0.6251653432846069,,,,,,,,
2,journal_remaining_h2_rewired_tree_grouped_point_bp,remaining_physical_experiment_runs/journal_remaining_h2_rewired_tree_grouped_point_bp_20260813080157,19,10309,rewired_tree,grouped_point,full_bp,2,4x1,66178,66178,14336,32768,2944,da39361a41a9ebda89ed3fb0796ad8d8895f743a1935bddeeb03a6ba9aee0db5,423cca791682fbc3d13fe13d4cb665d0ce1672bfcf7823baec6a56294b336bc3,0,False,0.6599999666213989,0.6484000086784363,0.663599967956543,0.7207272052764893,0.7028906941413879,0.7204492688179016,-0.6145027875900269,-0.6271499991416931,-0.6152817010879517,,,,,,,,
2,journal_remaining_h2_aligned_serial_local3f,remaining_physical_experiment_runs/journal_remaining_h2_aligned_serial_local3f_20260813080155,0,10300,aligned,serial_tree,local_shared,1,8,66178,66178,14336,32768,2944,2dc2bf25cc5d8ec3f52bf0b9b59780912811020c39759cd71758fc7a6a177566,051e746d480bb44d091304de0ba1ed80771b637bd7a6e10fc9517a34c53bc572,0,False,0.6669999957084656,0.6520999670028687,0.6556999683380127,0.7273127436637878,0.7103683948516846,0.7168487906455994,-0.610162079334259,-0.6227595210075378,-0.6171413660049438,,,,,,,,
2,journal_remaining_h2_aligned_serial_local3f,remaining_physical_experiment_runs/journal_remaining_h2_aligned_serial_local3f_20260813080155,1,10301,aligned,serial_tree,local_shared,1,8,66178,66178,14336,32768,2944,e577ac95777bed92254cda44da1a913540909cc7030b6e86cc5115d157aa2a99,e1a5e536a8df0ea44cdd62144c7c4854a869b94f060524294b8224f5dcf6fa7c,0,False,0.6628999710083008,0.6602999567985535,0.6608999967575073,0.7191142439842224,0.7203931212425232,0.7225781679153442,-0.617341160774231,-0.6154956817626953,-0.6141664981842041,,,,,,,,
2,journal_remaining_h2_aligned_serial_local3f,remaining_physical_experiment_runs/journal_remaining_h2_aligned_serial_local3f_20260813080155,2,10302,aligned,serial_tree,local_shared,1,8,66178,66178,14336,32768,2944,b09a02cb99cd76d169a4fe87492ee92a4efcb48cb337b8f8956c82672926ada5,bb26f889875658b8d8bae7fbd15b65837b858e472cb849f2a65ccff1c4f6d223,0,False,0.6657999753952026,0.6613999605178833,0.6596999764442444,0.7263636589050293,0.7230316996574402,0.7138001322746277,-0.6109030842781067,-0.6130033135414124,-0.6191269159317017,,,,,,,,
2,journal_remaining_h2_aligned_serial_local3f,remaining_physical_experiment_runs/journal_remaining_h2_aligned_serial_local3f_20260813080155,3,10303,aligned,serial_tree,local_shared,1,8,66178,66178,14336,32768,2944,e11724c214d7fd575637a328adec20e30cc82dda5e6d4e47fbaa34c7914551d7,6ec6f641ebebf97d8d3116712df08a3d4a3ca2dd3e59a341ff2baeed8408d79d,0,False,0.6664999723434448,0.6620999574661255,0.6575999855995178,0.7288454174995422,0.716824471950531,0.7137687802314758,-0.6089139580726624,-0.6175896525382996,-0.6199442148208618,,,,,,,,
2,journal_remaining_h2_aligned_serial_local3f,remaining_physical_experiment_runs/journal_remaining_h2_aligned_serial_local3f_20260813080155,4,10304,aligned,serial_tree,local_shared,1,8,66178,66178,14336,32768,2944,8f9494c024cdcaeaa8b0358dbc054b654e3abb288a52c936a7901a6c5bba4d64,6007648646e52581bee0a55df8e3d2f5ff13ddc5a017c7e498eb3b7bd0e1d66e,0,False,0.6617000102996826,0.6516000032424927,0.6547999978065491,0.72063809633255,0.7105647921562195,0.7153953313827515,-0.6143572330474854,-0.6223130822181702,-0.6179315447807312,,,,,,,,
2,journal_remaining_h2_aligned_serial_local3f,remaining_physical_experiment_runs/journal_remaining_h2_aligned_serial_local3f_20260813080155,5,10305,aligned,serial_tree,local_shared,1,8,66178,66178,14336,32768,2944,1d8d412f13dfc2c1ab4977087f13635377337b7caf1dd86260629f88546f6d3d,443b1d3aa5bab9309f455e8a58249e08f8416de9f0ab3442e3e625ed35f7cfca,0,False,0.661300003528595,0.6552000045776367,0.6466000080108643,0.7186095714569092,0.7141649723052979,0.7067662477493286,-0.6173983216285706,-0.6188521981239319,-0.6243370175361633,,,,,,,,
2,journal_remaining_h2_aligned_serial_local3f,remaining_physical_experiment_runs/journal_remaining_h2_aligned_serial_local3f_20260813080155,6,10306,aligned,serial_tree,local_shared,1,8,66178,66178,14336,32768,2944,b31c51162a057d97318cd9aacbf397169cb77d46d2c2026a147928dc5dd360c7,ec7c0acd59d88d7ba8ce2305d0f32f3759865b3b6991ec3904f747054d5054da,0,False,0.661300003528595,0.6484999656677246,0.6601999998092651,0.7205979228019714,0.7049149870872498,0.7150881886482239,-0.6148195862770081,-0.6257255673408508,-0.6193332076072693,,,,,,,,
2,journal_remaining_h2_aligned_serial_local3f,remaining_physical_experiment_runs/journal_remaining_h2_aligned_serial_local3f_20260813080155,7,10307,aligned,serial_tree,local_shared,1,8,66178,66178,14336,32768,2944,bbaaaf85d74d5e4a2b5a3faac4240730ec5d2adf2ba2e1f83825e8456c3c3cfb,b39a6025603914fc9178f00dfc48903c124366ccc38a442012a5f0734339fcc1,0,False,0.6570999622344971,0.659500002861023,0.652999997138977,0.712597131729126,0.7175663709640503,0.7130961418151855,-0.620864748954773,-0.6182374954223633,-0.6203145384788513,,,,,,,,
2,journal_remaining_h2_aligned_serial_local3f,remaining_physical_experiment_runs/journal_remaining_h2_aligned_serial_local3f_20260813080155,8,10308,aligned,serial_tree,local_shared,1,8,66178,66178,14336,32768,2944,d7ab270abf55f67565fae84a81a7710ac34eb8b604ac3030566ecfb555e590f1,519bebe0ae15be63c1c6befbf251cf93ac4c9d2efe1ecce00feb19f911c19429,0,False,0.6635000109672546,0.6484000086784363,0.645799994468689,0.7236143946647644,0.7086357474327087,0.701587438583374,-0.6134083867073059,-0.6229743957519531,-0.6276333928108215,,,,,,,,
2,journal_remaining_h2_aligned_serial_local3f,remaining_physical_experiment_runs/journal_remaining_h2_aligned_serial_local3f_20260813080155,9,10309,aligned,serial_tree,local_shared,1,8,66178,66178,14336,32768,2944,970ae33c7fe6207c7bf739cac4a18219f072913c8cd3af2d66a6cd3fb0f91cfb,b21e288f75910ba201717a1be9129b5eb774ad8b8858fd72723e208336153b9d,0,False,0.6563000082969666,0.6444999575614929,0.6563000082969666,0.7174264192581177,0.6984953880310059,0.7165478467941284,-0.617229163646698,-0.6298823356628418,-0.6182393431663513,,,,,,,,
2,journal_remaining_h2_aligned_serial_local3f,remaining_physical_experiment_runs/journal_remaining_h2_aligned_serial_local3f_20260813080155,10,10300,aligned,serial_tree,local_path,1,8,66178,66178,14336,32768,2944,cc7e1ba698657687f8a095c278abccd98825a649b80a4ab90051f348cd5e73f5,85815ccfe86c1c916921c965ad115a2000be4c91138e63de1175803b39beaa88,0,False,0.6667999625205994,0.6524999737739563,0.6566999554634094,0.7272907495498657,0.7103492021560669,0.716776967048645,-0.6101755499839783,-0.6227559447288513,-0.6172017455101013,,,,,,,,
2,journal_remaining_h2_aligned_serial_local3f,remaining_physical_experiment_runs/journal_remaining_h2_aligned_serial_local3f_20260813080155,11,10301,aligned,serial_tree,local_path,1,8,66178,66178,14336,32768,2944,ba3628e47303126072f8ca4ad9b7be41bcd501a45c667327c4bc2f1aa3047cf6,bc9b07935fce961ca775d0a7e847e6084cc8dc97766af511cf86fbd89333785a,0,False,0.6639999747276306,0.6613999605178833,0.6599999666213989,0.7189798355102539,0.7203279733657837,0.7224958539009094,-0.6174310445785522,-0.615563690662384,-0.614268958568573,,,,,,,,
2,journal_remaining_h2_aligned_serial_local3f,remaining_physical_experiment_runs/journal_remaining_h2_aligned_serial_local3f_20260813080155,12,10302,aligned,serial_tree,local_path,1,8,66178,66178,14336,32768,2944,ea5d0f055673a17e6c900cdd81a7f73bae7e914f9eaf0d608a2931bbaf030947,3f98e2fedea7585b9de25baf334cbd8f025f95064f52e2b092c8af9f88094579,0,False,0.6657999753952026,0.6602999567985535,0.6589999794960022,0.7264259457588196,0.7230808734893799,0.7141286134719849,-0.6108178496360779,-0.6130366325378418,-0.6188523769378662,,,,,,,,
2,journal_remaining_h2_aligned_serial_local3f,remaining_physical_experiment_runs/journal_remaining_h2_aligned_serial_local3f_20260813080155,13,10303,aligned,serial_tree,local_path,1,8,66178,66178,14336,32768,2944,aec7edcd91fc33215f8caa328a4722f9f8584c9121c03b9639c0ab37fcbd8903,f7430c1ba62ced0701a412eb62a0764020e45208c3bcb3510920a7772106b252,0,False,0.6656999588012695,0.6614999771118164,0.6561999917030334,0.7286868691444397,0.7168592810630798,0.7130577564239502,-0.6090741157531738,-0.6175410747528076,-0.6204172968864441,,,,,,,,
2,journal_remaining_h2_aligned_serial_local3f,remaining_physical_experiment_runs/journal_remaining_h2_aligned_serial_local3f_20260813080155,14,10304,aligned,serial_tree,local_path,1,8,66178,66178,14336,32768,2944,fffc2fe3a8373429ba5fb3bef93464b43e512c1c7ef0b25d9d50fc29a09ec53a,27bad5cf7f45aad6c43fb175c7a8acaf69a0fbf684763685db0579fe6a33bbe9,0,False,0.661300003528595,0.6520999670028687,0.6543999910354614,0.7206734418869019,0.7104577422142029,0.7153763175010681,-0.6143524050712585,-0.622356116771698,-0.6179512143135071,,,,,,,,
2,journal_remaining_h2_aligned_serial_local3f,remaining_physical_experiment_runs/journal_remaining_h2_aligned_serial_local3f_20260813080155,15,10305,aligned,serial_tree,local_path,1,8,66178,66178,14336,32768,2944,6ffbd14fde7d541431fcc75d1ce0b0cb25fe23e0398544d1158951ebe4382589,b58bcdb7ab46352f445db745d71fa110293beae57b466203942c0fd6d81973f4,0,False,0.6606000065803528,0.6553999781608582,0.6466000080108643,0.7188198566436768,0.7140457630157471,0.7068753838539124,-0.6172464489936829,-0.6189259886741638,-0.624321460723877,,,,,,,,
2,journal_remaining_h2_aligned_serial_local3f,remaining_physical_experiment_runs/journal_remaining_h2_aligned_serial_local3f_20260813080155,16,10306,aligned,serial_tree,local_path,1,8,66178,66178,14336,32768,2944,5074739cb062dfa25a809c0fcbf3a731bca49551b657d8576de9127a8928734f,06dc57635bce4d742ad0e0e837fb0ed7c18d25c3cb40101de25b04d8805177d9,0,False,0.6609999537467957,0.6484000086784363,0.6597999930381775,0.720600426197052,0.7048801779747009,0.714980959892273,-0.6148369908332825,-0.6257438063621521,-0.6194192171096802,,,,,,,,
2,journal_remaining_h2_aligned_serial_local3f,remaining_physical_experiment_runs/journal_remaining_h2_aligned_serial_local3f_20260813080155,17,10307,aligned,serial_tree,local_path,1,8,66178,66178,14336,32768,2944,9a0c72040101567a0d43aad3e3f3456ca70b7bec13e61bbfef04e7b696e2c929,eb82e8376c900d4c3f0db0b4a43afb167700391db19f6e521cb25f31e67f4c65,0,False,0.6567999720573425,0.6592999696731567,0.6531999707221985,0.7125460505485535,0.7175293564796448,0.713051438331604,-0.6208975315093994,-0.6182332634925842,-0.6203607320785522,,,,,,,,
2,journal_remaining_h2_aligned_serial_local3f,remaining_physical_experiment_runs/journal_remaining_h2_aligned_serial_local3f_20260813080155,18,10308,aligned,serial_tree,local_path,1,8,66178,66178,14336,32768,2944,5ba64fc36cd8d62ce1fe9821c49ac3d7b308358c1458c5bf67db360a1810be86,6f2ab282a19e07ab8e6b0d5f946d90c0ea5c2077cdeaab497d18035343304db3,0,False,0.6645999550819397,0.6491999626159668,0.6446999907493591,0.7239078283309937,0.7089676856994629,0.7015294432640076,-0.6131592392921448,-0.6227850317955017,-0.6276594996452332,,,,,,,,
2,journal_remaining_h2_aligned_serial_local3f,remaining_physical_experiment_runs/journal_remaining_h2_aligned_serial_local3f_20260813080155,19,10309,aligned,serial_tree,local_path,1,8,66178,66178,14336,32768,2944,04caa9f294f7a80571b0a249144608b97e13da7a0c76ed84b5546c8e5dcf7928,f73c8681607df21fb02b552fc839c4080752018277bef3667249d43c02649580,0,False,0.6563000082969666,0.644599974155426,0.6567999720573425,0.7174586653709412,0.6984899044036865,0.7166413068771362,-0.6172022223472595,-0.6298505663871765,-0.6181902885437012,,,,,,,,
2,journal_remaining_h2_aligned_serial_local3f,remaining_physical_experiment_runs/journal_remaining_h2_aligned_serial_local3f_20260813080155,20,10300,aligned,serial_tree,local_shared,2,4x1,66178,66178,14336,32768,2944,7501093f75ae738718f2b9caf6562fc8dc4ff5d29ef44ac5653b846fb18efc73,1de4d64820c7ddd40c3525801b6306a09bfeb75126753daeaa51c207b10c222c,0,False,0.8438000082969666,0.8333999514579773,0.8409000039100647,0.9337732791900635,0.9267930388450623,0.9300366640090942,-0.46833881735801697,-0.476047158241272,-0.4736800789833069,,,,,,,,
2,journal_remaining_h2_aligned_serial_local3f,remaining_physical_experiment_runs/journal_remaining_h2_aligned_serial_local3f_20260813080155,21,10301,aligned,serial_tree,local_shared,2,4x1,66178,66178,14336,32768,2944,ef7a4afb761331a2aa4b8a9476d1f2afa17bcc127facf49ba772543c624e6c2a,5655cc664652acdfb3e35431063f373f1bd595071f2bd31c6a4c3610493e6b96,0,False,0.8835999965667725,0.8851000070571899,0.8858000040054321,0.9445449709892273,0.948267936706543,0.9466865062713623,-0.47084882855415344,-0.4706001877784729,-0.4692680537700653,,,,,,,,
2,journal_remaining_h2_aligned_serial_local3f,remaining_physical_experiment_runs/journal_remaining_h2_aligned_serial_local3f_20260813080155,22,10302,aligned,serial_tree,local_shared,2,4x1,66178,66178,14336,32768,2944,54cd407b71e84b0da0be64304ad58eabedc7f9453a7354a1a9045d42051fe85a,dc2b43c908f3c3a95e68336fad6d2cc5de07d9766b67b3719d5b57701760879f,0,False,0.9072999954223633,0.9059000015258789,0.9017999768257141,0.9542055726051331,0.9506935477256775,0.950471043586731,-0.4527549743652344,-0.4542907178401947,-0.4560844600200653,,,,,,,,
2,journal_remaining_h2_aligned_serial_local3f,remaining_physical_experiment_runs/journal_remaining_h2_aligned_serial_local3f_20260813080155,23,10303,aligned,serial_tree,local_shared,2,4x1,66178,66178,14336,32768,2944,e513928f233ca21bcc90962db9ac7249b46f99dab964018566f27b76b0a6504a,f8d3f4b73e5e6eca85beaa3ba4aff8d8ef67290478043243af92abf3b63e4586,0,False,0.8461999893188477,0.8374999761581421,0.8312999606132507,0.9262403249740601,0.9241294264793396,0.9183246493339539,-0.47340109944343567,-0.47693538665771484,-0.4803730249404907,,,,,,,,
2,journal_remaining_h2_aligned_serial_local3f,remaining_physical_experiment_runs/journal_remaining_h2_aligned_serial_local3f_20260813080155,24,10304,aligned,serial_tree,local_shared,2,4x1,66178,66178,14336,32768,2944,f258a4ccb971375bded7e979f1d45045bc4e81c8b06eebdbc816fe58dee9f053,effe9afed5b0ba38a89c4e557e502452a70a91a800760f64780e086373516696,0,False,0.8353999853134155,0.8301999568939209,0.8321999907493591,0.9186728000640869,0.9100019931793213,0.9147111773490906,-0.48341816663742065,-0.48915183544158936,-0.48661160469055176,,,,,,,,
2,journal_remaining_h2_aligned_serial_local3f,remaining_physical_experiment_runs/journal_remaining_h2_aligned_serial_local3f_20260813080155,25,10305,aligned,serial_tree,local_shared,2,4x1,66178,66178,14336,32768,2944,e0a05ccd500bbf63be4ab9b08f6961d64c388e1c23875f5364a4eb66e82f3ba7,3da6d4ec2602993967a33feae8e4939c58efe42a7dc6904203ecf11bb178ca1f,0,False,0.8804000020027161,0.8817999958992004,0.882099986076355,0.9415267109870911,0.9430426955223083,0.9405571818351746,-0.4678146243095398,-0.4684475362300873,-0.47111043334007263,,,,,,,,
2,journal_remaining_h2_aligned_serial_local3f,remaining_physical_experiment_runs/journal_remaining_h2_aligned_serial_local3f_20260813080155,26,10306,aligned,serial_tree,local_shared,2,4x1,66178,66178,14336,32768,2944,16f409cf08f0762363dff40797b567a6a2442f0b5f645c7d976539eba67f12d6,18fc2cdc4c58aef97a213623d279385471d2500d2891f840f68e1afb66f0a349,0,False,0.887999951839447,0.8818999528884888,0.8833999633789062,0.9454748630523682,0.9425133466720581,0.9404988884925842,-0.4605807960033417,-0.46593552827835083,-0.46405360102653503,,,,,,,,
2,journal_remaining_h2_aligned_serial_local3f,remaining_physical_experiment_runs/journal_remaining_h2_aligned_serial_local3f_20260813080155,27,10307,aligned,serial_tree,local_shared,2,4x1,66178,66178,14336,32768,2944,9dc3bdcde085722dce78b4e538c6ab5cadbd1adc9bf840dfe8bbd0b0d6c121b7,7fe89f4444204a163ce2b156549bf02197217820cdee9c9db337e4fa940326af,0,False,0.8974999785423279,0.8889999985694885,0.9017999768257141,0.9533936977386475,0.9505297541618347,0.9536294937133789,-0.4623367488384247,-0.46319979429244995,-0.4623405635356903,,,,,,,,
2,journal_remaining_h2_aligned_serial_local3f,remaining_physical_experiment_runs/journal_remaining_h2_aligned_serial_local3f_20260813080155,28,10308,aligned,serial_tree,local_shared,2,4x1,66178,66178,14336,32768,2944,89a7797497c3b0bed47ddc2f4ebb17a89e4a08cce7e4bb72d17fe3e01ee96ec5,88471f0b492b3ea43f71e23fabaef0edf9f2a226e07f7021a3750844fe56f163,0,False,0.8343999981880188,0.8276999592781067,0.8172000050544739,0.9172667264938354,0.9130542278289795,0.9068110585212708,-0.4769400358200073,-0.4825604259967804,-0.4863467514514923,,,,,,,,
2,journal_remaining_h2_aligned_serial_local3f,remaining_physical_experiment_runs/journal_remaining_h2_aligned_serial_local3f_20260813080155,29,10309,aligned,serial_tree,local_shared,2,4x1,66178,66178,14336,32768,2944,02747eba119497b0efb5783d8a877a60486e3892a3f8fb08d1bd6ca89a19b6ec,0bf545e2896b7ed298928b1bf511624c991bbd8551fc6b8eccc739194dbca921,0,False,0.9002999663352966,0.8865999579429626,0.8944000005722046,0.9535726308822632,0.946308970451355,0.952156662940979,-0.4559206962585449,-0.4622598886489868,-0.456657350063324,,,,,,,,
2,journal_remaining_h2_aligned_serial_local3f,remaining_physical_experiment_runs/journal_remaining_h2_aligned_serial_local3f_20260813080155,30,10300,aligned,serial_tree,local_path,2,4x1,66178,66178,14336,32768,2944,b9330fa9a681c9abb2afeab2971deb170126c5417b4a65d78fdc1fabb1258c2b,ca472eef530effdfc463e2ef18731bc6cd89a099d8988714d6f39828ebd8a03b,0,False,0.9738999605178833,0.9706999659538269,0.9733999967575073,0.9841486215591431,0.9803231358528137,0.9838001728057861,-0.3344758152961731,-0.341220498085022,-0.33840200304985046,,,,,,,,
2,journal_remaining_h2_aligned_serial_local3f,remaining_physical_experiment_runs/journal_remaining_h2_aligned_serial_local3f_20260813080155,31,10301,aligned,serial_tree,local_path,2,4x1,66178,66178,14336,32768,2944,953e8bc9f2f12446e1f21ca2655e2ab25ca467cb7a4c21408551ac885d021707,96ecb3d44f53f88e52eccba69eaa82af25c7419b88dcf8b8144ed72d04b6396b,0,False,0.9663999676704407,0.9709999561309814,0.9692999720573425,0.9813841581344604,0.9845467805862427,0.9852721691131592,-0.3436123728752136,-0.3425236642360687,-0.342083603143692,,,,,,,,
2,journal_remaining_h2_aligned_serial_local3f,remaining_physical_experiment_runs/journal_remaining_h2_aligned_serial_local3f_20260813080155,32,10302,aligned,serial_tree,local_path,2,4x1,66178,66178,14336,32768,2944,cd550fc1f9cc5d7f2a1ef9341e15561d091df5b0a8b8043359b2af256068e261,2e726eb2f91b6acd9f79c9037e92b316d356cb9d5998d20c219ae62edd8bbbb3,0,False,0.9644999504089355,0.962399959564209,0.9612999558448792,0.9846355319023132,0.9841854572296143,0.9835107326507568,-0.34238168597221375,-0.34448885917663574,-0.34315070509910583,,,,,,,,
2,journal_remaining_h2_aligned_serial_local3f,remaining_physical_experiment_runs/journal_remaining_h2_aligned_serial_local3f_20260813080155,33,10303,aligned,serial_tree,local_path,2,4x1,66178,66178,14336,32768,2944,aa7df5728fc6b529c5c5a1b6c8e72c39d6223092af28742f377c8e83f65d5eff,c2af08d839d28b3408e9f8d46468223bf095b2a3bbc00e5d82a51b282455299c,0,False,0.9705999493598938,0.9693999886512756,0.9696999788284302,0.9851202964782715,0.9841902256011963,0.9790303707122803,-0.3346528708934784,-0.33465906977653503,-0.34024274349212646,,,,,,,,
2,journal_remaining_h2_aligned_serial_local3f,remaining_physical_experiment_runs/journal_remaining_h2_aligned_serial_local3f_20260813080155,34,10304,aligned,serial_tree,local_path,2,4x1,66178,66178,14336,32768,2944,f29b73bba388aaf78445eb938cc62e299210137a6dd7d93bb1a238ce208cf24f,68a66ea9424343ba4213975a6afb0790c98b59e954b18a1ade22de8e144b325c,0,False,0.9726999998092651,0.9709999561309814,0.9731999635696411,0.9849027991294861,0.9794794321060181,0.98393714427948,-0.3304949700832367,-0.3388490676879883,-0.33479008078575134,,,,,,,,
2,journal_remaining_h2_aligned_serial_local3f,remaining_physical_experiment_runs/journal_remaining_h2_aligned_serial_local3f_20260813080155,35,10305,aligned,serial_tree,local_path,2,4x1,66178,66178,14336,32768,2944,a53a042100da32c2fee2a4da225e64cc8404e0cc5670ad4f3272fd01da57f508,26422efb2412aeb7e3500dd8a4506cf78432b42bc21bd6b052a081589e4da9c3,0,False,0.9717999696731567,0.9728999733924866,0.9721999764442444,0.9805468916893005,0.9846488833427429,0.9837326407432556,-0.34130698442459106,-0.3403780162334442,-0.34074780344963074,,,,,,,,
2,journal_remaining_h2_aligned_serial_local3f,remaining_physical_experiment_runs/journal_remaining_h2_aligned_serial_local3f_20260813080155,36,10306,aligned,serial_tree,local_path,2,4x1,66178,66178,14336,32768,2944,88131f0afd50ebb47fa5f20b9bd5046bc758468c978e7d766f2031d307e57374,b75e9a545e4bc4731bd2fe2d40da23d38ff654bba8c1c0c9ac996c3e53d9690a,0,False,0.9699999690055847,0.9702999591827393,0.9678999781608582,0.9831030964851379,0.9822473526000977,0.9818611145019531,-0.34207963943481445,-0.3449734151363373,-0.34603947401046753,,,,,,,,
2,journal_remaining_h2_aligned_serial_local3f,remaining_physical_experiment_runs/journal_remaining_h2_aligned_serial_local3f_20260813080155,37,10307,aligned,serial_tree,local_path,2,4x1,66178,66178,14336,32768,2944,df91eb102a9bd3c29484e5eb61ebe109b823fe3bbc30cf3bce6aee775706b579,dc5e2a265baf10d46a1c18a7db1b73b1120dd9304a9b79454e4d769842ba1584,0,False,0.9608999490737915,0.9580000042915344,0.960599958896637,0.9839590191841125,0.983948290348053,0.9842520952224731,-0.3343310058116913,-0.3365424573421478,-0.3360239267349243,,,,,,,,
2,journal_remaining_h2_aligned_serial_local3f,remaining_physical_experiment_runs/journal_remaining_h2_aligned_serial_local3f_20260813080155,38,10308,aligned,serial_tree,local_path,2,4x1,66178,66178,14336,32768,2944,96091dc45b006a823d3c9f1f248f244c5b84edb81e9c08cdd4f549c8ed0fd667,47bb9176c465137a65bf64ca47767a463c3aa5bac131ec0fe22d74787e240d26,0,False,0.9700999855995178,0.9693999886512756,0.9684999585151672,0.984810471534729,0.9847872853279114,0.983985185623169,-0.3263126313686371,-0.32852405309677124,-0.32832399010658264,,,,,,,,
2,journal_remaining_h2_aligned_serial_local3f,remaining_physical_experiment_runs/journal_remaining_h2_aligned_serial_local3f_20260813080155,39,10309,aligned,serial_tree,local_path,2,4x1,66178,66178,14336,32768,2944,5cd11e60b563fab3a153858cadf3e28ad42ff90717c2d0190088920e1cb05b87,6878cd761efce17f4af05ba7d02d8a24b537e4958aee61deb2f2e9ba8bc80c1d,0,False,0.9710999727249146,0.9695999622344971,0.9695999622344971,0.983975350856781,0.9823102355003357,0.9845312237739563,-0.33388400077819824,-0.33632633090019226,-0.33499160408973694,,,,,,,,
2,journal_remaining_h2_rewired_tree_serial_local3f,remaining_physical_experiment_runs/journal_remaining_h2_rewired_tree_serial_local3f_20260813080200,0,10300,rewired_tree,serial_tree,local_shared,1,8,66178,66178,14336,32768,2944,c32bc3636b23b10c6ddbdf90e09720140894fc9dfd315078d1a38975482ddbbc,c9851a83d8a9daf6409ae6245e19fb03fe6cd0bbf92e0013efa277975f6eb23d,0,False,0.6667999625205994,0.653499960899353,0.6574000120162964,0.7274059057235718,0.7104686498641968,0.7171548008918762,-0.6100685000419617,-0.6225766539573669,-0.6168724298477173,,,,,,,,
2,journal_remaining_h2_rewired_tree_serial_local3f,remaining_physical_experiment_runs/journal_remaining_h2_rewired_tree_serial_local3f_20260813080200,1,10301,rewired_tree,serial_tree,local_shared,1,8,66178,66178,14336,32768,2944,26985d4701fccfcd4566b0bd58376d3f5f01f64a9199deaed6282ba8ae91985d,079074dce2805d4542a764a24de3b55d62c1d4b9f7c8c2df73f7e267bf842586,0,False,0.6625999808311462,0.6601999998092651,0.6602999567985535,0.7188629508018494,0.7201404571533203,0.7223296165466309,-0.6174760460853577,-0.6156314015388489,-0.6143450736999512,,,,,,,,
2,journal_remaining_h2_rewired_tree_serial_local3f,remaining_physical_experiment_runs/journal_remaining_h2_rewired_tree_serial_local3f_20260813080200,2,10302,rewired_tree,serial_tree,local_shared,1,8,66178,66178,14336,32768,2944,6b2480667cc1891ea515b720a25b1a1489e93730cde626f964fc5e235bbb2bcd,8ca15aa364d203a2d3992184cf629813f3edef465a4b27cc532b7398f85153d1,0,False,0.6667999625205994,0.6588999629020691,0.6603999733924866,0.7265166640281677,0.7232993841171265,0.7147254347801208,-0.6107516288757324,-0.6129432320594788,-0.6184958219528198,,,,,,,,
2,journal_remaining_h2_rewired_tree_serial_local3f,remaining_physical_experiment_runs/journal_remaining_h2_rewired_tree_serial_local3f_20260813080200,3,10303,rewired_tree,serial_tree,local_shared,1,8,66178,66178,14336,32768,2944,e3f4f5d132500c39b9899bb0b8f1dd830bb315ffb61b7d0b1247f1cc80b55aca,42f95e9258284512c298f817af110da127e04ac5e7b70a27c02acf08b6089a3c,0,False,0.6660999655723572,0.6615999937057495,0.6563000082969666,0.728803813457489,0.7166723012924194,0.7133083343505859,-0.6089532971382141,-0.6176755428314209,-0.6201733946800232,,,,,,,,
2,journal_remaining_h2_rewired_tree_serial_local3f,remaining_physical_experiment_runs/journal_remaining_h2_rewired_tree_serial_local3f_20260813080200,4,10304,rewired_tree,serial_tree,local_shared,1,8,66178,66178,14336,32768,2944,54cc760bfd74148c146266786b3904bb2fcd7072c6a588a3e0ed8edaf9c1a148,c1eadb1a5bc069d279b965ae4b8f25fa2b14d16f6ffa03e5736f5520261cbeab,0,False,0.661300003528595,0.6502999663352966,0.6536999940872192,0.7207027077674866,0.710284411907196,0.7152897715568542,-0.6143792867660522,-0.6224662661552429,-0.617977499961853,,,,,,,,
2,journal_remaining_h2_rewired_tree_serial_local3f,remaining_physical_experiment_runs/journal_remaining_h2_rewired_tree_serial_local3f_20260813080200,5,10305,rewired_tree,serial_tree,local_shared,1,8,66178,66178,14336,32768,2944,79638fd6ab48b96e9abb6cd6011efb8df7284f4f49b539dba69d3accfefbd73c,5134157a3cc702d88c92dbd3eda0ec6d4a171756d6cc71fd251da0168b3e08a0,0,False,0.6615999937057495,0.6556999683380127,0.645799994468689,0.7189902663230896,0.7139037847518921,0.7068897485733032,-0.6171634793281555,-0.6189991235733032,-0.6243108510971069,,,,,,,,
2,journal_remaining_h2_rewired_tree_serial_local3f,remaining_physical_experiment_runs/journal_remaining_h2_rewired_tree_serial_local3f_20260813080200,6,10306,rewired_tree,serial_tree,local_shared,1,8,66178,66178,14336,32768,2944,054d74e686a62f8e219b7b761170142688e51a82170242d5f5e4ae8b058426b4,b8accbfa2fbcb768ecac0f09c045916aa45f6b8249ef9b768e4babe17e6bf1e5,0,False,0.661799967288971,0.648099958896637,0.6603999733924866,0.7206395268440247,0.7049437761306763,0.7155568599700928,-0.6147906184196472,-0.6257853507995605,-0.6191204786300659,,,,,,,,
2,journal_remaining_h2_rewired_tree_serial_local3f,remaining_physical_experiment_runs/journal_remaining_h2_rewired_tree_serial_local3f_20260813080200,7,10307,rewired_tree,serial_tree,local_shared,1,8,66178,66178,14336,32768,2944,53d98085bfad7eb7f6b0c5e72ce25f4610cbaad9c2fa9ca1a2e4f37a8feea95f,33e657c0542c87dd83c9bfcefdff611a4969da65db4317430fee52529670df42,0,False,0.6567999720573425,0.6602999567985535,0.6541000008583069,0.7125462293624878,0.7177479863166809,0.7130720019340515,-0.6208701729774475,-0.6180895566940308,-0.6202976703643799,,,,,,,,
2,journal_remaining_h2_rewired_tree_serial_local3f,remaining_physical_experiment_runs/journal_remaining_h2_rewired_tree_serial_local3f_20260813080200,8,10308,rewired_tree,serial_tree,local_shared,1,8,66178,66178,14336,32768,2944,133acf5cd4c2f19d6d5b13276210ad0e719c1d8f9f75affbd8dfb524c13aeb0f,8f04121279f3bc8993eb71c4188d7b122bb11747fd0ec388f45922d717618e90,0,False,0.6639999747276306,0.6502999663352966,0.6462000012397766,0.7237730622291565,0.7088026404380798,0.7014927864074707,-0.6132413744926453,-0.622828483581543,-0.627612292766571,,,,,,,,
2,journal_remaining_h2_rewired_tree_serial_local3f,remaining_physical_experiment_runs/journal_remaining_h2_rewired_tree_serial_local3f_20260813080200,9,10309,rewired_tree,serial_tree,local_shared,1,8,66178,66178,14336,32768,2944,33e00f04fd3274bfa1de8a6fe3b94d5418948dda24f81952f9977b7ff71ac18a,96d4ab38c1c405a0253a2b98b6edb6725dd331892698e0e9846a0d1bc975b4cb,0,False,0.6559999585151672,0.6450999975204468,0.6571999788284302,0.717499852180481,0.6985411047935486,0.7168204188346863,-0.6171529293060303,-0.6298418045043945,-0.618101179599762,,,,,,,,
2,journal_remaining_h2_rewired_tree_serial_local3f,remaining_physical_experiment_runs/journal_remaining_h2_rewired_tree_serial_local3f_20260813080200,10,10300,rewired_tree,serial_tree,local_path,1,8,66178,66178,14336,32768,2944,700ce284f90d01cf544e1bffd8a6728ea0f2e9b63f1c7eb9282fc95171898819,7e8dab48423b209c082c38a84e0f1ba961303dd5421dacf7a0ca0d308f65d347,0,False,0.6668999791145325,0.6534000039100647,0.6578999757766724,0.7273573875427246,0.7104250192642212,0.71698397397995,-0.6100911498069763,-0.6225875020027161,-0.616982638835907,,,,,,,,
2,journal_remaining_h2_rewired_tree_serial_local3f,remaining_physical_experiment_runs/journal_remaining_h2_rewired_tree_serial_local3f_20260813080200,11,10301,rewired_tree,serial_tree,local_path,1,8,66178,66178,14336,32768,2944,68e714ac3444527d6483e44017c012c1e2614c2143e0ab5e3784e5f0468d7efa,84679091dec33e6373803c1a0e1ddc4863f261e8356739fc18924f05a2533025,0,False,0.6629999876022339,0.661799967288971,0.6592999696731567,0.7188836932182312,0.7201220989227295,0.7222092747688293,-0.6174980998039246,-0.6156654953956604,-0.6144031286239624,,,,,,,,
2,journal_remaining_h2_rewired_tree_serial_local3f,remaining_physical_experiment_runs/journal_remaining_h2_rewired_tree_serial_local3f_20260813080200,12,10302,rewired_tree,serial_tree,local_path,1,8,66178,66178,14336,32768,2944,b8eb933132719b9e052db0a6cef35677c3fd68190d912ab7d7946e723747ff6a,037cfd439018838c63b2cd9d5f6fa192761070183c0de05d3e74d8d210048471,0,False,0.667199969291687,0.6588999629020691,0.6606999635696411,0.7264281511306763,0.7232730984687805,0.7148832082748413,-0.6108101010322571,-0.61304771900177,-0.6184359192848206,,,,,,,,
2,journal_remaining_h2_rewired_tree_serial_local3f,remaining_physical_experiment_runs/journal_remaining_h2_rewired_tree_serial_local3f_20260813080200,13,10303,rewired_tree,serial_tree,local_path,1,8,66178,66178,14336,32768,2944,b28a1d4fc4831e414beba2eae98a189b8a0c07f5409c54315f604d122ec992d4,15166713ce238f48ed55449e0daa45e0059752c3fb52cf937f5c2fdc2f3c309e,0,False,0.6657999753952026,0.6613999605178833,0.6560999751091003,0.728740930557251,0.7167835235595703,0.712973415851593,-0.6090545654296875,-0.6176000833511353,-0.6204445958137512,,,,,,,,
2,journal_remaining_h2_rewired_tree_serial_local3f,remaining_physical_experiment_runs/journal_remaining_h2_rewired_tree_serial_local3f_20260813080200,14,10304,rewired_tree,serial_tree,local_path,1,8,66178,66178,14336,32768,2944,e886354bdaaaa6e764567bc9ba0134265027bde5a8320b2decb78ed3f1e5b31f,b800738712f7e3c6bf12ae9fba79843e9b654da0975cd0d730e4ffdc23552460,0,False,0.661799967288971,0.6502999663352966,0.6525999903678894,0.7207087874412537,0.7106713652610779,0.7154321670532227,-0.614376962184906,-0.6221961975097656,-0.6178566813468933,,,,,,,,
2,journal_remaining_h2_rewired_tree_serial_local3f,remaining_physical_experiment_runs/journal_remaining_h2_rewired_tree_serial_local3f_20260813080200,15,10305,rewired_tree,serial_tree,local_path,1,8,66178,66178,14336,32768,2944,e5a08d876901ac83d247376a5cc6de677e1b1c84a2869096b2e68cd53bf0f508,5f4baf452547ecb570ce67485f483900974e05661d8d3066a5935a5910252d07,0,False,0.6599999666213989,0.6556999683380127,0.6473000049591064,0.7186433672904968,0.7140439748764038,0.706843376159668,-0.6174129843711853,-0.6189135313034058,-0.6242902278900146,,,,,,,,
2,journal_remaining_h2_rewired_tree_serial_local3f,remaining_physical_experiment_runs/journal_remaining_h2_rewired_tree_serial_local3f_20260813080200,16,10306,rewired_tree,serial_tree,local_path,1,8,66178,66178,14336,32768,2944,a22de1c6a2de6f5e217fd3718294be8bbb58069a8f39e5310b8884f9e3a3612c,145f548a09813b17c13b750ed978a4dfa876569cb7c7f90ef802fa21ef034561,0,False,0.661899983882904,0.6489999890327454,0.660099983215332,0.7206249833106995,0.7050719261169434,0.7154067158699036,-0.6147916913032532,-0.6257437467575073,-0.6192723512649536,,,,,,,,
2,journal_remaining_h2_rewired_tree_serial_local3f,remaining_physical_experiment_runs/journal_remaining_h2_rewired_tree_serial_local3f_20260813080200,17,10307,rewired_tree,serial_tree,local_path,1,8,66178,66178,14336,32768,2944,a89775ee1fb9e017e40febf40f7bc35ca3927181b3a8126f6d9e52b60b02ec68,76dba0c4bd2fdac26cceb0b81c909cdbb5952221e0e090e11eae2587285d79db,0,False,0.6572999954223633,0.6596999764442444,0.6538000106811523,0.7126462459564209,0.7177004814147949,0.7131327986717224,-0.6208101511001587,-0.6181145310401917,-0.6202487349510193,,,,,,,,
2,journal_remaining_h2_rewired_tree_serial_local3f,remaining_physical_experiment_runs/journal_remaining_h2_rewired_tree_serial_local3f_20260813080200,18,10308,rewired_tree,serial_tree,local_path,1,8,66178,66178,14336,32768,2944,d9df654526bb23788dd91aa32624af926a3ddc9553b7aafcd4b82bf5badfed5f,a7c71007fb6ea4c5d462fa716960d006d162bd5c0cdf9be7ff816086d256a717,0,False,0.6639999747276306,0.6495000123977661,0.6456999778747559,0.7236124873161316,0.7086322903633118,0.7012876868247986,-0.6133144497871399,-0.622969925403595,-0.6277625560760498,,,,,,,,
2,journal_remaining_h2_rewired_tree_serial_local3f,remaining_physical_experiment_runs/journal_remaining_h2_rewired_tree_serial_local3f_20260813080200,19,10309,rewired_tree,serial_tree,local_path,1,8,66178,66178,14336,32768,2944,657fbbb5688ea489cbfb6bfc5c9b62434ad6db20b58fd610f404ef84acd370ad,898c29ea7aa0d021b51a38fa902479a1978864fccc9a145ef048575f24d52cdd,0,False,0.6561999917030334,0.6448000073432922,0.6577000021934509,0.7176244854927063,0.6987290978431702,0.7169464230537415,-0.6170790791511536,-0.6297456622123718,-0.6180263161659241,,,,,,,,
2,journal_remaining_h2_rewired_tree_serial_local3f,remaining_physical_experiment_runs/journal_remaining_h2_rewired_tree_serial_local3f_20260813080200,20,10300,rewired_tree,serial_tree,local_shared,2,4x1,66178,66178,14336,32768,2944,ccb488b5839ba34847aa521a946a5410b3facb9bee08c794d7c71d5b8e086209,9da17756c510cf06756f231eb6168f6f664c5916df7710422cb8e23a69464f0c,0,False,0.6477999687194824,0.6437999606132507,0.640999972820282,0.704078733921051,0.6896937489509583,0.6947897672653198,-0.6288424730300903,-0.6380799412727356,-0.6331586837768555,,,,,,,,
2,journal_remaining_h2_rewired_tree_serial_local3f,remaining_physical_experiment_runs/journal_remaining_h2_rewired_tree_serial_local3f_20260813080200,21,10301,rewired_tree,serial_tree,local_shared,2,4x1,66178,66178,14336,32768,2944,b3df1b18c7f2e128bcad68d2f0716f78a6c4d6b5dff8a69c7d838596d3e1af36,664bbb2a5178df24d25ab1beceb529221ac334600c288226dfec7868bf156adf,0,False,0.6455000042915344,0.6406999826431274,0.6416000127792358,0.6924688220024109,0.6933331489562988,0.6982897520065308,-0.6363871693611145,-0.6340324878692627,-0.6315922141075134,,,,,,,,
2,journal_remaining_h2_rewired_tree_serial_local3f,remaining_physical_experiment_runs/journal_remaining_h2_rewired_tree_serial_local3f_20260813080200,22,10302,rewired_tree,serial_tree,local_shared,2,4x1,66178,66178,14336,32768,2944,c1ee6eee6ccdfb50185462340f5156defdd77d60da5c41f3af80683e6c3839bf,ea005e033d993b1cfbc725e6e2e2837114a7dc7679a36434eacaf358c989a3f1,0,False,0.6473999619483948,0.6414999961853027,0.640500009059906,0.7005825638771057,0.6999279856681824,0.694183349609375,-0.6303213238716125,-0.6304545998573303,-0.634312093257904,,,,,,,,
2,journal_remaining_h2_rewired_tree_serial_local3f,remaining_physical_experiment_runs/journal_remaining_h2_rewired_tree_serial_local3f_20260813080200,23,10303,rewired_tree,serial_tree,local_shared,2,4x1,66178,66178,14336,32768,2944,7d815c57f4d5aeacb9a1cbd276befb6727d6342ff62bf8d07a16cca5900deea1,6605f0cf459aa2899d28ca277a7ffa444e0eedfb60769b6ca9153a066d6e3347,0,False,0.6470999717712402,0.6405999660491943,0.6373999714851379,0.7041159272193909,0.6949737071990967,0.6882883310317993,-0.6274665594100952,-0.6339179277420044,-0.6381760835647583,,,,,,,,
2,journal_remaining_h2_rewired_tree_serial_local3f,remaining_physical_experiment_runs/journal_remaining_h2_rewired_tree_serial_local3f_20260813080200,24,10304,rewired_tree,serial_tree,local_shared,2,4x1,66178,66178,14336,32768,2944,6960f93c2c1072382f6715db31ce50d3f29e882466640c9085864359f6515826,eac7e0112b39f6b6423ed2a042d955200327d20bdfaa5c05dab37a2ea208df6f,0,False,0.6435999870300293,0.6345999836921692,0.6398999691009521,0.697931706905365,0.6875078678131104,0.6937307119369507,-0.6325138807296753,-0.6388018131256104,-0.6347169280052185,,,,,,,,
2,journal_remaining_h2_rewired_tree_serial_local3f,remaining_physical_experiment_runs/journal_remaining_h2_rewired_tree_serial_local3f_20260813080200,25,10305,rewired_tree,serial_tree,local_shared,2,4x1,66178,66178,14336,32768,2944,4c7bbd2b679002fe99c57f06f28168a2781d2781dca9fe6c47da384cab58581d,66f2eab4222c36e7f404dac28bb3fb965375c79c5d6c9563bdea673ebd937d9f,0,False,0.6412999629974365,0.6408999562263489,0.6341999769210815,0.6951512098312378,0.6947795748710632,0.6853852868080139,-0.6352037191390991,-0.6342828869819641,-0.6402451395988464,,,,,,,,
2,journal_remaining_h2_rewired_tree_serial_local3f,remaining_physical_experiment_runs/journal_remaining_h2_rewired_tree_serial_local3f_20260813080200,26,10306,rewired_tree,serial_tree,local_shared,2,4x1,66178,66178,14336,32768,2944,d1a03acddb8cbe7c1fd123d3fca9eeca022c425d21713ed0198e54a679caef33,fbbaf267b0a34461d34a516e7508e62ef5587a58f9eb9dd7212eb579277f8ebf,0,False,0.6480000019073486,0.6297999620437622,0.6434000134468079,0.698969304561615,0.6827046275138855,0.6910791993141174,-0.6318415999412537,-0.6414571404457092,-0.6360377669334412,,,,,,,,
2,journal_remaining_h2_rewired_tree_serial_local3f,remaining_physical_experiment_runs/journal_remaining_h2_rewired_tree_serial_local3f_20260813080200,27,10307,rewired_tree,serial_tree,local_shared,2,4x1,66178,66178,14336,32768,2944,d6c29b7411d84e5e8580c567f1fc46a9ce2d102d0ca6db6f6a65b8a144916f32,56b2bdec2d521d0caa34269f8e6dc96039c7cac31bb86397b006203d86f123cd,0,False,0.6390999555587769,0.6416999697685242,0.6328999996185303,0.6866517066955566,0.6919138431549072,0.6884883046150208,-0.6394748687744141,-0.636364758014679,-0.6377262473106384,,,,,,,,
2,journal_remaining_h2_rewired_tree_serial_local3f,remaining_physical_experiment_runs/journal_remaining_h2_rewired_tree_serial_local3f_20260813080200,28,10308,rewired_tree,serial_tree,local_shared,2,4x1,66178,66178,14336,32768,2944,5ec4996c0b1cef612a7e63170378d513715ad3529ef149888334e33111e6637b,057c18c3781aa48f765aaf2319e4e4e9e61d2d9fd3ea33a620ee149366069d9f,0,False,0.6470999717712402,0.6312999725341797,0.6277999877929688,0.6987040042877197,0.6870726346969604,0.6784765720367432,-0.6316539645195007,-0.6377462148666382,-0.6429992318153381,,,,,,,,
2,journal_remaining_h2_rewired_tree_serial_local3f,remaining_physical_experiment_runs/journal_remaining_h2_rewired_tree_serial_local3f_20260813080200,29,10309,rewired_tree,serial_tree,local_shared,2,4x1,66178,66178,14336,32768,2944,c7c20eeb8d13e7aca13791c1135f60a9b101c99d6daf10f7e42d2285a9620959,1e6295f07739a89ef29aa3a420a8f76b54cf30b9ca73a9688410b4e74adf2efa,0,False,0.6362000107765198,0.6291999816894531,0.6402999758720398,0.6944411993026733,0.6780763864517212,0.6952970623970032,-0.6343281269073486,-0.6433140635490417,-0.6339601874351501,,,,,,,,
2,journal_remaining_h2_rewired_tree_serial_local3f,remaining_physical_experiment_runs/journal_remaining_h2_rewired_tree_serial_local3f_20260813080200,30,10300,rewired_tree,serial_tree,local_path,2,4x1,66178,66178,14336,32768,2944,30c08056d7d08e606fa707a5a06e242d9d68c1c322503741f9f4f15bfc6f3f44,b41a54829d6e3962c16df1211256625b593b48c4be4d37190cc5b4c4345c18e6,0,False,0.6473999619483948,0.640999972820282,0.6378999948501587,0.7017198204994202,0.6870864033699036,0.6925049424171448,-0.6303665637969971,-0.6395717263221741,-0.6346014738082886,,,,,,,,
2,journal_remaining_h2_rewired_tree_serial_local3f,remaining_physical_experiment_runs/journal_remaining_h2_rewired_tree_serial_local3f_20260813080200,31,10301,rewired_tree,serial_tree,local_path,2,4x1,66178,66178,14336,32768,2944,bf2ff9af51d06eb8e246566cf4f2e66dac176815ddbc6189bc53a00cb0ddde25,2d00bbf2db740b4437078527a8b9bb5ce5e0fe823a557644366cf4ac91248fd5,0,False,0.6438999772071838,0.6395999789237976,0.640500009059906,0.6904489398002625,0.6901963353157043,0.6951330304145813,-0.637458860874176,-0.635796070098877,-0.633467435836792,,,,,,,,
2,journal_remaining_h2_rewired_tree_serial_local3f,remaining_physical_experiment_runs/journal_remaining_h2_rewired_tree_serial_local3f_20260813080200,32,10302,rewired_tree,serial_tree,local_path,2,4x1,66178,66178,14336,32768,2944,4901195fe5613f795bd6815821c1f3c9d1b3994dd0b9c57dfc8ac6461412bea6,cc21d4366c95cff18ac14889dd0bf885fe8fa2730c52f15ff61895f7d8f6e0f6,0,False,0.6438999772071838,0.6419999599456787,0.6365000009536743,0.6997128129005432,0.6967368721961975,0.6884047985076904,-0.6309923529624939,-0.6320976614952087,-0.6372970342636108,,,,,,,,
2,journal_remaining_h2_rewired_tree_serial_local3f,remaining_physical_experiment_runs/journal_remaining_h2_rewired_tree_serial_local3f_20260813080200,33,10303,rewired_tree,serial_tree,local_path,2,4x1,66178,66178,14336,32768,2944,10bc4a583615a89181f7ce35b2828c0c3ffe429e86b8942e450bf3b1be03a4dd,f018e14a03c22905305e271809791a98f5f73a1e947fb203b49a394518b4047c,0,False,0.6431999802589417,0.6394000053405762,0.6352999806404114,0.7022944092750549,0.6917277574539185,0.6863880157470703,-0.628588855266571,-0.6356550455093384,-0.6395041942596436,,,,,,,,
2,journal_remaining_h2_rewired_tree_serial_local3f,remaining_physical_experiment_runs/journal_remaining_h2_rewired_tree_serial_local3f_20260813080200,34,10304,rewired_tree,serial_tree,local_path,2,4x1,66178,66178,14336,32768,2944,37fd95f31403734124b9f1c8a521847d7ea9a72901b0a5f11804e67f227c3236,cf1e61c84d53f331270ec2128ce45e634150725e8d28457c3d74adb2a6453656,0,False,0.6412999629974365,0.6311999559402466,0.6380999684333801,0.6968110203742981,0.6851926445960999,0.6913021802902222,-0.6331391334533691,-0.6401710510253906,-0.6360299587249756,,,,,,,,
2,journal_remaining_h2_rewired_tree_serial_local3f,remaining_physical_experiment_runs/journal_remaining_h2_rewired_tree_serial_local3f_20260813080200,35,10305,rewired_tree,serial_tree,local_path,2,4x1,66178,66178,14336,32768,2944,87cb793b27c6b5a1182958e362ff6251a2ec46eb95ad75d77c85c75ca5e23a27,54bd06aac48be3c80a1c23689436c00605d9049e2653c24c1423092f66d44c13,0,False,0.6401000022888184,0.6381999850273132,0.6283999681472778,0.6898726224899292,0.6908608078956604,0.6810359954833984,-0.6381447911262512,-0.6364355683326721,-0.6422249674797058,,,,,,,,
2,journal_remaining_h2_rewired_tree_serial_local3f,remaining_physical_experiment_runs/journal_remaining_h2_rewired_tree_serial_local3f_20260813080200,36,10306,rewired_tree,serial_tree,local_path,2,4x1,66178,66178,14336,32768,2944,8ce7efa11b2c2d9e9eb51ca2f37119d6594dab4bdbd01ce8990bea81c04f271e,5486469a1ac030b5a71675f69e4b855bde8783599110eaafe26be99043b3575f,0,False,0.6474999785423279,0.6258999705314636,0.642300009727478,0.6977094411849976,0.6802440881729126,0.687827467918396,-0.6326919198036194,-0.6429979205131531,-0.6379435658454895,,,,,,,,
2,journal_remaining_h2_rewired_tree_serial_local3f,remaining_physical_experiment_runs/journal_remaining_h2_rewired_tree_serial_local3f_20260813080200,37,10307,rewired_tree,serial_tree,local_path,2,4x1,66178,66178,14336,32768,2944,ee5b8298934a320dcb4d4be3398dd006b0752817fbbc74b0df930a80edd387b8,9380c4739e0f78cd56edf38f554a66ede39e3be50197fc8e76664a7f5bd94171,0,False,0.6376999616622925,0.6407999992370605,0.632099986076355,0.6848361492156982,0.6889738440513611,0.6856034398078918,-0.640595555305481,-0.6380383372306824,-0.6394515037536621,,,,,,,,
2,journal_remaining_h2_rewired_tree_serial_local3f,remaining_physical_experiment_runs/journal_remaining_h2_rewired_tree_serial_local3f_20260813080200,38,10308,rewired_tree,serial_tree,local_path,2,4x1,66178,66178,14336,32768,2944,c8d54c05c84bb42814b396344c8e6ebf532d8f639749d4642ce40301063ac9b6,3ed3d71366d73e42e56a814e412cd6f9ac34991c4e8af9601e1353ed88a883d5,0,False,0.6473999619483948,0.6306999921798706,0.626800000667572,0.6974611282348633,0.6843706965446472,0.675599992275238,-0.632211446762085,-0.6390999555587769,-0.6444798707962036,,,,,,,,
2,journal_remaining_h2_rewired_tree_serial_local3f,remaining_physical_experiment_runs/journal_remaining_h2_rewired_tree_serial_local3f_20260813080200,39,10309,rewired_tree,serial_tree,local_path,2,4x1,66178,66178,14336,32768,2944,3450195723b83e3cdfb9d6ef405b462835cf601ce90ce2736fd9b6c0e93969d6,2a836098f6613af88ad8175c5955688b72ecbea5b78f7ec04ea4ef67d0f4c918,0,False,0.635699987411499,0.6280999779701233,0.6358999609947205,0.6933297514915466,0.6756174564361572,0.6934342384338379,-0.634732186794281,-0.6446667909622192,-0.6349574327468872,,,,,,,,
3,aligned_shunting_bp,nonlinear_physical_depth_runs/journal_confirmatory_physical_depth_aligned_shunting_bp_20260812005127,0,10200,aligned,serial_tree,full_bp,1,8,66178,66178,14336,21760,2944,e6dcaf522a46767fd3c3f8ea9ca4d88f36ed9e78784781963701736697d5db0f,4547077be6516f757d6986608d33d53a170c586217a2f15b4ef04c6ea880d739,0,False,0.6108999848,0.6096999645,0.606400013,0.6601752639,0.6586434245,0.6502332091,-0.6521507502,-0.6526201367,-0.6570517421,shunting,bp,backpropagation,0.8,0.25,0.25,,
3,aligned_shunting_bp,nonlinear_physical_depth_runs/journal_confirmatory_physical_depth_aligned_shunting_bp_20260812005127,1,10201,aligned,serial_tree,full_bp,1,8,66178,66178,14336,21760,2944,d16501d2607d90079fb5fd8bb2747aa90c9cdb46b89ed9b9d25603475907f0a8,eb9072a04cd0e00eda78547f308b41c89abe241cc756394a913c9df08dcbd947,0,False,0.6215999722,0.6114000082,0.6128999591,0.6720296144,0.6546087861,0.654812932,-0.6457358003,-0.6555148363,-0.6555994749,shunting,bp,backpropagation,0.8,0.25,0.25,,
3,aligned_shunting_bp,nonlinear_physical_depth_runs/journal_confirmatory_physical_depth_aligned_shunting_bp_20260812005127,2,10202,aligned,serial_tree,full_bp,1,8,66178,66178,14336,21760,2944,1fd91d82a231007e1a38fc5dcb2442102ca9576c2eedbad212c83896c45d6d33,f19e9b596d8cb7c8369649351fb059e79123dfa0244c32136ed607318c5bf4e4,0,False,0.6152999997,0.611899972,0.6169999838,0.6639364362,0.6550343037,0.6562231183,-0.6496047378,-0.6552029848,-0.6553328037,shunting,bp,backpropagation,0.8,0.25,0.25,,
3,aligned_shunting_bp,nonlinear_physical_depth_runs/journal_confirmatory_physical_depth_aligned_shunting_bp_20260812005127,3,10203,aligned,serial_tree,full_bp,1,8,66178,66178,14336,21760,2944,f2d82d67fa1795a581bd92113025ded4dc80a83b32ac123aad68627aade467e0,f3e7f349962e144b26246a7134ae6975c21a3d272fc6fccc0c03eaa6acd63c6e,0,False,0.6216999888,0.6132999659,0.6112999916,0.6651751399,0.6597490907,0.6516067386,-0.6499741077,-0.6535053253,-0.6569125652,shunting,bp,backpropagation,0.8,0.25,0.25,,
3,aligned_shunting_bp,nonlinear_physical_depth_runs/journal_confirmatory_physical_depth_aligned_shunting_bp_20260812005127,4,10204,aligned,serial_tree,full_bp,1,8,66178,66178,14336,21760,2944,92b5d700bea9dfb770fdde0be85668bfcdd54c138de91783da2ecb9a28e26fad,a26d0aab87ac00ad10a3d6314664c651967112a5dbf8a32a3d847099916a36f4,0,False,0.6252999902,0.6114000082,0.6006999612,0.6696227789,0.6536968946,0.644226253,-0.6484482288,-0.6558936238,-0.6603495479,shunting,bp,backpropagation,0.8,0.25,0.25,,
3,aligned_shunting_bp,nonlinear_physical_depth_runs/journal_confirmatory_physical_depth_aligned_shunting_bp_20260812005127,5,10205,aligned,serial_tree,full_bp,1,8,66178,66178,14336,21760,2944,80de1b58d3e4b9a0239fe727a0179677e85a6888eecfb477d96361cb7ac8b684,77a13bd84e26c8f255657df2d8d1091b095b8a65ea0cccc62732cb3ad0398039,0,False,0.6117999554,0.5997999907,0.6085999608,0.6593594551,0.6431914568,0.6543723941,-0.6528955698,-0.6604077816,-0.6555317044,shunting,bp,backpropagation,0.8,0.25,0.25,,
3,aligned_shunting_bp,nonlinear_physical_depth_runs/journal_confirmatory_physical_depth_aligned_shunting_bp_20260812005127,6,10206,aligned,serial_tree,full_bp,1,8,66178,66178,14336,21760,2944,d5fd03a5fdf7b0f4e4f4fd244d3ba35a5f70351b3576fc127b79179c33d45b90,e58313b7e3a25fdaa5a41a571fcd9ce3cdbc90c68b35cd4237bcd9e557962ade,0,False,0.6100999713,0.6097999811,0.6100999713,0.6567952037,0.6517878175,0.6539540887,-0.6534676552,-0.6564922929,-0.6551908851,shunting,bp,backpropagation,0.8,0.25,0.25,,
3,aligned_shunting_bp,nonlinear_physical_depth_runs/journal_confirmatory_physical_depth_aligned_shunting_bp_20260812005127,7,10207,aligned,serial_tree,full_bp,1,8,66178,66178,14336,21760,2944,96bb9d72b9c1c991112789688cab8d92b283d65cbd7313189dc504398829991c,b019f7d448964c79a4186760cd98655a24e19617d574cde25672b58d852a6b64,0,False,0.6204000115,0.6157000065,0.6089999676,0.6615868211,0.6595435739,0.6488108635,-0.6514971256,-0.6520206928,-0.6587949991,shunting,bp,backpropagation,0.8,0.25,0.25,,
3,aligned_shunting_bp,nonlinear_physical_depth_runs/journal_confirmatory_physical_depth_aligned_shunting_bp_20260812005127,8,10208,aligned,serial_tree,full_bp,1,8,66178,66178,14336,21760,2944,3171be223a9e1979d61751e19e447ad3f012890e8220bb4da627238c34a1d201,6d60225fa00ea224b000ceb32da7b3c4631724a04d7667982b9e14d25106af9f,0,False,0.6143999696,0.6103000045,0.6132999659,0.6631857753,0.6479121447,0.6521536112,-0.6505916119,-0.6590248942,-0.6564734578,shunting,bp,backpropagation,0.8,0.25,0.25,,
3,aligned_shunting_bp,nonlinear_physical_depth_runs/journal_confirmatory_physical_depth_aligned_shunting_bp_20260812005127,9,10209,aligned,serial_tree,full_bp,1,8,66178,66178,14336,21760,2944,f4cb446b463088996149487236e7fb83413f16f9c18d77d400f824548349bed3,264ff3fb916f5c1856a4ef6dea515417c18688eb6c0507cdb45d74a34378b165,0,False,0.6169999838,0.6114000082,0.6069999933,0.6566385627,0.6521986127,0.6511309743,-0.6547191739,-0.656352222,-0.6565108895,shunting,bp,backpropagation,0.8,0.25,0.25,,
3,aligned_shunting_bp,nonlinear_physical_depth_runs/journal_confirmatory_physical_depth_aligned_shunting_bp_20260812005127,10,10200,aligned,serial_tree,full_bp,2,2x3,66178,66178,14336,21760,2944,d156b755a8b396001d2f609c1a22e8c42a77fe3cee57788f8f4541ec180cca6f,30f13833924b182c57a76c0e6b8e6a1242af243b41f622702ed465b2283c088b,0,False,0.6863999963,0.6802999973,0.6811000109,0.7496685386,0.7449296117,0.7436250448,-0.5919043422,-0.5959555507,-0.5963273048,shunting,bp,backpropagation,0.8,0.25,0.25,,
3,aligned_shunting_bp,nonlinear_physical_depth_runs/journal_confirmatory_physical_depth_aligned_shunting_bp_20260812005127,11,10201,aligned,serial_tree,full_bp,2,2x3,66178,66178,14336,21760,2944,c6df86f3964ada779b96e9e4e0383849ad04142110cdc4ba4c901fe2deecda59,04bbbcec50870ce34a23ccd0146bedae33e4787f0763f2b16aecde64b671cddd,0,False,0.6861999631,0.682099998,0.674399972,0.7525324821,0.7445166111,0.7411543727,-0.5899170041,-0.596069634,-0.5980668068,shunting,bp,backpropagation,0.8,0.25,0.25,,
3,aligned_shunting_bp,nonlinear_physical_depth_runs/journal_confirmatory_physical_depth_aligned_shunting_bp_20260812005127,12,10202,aligned,serial_tree,full_bp,2,2x3,66178,66178,14336,21760,2944,4dff82b2659a3bf59be9f5690920459b4a47937bc8d2d894ee906807bb48941c,685caf5b7a01155e056a2b01a270f8d20fbdd58a744bf3903757dad036395beb,0,False,0.6906999946,0.6746000051,0.6761999726,0.7525266409,0.7401272058,0.7402569652,-0.5891556144,-0.5989509821,-0.6003064513,shunting,bp,backpropagation,0.8,0.25,0.25,,
3,aligned_shunting_bp,nonlinear_physical_depth_runs/journal_confirmatory_physical_depth_aligned_shunting_bp_20260812005127,13,10203,aligned,serial_tree,full_bp,2,2x3,66178,66178,14336,21760,2944,02deb64eb4e475dddd6fbe001b7f32144bb73587dfef5f5d2c4ebd107f16c249,1546a7dc34f261a3a36aa5ed0c4dbffe27776fde05d3700ac16980e70067e5ab,0,False,0.6805999875,0.679099977,0.6674999595,0.748493433,0.7422248125,0.7378710508,-0.592661798,-0.5983483791,-0.5999520421,shunting,bp,backpropagation,0.8,0.25,0.25,,
3,aligned_shunting_bp,nonlinear_physical_depth_runs/journal_confirmatory_physical_depth_aligned_shunting_bp_20260812005127,14,10204,aligned,serial_tree,full_bp,2,2x3,66178,66178,14336,21760,2944,ab51d7cc7a86dcb08772314ce3be695e9fda63169aac05f7424f966f771997b4,cd14f28e53acc77ead84769191020a466dbaf8f3c4d9e721c860f99eca64be79,0,False,0.6865999699,0.670699954,0.6696000099,0.7500037551,0.7396661043,0.7309682965,-0.5922634006,-0.598680377,-0.6068451405,shunting,bp,backpropagation,0.8,0.25,0.25,,
3,aligned_shunting_bp,nonlinear_physical_depth_runs/journal_confirmatory_physical_depth_aligned_shunting_bp_20260812005127,15,10205,aligned,serial_tree,full_bp,2,2x3,66178,66178,14336,21760,2944,341709f16470217036c2bee7e72efeb7ac54579c7dbda2cf881ba5695e07dba4,2089bf3b61f375cf22884814df053002f5cf3e3233463776dd86722a1854f082,0,False,0.6746999621,0.6742999554,0.6825000048,0.7469173074,0.7314020991,0.7445926666,-0.592936039,-0.6069555283,-0.5969203711,shunting,bp,backpropagation,0.8,0.25,0.25,,
3,aligned_shunting_bp,nonlinear_physical_depth_runs/journal_confirmatory_physical_depth_aligned_shunting_bp_20260812005127,16,10206,aligned,serial_tree,full_bp,2,2x3,66178,66178,14336,21760,2944,a78b60b7434f593fcb1c1535f732be366239173ddd2d5a6a9a9890298c36a200,7e7a1ec8473a1a201a86299538017fa69ea878ab767ee93a3fed8e1484498609,0,False,0.6780999899,0.6782999635,0.6779999733,0.7397089601,0.7410262227,0.7369359732,-0.6006085873,-0.5993331671,-0.6037217379,shunting,bp,backpropagation,0.8,0.25,0.25,,
3,aligned_shunting_bp,nonlinear_physical_depth_runs/journal_confirmatory_physical_depth_aligned_shunting_bp_20260812005127,17,10207,aligned,serial_tree,full_bp,2,2x3,66178,66178,14336,21760,2944,c49b4ac776806ad6725324a7b5e470a89f1b2980589dd07da4d0668ef9116fae,dd23e19b0f0f1982ec0cdc83e6d0d8b2a0d3bc79755d3e6b83e82a4672ba9b37,0,False,0.6830999851,0.6784999967,0.6724999547,0.7486377358,0.740547657,0.734803617,-0.592618227,-0.600494802,-0.6046518683,shunting,bp,backpropagation,0.8,0.25,0.25,,
3,aligned_shunting_bp,nonlinear_physical_depth_runs/journal_confirmatory_physical_depth_aligned_shunting_bp_20260812005127,18,10208,aligned,serial_tree,full_bp,2,2x3,66178,66178,14336,21760,2944,8c66a5d0349339ca5d30db2ee81616b36155229bdcd4dd9574736c539d045e37,bb643926c9d36f6cfb41667fbda12e43810964f2325e27b42fbaeaad6a51fc5b,0,False,0.6848999858,0.6700999737,0.679099977,0.7446842194,0.7333377004,0.7398009896,-0.5972206593,-0.6059262753,-0.5996024609,shunting,bp,backpropagation,0.8,0.25,0.25,,
3,aligned_shunting_bp,nonlinear_physical_depth_runs/journal_confirmatory_physical_depth_aligned_shunting_bp_20260812005127,19,10209,aligned,serial_tree,full_bp,2,2x3,66178,66178,14336,21760,2944,3b37eb8176f60f2f17226c021ab4ecbea19b82db71113cb38cf6b77028d68826,3000912daf4ad7512de568748aea4c0cbaa92913c80e074d8abaa2fe231a3a90,0,False,0.6728000045,0.675999999,0.671299994,0.7397467494,0.7367088199,0.7386852503,-0.6012318134,-0.6018984318,-0.6003120542,shunting,bp,backpropagation,0.8,0.25,0.25,,
3,aligned_shunting_bp,nonlinear_physical_depth_runs/journal_confirmatory_physical_depth_aligned_shunting_bp_20260812005127,20,10200,aligned,serial_tree,full_bp,3,2x1x2,66178,66178,14336,21760,2944,3c19535bd188718d9263162c57387ecfc83769b5e05218bbc1440b593785b157,6eeb2bfe4611b383a3baa6fcb8fa7549186fb22bb52add1d7cb3f911c6aed9ac,0,False,0.9220999479,0.9143999815,0.9126999974,0.9571205378,0.9525619149,0.9526788592,-0.3542637229,-0.3593039215,-0.3570205569,shunting,bp,backpropagation,0.8,0.25,0.25,,
3,aligned_shunting_bp,nonlinear_physical_depth_runs/journal_confirmatory_physical_depth_aligned_shunting_bp_20260812005127,21,10201,aligned,serial_tree,full_bp,3,2x1x2,66178,66178,14336,21760,2944,ca4563c81e301c74ab9572d36b4f3968fcf7023002c3e4fd6563ef2d81424884,e5764e4b5924345f3b6ff9e6f392eb834381890c458e8fb913ef910ab608e191,0,False,0.9190999866,0.9167000055,0.9185999632,0.9509332776,0.949765265,0.950054884,-0.3717467785,-0.3729105592,-0.374330163,shunting,bp,backpropagation,0.8,0.25,0.25,,
3,aligned_shunting_bp,nonlinear_physical_depth_runs/journal_confirmatory_physical_depth_aligned_shunting_bp_20260812005127,22,10202,aligned,serial_tree,full_bp,3,2x1x2,66178,66178,14336,21760,2944,ff224c0abbbc0b1752b2defd849c002c07d8434dabc1ebc536887f61a8a6787e,60ecbf0ce76bb9f1657bd16b46de24ed6996a0fe4b1d37762f91d9edf11a51e2,0,False,0.9202999473,0.9169999957,0.9139999747,0.9533745646,0.9515362978,0.948964417,-0.3515412509,-0.3571770489,-0.3610892594,shunting,bp,backpropagation,0.8,0.25,0.25,,
3,aligned_shunting_bp,nonlinear_physical_depth_runs/journal_confirmatory_physical_depth_aligned_shunting_bp_20260812005127,23,10203,aligned,serial_tree,full_bp,3,2x1x2,66178,66178,14336,21760,2944,63329d3dea9d2a67137e250953d16cb2de736b2f1c0b348ca6afc458c0416053,d2ac0c2f1982c6cdc04bb17b0a24f52459fe52203270cc5a4a74af4b2b7536a2,0,False,0.9207999706,0.9187999964,0.9186999798,0.9536433816,0.950196147,0.9540513754,-0.3570444882,-0.3636210859,-0.3596254289,shunting,bp,backpropagation,0.8,0.25,0.25,,
3,aligned_shunting_bp,nonlinear_physical_depth_runs/journal_confirmatory_physical_depth_aligned_shunting_bp_20260812005127,24,10204,aligned,serial_tree,full_bp,3,2x1x2,66178,66178,14336,21760,2944,c49372c0308ef24e2a6b4cc4662c6ffdd65b2fea022f84a0ca0083df5f501aec,ab53d3cf4f30e3af39c258a14a416194a2ceb1939ea370759289df86309410b1,0,False,0.9186999798,0.9161999822,0.9086999893,0.9517360926,0.9537451267,0.9457327724,-0.3624585271,-0.362434268,-0.3715652823,shunting,bp,backpropagation,0.8,0.25,0.25,,
3,aligned_shunting_bp,nonlinear_physical_depth_runs/journal_confirmatory_physical_depth_aligned_shunting_bp_20260812005127,25,10205,aligned,serial_tree,full_bp,3,2x1x2,66178,66178,14336,21760,2944,c0bf767652133a116358b25b3160e278550c1c0b97344c07db272bf7c775bb36,5a6c39c4387ede32832e4eeaeb69b833ef491b211b3341286234e4a937168e70,0,False,0.9283999801,0.9164999723,0.9187999964,0.9570332766,0.947712779,0.9451858401,-0.3561679721,-0.3693107367,-0.3763287663,shunting,bp,backpropagation,0.8,0.25,0.25,,
3,aligned_shunting_bp,nonlinear_physical_depth_runs/journal_confirmatory_physical_depth_aligned_shunting_bp_20260812005127,26,10206,aligned,serial_tree,full_bp,3,2x1x2,66178,66178,14336,21760,2944,9c18604ea487f54630b0b507dc9b6fa604f8dff550a098d740edcec0b330b5fc,1f6b6cd8d05a0a225c27d42ccea3927d2260eb20baa9b2c91a67f2e06709695b,0,False,0.9111999869,0.9090999961,0.9117999673,0.9475748539,0.9414637089,0.9480231404,-0.3819437027,-0.394249022,-0.3853231966,shunting,bp,backpropagation,0.8,0.25,0.25,,
3,aligned_shunting_bp,nonlinear_physical_depth_runs/journal_confirmatory_physical_depth_aligned_shunting_bp_20260812005127,27,10207,aligned,serial_tree,full_bp,3,2x1x2,66178,66178,14336,21760,2944,470134612a56e9a08a902fcc0ac04104ef832b7ea1c21c21f96e09b6ba35d304,752e93b2ae2d3d2fae298acd70974f0ad7b7cec8f23cae868ad9ea67d16c1e50,0,False,0.9195999503,0.9223999977,0.921399951,0.9467092752,0.9518510103,0.9506470561,-0.379963994,-0.3735012114,-0.3728283644,shunting,bp,backpropagation,0.8,0.25,0.25,,
3,aligned_shunting_bp,nonlinear_physical_depth_runs/journal_confirmatory_physical_depth_aligned_shunting_bp_20260812005127,28,10208,aligned,serial_tree,full_bp,3,2x1x2,66178,66178,14336,21760,2944,cb02483d018dcd794a404d18852bb7cb3810af8e5abd6f96190a40a528054378,cb0f74933473252cd59557b0e2a006e565a726f159233cfc8905ebe138830590,0,False,0.9275999665,0.9218999743,0.9256999493,0.954470396,0.9526054263,0.9564318657,-0.366638571,-0.3688021302,-0.3656097353,shunting,bp,backpropagation,0.8,0.25,0.25,,
3,aligned_shunting_bp,nonlinear_physical_depth_runs/journal_confirmatory_physical_depth_aligned_shunting_bp_20260812005127,29,10209,aligned,serial_tree,full_bp,3,2x1x2,66178,66178,14336,21760,2944,fbe03c27898555518f60614357d71916501ade38615951890fee3b543ea16088,991c563c483daf155b36ac4f38d8fc5e21f14feeae068772557a0049fc3b1bfa,0,False,0.9341999888,0.9316999912,0.931400001,0.9612895846,0.963301897,0.9602648616,-0.3424557447,-0.3424058855,-0.3447491825,shunting,bp,backpropagation,0.8,0.25,0.25,,
3,rewired_tree_shunting_bp,nonlinear_physical_depth_runs/journal_confirmatory_physical_depth_rewired_tree_shunting_bp_20260812121000,0,10200,rewired_tree,serial_tree,full_bp,1,8,66178,66178,14336,21760,2944,8dbfb60f242d24271b13e64ca0e75967982e4a657eaf323a3c9cdfd4410e33eb,567731443cd88aaf1934be885677861eafac6c38376961d37dad1ae4f43c0785,0,False,0.6133999825,0.6116999984,0.6093999743,0.6629136205,0.6615050435,0.6525199413,-0.6507008672,-0.6511266232,-0.6557730436,shunting,bp,backpropagation,0.8,0.25,0.25,,
3,rewired_tree_shunting_bp,nonlinear_physical_depth_runs/journal_confirmatory_physical_depth_rewired_tree_shunting_bp_20260812121000,1,10201,rewired_tree,serial_tree,full_bp,1,8,66178,66178,14336,21760,2944,4a909554bef3470525e3a643c0832402621c1b02048db38e9d2fde74e1ff7e6c,e23264143e7fee5cfce1ba08291f732e9f092351cdcec01e28b7387c8013aa06,0,False,0.6232999563,0.6117999554,0.6143999696,0.674798429,0.6578931212,0.6583052874,-0.6440884471,-0.6536729336,-0.6539024115,shunting,bp,backpropagation,0.8,0.25,0.25,,
3,rewired_tree_shunting_bp,nonlinear_physical_depth_runs/journal_confirmatory_physical_depth_rewired_tree_shunting_bp_20260812121000,2,10202,rewired_tree,serial_tree,full_bp,1,8,66178,66178,14336,21760,2944,c587645994bde86597a29593da440337fee78af777a0f865f7ded87577c0a818,ec085f518895ef99ba4962f9bcd53b956b4bd890e76969137601f405bc72dd5f,0,False,0.6166999936,0.6132999659,0.6168000102,0.6668493152,0.6575655341,0.6587824821,-0.6479704976,-0.6540608406,-0.6542432904,shunting,bp,backpropagation,0.8,0.25,0.25,,
3,rewired_tree_shunting_bp,nonlinear_physical_depth_runs/journal_confirmatory_physical_depth_rewired_tree_shunting_bp_20260812121000,3,10203,rewired_tree,serial_tree,full_bp,1,8,66178,66178,14336,21760,2944,65e451ef89479f179df0a43f2f60f56a188352a484b414edd672335f81dc83a2,aa305d66f3601ff1e1d2763da5a1b2073e7b764a3e377cc49a47439cb66cf346,0,False,0.625,0.6205999851,0.6132999659,0.6679458618,0.6625877023,0.6545112729,-0.6485242844,-0.6520949602,-0.655525744,shunting,bp,backpropagation,0.8,0.25,0.25,,
3,rewired_tree_shunting_bp,nonlinear_physical_depth_runs/journal_confirmatory_physical_depth_rewired_tree_shunting_bp_20260812121000,4,10204,rewired_tree,serial_tree,full_bp,1,8,66178,66178,14336,21760,2944,c79796cfef53af2f06e33ac097216dae4bb020e51133a59710de33771c71f34d,1f33debf969753e78ef3764083855c9e48ebe00e441e5bd4404350cb0c3182ff,0,False,0.6268999577,0.6125000119,0.6014999747,0.6725210547,0.6571134329,0.6470709443,-0.6470072269,-0.6540394425,-0.6590500474,shunting,bp,backpropagation,0.8,0.25,0.25,,
3,rewired_tree_shunting_bp,nonlinear_physical_depth_runs/journal_confirmatory_physical_depth_rewired_tree_shunting_bp_20260812121000,5,10205,rewired_tree,serial_tree,full_bp,1,8,66178,66178,14336,21760,2944,b3aa0977505f791d883ac64c74f938c47ca179829008719993046a993872b89f,07401d2ebe4a14ce4ad8651b5faa7471eab89bd037432244f4e4e83017adeb25,0,False,0.6154999733,0.6046999693,0.6128000021,0.6649491787,0.6473445296,0.6582759619,-0.6495980024,-0.6587498784,-0.6535643935,shunting,bp,backpropagation,0.8,0.25,0.25,,
3,rewired_tree_shunting_bp,nonlinear_physical_depth_runs/journal_confirmatory_physical_depth_rewired_tree_shunting_bp_20260812121000,6,10206,rewired_tree,serial_tree,full_bp,1,8,66178,66178,14336,21760,2944,def4c960258b53c739aec170488defd158dbbef7811765a2a5ba942c191a2a44,5f65898f1a16415be934660103cfa84e9ddc6fac484abf4c2329afdc81f9a980,0,False,0.6132000089,0.6114999652,0.6110000014,0.6591398716,0.6540203094,0.6568519473,-0.6522949338,-0.655436337,-0.6539498568,shunting,bp,backpropagation,0.8,0.25,0.25,,
3,rewired_tree_shunting_bp,nonlinear_physical_depth_runs/journal_confirmatory_physical_depth_rewired_tree_shunting_bp_20260812121000,7,10207,rewired_tree,serial_tree,full_bp,1,8,66178,66178,14336,21760,2944,b75b026dde1910ad15fd1881da2affffeaabdcf3ca424376da3e44bf1ed57fa1,dad51889f972e643b547dcfe0503125e68c5fce9c9c2ba4bba03a0f56917256b,0,False,0.6225999594,0.6179000139,0.6107999682,0.6645527482,0.6626244783,0.6517604589,-0.6498929858,-0.6503674388,-0.6573423743,shunting,bp,backpropagation,0.8,0.25,0.25,,
3,rewired_tree_shunting_bp,nonlinear_physical_depth_runs/journal_confirmatory_physical_depth_rewired_tree_shunting_bp_20260812121000,8,10208,rewired_tree,serial_tree,full_bp,1,8,66178,66178,14336,21760,2944,b132ea1b6802e6fb0e70a5e0d408aa495cf87470969ce2069a9b18bd885024db,019a3a6f130096d01ed54f6421467207cba37816ad40aed0718e26e373791297,0,False,0.619599998,0.6121999621,0.6139000058,0.6673029065,0.651145637,0.6559790969,-0.6489495635,-0.6574623585,-0.6548507214,shunting,bp,backpropagation,0.8,0.25,0.25,,
3,rewired_tree_shunting_bp,nonlinear_physical_depth_runs/journal_confirmatory_physical_depth_rewired_tree_shunting_bp_20260812121000,9,10209,rewired_tree,serial_tree,full_bp,1,8,66178,66178,14336,21760,2944,20b750c79d46d46ec80fb006d1804a58d0086fb3db5c21992343546bd8417228,0170cce3fe0713c2cc98760c8f8a7fc71b0df2fcc41709c806025d130889ad28,0,False,0.6202999949,0.6157000065,0.6055999994,0.6597377062,0.6557936072,0.6532636285,-0.6532344818,-0.6545788646,-0.6554161906,shunting,bp,backpropagation,0.8,0.25,0.25,,
3,rewired_tree_shunting_bp,nonlinear_physical_depth_runs/journal_confirmatory_physical_depth_rewired_tree_shunting_bp_20260812121000,10,10200,rewired_tree,serial_tree,full_bp,2,2x3,66178,66178,14336,21760,2944,5a3b791dca1a4488464e9f87cbaf1862ceaa277bd921f63a36e6188ad7be431b,501239cef82ab7f2d30e8b59cde6348c94cac8300084dde743a47b00f137bec9,0,False,0.6049000025,0.6079999804,0.5997999907,0.651647985,0.651479423,0.640547514,-0.6571269631,-0.6575656533,-0.6623530984,shunting,bp,backpropagation,0.8,0.25,0.25,,
3,rewired_tree_shunting_bp,nonlinear_physical_depth_runs/journal_confirmatory_physical_depth_rewired_tree_shunting_bp_20260812121000,11,10201,rewired_tree,serial_tree,full_bp,2,2x3,66178,66178,14336,21760,2944,6265cb997cf96f6db185421ba84a26eda8a355a6c12ea31a3db5f802317032dc,d060ee82c763568f3d7d92797670bbb6b5a62cb9543c61715f6fcac94420c075,0,False,0.6194999814,0.6078999639,0.6108999848,0.6644668579,0.6459035873,0.6485547423,-0.6522412896,-0.661023438,-0.6600504518,shunting,bp,backpropagation,0.8,0.25,0.25,,
3,rewired_tree_shunting_bp,nonlinear_physical_depth_runs/journal_confirmatory_physical_depth_rewired_tree_shunting_bp_20260812121000,12,10202,rewired_tree,serial_tree,full_bp,2,2x3,66178,66178,14336,21760,2944,e14f8f322ea86b671e157231830fccda278b7a7595c48e20aa2c017d364bd736,a6b7f9e213199625a03d5f8c8bf8b82e128460dccc17816786877495edc851d8,0,False,0.6093999743,0.6132000089,0.6147999763,0.652256906,0.6469283104,0.6493541598,-0.6576467752,-0.6600325108,-0.6591884494,shunting,bp,backpropagation,0.8,0.25,0.25,,
3,rewired_tree_shunting_bp,nonlinear_physical_depth_runs/journal_confirmatory_physical_depth_rewired_tree_shunting_bp_20260812121000,13,10203,rewired_tree,serial_tree,full_bp,2,2x3,66178,66178,14336,21760,2944,e5072b654dd5884e1bff918d9fe63b1fb8253a6bdc624d86b644cd2c424ad1f6,3e1f6ec82bdc248cbda29feefa5f3b95d427dcef65de084f4130e9bd6690441e,0,False,0.6214999557,0.6153999567,0.6062999964,0.6601358652,0.6547407508,0.6439013481,-0.6550712585,-0.6577805281,-0.6619897485,shunting,bp,backpropagation,0.8,0.25,0.25,,
3,rewired_tree_shunting_bp,nonlinear_physical_depth_runs/journal_confirmatory_physical_depth_rewired_tree_shunting_bp_20260812121000,14,10204,rewired_tree,serial_tree,full_bp,2,2x3,66178,66178,14336,21760,2944,69fb2140a2f5b359c295b5f29d044d23b666c5c52767bf004f32475cb2fb5893,6f6cc6fa3b20f347e1323a3046e143579a2727a8b3a60f19eecce4df2d0ce1bf,0,False,0.6225000024,0.6046999693,0.5961999893,0.6653665304,0.647238791,0.6365122199,-0.652926743,-0.6607245803,-0.6652194262,shunting,bp,backpropagation,0.8,0.25,0.25,,
3,rewired_tree_shunting_bp,nonlinear_physical_depth_runs/journal_confirmatory_physical_depth_rewired_tree_shunting_bp_20260812121000,15,10205,rewired_tree,serial_tree,full_bp,2,2x3,66178,66178,14336,21760,2944,f98028e2955d0662d81d087be2a33d799c185e1c44c23b87b6d5aa09e4d64d0e,5a5899cdaa2e6ce448e0f7d8d533c3ba975ab40229a354f508aec79068aee3c5,0,False,0.6054999828,0.5934000015,0.6110000014,0.6533210278,0.6358177066,0.6505000591,-0.6582807302,-0.665030539,-0.6587634087,shunting,bp,backpropagation,0.8,0.25,0.25,,
3,rewired_tree_shunting_bp,nonlinear_physical_depth_runs/journal_confirmatory_physical_depth_rewired_tree_shunting_bp_20260812121000,16,10206,rewired_tree,serial_tree,full_bp,2,2x3,66178,66178,14336,21760,2944,529cf7b9d73e52a81c8cb6458d5fb4f04bc8aeb973928f05d7367ff27c08302f,864439d00bbc18c5ffb8118ef2f875ba8ba8d0ff4f779ea8f823e798ac02a262,0,False,0.6054999828,0.6056999564,0.6053999662,0.6477068663,0.6415690184,0.6446409822,-0.658946991,-0.6601317525,-0.6591524482,shunting,bp,backpropagation,0.8,0.25,0.25,,
3,rewired_tree_shunting_bp,nonlinear_physical_depth_runs/journal_confirmatory_physical_depth_rewired_tree_shunting_bp_20260812121000,17,10207,rewired_tree,serial_tree,full_bp,2,2x3,66178,66178,14336,21760,2944,138ddd28f51475ed336c8ed670f44c9f1d3c284743f3b91db33314a1c0b44c54,e43ea0381ac98b2753e0374dabad4756130a70c3d1ae704f306dd069e6bc090f,0,False,0.6133999825,0.6114000082,0.6071000099,0.6569681764,0.6540950537,0.6406108737,-0.655621767,-0.656550467,-0.6643208861,shunting,bp,backpropagation,0.8,0.25,0.25,,
3,rewired_tree_shunting_bp,nonlinear_physical_depth_runs/journal_confirmatory_physical_depth_rewired_tree_shunting_bp_20260812121000,18,10208,rewired_tree,serial_tree,full_bp,2,2x3,66178,66178,14336,21760,2944,908b754f61fd7247fcd21bf00dc1171fa36c8845b8541b903f69b82585e004e5,2f717c385b48cb3b4cf5177339b3ae1b754133b3e4a13f3fa3542a7eda13297f,0,False,0.6140999794,0.6035000086,0.6047999859,0.6593684554,0.6412687898,0.6438896656,-0.6546709538,-0.6639894247,-0.6624640822,shunting,bp,backpropagation,0.8,0.25,0.25,,
3,rewired_tree_shunting_bp,nonlinear_physical_depth_runs/journal_confirmatory_physical_depth_rewired_tree_shunting_bp_20260812121000,19,10209,rewired_tree,serial_tree,full_bp,2,2x3,66178,66178,14336,21760,2944,81a5e4ae2e06aead8441058bc9443505cd2e82d62ea8c81ebd4e58470bc8f309,ba18c843eaa27219262bc819ee9ff8206c7bc031f2d9174966072e5126d93b9c,0,False,0.6096999645,0.6078999639,0.6018999815,0.6490541101,0.6428340673,0.6430207491,-0.6605055928,-0.6625600457,-0.6622303128,shunting,bp,backpropagation,0.8,0.25,0.25,,
3,rewired_tree_shunting_bp,nonlinear_physical_depth_runs/journal_confirmatory_physical_depth_rewired_tree_shunting_bp_20260812121000,20,10200,rewired_tree,serial_tree,full_bp,3,2x1x2,66178,66178,14336,21760,2944,42e7474ece5078bacbf0269ab8b8b54da8811491b9eaea7470b82096c53cb8ce,561c7859b660522075a57638bea0b7c6f7052e84246a085b67fba2f976e988ed,0,False,0.6051999927,0.6092999578,0.6038999557,0.6477012038,0.6516304612,0.6455494165,-0.6584521532,-0.6573368311,-0.6607736349,shunting,bp,backpropagation,0.8,0.25,0.25,,
3,rewired_tree_shunting_bp,nonlinear_physical_depth_runs/journal_confirmatory_physical_depth_rewired_tree_shunting_bp_20260812121000,21,10201,rewired_tree,serial_tree,full_bp,3,2x1x2,66178,66178,14336,21760,2944,2acfcfd10bb46251a49cfb5fbf0c2b8753cec5869f5e972fe0ac606ebe630781,98c6bc65105df1f9d481dc7055cd799ffecf6724629483c2da7dc368f2a5a878,0,False,0.6157999635,0.6115999818,0.6143999696,0.6626310945,0.6499676108,0.6534156799,-0.6526239514,-0.6594635844,-0.6574367285,shunting,bp,backpropagation,0.8,0.25,0.25,,
3,rewired_tree_shunting_bp,nonlinear_physical_depth_runs/journal_confirmatory_physical_depth_rewired_tree_shunting_bp_20260812121000,22,10202,rewired_tree,serial_tree,full_bp,3,2x1x2,66178,66178,14336,21760,2944,3068214dd1c6015a28b9a0f207225f5e0cc48a4b9a1ea214d1a5d7d54d268638,a6d508b9bdb1442306112514d74c77e8979bd0daea6cf7a22052c4e75391e3ee,0,False,0.6171000004,0.6147999763,0.6218999624,0.6553323865,0.6528200507,0.6577516794,-0.6564795971,-0.6573035121,-0.6559610963,shunting,bp,backpropagation,0.8,0.25,0.25,,
3,rewired_tree_shunting_bp,nonlinear_physical_depth_runs/journal_confirmatory_physical_depth_rewired_tree_shunting_bp_20260812121000,23,10203,rewired_tree,serial_tree,full_bp,3,2x1x2,66178,66178,14336,21760,2944,44bbcfe700a16e87ce83a429af21f4d9e22effbba9ed99d2cb8b465c1109e17e,58a8502e56cc1db9fc42ffe9728b24cd623f8d8b067605a6212d784e9ea10736,0,False,0.6162999868,0.6186999679,0.6036999822,0.6581090689,0.6589742899,0.6441851258,-0.6550053954,-0.6555397511,-0.661354959,shunting,bp,backpropagation,0.8,0.25,0.25,,
3,rewired_tree_shunting_bp,nonlinear_physical_depth_runs/journal_confirmatory_physical_depth_rewired_tree_shunting_bp_20260812121000,24,10204,rewired_tree,serial_tree,full_bp,3,2x1x2,66178,66178,14336,21760,2944,4d47db482187be217d457ef6141e5fd67c92c8684e9dcce808699c2037f69cac,d97ed38e96afde2c5801e2a909f7f959f89a18cdfb8789144172d02af68db7ba,0,False,0.6258000135,0.6058999896,0.5950999856,0.6652981639,0.6475753784,0.6386381984,-0.65226686,-0.6600930691,-0.6639416814,shunting,bp,backpropagation,0.8,0.25,0.25,,
3,rewired_tree_shunting_bp,nonlinear_physical_depth_runs/journal_confirmatory_physical_depth_rewired_tree_shunting_bp_20260812121000,25,10205,rewired_tree,serial_tree,full_bp,3,2x1x2,66178,66178,14336,21760,2944,59076a21c547cbeedf42f3c02164a969c8d0c58a9095279b8208cf9ebe83c70e,c03ecab0d93542c9a1b2954d862d379a254d44b46ba6cb1d071f3f8ab55325d2,0,False,0.6067000031,0.595699966,0.6105999947,0.6517313719,0.638804853,0.6511538625,-0.6579525471,-0.6635084748,-0.6577199101,shunting,bp,backpropagation,0.8,0.25,0.25,,
3,rewired_tree_shunting_bp,nonlinear_physical_depth_runs/journal_confirmatory_physical_depth_rewired_tree_shunting_bp_20260812121000,26,10206,rewired_tree,serial_tree,full_bp,3,2x1x2,66178,66178,14336,21760,2944,070bea7df675501445a485fabe9cfdf5c5f4563caf856af2cc02a6e98ade3cf2,d5238b8b0bf1796bfc2b0c4f69de0847193bcb1652d8bc67f1ba145a182c6340,0,False,0.6092999578,0.6092999578,0.6061999798,0.6475634575,0.6487517357,0.6523752809,-0.6597258449,-0.6583349109,-0.6571491957,shunting,bp,backpropagation,0.8,0.25,0.25,,
3,rewired_tree_shunting_bp,nonlinear_physical_depth_runs/journal_confirmatory_physical_depth_rewired_tree_shunting_bp_20260812121000,27,10207,rewired_tree,serial_tree,full_bp,3,2x1x2,66178,66178,14336,21760,2944,ebe22c518917dbdf1fb3a262edfb48387fea2715325e84ddbf378f63df736bba,0aca495300b3b58eefdeb81554b405699f0d97d7863fb531fc7fa540ab6d772b,0,False,0.6115999818,0.605799973,0.6036999822,0.6544584632,0.654509604,0.6431683302,-0.6559436321,-0.6560091376,-0.6624295115,shunting,bp,backpropagation,0.8,0.25,0.25,,
3,rewired_tree_shunting_bp,nonlinear_physical_depth_runs/journal_confirmatory_physical_depth_rewired_tree_shunting_bp_20260812121000,28,10208,rewired_tree,serial_tree,full_bp,3,2x1x2,66178,66178,14336,21760,2944,1a427e091e1b36f30cebc9cf317cc537efb7dc941d6479729e75344be3f57a9b,a2303ff8f337797db7f68e22c6fe4ca869241ea0087d392885e5704dcc6c057b,0,False,0.6115999818,0.6078999639,0.6044999957,0.6610124111,0.6465398669,0.6458949447,-0.6532794833,-0.6614425778,-0.660964489,shunting,bp,backpropagation,0.8,0.25,0.25,,
3,rewired_tree_shunting_bp,nonlinear_physical_depth_runs/journal_confirmatory_physical_depth_rewired_tree_shunting_bp_20260812121000,29,10209,rewired_tree,serial_tree,full_bp,3,2x1x2,66178,66178,14336,21760,2944,6ce9fb90747e4b2eda8b1a8ee41efdfba0271eca228c2b4408054bb62150732c,557e9f81f570517c8d7bb8efb42c85331dddb2508e8fb98ee127c15e8a41aa47,0,False,0.608799994,0.6040999889,0.6028000116,0.649879396,0.6426458359,0.6461495757,-0.6595779657,-0.6619223356,-0.6606270075,shunting,bp,backpropagation,0.8,0.25,0.25,,
3,aligned_all_active_star_bp,point_dendrite_credit_runs/journal_point_credit_aligned_all_active_star_bp_20260813003554,0,10200,aligned,grouped_star,full_bp,1,8,66178,66178,14336,21760,2944,410a87701ec39aa071d1fd7aaf785fe6bad52cd5857032b18a79935a3e4ff5c5,be631080e2ecde6cee430f93e1f2e540f164ae0352e165967a4f0e09963e9803,0,False,0.6101999879,0.6097999811,0.6062999964,0.6601700783,0.6585880518,0.6502136588,-0.6521582603,-0.6526408195,-0.6570590734,,,,,,,new_control,1.0
3,aligned_all_active_star_bp,point_dendrite_credit_runs/journal_point_credit_aligned_all_active_star_bp_20260813003554,1,10201,aligned,grouped_star,full_bp,1,8,66178,66178,14336,21760,2944,6bd49b4fbdadfe4cc3ac38f70b81d8fd99ac7990263050378a6806c0c224998c,785dbe75a5f3a3e517622b7f8f5d427a9d610dbef4812c1f2db6b369cfc82832,0,False,0.6213999987,0.611199975,0.6126999855,0.6720121503,0.6545902491,0.6548045874,-0.6457382441,-0.6555306315,-0.6556178331,,,,,,,new_control,1.0
3,aligned_all_active_star_bp,point_dendrite_credit_runs/journal_point_credit_aligned_all_active_star_bp_20260813003554,2,10202,aligned,grouped_star,full_bp,1,8,66178,66178,14336,21760,2944,e9eb5622d62f5701bda2cd07aab62635ba8dd4bbbae1056181f53162d4759700,5b111bec02217535c48c6d9de8a6bdf5281ac5784aafa18b880a1d18cf0b0a77,0,False,0.6122999787,0.6114999652,0.6150999665,0.6602600217,0.6539797187,0.6554216146,-0.6519711614,-0.6557238102,-0.6556223631,,,,,,,new_control,1.0
3,aligned_all_active_star_bp,point_dendrite_credit_runs/journal_point_credit_aligned_all_active_star_bp_20260813003554,3,10203,aligned,grouped_star,full_bp,1,8,66178,66178,14336,21760,2944,17582f47e1ab5d0396f3c8c5c0d5019e8462561fb1a6c41b6b09a00c7d224cb6,b3645d96ad102b6783016243c34f72dc686d03aae73bdda5501e2c2b6ad34314,0,False,0.6211999655,0.613499999,0.6110000014,0.6651371717,0.6597208977,0.6515570879,-0.6499782801,-0.6535087824,-0.6569363475,,,,,,,new_control,1.0
3,aligned_all_active_star_bp,point_dendrite_credit_runs/journal_point_credit_aligned_all_active_star_bp_20260813003554,4,10204,aligned,grouped_star,full_bp,1,8,66178,66178,14336,21760,2944,8500707ffbd98b316405b36f709870c06a7f0888b41877bb45af3ff3502b531a,d22fed58a1317b65fd502c9d9cae6e07313524118800ab48e5d5ae30c1a4e69e,0,False,0.6261999607,0.6112999916,0.6008999944,0.6696222425,0.6537073851,0.6442562938,-0.6484459639,-0.6558839679,-0.66035074,,,,,,,new_control,1.0
3,aligned_all_active_star_bp,point_dendrite_credit_runs/journal_point_credit_aligned_all_active_star_bp_20260813003554,5,10205,aligned,grouped_star,full_bp,1,8,66178,66178,14336,21760,2944,bff54dab75f506f70d114bfe96e64e94bc99e95b66ae534435b2bc7649dce212,d1366ed5720fec6862653d1d787d0e79e4c189b66f90a0f1791ac8e3e4453b7a,0,False,0.6126999855,0.5992999673,0.6092999578,0.65938586,0.6432592869,0.6543943882,-0.6528866291,-0.6603736877,-0.6555101871,,,,,,,new_control,1.0
3,aligned_all_active_star_bp,point_dendrite_credit_runs/journal_point_credit_aligned_all_active_star_bp_20260813003554,6,10206,aligned,grouped_star,full_bp,1,8,66178,66178,14336,21760,2944,25c3f8cd08239eacc65a155d8a34dd2f176760dea288cba44662d574bd4aad03,643030c8fc0a9eec1657123f1edb527138f568384730e24b82fc1eb6945da29b,0,False,0.6100000143,0.6104999781,0.6096999645,0.6567904949,0.6517968774,0.6539714932,-0.6534648538,-0.6564913988,-0.65519768,,,,,,,new_control,1.0
3,aligned_all_active_star_bp,point_dendrite_credit_runs/journal_point_credit_aligned_all_active_star_bp_20260813003554,7,10207,aligned,grouped_star,full_bp,1,8,66178,66178,14336,21760,2944,32c9d394689f5bfbccc55dd0b1256667a4b7d99d25389eb5c6110872237de304,1877e392548e4bb0690ae0c18cd1fb0fcdd316f3eb7909d7d92fc393ccd1c20b,0,False,0.6201999784,0.6166999936,0.6093999743,0.6616022587,0.6595888734,0.6488389969,-0.6514834762,-0.6520225406,-0.6587873101,,,,,,,new_control,1.0
3,aligned_all_active_star_bp,point_dendrite_credit_runs/journal_point_credit_aligned_all_active_star_bp_20260813003554,8,10208,aligned,grouped_star,full_bp,1,8,66178,66178,14336,21760,2944,d418a92f755302dc935542a7a908318d81c2df44a54ccc9032c9e17d061e57e2,294964606b2a308004560b9e468f6bafbfee82816ae1e0a4f60d0f38b8baa5da,0,False,0.6171999574,0.6103999615,0.6154999733,0.6649444103,0.6490439177,0.6544935107,-0.6495990157,-0.6589421034,-0.6555844545,,,,,,,new_control,1.0
3,aligned_all_active_star_bp,point_dendrite_credit_runs/journal_point_credit_aligned_all_active_star_bp_20260813003554,9,10209,aligned,grouped_star,full_bp,1,8,66178,66178,14336,21760,2944,5acec18e4e36e73e47ee85e9b0f95be94baba857351db399198fbd0cce20700b,fda28b4d3eab62dc0f5108b3e24b9ebcae580912272357b42ee796b307d141e0,0,False,0.6168999672,0.6110000014,0.6068999767,0.6566213369,0.6521898508,0.6511079073,-0.6547210813,-0.6563470364,-0.6565092206,,,,,,,new_control,1.0
3,aligned_all_active_star_bp,point_dendrite_credit_runs/journal_point_credit_aligned_all_active_star_bp_20260813003554,10,10200,aligned,grouped_star,full_bp,2,2x3,66178,66178,14336,21760,2944,9a5e64e8994c8dfe7b0075199b7ea0ef9c0561ecdaeb05424c30704bc33f2fc4,474da95f996c5e9979dbac3ddb46ba6199d50328674ce3228a508da2de7e6b80,0,False,0.6104999781,0.6103000045,0.6065999866,0.6601803303,0.658627212,0.6501352191,-0.6521487832,-0.6525736451,-0.6570392847,,,,,,,new_control,2.0
3,aligned_all_active_star_bp,point_dendrite_credit_runs/journal_point_credit_aligned_all_active_star_bp_20260813003554,11,10201,aligned,grouped_star,full_bp,2,2x3,66178,66178,14336,21760,2944,46d456dedf033d3aa57a3ff30250106516b2a7530915e1ac9d1142c177b5674d,8686838ec49a15abc3f9ebc5d9aebd8dc696b50caf45bf46182f652650c35efd,0,False,0.6216999888,0.6110000014,0.6128999591,0.6719988585,0.6544395685,0.6548324227,-0.6457228661,-0.6555693746,-0.6555819511,,,,,,,new_control,2.0
3,aligned_all_active_star_bp,point_dendrite_credit_runs/journal_point_credit_aligned_all_active_star_bp_20260813003554,12,10202,aligned,grouped_star,full_bp,2,2x3,66178,66178,14336,21760,2944,138b2f792873945e2b09e5f83bd002d021f989d18efd390e7b143ca10cad750e,b4851e6318cf59d6bccb7fc06476dcaff58b009ef34f08dcef83825f123fd62d,0,False,0.6150999665,0.6128000021,0.6171000004,0.6639451385,0.6549668908,0.6562935114,-0.6495763659,-0.6551989913,-0.6552595496,,,,,,,new_control,2.0
3,aligned_all_active_star_bp,point_dendrite_credit_runs/journal_point_credit_aligned_all_active_star_bp_20260813003554,13,10203,aligned,grouped_star,full_bp,2,2x3,66178,66178,14336,21760,2944,2fd7cd7ca2ec12f8571ba99f510d2c9955b3d4e41929089f41c054542b282732,7de45b5ffd41a8b2ad2ab9b53f17f6127cd3006cb3e3ef72fe7b182d87bd3085,0,False,0.6214999557,0.613499999,0.6115999818,0.6650736332,0.6595762968,0.651397109,-0.6500127912,-0.6535562873,-0.6570221782,,,,,,,new_control,2.0
3,aligned_all_active_star_bp,point_dendrite_credit_runs/journal_point_credit_aligned_all_active_star_bp_20260813003554,14,10204,aligned,grouped_star,full_bp,2,2x3,66178,66178,14336,21760,2944,45163a3ddbbbe88af23d0716594ef945874218262e31f1703c034cab9b5803dd,84c24d8eb3971e54221641fd9e0b1e323721e5a0fb36a4b7646b881038ca4d30,0,False,0.6243000031,0.611899972,0.6006000042,0.6696608067,0.6538425088,0.644313693,-0.6484283805,-0.6558358669,-0.6603061557,,,,,,,new_control,2.0
3,aligned_all_active_star_bp,point_dendrite_credit_runs/journal_point_credit_aligned_all_active_star_bp_20260813003554,15,10205,aligned,grouped_star,full_bp,2,2x3,66178,66178,14336,21760,2944,7431357974d7472250bd5796bb878276c5c6189fc08869a8286d66202846b23f,4318189b78d7c575ca142ef52d185710a3bca8d42519ced7c68bb824726299bb,0,False,0.613599956,0.6022999883,0.6103000045,0.6621864438,0.6448029876,0.6558406353,-0.6513086557,-0.6598871946,-0.6548377872,,,,,,,new_control,2.0
3,aligned_all_active_star_bp,point_dendrite_credit_runs/journal_point_credit_aligned_all_active_star_bp_20260813003554,16,10206,aligned,grouped_star,full_bp,2,2x3,66178,66178,14336,21760,2944,418fe3d029968169fc654a0036ac562d229331937a46cdc50a557b634c9ca083,951b458602aae83e509ed49c30373dca799a956ad9a47a0276db372d31c7156d,0,False,0.6092999578,0.6093999743,0.6094999909,0.6568427086,0.6518261433,0.6539359093,-0.653450191,-0.6564475894,-0.6552137136,,,,,,,new_control,2.0
3,aligned_all_active_star_bp,point_dendrite_credit_runs/journal_point_credit_aligned_all_active_star_bp_20260813003554,17,10207,aligned,grouped_star,full_bp,2,2x3,66178,66178,14336,21760,2944,8071188ec454a0d0c24ab913c15e9de4817b168bbc509eb74fa5fc5adb5b78e5,78c9adeba1ec42b1f875498be52fdbf510d2b6fb401a1f9d656d3db7fd84c333,0,False,0.6193000078,0.6171000004,0.6085999608,0.6616250277,0.6596872211,0.6489930153,-0.651486814,-0.6519922614,-0.6587339044,,,,,,,new_control,2.0
3,aligned_all_active_star_bp,point_dendrite_credit_runs/journal_point_credit_aligned_all_active_star_bp_20260813003554,18,10208,aligned,grouped_star,full_bp,2,2x3,66178,66178,14336,21760,2944,c3162893ca78a00b5edba2ddb38a27798983b6cc01fc68a93c3264c6cd341f33,fbf22a48e500b7e14b2cc26bf7d67bde7787a4758bd43c5a17f6ee2e270923a6,0,False,0.6169999838,0.6108999848,0.6140999794,0.664917767,0.6490392685,0.6543738246,-0.6496207714,-0.6589701176,-0.6556630731,,,,,,,new_control,2.0
3,aligned_all_active_star_bp,point_dendrite_credit_runs/journal_point_credit_aligned_all_active_star_bp_20260813003554,19,10209,aligned,grouped_star,full_bp,2,2x3,66178,66178,14336,21760,2944,208d5959d4d5a0b32870fdcbfe9e6a30b6d88e960a9ba78395a75a08855f71b4,647618fce5593857e301caf86d638d439bef88f5ad9f5bfd4c90901504742d7a,0,False,0.616599977,0.6119999886,0.60649997,0.6566351056,0.6522891521,0.6511538625,-0.654736042,-0.6563572288,-0.6564617753,,,,,,,new_control,2.0
3,aligned_all_active_star_bp,point_dendrite_credit_runs/journal_point_credit_aligned_all_active_star_bp_20260813003554,20,10200,aligned,grouped_star,full_bp,3,2x1x2,66178,66178,14336,21760,2944,0bdb7cb72a2fe4b9ac4a161d62ce471a6675bdc1012a6f593d6ffa15e6753097,7001183e06a4a23d0b9dde07c00b3abf3cd18129b388591882ca70e5cf23063f,0,False,0.6110000014,0.6098999977,0.60649997,0.6602051854,0.6585143209,0.6500688791,-0.6521579623,-0.6525981426,-0.657091558,,,,,,,new_control,3.0
3,aligned_all_active_star_bp,point_dendrite_credit_runs/journal_point_credit_aligned_all_active_star_bp_20260813003554,21,10201,aligned,grouped_star,full_bp,3,2x1x2,66178,66178,14336,21760,2944,ad1295e14ff5672bea0b2208e9a93ffe6cb56b716ac42a6bdabb62fd99b29b36,e0fae326b09ebe47afe82c5c93e13170d1286490ab5114c0292d09d0ca73aa7b,0,False,0.6216999888,0.6108999848,0.6128000021,0.6720025539,0.6543813348,0.6547778249,-0.6457177401,-0.6556185484,-0.6556436419,,,,,,,new_control,3.0
3,aligned_all_active_star_bp,point_dendrite_credit_runs/journal_point_credit_aligned_all_active_star_bp_20260813003554,22,10202,aligned,grouped_star,full_bp,3,2x1x2,66178,66178,14336,21760,2944,bf873ba1adc28d708d78d69d8cbb6e59daa0a979a8b1ca060c977ce2085fa5a7,2685e2538feac1907e99b5008d83fcff46b7046a0fdcbcd76d52e258fa363cd4,0,False,0.6152999997,0.6123999953,0.6171000004,0.6639563441,0.6549091935,0.6561235785,-0.6495857239,-0.6551995873,-0.6553120017,,,,,,,new_control,3.0
3,aligned_all_active_star_bp,point_dendrite_credit_runs/journal_point_credit_aligned_all_active_star_bp_20260813003554,23,10203,aligned,grouped_star,full_bp,3,2x1x2,66178,66178,14336,21760,2944,8d1c177f4f5af36729fb4b52a7ecbd264680c22cbc51390fea9340ebcfc07ef1,a3e15ad951348a9c9806df98fdfe2594b78439ae9bdc33d35481a39e3fe8dad5,0,False,0.6207000017,0.614199996,0.6114000082,0.6651180983,0.6596528888,0.6514052153,-0.6499882936,-0.6534992456,-0.6570120454,,,,,,,new_control,3.0
3,aligned_all_active_star_bp,point_dendrite_credit_runs/journal_point_credit_aligned_all_active_star_bp_20260813003554,24,10204,aligned,grouped_star,full_bp,3,2x1x2,66178,66178,14336,21760,2944,33290a918ed022d54a2e79ea3f1b19fff277136ebd3842f12e1c6bc18893724d,4f03b16afd46e5f1007881920424f05a80d3ae893cf66105729d864b36774a80,0,False,0.625,0.6117999554,0.6006000042,0.6696313024,0.6537534595,0.6443161368,-0.6484302282,-0.655870378,-0.6603270173,,,,,,,new_control,3.0
3,aligned_all_active_star_bp,point_dendrite_credit_runs/journal_point_credit_aligned_all_active_star_bp_20260813003554,25,10205,aligned,grouped_star,full_bp,3,2x1x2,66178,66178,14336,21760,2944,45715b1c4f19a66ca65dab30bb31d3de698ce2273b70633058a3f3fbf09b8770,421d6de1d17ceda999e430f81b69b6d676c0602a3265d804686137406dbf1883,0,False,0.6107999682,0.6013000011,0.6090999842,0.6593291163,0.6434361935,0.654525578,-0.6529143453,-0.6602922678,-0.6554671526,,,,,,,new_control,3.0
3,aligned_all_active_star_bp,point_dendrite_credit_runs/journal_point_credit_aligned_all_active_star_bp_20260813003554,26,10206,aligned,grouped_star,full_bp,3,2x1x2,66178,66178,14336,21760,2944,a365de747216228bd860106a4ecdbf1f782a0f984e70097269da47c3d6ad3371,f5e5599ab32a5ad4e07c7acda8722d724b787e07c2d03b8aab46b0c642f87da6,0,False,0.6098999977,0.6096999645,0.6104999781,0.656793654,0.6517121196,0.6539075971,-0.6534531116,-0.6565046906,-0.6552237868,,,,,,,new_control,3.0
3,aligned_all_active_star_bp,point_dendrite_credit_runs/journal_point_credit_aligned_all_active_star_bp_20260813003554,27,10207,aligned,grouped_star,full_bp,3,2x1x2,66178,66178,14336,21760,2944,009aa27ee4492e13ced29c174ea749538f7cf176ef0980e766c7b999a69a3abb,780e2b0f1b7c2fbbc23d4f1ec00a3224856cc0be401b012275057bbe59669b63,0,False,0.6193999648,0.6161999702,0.6083999872,0.6615169048,0.6595900655,0.6488723159,-0.6515122056,-0.6520096064,-0.658757627,,,,,,,new_control,3.0
3,aligned_all_active_star_bp,point_dendrite_credit_runs/journal_point_credit_aligned_all_active_star_bp_20260813003554,28,10208,aligned,grouped_star,full_bp,3,2x1x2,66178,66178,14336,21760,2944,04e795cb1ef902282fecff0b642e8c05c59ae4e403533ba7e8c27b30fc66b573,47420d0fdd31e182e5240cea92835d728177a9a6b438a38052dba95a65c1064f,0,False,0.6173999906,0.6117999554,0.6169999838,0.6662592888,0.6500184536,0.6568327546,-0.6488406658,-0.6587479115,-0.6546092629,,,,,,,new_control,3.0
3,aligned_all_active_star_bp,point_dendrite_credit_runs/journal_point_credit_aligned_all_active_star_bp_20260813003554,29,10209,aligned,grouped_star,full_bp,3,2x1x2,66178,66178,14336,21760,2944,449f0fb2db935c425ec7f3e53e06c27e5bdbfbc7915e24e30a6a55f8e1c1c21b,10fa25484830472de2668b6cced62e89afe0186cf29b093152b8f561e2f3b929,0,False,0.6171000004,0.6117999554,0.6072999835,0.6566637754,0.6522009373,0.6511157751,-0.6547272205,-0.6563764215,-0.6564833522,,,,,,,new_control,3.0
3,rewired_tree_all_active_star_bp,point_dendrite_credit_runs/journal_point_credit_rewired_tree_all_active_star_bp_20260813003559,0,10200,rewired_tree,grouped_star,full_bp,1,8,66178,66178,14336,21760,2944,b1134b643ac52639cc46c3cb04c6fd21399dfa838665e1e524717a4fdddfb434,0bb560a102d16208b7fe888333fc7f9032248bde3a990ecb7b3d0ba631cb9f92,0,False,0.613499999,0.611199975,0.6083999872,0.6628757715,0.6614176631,0.6525120139,-0.6507149935,-0.6511727571,-0.655777216,,,,,,,new_control,1.0
3,rewired_tree_all_active_star_bp,point_dendrite_credit_runs/journal_point_credit_rewired_tree_all_active_star_bp_20260813003559,1,10201,rewired_tree,grouped_star,full_bp,1,8,66178,66178,14336,21760,2944,bad83bc68bffd24e23ab094e422f4f7842e96bc503cb985a1cc9e9528124c8ef,52ef255475a03f814db5774c3cb9b928886cec0ddb35956f3d0a5b9851f28f8d,0,False,0.6229000092,0.6108999848,0.6144999862,0.6748537421,0.6578947306,0.658254385,-0.6440726519,-0.6536390185,-0.6539263725,,,,,,,new_control,1.0
3,rewired_tree_all_active_star_bp,point_dendrite_credit_runs/journal_point_credit_rewired_tree_all_active_star_bp_20260813003559,2,10202,rewired_tree,grouped_star,full_bp,1,8,66178,66178,14336,21760,2944,983440910423dc9843a99d1d16c41ab38523ffdeb1e49584da20573425de9aad,561e1668396f43bc027e5c42051181cab3f0d994085b2e4dcf471bdcb556c4c1,0,False,0.616599977,0.6129999757,0.6166999936,0.6668527722,0.6575914621,0.6588292718,-0.6479646564,-0.6540333629,-0.65422225,,,,,,,new_control,1.0
3,rewired_tree_all_active_star_bp,point_dendrite_credit_runs/journal_point_credit_rewired_tree_all_active_star_bp_20260813003559,3,10203,rewired_tree,grouped_star,full_bp,1,8,66178,66178,14336,21760,2944,93f536ace634b96fd7da425c6e172ffe8b142647b12bcc7a7f08ffb130168ffd,69ac6f2862ac3773525badbcabeeea1c4a95f1b344aa43e8972ed58d9e861480,0,False,0.62439996,0.6162999868,0.6121999621,0.6678785682,0.6625270247,0.6544929743,-0.6485618353,-0.6521013379,-0.6554282308,,,,,,,new_control,1.0
3,rewired_tree_all_active_star_bp,point_dendrite_credit_runs/journal_point_credit_rewired_tree_all_active_star_bp_20260813003559,4,10204,rewired_tree,grouped_star,full_bp,1,8,66178,66178,14336,21760,2944,fc511a2c07dc1b84eac982e4c30261fe442cb88d6d939513f28a9de0c72f5eb0,eee990ddc629d83509c950df14329ec26be387b20eeb5b5e84175067ca5b16d9,0,False,0.6265000105,0.611899972,0.601000011,0.672514081,0.6571109295,0.6470204592,-0.6470099092,-0.6540573835,-0.6590844989,,,,,,,new_control,1.0
3,rewired_tree_all_active_star_bp,point_dendrite_credit_runs/journal_point_credit_rewired_tree_all_active_star_bp_20260813003559,5,10205,rewired_tree,grouped_star,full_bp,1,8,66178,66178,14336,21760,2944,3b8a77a3f69d4e963f382410412ca2c855a3575ffeefb8cbda0152a3f90d2a5f,86debb170d3bca9f24c79364e6d3a63d351afca1a9e9f52bebac0cd3048dc575,0,False,0.6158999801,0.6054999828,0.6128000021,0.6649267673,0.6474068165,0.6582984924,-0.6496053338,-0.6587114334,-0.6535485983,,,,,,,new_control,1.0
3,rewired_tree_all_active_star_bp,point_dendrite_credit_runs/journal_point_credit_rewired_tree_all_active_star_bp_20260813003559,6,10206,rewired_tree,grouped_star,full_bp,1,8,66178,66178,14336,21760,2944,3cfacd230c34ea72ff5071d5ccb2cd3aa1b055979d40a50c979d2ef3f3e02bf4,070d94c0179c44b41dc60b4dfee2e359de80430366a547f101792c0bd26b7e66,0,False,0.6126999855,0.6107000113,0.6107000113,0.6591519117,0.6541350484,0.6570828557,-0.6523087621,-0.6554153562,-0.653927207,,,,,,,new_control,1.0
3,rewired_tree_all_active_star_bp,point_dendrite_credit_runs/journal_point_credit_rewired_tree_all_active_star_bp_20260813003559,7,10207,rewired_tree,grouped_star,full_bp,1,8,66178,66178,14336,21760,2944,627aa01989acae800bf059fb6d35bc280cd57f6d7a787343ee2c71c8fe2e08f8,2bb50c87614e3882ed1fc2513e53585ff458a9eb132c0db8f43fcf7722d55d05,0,False,0.6232999563,0.6180999875,0.6108999848,0.6645160913,0.6626116633,0.651668787,-0.649900794,-0.650391221,-0.6573624015,,,,,,,new_control,1.0
3,rewired_tree_all_active_star_bp,point_dendrite_credit_runs/journal_point_credit_rewired_tree_all_active_star_bp_20260813003559,8,10208,rewired_tree,grouped_star,full_bp,1,8,66178,66178,14336,21760,2944,9e76f14729b19d9869f1069f55fdd3ad6509549c891dad8c9050d53f192ad800,ed779392a791ced11298bcea7d5ddacad82bd20e5574fe766a01a9841cbad1d3,0,False,0.6184999943,0.6117999554,0.6137999892,0.6671414375,0.6511966586,0.6560391784,-0.6489803791,-0.6574822068,-0.6548192501,,,,,,,new_control,1.0
3,rewired_tree_all_active_star_bp,point_dendrite_credit_runs/journal_point_credit_rewired_tree_all_active_star_bp_20260813003559,9,10209,rewired_tree,grouped_star,full_bp,1,8,66178,66178,14336,21760,2944,72eaceec34e4ecdc2ed47ced025747ff76123d7d4f7a4b07b7daa59a6f791f88,b4ba1639bf102e8664d84def821f04040140a73dd70d3056eb0e280dec09e9f6,0,False,0.6204999685,0.6152999997,0.6056999564,0.6597034335,0.6558101773,0.6532647014,-0.6532480121,-0.6545729637,-0.6554098725,,,,,,,new_control,1.0
3,rewired_tree_all_active_star_bp,point_dendrite_credit_runs/journal_point_credit_rewired_tree_all_active_star_bp_20260813003559,10,10200,rewired_tree,grouped_star,full_bp,2,2x3,66178,66178,14336,21760,2944,9483a7dec2136f292e87ddd1b7545223a38d0efd1f2fb934de8838edc522f997,9f69318f298fd33d2ce875825bce79c05781b96a895687e345046d94af946e9e,0,False,0.6136999726,0.6116999984,0.6089999676,0.662877202,0.6613995433,0.6525161862,-0.6507149339,-0.6511322856,-0.6557728052,,,,,,,new_control,2.0
3,rewired_tree_all_active_star_bp,point_dendrite_credit_runs/journal_point_credit_rewired_tree_all_active_star_bp_20260813003559,11,10201,rewired_tree,grouped_star,full_bp,2,2x3,66178,66178,14336,21760,2944,e5ca1183aa02de6e90a1270207d362ae31eecb7e417be3986377647278fbb738,18dddaf9ae9d54857d52ad16763b59618b57b8ee15bf4c9dfcb75b2f8737d4c7,0,False,0.6240999699,0.6117999554,0.6159999967,0.6747251749,0.657838583,0.6581748128,-0.6441396475,-0.6536633372,-0.6539096236,,,,,,,new_control,2.0
3,rewired_tree_all_active_star_bp,point_dendrite_credit_runs/journal_point_credit_rewired_tree_all_active_star_bp_20260813003559,12,10202,rewired_tree,grouped_star,full_bp,2,2x3,66178,66178,14336,21760,2944,17d8c2d228872a5c2f2e2339c4c028f47ac7808a3211985a878adafafca9135f,beb042379b57cee1b27dc1a1a1cb89e2f785327913ce8af6f26aaddc60e4fd18,0,False,0.6166999936,0.6132999659,0.6164999604,0.6668454409,0.6575482488,0.6589108706,-0.6479699016,-0.6540808678,-0.6541959047,,,,,,,new_control,2.0
3,rewired_tree_all_active_star_bp,point_dendrite_credit_runs/journal_point_credit_rewired_tree_all_active_star_bp_20260813003559,13,10203,rewired_tree,grouped_star,full_bp,2,2x3,66178,66178,14336,21760,2944,213fcc01f9a61ac74b42dfff36a7e1f9ab82b2aa5089c9ad9ae22211c68d1990,d5c39ef40bacee31f5e2a9974befdde7c8a366dc8c7ec8ad820310b749b28678,0,False,0.625099957,0.6177999973,0.6129999757,0.6679036617,0.6625958681,0.6547458172,-0.6485522985,-0.6520675421,-0.6553666592,,,,,,,new_control,2.0
3,rewired_tree_all_active_star_bp,point_dendrite_credit_runs/journal_point_credit_rewired_tree_all_active_star_bp_20260813003559,14,10204,rewired_tree,grouped_star,full_bp,2,2x3,66178,66178,14336,21760,2944,8fd189dfc1a5c78ad85922654172ae6f9671ca47b6bad9211b18744455832aa7,06d759bc36da946ed5de7002b2a2f4c9d7967a297aa608f1f4f44a6b47f0a73f,0,False,0.6268999577,0.6132000089,0.6013999581,0.6724728942,0.6570011377,0.6470119357,-0.6470231414,-0.6541045904,-0.6590939164,,,,,,,new_control,2.0
3,rewired_tree_all_active_star_bp,point_dendrite_credit_runs/journal_point_credit_rewired_tree_all_active_star_bp_20260813003559,15,10205,rewired_tree,grouped_star,full_bp,2,2x3,66178,66178,14336,21760,2944,a1c7ec786f82b36d8e8e0fd8dc06f9d4637c86cfe0f2d7eb61243fe94c4459d0,c7631986e1a42698bff1e7ac7813ddb8139c582762219a63c48db9eeb70f6c83,0,False,0.6150999665,0.6053000093,0.6125000119,0.6648774743,0.6472536922,0.6582847834,-0.6496302485,-0.6587585807,-0.6535439491,,,,,,,new_control,2.0
3,rewired_tree_all_active_star_bp,point_dendrite_credit_runs/journal_point_credit_rewired_tree_all_active_star_bp_20260813003559,16,10206,rewired_tree,grouped_star,full_bp,2,2x3,66178,66178,14336,21760,2944,e45b5089ac08e347f3f5fc20a715f20e37374b6ac64eabff488de249b93b314e,0380f0e853709f8e8ecd8acfbeb98aed4f3e8746ac8dca9abd57a9fce85096d3,0,False,0.6129999757,0.611899972,0.6112999916,0.659122467,0.6540943384,0.6570753455,-0.6522877812,-0.655413568,-0.6538820863,,,,,,,new_control,2.0
3,rewired_tree_all_active_star_bp,point_dendrite_credit_runs/journal_point_credit_rewired_tree_all_active_star_bp_20260813003559,17,10207,rewired_tree,grouped_star,full_bp,2,2x3,66178,66178,14336,21760,2944,0cea9ed537b6f96de54e47f5c4bc2a0e2d08d9cdb4089f2b402ab1506bf9845f,d228a5fe11848000264f57a64099ae5cdd8aff107de2b704b8c111dcfb2cf053,0,False,0.6238999963,0.6186999679,0.6103000045,0.6645103097,0.6626195312,0.651720047,-0.6499095559,-0.6503952146,-0.6573626995,,,,,,,new_control,2.0
3,rewired_tree_all_active_star_bp,point_dendrite_credit_runs/journal_point_credit_rewired_tree_all_active_star_bp_20260813003559,18,10208,rewired_tree,grouped_star,full_bp,2,2x3,66178,66178,14336,21760,2944,b9d070e42e8999ef4952a1952736599ab3bfd3f8c2f764462fb6c8b6ce385feb,d99b1299495b76a391f84c7f4f7794874691901abe9e22cce6619865f450aaba,0,False,0.6182000041,0.6115999818,0.6143000126,0.6671845913,0.6510255337,0.6558731794,-0.6489631534,-0.6575223207,-0.6548705101,,,,,,,new_control,2.0
3,rewired_tree_all_active_star_bp,point_dendrite_credit_runs/journal_point_credit_rewired_tree_all_active_star_bp_20260813003559,19,10209,rewired_tree,grouped_star,full_bp,2,2x3,66178,66178,14336,21760,2944,b0f0aa69111ac9d62621a02661877abce9d4955e1de80ef4863efad481935f24,ddf8db15db73a7fed55e89bc89ff01478b938f3dd12df7df4a4e352d561d597c,0,False,0.6186999679,0.6150999665,0.606400013,0.6597284079,0.6559343338,0.6533107758,-0.6532498598,-0.6545433402,-0.6553958654,,,,,,,new_control,2.0
3,rewired_tree_all_active_star_bp,point_dendrite_credit_runs/journal_point_credit_rewired_tree_all_active_star_bp_20260813003559,20,10200,rewired_tree,grouped_star,full_bp,3,2x1x2,66178,66178,14336,21760,2944,c037b36346bf9a202567f9aa9d74972aba2d7e96e87d020dce9e547f2bf4e6e1,2e8757400bc81e4f05687942d038006b76d465f1684ffb7503372fe87e42f996,0,False,0.614199996,0.611199975,0.6089000106,0.6629152894,0.661421299,0.6524617672,-0.6507121325,-0.6511249542,-0.655785799,,,,,,,new_control,3.0
3,rewired_tree_all_active_star_bp,point_dendrite_credit_runs/journal_point_credit_rewired_tree_all_active_star_bp_20260813003559,21,10201,rewired_tree,grouped_star,full_bp,3,2x1x2,66178,66178,14336,21760,2944,8f8266239a0d687232672f319c770e30061aeabaea407c80f0d1be415f1d0cd9,d234c97b2410ae2254217d6e12b3b3456976ca1955a61f36442d57b0009b882e,0,False,0.6230999827,0.6121999621,0.6150999665,0.6747584939,0.6578987241,0.6582770348,-0.644118607,-0.6536530256,-0.6538965702,,,,,,,new_control,3.0
3,rewired_tree_all_active_star_bp,point_dendrite_credit_runs/journal_point_credit_rewired_tree_all_active_star_bp_20260813003559,22,10202,rewired_tree,grouped_star,full_bp,3,2x1x2,66178,66178,14336,21760,2944,15cf10054c18a940b3b8a909e9014d53f3a11cdcf49726da3f69238fa74bb1f2,ba9fb0bee2c05c323aa9a2c7b9d051079f3c6b8da63acf204602333513fe0a71,0,False,0.6166999936,0.613499999,0.6171999574,0.6669052243,0.65755409,0.6588227749,-0.6479488015,-0.6540790796,-0.6542073488,,,,,,,new_control,3.0
3,rewired_tree_all_active_star_bp,point_dendrite_credit_runs/journal_point_credit_rewired_tree_all_active_star_bp_20260813003559,23,10203,rewired_tree,grouped_star,full_bp,3,2x1x2,66178,66178,14336,21760,2944,ef49de4ffadbf35815bf5699f92293e359050fd2bf080f96a883824aaaf3d0e0,0aa761ade588171281b101cda523e3c2783127cf5c3089e54386941322230107,0,False,0.6236999631,0.6200999618,0.6132000089,0.6680093408,0.6627292633,0.6547964215,-0.6485081911,-0.6520336866,-0.6554059386,,,,,,,new_control,3.0
3,rewired_tree_all_active_star_bp,point_dendrite_credit_runs/journal_point_credit_rewired_tree_all_active_star_bp_20260813003559,24,10204,rewired_tree,grouped_star,full_bp,3,2x1x2,66178,66178,14336,21760,2944,510089dda130b601946f68db8b81cbcfd0fda34a548f76673b168f1fc16ea66b,f7f09d4b3e4c4312fcfc10617f237d38cace5f3ce895d54ae409e5ad8ff65678,0,False,0.6265999675,0.611899972,0.6013000011,0.6724241376,0.6570979953,0.6469008327,-0.6470322013,-0.6540779471,-0.6591460705,,,,,,,new_control,3.0
3,rewired_tree_all_active_star_bp,point_dendrite_credit_runs/journal_point_credit_rewired_tree_all_active_star_bp_20260813003559,25,10205,rewired_tree,grouped_star,full_bp,3,2x1x2,66178,66178,14336,21760,2944,6d9ea3769a7b29cc26a490e1361eb68718971c6b2e6932a7b1d2d52ad7fd1f4c,3f6bea5948232dc8c6f2e9506ce485a5a74cdf3e3eb91ed499c88dea907d88ec,0,False,0.6158999801,0.6058999896,0.6122999787,0.6648483872,0.6475100517,0.6583312154,-0.6496307254,-0.6587016582,-0.6535591483,,,,,,,new_control,3.0
3,rewired_tree_all_active_star_bp,point_dendrite_credit_runs/journal_point_credit_rewired_tree_all_active_star_bp_20260813003559,26,10206,rewired_tree,grouped_star,full_bp,3,2x1x2,66178,66178,14336,21760,2944,f333284219021ed16daae970bf0667cc250990124dd678ad7331c80cb11e6435,f670c97bec6f65750f466365a7aacec8bfafbe5ffc57d440c795f95d41207b6c,0,False,0.6125000119,0.6107999682,0.6110000014,0.6591079831,0.6540356278,0.6569488049,-0.652292192,-0.6554374099,-0.6539154053,,,,,,,new_control,3.0
3,rewired_tree_all_active_star_bp,point_dendrite_credit_runs/journal_point_credit_rewired_tree_all_active_star_bp_20260813003559,27,10207,rewired_tree,grouped_star,full_bp,3,2x1x2,66178,66178,14336,21760,2944,7984e1bb46c3bc7106fcd08da7e305b2300dab663e8e7e9ac5132d3ad6efa390,0b4c95efd6d0f3027501e86691a8d85f46fb8da2fd609ae78053ed82522ad7ff,0,False,0.6231999993,0.6171000004,0.6107999682,0.6645100117,0.6627811193,0.6518815756,-0.6498845816,-0.6502941847,-0.6572767496,,,,,,,new_control,3.0
3,rewired_tree_all_active_star_bp,point_dendrite_credit_runs/journal_point_credit_rewired_tree_all_active_star_bp_20260813003559,28,10208,rewired_tree,grouped_star,full_bp,3,2x1x2,66178,66178,14336,21760,2944,e04084e31106bad49aa4feff13ab6217da1089e7aa0b2b9a925a41b5cdfa7a17,47fa436192d6e24a295018a87763b24a23a302fe51f567b4402b4e301615b0d2,0,False,0.6179999709,0.611199975,0.6143000126,0.6672981381,0.6510789394,0.6558690667,-0.6489395499,-0.657502532,-0.6548674107,,,,,,,new_control,3.0
3,rewired_tree_all_active_star_bp,point_dendrite_credit_runs/journal_point_credit_rewired_tree_all_active_star_bp_20260813003559,29,10209,rewired_tree,grouped_star,full_bp,3,2x1x2,66178,66178,14336,21760,2944,774ed54fea6e94bbf76701d17e4c2c9c070bd368ec5ca6fef2dd6037bfea4997,1b9963086b50c27a38bf0bcff7f5adf1def11b7dffb96a8a0de2a183dc21fb86,0,False,0.6202999949,0.6150000095,0.6060000062,0.6596689224,0.6557023525,0.6531842351,-0.6532593369,-0.6546046734,-0.6554532647,,,,,,,new_control,3.0
