seed,task_group,task_group_name,compatible,phase,step,optimizer,learning_rate,student_group,student_group_name,credit_rule,rule_id,train_nmse,validation_nmse,test_nmse,test_mse,test_target_variance,conductance_sum,min_conductance,max_conductance,min_total_conductance,max_voltage,bound_events,training_seconds
15417,0,01_23,True,fresh,0,sgd,0.3,0,01_23,exact_path,0,2.6154701910907985,2.870871227473938,2.636845540988096,0.013662701796476433,0.005181457003870107,35.89641255832989,0.5774895272050593,5.261791024717008,1.2996198700910948,0.9458648763095915,0,0.0
15417,0,01_23,True,fresh,0,sgd,0.3,0,01_23,calibrated_broadcast,1,2.6154701910907985,2.870871227473938,2.636845540988096,0.013662701796476433,0.005181457003870107,35.89641255832989,0.5774895272050593,5.261791024717008,1.2996198700910948,0.9458648763095915,0,0.0
15417,0,01_23,True,fresh,0,sgd,0.3,0,01_23,subtree_projection,2,2.6154701910907985,2.870871227473938,2.636845540988096,0.013662701796476433,0.005181457003870107,35.89641255832989,0.5774895272050593,5.261791024717008,1.2996198700910948,0.9458648763095915,0,0.0
15417,0,01_23,True,fresh,0,sgd,0.3,0,01_23,broadcast_projection,3,2.6154701910907985,2.870871227473938,2.636845540988096,0.013662701796476433,0.005181457003870107,35.89641255832989,0.5774895272050593,5.261791024717008,1.2996198700910948,0.9458648763095915,0,0.0
15417,0,01_23,False,fresh,0,sgd,0.3,1,02_13,exact_path,0,2.6663448788853343,2.8817923406028254,2.6909446827649104,0.013943014173539268,0.005181457003870107,35.89641255832989,0.5774895272050593,5.261791024717008,1.2996198700910948,0.9458648763095915,0,0.0
15417,0,01_23,False,fresh,0,sgd,0.3,1,02_13,calibrated_broadcast,1,2.6663448788853343,2.8817923406028254,2.6909446827649104,0.013943014173539268,0.005181457003870107,35.89641255832989,0.5774895272050593,5.261791024717008,1.2996198700910948,0.9458648763095915,0,0.0
15417,0,01_23,False,fresh,0,sgd,0.3,1,02_13,subtree_projection,2,2.6663448788853343,2.8817923406028254,2.6909446827649104,0.013943014173539268,0.005181457003870107,35.89641255832989,0.5774895272050593,5.261791024717008,1.2996198700910948,0.9458648763095915,0,0.0
15417,0,01_23,False,fresh,0,sgd,0.3,1,02_13,broadcast_projection,3,2.6663448788853343,2.8817923406028254,2.6909446827649104,0.013943014173539268,0.005181457003870107,35.89641255832989,0.5774895272050593,5.261791024717008,1.2996198700910948,0.9458648763095915,0,0.0
15417,0,01_23,False,fresh,0,sgd,0.3,2,03_12,exact_path,0,2.4349027817837454,2.6031653849416747,2.3813100826669893,0.012338655806221375,0.005181457003870107,35.89641255832989,0.5774895272050593,5.261791024717008,1.2996198700910948,0.9458648763095915,0,0.0
15417,0,01_23,False,fresh,0,sgd,0.3,2,03_12,calibrated_broadcast,1,2.4349027817837454,2.6031653849416747,2.3813100826669893,0.012338655806221375,0.005181457003870107,35.89641255832989,0.5774895272050593,5.261791024717008,1.2996198700910948,0.9458648763095915,0,0.0
15417,0,01_23,False,fresh,0,sgd,0.3,2,03_12,subtree_projection,2,2.4349027817837454,2.6031653849416747,2.3813100826669893,0.012338655806221375,0.005181457003870107,35.89641255832989,0.5774895272050593,5.261791024717008,1.2996198700910948,0.9458648763095915,0,0.0
15417,0,01_23,False,fresh,0,sgd,0.3,2,03_12,broadcast_projection,3,2.4349027817837454,2.6031653849416747,2.3813100826669893,0.012338655806221375,0.005181457003870107,35.89641255832989,0.5774895272050593,5.261791024717008,1.2996198700910948,0.9458648763095915,0,0.0
15417,0,01_23,True,fresh,0,adam,0.01,0,01_23,exact_path,0,2.6154701910907985,2.870871227473938,2.636845540988096,0.013662701796476433,0.005181457003870107,35.89641255832989,0.5774895272050593,5.261791024717008,1.2996198700910948,0.9458648763095915,0,0.0
15417,0,01_23,True,fresh,0,adam,0.01,0,01_23,calibrated_broadcast,1,2.6154701910907985,2.870871227473938,2.636845540988096,0.013662701796476433,0.005181457003870107,35.89641255832989,0.5774895272050593,5.261791024717008,1.2996198700910948,0.9458648763095915,0,0.0
15417,0,01_23,True,fresh,0,adam,0.01,0,01_23,subtree_projection,2,2.6154701910907985,2.870871227473938,2.636845540988096,0.013662701796476433,0.005181457003870107,35.89641255832989,0.5774895272050593,5.261791024717008,1.2996198700910948,0.9458648763095915,0,0.0
15417,0,01_23,True,fresh,0,adam,0.01,0,01_23,broadcast_projection,3,2.6154701910907985,2.870871227473938,2.636845540988096,0.013662701796476433,0.005181457003870107,35.89641255832989,0.5774895272050593,5.261791024717008,1.2996198700910948,0.9458648763095915,0,0.0
15417,0,01_23,False,fresh,0,adam,0.01,1,02_13,exact_path,0,2.6663448788853343,2.8817923406028254,2.6909446827649104,0.013943014173539268,0.005181457003870107,35.89641255832989,0.5774895272050593,5.261791024717008,1.2996198700910948,0.9458648763095915,0,0.0
15417,0,01_23,False,fresh,0,adam,0.01,1,02_13,calibrated_broadcast,1,2.6663448788853343,2.8817923406028254,2.6909446827649104,0.013943014173539268,0.005181457003870107,35.89641255832989,0.5774895272050593,5.261791024717008,1.2996198700910948,0.9458648763095915,0,0.0
15417,0,01_23,False,fresh,0,adam,0.01,1,02_13,subtree_projection,2,2.6663448788853343,2.8817923406028254,2.6909446827649104,0.013943014173539268,0.005181457003870107,35.89641255832989,0.5774895272050593,5.261791024717008,1.2996198700910948,0.9458648763095915,0,0.0
15417,0,01_23,False,fresh,0,adam,0.01,1,02_13,broadcast_projection,3,2.6663448788853343,2.8817923406028254,2.6909446827649104,0.013943014173539268,0.005181457003870107,35.89641255832989,0.5774895272050593,5.261791024717008,1.2996198700910948,0.9458648763095915,0,0.0
15417,0,01_23,False,fresh,0,adam,0.01,2,03_12,exact_path,0,2.4349027817837454,2.6031653849416747,2.3813100826669893,0.012338655806221375,0.005181457003870107,35.89641255832989,0.5774895272050593,5.261791024717008,1.2996198700910948,0.9458648763095915,0,0.0
15417,0,01_23,False,fresh,0,adam,0.01,2,03_12,calibrated_broadcast,1,2.4349027817837454,2.6031653849416747,2.3813100826669893,0.012338655806221375,0.005181457003870107,35.89641255832989,0.5774895272050593,5.261791024717008,1.2996198700910948,0.9458648763095915,0,0.0
15417,0,01_23,False,fresh,0,adam,0.01,2,03_12,subtree_projection,2,2.4349027817837454,2.6031653849416747,2.3813100826669893,0.012338655806221375,0.005181457003870107,35.89641255832989,0.5774895272050593,5.261791024717008,1.2996198700910948,0.9458648763095915,0,0.0
15417,0,01_23,False,fresh,0,adam,0.01,2,03_12,broadcast_projection,3,2.4349027817837454,2.6031653849416747,2.3813100826669893,0.012338655806221375,0.005181457003870107,35.89641255832989,0.5774895272050593,5.261791024717008,1.2996198700910948,0.9458648763095915,0,0.0
15417,0,01_23,True,fresh,10,sgd,0.3,0,01_23,exact_path,0,0.04508897264423829,0.045800025016207425,0.04328350902737479,0.0002242716410019661,0.005181457003870107,39.67664901845479,0.5409687984056553,4.564884305270472,1.3240037305216807,0.9569228228393842,0,0.027724675135686994
15417,0,01_23,True,fresh,10,sgd,0.3,0,01_23,calibrated_broadcast,1,0.047679797107503,0.04816397602423911,0.04579227160032613,0.00023727068640663204,0.005181457003870107,39.49322095837151,0.5484187549604814,4.504437253922936,1.3177412645788444,0.9584317890445236,0,0.027724675135686994
15417,0,01_23,True,fresh,10,sgd,0.3,0,01_23,subtree_projection,2,0.05092202545517934,0.051540970451993656,0.048774705480515414,0.0002527240393237183,0.005181457003870107,39.635219337212376,0.5455571663513186,4.52373202032005,1.3201645522191587,0.9581955589887013,0,0.027724675135686994
15417,0,01_23,True,fresh,10,sgd,0.3,0,01_23,broadcast_projection,3,0.04930795589277805,0.04985924064577457,0.047336165964249985,0.00024527030867182087,0.005181457003870107,39.53382461822804,0.5484085584870048,4.527142907457924,1.3177386613883832,0.9584193151034354,0,0.027724675135686994
15417,0,01_23,False,fresh,10,sgd,0.3,1,02_13,exact_path,0,0.05530524093150925,0.05651719201256535,0.05401433652865812,0.00027987296231581256,0.005181457003870107,39.64485647036099,0.5364130345148419,4.593049425180561,1.3266553798035294,0.9559420157118776,0,0.027724675135686994
15417,0,01_23,False,fresh,10,sgd,0.3,1,02_13,calibrated_broadcast,1,0.05798405892454361,0.058837745434184185,0.0563475659927067,0.00029196249046394316,0.005181457003870107,39.40491032169551,0.5308180005032572,4.533217498851585,1.3262965008001135,0.9545542180500949,0,0.027724675135686994
15417,0,01_23,False,fresh,10,sgd,0.3,1,02_13,subtree_projection,2,0.06163793744191391,0.062409425817386656,0.059693601159496505,0.0003092998278141019,0.005181457003870107,39.565822888638564,0.531557706493735,4.554998722468816,1.3292752030666264,0.9546530325845602,0,0.027724675135686994
15417,0,01_23,False,fresh,10,sgd,0.3,1,02_13,broadcast_projection,3,0.05964137589135761,0.06050963916029061,0.05791337708283302,0.0003000756733036157,0.005181457003870107,39.450641972734246,0.5307388635887846,4.556537365487804,1.3262509088845105,0.9545757865331361,0,0.027724675135686994
15417,0,01_23,False,fresh,10,sgd,0.3,2,03_12,exact_path,0,0.13498175013833502,0.1374016632071157,0.1246374673329211,0.0006458036780567956,0.005181457003870107,39.27643324906117,0.5425636703098227,4.170483789068716,1.3240572799616022,0.9661904131846685,0,0.027724675135686994
15417,0,01_23,False,fresh,10,sgd,0.3,2,03_12,calibrated_broadcast,1,0.14671195386259564,0.14938976984525001,0.13651559291940846,0.0007073496750697494,0.005181457003870107,39.2674481064785,0.5338093382016997,4.505650193729009,1.331364729433188,0.9687029702657157,0,0.027724675135686994
15417,0,01_23,False,fresh,10,sgd,0.3,2,03_12,subtree_projection,2,0.13466128938636043,0.13762125646896461,0.12509673507167068,0.0006481833540983913,0.005181457003870107,39.42748696134194,0.5348038577443983,4.384115107801176,1.3299086228882722,0.9678159800066345,0,0.027724675135686994
15417,0,01_23,False,fresh,10,sgd,0.3,2,03_12,broadcast_projection,3,0.15246694618758194,0.15477666928636596,0.14147414581339307,0.0007330422036913463,0.005181457003870107,39.319417884359694,0.5336352257840208,4.484611237683395,1.331288187296506,0.9685520102799452,0,0.027724675135686994
15417,0,01_23,True,fresh,10,adam,0.01,0,01_23,exact_path,0,1.4016793603999476,1.5443084595189567,1.414339383227795,0.0073283387030749865,0.005181457003870107,37.092524961322496,0.5235220823070571,5.303016987601251,1.3007300757049978,0.9513026132653641,0,0.027724675135686994
15417,0,01_23,True,fresh,10,adam,0.01,0,01_23,calibrated_broadcast,1,1.402095918222411,1.5447826887891563,1.414771090154806,0.007330575573955567,0.005181457003870107,37.09068166730563,0.5236307106851579,5.303285866893061,1.3007308600113736,0.9512991743505992,0,0.027724675135686994
15417,0,01_23,True,fresh,10,adam,0.01,0,01_23,subtree_projection,2,1.4018046393331176,1.5444506229436974,1.414465624668811,0.007328992817673716,0.005181457003870107,37.092172736693236,0.5234517507721278,5.302915415136828,1.3007352293636631,0.9512942915749468,0,0.027724675135686994
15417,0,01_23,True,fresh,10,adam,0.01,0,01_23,broadcast_projection,3,1.4024597004166643,1.5451808698399474,1.4151375243221105,0.007332474236838203,0.005181457003870107,37.090298959938906,0.5236396183397724,5.30329554735522,1.3007279732495278,0.9512971511846235,0,0.027724675135686994
15417,0,01_23,False,fresh,10,adam,0.01,1,02_13,exact_path,0,1.4336990237305371,1.5498247630313369,1.44522745080012,0.007488383897133622,0.005181457003870107,36.89860393108417,0.5234325640655871,5.107101320313312,1.3007067347067685,0.9513171647716571,0,0.027724675135686994
15417,0,01_23,False,fresh,10,adam,0.01,1,02_13,calibrated_broadcast,1,1.4343417747418092,1.5505394448534613,1.4458996269244038,0.007491866748820627,0.005181457003870107,36.89643802055531,0.5235720071561822,5.10771193315522,1.3007259469954635,0.9513018217341613,0,0.027724675135686994
15417,0,01_23,False,fresh,10,adam,0.01,1,02_13,subtree_projection,2,1.4340350517528728,1.5501832344638575,1.445564758675568,0.007490131643387323,0.005181457003870107,36.8981890764969,0.5236398819569513,5.106917472712489,1.300720603319216,0.9513233501541878,0,0.027724675135686994
15417,0,01_23,False,fresh,10,adam,0.01,1,02_13,broadcast_projection,3,1.435024494192104,1.5512766812757754,1.4465872256524406,0.007495429512065865,0.005181457003870107,36.89565433132012,0.5235994415217481,5.107730854394985,1.3007222991281384,0.9512980319467801,0,0.027724675135686994
15417,0,01_23,False,fresh,10,adam,0.01,2,03_12,exact_path,0,1.383127251724468,1.459417918411868,1.3332646492876163,0.0069082534550637415,0.005181457003870107,37.04559083758576,0.5237203783081991,5.25858182391446,1.3007170539095143,0.9512919209032016,0,0.027724675135686994
15417,0,01_23,False,fresh,10,adam,0.01,2,03_12,calibrated_broadcast,1,1.383536441515888,1.4598643381135838,1.33367028362857,0.006910355231960687,0.005181457003870107,37.04367373231004,0.5238738222892012,5.258768898208667,1.3007403655768472,0.9512882783158014,0,0.027724675135686994
15417,0,01_23,False,fresh,10,adam,0.01,2,03_12,subtree_projection,2,1.3832769559660947,1.4595777699535952,1.3334078595827674,0.006908995493050578,0.005181457003870107,37.04495323588692,0.5239089247266094,5.2585099293824005,1.3007355976359292,0.9512836542093897,0,0.027724675135686994
15417,0,01_23,False,fresh,10,adam,0.01,2,03_12,broadcast_projection,3,1.3838419768957937,1.4602032366216993,1.3339780174688753,0.0069119497416228635,0.005181457003870107,37.043248141583604,0.5238802394015273,5.258789824923503,1.3007367384210387,0.9512864213755585,0,0.027724675135686994
15417,0,01_23,True,fresh,100,sgd,0.3,0,01_23,exact_path,0,0.0019300818717939156,0.0018749744516817584,0.0018009697175969419,9.331647157000642e-06,0.005181457003870107,39.392747469134235,0.5349925996645694,4.4636918929456835,1.320397566194802,0.9530068854283792,0,0.2752885699737817
15417,0,01_23,True,fresh,100,sgd,0.3,0,01_23,calibrated_broadcast,1,0.0024983274180127688,0.0022624366170858274,0.0023679513831515275,1.226943827905439e-05,0.005181457003870107,38.798565632163275,0.5498660332805488,4.270412125170152,1.3124570730588678,0.9553734892621281,0,0.2752885699737817
15417,0,01_23,True,fresh,100,sgd,0.3,0,01_23,subtree_projection,2,0.0029523084522322593,0.0027536010581745056,0.002786115325126771,1.4436136764967947e-05,0.005181457003870107,38.91052974924782,0.5456580496406062,4.285136124564056,1.312459012831362,0.9552274056946556,0,0.2752885699737817
15417,0,01_23,True,fresh,100,sgd,0.3,0,01_23,broadcast_projection,3,0.002732236029554959,0.0024857904584981673,0.0025891248697425887,1.3415439190222015e-05,0.005181457003870107,38.83304595662184,0.5501171701011783,4.294798496266556,1.312543609197216,0.9553787269775906,0,0.2752885699737817
15417,0,01_23,False,fresh,100,sgd,0.3,1,02_13,exact_path,0,0.01393169546278107,0.016415562166383364,0.01518455823925236,7.867813563944768e-05,0.005181457003870107,39.2759502774994,0.5479855043192223,4.474661731162184,1.3132598269489413,0.9562728958810185,0,0.2752885699737817
15417,0,01_23,False,fresh,100,sgd,0.3,1,02_13,calibrated_broadcast,1,0.015117180018762716,0.01713877497386862,0.015867641505324062,8.221750221266137e-05,0.005181457003870107,38.60444561524358,0.5407981434862406,4.291407058436608,1.3199625316591161,0.9524547993231374,0,0.2752885699737817
15417,0,01_23,False,fresh,100,sgd,0.3,1,02_13,subtree_projection,2,0.015438819907617016,0.01741060925646664,0.016229495952440793,8.40924354720559e-05,0.005181457003870107,38.69155461351491,0.5423128582509087,4.299955815485289,1.3198849879679118,0.9530277982754666,0,0.2752885699737817
15417,0,01_23,False,fresh,100,sgd,0.3,1,02_13,broadcast_projection,3,0.015313901888542071,0.017262672260562356,0.016052074001107104,8.317313125967766e-05,0.005181457003870107,38.64383292497468,0.540969315059985,4.31753852373986,1.320196138452768,0.9524314073223685,0,0.2752885699737817
15417,0,01_23,False,fresh,100,sgd,0.3,2,03_12,exact_path,0,0.031240278070691678,0.03819463454660687,0.031094612907412864,0.00016111539983174422,0.005181457003870107,39.17439964824903,0.5533991506593448,6.059894047371629,1.314182691267478,0.9644726460906187,0,0.2752885699737817
15417,0,01_23,False,fresh,100,sgd,0.3,2,03_12,calibrated_broadcast,1,0.03240494507347379,0.03999766076182438,0.03237348992256548,0.00016774184609899523,0.005181457003870107,38.80173705660602,0.5435499007130382,5.628144740653163,1.320614348420274,0.96597768711501,0,0.2752885699737817
15417,0,01_23,False,fresh,100,sgd,0.3,2,03_12,subtree_projection,2,0.032132460242792905,0.039043535286301605,0.03208358989796108,0.00016623974158608667,0.005181457003870107,38.96445800626037,0.543528806605306,5.91120647188943,1.3232666057240363,0.9662359857761118,0,0.2752885699737817
15417,0,01_23,False,fresh,100,sgd,0.3,2,03_12,broadcast_projection,3,0.033997004544968096,0.04176298059046181,0.034114719128207,0.0001767639503619097,0.005181457003870107,38.93243973312442,0.5426491814421603,5.44563502597047,1.3223152696469274,0.9666136612625774,0,0.2752885699737817
15417,0,01_23,True,fresh,100,adam,0.01,0,01_23,exact_path,0,0.06381349459637578,0.0630399496933508,0.05889304821549864,0.00030515179715545534,0.005181457003870107,39.23060257632309,0.4210061634191291,4.23104863106999,1.3159602264448618,0.9594144489655441,0,0.2752885699737817
15417,0,01_23,True,fresh,100,adam,0.01,0,01_23,calibrated_broadcast,1,0.06552751398013594,0.06473314852345236,0.060745913752924305,0.0003147523402715791,0.005181457003870107,39.02832255443733,0.4296053198606538,4.265967248706566,1.3134994556752433,0.9607793137473682,0,0.2752885699737817
15417,0,01_23,True,fresh,100,adam,0.01,0,01_23,subtree_projection,2,0.06894731051610072,0.06847098771160866,0.06391463207955478,0.0003311709180383901,0.005181457003870107,39.1392226731878,0.4274728646220201,4.194434657083426,1.314015674103543,0.9608087504020667,0,0.2752885699737817
15417,0,01_23,True,fresh,100,adam,0.01,0,01_23,broadcast_projection,3,0.06791935058005463,0.06700572426531873,0.0628706255820322,0.00032576144325971587,0.005181457003870107,39.03750568615519,0.42946288076813327,4.284673760974392,1.313504977807134,0.9608072463846578,0,0.2752885699737817
15417,0,01_23,False,fresh,100,adam,0.01,1,02_13,exact_path,0,0.07764674031111998,0.07320445253595775,0.07149629001001577,0.0003704549526231246,0.005181457003870107,39.28469164006323,0.4428887273060799,4.296457091064554,1.3101780015945088,0.9620038829749271,0,0.2752885699737817
15417,0,01_23,False,fresh,100,adam,0.01,1,02_13,calibrated_broadcast,1,0.07844184213386486,0.07391157186142368,0.07234406840807116,0.0003748476799414584,0.005181457003870107,39.061047999339294,0.4317187059305506,4.303249173867569,1.3134333639773215,0.9609588637746227,0,0.2752885699737817
15417,0,01_23,False,fresh,100,adam,0.01,1,02_13,subtree_projection,2,0.08272680759813272,0.07795761083952758,0.07615792730347987,0.00039460902582684617,0.005181457003870107,39.17504285186378,0.43222344975371835,4.266563782065097,1.313172757501353,0.9613485056037868,0,0.2752885699737817
15417,0,01_23,False,fresh,100,adam,0.01,1,02_13,broadcast_projection,3,0.08087380305194684,0.07610808895249999,0.07442190881081327,0.00038561392064917087,0.005181457003870107,39.0821965810693,0.4313021836210448,4.317368528101874,1.3134416572860343,0.9609557519622322,0,0.2752885699737817
15417,0,01_23,False,fresh,100,adam,0.01,2,03_12,exact_path,0,0.06589549280098407,0.0716285328100577,0.06397487810585674,0.0003314830802333277,0.005181457003870107,38.97372906597611,0.457312323108446,5.844134840729668,1.3086234395004221,0.9595566580009065,0,0.2752885699737817
15417,0,01_23,False,fresh,100,adam,0.01,2,03_12,calibrated_broadcast,1,0.07943895841820002,0.08441161633179818,0.07606707413226976,0.00039413827402655583,0.005181457003870107,38.63364557880747,0.4401808372586672,5.209540387293211,1.312812516118543,0.961307736380555,0,0.2752885699737817
15417,0,01_23,False,fresh,100,adam,0.01,2,03_12,subtree_projection,2,0.06749144161279794,0.07357029854327027,0.06606414743020744,0.00034230853940695567,0.005181457003870107,39.04184970106647,0.44000038801945557,5.829400103343414,1.312440156219473,0.9609907463643171,0,0.2752885699737817
15417,0,01_23,False,fresh,100,adam,0.01,2,03_12,broadcast_projection,3,0.08586381792190242,0.09051251654397624,0.08174243089239785,0.0004235448910607831,0.005181457003870107,38.58379097445959,0.43919721643877757,5.063028746215505,1.3128021256345355,0.9612442053516659,0,0.2752885699737817
15417,0,01_23,True,fresh,300,sgd,0.3,0,01_23,exact_path,0,0.000682969298327484,0.0007071458078244073,0.0006535441839778795,3.3863110894107576e-06,0.005181457003870107,39.56856842080513,0.5229902916802461,4.643469051458223,1.3116878219722095,0.9526914390390377,0,0.829139883746393
15417,0,01_23,True,fresh,300,sgd,0.3,0,01_23,calibrated_broadcast,1,0.0009675896534011194,0.0009344367148185872,0.0009339892564844457,4.839425174550765e-06,0.005181457003870107,39.342303511995645,0.5411669232069637,4.553913911901958,1.3086934141540172,0.9550409943129818,0,0.829139883746393
15417,0,01_23,True,fresh,300,sgd,0.3,0,01_23,subtree_projection,2,0.0009949093207428158,0.0009652382169162664,0.0009542863537877395,4.94459371153115e-06,0.005181457003870107,39.33107987065163,0.533270564277417,4.535386108337476,1.3062176109434112,0.9545593876778883,0,0.829139883746393
15417,0,01_23,True,fresh,300,sgd,0.3,0,01_23,broadcast_projection,3,0.0010009137128898717,0.000965544288392689,0.0009660866345336088,5.0057363588494675e-06,0.005181457003870107,39.322792706120396,0.5420366241289273,4.563062816669891,1.308865323462276,0.954985120580662,0,0.829139883746393
15417,0,01_23,False,fresh,300,sgd,0.3,1,02_13,exact_path,0,0.012742839050343463,0.015927145659754824,0.014258612603961884,7.388038814226889e-05,0.005181457003870107,39.27542391747608,0.5369439993652455,4.6174177371233895,1.3031974162813702,0.9561990288954232,0,0.829139883746393
15417,0,01_23,False,fresh,300,sgd,0.3,1,02_13,calibrated_broadcast,1,0.013507927077737009,0.016414618083783455,0.01466278843289865,7.59746078219083e-05,0.005181457003870107,38.963095890706555,0.5320785397642419,4.547323366043191,1.3113112445601132,0.9524312415855933,0,0.829139883746393
15417,0,01_23,False,fresh,300,sgd,0.3,1,02_13,subtree_projection,2,0.013416139317482886,0.01632573950201271,0.014606375748718736,7.568230792435717e-05,0.005181457003870107,38.920257522432706,0.5370308215610982,4.514193932355833,1.3111704726298608,0.9527972872667904,0,0.829139883746393
15417,0,01_23,False,fresh,300,sgd,0.3,1,02_13,broadcast_projection,3,0.013553471817559988,0.01643689004930927,0.014689415607040622,7.611257537985949e-05,0.005181457003870107,38.9466610935025,0.5330919576841262,4.552709516518792,1.3118032294706774,0.952380604234805,0,0.829139883746393
15417,0,01_23,False,fresh,300,sgd,0.3,2,03_12,exact_path,0,0.029956759038299176,0.03732706305554439,0.029975729723616288,0.00015531795472254896,0.005181457003870107,38.60338242845987,0.5415427965321271,6.116835983238595,1.3063364029999696,0.9626720205780797,0,0.829139883746393
15417,0,01_23,False,fresh,300,sgd,0.3,2,03_12,calibrated_broadcast,1,0.03066557584040547,0.03807949487824342,0.030509533487211967,0.00015808383597212401,0.005181457003870107,38.32303519806135,0.542056209307128,6.013986943100047,1.3100453503940563,0.9620352561457995,0,0.829139883746393
15417,0,01_23,False,fresh,300,sgd,0.3,2,03_12,subtree_projection,2,0.030330726938892154,0.037648967541849855,0.030317153349265095,0.0001570870265589537,0.005181457003870107,38.28341813436076,0.5444441555389872,5.9802892385740645,1.3158618330896843,0.9632161056903569,0,0.829139883746393
15417,0,01_23,False,fresh,300,sgd,0.3,2,03_12,broadcast_projection,3,0.03074450421788934,0.038196938800924424,0.03057297158505053,0.00015841253774848184,0.005181457003870107,38.40948351525166,0.5439128323744561,5.980531595204829,1.3122992962719444,0.9626722950547171,0,0.829139883746393
15417,0,01_23,True,fresh,300,adam,0.01,0,01_23,exact_path,0,0.011707290816268432,0.011812957258170002,0.011057338059224223,5.729312173112684e-05,0.005181457003870107,39.77429572014181,0.4297266892838281,4.322457444905265,1.3161474565592766,0.9589571004420577,0,0.829139883746393
15417,0,01_23,True,fresh,300,adam,0.01,0,01_23,calibrated_broadcast,1,0.011482967166609553,0.011459537972332005,0.010913209479315317,5.654632569129999e-05,0.005181457003870107,38.848914161910834,0.45159310350608295,4.108192834641054,1.3084738485785459,0.9569308795750789,0,0.829139883746393
15417,0,01_23,True,fresh,300,adam,0.01,0,01_23,subtree_projection,2,0.015356976122108977,0.0156985268510535,0.014728318799761908,7.631415060025811e-05,0.005181457003870107,39.06362519475714,0.4486561158443956,4.143741107687702,1.3092482413623217,0.9575243194241366,0,0.829139883746393
15417,0,01_23,True,fresh,300,adam,0.01,0,01_23,broadcast_projection,3,0.013350169729426885,0.013392279488021904,0.012691318992692588,6.575952368303672e-05,0.005181457003870107,38.87622918472982,0.4508360044577718,4.10844075771061,1.3085810830144093,0.9571375757826649,0,0.829139883746393
15417,0,01_23,False,fresh,300,adam,0.01,1,02_13,exact_path,0,0.022695038631429614,0.02423867684389503,0.023735458974447343,0.00012298426014322177,0.005181457003870107,39.65409096320916,0.5089775509158216,4.2567810549234,1.303906957305284,0.9620900734962725,0,0.829139883746393
15417,0,01_23,False,fresh,300,adam,0.01,1,02_13,calibrated_broadcast,1,0.022905652972257703,0.02424797815271886,0.023709512882446708,0.00012284982158310202,0.005181457003870107,38.66923645169132,0.4791591806165862,4.0938567402756085,1.3099497377538059,0.9586508411099683,0,0.829139883746393
15417,0,01_23,False,fresh,300,adam,0.01,1,02_13,subtree_projection,2,0.026488700211086652,0.02774023082171346,0.02725186934517995,0.0001412043892871357,0.005181457003870107,38.85998128116284,0.47426875952790176,4.044596134392505,1.309851437055088,0.9592761827081541,0,0.829139883746393
15417,0,01_23,False,fresh,300,adam,0.01,1,02_13,broadcast_projection,3,0.024499702648286298,0.02569558751489091,0.025183203835287413,0.00013048568789223851,0.005181457003870107,38.704470948385094,0.47660460414244,4.037107751212044,1.309836159819818,0.9586840573351431,0,0.829139883746393
15417,0,01_23,False,fresh,300,adam,0.01,2,03_12,exact_path,0,0.03723177402771429,0.04380547231593378,0.03759279250841534,0.00019478543803776434,0.005181457003870107,39.15380844672648,0.5072838123959037,7.003795338221222,1.3059737946458965,0.9576820145034557,0,0.829139883746393
15417,0,01_23,False,fresh,300,adam,0.01,2,03_12,calibrated_broadcast,1,0.03462697946714262,0.041072548409190286,0.034597229862185726,0.00017926405898392625,0.005181457003870107,38.81808534526051,0.48700581696315076,6.787387348245753,1.3096135577143777,0.9591147169237065,0,0.829139883746393
15417,0,01_23,False,fresh,300,adam,0.01,2,03_12,subtree_projection,2,0.03930417807898588,0.04593879322192988,0.03989674011964413,0.00020672324352451557,0.005181457003870107,38.95953287950566,0.4684886275009424,6.808432508741203,1.3111672129946914,0.9600915891579908,0,0.829139883746393
15417,0,01_23,False,fresh,300,adam,0.01,2,03_12,broadcast_projection,3,0.036888986708568904,0.04332505353562209,0.03701242215098949,0.00019177827398444156,0.005181457003870107,38.83645806031225,0.479782992905764,6.7002870001321,1.3100607327162082,0.9595459306380697,0,0.829139883746393
15417,0,01_23,True,fresh,1000,sgd,0.3,0,01_23,exact_path,0,0.00015896551714116844,0.00016221387313578343,0.00015488429777249017,8.025263294827724e-07,0.005181457003870107,40.04963193828074,0.48699985654141054,4.9860464080036175,1.2897819909078618,0.9529583242838932,0,2.7716810806887224
15417,0,01_23,True,fresh,1000,sgd,0.3,0,01_23,calibrated_broadcast,1,0.00022448604692817712,0.00022844873778514588,0.0002221878345270359,1.1512567113848425e-06,0.005181457003870107,40.140988008118114,0.5123852081596071,5.001302271656523,1.297142311669573,0.9544404458853645,0,2.7716810806887224
15417,0,01_23,True,fresh,1000,sgd,0.3,0,01_23,subtree_projection,2,0.00019885940922039738,0.0002023712843109765,0.00019395219624402594,1.0049549656445977e-06,0.005181457003870107,40.164995266047576,0.4955609557597482,4.984963952376861,1.290086275632569,0.9541034210786062,0,2.7716810806887224
15417,0,01_23,True,fresh,1000,sgd,0.3,0,01_23,broadcast_projection,3,0.00023887114192022206,0.00024278848099341217,0.00023615827296598625,1.223643937481478e-06,0.005181457003870107,40.104275384771526,0.5140475081652606,5.003715963866068,1.297794938174002,0.9544853997610238,0,2.7716810806887224
15417,0,01_23,False,fresh,1000,sgd,0.3,1,02_13,exact_path,0,0.012315704313245822,0.015528079125595243,0.01408878295805395,7.300042313401444e-05,0.005181457003870107,39.606069749866656,0.4938564192827672,4.875581120290252,1.2817327782089971,0.9558109288523375,0,2.7716810806887224
15417,0,01_23,False,fresh,1000,sgd,0.3,1,02_13,calibrated_broadcast,1,0.012539121329653173,0.01576106845354063,0.014142355326364695,7.327800605701205e-05,0.005181457003870107,39.78648931180704,0.49539479839132183,4.968836511661385,1.2903350215306437,0.9527385568595238,0,2.7716810806887224
15417,0,01_23,False,fresh,1000,sgd,0.3,1,02_13,subtree_projection,2,0.01246852709953126,0.015682276099095466,0.014097742545136653,7.30468468492559e-05,0.005181457003870107,39.738963748920106,0.5040561067439606,4.921438242639868,1.2911072454750008,0.9529162791599411,0,2.7716810806887224
15417,0,01_23,False,fresh,1000,sgd,0.3,1,02_13,broadcast_projection,3,0.01254659628520977,0.015761175182991857,0.014131034852467628,7.321934950825097e-05,0.005181457003870107,39.74396440669052,0.4973336694194615,4.951066202932526,1.2915822051589858,0.952734411505481,0,2.7716810806887224
15417,0,01_23,False,fresh,1000,sgd,0.3,2,03_12,exact_path,0,0.029537349089539255,0.036890419931592665,0.029649229254407966,0.00015362620657960262,0.005181457003870107,38.46396239130895,0.498976204647966,6.182713934517419,1.2965032069330669,0.9618404115600674,0,2.7716810806887224
15417,0,01_23,False,fresh,1000,sgd,0.3,2,03_12,calibrated_broadcast,1,0.030045986928918664,0.03733064114167179,0.02980507200804528,0.0001544336991069391,0.005181457003870107,38.16266764566891,0.5184483938078026,6.107012441748367,1.2930306395159317,0.9589036605189868,0,2.7716810806887224
15417,0,01_23,False,fresh,1000,sgd,0.3,2,03_12,subtree_projection,2,0.029731379329930162,0.03707507935835756,0.02964034452784242,0.0001535801707509121,0.005181457003870107,38.22687171487332,0.5285789175657567,6.118106055067566,1.303001935564291,0.9605538170738078,0,2.7716810806887224
15417,0,01_23,False,fresh,1000,sgd,0.3,2,03_12,broadcast_projection,3,0.030116202650139503,0.03739069110984508,0.029860038357282213,0.00015471850488216996,0.005181457003870107,38.22871853216765,0.5255835549886458,6.1020580151977075,1.2970061278954008,0.9594853047784666,0,2.7716810806887224
15417,0,01_23,True,fresh,1000,adam,0.01,0,01_23,exact_path,0,0.0003950230450040305,0.000427694645952181,0.00038870582616287914,2.0140625254167663e-06,0.005181457003870107,40.33742832064402,0.47603852702394045,4.526427978638392,1.2957185804821176,0.9528392857436455,0,2.7716810806887224
15417,0,01_23,True,fresh,1000,adam,0.01,0,01_23,calibrated_broadcast,1,0.0005466118819543378,0.0005355552212740119,0.000514326726896864,2.664961821357344e-06,0.005181457003870107,39.84433001250459,0.4799310384748978,4.54938050948255,1.294354577782332,0.952789886289361,0,2.7716810806887224
15417,0,01_23,True,fresh,1000,adam,0.01,0,01_23,subtree_projection,2,0.0005490165098632073,0.0005284380199730082,0.0005147668474488938,2.6672422870742054e-06,0.005181457003870107,40.0115072678789,0.47754498603212153,4.486741988066556,1.290045052231497,0.9530833118462021,0,2.7716810806887224
15417,0,01_23,True,fresh,1000,adam,0.01,0,01_23,broadcast_projection,3,0.0005650498169505904,0.000554395895144154,0.0005315084304871577,2.7539880797636915e-06,0.005181457003870107,39.763044253885795,0.48001624339197063,4.508497546172557,1.2947308049082649,0.9527572668900315,0,2.7716810806887224
15417,0,01_23,False,fresh,1000,adam,0.01,1,02_13,exact_path,0,0.012436263509145822,0.015605724075589782,0.014151140776406688,7.33235274886643e-05,0.005181457003870107,40.04621698980122,0.5055478820939728,4.522260632305665,1.2833449317234285,0.9571721229929492,0,2.7716810806887224
15417,0,01_23,False,fresh,1000,adam,0.01,1,02_13,calibrated_broadcast,1,0.012762151846255669,0.015752057242323966,0.01413581097324239,7.32440967726907e-05,0.005181457003870107,39.584228617785485,0.5026087811849074,4.5906627557029545,1.2944028657870026,0.9535935914845207,0,2.7716810806887224
15417,0,01_23,False,fresh,1000,adam,0.01,1,02_13,subtree_projection,2,0.0127923987774661,0.015745961698262277,0.014171440321646207,7.342870870952098e-05,0.005181457003870107,39.65218125646577,0.5068395076919303,4.507795392809089,1.2958323158381015,0.9534242165653793,0,2.7716810806887224
15417,0,01_23,False,fresh,1000,adam,0.01,1,02_13,broadcast_projection,3,0.012777423269727015,0.015756748938323403,0.014143906085352863,7.328604124803262e-05,0.005181457003870107,39.50046673428245,0.5040022417701612,4.553235941772646,1.2950879889646465,0.9536409506827837,0,2.7716810806887224
15417,0,01_23,False,fresh,1000,adam,0.01,2,03_12,exact_path,0,0.02985181785264462,0.037161064339288605,0.029776506326050854,0.00015428568725389875,0.005181457003870107,39.70312759517683,0.4745564077800638,7.099703464712832,1.2906078848001985,0.9570706927285914,0,2.7716810806887224
15417,0,01_23,False,fresh,1000,adam,0.01,2,03_12,calibrated_broadcast,1,0.03012901515187623,0.037361065613449214,0.029898442498043905,0.00015491749428629724,0.005181457003870107,39.213304662523036,0.5022929525655178,6.945641859740388,1.2964865185321284,0.9564789005213313,0,2.7716810806887224
15417,0,01_23,False,fresh,1000,adam,0.01,2,03_12,subtree_projection,2,0.029956746159439048,0.03723081537063138,0.029826119634096527,0.00015454275647635717,0.005181457003870107,39.40782303378622,0.4985960025622536,6.968857976836484,1.3044919755656434,0.9578882801106059,0,2.7716810806887224
15417,0,01_23,False,fresh,1000,adam,0.01,2,03_12,broadcast_projection,3,0.03021466261209388,0.03743026326024262,0.029974238376354958,0.00015531022737083654,0.005181457003870107,39.12254273735114,0.5082116715249513,6.9189949697292805,1.2996671903546004,0.9564536910218264,0,2.7716810806887224
15417,1,02_13,False,fresh,0,sgd,0.3,0,01_23,exact_path,0,2.6340756689216906,2.8496073264062063,2.657848005275771,0.013771525162158335,0.005181457003870107,35.89641255832989,0.5774895272050593,5.261791024717008,1.2148250678283352,0.9373466495942442,0,0.0
15417,1,02_13,False,fresh,0,sgd,0.3,0,01_23,calibrated_broadcast,1,2.6340756689216906,2.8496073264062063,2.657848005275771,0.013771525162158335,0.005181457003870107,35.89641255832989,0.5774895272050593,5.261791024717008,1.2148250678283352,0.9373466495942442,0,0.0
15417,1,02_13,False,fresh,0,sgd,0.3,0,01_23,subtree_projection,2,2.6340756689216906,2.8496073264062063,2.657848005275771,0.013771525162158335,0.005181457003870107,35.89641255832989,0.5774895272050593,5.261791024717008,1.2148250678283352,0.9373466495942442,0,0.0
15417,1,02_13,False,fresh,0,sgd,0.3,0,01_23,broadcast_projection,3,2.6340756689216906,2.8496073264062063,2.657848005275771,0.013771525162158335,0.005181457003870107,35.89641255832989,0.5774895272050593,5.261791024717008,1.2148250678283352,0.9373466495942442,0,0.0
15417,1,02_13,True,fresh,0,sgd,0.3,1,02_13,exact_path,0,2.649128349661542,2.9059639605917496,2.6692678013295894,0.013830696344404161,0.005181457003870107,35.89641255832989,0.5774895272050593,5.261791024717008,1.2148250678283352,0.9373466495942442,0,0.0
15417,1,02_13,True,fresh,0,sgd,0.3,1,02_13,calibrated_broadcast,1,2.649128349661542,2.9059639605917496,2.6692678013295894,0.013830696344404161,0.005181457003870107,35.89641255832989,0.5774895272050593,5.261791024717008,1.2148250678283352,0.9373466495942442,0,0.0
15417,1,02_13,True,fresh,0,sgd,0.3,1,02_13,subtree_projection,2,2.649128349661542,2.9059639605917496,2.6692678013295894,0.013830696344404161,0.005181457003870107,35.89641255832989,0.5774895272050593,5.261791024717008,1.2148250678283352,0.9373466495942442,0,0.0
15417,1,02_13,True,fresh,0,sgd,0.3,1,02_13,broadcast_projection,3,2.649128349661542,2.9059639605917496,2.6692678013295894,0.013830696344404161,0.005181457003870107,35.89641255832989,0.5774895272050593,5.261791024717008,1.2148250678283352,0.9373466495942442,0,0.0
15417,1,02_13,False,fresh,0,sgd,0.3,2,03_12,exact_path,0,2.422247854186695,2.57796819130643,2.392774871995763,0.012398060119186843,0.005181457003870107,35.89641255832989,0.5774895272050593,5.261791024717008,1.2148250678283352,0.9373466495942442,0,0.0
15417,1,02_13,False,fresh,0,sgd,0.3,2,03_12,calibrated_broadcast,1,2.422247854186695,2.57796819130643,2.392774871995763,0.012398060119186843,0.005181457003870107,35.89641255832989,0.5774895272050593,5.261791024717008,1.2148250678283352,0.9373466495942442,0,0.0
15417,1,02_13,False,fresh,0,sgd,0.3,2,03_12,subtree_projection,2,2.422247854186695,2.57796819130643,2.392774871995763,0.012398060119186843,0.005181457003870107,35.89641255832989,0.5774895272050593,5.261791024717008,1.2148250678283352,0.9373466495942442,0,0.0
15417,1,02_13,False,fresh,0,sgd,0.3,2,03_12,broadcast_projection,3,2.422247854186695,2.57796819130643,2.392774871995763,0.012398060119186843,0.005181457003870107,35.89641255832989,0.5774895272050593,5.261791024717008,1.2148250678283352,0.9373466495942442,0,0.0
15417,1,02_13,False,fresh,0,adam,0.01,0,01_23,exact_path,0,2.6340756689216906,2.8496073264062063,2.657848005275771,0.013771525162158335,0.005181457003870107,35.89641255832989,0.5774895272050593,5.261791024717008,1.2148250678283352,0.9373466495942442,0,0.0
15417,1,02_13,False,fresh,0,adam,0.01,0,01_23,calibrated_broadcast,1,2.6340756689216906,2.8496073264062063,2.657848005275771,0.013771525162158335,0.005181457003870107,35.89641255832989,0.5774895272050593,5.261791024717008,1.2148250678283352,0.9373466495942442,0,0.0
15417,1,02_13,False,fresh,0,adam,0.01,0,01_23,subtree_projection,2,2.6340756689216906,2.8496073264062063,2.657848005275771,0.013771525162158335,0.005181457003870107,35.89641255832989,0.5774895272050593,5.261791024717008,1.2148250678283352,0.9373466495942442,0,0.0
15417,1,02_13,False,fresh,0,adam,0.01,0,01_23,broadcast_projection,3,2.6340756689216906,2.8496073264062063,2.657848005275771,0.013771525162158335,0.005181457003870107,35.89641255832989,0.5774895272050593,5.261791024717008,1.2148250678283352,0.9373466495942442,0,0.0
15417,1,02_13,True,fresh,0,adam,0.01,1,02_13,exact_path,0,2.649128349661542,2.9059639605917496,2.6692678013295894,0.013830696344404161,0.005181457003870107,35.89641255832989,0.5774895272050593,5.261791024717008,1.2148250678283352,0.9373466495942442,0,0.0
15417,1,02_13,True,fresh,0,adam,0.01,1,02_13,calibrated_broadcast,1,2.649128349661542,2.9059639605917496,2.6692678013295894,0.013830696344404161,0.005181457003870107,35.89641255832989,0.5774895272050593,5.261791024717008,1.2148250678283352,0.9373466495942442,0,0.0
15417,1,02_13,True,fresh,0,adam,0.01,1,02_13,subtree_projection,2,2.649128349661542,2.9059639605917496,2.6692678013295894,0.013830696344404161,0.005181457003870107,35.89641255832989,0.5774895272050593,5.261791024717008,1.2148250678283352,0.9373466495942442,0,0.0
15417,1,02_13,True,fresh,0,adam,0.01,1,02_13,broadcast_projection,3,2.649128349661542,2.9059639605917496,2.6692678013295894,0.013830696344404161,0.005181457003870107,35.89641255832989,0.5774895272050593,5.261791024717008,1.2148250678283352,0.9373466495942442,0,0.0
15417,1,02_13,False,fresh,0,adam,0.01,2,03_12,exact_path,0,2.422247854186695,2.57796819130643,2.392774871995763,0.012398060119186843,0.005181457003870107,35.89641255832989,0.5774895272050593,5.261791024717008,1.2148250678283352,0.9373466495942442,0,0.0
15417,1,02_13,False,fresh,0,adam,0.01,2,03_12,calibrated_broadcast,1,2.422247854186695,2.57796819130643,2.392774871995763,0.012398060119186843,0.005181457003870107,35.89641255832989,0.5774895272050593,5.261791024717008,1.2148250678283352,0.9373466495942442,0,0.0
15417,1,02_13,False,fresh,0,adam,0.01,2,03_12,subtree_projection,2,2.422247854186695,2.57796819130643,2.392774871995763,0.012398060119186843,0.005181457003870107,35.89641255832989,0.5774895272050593,5.261791024717008,1.2148250678283352,0.9373466495942442,0,0.0
15417,1,02_13,False,fresh,0,adam,0.01,2,03_12,broadcast_projection,3,2.422247854186695,2.57796819130643,2.392774871995763,0.012398060119186843,0.005181457003870107,35.89641255832989,0.5774895272050593,5.261791024717008,1.2148250678283352,0.9373466495942442,0,0.0
15417,1,02_13,False,fresh,10,sgd,0.3,0,01_23,exact_path,0,0.05809090073225927,0.059331647148538454,0.05643118817989105,0.00029239577523140845,0.005181457003870107,39.62507124775105,0.5424487487219251,4.588849474153188,1.2360291209760723,0.9514405943964562,0,0.027897470979951322
15417,1,02_13,False,fresh,10,sgd,0.3,0,01_23,calibrated_broadcast,1,0.061277637325836506,0.06204124166308463,0.05923486586324927,0.00030692291060043924,0.005181457003870107,39.412103204209856,0.5505517060148143,4.523083650713493,1.2318298436213506,0.9544620184320951,0,0.027897470979951322
15417,1,02_13,False,fresh,10,sgd,0.3,0,01_23,subtree_projection,2,0.06486521714103205,0.06557694954863992,0.06254636246643994,0.0003240812878683336,0.005181457003870107,39.560783315117824,0.5477183650437155,4.545460766578341,1.2334572069707064,0.9540577741272498,0,0.027897470979951322
15417,1,02_13,False,fresh,10,sgd,0.3,0,01_23,broadcast_projection,3,0.06297524227960627,0.0637646386391156,0.060843546675257605,0.00031525822106081127,0.005181457003870107,39.455652677533514,0.5505325563162564,4.546952347934513,1.2317935688328112,0.9544765347676865,0,0.027897470979951322
15417,1,02_13,True,fresh,10,sgd,0.3,1,02_13,exact_path,0,0.045755718158739786,0.04626318965688304,0.043754605872637055,0.0002267126090503514,0.005181457003870107,39.690976975812575,0.5378474616113612,4.558849602296033,1.237885657605347,0.9522116318990937,0,0.027897470979951322
15417,1,02_13,True,fresh,10,sgd,0.3,1,02_13,calibrated_broadcast,1,0.047906978761616224,0.048205172666610785,0.045876532150180206,0.00023770727882282337,0.005181457003870107,39.47780370078361,0.5322469627012375,4.506078410838083,1.2413731444794733,0.9548734160881628,0,0.027897470979951322
15417,1,02_13,True,fresh,10,sgd,0.3,1,02_13,subtree_projection,2,0.0511854983211099,0.05160381008513426,0.04888898488383856,0.0002533161731384651,0.005181457003870107,39.63369169084281,0.5331023560443331,4.524273504819637,1.2407179751795157,0.9544068479960541,0,0.027897470979951322
15417,1,02_13,True,fresh,10,sgd,0.3,1,02_13,broadcast_projection,3,0.049465219816935024,0.04982315406571234,0.04734816815649068,0.0002453324975148682,0.005181457003870107,39.52170738085272,0.5321641024094552,4.5282699131815285,1.241312079833206,0.9548934172788535,0,0.027897470979951322
15417,1,02_13,False,fresh,10,sgd,0.3,2,03_12,exact_path,0,0.14952449647934096,0.1618999518437833,0.14341890517944417,0.0007431188907294137,0.005181457003870107,39.29113471147208,0.5424581747841393,4.109006444522445,1.2352226293072377,0.9572802023120653,0,0.027897470979951322
15417,1,02_13,False,fresh,10,sgd,0.3,2,03_12,calibrated_broadcast,1,0.1587232373260427,0.17048095773934369,0.15264610561270878,0.0007909292330404659,0.005181457003870107,39.234272383583175,0.5338669311100787,4.385821814611391,1.2401705473762394,0.9603385719271341,0,0.027897470979951322
15417,1,02_13,False,fresh,10,sgd,0.3,2,03_12,subtree_projection,2,0.14916411306138203,0.16095972138480716,0.14297853178747127,0.0007408371149332577,0.005181457003870107,39.392893572410934,0.5353602880884326,4.291509606610944,1.2391131819255605,0.9592937280541959,0,0.027897470979951322
15417,1,02_13,False,fresh,10,sgd,0.3,2,03_12,broadcast_projection,3,0.16344815563474305,0.17531747504834183,0.1570080079228024,0.0008135302423152977,0.005181457003870107,39.2838231085274,0.5338423822229661,4.375027939531638,1.2400161537861327,0.9602107029495308,0,0.027897470979951322
15417,1,02_13,False,fresh,10,adam,0.01,0,01_23,exact_path,0,1.4204099624753523,1.5429572525532664,1.4366565408705372,0.0074439740958494455,0.005181457003870107,37.32385098396004,0.523364085328807,5.534538866411698,1.2191079182923295,0.943568410975742,0,0.027897470979951322
15417,1,02_13,False,fresh,10,adam,0.01,0,01_23,calibrated_broadcast,1,1.4212025880718453,1.5438167366618532,1.4374615679733564,0.007448145309169654,0.005181457003870107,37.32234343722938,0.5233954448294428,5.5346032618729275,1.2191047633385015,0.9435655365509871,0,0.027897470979951322
15417,1,02_13,False,fresh,10,adam,0.01,0,01_23,subtree_projection,2,1.4207576306816643,1.5433301572662492,1.4370068886482787,0.007445789407796215,0.005181457003870107,37.323351285919266,0.5233020818797157,5.5344174572408695,1.2191055277292966,0.9435762940699112,0,0.027897470979951322
15417,1,02_13,False,fresh,10,adam,0.01,0,01_23,broadcast_projection,3,1.4210604540572216,1.5436656427951347,1.4373200271446243,0.007447411921451285,0.005181457003870107,37.322533565472085,0.5233958601885579,5.534597259412337,1.2191069433551183,0.9435665780003782,0,0.027897470979951322
15417,1,02_13,True,fresh,10,adam,0.01,1,02_13,exact_path,0,1.417940056606288,1.55780583039653,1.4270221754051038,0.007394054045430731,0.005181457003870107,36.864514142526595,0.5234123469402877,5.073390655844114,1.2191157708768643,0.9435838567760495,0,0.027897470979951322
15417,1,02_13,True,fresh,10,adam,0.01,1,02_13,calibrated_broadcast,1,1.418364040864579,1.5582945127162469,1.4274675561052748,0.007396361766379021,0.005181457003870107,36.862159314574725,0.5233520953110429,5.0737936427759065,1.2190996686319329,0.9435684592590625,0,0.027897470979951322
15417,1,02_13,True,fresh,10,adam,0.01,1,02_13,subtree_projection,2,1.4180874747961558,1.5579719518137503,1.4271705601815754,0.007394822894770048,0.005181457003870107,36.86427873220234,0.5234424270266899,5.073282645083618,1.2191011114780739,0.9435937587788708,0,0.027897470979951322
15417,1,02_13,True,fresh,10,adam,0.01,1,02_13,broadcast_projection,3,1.4191260763618327,1.5591260318734448,1.4282327972844435,0.007400326830646474,0.005181457003870107,36.861293060606954,0.5234009558849458,5.073809180760445,1.2191011800178384,0.9435635398576822,0,0.027897470979951322
15417,1,02_13,False,fresh,10,adam,0.01,2,03_12,exact_path,0,1.369902896827252,1.4562304082426683,1.3414033688381908,0.0069504238804816,0.005181457003870107,37.093741810195645,0.5235242232447777,5.304019957896829,1.2191340804310618,0.9435652486380954,0,0.027897470979951322
15417,1,02_13,False,fresh,10,adam,0.01,2,03_12,calibrated_broadcast,1,1.370690435567189,1.4570703528134838,1.3421926452517108,0.006954513482282423,0.005181457003870107,37.091553245647624,0.5235068029261363,5.304257584402871,1.219112454178015,0.9435539460939235,0,0.027897470979951322
15417,1,02_13,False,fresh,10,adam,0.01,2,03_12,subtree_projection,2,1.3703396149418026,1.456688074829998,1.3418384988177545,0.006952678487761804,0.005181457003870107,37.09282105840873,0.5235543273184741,5.303968702412373,1.2191154919087384,0.9435716476876757,0,0.027897470979951322
15417,1,02_13,False,fresh,10,adam,0.01,2,03_12,broadcast_projection,3,1.370847766990305,1.4572396526400107,1.3423509530457192,0.006955333747310454,0.005181457003870107,37.09132794252481,0.5235276361359266,5.304258318652663,1.2191151180667803,0.9435527646493864,0,0.027897470979951322
15417,1,02_13,False,fresh,100,sgd,0.3,0,01_23,exact_path,0,0.015239418475993015,0.018010286797346252,0.016423967376664537,8.510008079515261e-05,0.005181457003870107,39.28211495503583,0.5510434547415248,4.432105785894745,1.240542020642204,0.95338408503712,0,0.2746532214805484
15417,1,02_13,False,fresh,100,sgd,0.3,0,01_23,calibrated_broadcast,1,0.01654621799718108,0.018802924109472402,0.01721908254038812,8.92199358291115e-05,0.005181457003870107,38.64647768896877,0.5630360594788869,4.256531270946194,1.2322147776801657,0.9479085216507935,0,0.2746532214805484
15417,1,02_13,False,fresh,100,sgd,0.3,0,01_23,subtree_projection,2,0.016831094287709878,0.019022122851853965,0.017555109857912126,9.096104692698794e-05,0.005181457003870107,38.764050549229125,0.5645349538306457,4.262729328993345,1.2343501688570369,0.9494093875024564,0,0.2746532214805484
15417,1,02_13,False,fresh,100,sgd,0.3,0,01_23,broadcast_projection,3,0.016763688874111296,0.01893381413770403,0.017418072762332974,9.025099510830932e-05,0.005181457003870107,38.686291527578994,0.5625726094433127,4.279866861660216,1.2319956814844448,0.9478221795969933,0,0.2746532214805484
15417,1,02_13,True,fresh,100,sgd,0.3,1,02_13,exact_path,0,0.0033100559370781834,0.003490982162214016,0.003215653601821191,1.6661770877176547e-05,0.005181457003870107,39.29055711449773,0.5692135358331619,4.496770087149969,1.2356941752949613,0.9523769487315047,0,0.2746532214805484
15417,1,02_13,True,fresh,100,sgd,0.3,1,02_13,calibrated_broadcast,1,0.003868154378727401,0.003868691961837563,0.0037568643209201155,1.9466030948221246e-05,0.005181457003870107,38.676050797756616,0.5601339476220001,4.296637115613183,1.2402223238561303,0.947655490685258,0,0.2746532214805484
15417,1,02_13,True,fresh,100,sgd,0.3,1,02_13,subtree_projection,2,0.004321919201956056,0.004332469390844998,0.0041896137127532115,2.170830331545537e-05,0.005181457003870107,38.74638396385039,0.5588539028829509,4.312496524556881,1.2392100620898159,0.9489547877665797,0,0.2746532214805484
15417,1,02_13,True,fresh,100,sgd,0.3,1,02_13,broadcast_projection,3,0.004113639185250489,0.004091547098970286,0.003980319056987941,2.0623852055467823e-05,0.005181457003870107,38.71330106817125,0.5592577788518108,4.323580167275071,1.2399296784002234,0.9475983784538988,0,0.2746532214805484
15417,1,02_13,False,fresh,100,sgd,0.3,2,03_12,exact_path,0,0.03285485765604887,0.04035109188550949,0.032261406426986966,0.0001671610902858117,0.005181457003870107,39.106380648828775,0.5689512531348777,6.066809970846863,1.2352294954775134,0.9550467023062335,0,0.2746532214805484
15417,1,02_13,False,fresh,100,sgd,0.3,2,03_12,calibrated_broadcast,1,0.03391147145920734,0.042239444569684724,0.033527574329299495,0.00017372168483132446,0.005181457003870107,38.733121941724,0.5513376327288688,5.626589117625836,1.2400863271677594,0.9558199967410586,0,0.2746532214805484
15417,1,02_13,False,fresh,100,sgd,0.3,2,03_12,subtree_projection,2,0.03353076240997828,0.04101237684745794,0.033013662633475105,0.0001710588734756244,0.005181457003870107,38.89172407366686,0.551612231433457,5.930827666072107,1.2388313875070536,0.9566477274214958,0,0.2746532214805484
15417,1,02_13,False,fresh,100,sgd,0.3,2,03_12,broadcast_projection,3,0.03571674093445336,0.04414395404288857,0.03536068111123407,0.00018321984880542117,0.005181457003870107,38.86702936153641,0.5490211105756261,5.431842559876713,1.2399127074494911,0.9569877002051038,0,0.2746532214805484
15417,1,02_13,False,fresh,100,adam,0.01,0,01_23,exact_path,0,0.08017710948773914,0.07549310586741,0.07389899767336237,0.0003829044790736242,0.005181457003870107,39.326377464278096,0.42644233562274814,4.282692552281595,1.2281900546705662,0.9573757989583375,0,0.2746532214805484
15417,1,02_13,False,fresh,100,adam,0.01,0,01_23,calibrated_broadcast,1,0.08166501153137032,0.07665944162599482,0.07525664360919108,0.0003899390631165997,0.005181457003870107,39.11067037600641,0.43499090001891677,4.304089862717852,1.22613369535652,0.9555793129767142,0,0.2746532214805484
15417,1,02_13,False,fresh,100,adam,0.01,0,01_23,subtree_projection,2,0.0859436157883705,0.08078061159827182,0.07914655680498608,0.0004100944810893984,0.005181457003870107,39.22967381902849,0.43461974459623826,4.25131620329794,1.227062357596612,0.9562923437064312,0,0.2746532214805484
15417,1,02_13,False,fresh,100,adam,0.01,0,01_23,broadcast_projection,3,0.0843247644872733,0.07905754382440025,0.07752943452190542,0.00040171543150961566,0.005181457003870107,39.12433913074103,0.43452290052434395,4.318971837763845,1.2260280035756368,0.9555156473277973,0,0.2746532214805484
15417,1,02_13,True,fresh,100,adam,0.01,1,02_13,exact_path,0,0.06464237828878558,0.06347342742533875,0.059523065446954244,0.0003084162043519398,0.005181457003870107,39.1598040685274,0.4491091020182146,4.229357403574313,1.2245883591361955,0.9571965890766558,0,0.2746532214805484
15417,1,02_13,True,fresh,100,adam,0.01,1,02_13,calibrated_broadcast,1,0.06566434534372281,0.06446155843570689,0.060695729469195936,0.00031449231256317053,0.005181457003870107,38.9549557202936,0.43683615299263995,4.256632960414377,1.2262082456440468,0.9555683780786207,0,0.2746532214805484
15417,1,02_13,True,fresh,100,adam,0.01,1,02_13,subtree_projection,2,0.06919047609105519,0.06824112920391533,0.06397731256267161,0.0003314956942666418,0.005181457003870107,39.055386069001315,0.43636996713839565,4.193760394685642,1.2258324334532678,0.9563302517974913,0,0.2746532214805484
15417,1,02_13,True,fresh,100,adam,0.01,1,02_13,broadcast_projection,3,0.06798620131381174,0.06667132702997243,0.06275923860578533,0.0003251842964315016,0.005181457003870107,38.97253515483593,0.4360628593441354,4.2761776263378435,1.2260824696602954,0.9555015908061092,0,0.2746532214805484
15417,1,02_13,False,fresh,100,adam,0.01,2,03_12,exact_path,0,0.07257733676096113,0.07907201675978036,0.06981557835537826,0.0003617464174487169,0.005181457003870107,38.99073403890806,0.46398471589700213,5.824229539614001,1.2235562333767505,0.9564100788112938,0,0.2746532214805484
15417,1,02_13,False,fresh,100,adam,0.01,2,03_12,calibrated_broadcast,1,0.08478526281501514,0.09135891248202571,0.08186419205414067,0.0004241757912850947,0.005181457003870107,38.636928865710125,0.445528167808624,5.1931200942870355,1.2256506381811418,0.9548983072294653,0,0.2746532214805484
15417,1,02_13,False,fresh,100,adam,0.01,2,03_12,subtree_projection,2,0.0742033576308877,0.08081942557802527,0.07161979993201215,0.0003710949139735001,0.005181457003870107,39.054993410821275,0.4437324154408211,5.808814931826871,1.2251262787193724,0.9557381689113378,0,0.2746532214805484
15417,1,02_13,False,fresh,100,adam,0.01,2,03_12,broadcast_projection,3,0.09115727714799902,0.09767814559755854,0.08794898201056925,0.00045570386882191004,0.005181457003870107,38.58278935003227,0.44385824190292733,5.047543436572292,1.2254305130618075,0.9547973939639882,0,0.2746532214805484
15417,1,02_13,False,fresh,300,sgd,0.3,0,01_23,exact_path,0,0.01377640431829514,0.017197460736291702,0.015231987724954014,7.892388948032647e-05,0.005181457003870107,39.22873875563127,0.567203908347004,4.566627597886611,1.2466539876868301,0.9543231585242937,0,0.8258852217113599
15417,1,02_13,False,fresh,300,sgd,0.3,0,01_23,calibrated_broadcast,1,0.014624619025096883,0.017724958066394448,0.015719473521998026,8.144977617770736e-05,0.005181457003870107,38.95311328775456,0.5747427639520002,4.514000506478336,1.2362265904934975,0.9493351106822158,0,0.8258852217113599
15417,1,02_13,False,fresh,300,sgd,0.3,0,01_23,subtree_projection,2,0.01456880054046134,0.017697593636170402,0.015694424020034847,8.13199832603168e-05,0.005181457003870107,38.95739173259366,0.5820691303465008,4.473264628582892,1.2399191425309226,0.9509545404007935,0,0.8258852217113599
15417,1,02_13,False,fresh,300,sgd,0.3,0,01_23,broadcast_projection,3,0.01469876138592275,0.017776115058958205,0.015773688512924836,8.173068882215984e-05,0.005181457003870107,38.939141818945956,0.5737651456162232,4.5161300365596375,1.235744336967013,0.9491890464545426,0,0.8258852217113599
15417,1,02_13,True,fresh,300,sgd,0.3,1,02_13,exact_path,0,0.0016691174836393988,0.0019154075455583622,0.001711721537813771,8.869211550780473e-06,0.005181457003870107,39.38953912789276,0.5902025283975662,4.667567973823856,1.2421243634949322,0.9518904805821847,0,0.8258852217113599
15417,1,02_13,True,fresh,300,sgd,0.3,1,02_13,calibrated_broadcast,1,0.002139915379084694,0.002362333012734001,0.002181558383971773,1.1303650967982094e-05,0.005181457003870107,39.16675973380321,0.579576837663637,4.560854176833308,1.2458541769632068,0.9482649376386958,0,0.8258852217113599
15417,1,02_13,True,fresh,300,sgd,0.3,1,02_13,subtree_projection,2,0.002025548332672795,0.002236589049453364,0.002058515871900672,1.0666111482037515e-05,0.005181457003870107,39.07647766338113,0.5780353612530361,4.546950385400605,1.243644972070143,0.9491660854501849,0,0.8258852217113599
15417,1,02_13,True,fresh,300,sgd,0.3,1,02_13,broadcast_projection,3,0.0021851387316206903,0.002408982690544784,0.002227065458214989,1.1539443916545242e-05,0.005181457003870107,39.15178984165795,0.5782319666003134,4.573012100960429,1.24520960279454,0.9481890848455593,0,0.8258852217113599
15417,1,02_13,False,fresh,300,sgd,0.3,2,03_12,exact_path,0,0.031162664162428917,0.03945358280342771,0.031109801277507742,0.0001611940977183497,0.005181457003870107,38.47040092909299,0.5895407211792819,6.132942318696309,1.2433670148413567,0.951741811918036,0,0.8258852217113599
15417,1,02_13,False,fresh,300,sgd,0.3,2,03_12,calibrated_broadcast,1,0.03163537660073273,0.03988642659408728,0.03137365958469501,0.0001625612681921545,0.005181457003870107,38.11577124891268,0.5721046499755532,6.042498488854549,1.2451298504375428,0.9476530453400935,0,0.8258852217113599
15417,1,02_13,False,fresh,300,sgd,0.3,2,03_12,subtree_projection,2,0.03153196630938088,0.039797966373068094,0.03139558226615244,0.00016267485962353568,0.005181457003870107,38.11469161946532,0.566932421006785,6.015033483242892,1.2417736141341358,0.9506836278135676,0,0.8258852217113599
15417,1,02_13,False,fresh,300,sgd,0.3,2,03_12,broadcast_projection,3,0.03181572641978852,0.04013743236794177,0.03152788923076492,0.0001633604024719878,0.005181457003870107,38.23804019946518,0.5674122231543545,6.008208430088651,1.2433383334986443,0.9491819667208194,0,0.8258852217113599
15417,1,02_13,False,fresh,300,adam,0.01,0,01_23,exact_path,0,0.024143540768611096,0.026013459799167447,0.025228573534909614,0.00013072076904010945,0.005181457003870107,39.7879395717425,0.45559807658625706,4.252336856453349,1.2376306307253886,0.9598257918917783,0,0.8258852217113599
15417,1,02_13,False,fresh,300,adam,0.01,0,01_23,calibrated_broadcast,1,0.02418784971538826,0.025755403627252788,0.024994589610966966,0.0001295083913986038,0.005181457003870107,38.808101020283345,0.47961432470122295,4.170590263019844,1.2299133983896835,0.9551199884630786,0,0.8258852217113599
15417,1,02_13,False,fresh,300,adam,0.01,0,01_23,subtree_projection,2,0.02811059144177049,0.029563418779600538,0.028909704253605964,0.00014979438958466005,0.005181457003870107,39.04477504230415,0.4859242452078651,4.050493868175064,1.2334830449713474,0.95670674795991,0,0.8258852217113599
15417,1,02_13,False,fresh,300,adam,0.01,0,01_23,broadcast_projection,3,0.026063722595294592,0.027428838774485827,0.02672438071531085,0.00013847122963143863,0.005181457003870107,38.84047747405769,0.4764764086801119,4.108141038156523,1.2292920833603975,0.955019496761008,0,0.8258852217113599
15417,1,02_13,True,fresh,300,adam,0.01,1,02_13,exact_path,0,0.012875355181877527,0.012963358985828729,0.012113657500960003,6.276639550083286e-05,0.005181457003870107,39.589243569646776,0.5430122115265938,4.324301012108455,1.2307623766021778,0.9586171368720479,0,0.8258852217113599
15417,1,02_13,True,fresh,300,adam,0.01,1,02_13,calibrated_broadcast,1,0.012819683755278038,0.012807255885616764,0.012149241391602256,6.295077190022611e-05,0.005181457003870107,38.6695710079714,0.5115010891062296,4.091095465956083,1.233235319895339,0.954603498117164,0,0.8258852217113599
15417,1,02_13,True,fresh,300,adam,0.01,1,02_13,subtree_projection,2,0.016504304965848652,0.016763362313327458,0.01576026614612938,8.166114140571902e-05,0.005181457003870107,38.82883652414387,0.4998284434618567,4.140167187735963,1.231451155847868,0.9557968389495012,0,0.8258852217113599
15417,1,02_13,True,fresh,300,adam,0.01,1,02_13,broadcast_projection,3,0.014558417622912241,0.01458343229029566,0.013793264287143446,7.146920584685083e-05,0.005181457003870107,38.7015392850103,0.5060112096839289,4.089422261987139,1.2323170117140523,0.9545513741319864,0,0.8258852217113599
15417,1,02_13,False,fresh,300,adam,0.01,2,03_12,exact_path,0,0.03824286844664761,0.044731433528482356,0.037736449908403906,0.0001955297926790929,0.005181457003870107,39.288047863699056,0.560775243301519,7.041534535408231,1.2341994759335115,0.9561557728551981,0,0.8258852217113599
15417,1,02_13,False,fresh,300,adam,0.01,2,03_12,calibrated_broadcast,1,0.03534407193788159,0.042236018879892936,0.035010632343105696,0.0001814060861641063,0.005181457003870107,38.97005736789251,0.5243736296920943,6.85069754634489,1.2341422261477415,0.9541648197756978,0,0.8258852217113599
15417,1,02_13,False,fresh,300,adam,0.01,2,03_12,subtree_projection,2,0.04025624263831029,0.04669565975226745,0.03983590530757097,0.00020640803056141995,0.005181457003870107,39.05057276122437,0.4954739041368216,6.837530323260561,1.2309907926605312,0.9549795481475959,0,0.8258852217113599
15417,1,02_13,False,fresh,300,adam,0.01,2,03_12,broadcast_projection,3,0.03773695442487409,0.04435763679809497,0.03727894429989038,0.00019315924703955058,0.005181457003870107,38.95245660310904,0.5099693968647377,6.748609390054553,1.2321208839187812,0.9545422220307976,0,0.8258852217113599
15417,1,02_13,False,fresh,1000,sgd,0.3,0,01_23,exact_path,0,0.012673362019263808,0.01605314465845044,0.014380770301520853,7.451334299986245e-05,0.005181457003870107,39.51685712708078,0.6094516492321722,4.8491132610313326,1.263184118758567,0.9546727512869703,0,2.735792619874701
15417,1,02_13,False,fresh,1000,sgd,0.3,0,01_23,calibrated_broadcast,1,0.012986612694612295,0.016373476124414362,0.014536134795035375,7.531835744293601e-05,0.005181457003870107,39.69520926431632,0.6044517659066185,4.975944235300427,1.2479804040637532,0.9517167547081566,0,2.735792619874701
15417,1,02_13,False,fresh,1000,sgd,0.3,0,01_23,subtree_projection,2,0.012969045118809261,0.01636223862909842,0.014521614113415293,7.524311915545467e-05,0.005181457003870107,39.72059022196002,0.6244566169170688,4.9036190974578915,1.2558998385305342,0.9531837213583512,0,2.735792619874701
15417,1,02_13,False,fresh,1000,sgd,0.3,0,01_23,broadcast_projection,3,0.013026606918826811,0.016409767927800425,0.014556298010081554,7.542283227475757e-05,0.005181457003870107,39.65472487934553,0.6021958727504663,4.955128651983851,1.2471489830180422,0.9515913635929014,0,2.735792619874701
15417,1,02_13,True,fresh,1000,sgd,0.3,1,02_13,exact_path,0,0.0005117070002915627,0.0005840320950063358,0.0005303691133026012,2.7480847567581413e-06,0.005181457003870107,39.792376592477225,0.5955395275739618,4.98963174902114,1.2604170504221945,0.9500147286103005,0,2.735792619874701
15417,1,02_13,True,fresh,1000,sgd,0.3,1,02_13,calibrated_broadcast,1,0.0009239502659034323,0.0010531394354201598,0.0009600887887708819,4.974658778914054e-06,0.005181457003870107,39.9054542944084,0.621393838054197,4.971881131524634,1.2599548348339429,0.948810643549769,0,2.735792619874701
15417,1,02_13,True,fresh,1000,sgd,0.3,1,02_13,subtree_projection,2,0.0006575469570613045,0.000755948830913181,0.0006840324878570206,3.544284925081453e-06,0.005181457003870107,39.824538900489074,0.6169617913055995,4.980954008181958,1.2569213840951294,0.9491370448797606,0,2.735792619874701
15417,1,02_13,True,fresh,1000,sgd,0.3,1,02_13,broadcast_projection,3,0.0009634618020328092,0.0010982038568906759,0.0010010689478957883,5.1869957114315115e-06,0.005181457003870107,39.871665770571276,0.6187395434487128,4.977086019248114,1.259084436583316,0.9487921058483522,0,2.735792619874701
15417,1,02_13,False,fresh,1000,sgd,0.3,2,03_12,exact_path,0,0.029986189663525918,0.03782502547434944,0.03002901600871805,0.0001555940553176997,0.005181457003870107,38.204288149669495,0.5924380874303093,6.187066707163202,1.271252237858829,0.9520633595498305,0,2.735792619874701
15417,1,02_13,False,fresh,1000,sgd,0.3,2,03_12,calibrated_broadcast,1,0.030357675086281417,0.03803271296555437,0.03001260595443085,0.0001555090273269794,0.005181457003870107,37.85143676710055,0.561765819857459,6.134555482713602,1.2642920158526803,0.9506280338354709,0,2.735792619874701
15417,1,02_13,False,fresh,1000,sgd,0.3,2,03_12,subtree_projection,2,0.030291914927620615,0.038220762696831,0.03008519082100069,0.00015588512269224268,0.005181457003870107,37.905335924244625,0.5902043822654941,6.159465025930934,1.2547493658283864,0.9487368293069697,0,2.735792619874701
15417,1,02_13,False,fresh,1000,sgd,0.3,2,03_12,broadcast_projection,3,0.03052411432692096,0.0382653397615626,0.030153116057671958,0.00015623707438553255,0.005181457003870107,37.9089873513267,0.5878752370578424,6.129806652540572,1.2595714763332686,0.9497568608062367,0,2.735792619874701
15417,1,02_13,False,fresh,1000,adam,0.01,0,01_23,exact_path,0,0.012892012757877732,0.016262390259245012,0.014500255978969617,7.513245290014151e-05,0.005181457003870107,40.1412068877689,0.6053238583561704,4.556524216764886,1.272540834599136,0.9558171796442092,0,2.735792619874701
15417,1,02_13,False,fresh,1000,adam,0.01,0,01_23,calibrated_broadcast,1,0.013382367478877543,0.016583800926588847,0.014651327673029594,7.591522438741511e-05,0.005181457003870107,39.6909826045492,0.6173224598627702,4.635878063276554,1.257075766282721,0.9520562387101883,0,2.735792619874701
15417,1,02_13,False,fresh,1000,adam,0.01,0,01_23,subtree_projection,2,0.01349502014099618,0.016643539034791415,0.014733471495446062,7.634084907139958e-05,0.005181457003870107,39.83650617874236,0.6135408761251153,4.548368444946917,1.264522273189928,0.9528691097464987,0,2.735792619874701
15417,1,02_13,False,fresh,1000,adam,0.01,0,01_23,broadcast_projection,3,0.013444826978808647,0.01664113592822027,0.014706247542992183,7.61997893322844e-05,0.005181457003870107,39.601751832555465,0.6154576909515488,4.598683863641181,1.2555925538998898,0.9520348988314381,0,2.735792619874701
15417,1,02_13,True,fresh,1000,adam,0.01,1,02_13,exact_path,0,0.0008162239258536655,0.0009531262192470447,0.0008490168037075804,4.399144063974054e-06,0.005181457003870107,40.04196000368693,0.5662437924267092,4.492022781300833,1.2497959357112234,0.9522516178453602,0,2.735792619874701
15417,1,02_13,True,fresh,1000,adam,0.01,1,02_13,calibrated_broadcast,1,0.0011105489134822172,0.0012392973881465853,0.0011229820194172998,5.818683049729964e-06,0.005181457003870107,39.57886731520693,0.61805337990905,4.500857012749146,1.2562988448806802,0.9498348088343265,0,2.735792619874701
15417,1,02_13,True,fresh,1000,adam,0.01,1,02_13,subtree_projection,2,0.0009606924810661681,0.0010512214332265106,0.0009621261183932864,4.985215114755253e-06,0.005181457003870107,39.627668432422034,0.5859821415977926,4.4420572530114475,1.254657098295322,0.9496962846647015,0,2.735792619874701
15417,1,02_13,True,fresh,1000,adam,0.01,1,02_13,broadcast_projection,3,0.001145222985060195,0.0012798388451267762,0.0011589572705821335,6.005087266843978e-06,0.005181457003870107,39.50658917621115,0.6229356495579708,4.4597914806742684,1.2552248904996859,0.9498882201130519,0,2.735792619874701
15417,1,02_13,False,fresh,1000,adam,0.01,2,03_12,exact_path,0,0.03048558772301257,0.038272981098960254,0.030385885868329347,0.0001574431611512528,0.005181457003870107,39.897720721559175,0.6195461104540648,7.1494618018126985,1.2620230488807347,0.9503769783636721,0,2.735792619874701
15417,1,02_13,False,fresh,1000,adam,0.01,2,03_12,calibrated_broadcast,1,0.030673586370252977,0.038385406877235864,0.030391454713238533,0.00015747201588171096,0.005181457003870107,39.29417971262637,0.6141907204547083,7.0268930885862,1.2603487400431022,0.9497104906129817,0,2.735792619874701
15417,1,02_13,False,fresh,1000,adam,0.01,2,03_12,subtree_projection,2,0.030707765366250597,0.03855041993235763,0.030526371524869252,0.00015817108154027478,0.005181457003870107,39.510182516815554,0.5976530613342164,7.047625292216573,1.2529447135663159,0.948510359610697,0,2.735792619874701
15417,1,02_13,False,fresh,1000,adam,0.01,2,03_12,broadcast_projection,3,0.030858053247401828,0.03862214114371362,0.030573473731726704,0.00015841513959989406,0.005181457003870107,39.22923337353413,0.623218521192511,7.002209858352018,1.2561407878116013,0.9501371698713791,0,2.735792619874701
15417,2,03_12,False,fresh,0,sgd,0.3,0,01_23,exact_path,0,2.851342705326342,2.996288109425923,2.821066632221056,0.014617235459906047,0.005181457003870107,35.89641255832989,0.5774895272050593,5.261791024717008,1.2148250678283352,0.9502766777834547,0,0.0
15417,2,03_12,False,fresh,0,sgd,0.3,0,01_23,calibrated_broadcast,1,2.851342705326342,2.996288109425923,2.821066632221056,0.014617235459906047,0.005181457003870107,35.89641255832989,0.5774895272050593,5.261791024717008,1.2148250678283352,0.9502766777834547,0,0.0
15417,2,03_12,False,fresh,0,sgd,0.3,0,01_23,subtree_projection,2,2.851342705326342,2.996288109425923,2.821066632221056,0.014617235459906047,0.005181457003870107,35.89641255832989,0.5774895272050593,5.261791024717008,1.2148250678283352,0.9502766777834547,0,0.0
15417,2,03_12,False,fresh,0,sgd,0.3,0,01_23,broadcast_projection,3,2.851342705326342,2.996288109425923,2.821066632221056,0.014617235459906047,0.005181457003870107,35.89641255832989,0.5774895272050593,5.261791024717008,1.2148250678283352,0.9502766777834547,0,0.0
15417,2,03_12,False,fresh,0,sgd,0.3,1,02_13,exact_path,0,2.9627007158048673,3.129042118505243,2.9223915248919505,0.01514224603470204,0.005181457003870107,35.89641255832989,0.5774895272050593,5.261791024717008,1.2148250678283352,0.9502766777834547,0,0.0
15417,2,03_12,False,fresh,0,sgd,0.3,1,02_13,calibrated_broadcast,1,2.9627007158048673,3.129042118505243,2.9223915248919505,0.01514224603470204,0.005181457003870107,35.89641255832989,0.5774895272050593,5.261791024717008,1.2148250678283352,0.9502766777834547,0,0.0
15417,2,03_12,False,fresh,0,sgd,0.3,1,02_13,subtree_projection,2,2.9627007158048673,3.129042118505243,2.9223915248919505,0.01514224603470204,0.005181457003870107,35.89641255832989,0.5774895272050593,5.261791024717008,1.2148250678283352,0.9502766777834547,0,0.0
15417,2,03_12,False,fresh,0,sgd,0.3,1,02_13,broadcast_projection,3,2.9627007158048673,3.129042118505243,2.9223915248919505,0.01514224603470204,0.005181457003870107,35.89641255832989,0.5774895272050593,5.261791024717008,1.2148250678283352,0.9502766777834547,0,0.0
15417,2,03_12,True,fresh,0,sgd,0.3,2,03_12,exact_path,0,2.1196353582890586,2.3232812514074146,2.1350314118703544,0.01106257346251833,0.005181457003870107,35.89641255832989,0.5774895272050593,5.261791024717008,1.2148250678283352,0.9502766777834547,0,0.0
15417,2,03_12,True,fresh,0,sgd,0.3,2,03_12,calibrated_broadcast,1,2.1196353582890586,2.3232812514074146,2.1350314118703544,0.01106257346251833,0.005181457003870107,35.89641255832989,0.5774895272050593,5.261791024717008,1.2148250678283352,0.9502766777834547,0,0.0
15417,2,03_12,True,fresh,0,sgd,0.3,2,03_12,subtree_projection,2,2.1196353582890586,2.3232812514074146,2.1350314118703544,0.01106257346251833,0.005181457003870107,35.89641255832989,0.5774895272050593,5.261791024717008,1.2148250678283352,0.9502766777834547,0,0.0
15417,2,03_12,True,fresh,0,sgd,0.3,2,03_12,broadcast_projection,3,2.1196353582890586,2.3232812514074146,2.1350314118703544,0.01106257346251833,0.005181457003870107,35.89641255832989,0.5774895272050593,5.261791024717008,1.2148250678283352,0.9502766777834547,0,0.0
15417,2,03_12,False,fresh,0,adam,0.01,0,01_23,exact_path,0,2.851342705326342,2.996288109425923,2.821066632221056,0.014617235459906047,0.005181457003870107,35.89641255832989,0.5774895272050593,5.261791024717008,1.2148250678283352,0.9502766777834547,0,0.0
15417,2,03_12,False,fresh,0,adam,0.01,0,01_23,calibrated_broadcast,1,2.851342705326342,2.996288109425923,2.821066632221056,0.014617235459906047,0.005181457003870107,35.89641255832989,0.5774895272050593,5.261791024717008,1.2148250678283352,0.9502766777834547,0,0.0
15417,2,03_12,False,fresh,0,adam,0.01,0,01_23,subtree_projection,2,2.851342705326342,2.996288109425923,2.821066632221056,0.014617235459906047,0.005181457003870107,35.89641255832989,0.5774895272050593,5.261791024717008,1.2148250678283352,0.9502766777834547,0,0.0
15417,2,03_12,False,fresh,0,adam,0.01,0,01_23,broadcast_projection,3,2.851342705326342,2.996288109425923,2.821066632221056,0.014617235459906047,0.005181457003870107,35.89641255832989,0.5774895272050593,5.261791024717008,1.2148250678283352,0.9502766777834547,0,0.0
15417,2,03_12,False,fresh,0,adam,0.01,1,02_13,exact_path,0,2.9627007158048673,3.129042118505243,2.9223915248919505,0.01514224603470204,0.005181457003870107,35.89641255832989,0.5774895272050593,5.261791024717008,1.2148250678283352,0.9502766777834547,0,0.0
15417,2,03_12,False,fresh,0,adam,0.01,1,02_13,calibrated_broadcast,1,2.9627007158048673,3.129042118505243,2.9223915248919505,0.01514224603470204,0.005181457003870107,35.89641255832989,0.5774895272050593,5.261791024717008,1.2148250678283352,0.9502766777834547,0,0.0
15417,2,03_12,False,fresh,0,adam,0.01,1,02_13,subtree_projection,2,2.9627007158048673,3.129042118505243,2.9223915248919505,0.01514224603470204,0.005181457003870107,35.89641255832989,0.5774895272050593,5.261791024717008,1.2148250678283352,0.9502766777834547,0,0.0
15417,2,03_12,False,fresh,0,adam,0.01,1,02_13,broadcast_projection,3,2.9627007158048673,3.129042118505243,2.9223915248919505,0.01514224603470204,0.005181457003870107,35.89641255832989,0.5774895272050593,5.261791024717008,1.2148250678283352,0.9502766777834547,0,0.0
15417,2,03_12,True,fresh,0,adam,0.01,2,03_12,exact_path,0,2.1196353582890586,2.3232812514074146,2.1350314118703544,0.01106257346251833,0.005181457003870107,35.89641255832989,0.5774895272050593,5.261791024717008,1.2148250678283352,0.9502766777834547,0,0.0
15417,2,03_12,True,fresh,0,adam,0.01,2,03_12,calibrated_broadcast,1,2.1196353582890586,2.3232812514074146,2.1350314118703544,0.01106257346251833,0.005181457003870107,35.89641255832989,0.5774895272050593,5.261791024717008,1.2148250678283352,0.9502766777834547,0,0.0
15417,2,03_12,True,fresh,0,adam,0.01,2,03_12,subtree_projection,2,2.1196353582890586,2.3232812514074146,2.1350314118703544,0.01106257346251833,0.005181457003870107,35.89641255832989,0.5774895272050593,5.261791024717008,1.2148250678283352,0.9502766777834547,0,0.0
15417,2,03_12,True,fresh,0,adam,0.01,2,03_12,broadcast_projection,3,2.1196353582890586,2.3232812514074146,2.1350314118703544,0.01106257346251833,0.005181457003870107,35.89641255832989,0.5774895272050593,5.261791024717008,1.2148250678283352,0.9502766777834547,0,0.0
15417,2,03_12,False,fresh,10,sgd,0.3,0,01_23,exact_path,0,0.1467086348756921,0.14990234477710396,0.13654974435552722,0.0007075266292676191,0.005181457003870107,39.38860080023841,0.5391906630528043,4.472054765863517,1.237379038865563,0.9587663242989526,0,0.027690970804542303
15417,2,03_12,False,fresh,10,sgd,0.3,0,01_23,calibrated_broadcast,1,0.13838044077117498,0.14027783339977093,0.12820417292851638,0.0006642844097458356,0.005181457003870107,39.18527714295608,0.5481763091248528,4.428014151401319,1.2326785682295227,0.9605982705936772,0,0.027690970804542303
15417,2,03_12,False,fresh,10,sgd,0.3,0,01_23,subtree_projection,2,0.15145886123932523,0.15371524109242327,0.14036696198737497,0.0007273053783014531,0.005181457003870107,39.36931076032371,0.5444351262679178,4.4403746567368225,1.23479205586225,0.9605279322544529,0,0.027690970804542303
15417,2,03_12,False,fresh,10,sgd,0.3,0,01_23,broadcast_projection,3,0.1432514047507934,0.1451985445051678,0.1326566226775496,0.0006873545866823435,0.005181457003870107,39.24507240294967,0.5480762407228721,4.452324142802459,1.2326467255517326,0.9606934116012602,0,0.027690970804542303
15417,2,03_12,False,fresh,10,sgd,0.3,1,02_13,exact_path,0,0.13125402573444445,0.1452976009332193,0.12653974003221924,0.0006556602222578449,0.005181457003870107,39.479047887553925,0.5331100887952681,4.148175941430509,1.2398102812018739,0.9580216251407127,0,0.027690970804542303
15417,2,03_12,False,fresh,10,sgd,0.3,1,02_13,calibrated_broadcast,1,0.14429794136347565,0.15854464916888725,0.1398017018576767,0.0007243765072434195,0.005181457003870107,39.35728581292376,0.5272077521695504,3.8509785566489425,1.2436557704614597,0.9572473632266623,0,0.027690970804542303
15417,2,03_12,False,fresh,10,sgd,0.3,1,02_13,subtree_projection,2,0.1309369354700635,0.14482619300780306,0.12618559467484486,0.0006538252333154893,0.005181457003870107,39.5284832761603,0.5294148082591286,4.159690050077869,1.2421291868285063,0.9576431271018718,0,0.027690970804542303
15417,2,03_12,False,fresh,10,sgd,0.3,1,02_13,broadcast_projection,3,0.14837556826591566,0.16275181750093481,0.14368211727598434,0.0007444827128905351,0.005181457003870107,39.438616372529594,0.5270353798538582,3.8814662121047676,1.243561062233548,0.9573425702709465,0,0.027690970804542303
15417,2,03_12,True,fresh,10,sgd,0.3,2,03_12,exact_path,0,0.06772157292369482,0.06812870907098298,0.0655619752478551,0.00033970655583555743,0.005181457003870107,38.8097127268169,0.5497877768469923,4.491094759116798,1.232267003646948,0.9627597508197578,0,0.027690970804542303
15417,2,03_12,True,fresh,10,sgd,0.3,2,03_12,calibrated_broadcast,1,0.07453632409395308,0.0743212673183135,0.07169194260904116,0.00037146871815267005,0.005181457003870107,38.68524103895206,0.5418913784975102,4.385481402640857,1.2364947891085674,0.9657160536586719,0,0.027690970804542303
15417,2,03_12,True,fresh,10,sgd,0.3,2,03_12,subtree_projection,2,0.0783461844032345,0.07834628559237172,0.07531847243901635,0.00039025942653993885,0.005181457003870107,38.79588194895369,0.542420474747289,4.414315574821004,1.2360844822150916,0.9655349315058516,0,0.027690970804542303
15417,2,03_12,True,fresh,10,sgd,0.3,2,03_12,broadcast_projection,3,0.07674610102552595,0.07663870604177878,0.07385135906895483,0.00038265764169316215,0.005181457003870107,38.71671551789338,0.5419744834021373,4.415194439498734,1.2363755832043095,0.9656903484825683,0,0.027690970804542303
15417,2,03_12,False,fresh,10,adam,0.01,0,01_23,exact_path,0,1.6306814549063327,1.700048825247101,1.5960552060724194,0.008269891426067284,0.005181457003870107,36.70953252402696,0.5231506086263664,4.916696830028013,1.2191166876560606,0.9555375609680677,0,0.027690970804542303
15417,2,03_12,False,fresh,10,adam,0.01,0,01_23,calibrated_broadcast,1,1.6315698723093095,1.7010001820393499,1.596960813784569,0.008274583793490161,0.005181457003870107,36.70689095662691,0.523356156555482,4.9172794186186435,1.2191141047233365,0.9555374322273795,0,0.027690970804542303
15417,2,03_12,False,fresh,10,adam,0.01,0,01_23,subtree_projection,2,1.6313159005235984,1.7007067034719543,1.5966899849826213,0.00827318050569746,0.005181457003870107,36.70890231909824,0.5230894174375875,4.916545743691459,1.2191143944947724,0.9555267578649228,0,0.027690970804542303
15417,2,03_12,False,fresh,10,adam,0.01,0,01_23,broadcast_projection,3,1.632570385405306,1.7020521347095356,1.5979576057149354,0.00827974862801916,0.005181457003870107,36.70570111007324,0.523420850661911,4.917308623080908,1.2191163172435986,0.955531825425115,0,0.027690970804542303
15417,2,03_12,False,fresh,10,adam,0.01,1,02_13,exact_path,0,1.6926996719391778,1.778568038660425,1.6551201415312586,0.008575933849583623,0.005181457003870107,36.580492756268455,0.523404403802106,4.784973342447885,1.2191333999624314,0.9555584684262333,0,0.027690970804542303
15417,2,03_12,False,fresh,10,adam,0.01,1,02_13,calibrated_broadcast,1,1.6936952595947723,1.7796296172610648,1.6561170833146144,0.008581099460569442,0.005181457003870107,36.5768080534658,0.5233463650277164,4.7850364451755825,1.2191150926237324,0.9555368265136381,0,0.027690970804542303
15417,2,03_12,False,fresh,10,adam,0.01,1,02_13,subtree_projection,2,1.6933526174533047,1.779241644479255,1.6557630342048513,0.008579264970329946,0.005181457003870107,36.57999900374388,0.523473722115567,4.784950450272202,1.2191175043645144,0.9555639178664849,0,0.027690970804542303
15417,2,03_12,False,fresh,10,adam,0.01,1,02_13,broadcast_projection,3,1.69481588059227,1.7808167660722847,1.6572336543016268,0.008586884925130416,0.005181457003870107,36.57542270758773,0.5234169765282092,4.785038744683896,1.2191172230954286,0.9555305587515316,0,0.027690970804542303
15417,2,03_12,True,fresh,10,adam,0.01,2,03_12,exact_path,0,1.077013944672262,1.1842114207302212,1.0884191200748747,0.0056395968728580985,0.005181457003870107,37.571112524778314,0.5235928712490175,5.790069183979801,1.219114621570979,0.9555118342669507,0,0.027690970804542303
15417,2,03_12,True,fresh,10,adam,0.01,2,03_12,calibrated_broadcast,1,1.07731610465755,1.1845481242741893,1.0887239522109933,0.005641176347464794,0.005181457003870107,37.57051285534273,0.5235857436655614,5.790056990131094,1.2190948927612255,0.9555073984885141,0,0.027690970804542303
15417,2,03_12,True,fresh,10,adam,0.01,2,03_12,subtree_projection,2,1.07690642527843,1.1840966041366843,1.088311470247857,0.005639039089907931,0.005181457003870107,37.570856366506305,0.523562305808254,5.790055823398755,1.219097493503424,0.9555103650106329,0,0.027690970804542303
15417,2,03_12,True,fresh,10,adam,0.01,2,03_12,broadcast_projection,3,1.076857278466982,1.1840434742417887,1.0882630826666635,0.005638788371736457,0.005181457003870107,37.571256736800606,0.5235633849172722,5.790048291209491,1.2190972817708343,0.9555101869583466,0,0.027690970804542303
15417,2,03_12,False,fresh,100,sgd,0.3,0,01_23,exact_path,0,0.015391029686559433,0.018004554069390832,0.01645121942494961,8.52412861116091e-05,0.005181457003870107,39.03362567752526,0.5501870547498876,4.433470357993528,1.2404391466911016,0.953423528189245,0,0.2731580192921683
15417,2,03_12,False,fresh,100,sgd,0.3,0,01_23,calibrated_broadcast,1,0.01787470354191008,0.019570449597796982,0.018167033479374036,9.413170286124532e-05,0.005181457003870107,38.11938377404964,0.5650147544405466,4.17742277082303,1.231089638119067,0.9514642291679966,0,0.2731580192921683
15417,2,03_12,False,fresh,100,sgd,0.3,0,01_23,subtree_projection,2,0.01837579165451381,0.019884113518875274,0.0185782181208439,9.626223840167317e-05,0.005181457003870107,38.203314040694636,0.5680524217881296,4.179498686386393,1.2323865540312164,0.9521685725737646,0,0.2731580192921683
15417,2,03_12,False,fresh,100,sgd,0.3,0,01_23,broadcast_projection,3,0.018199784248901608,0.019751529908808626,0.018430702875297446,9.549789449945886e-05,0.005181457003870107,38.14153272721623,0.5642203543210931,4.186041181124824,1.2308240470429737,0.9518203555188888,0,0.2731580192921683
15417,2,03_12,False,fresh,100,sgd,0.3,1,02_13,exact_path,0,0.033396816313354644,0.04053998698340239,0.03260066797143952,0.00016891895939145915,0.005181457003870107,38.44000474111464,0.5594610404474539,6.22621751166612,1.238152150967608,0.9487167225508957,0,0.2731580192921683
15417,2,03_12,False,fresh,100,sgd,0.3,1,02_13,calibrated_broadcast,1,0.03600828942040837,0.04370896190095199,0.0351469855749621,0.00018211259457230898,0.005181457003870107,37.56764037077218,0.5497388257281414,5.82284913029329,1.238991966002634,0.9511206411144054,0,0.2731580192921683
15417,2,03_12,False,fresh,100,sgd,0.3,1,02_13,subtree_projection,2,0.03456162995259319,0.041546827254267574,0.03371697262499762,0.00017470304395709058,0.005181457003870107,37.94186376362421,0.5471246821726314,6.076597053269874,1.2399138595610308,0.9477375531018476,0,0.2731580192921683
15417,2,03_12,False,fresh,100,sgd,0.3,1,02_13,broadcast_projection,3,0.038377567616155364,0.046226711882462385,0.0374549467764948,0.00019407119630465106,0.005181457003870107,37.68133929550846,0.5472486516303431,5.627767592023472,1.2390156111448332,0.9519229817274409,0,0.2731580192921683
15417,2,03_12,True,fresh,100,sgd,0.3,2,03_12,exact_path,0,0.004651997059390568,0.004593649567100903,0.0044793990077774725,2.3209813361977394e-05,0.005181457003870107,38.90974763883729,0.5755689394623039,4.378980886853618,1.232807990502862,0.9539258108594945,0,0.2731580192921683
15417,2,03_12,True,fresh,100,sgd,0.3,2,03_12,calibrated_broadcast,1,0.007650116296383624,0.007262600806230307,0.007342445375701878,3.8044565017464175e-05,0.005181457003870107,38.484116483335626,0.5652827685430111,4.222966050779636,1.2391938869927441,0.9553505892086052,0,0.2731580192921683
15417,2,03_12,True,fresh,100,sgd,0.3,2,03_12,subtree_projection,2,0.007735128157529095,0.007402255780273548,0.007472276676426735,3.871728031992655e-05,0.005181457003870107,38.51811363125954,0.5649063661862344,4.211872663516765,1.2373670203179612,0.9557232100792242,0,0.2731580192921683
15417,2,03_12,True,fresh,100,sgd,0.3,2,03_12,broadcast_projection,3,0.008056973522760321,0.007628324128663428,0.007717742973909698,3.998915338623371e-05,0.005181457003870107,38.49028219585751,0.5645513509083444,4.240602387380229,1.2386859860295185,0.9557510595148005,0,0.2731580192921683
15417,2,03_12,False,fresh,100,adam,0.01,0,01_23,exact_path,0,0.20769116378993796,0.20079497785692238,0.18997251719353989,0.0009843344297553016,0.005181457003870107,38.60638343798908,0.4152453197126606,4.413392454446026,1.2280965039865386,0.9607744263766913,0,0.2731580192921683
15417,2,03_12,False,fresh,100,adam,0.01,0,01_23,calibrated_broadcast,1,0.19791423414293224,0.19058093953612837,0.18055741900936267,0.0009355505033267718,0.005181457003870107,38.411113047901345,0.42476755134445854,4.402784499384472,1.2264468216716649,0.9624925797244178,0,0.2731580192921683
15417,2,03_12,False,fresh,100,adam,0.01,0,01_23,subtree_projection,2,0.21294681894759776,0.20554901894370084,0.19442555048569402,0.0010074076302954004,0.005181457003870107,38.56729732866613,0.42027482606147737,4.38041203189169,1.2274965211469921,0.9627718131897324,0,0.2731580192921683
15417,2,03_12,False,fresh,100,adam,0.01,0,01_23,broadcast_projection,3,0.20607605126563291,0.19850953301350602,0.18803520897467207,0.0009742963505159939,0.005181457003870107,38.45106024240091,0.42480064344148816,4.417753471112139,1.226330097721889,0.9627692872421848,0,0.2731580192921683
15417,2,03_12,False,fresh,100,adam,0.01,1,02_13,exact_path,0,0.09596007567428654,0.10336004593247326,0.09164129802048868,0.00047483544547200884,0.005181457003870107,38.0784502196034,0.4443274362480499,5.204354740494189,1.2247101078152662,0.9611745163754405,0,0.2731580192921683
15417,2,03_12,False,fresh,100,adam,0.01,1,02_13,calibrated_broadcast,1,0.11288538937633164,0.12068744988132768,0.10824161449047517,0.0005608492715118807,0.005181457003870107,37.92878799278913,0.43516215075731446,4.769943401769079,1.226026494084993,0.9626005145999713,0,0.2731580192921683
15417,2,03_12,False,fresh,100,adam,0.01,1,02_13,subtree_projection,2,0.09786101000822194,0.10575736896551499,0.09362936238487092,0.00048513651549698174,0.005181457003870107,38.078940356618176,0.43486149327659723,5.1817280468989075,1.2255826342874565,0.9617254151910004,0,0.2731580192921683
15417,2,03_12,False,fresh,100,adam,0.01,1,02_13,broadcast_projection,3,0.11931962855485821,0.12721508440595428,0.11450646893710595,0.0005933103454626024,0.005181457003870107,37.96787911331392,0.43392670922302656,4.676085264632133,1.2259134280666282,0.9628977577468225,0,0.2731580192921683
15417,2,03_12,True,fresh,100,adam,0.01,2,03_12,exact_path,0,0.07973697618193544,0.07966713569589308,0.0738546918930356,0.0003826749105778381,0.005181457003870107,39.27932281397692,0.48336160732796063,4.135602211846921,1.2223279236964968,0.9584804054543785,0,0.2731580192921683
15417,2,03_12,True,fresh,100,adam,0.01,2,03_12,calibrated_broadcast,1,0.09006994620643986,0.09015260832134644,0.08382677008911779,0.00043434480499006856,0.005181457003870107,38.97469926856033,0.45353048098961596,4.093766824583415,1.2249159769585891,0.9616412986977003,0,0.2731580192921683
15417,2,03_12,True,fresh,100,adam,0.01,2,03_12,subtree_projection,2,0.09449644869559796,0.09526871249524395,0.08819530429692209,0.0004569801771577423,0.005181457003870107,39.18403637150284,0.45232806599852843,4.100460356513032,1.2245786092713415,0.9618363377340355,0,0.2731580192921683
15417,2,03_12,True,fresh,100,adam,0.01,2,03_12,broadcast_projection,3,0.09269509530785353,0.09263574601059443,0.08610959044201721,0.0004461731404961765,0.005181457003870107,38.987496290753946,0.45323062949036885,4.101961629956695,1.2247274212222283,0.9617012623383733,0,0.2731580192921683
15417,2,03_12,False,fresh,300,sgd,0.3,0,01_23,exact_path,0,0.013719836096302746,0.017035414578706914,0.015149571381820808,7.849685274196556e-05,0.005181457003870107,39.024926244034624,0.5655533665883686,4.566167404641856,1.2470334149138043,0.9546024406142035,0,0.8223538578022271
15417,2,03_12,False,fresh,300,sgd,0.3,0,01_23,calibrated_broadcast,1,0.015357475161841931,0.017918196210079465,0.01616986705777018,8.378347091813181e-05,0.005181457003870107,38.38971030959323,0.5766349281440275,4.420804504076288,1.2350934985494288,0.9483541830320791,0,0.8223538578022271
15417,2,03_12,False,fresh,300,sgd,0.3,0,01_23,subtree_projection,2,0.015557587306228565,0.018099704147413825,0.01633693300632151,8.464911594736131e-05,0.005181457003870107,38.34556374345797,0.5849169794786898,4.365699896124418,1.2378100632437896,0.9494536652994313,0,0.8223538578022271
15417,2,03_12,False,fresh,300,sgd,0.3,0,01_23,broadcast_projection,3,0.015561431504792065,0.018070692894635972,0.016327503750424577,8.460025866335286e-05,0.005181457003870107,38.35919764202691,0.5751474265514166,4.406113897078488,1.2343648623069607,0.9481472121034065,0,0.8223538578022271
15417,2,03_12,False,fresh,300,sgd,0.3,1,02_13,exact_path,0,0.031161427463252206,0.03908933190816362,0.030918447116232813,0.00016020260435919203,0.005181457003870107,38.080888448799335,0.5746727548923148,6.192008623127214,1.2486817727883885,0.9483576478233035,0,0.8223538578022271
15417,2,03_12,False,fresh,300,sgd,0.3,1,02_13,calibrated_broadcast,1,0.032758413687661476,0.04030709138204905,0.03223539073520899,0.00016702629109743817,0.005181457003870107,37.17992828290457,0.5700932897169495,6.194579413710009,1.2440442811679309,0.946871511473827,0,0.8223538578022271
15417,2,03_12,False,fresh,300,sgd,0.3,1,02_13,subtree_projection,2,0.03192731317546395,0.03974345227591152,0.03155286942333078,0.00016348983626571621,0.005181457003870107,37.51427042258037,0.559467319602331,6.073868392897295,1.2439821412473804,0.9473244874021793,0,0.8223538578022271
15417,2,03_12,False,fresh,300,sgd,0.3,1,02_13,broadcast_projection,3,0.03305918084443769,0.040629831218794654,0.032476675939689975,0.0001682765000101264,0.005181457003870107,37.21872594653838,0.5653105545489369,6.190439172728728,1.242263374251348,0.9478208741109752,0,0.8223538578022271
15417,2,03_12,True,fresh,300,sgd,0.3,2,03_12,exact_path,0,0.0018427689737601227,0.002014939250063173,0.0018529886840980728,9.601181195312012e-06,0.005181457003870107,39.360901986243874,0.5902964863317323,4.65325462024608,1.2414281522912676,0.95471763760646,0,0.8223538578022271
15417,2,03_12,True,fresh,300,sgd,0.3,2,03_12,calibrated_broadcast,1,0.003357282450309116,0.003461492461618495,0.003333684321492803,1.7273341976290847e-05,0.005181457003870107,39.523849419732954,0.5779191555782662,4.672062217462979,1.2478088894018096,0.9491173063815123,0,0.8223538578022271
15417,2,03_12,True,fresh,300,sgd,0.3,2,03_12,subtree_projection,2,0.0029260234850012512,0.003021950884770766,0.002909892067869497,1.5077480635568475e-05,0.005181457003870107,39.26208757150648,0.5798308522643687,4.594316079590998,1.2433968337809869,0.9506407743197459,0,0.8223538578022271
15417,2,03_12,True,fresh,300,sgd,0.3,2,03_12,broadcast_projection,3,0.0035375550720787748,0.003634273585824277,0.0035081440592247,1.817729760625513e-05,0.005181457003870107,39.480706485244326,0.5769274013319056,4.675990139093832,1.2468787847817993,0.9489381642527479,0,0.8223538578022271
15417,2,03_12,False,fresh,300,adam,0.01,0,01_23,exact_path,0,0.028323105451596057,0.02956380758527239,0.028131141590041608,0.00014576030061858275,0.005181457003870107,39.60256596138791,0.4233576499451028,4.364594305176984,1.2388051580902208,0.962256236826348,0,0.8223538578022271
15417,2,03_12,False,fresh,300,adam,0.01,0,01_23,calibrated_broadcast,1,0.02805393247823193,0.027962967665217185,0.027056804328127772,0.00014019366828832067,0.005181457003870107,38.012710447520796,0.46727940172362387,4.020133321007342,1.2291979469644174,0.9557363003873603,0,0.8223538578022271
15417,2,03_12,False,fresh,300,adam,0.01,0,01_23,subtree_projection,2,0.035848446297030614,0.035442540853279636,0.03404489717286748,0.00017640217090239183,0.005181457003870107,38.22587858874748,0.4633245681370528,4.036691232717995,1.2322084705034575,0.957881096504695,0,0.8223538578022271
15417,2,03_12,False,fresh,300,adam,0.01,0,01_23,broadcast_projection,3,0.03166684538546838,0.03120968602027088,0.03014454065858681,0.00015619264132388184,0.005181457003870107,38.030961766780834,0.46343290853224106,4.021032456840066,1.228570621848503,0.9556924646766533,0,0.8223538578022271
15417,2,03_12,False,fresh,300,adam,0.01,1,02_13,exact_path,0,0.04250168852445475,0.048476302897069244,0.04149229371691278,0.00021499053588613335,0.005181457003870107,38.18813879480683,0.5106300182683655,6.878759150140478,1.23218783485436,0.956551694209176,0,0.8223538578022271
15417,2,03_12,False,fresh,300,adam,0.01,1,02_13,calibrated_broadcast,1,0.0413583502840577,0.04762597034185897,0.040392121094513074,0.00020929003874633426,0.005181457003870107,37.55677504244264,0.5003103348740776,6.5162456651115805,1.232124820246972,0.9559542759407643,0,0.8223538578022271
15417,2,03_12,False,fresh,300,adam,0.01,1,02_13,subtree_projection,2,0.04451692132144878,0.0504250072711095,0.04348483960521156,0.00022531482673459165,0.005181457003870107,37.88515966063811,0.47636498120362186,6.73011852300935,1.2301631503656925,0.955681295511738,0,0.8223538578022271
15417,2,03_12,False,fresh,300,adam,0.01,1,02_13,broadcast_projection,3,0.04521548457650068,0.05145693358554418,0.044114272830051184,0.00022857620792590547,0.005181457003870107,37.53565490253726,0.48806594097468126,6.333510411457483,1.2305046969236026,0.9570751122846278,0,0.8223538578022271
15417,2,03_12,True,fresh,300,adam,0.01,2,03_12,exact_path,0,0.011039495533933682,0.011175873332678837,0.010507368108413753,5.444347607758184e-05,0.005181457003870107,39.821831967011775,0.5292691195240106,4.276520151748125,1.2282294139876182,0.9598623767602923,0,0.8223538578022271
15417,2,03_12,True,fresh,300,adam,0.01,2,03_12,calibrated_broadcast,1,0.01241040083078041,0.0124107863196565,0.011904212839307229,6.16811669917889e-05,0.005181457003870107,38.77015707266026,0.5341694468485174,3.9945681555694947,1.2342931890853757,0.9536904586335025,0,0.8223538578022271
15417,2,03_12,True,fresh,300,adam,0.01,2,03_12,subtree_projection,2,0.017636625005405374,0.018105326671801075,0.01710752673402063,8.864191421488628e-05,0.005181457003870107,38.83237321925057,0.5212195443741852,3.936726438010998,1.2317932969037293,0.9549353324775687,0,0.8223538578022271
15417,2,03_12,True,fresh,300,adam,0.01,2,03_12,broadcast_projection,3,0.014757292990485154,0.014841495967609334,0.014138613675160438,7.325861885217373e-05,0.005181457003870107,38.79806863991051,0.5280863984128048,3.944166481503224,1.2331229013819716,0.9541118506575265,0,0.8223538578022271
15417,2,03_12,False,fresh,1000,sgd,0.3,0,01_23,exact_path,0,0.01256210192748427,0.015917829934341713,0.014294555312232117,7.406662373977374e-05,0.005181457003870107,39.454642865679645,0.588712052730965,4.867151681661662,1.2639385253734667,0.9549889423493926,0,2.7262727193301544
15417,2,03_12,False,fresh,1000,sgd,0.3,0,01_23,calibrated_broadcast,1,0.012884262983712622,0.01596510947980268,0.014368879258458736,7.445173007150493e-05,0.005181457003870107,39.25020841211239,0.5269756180487469,4.924622827009305,1.2478523543015605,0.9514089761900475,0,2.7262727193301544
15417,2,03_12,False,fresh,1000,sgd,0.3,0,01_23,subtree_projection,2,0.0129323692406232,0.015980314889753596,0.014392362778783991,7.457340892236974e-05,0.005181457003870107,39.212561882732,0.5539426627372332,4.831864746378072,1.2555982591712032,0.9528435011513096,0,2.7262727193301544
15417,2,03_12,False,fresh,1000,sgd,0.3,0,01_23,broadcast_projection,3,0.012986417624096051,0.01603249954901323,0.01442491737796677,7.474208917831353e-05,0.005181457003870107,39.17797700163655,0.5372174886722959,4.892146089673545,1.246409172795302,0.9511459312982905,0,2.7262727193301544
15417,2,03_12,False,fresh,1000,sgd,0.3,1,02_13,exact_path,0,0.02982305321249041,0.03756345658677552,0.02982744446379078,0.00015454962102445539,0.005181457003870107,38.14480062032796,0.5790708702198542,6.178305267720811,1.2783690896895221,0.9547260426416349,0,2.7262727193301544
15417,2,03_12,False,fresh,1000,sgd,0.3,1,02_13,calibrated_broadcast,1,0.03073374433972314,0.038200058067793835,0.030299296003463882,0.00015699449948948147,0.005181457003870107,37.531366027229495,0.5454501254528191,6.158097058530719,1.2640370748992626,0.9505901973082964,0,2.7262727193301544
15417,2,03_12,False,fresh,1000,sgd,0.3,1,02_13,subtree_projection,2,0.030294907925867542,0.03812062373512395,0.03002356815501555,0.00015556582749797683,0.005181457003870107,37.76501604028126,0.5832976559105254,6.141973185467089,1.2581533619124334,0.950525647937288,0,2.7262727193301544
15417,2,03_12,False,fresh,1000,sgd,0.3,1,02_13,broadcast_projection,3,0.031025103138708224,0.03848782209806827,0.030541369997604904,0.00015824879548187828,0.005181457003870107,37.49156181488773,0.5708832794333536,6.177821561853541,1.2590979008504823,0.949684594077129,0,2.7262727193301544
15417,2,03_12,True,fresh,1000,sgd,0.3,2,03_12,exact_path,0,0.00041301416053265034,0.00047102012109628426,0.0004251265787142404,2.202775088810237e-06,0.005181457003870107,39.914214811195755,0.5802609256655884,5.035719450845507,1.260541964699513,0.9521537886752222,0,2.7262727193301544
15417,2,03_12,True,fresh,1000,sgd,0.3,2,03_12,calibrated_broadcast,1,0.0008225286166558573,0.000931165015570527,0.0008509646033125647,4.409236503879435e-06,0.005181457003870107,40.37776150747641,0.6137677430811815,5.140446930935727,1.2640915943765612,0.950916516756894,0,2.7262727193301544
15417,2,03_12,True,fresh,1000,sgd,0.3,2,03_12,subtree_projection,2,0.0005384323217247772,0.0006159978357965056,0.0005574258607364107,2.888278130250998e-06,0.005181457003870107,40.087263436312185,0.6103270933689027,5.072818398088551,1.2577960941092914,0.951177171388135,0,2.7262727193301544
15417,2,03_12,True,fresh,1000,sgd,0.3,2,03_12,broadcast_projection,3,0.0008795747525074941,0.0009937491192587575,0.0009092732532280751,4.711360266370367e-06,0.005181457003870107,40.35024338102008,0.6108842848631336,5.148855216963818,1.2631536900115676,0.9508992216720429,0,2.7262727193301544
15417,2,03_12,False,fresh,1000,adam,0.01,0,01_23,exact_path,0,0.012901705639312018,0.016315651113667843,0.01455579059816303,7.542020314171849e-05,0.005181457003870107,39.95732987962492,0.6007659994748376,4.444882411660278,1.2750750771022663,0.9573771341908768,0,2.7262727193301544
15417,2,03_12,False,fresh,1000,adam,0.01,0,01_23,calibrated_broadcast,1,0.013814785686455527,0.016678286298072883,0.01494218750639374,7.742230210814425e-05,0.005181457003870107,39.04733311721485,0.60685989772753,4.243576792927972,1.2583589716304981,0.952632620609855,0,2.7262727193301544
15417,2,03_12,False,fresh,1000,adam,0.01,0,01_23,subtree_projection,2,0.014057156882919234,0.016843581042404302,0.015145620487588636,7.847638135337473e-05,0.005181457003870107,39.214441547069164,0.6109629149187846,4.162190356349605,1.2657559475533897,0.9536615865707463,0,2.7262727193301544
15417,2,03_12,False,fresh,1000,adam,0.01,0,01_23,broadcast_projection,3,0.013959715188742136,0.016789580915654315,0.015064311091002133,7.805508021095113e-05,0.005181457003870107,38.941082162879376,0.6125047025171854,4.204608775172095,1.2565357951984022,0.9526166253192415,0,2.7262727193301544
15417,2,03_12,False,fresh,1000,adam,0.01,1,02_13,exact_path,0,0.030714051268239194,0.03826110501787462,0.030473940122876624,0.00015789941048519735,0.005181457003870107,39.019629859745486,0.6118799301016736,6.930447280346059,1.2653400852412078,0.9529165310472906,0,2.7262727193301544
15417,2,03_12,False,fresh,1000,adam,0.01,1,02_13,calibrated_broadcast,1,0.03177049599460534,0.03915180506949318,0.03128382436552163,0.00016209579086657434,0.005181457003870107,38.23322720673133,0.6032932815587853,6.714054182146209,1.258772601049114,0.9510239311197318,0,2.7262727193301544
15417,2,03_12,False,fresh,1000,adam,0.01,1,02_13,subtree_projection,2,0.03122513877148563,0.03883927011456241,0.030853725154146572,0.00015986725029543605,0.005181457003870107,38.61812560282981,0.5715882825545245,6.838037391675355,1.2518132042442498,0.9517377779163082,0,2.7262727193301544
15417,2,03_12,False,fresh,1000,adam,0.01,1,02_13,broadcast_projection,3,0.03227723035879325,0.03963300988526864,0.03174911693040791,0.00016450668428575306,0.005181457003870107,38.08451580037858,0.6029345039038465,6.697799874061525,1.2541733705183544,0.951300128366174,0,2.7262727193301544
15417,2,03_12,True,fresh,1000,adam,0.01,2,03_12,exact_path,0,0.000492787311187667,0.0005491760746114236,0.0005104486137132118,2.6448675446401078e-06,0.005181457003870107,40.15963637481404,0.5029911594558725,4.648422107213356,1.2457697110015986,0.953090042232054,0,2.7262727193301544
15417,2,03_12,True,fresh,1000,adam,0.01,2,03_12,calibrated_broadcast,1,0.0008888951641555722,0.0009017998546224117,0.0008828257168349644,4.574323493691174e-06,0.005181457003870107,39.811808860279456,0.5615691348603495,4.480557039797446,1.2579073286025684,0.9501743141276041,0,2.7262727193301544
15417,2,03_12,True,fresh,1000,adam,0.01,2,03_12,subtree_projection,2,0.0009359255903793516,0.0009142605724689816,0.0009174601951590005,4.753780553978638e-06,0.005181457003870107,39.735078619513935,0.5169743138993493,4.453683979402738,1.2542454523833602,0.9497470922221121,0,2.7262727193301544
15417,2,03_12,True,fresh,1000,adam,0.01,2,03_12,broadcast_projection,3,0.0009752716078796878,0.0009909889868881159,0.000970796877418686,5.03014227983628e-06,0.005181457003870107,39.73214400154747,0.5695674967839275,4.488079552603403,1.2564579437599395,0.9502097626518001,0,2.7262727193301544
