cohort,seed,family,step,structure,optimizer,rate,rule,dictionary,channels,is_projection,population_nmse,sites,field_energy_fidelity,mean_per_example_fidelity,error_weighted_energy_fidelity,nonzero_field_examples,eligibility_weighted_update_fidelity,population_gradient_cosine_nonroot,population_gradient_cosine_full,population_gradient_relative_error_nonroot,population_gradient_norm_nonroot
frozen_algebraic_replay,127204,matching,0,compatible,sgd,0.03,exact,unit_broadcast_fixed,1,False,2.25806171871237,6,-1.7910332451223692,-1.8402305385011433,-1.8458953681828647,256,-2.09619229109031,0.12839796866652078,0.2673778965160001,1.3769767133686865,1.8061699456584144
frozen_algebraic_replay,127204,matching,0,compatible,sgd,0.03,exact,initial_mean_fixed,1,False,2.25806171871237,6,0.9770409467143504,0.9761969492874631,0.9733596189275258,256,0.976397864828993,0.9904783902289636,0.9921094390429582,0.13768732949256807,1.8061699456584144
frozen_algebraic_replay,127204,matching,0,compatible,sgd,0.03,exact,initial_mean_projection,1,True,2.25806171871237,6,0.981137097849169,0.9806357049142507,0.9762102451301817,256,0.9784581313838989,0.9906932306099894,0.992280198576635,0.1364875070660486,1.8061699456584144
frozen_algebraic_replay,127204,matching,0,compatible,sgd,0.03,exact,best_fixed_rank1_q,1,True,2.25806171871237,6,0.9811570834253509,0.9805808731501227,0.9760130714327417,256,0.9782614438535326,0.9906963703055438,0.9922808021962132,0.1365629701612677,1.8061699456584144
frozen_algebraic_replay,127204,matching,0,compatible,sgd,0.03,exact,best_fixed_rank1_error,1,True,2.25806171871237,6,0.9804540208815383,0.9802854513242832,0.9767095880704458,256,0.9789711768100817,0.9906348042944718,0.9922385619404898,0.13657678753941668,1.8061699456584144
frozen_algebraic_replay,127204,matching,0,compatible,sgd,0.03,exact,uniform_projection,1,True,2.25806171871237,6,0.05956551414722755,0.05762198961058365,0.053515305762282694,256,0.020338026045007007,0.13207819547587873,0.42940563589106295,0.9917471848551801,1.8061699456584144
frozen_algebraic_replay,127204,matching,0,compatible,sgd,0.03,exact,ancestry_K2,2,True,2.25806171871237,6,0.06164778149429018,0.05954485367347598,0.0548443653538675,256,0.02604009442504851,0.13756044978527324,0.43122320047668017,0.9907678389894237,1.8061699456584144
frozen_algebraic_replay,127204,matching,0,compatible,sgd,0.03,exact,ancestry_K3,3,True,2.25806171871237,6,0.6598620480764754,0.6571317447715542,0.6560474734090433,256,0.6459750497784253,0.9178683619894106,0.9284975543212058,0.4353074918651501,1.8061699456584144
frozen_algebraic_replay,127204,matching,0,compatible,sgd,0.03,exact,ancestry_K4,4,True,2.25806171871237,6,0.9285893516815319,0.9300790301112835,0.9335340740266576,256,0.9383782138564021,0.9902728353436743,0.9919393013721352,0.13915547595456165,1.8061699456584144
frozen_algebraic_replay,127204,matching,0,compatible,sgd,0.03,exact,ancestry_K5,5,True,2.25806171871237,6,0.9338893088467477,0.9349836868152686,0.9380642712253409,256,0.939484700071868,0.9901358462505222,0.9918256509349748,0.14013836427781773,1.8061699456584144
frozen_algebraic_replay,127204,matching,0,compatible,sgd,0.03,exact,ancestry_K6,6,True,2.25806171871237,6,1.0,1.0,1.0,256,1.0,0.9999999999999998,0.9999999999999999,3.9674690518769075e-15,1.8061699456584144
frozen_algebraic_replay,127204,matching,0,compatible,sgd,0.03,broadcast,unit_broadcast_fixed,1,False,2.25806171871237,6,-1.7910332451223692,-1.8402305385011433,-1.8458953681828647,256,-2.09619229109031,0.12839796866652078,0.2673778965160001,1.3769767133686865,1.8061699456584144
frozen_algebraic_replay,127204,matching,0,compatible,sgd,0.03,broadcast,initial_mean_fixed,1,False,2.25806171871237,6,0.9770409467143504,0.9761969492874631,0.9733596189275258,256,0.976397864828993,0.9904783902289636,0.9921094390429582,0.13768732949256807,1.8061699456584144
frozen_algebraic_replay,127204,matching,0,compatible,sgd,0.03,broadcast,initial_mean_projection,1,True,2.25806171871237,6,0.981137097849169,0.9806357049142507,0.9762102451301817,256,0.9784581313838989,0.9906932306099894,0.992280198576635,0.1364875070660486,1.8061699456584144
frozen_algebraic_replay,127204,matching,0,compatible,sgd,0.03,broadcast,best_fixed_rank1_q,1,True,2.25806171871237,6,0.9811570834253509,0.9805808731501227,0.9760130714327417,256,0.9782614438535326,0.9906963703055438,0.9922808021962132,0.1365629701612677,1.8061699456584144
frozen_algebraic_replay,127204,matching,0,compatible,sgd,0.03,broadcast,best_fixed_rank1_error,1,True,2.25806171871237,6,0.9804540208815383,0.9802854513242832,0.9767095880704458,256,0.9789711768100817,0.9906348042944718,0.9922385619404898,0.13657678753941668,1.8061699456584144
frozen_algebraic_replay,127204,matching,0,compatible,sgd,0.03,broadcast,uniform_projection,1,True,2.25806171871237,6,0.05956551414722755,0.05762198961058365,0.053515305762282694,256,0.020338026045007007,0.13207819547587873,0.42940563589106295,0.9917471848551801,1.8061699456584144
frozen_algebraic_replay,127204,matching,0,compatible,sgd,0.03,broadcast,ancestry_K2,2,True,2.25806171871237,6,0.06164778149429018,0.05954485367347598,0.0548443653538675,256,0.02604009442504851,0.13756044978527324,0.43122320047668017,0.9907678389894237,1.8061699456584144
frozen_algebraic_replay,127204,matching,0,compatible,sgd,0.03,broadcast,ancestry_K3,3,True,2.25806171871237,6,0.6598620480764754,0.6571317447715542,0.6560474734090433,256,0.6459750497784253,0.9178683619894106,0.9284975543212058,0.4353074918651501,1.8061699456584144
frozen_algebraic_replay,127204,matching,0,compatible,sgd,0.03,broadcast,ancestry_K4,4,True,2.25806171871237,6,0.9285893516815319,0.9300790301112835,0.9335340740266576,256,0.9383782138564021,0.9902728353436743,0.9919393013721352,0.13915547595456165,1.8061699456584144
frozen_algebraic_replay,127204,matching,0,compatible,sgd,0.03,broadcast,ancestry_K5,5,True,2.25806171871237,6,0.9338893088467477,0.9349836868152686,0.9380642712253409,256,0.939484700071868,0.9901358462505222,0.9918256509349748,0.14013836427781773,1.8061699456584144
frozen_algebraic_replay,127204,matching,0,compatible,sgd,0.03,broadcast,ancestry_K6,6,True,2.25806171871237,6,1.0,1.0,1.0,256,1.0,0.9999999999999998,0.9999999999999999,3.9674690518769075e-15,1.8061699456584144
frozen_algebraic_replay,127204,matching,0,compatible,sgd,0.03,global_projection,unit_broadcast_fixed,1,False,2.25806171871237,6,-1.7910332451223692,-1.8402305385011433,-1.8458953681828647,256,-2.09619229109031,0.12839796866652078,0.2673778965160001,1.3769767133686865,1.8061699456584144
frozen_algebraic_replay,127204,matching,0,compatible,sgd,0.03,global_projection,initial_mean_fixed,1,False,2.25806171871237,6,0.9770409467143504,0.9761969492874631,0.9733596189275258,256,0.976397864828993,0.9904783902289636,0.9921094390429582,0.13768732949256807,1.8061699456584144
frozen_algebraic_replay,127204,matching,0,compatible,sgd,0.03,global_projection,initial_mean_projection,1,True,2.25806171871237,6,0.981137097849169,0.9806357049142507,0.9762102451301817,256,0.9784581313838989,0.9906932306099894,0.992280198576635,0.1364875070660486,1.8061699456584144
frozen_algebraic_replay,127204,matching,0,compatible,sgd,0.03,global_projection,best_fixed_rank1_q,1,True,2.25806171871237,6,0.9811570834253509,0.9805808731501227,0.9760130714327417,256,0.9782614438535326,0.9906963703055438,0.9922808021962132,0.1365629701612677,1.8061699456584144
frozen_algebraic_replay,127204,matching,0,compatible,sgd,0.03,global_projection,best_fixed_rank1_error,1,True,2.25806171871237,6,0.9804540208815383,0.9802854513242832,0.9767095880704458,256,0.9789711768100817,0.9906348042944718,0.9922385619404898,0.13657678753941668,1.8061699456584144
frozen_algebraic_replay,127204,matching,0,compatible,sgd,0.03,global_projection,uniform_projection,1,True,2.25806171871237,6,0.05956551414722755,0.05762198961058365,0.053515305762282694,256,0.020338026045007007,0.13207819547587873,0.42940563589106295,0.9917471848551801,1.8061699456584144
frozen_algebraic_replay,127204,matching,0,compatible,sgd,0.03,global_projection,ancestry_K2,2,True,2.25806171871237,6,0.06164778149429018,0.05954485367347598,0.0548443653538675,256,0.02604009442504851,0.13756044978527324,0.43122320047668017,0.9907678389894237,1.8061699456584144
frozen_algebraic_replay,127204,matching,0,compatible,sgd,0.03,global_projection,ancestry_K3,3,True,2.25806171871237,6,0.6598620480764754,0.6571317447715542,0.6560474734090433,256,0.6459750497784253,0.9178683619894106,0.9284975543212058,0.4353074918651501,1.8061699456584144
frozen_algebraic_replay,127204,matching,0,compatible,sgd,0.03,global_projection,ancestry_K4,4,True,2.25806171871237,6,0.9285893516815319,0.9300790301112835,0.9335340740266576,256,0.9383782138564021,0.9902728353436743,0.9919393013721352,0.13915547595456165,1.8061699456584144
frozen_algebraic_replay,127204,matching,0,compatible,sgd,0.03,global_projection,ancestry_K5,5,True,2.25806171871237,6,0.9338893088467477,0.9349836868152686,0.9380642712253409,256,0.939484700071868,0.9901358462505222,0.9918256509349748,0.14013836427781773,1.8061699456584144
frozen_algebraic_replay,127204,matching,0,compatible,sgd,0.03,global_projection,ancestry_K6,6,True,2.25806171871237,6,1.0,1.0,1.0,256,1.0,0.9999999999999998,0.9999999999999999,3.9674690518769075e-15,1.8061699456584144
frozen_algebraic_replay,127204,matching,0,compatible,sgd,0.03,subtree_projection,unit_broadcast_fixed,1,False,2.25806171871237,6,-1.7910332451223692,-1.8402305385011433,-1.8458953681828647,256,-2.09619229109031,0.12839796866652078,0.2673778965160001,1.3769767133686865,1.8061699456584144
frozen_algebraic_replay,127204,matching,0,compatible,sgd,0.03,subtree_projection,initial_mean_fixed,1,False,2.25806171871237,6,0.9770409467143504,0.9761969492874631,0.9733596189275258,256,0.976397864828993,0.9904783902289636,0.9921094390429582,0.13768732949256807,1.8061699456584144
frozen_algebraic_replay,127204,matching,0,compatible,sgd,0.03,subtree_projection,initial_mean_projection,1,True,2.25806171871237,6,0.981137097849169,0.9806357049142507,0.9762102451301817,256,0.9784581313838989,0.9906932306099894,0.992280198576635,0.1364875070660486,1.8061699456584144
frozen_algebraic_replay,127204,matching,0,compatible,sgd,0.03,subtree_projection,best_fixed_rank1_q,1,True,2.25806171871237,6,0.9811570834253509,0.9805808731501227,0.9760130714327417,256,0.9782614438535326,0.9906963703055438,0.9922808021962132,0.1365629701612677,1.8061699456584144
frozen_algebraic_replay,127204,matching,0,compatible,sgd,0.03,subtree_projection,best_fixed_rank1_error,1,True,2.25806171871237,6,0.9804540208815383,0.9802854513242832,0.9767095880704458,256,0.9789711768100817,0.9906348042944718,0.9922385619404898,0.13657678753941668,1.8061699456584144
frozen_algebraic_replay,127204,matching,0,compatible,sgd,0.03,subtree_projection,uniform_projection,1,True,2.25806171871237,6,0.05956551414722755,0.05762198961058365,0.053515305762282694,256,0.020338026045007007,0.13207819547587873,0.42940563589106295,0.9917471848551801,1.8061699456584144
frozen_algebraic_replay,127204,matching,0,compatible,sgd,0.03,subtree_projection,ancestry_K2,2,True,2.25806171871237,6,0.06164778149429018,0.05954485367347598,0.0548443653538675,256,0.02604009442504851,0.13756044978527324,0.43122320047668017,0.9907678389894237,1.8061699456584144
frozen_algebraic_replay,127204,matching,0,compatible,sgd,0.03,subtree_projection,ancestry_K3,3,True,2.25806171871237,6,0.6598620480764754,0.6571317447715542,0.6560474734090433,256,0.6459750497784253,0.9178683619894106,0.9284975543212058,0.4353074918651501,1.8061699456584144
frozen_algebraic_replay,127204,matching,0,compatible,sgd,0.03,subtree_projection,ancestry_K4,4,True,2.25806171871237,6,0.9285893516815319,0.9300790301112835,0.9335340740266576,256,0.9383782138564021,0.9902728353436743,0.9919393013721352,0.13915547595456165,1.8061699456584144
frozen_algebraic_replay,127204,matching,0,compatible,sgd,0.03,subtree_projection,ancestry_K5,5,True,2.25806171871237,6,0.9338893088467477,0.9349836868152686,0.9380642712253409,256,0.939484700071868,0.9901358462505222,0.9918256509349748,0.14013836427781773,1.8061699456584144
frozen_algebraic_replay,127204,matching,0,compatible,sgd,0.03,subtree_projection,ancestry_K6,6,True,2.25806171871237,6,1.0,1.0,1.0,256,1.0,0.9999999999999998,0.9999999999999999,3.9674690518769075e-15,1.8061699456584144
frozen_algebraic_replay,127204,matching,0,compatible,sgd,0.03,shuffled_projection,unit_broadcast_fixed,1,False,2.25806171871237,6,-1.7910332451223692,-1.8402305385011433,-1.8458953681828647,256,-2.09619229109031,0.12839796866652078,0.2673778965160001,1.3769767133686865,1.8061699456584144
frozen_algebraic_replay,127204,matching,0,compatible,sgd,0.03,shuffled_projection,initial_mean_fixed,1,False,2.25806171871237,6,0.9770409467143504,0.9761969492874631,0.9733596189275258,256,0.976397864828993,0.9904783902289636,0.9921094390429582,0.13768732949256807,1.8061699456584144
frozen_algebraic_replay,127204,matching,0,compatible,sgd,0.03,shuffled_projection,initial_mean_projection,1,True,2.25806171871237,6,0.981137097849169,0.9806357049142507,0.9762102451301817,256,0.9784581313838989,0.9906932306099894,0.992280198576635,0.1364875070660486,1.8061699456584144
frozen_algebraic_replay,127204,matching,0,compatible,sgd,0.03,shuffled_projection,best_fixed_rank1_q,1,True,2.25806171871237,6,0.9811570834253509,0.9805808731501227,0.9760130714327417,256,0.9782614438535326,0.9906963703055438,0.9922808021962132,0.1365629701612677,1.8061699456584144
frozen_algebraic_replay,127204,matching,0,compatible,sgd,0.03,shuffled_projection,best_fixed_rank1_error,1,True,2.25806171871237,6,0.9804540208815383,0.9802854513242832,0.9767095880704458,256,0.9789711768100817,0.9906348042944718,0.9922385619404898,0.13657678753941668,1.8061699456584144
frozen_algebraic_replay,127204,matching,0,compatible,sgd,0.03,shuffled_projection,uniform_projection,1,True,2.25806171871237,6,0.05956551414722755,0.05762198961058365,0.053515305762282694,256,0.020338026045007007,0.13207819547587873,0.42940563589106295,0.9917471848551801,1.8061699456584144
frozen_algebraic_replay,127204,matching,0,compatible,sgd,0.03,shuffled_projection,ancestry_K2,2,True,2.25806171871237,6,0.06164778149429018,0.05954485367347598,0.0548443653538675,256,0.02604009442504851,0.13756044978527324,0.43122320047668017,0.9907678389894237,1.8061699456584144
frozen_algebraic_replay,127204,matching,0,compatible,sgd,0.03,shuffled_projection,ancestry_K3,3,True,2.25806171871237,6,0.6598620480764754,0.6571317447715542,0.6560474734090433,256,0.6459750497784253,0.9178683619894106,0.9284975543212058,0.4353074918651501,1.8061699456584144
frozen_algebraic_replay,127204,matching,0,compatible,sgd,0.03,shuffled_projection,ancestry_K4,4,True,2.25806171871237,6,0.9285893516815319,0.9300790301112835,0.9335340740266576,256,0.9383782138564021,0.9902728353436743,0.9919393013721352,0.13915547595456165,1.8061699456584144
frozen_algebraic_replay,127204,matching,0,compatible,sgd,0.03,shuffled_projection,ancestry_K5,5,True,2.25806171871237,6,0.9338893088467477,0.9349836868152686,0.9380642712253409,256,0.939484700071868,0.9901358462505222,0.9918256509349748,0.14013836427781773,1.8061699456584144
frozen_algebraic_replay,127204,matching,0,compatible,sgd,0.03,shuffled_projection,ancestry_K6,6,True,2.25806171871237,6,1.0,1.0,1.0,256,1.0,0.9999999999999998,0.9999999999999999,3.9674690518769075e-15,1.8061699456584144
frozen_algebraic_replay,127204,matching,0,compatible,adam,0.003,broadcast,unit_broadcast_fixed,1,False,2.25806171871237,6,-1.7910332451223692,-1.8402305385011433,-1.8458953681828647,256,-2.09619229109031,0.12839796866652078,0.2673778965160001,1.3769767133686865,1.8061699456584144
frozen_algebraic_replay,127204,matching,0,compatible,adam,0.003,broadcast,initial_mean_fixed,1,False,2.25806171871237,6,0.9770409467143504,0.9761969492874631,0.9733596189275258,256,0.976397864828993,0.9904783902289636,0.9921094390429582,0.13768732949256807,1.8061699456584144
frozen_algebraic_replay,127204,matching,0,compatible,adam,0.003,broadcast,initial_mean_projection,1,True,2.25806171871237,6,0.981137097849169,0.9806357049142507,0.9762102451301817,256,0.9784581313838989,0.9906932306099894,0.992280198576635,0.1364875070660486,1.8061699456584144
frozen_algebraic_replay,127204,matching,0,compatible,adam,0.003,broadcast,best_fixed_rank1_q,1,True,2.25806171871237,6,0.9811570834253509,0.9805808731501227,0.9760130714327417,256,0.9782614438535326,0.9906963703055438,0.9922808021962132,0.1365629701612677,1.8061699456584144
frozen_algebraic_replay,127204,matching,0,compatible,adam,0.003,broadcast,best_fixed_rank1_error,1,True,2.25806171871237,6,0.9804540208815383,0.9802854513242832,0.9767095880704458,256,0.9789711768100817,0.9906348042944718,0.9922385619404898,0.13657678753941668,1.8061699456584144
frozen_algebraic_replay,127204,matching,0,compatible,adam,0.003,broadcast,uniform_projection,1,True,2.25806171871237,6,0.05956551414722755,0.05762198961058365,0.053515305762282694,256,0.020338026045007007,0.13207819547587873,0.42940563589106295,0.9917471848551801,1.8061699456584144
frozen_algebraic_replay,127204,matching,0,compatible,adam,0.003,broadcast,ancestry_K2,2,True,2.25806171871237,6,0.06164778149429018,0.05954485367347598,0.0548443653538675,256,0.02604009442504851,0.13756044978527324,0.43122320047668017,0.9907678389894237,1.8061699456584144
frozen_algebraic_replay,127204,matching,0,compatible,adam,0.003,broadcast,ancestry_K3,3,True,2.25806171871237,6,0.6598620480764754,0.6571317447715542,0.6560474734090433,256,0.6459750497784253,0.9178683619894106,0.9284975543212058,0.4353074918651501,1.8061699456584144
frozen_algebraic_replay,127204,matching,0,compatible,adam,0.003,broadcast,ancestry_K4,4,True,2.25806171871237,6,0.9285893516815319,0.9300790301112835,0.9335340740266576,256,0.9383782138564021,0.9902728353436743,0.9919393013721352,0.13915547595456165,1.8061699456584144
frozen_algebraic_replay,127204,matching,0,compatible,adam,0.003,broadcast,ancestry_K5,5,True,2.25806171871237,6,0.9338893088467477,0.9349836868152686,0.9380642712253409,256,0.939484700071868,0.9901358462505222,0.9918256509349748,0.14013836427781773,1.8061699456584144
frozen_algebraic_replay,127204,matching,0,compatible,adam,0.003,broadcast,ancestry_K6,6,True,2.25806171871237,6,1.0,1.0,1.0,256,1.0,0.9999999999999998,0.9999999999999999,3.9674690518769075e-15,1.8061699456584144
frozen_algebraic_replay,127204,matching,0,compatible,adam,0.01,exact,unit_broadcast_fixed,1,False,2.25806171871237,6,-1.7910332451223692,-1.8402305385011433,-1.8458953681828647,256,-2.09619229109031,0.12839796866652078,0.2673778965160001,1.3769767133686865,1.8061699456584144
frozen_algebraic_replay,127204,matching,0,compatible,adam,0.01,exact,initial_mean_fixed,1,False,2.25806171871237,6,0.9770409467143504,0.9761969492874631,0.9733596189275258,256,0.976397864828993,0.9904783902289636,0.9921094390429582,0.13768732949256807,1.8061699456584144
frozen_algebraic_replay,127204,matching,0,compatible,adam,0.01,exact,initial_mean_projection,1,True,2.25806171871237,6,0.981137097849169,0.9806357049142507,0.9762102451301817,256,0.9784581313838989,0.9906932306099894,0.992280198576635,0.1364875070660486,1.8061699456584144
frozen_algebraic_replay,127204,matching,0,compatible,adam,0.01,exact,best_fixed_rank1_q,1,True,2.25806171871237,6,0.9811570834253509,0.9805808731501227,0.9760130714327417,256,0.9782614438535326,0.9906963703055438,0.9922808021962132,0.1365629701612677,1.8061699456584144
frozen_algebraic_replay,127204,matching,0,compatible,adam,0.01,exact,best_fixed_rank1_error,1,True,2.25806171871237,6,0.9804540208815383,0.9802854513242832,0.9767095880704458,256,0.9789711768100817,0.9906348042944718,0.9922385619404898,0.13657678753941668,1.8061699456584144
frozen_algebraic_replay,127204,matching,0,compatible,adam,0.01,exact,uniform_projection,1,True,2.25806171871237,6,0.05956551414722755,0.05762198961058365,0.053515305762282694,256,0.020338026045007007,0.13207819547587873,0.42940563589106295,0.9917471848551801,1.8061699456584144
frozen_algebraic_replay,127204,matching,0,compatible,adam,0.01,exact,ancestry_K2,2,True,2.25806171871237,6,0.06164778149429018,0.05954485367347598,0.0548443653538675,256,0.02604009442504851,0.13756044978527324,0.43122320047668017,0.9907678389894237,1.8061699456584144
frozen_algebraic_replay,127204,matching,0,compatible,adam,0.01,exact,ancestry_K3,3,True,2.25806171871237,6,0.6598620480764754,0.6571317447715542,0.6560474734090433,256,0.6459750497784253,0.9178683619894106,0.9284975543212058,0.4353074918651501,1.8061699456584144
frozen_algebraic_replay,127204,matching,0,compatible,adam,0.01,exact,ancestry_K4,4,True,2.25806171871237,6,0.9285893516815319,0.9300790301112835,0.9335340740266576,256,0.9383782138564021,0.9902728353436743,0.9919393013721352,0.13915547595456165,1.8061699456584144
frozen_algebraic_replay,127204,matching,0,compatible,adam,0.01,exact,ancestry_K5,5,True,2.25806171871237,6,0.9338893088467477,0.9349836868152686,0.9380642712253409,256,0.939484700071868,0.9901358462505222,0.9918256509349748,0.14013836427781773,1.8061699456584144
frozen_algebraic_replay,127204,matching,0,compatible,adam,0.01,exact,ancestry_K6,6,True,2.25806171871237,6,1.0,1.0,1.0,256,1.0,0.9999999999999998,0.9999999999999999,3.9674690518769075e-15,1.8061699456584144
frozen_algebraic_replay,127204,matching,0,compatible,adam,0.01,global_projection,unit_broadcast_fixed,1,False,2.25806171871237,6,-1.7910332451223692,-1.8402305385011433,-1.8458953681828647,256,-2.09619229109031,0.12839796866652078,0.2673778965160001,1.3769767133686865,1.8061699456584144
frozen_algebraic_replay,127204,matching,0,compatible,adam,0.01,global_projection,initial_mean_fixed,1,False,2.25806171871237,6,0.9770409467143504,0.9761969492874631,0.9733596189275258,256,0.976397864828993,0.9904783902289636,0.9921094390429582,0.13768732949256807,1.8061699456584144
frozen_algebraic_replay,127204,matching,0,compatible,adam,0.01,global_projection,initial_mean_projection,1,True,2.25806171871237,6,0.981137097849169,0.9806357049142507,0.9762102451301817,256,0.9784581313838989,0.9906932306099894,0.992280198576635,0.1364875070660486,1.8061699456584144
frozen_algebraic_replay,127204,matching,0,compatible,adam,0.01,global_projection,best_fixed_rank1_q,1,True,2.25806171871237,6,0.9811570834253509,0.9805808731501227,0.9760130714327417,256,0.9782614438535326,0.9906963703055438,0.9922808021962132,0.1365629701612677,1.8061699456584144
frozen_algebraic_replay,127204,matching,0,compatible,adam,0.01,global_projection,best_fixed_rank1_error,1,True,2.25806171871237,6,0.9804540208815383,0.9802854513242832,0.9767095880704458,256,0.9789711768100817,0.9906348042944718,0.9922385619404898,0.13657678753941668,1.8061699456584144
frozen_algebraic_replay,127204,matching,0,compatible,adam,0.01,global_projection,uniform_projection,1,True,2.25806171871237,6,0.05956551414722755,0.05762198961058365,0.053515305762282694,256,0.020338026045007007,0.13207819547587873,0.42940563589106295,0.9917471848551801,1.8061699456584144
frozen_algebraic_replay,127204,matching,0,compatible,adam,0.01,global_projection,ancestry_K2,2,True,2.25806171871237,6,0.06164778149429018,0.05954485367347598,0.0548443653538675,256,0.02604009442504851,0.13756044978527324,0.43122320047668017,0.9907678389894237,1.8061699456584144
frozen_algebraic_replay,127204,matching,0,compatible,adam,0.01,global_projection,ancestry_K3,3,True,2.25806171871237,6,0.6598620480764754,0.6571317447715542,0.6560474734090433,256,0.6459750497784253,0.9178683619894106,0.9284975543212058,0.4353074918651501,1.8061699456584144
frozen_algebraic_replay,127204,matching,0,compatible,adam,0.01,global_projection,ancestry_K4,4,True,2.25806171871237,6,0.9285893516815319,0.9300790301112835,0.9335340740266576,256,0.9383782138564021,0.9902728353436743,0.9919393013721352,0.13915547595456165,1.8061699456584144
frozen_algebraic_replay,127204,matching,0,compatible,adam,0.01,global_projection,ancestry_K5,5,True,2.25806171871237,6,0.9338893088467477,0.9349836868152686,0.9380642712253409,256,0.939484700071868,0.9901358462505222,0.9918256509349748,0.14013836427781773,1.8061699456584144
frozen_algebraic_replay,127204,matching,0,compatible,adam,0.01,global_projection,ancestry_K6,6,True,2.25806171871237,6,1.0,1.0,1.0,256,1.0,0.9999999999999998,0.9999999999999999,3.9674690518769075e-15,1.8061699456584144
frozen_algebraic_replay,127204,matching,0,compatible,adam,0.01,shuffled_projection,unit_broadcast_fixed,1,False,2.25806171871237,6,-1.7910332451223692,-1.8402305385011433,-1.8458953681828647,256,-2.09619229109031,0.12839796866652078,0.2673778965160001,1.3769767133686865,1.8061699456584144
frozen_algebraic_replay,127204,matching,0,compatible,adam,0.01,shuffled_projection,initial_mean_fixed,1,False,2.25806171871237,6,0.9770409467143504,0.9761969492874631,0.9733596189275258,256,0.976397864828993,0.9904783902289636,0.9921094390429582,0.13768732949256807,1.8061699456584144
frozen_algebraic_replay,127204,matching,0,compatible,adam,0.01,shuffled_projection,initial_mean_projection,1,True,2.25806171871237,6,0.981137097849169,0.9806357049142507,0.9762102451301817,256,0.9784581313838989,0.9906932306099894,0.992280198576635,0.1364875070660486,1.8061699456584144
frozen_algebraic_replay,127204,matching,0,compatible,adam,0.01,shuffled_projection,best_fixed_rank1_q,1,True,2.25806171871237,6,0.9811570834253509,0.9805808731501227,0.9760130714327417,256,0.9782614438535326,0.9906963703055438,0.9922808021962132,0.1365629701612677,1.8061699456584144
frozen_algebraic_replay,127204,matching,0,compatible,adam,0.01,shuffled_projection,best_fixed_rank1_error,1,True,2.25806171871237,6,0.9804540208815383,0.9802854513242832,0.9767095880704458,256,0.9789711768100817,0.9906348042944718,0.9922385619404898,0.13657678753941668,1.8061699456584144
frozen_algebraic_replay,127204,matching,0,compatible,adam,0.01,shuffled_projection,uniform_projection,1,True,2.25806171871237,6,0.05956551414722755,0.05762198961058365,0.053515305762282694,256,0.020338026045007007,0.13207819547587873,0.42940563589106295,0.9917471848551801,1.8061699456584144
frozen_algebraic_replay,127204,matching,0,compatible,adam,0.01,shuffled_projection,ancestry_K2,2,True,2.25806171871237,6,0.06164778149429018,0.05954485367347598,0.0548443653538675,256,0.02604009442504851,0.13756044978527324,0.43122320047668017,0.9907678389894237,1.8061699456584144
frozen_algebraic_replay,127204,matching,0,compatible,adam,0.01,shuffled_projection,ancestry_K3,3,True,2.25806171871237,6,0.6598620480764754,0.6571317447715542,0.6560474734090433,256,0.6459750497784253,0.9178683619894106,0.9284975543212058,0.4353074918651501,1.8061699456584144
frozen_algebraic_replay,127204,matching,0,compatible,adam,0.01,shuffled_projection,ancestry_K4,4,True,2.25806171871237,6,0.9285893516815319,0.9300790301112835,0.9335340740266576,256,0.9383782138564021,0.9902728353436743,0.9919393013721352,0.13915547595456165,1.8061699456584144
frozen_algebraic_replay,127204,matching,0,compatible,adam,0.01,shuffled_projection,ancestry_K5,5,True,2.25806171871237,6,0.9338893088467477,0.9349836868152686,0.9380642712253409,256,0.939484700071868,0.9901358462505222,0.9918256509349748,0.14013836427781773,1.8061699456584144
frozen_algebraic_replay,127204,matching,0,compatible,adam,0.01,shuffled_projection,ancestry_K6,6,True,2.25806171871237,6,1.0,1.0,1.0,256,1.0,0.9999999999999998,0.9999999999999999,3.9674690518769075e-15,1.8061699456584144
frozen_algebraic_replay,127204,matching,0,compatible,adam,0.03,subtree_projection,unit_broadcast_fixed,1,False,2.25806171871237,6,-1.7910332451223692,-1.8402305385011433,-1.8458953681828647,256,-2.09619229109031,0.12839796866652078,0.2673778965160001,1.3769767133686865,1.8061699456584144
frozen_algebraic_replay,127204,matching,0,compatible,adam,0.03,subtree_projection,initial_mean_fixed,1,False,2.25806171871237,6,0.9770409467143504,0.9761969492874631,0.9733596189275258,256,0.976397864828993,0.9904783902289636,0.9921094390429582,0.13768732949256807,1.8061699456584144
frozen_algebraic_replay,127204,matching,0,compatible,adam,0.03,subtree_projection,initial_mean_projection,1,True,2.25806171871237,6,0.981137097849169,0.9806357049142507,0.9762102451301817,256,0.9784581313838989,0.9906932306099894,0.992280198576635,0.1364875070660486,1.8061699456584144
frozen_algebraic_replay,127204,matching,0,compatible,adam,0.03,subtree_projection,best_fixed_rank1_q,1,True,2.25806171871237,6,0.9811570834253509,0.9805808731501227,0.9760130714327417,256,0.9782614438535326,0.9906963703055438,0.9922808021962132,0.1365629701612677,1.8061699456584144
frozen_algebraic_replay,127204,matching,0,compatible,adam,0.03,subtree_projection,best_fixed_rank1_error,1,True,2.25806171871237,6,0.9804540208815383,0.9802854513242832,0.9767095880704458,256,0.9789711768100817,0.9906348042944718,0.9922385619404898,0.13657678753941668,1.8061699456584144
frozen_algebraic_replay,127204,matching,0,compatible,adam,0.03,subtree_projection,uniform_projection,1,True,2.25806171871237,6,0.05956551414722755,0.05762198961058365,0.053515305762282694,256,0.020338026045007007,0.13207819547587873,0.42940563589106295,0.9917471848551801,1.8061699456584144
frozen_algebraic_replay,127204,matching,0,compatible,adam,0.03,subtree_projection,ancestry_K2,2,True,2.25806171871237,6,0.06164778149429018,0.05954485367347598,0.0548443653538675,256,0.02604009442504851,0.13756044978527324,0.43122320047668017,0.9907678389894237,1.8061699456584144
frozen_algebraic_replay,127204,matching,0,compatible,adam,0.03,subtree_projection,ancestry_K3,3,True,2.25806171871237,6,0.6598620480764754,0.6571317447715542,0.6560474734090433,256,0.6459750497784253,0.9178683619894106,0.9284975543212058,0.4353074918651501,1.8061699456584144
frozen_algebraic_replay,127204,matching,0,compatible,adam,0.03,subtree_projection,ancestry_K4,4,True,2.25806171871237,6,0.9285893516815319,0.9300790301112835,0.9335340740266576,256,0.9383782138564021,0.9902728353436743,0.9919393013721352,0.13915547595456165,1.8061699456584144
frozen_algebraic_replay,127204,matching,0,compatible,adam,0.03,subtree_projection,ancestry_K5,5,True,2.25806171871237,6,0.9338893088467477,0.9349836868152686,0.9380642712253409,256,0.939484700071868,0.9901358462505222,0.9918256509349748,0.14013836427781773,1.8061699456584144
frozen_algebraic_replay,127204,matching,0,compatible,adam,0.03,subtree_projection,ancestry_K6,6,True,2.25806171871237,6,1.0,1.0,1.0,256,1.0,0.9999999999999998,0.9999999999999999,3.9674690518769075e-15,1.8061699456584144
frozen_algebraic_replay,127204,matching,1,compatible,sgd,0.03,exact,unit_broadcast_fixed,1,False,2.061099786801442,6,-1.8734953338582394,-1.9263632516756681,-1.9329602121792786,256,-2.271919641036349,0.1290828957100763,0.25339836793672166,1.4224651373813344,1.602578981619134
frozen_algebraic_replay,127204,matching,1,compatible,sgd,0.03,exact,initial_mean_fixed,1,False,2.061099786801442,6,0.9757194119465221,0.9743234841829717,0.9732273983284967,256,0.9751207090283791,0.9905780898837231,0.9920099333739926,0.14195840475316798,1.602578981619134
frozen_algebraic_replay,127204,matching,1,compatible,sgd,0.03,exact,initial_mean_projection,1,True,2.061099786801442,6,0.9811211627756397,0.980712507952001,0.9774971262680364,256,0.9785462330639587,0.9906565000394969,0.9921647430811611,0.13646802619541437,1.602578981619134
frozen_algebraic_replay,127204,matching,1,compatible,sgd,0.03,exact,best_fixed_rank1_q,1,True,2.061099786801442,6,0.9819599833231077,0.9813841583483633,0.977293793531333,256,0.9785880856880401,0.9910002553606434,0.9924443543298286,0.13439103999917235,1.602578981619134
frozen_algebraic_replay,127204,matching,1,compatible,sgd,0.03,exact,best_fixed_rank1_error,1,True,2.061099786801442,6,0.9812251811263144,0.9810352313598281,0.978022399836871,256,0.9793395418700351,0.9909737327845146,0.9924313750768152,0.13409915208996215,1.602578981619134
frozen_algebraic_replay,127204,matching,1,compatible,sgd,0.03,exact,uniform_projection,1,True,2.061099786801442,6,0.06980774302123671,0.06781606748340216,0.06280165193236142,256,0.023138844348813414,0.13186997637258877,0.4170592024157397,0.9924004076443,1.602578981619134
frozen_algebraic_replay,127204,matching,1,compatible,sgd,0.03,exact,ancestry_K2,2,True,2.061099786801442,6,0.07143286119999148,0.06937089717347453,0.06380314688775157,256,0.02833685055866686,0.13691746280406125,0.4187564742292878,0.9915211158716618,1.602578981619134
frozen_algebraic_replay,127204,matching,1,compatible,sgd,0.03,exact,ancestry_K3,3,True,2.061099786801442,6,0.6536020573037991,0.6504157622116091,0.6494761909852467,256,0.635118928084007,0.9142557539934191,0.9249337693064683,0.4417794284482672,1.602578981619134
frozen_algebraic_replay,127204,matching,1,compatible,sgd,0.03,exact,ancestry_K4,4,True,2.061099786801442,6,0.925188665105186,0.9264379807157583,0.9308784351903604,256,0.9343377304564566,0.9899062229806995,0.9915373910744224,0.141749492654081,1.602578981619134
frozen_algebraic_replay,127204,matching,1,compatible,sgd,0.03,exact,ancestry_K5,5,True,2.061099786801442,6,0.9306067351257605,0.9314592613468815,0.9354964029789097,256,0.9354420323746118,0.9896432628697934,0.991316798687418,0.14359043326306747,1.602578981619134
frozen_algebraic_replay,127204,matching,1,compatible,sgd,0.03,exact,ancestry_K6,6,True,2.061099786801442,6,1.0,1.0,1.0,256,1.0,1.0,1.0000000000000002,4.627669797358113e-15,1.602578981619134
frozen_algebraic_replay,127204,matching,1,compatible,sgd,0.03,broadcast,unit_broadcast_fixed,1,False,2.1943825265694943,6,-1.8574851325923913,-1.91602759607762,-1.915778306776848,256,-2.105703183721737,0.17616918535433893,0.30412766591027585,1.3589550553309089,1.7545587659831139
frozen_algebraic_replay,127204,matching,1,compatible,sgd,0.03,broadcast,initial_mean_fixed,1,False,2.1943825265694943,6,0.9736375471690824,0.9722008156625324,0.9706292800700081,256,0.973906068559006,0.9901504161173894,0.9917654214757764,0.14351411622072607,1.7545587659831139
frozen_algebraic_replay,127204,matching,1,compatible,sgd,0.03,broadcast,initial_mean_projection,1,True,2.1943825265694943,6,0.9791687479425298,0.9787524069892944,0.9749067252420737,256,0.9771274581409528,0.9902964722502882,0.99195196795534,0.13910593916958022,1.7545587659831139
frozen_algebraic_replay,127204,matching,1,compatible,sgd,0.03,broadcast,best_fixed_rank1_q,1,True,2.1943825265694943,6,0.9798451404656477,0.9792053658723463,0.9745474264691332,256,0.9769641819044236,0.9905461468397231,0.9921512744996523,0.13768692439398192,1.7545587659831139
frozen_algebraic_replay,127204,matching,1,compatible,sgd,0.03,broadcast,best_fixed_rank1_error,1,True,2.1943825265694943,6,0.9790885453551438,0.9789045278719029,0.9752967007557227,256,0.9777478361029027,0.9904938496096297,0.9921175023594214,0.1375932263956646,1.7545587659831139
frozen_algebraic_replay,127204,matching,1,compatible,sgd,0.03,broadcast,uniform_projection,1,True,2.1943825265694943,6,0.06941313419750605,0.06709590728995124,0.06241973298819892,256,0.03187589086951681,0.17624754360930295,0.4426911510776839,0.9843462914349926,1.7545587659831139
frozen_algebraic_replay,127204,matching,1,compatible,sgd,0.03,broadcast,ancestry_K2,2,True,2.1943825265694943,6,0.0712968318047893,0.06886844372276946,0.06360242924231652,256,0.0372984013272315,0.18064613528001378,0.44413457992802,0.9835644656374872,1.7545587659831139
frozen_algebraic_replay,127204,matching,1,compatible,sgd,0.03,broadcast,ancestry_K3,3,True,2.1943825265694943,6,0.654407929792862,0.6510250004534957,0.6500511001692231,256,0.6415036469680884,0.9176590465511052,0.927452312663508,0.44226079028344195,1.7545587659831139
frozen_algebraic_replay,127204,matching,1,compatible,sgd,0.03,broadcast,ancestry_K4,4,True,2.1943825265694943,6,0.9246917600934621,0.926224701632905,0.929995984227784,256,0.9361355159687383,0.9902315192723381,0.9919005331225149,0.13945147281767065,1.7545587659831139
frozen_algebraic_replay,127204,matching,1,compatible,sgd,0.03,broadcast,ancestry_K5,5,True,2.1943825265694943,6,0.9299454415046665,0.9310556094561108,0.9345024701732288,256,0.9371325873095054,0.990029751068987,0.9917331253223228,0.1408898589243499,1.7545587659831139
frozen_algebraic_replay,127204,matching,1,compatible,sgd,0.03,broadcast,ancestry_K6,6,True,2.1943825265694943,6,1.0,1.0,1.0,256,1.0,1.0000000000000002,1.0,3.752346989687383e-15,1.7545587659831139
frozen_algebraic_replay,127204,matching,1,compatible,sgd,0.03,global_projection,unit_broadcast_fixed,1,False,2.218278191260207,6,-1.8564870567382719,-1.9097677755382572,-1.9143007366460307,256,-2.1661728685843316,0.13583289923930478,0.2745124497769398,1.3876703348152515,1.7534905774859497
frozen_algebraic_replay,127204,matching,1,compatible,sgd,0.03,global_projection,initial_mean_fixed,1,False,2.218278191260207,6,0.9758612749849723,0.9747342282876281,0.9723981890996918,256,0.9755247004663892,0.9902335526313025,0.9919239536349761,0.14067246742733286,1.7534905774859497
frozen_algebraic_replay,127204,matching,1,compatible,sgd,0.03,global_projection,initial_mean_projection,1,True,2.218278191260207,6,0.9804513930227045,0.9800239316781596,0.9758115097031057,256,0.9780459149535394,0.9904423196913019,0.9921163993688605,0.13815408200781443,1.7534905774859497
frozen_algebraic_replay,127204,matching,1,compatible,sgd,0.03,global_projection,best_fixed_rank1_q,1,True,2.218278191260207,6,0.9805897761443871,0.9799798286847352,0.9753218949409979,256,0.9775881869228977,0.99046077684533,0.992125823348785,0.13829771237304017,1.7534905774859497
frozen_algebraic_replay,127204,matching,1,compatible,sgd,0.03,global_projection,best_fixed_rank1_error,1,True,2.218278191260207,6,0.9798524488456765,0.9796811907983984,0.9760521907603585,256,0.9783369608014307,0.9904058573437975,0.9920902324800255,0.13822894631979032,1.7534905774859497
frozen_algebraic_replay,127204,matching,1,compatible,sgd,0.03,global_projection,uniform_projection,1,True,2.218278191260207,6,0.06198166338619715,0.0599024148025972,0.05563191365590581,256,0.022303274857574107,0.13932903585888481,0.43635105604755026,0.9906368862502803,1.7534905774859497
frozen_algebraic_replay,127204,matching,1,compatible,sgd,0.03,global_projection,ancestry_K2,2,True,2.218278191260207,6,0.06415847781284678,0.06190352422043015,0.05700880966943289,256,0.028030172768187533,0.1443460302725534,0.43802457228142744,0.9897170946876794,1.7534905774859497
frozen_algebraic_replay,127204,matching,1,compatible,sgd,0.03,global_projection,ancestry_K3,3,True,2.218278191260207,6,0.6578306828962439,0.6549586617188645,0.6539715254238954,256,0.6439875193738118,0.9170363448566244,0.9280429922611707,0.43759215349637887,1.7534905774859497
frozen_algebraic_replay,127204,matching,1,compatible,sgd,0.03,global_projection,ancestry_K4,4,True,2.218278191260207,6,0.9255804296129713,0.9271935621153671,0.9308265021100675,256,0.9359342510871664,0.98995455678056,0.9917189756599062,0.1414039801666645,1.7534905774859497
frozen_algebraic_replay,127204,matching,1,compatible,sgd,0.03,global_projection,ancestry_K5,5,True,2.218278191260207,6,0.931072373184071,0.9322668088611927,0.9355187691566285,256,0.9370728496371257,0.9897934100782494,0.9915859938048693,0.14254029118537528,1.7534905774859497
frozen_algebraic_replay,127204,matching,1,compatible,sgd,0.03,global_projection,ancestry_K6,6,True,2.218278191260207,6,1.0,1.0,1.0,256,1.0,0.9999999999999999,0.9999999999999999,4.385908114407897e-15,1.7534905774859497
frozen_algebraic_replay,127204,matching,1,compatible,sgd,0.03,subtree_projection,unit_broadcast_fixed,1,False,2.2183399445727123,6,-1.8569760528949635,-1.9102263238989416,-1.9150044467559981,256,-2.1672325508412404,0.1354173018222821,0.2742246520300681,1.3880544984307688,1.7532131454736979
frozen_algebraic_replay,127204,matching,1,compatible,sgd,0.03,subtree_projection,initial_mean_fixed,1,False,2.2183399445727123,6,0.9758530915022683,0.9747258925622504,0.9723740832118504,256,0.9755027168806707,0.9902237026518259,0.9919167613873792,0.14073712499410462,1.7532131454736979
frozen_algebraic_replay,127204,matching,1,compatible,sgd,0.03,subtree_projection,initial_mean_projection,1,True,2.2183399445727123,6,0.9804412241184493,0.9800125844918395,0.97578599827554,256,0.9780234715914566,0.9904324703973637,0.9921090408990438,0.13822775753376731,1.7532131454736979
frozen_algebraic_replay,127204,matching,1,compatible,sgd,0.03,subtree_projection,best_fixed_rank1_q,1,True,2.2183399445727123,6,0.9805786349772543,0.979967455616932,0.9752954671418832,256,0.9775637529696305,0.990450388190614,0.992117989510797,0.13837643461780394,1.7532131454736979
frozen_algebraic_replay,127204,matching,1,compatible,sgd,0.03,subtree_projection,best_fixed_rank1_error,1,True,2.2183399445727123,6,0.9798370215301766,0.9796658125993025,0.9760299895317053,256,0.9783161018078245,0.9903947855213531,0.9920819239136919,0.13830884888826775,1.7532131454736979
frozen_algebraic_replay,127204,matching,1,compatible,sgd,0.03,subtree_projection,uniform_projection,1,True,2.2183399445727123,6,0.061897859901937746,0.05982268296759651,0.05553812643610301,256,0.022154167176401174,0.13882540313929573,0.43629670881499355,0.9907183701384413,1.7532131454736979
frozen_algebraic_replay,127204,matching,1,compatible,sgd,0.03,subtree_projection,ancestry_K2,2,True,2.2183399445727123,6,0.0640787434282385,0.06182687599065541,0.05691661635732548,256,0.027896857085871085,0.14386418796724207,0.43797904435020846,0.9897934105836039,1.7532131454736979
frozen_algebraic_replay,127204,matching,1,compatible,sgd,0.03,subtree_projection,ancestry_K3,3,True,2.2183399445727123,6,0.6578022233169436,0.6549254731345638,0.6539303425136773,256,0.6439136454210803,0.9169771220124823,0.9280082683501931,0.43765396340339346,1.7532131454736979
frozen_algebraic_replay,127204,matching,1,compatible,sgd,0.03,subtree_projection,ancestry_K4,4,True,2.2183399445727123,6,0.9255513553309935,0.9271665279270211,0.9308194753713424,256,0.9359223881716286,0.9899418850363283,0.9917094029709373,0.14149259957689492,1.7532131454736979
frozen_algebraic_replay,127204,matching,1,compatible,sgd,0.03,subtree_projection,ancestry_K5,5,True,2.2183399445727123,6,0.9310479117569262,0.9322444202749014,0.9355139305666138,256,0.9370625171927137,0.989781968830599,0.9915774488402681,0.142619632084571,1.7532131454736979
frozen_algebraic_replay,127204,matching,1,compatible,sgd,0.03,subtree_projection,ancestry_K6,6,True,2.2183399445727123,6,1.0,1.0,1.0,256,1.0,1.0,1.0,4.755210748587165e-15,1.7532131454736979
frozen_algebraic_replay,127204,matching,1,compatible,sgd,0.03,shuffled_projection,unit_broadcast_fixed,1,False,2.1796465116690413,6,-1.86148941643807,-1.9136781026192984,-1.9189267422010938,256,-2.1892508738868948,0.1341828852677219,0.2691653770976598,1.395924522435776,1.7157471831653535
frozen_algebraic_replay,127204,matching,1,compatible,sgd,0.03,shuffled_projection,initial_mean_fixed,1,False,2.1796465116690413,6,0.9761594586089489,0.975012015843644,0.9729565400746358,256,0.9758157270654279,0.9903966611617222,0.9920120072726079,0.1401368435695454,1.7157471831653535
frozen_algebraic_replay,127204,matching,1,compatible,sgd,0.03,shuffled_projection,initial_mean_projection,1,True,2.1796465116690413,6,0.9807992674840993,0.9803926418279287,0.9764533712012612,256,0.9784240176148249,0.990579214150127,0.9921959387040268,0.13712797108943395,1.7157471831653535
frozen_algebraic_replay,127204,matching,1,compatible,sgd,0.03,shuffled_projection,best_fixed_rank1_q,1,True,2.1796465116690413,6,0.981018556335065,0.9804279940269941,0.9759591256298182,256,0.978007178985811,0.9906343556724752,0.9922351758292236,0.13704222525069157,1.7157471831653535
frozen_algebraic_replay,127204,matching,1,compatible,sgd,0.03,shuffled_projection,best_fixed_rank1_error,1,True,2.1796465116690413,6,0.9803087618953733,0.9801380130601356,0.9766624213833103,256,0.9787271246168658,0.9905784107310516,0.9921982083225711,0.13698850652801295,1.7157471831653535
frozen_algebraic_replay,127204,matching,1,compatible,sgd,0.03,shuffled_projection,uniform_projection,1,True,2.1796465116690413,6,0.06356343266174258,0.06152906946905597,0.05716975921245404,256,0.02254911007763527,0.13764372856034823,0.431600805819821,0.9910086606663469,1.7157471831653535
frozen_algebraic_replay,127204,matching,1,compatible,sgd,0.03,shuffled_projection,ancestry_K2,2,True,2.1796465116690413,6,0.06555152015490529,0.06337224537214249,0.05840698356697016,256,0.02806736949841504,0.14264702764732132,0.4332963496001753,0.9900884147186036,1.7157471831653535
frozen_algebraic_replay,127204,matching,1,compatible,sgd,0.03,shuffled_projection,ancestry_K3,3,True,2.1796465116690413,6,0.6566146154408754,0.6537329467666936,0.6527691143937814,256,0.6419547099051445,0.9164734819048341,0.9273719549621687,0.4383906360013371,1.7157471831653535
frozen_algebraic_replay,127204,matching,1,compatible,sgd,0.03,shuffled_projection,ancestry_K4,4,True,2.1796465116690413,6,0.9252000710734942,0.926790332502933,0.9304086988930508,256,0.9352264336525452,0.989845257418225,0.9915921431416496,0.1421683441647699,1.7157471831653535
frozen_algebraic_replay,127204,matching,1,compatible,sgd,0.03,shuffled_projection,ancestry_K5,5,True,2.1796465116690413,6,0.9307992621729584,0.9319727964978219,0.9352066098605675,256,0.9364309404416763,0.9896751238801323,0.991451130831907,0.14336137995606316,1.7157471831653535
frozen_algebraic_replay,127204,matching,1,compatible,sgd,0.03,shuffled_projection,ancestry_K6,6,True,2.1796465116690413,6,1.0,1.0,1.0,256,1.0,1.0,1.0,4.137400426256127e-15,1.7157471831653535
frozen_algebraic_replay,127204,matching,1,compatible,adam,0.003,broadcast,unit_broadcast_fixed,1,False,2.2463114122229677,6,-1.7937962941711239,-1.8441648646459776,-1.851139790430643,256,-2.098903554642531,0.13266858179658947,0.2706995819793059,1.3766282700991315,1.7962207653892444
frozen_algebraic_replay,127204,matching,1,compatible,adam,0.003,broadcast,initial_mean_fixed,1,False,2.2463114122229677,6,0.9766895990190188,0.9758388405037873,0.9732308168588314,256,0.9761757712849317,0.9905211548537224,0.9921472687695279,0.13738104219613204,1.7962207653892444
frozen_algebraic_replay,127204,matching,1,compatible,adam,0.003,broadcast,initial_mean_projection,1,True,2.2463114122229677,6,0.9808593502994052,0.9804170648007173,0.9761470702929461,256,0.9782917324622993,0.9907095406472752,0.9922976812310383,0.13629091963998013,1.7962207653892444
frozen_algebraic_replay,127204,matching,1,compatible,adam,0.003,broadcast,best_fixed_rank1_q,1,True,2.2463114122229677,6,0.9809314294697034,0.9803556311412636,0.9757771043393983,256,0.9779367752450969,0.9907166569656544,0.9922998160426021,0.136424307858143,1.7962207653892444
frozen_algebraic_replay,127204,matching,1,compatible,adam,0.003,broadcast,best_fixed_rank1_error,1,True,2.2463114122229677,6,0.9801826577286433,0.9800285638067072,0.9765188959815522,256,0.9786943265108915,0.9906679161157613,0.9922684898373441,0.13633150792883605,1.7962207653892444
frozen_algebraic_replay,127204,matching,1,compatible,adam,0.003,broadcast,uniform_projection,1,True,2.2463114122229677,6,0.06154240037631431,0.05955141681367683,0.055094765845608795,256,0.021912175001735035,0.13661081215680285,0.4310016698033034,0.9910586375839701,1.7962207653892444
frozen_algebraic_replay,127204,matching,1,compatible,adam,0.003,broadcast,ancestry_K2,2,True,2.2463114122229677,6,0.06360233247633396,0.06144869787931226,0.056379678309744885,256,0.027486171938761572,0.14127536470621108,0.43258405796421,0.9902019307541609,1.7962207653892444
frozen_algebraic_replay,127204,matching,1,compatible,adam,0.003,broadcast,ancestry_K3,3,True,2.2463114122229677,6,0.660691991352945,0.6577098619346969,0.6565821551812012,256,0.6465146937597143,0.9182867522686595,0.9287865163440208,0.4350241632557854,1.7962207653892444
frozen_algebraic_replay,127204,matching,1,compatible,adam,0.003,broadcast,ancestry_K4,4,True,2.2463114122229677,6,0.9278571232001612,0.9293078456194458,0.9330816439756018,256,0.938031192969025,0.9904367029932993,0.9920774401442635,0.13798487525885014,1.7962207653892444
frozen_algebraic_replay,127204,matching,1,compatible,adam,0.003,broadcast,ancestry_K5,5,True,2.2463114122229677,6,0.9332079959421037,0.9342563634157918,0.9376393068940475,256,0.9391270473020735,0.9902755301851657,0.9919437968610113,0.1391488380559418,1.7962207653892444
frozen_algebraic_replay,127204,matching,1,compatible,adam,0.003,broadcast,ancestry_K6,6,True,2.2463114122229677,6,1.0,1.0,1.0,256,1.0,1.0,1.0,4.227233411784513e-15,1.7962207653892444
frozen_algebraic_replay,127204,matching,1,compatible,adam,0.01,exact,unit_broadcast_fixed,1,False,2.175782881099235,6,-1.810830113845427,-1.862369987437353,-1.8813141007820553,256,-2.1346439608918892,0.12385978055885291,0.2598010117337434,1.3979828347639744,1.724745515160478
frozen_algebraic_replay,127204,matching,1,compatible,adam,0.01,exact,initial_mean_fixed,1,False,2.175782881099235,6,0.9768944629316946,0.9759283135433612,0.9739064424523537,256,0.9764275485381629,0.9907818308019549,0.9923348900128913,0.13621790948263293,1.724745515160478
frozen_algebraic_replay,127204,matching,1,compatible,adam,0.01,exact,initial_mean_projection,1,True,2.175782881099235,6,0.981405397985017,0.9810325877682617,0.9771547685399762,256,0.9788803796472986,0.9908756481502865,0.9924220628927215,0.13503161482231213,1.724745515160478
frozen_algebraic_replay,127204,matching,1,compatible,adam,0.01,exact,best_fixed_rank1_q,1,True,2.175782881099235,6,0.9816884732758521,0.981102027529198,0.9764507878524364,256,0.9782222616984402,0.9908587192650353,0.9924007022222471,0.13552154550201287,1.724745515160478
frozen_algebraic_replay,127204,matching,1,compatible,adam,0.01,exact,best_fixed_rank1_error,1,True,2.175782881099235,6,0.9806242887349476,0.9804998598983125,0.9775051884519846,256,0.9793189096148157,0.9909153798381716,0.9924594418281019,0.1345146008612376,1.724745515160478
frozen_algebraic_replay,127204,matching,1,compatible,adam,0.01,exact,uniform_projection,1,True,2.175782881099235,6,0.06559336774356817,0.06377304708780188,0.057671387221237436,256,0.02366816332083066,0.12662796803072338,0.42590584456653807,0.9928510934402857,1.724745515160478
frozen_algebraic_replay,127204,matching,1,compatible,adam,0.01,exact,ancestry_K2,2,True,2.175782881099235,6,0.067497841421994,0.06553003429777815,0.05882022849498947,256,0.029709563478233503,0.13117578629256535,0.4275524652405287,0.9919592479725533,1.724745515160478
frozen_algebraic_replay,127204,matching,1,compatible,adam,0.01,exact,ancestry_K3,3,True,2.175782881099235,6,0.6629063515987812,0.6594756047614829,0.6581270029378248,256,0.6473722249345464,0.9177798930496854,0.9283964821628348,0.4350018936772458,1.724745515160478
frozen_algebraic_replay,127204,matching,1,compatible,adam,0.01,exact,ancestry_K4,4,True,2.175782881099235,6,0.9278753714522227,0.9291719900827059,0.9352463530149139,256,0.9402690294983775,0.9913893774932697,0.9928527060366538,0.13096779728180913,1.724745515160478
frozen_algebraic_replay,127204,matching,1,compatible,adam,0.01,exact,ancestry_K5,5,True,2.175782881099235,6,0.9330260601179988,0.9339556887313024,0.9395415352147752,256,0.9412784364821,0.9911785975093327,0.9926776359419022,0.13256693721352064,1.724745515160478
frozen_algebraic_replay,127204,matching,1,compatible,adam,0.01,exact,ancestry_K6,6,True,2.175782881099235,6,1.0,1.0,1.0,256,1.0,1.0,1.0,3.903161666113841e-15,1.724745515160478
frozen_algebraic_replay,127204,matching,1,compatible,adam,0.01,global_projection,unit_broadcast_fixed,1,False,2.2192508791818506,6,-1.799508338608507,-1.8526990516487656,-1.8626513603195676,256,-2.0873059182192537,0.14226057043314774,0.2782199514074092,1.376178579761204,1.7730680084491275
frozen_algebraic_replay,127204,matching,1,compatible,adam,0.01,global_projection,initial_mean_fixed,1,False,2.2192508791818506,6,0.9754405967648143,0.9745594171099942,0.9725797418607505,256,0.9754026048367926,0.9905845103067105,0.9921941890152151,0.13754971836276114,1.7730680084491275
frozen_algebraic_replay,127204,matching,1,compatible,adam,0.01,global_projection,initial_mean_projection,1,True,2.2192508791818506,6,0.9799110717481515,0.9796060706620053,0.9757755460671939,256,0.9777755791580356,0.9907071816325849,0.9923053004890541,0.13616109893548684,1.7730680084491275
frozen_algebraic_replay,127204,matching,1,compatible,adam,0.01,global_projection,best_fixed_rank1_q,1,True,2.2192508791818506,6,0.9802726550453891,0.9796936970230834,0.9750942488358073,256,0.9771407633794789,0.9907249783646375,0.9923128636228569,0.13638429179291292,1.7730680084491275
frozen_algebraic_replay,127204,matching,1,compatible,adam,0.01,global_projection,best_fixed_rank1_error,1,True,2.2192508791818506,6,0.9794093980415773,0.9792847688112716,0.9759494182543914,256,0.9780152236865085,0.9907101956459969,0.992310311530204,0.13601347193915617,1.7730680084491275
frozen_algebraic_replay,127204,matching,1,compatible,adam,0.01,global_projection,uniform_projection,1,True,2.2192508791818506,6,0.06631953318905226,0.0642386461218579,0.058851825664260615,256,0.02686601234673991,0.14673624488410625,0.43479045265274213,0.989469499678695,1.7730680084491275
frozen_algebraic_replay,127204,matching,1,compatible,adam,0.01,global_projection,ancestry_K2,2,True,2.2192508791818506,6,0.0683581889597088,0.0661068338444012,0.06007981766430537,256,0.032220699785078466,0.1497334157347374,0.4358713075300081,0.9888768062137194,1.7730680084491275
frozen_algebraic_replay,127204,matching,1,compatible,adam,0.01,global_projection,ancestry_K3,3,True,2.2192508791818506,6,0.6626705714691787,0.6590594392697493,0.6578331080842623,256,0.6484845064346956,0.9192041691013654,0.9294235460554282,0.43443792642468276,1.7730680084491275
frozen_algebraic_replay,127204,matching,1,compatible,adam,0.01,global_projection,ancestry_K4,4,True,2.2192508791818506,6,0.9261101791217092,0.9274645255486673,0.9319798233936355,256,0.9375143278372853,0.9908080228874936,0.9923913155695105,0.13529425249854826,1.7730680084491275
frozen_algebraic_replay,127204,matching,1,compatible,adam,0.01,global_projection,ancestry_K5,5,True,2.2192508791818506,6,0.9315856566000871,0.9325212663477671,0.9366097765491483,256,0.938589673873096,0.9905932751907066,0.9922134501477577,0.13687094333988503,1.7730680084491275
frozen_algebraic_replay,127204,matching,1,compatible,adam,0.01,global_projection,ancestry_K6,6,True,2.2192508791818506,6,1.0,1.0,1.0,256,1.0,0.9999999999999999,0.9999999999999999,4.4422847591181285e-15,1.7730680084491275
frozen_algebraic_replay,127204,matching,1,compatible,adam,0.01,shuffled_projection,unit_broadcast_fixed,1,False,2.1796291620123474,6,-1.8195596039497501,-1.8658776219754358,-1.8793520021004606,256,-2.168560673570608,0.12175647873529233,0.25677404350098076,1.4013602669128191,1.7189382718628716
frozen_algebraic_replay,127204,matching,1,compatible,adam,0.01,shuffled_projection,initial_mean_fixed,1,False,2.1796291620123474,6,0.9776680862432112,0.9769091517965578,0.974989248176553,256,0.9774018087435714,0.9908082889094256,0.9923469035536026,0.13596138483737066,1.7189382718628716
frozen_algebraic_replay,127204,matching,1,compatible,adam,0.01,shuffled_projection,initial_mean_projection,1,True,2.1796291620123474,6,0.9816444450135117,0.981353488764561,0.9778117491677709,256,0.9794800070851426,0.990939591660958,0.992466402019645,0.13444251559166295,1.7189382718628716
frozen_algebraic_replay,127204,matching,1,compatible,adam,0.01,shuffled_projection,best_fixed_rank1_q,1,True,2.1796291620123474,6,0.9819833498783722,0.9814745665400465,0.9772413615012409,256,0.97896676212176,0.9909652853420537,0.9924811160995025,0.13458987400891967,1.7189382718628716
frozen_algebraic_replay,127204,matching,1,compatible,adam,0.01,shuffled_projection,best_fixed_rank1_error,1,True,2.1796291620123474,6,0.9812260230441713,0.9811230353386102,0.9779921697736658,256,0.9797208762919902,0.9909457379557055,0.9924736010214432,0.1342895083495712,1.7189382718628716
frozen_algebraic_replay,127204,matching,1,compatible,adam,0.01,shuffled_projection,uniform_projection,1,True,2.1796291620123474,6,0.06333549130710447,0.06163487189128576,0.05668436157122214,256,0.021610091185586322,0.1280938918891218,0.4249285897044103,0.9926256513328924,1.7189382718628716
frozen_algebraic_replay,127204,matching,1,compatible,adam,0.01,shuffled_projection,ancestry_K2,2,True,2.1796291620123474,6,0.0649675485667075,0.06316043830199854,0.057654159988391296,256,0.026604257593971115,0.13151874225660212,0.42616484762298035,0.991959329712482,1.7189382718628716
frozen_algebraic_replay,127204,matching,1,compatible,adam,0.01,shuffled_projection,ancestry_K3,3,True,2.1796291620123474,6,0.6603681729141333,0.6573066391900287,0.6564472842054425,256,0.6456043377549776,0.9182101367346528,0.9287333864122008,0.4335672092031081,1.7189382718628716
frozen_algebraic_replay,127204,matching,1,compatible,adam,0.01,shuffled_projection,ancestry_K4,4,True,2.1796291620123474,6,0.9242298303515656,0.9259569679824061,0.9302509632365783,256,0.9353288513025175,0.99038774118688,0.9920103196053762,0.13833758904484067,1.7189382718628716
frozen_algebraic_replay,127204,matching,1,compatible,adam,0.01,shuffled_projection,ancestry_K5,5,True,2.1796291620123474,6,0.9298822487135112,0.9312310261648067,0.9350914494127041,256,0.9365109203505546,0.9902257636090755,0.9918755428185185,0.1395054004520961,1.7189382718628716
frozen_algebraic_replay,127204,matching,1,compatible,adam,0.01,shuffled_projection,ancestry_K6,6,True,2.1796291620123474,6,1.0,1.0,1.0,256,1.0,1.0,1.0,4.07070519888136e-15,1.7189382718628716
frozen_algebraic_replay,127204,matching,1,compatible,adam,0.03,subtree_projection,unit_broadcast_fixed,1,False,2.143786822057445,6,-1.8103722395842428,-1.8716728816725008,-1.8915550486159276,256,-2.061735411754551,0.16832641552071284,0.2988339226994131,1.3765327277142618,1.7087356735707264
frozen_algebraic_replay,127204,matching,1,compatible,adam,0.03,subtree_projection,initial_mean_fixed,1,False,2.143786822057445,6,0.9687982105268792,0.9677036489356813,0.9683626235035738,256,0.9706512951625696,0.9905314978417817,0.9920479233284815,0.14445247911921122,1.7087356735707264
frozen_algebraic_replay,127204,matching,1,compatible,adam,0.03,subtree_projection,initial_mean_projection,1,True,2.143786822057445,6,0.9750173101297335,0.9750876266617348,0.9731803879493972,256,0.9746635227721585,0.9904607892092917,0.9921275795318474,0.13779955645116698,1.7087356735707264
frozen_algebraic_replay,127204,matching,1,compatible,adam,0.03,subtree_projection,best_fixed_rank1_q,1,True,2.143786822057445,6,0.9775693966735897,0.9769477932737589,0.9723112667104676,256,0.9738844746388498,0.9904914286274678,0.9921414652399568,0.13812835456661163,1.7087356735707264
frozen_algebraic_replay,127204,matching,1,compatible,adam,0.03,subtree_projection,best_fixed_rank1_error,1,True,2.143786822057445,6,0.9762912111950586,0.9762217613950199,0.9735772343675813,256,0.9751731399241128,0.990618107617602,0.9922573366660251,0.13666221187330052,1.7087356735707264
frozen_algebraic_replay,127204,matching,1,compatible,adam,0.03,subtree_projection,uniform_projection,1,True,2.143786822057445,6,0.08122894074207687,0.07896043500020443,0.07020331982620542,256,0.04135898597901433,0.17464240905964587,0.4462813542522071,0.984684581425479,1.7087356735707264
frozen_algebraic_replay,127204,matching,1,compatible,adam,0.03,subtree_projection,ancestry_K2,2,True,2.143786822057445,6,0.08337296211270406,0.08091896936101914,0.07154136902708508,256,0.04641001819931545,0.1742451250000744,0.44621164795429685,0.9847175019202619,1.7087356735707264
frozen_algebraic_replay,127204,matching,1,compatible,adam,0.03,subtree_projection,ancestry_K3,3,True,2.143786822057445,6,0.6685134432630129,0.6629397565422475,0.6610801887773786,256,0.6535462147358841,0.9213809018138674,0.9309113269847328,0.4334970683368097,1.7087356735707264
frozen_algebraic_replay,127204,matching,1,compatible,adam,0.03,subtree_projection,ancestry_K4,4,True,2.143786822057445,6,0.9208121335582077,0.9218361194022456,0.9285543910527734,256,0.9354679512724714,0.9917992874164946,0.9932310125389028,0.12783037619573978,1.7087356735707264
frozen_algebraic_replay,127204,matching,1,compatible,adam,0.03,subtree_projection,ancestry_K5,5,True,2.143786822057445,6,0.9266932584556995,0.9272540094695818,0.9334514179163217,256,0.9365682709892744,0.9914556785692168,0.992947297505223,0.130485925736503,1.7087356735707264
frozen_algebraic_replay,127204,matching,1,compatible,adam,0.03,subtree_projection,ancestry_K6,6,True,2.143786822057445,6,1.0,1.0,1.0,256,1.0,1.0000000000000002,1.0,4.0302386242795555e-15,1.7087356735707264
frozen_algebraic_replay,127204,matching,16,compatible,sgd,0.03,exact,unit_broadcast_fixed,1,False,1.0707896173478177,6,-2.2239495682890147,-2.310989415962864,-2.2356021831424977,256,-3.540047447613559,0.2419313069991473,0.258301054283039,2.0125700548042755,0.5940086427455313
frozen_algebraic_replay,127204,matching,16,compatible,sgd,0.03,exact,initial_mean_fixed,1,False,1.0707896173478177,6,0.7642915076381884,0.7519300674384779,0.7699030156224638,256,0.6863562932581009,0.9306916617478582,0.9308581322577552,0.639695455174092,0.5940086427455313
frozen_algebraic_replay,127204,matching,16,compatible,sgd,0.03,exact,initial_mean_projection,1,True,1.0707896173478177,6,0.8837623735348469,0.8826244502631312,0.8869515452025454,256,0.8499812899361692,0.9296446896598686,0.9326137276843253,0.39334881353007206,0.5940086427455313
frozen_algebraic_replay,127204,matching,16,compatible,sgd,0.03,exact,best_fixed_rank1_q,1,True,1.0707896173478177,6,0.9891265367799482,0.9885576664848357,0.9896575599040395,256,0.9862463901963198,0.9965201141512373,0.9966800519699577,0.08360394711034712,0.5940086427455313
frozen_algebraic_replay,127204,matching,16,compatible,sgd,0.03,exact,best_fixed_rank1_error,1,True,1.0707896173478177,6,0.9890913468298432,0.9885352893490309,0.9896927608327102,256,0.9862775978297126,0.9965071905104391,0.9966682758206241,0.08361259228154026,0.5940086427455313
frozen_algebraic_replay,127204,matching,16,compatible,sgd,0.03,exact,uniform_projection,1,True,1.0707896173478177,6,0.2378371135000238,0.23509164401350693,0.23416967295651325,256,0.12907674664910107,0.2370755509929654,0.3008010755995862,0.9989535766672227,0.5940086427455313
frozen_algebraic_replay,127204,matching,16,compatible,sgd,0.03,exact,ancestry_K2,2,True,1.0707896173478177,6,0.2512140178573564,0.2492936277078956,0.24734606671859705,256,0.13309379397683863,0.2437621717849947,0.3035721485367632,1.0061402158059332,0.5940086427455313
frozen_algebraic_replay,127204,matching,16,compatible,sgd,0.03,exact,ancestry_K3,3,True,1.0707896173478177,6,0.655704117875577,0.6512531007170415,0.6544194804820862,256,0.5895631382760798,0.8626737112454949,0.8692317320060973,0.5120673868819924,0.5940086427455313
frozen_algebraic_replay,127204,matching,16,compatible,sgd,0.03,exact,ancestry_K4,4,True,1.0707896173478177,6,0.8860215657849005,0.88306449728577,0.8877238536541167,256,0.8662552897196709,0.9637735502692012,0.9654600547522264,0.26796462700974083,0.5940086427455313
frozen_algebraic_replay,127204,matching,16,compatible,sgd,0.03,exact,ancestry_K5,5,True,1.0707896173478177,6,0.8919361666295015,0.8885425198743946,0.893389013408065,256,0.8668073182041801,0.9605902769790569,0.9624235643944697,0.27960145331897124,0.5940086427455313
frozen_algebraic_replay,127204,matching,16,compatible,sgd,0.03,exact,ancestry_K6,6,True,1.0707896173478177,6,1.0,1.0,1.0,256,1.0,0.9999999999999997,1.0,5.347368414709332e-15,0.5940086427455313
frozen_algebraic_replay,127204,matching,16,compatible,sgd,0.03,broadcast,unit_broadcast_fixed,1,False,0.9884948292072266,6,-2.2026809631793296,-2.3715436458429915,-2.213787015631276,256,-1.2985857389505417,0.6810961613015714,0.6838651561493301,1.0876272883601978,0.9698495422321581
frozen_algebraic_replay,127204,matching,16,compatible,sgd,0.03,broadcast,initial_mean_fixed,1,False,0.9884948292072266,6,0.5309485379681635,0.4989630393586112,0.537125759496832,256,0.6483801393442961,0.9345168259452219,0.9347709176276517,0.551881138101966,0.9698495422321581
frozen_algebraic_replay,127204,matching,16,compatible,sgd,0.03,broadcast,initial_mean_projection,1,True,0.9884948292072266,6,0.7720360667370287,0.7703483693133881,0.7752114521438809,256,0.8248399986795121,0.9342031904799477,0.9352173380011618,0.3615032609311686,0.9698495422321581
frozen_algebraic_replay,127204,matching,16,compatible,sgd,0.03,broadcast,best_fixed_rank1_q,1,True,0.9884948292072266,6,0.9857307543408784,0.9844701916597021,0.987405203713375,256,0.989746743614607,0.9989078356396847,0.998924654223698,0.04677877971849006,0.9698495422321581
frozen_algebraic_replay,127204,matching,16,compatible,sgd,0.03,broadcast,best_fixed_rank1_error,1,True,0.9884948292072266,6,0.9857042483955847,0.9844981202559407,0.9874317864480522,256,0.9897967116448236,0.9989222540725218,0.9989388869582264,0.046417871286246803,0.9698495422321581
frozen_algebraic_replay,127204,matching,16,compatible,sgd,0.03,broadcast,uniform_projection,1,True,0.9884948292072266,6,0.35183921031983256,0.3460368733114596,0.3479703885396559,256,0.3704110395223874,0.6785593682176633,0.6795164393329561,0.7865115614456818,0.9698495422321581
frozen_algebraic_replay,127204,matching,16,compatible,sgd,0.03,broadcast,ancestry_K2,2,True,0.9884948292072266,6,0.3744624096052096,0.36952997715770447,0.3708458135138556,256,0.4236704649997487,0.7191348793220931,0.7210195077308187,0.7427547145728727,0.9698495422321581
frozen_algebraic_replay,127204,matching,16,compatible,sgd,0.03,broadcast,ancestry_K3,3,True,0.9884948292072266,6,0.650045611632805,0.6423383452905506,0.6479056463158078,256,0.7014971985703025,0.9453084606089843,0.9444419085555767,0.4445841420786145,0.9698495422321581
frozen_algebraic_replay,127204,matching,16,compatible,sgd,0.03,broadcast,ancestry_K4,4,True,0.9884948292072266,6,0.8825809838871156,0.8749772604649795,0.8827211186306196,256,0.9213723259406184,0.9862827954583556,0.9864952666153107,0.1652944854689521,0.9698495422321581
frozen_algebraic_replay,127204,matching,16,compatible,sgd,0.03,broadcast,ancestry_K5,5,True,0.9884948292072266,6,0.8873824005085048,0.8793085448816708,0.8873102970600596,256,0.9219865642469299,0.9853366228660737,0.985563641332456,0.1709413398040243,0.9698495422321581
frozen_algebraic_replay,127204,matching,16,compatible,sgd,0.03,broadcast,ancestry_K6,6,True,0.9884948292072266,6,1.0,1.0,1.0,256,1.0,1.0000000000000002,1.0,2.6077813905826224e-15,0.9698495422321581
frozen_algebraic_replay,127204,matching,16,compatible,sgd,0.03,global_projection,unit_broadcast_fixed,1,False,1.6826815270242217,6,-3.4107990091126945,-3.627996732330298,-3.5066844976229037,256,-3.850581930696597,0.24555249391337994,0.37374490364383356,1.6756155273829345,1.0570775212003134
frozen_algebraic_replay,127204,matching,16,compatible,sgd,0.03,global_projection,initial_mean_fixed,1,False,1.6826815270242217,6,0.7806114111965637,0.7615862779456879,0.7824443414245241,256,0.7775000009968014,0.9814036224631076,0.9749623122108587,0.4927589876816322,1.0570775212003134
frozen_algebraic_replay,127204,matching,16,compatible,sgd,0.03,global_projection,initial_mean_projection,1,True,1.6826815270242217,6,0.9428042633468746,0.9463212795858542,0.9444101012810351,256,0.9498907283218219,0.981613568708903,0.9863163176918875,0.19347069047406862,1.0570775212003134
frozen_algebraic_replay,127204,matching,16,compatible,sgd,0.03,global_projection,best_fixed_rank1_q,1,True,1.6826815270242217,6,0.9689456476993932,0.9670588069399636,0.9620010364888667,256,0.9639586841753744,0.9852970163085046,0.9890854078927633,0.17207408020157425,1.0570775212003134
frozen_algebraic_replay,127204,matching,16,compatible,sgd,0.03,global_projection,best_fixed_rank1_error,1,True,1.6826815270242217,6,0.9682036533383143,0.967355709608792,0.9627335801381364,256,0.9648890781119498,0.9850912226210577,0.9889691997797949,0.17224300475129428,1.0570775212003134
frozen_algebraic_replay,127204,matching,16,compatible,sgd,0.03,global_projection,uniform_projection,1,True,1.6826815270242217,6,0.10899198027637358,0.10288012171299969,0.10007627884205217,256,0.060922912645488325,0.24720426924288003,0.551700114702254,0.9690074610432664,1.0570775212003134
frozen_algebraic_replay,127204,matching,16,compatible,sgd,0.03,global_projection,ancestry_K2,2,True,1.6826815270242217,6,0.11528909515340258,0.10826975268460998,0.10435171369117135,256,0.06810318783315439,0.24492101369189143,0.550745119106076,0.969761849942158,1.0570775212003134
frozen_algebraic_replay,127204,matching,16,compatible,sgd,0.03,global_projection,ancestry_K3,3,True,1.6826815270242217,6,0.6193319545072065,0.6148533316103599,0.6158185306442532,256,0.6069667787442357,0.8980293344058512,0.9199145480484215,0.4773610543562059,1.0570775212003134
frozen_algebraic_replay,127204,matching,16,compatible,sgd,0.03,global_projection,ancestry_K4,4,True,1.6826815270242217,6,0.8572060330546147,0.8629105708584017,0.8635030386434486,256,0.8733744278636929,0.9770431324596913,0.9830396235411822,0.2131435716607969,1.0570775212003134
frozen_algebraic_replay,127204,matching,16,compatible,sgd,0.03,global_projection,ancestry_K5,5,True,1.6826815270242217,6,0.8670004653595527,0.8716104506491056,0.8721773071519411,256,0.8753535271522478,0.9762721517917591,0.9824690258186912,0.21671614999603706,1.0570775212003134
frozen_algebraic_replay,127204,matching,16,compatible,sgd,0.03,global_projection,ancestry_K6,6,True,1.6826815270242217,6,1.0,1.0,1.0,256,1.0,1.0,1.0000000000000002,4.232301832608107e-15,1.0570775212003134
frozen_algebraic_replay,127204,matching,16,compatible,sgd,0.03,subtree_projection,unit_broadcast_fixed,1,False,1.6840411652552987,6,-3.4211565347587296,-3.6410806301522767,-3.5227893106379113,256,-3.8754491401982776,0.23755764173207036,0.3688299879295508,1.6857620996757432,1.0532328919766658
frozen_algebraic_replay,127204,matching,16,compatible,sgd,0.03,subtree_projection,initial_mean_fixed,1,False,1.6840411652552987,6,0.78021792651736,0.7609511215487783,0.7817402038731451,256,0.7772665541177836,0.9810408889775454,0.9746369625386523,0.4934402089223674,1.0532328919766658
frozen_algebraic_replay,127204,matching,16,compatible,sgd,0.03,subtree_projection,initial_mean_projection,1,True,1.6840411652552987,6,0.942393283230301,0.9459315995393058,0.9439750926211501,256,0.9494170480859113,0.9812663666199076,0.9861243871510307,0.19512233075720106,1.0532328919766658
frozen_algebraic_replay,127204,matching,16,compatible,sgd,0.03,subtree_projection,best_fixed_rank1_q,1,True,1.6840411652552987,6,0.9683587052890905,0.9663719444602645,0.96100412183752,256,0.9629683757366121,0.9848613567067566,0.9888059931166236,0.174738835259225,1.0532328919766658
frozen_algebraic_replay,127204,matching,16,compatible,sgd,0.03,subtree_projection,best_fixed_rank1_error,1,True,1.6840411652552987,6,0.9675487640224214,0.9666653857285572,0.9618031250358373,256,0.9639716470842771,0.9846339630190158,0.9886800196018009,0.1748888004322336,1.0532328919766658
frozen_algebraic_replay,127204,matching,16,compatible,sgd,0.03,subtree_projection,uniform_projection,1,True,1.6840411652552987,6,0.10735731784512237,0.1012401214564082,0.09817456335799224,256,0.05795495331570921,0.23828023622471062,0.5516150984380499,0.9711988434350047,1.0532328919766658
frozen_algebraic_replay,127204,matching,16,compatible,sgd,0.03,subtree_projection,ancestry_K2,2,True,1.6840411652552987,6,0.11400613299842077,0.10692631314030113,0.10270920300651132,256,0.0656675960920663,0.23653709551250476,0.5509403299183702,0.9717308454131508,1.0532328919766658
frozen_algebraic_replay,127204,matching,16,compatible,sgd,0.03,subtree_projection,ancestry_K3,3,True,1.6840411652552987,6,0.6195402313709565,0.6149665787571105,0.6159114390111797,256,0.6063095127609521,0.8968840461068719,0.9196062707972948,0.47832130968159886,1.0532328919766658
frozen_algebraic_replay,127204,matching,16,compatible,sgd,0.03,subtree_projection,ancestry_K4,4,True,1.6840411652552987,6,0.8564805100876676,0.8623178581935499,0.8631319555015953,256,0.8725167622016032,0.9764670944067824,0.9826924819525209,0.21576428454910287,1.0532328919766658
frozen_algebraic_replay,127204,matching,16,compatible,sgd,0.03,subtree_projection,ancestry_K5,5,True,1.6840411652552987,6,0.866435220989163,0.871156259644484,0.8719193879315709,256,0.8746089972424067,0.9757268917268619,0.982147029228692,0.21915526658051476,1.0532328919766658
frozen_algebraic_replay,127204,matching,16,compatible,sgd,0.03,subtree_projection,ancestry_K6,6,True,1.6840411652552987,6,1.0,1.0,1.0,256,1.0,1.0,1.0000000000000002,3.923309527301813e-15,1.0532328919766658
frozen_algebraic_replay,127204,matching,16,compatible,sgd,0.03,shuffled_projection,unit_broadcast_fixed,1,False,1.4914390620853826,6,-3.0747829650399066,-3.207691184895812,-3.1298333569407184,256,-3.6688388064564137,0.2402031618541346,0.3201200262744533,1.7242959223314465,0.9258274436854408
frozen_algebraic_replay,127204,matching,16,compatible,sgd,0.03,shuffled_projection,initial_mean_fixed,1,False,1.4914390620853826,6,0.80829336308089,0.7965359059014898,0.8121699548817639,256,0.7995102558811209,0.9807341777319715,0.9767626272297478,0.470071845902109,0.9258274436854408
frozen_algebraic_replay,127204,matching,16,compatible,sgd,0.03,shuffled_projection,initial_mean_projection,1,True,1.4914390620853826,6,0.9454923491120547,0.9474285157908799,0.9481088984551066,256,0.9478428438825147,0.9805974933130109,0.9838465542489615,0.19994690310193772,0.9258274436854408
frozen_algebraic_replay,127204,matching,16,compatible,sgd,0.03,shuffled_projection,best_fixed_rank1_q,1,True,1.4914390620853826,6,0.9796367458584988,0.9787814810481902,0.9772180396120478,256,0.9771043226159266,0.990818386561084,0.9923863515431032,0.13589378278370964,0.9258274436854408
frozen_algebraic_replay,127204,matching,16,compatible,sgd,0.03,shuffled_projection,best_fixed_rank1_error,1,True,1.4914390620853826,6,0.9793680270749593,0.9788882125670187,0.9774857451810787,256,0.9774003098431692,0.9907099859123892,0.9923070054186742,0.13617638360623419,0.9258274436854408
frozen_algebraic_replay,127204,matching,16,compatible,sgd,0.03,shuffled_projection,uniform_projection,1,True,1.4914390620853826,6,0.13223594605695477,0.12818432116218784,0.12543024894776955,256,0.07523028864974002,0.23950066916950194,0.46724066880702675,0.9716124724976312,0.9258274436854408
frozen_algebraic_replay,127204,matching,16,compatible,sgd,0.03,shuffled_projection,ancestry_K2,2,True,1.4914390620853826,6,0.1344894629210489,0.1304416629400551,0.1267648059879357,256,0.08029575372955644,0.24313623066545811,0.46881465587013327,0.9706967308412149,0.9258274436854408
frozen_algebraic_replay,127204,matching,16,compatible,sgd,0.03,shuffled_projection,ancestry_K3,3,True,1.4914390620853826,6,0.6210139729307123,0.6177849443368089,0.6186194946883988,256,0.6011742911311224,0.8951686388818147,0.9101368762415847,0.4782325235119719,0.9258274436854408
frozen_algebraic_replay,127204,matching,16,compatible,sgd,0.03,shuffled_projection,ancestry_K4,4,True,1.4914390620853826,6,0.8631957193623434,0.8662760202058153,0.8667017338121547,256,0.869983458668085,0.9751207839049608,0.9794307449424691,0.22183248606093786,0.9258274436854408
frozen_algebraic_replay,127204,matching,16,compatible,sgd,0.03,shuffled_projection,ancestry_K5,5,True,1.4914390620853826,6,0.8733111172782555,0.875547057519441,0.8760521071404209,256,0.8727713314522972,0.974140228272424,0.9786187290689964,0.22620113835930544,0.9258274436854408
frozen_algebraic_replay,127204,matching,16,compatible,sgd,0.03,shuffled_projection,ancestry_K6,6,True,1.4914390620853826,6,1.0,1.0,1.0,256,1.0,1.0,1.0000000000000002,4.274324919113928e-15,0.9258274436854408
frozen_algebraic_replay,127204,matching,16,compatible,adam,0.003,broadcast,unit_broadcast_fixed,1,False,2.121640140116279,6,-1.780642274628415,-1.849892018554062,-1.8340010728136402,256,-1.8992406732135572,0.21419191441791172,0.33521576302175105,1.3370475614267188,1.7246977069525804
frozen_algebraic_replay,127204,matching,16,compatible,adam,0.003,broadcast,initial_mean_fixed,1,False,2.121640140116279,6,0.9683465570900909,0.9671415442145261,0.968043355240621,256,0.9716569307508992,0.9907391326885409,0.992123023100044,0.14664668904806127,1.7246977069525804
frozen_algebraic_replay,127204,matching,16,compatible,adam,0.003,broadcast,initial_mean_projection,1,True,2.121640140116279,6,0.9752537197798297,0.975559597246549,0.9736992621570935,256,0.9762895330375818,0.9908256544934576,0.9923964134182577,0.13521307416025383,1.7246977069525804
frozen_algebraic_replay,127204,matching,16,compatible,adam,0.003,broadcast,best_fixed_rank1_q,1,True,2.121640140116279,6,0.9802393389796402,0.9794767539597344,0.9757880868349983,256,0.9781082993513294,0.9918012386042699,0.9931919893270332,0.1285061057080095,1.7246977069525804
frozen_algebraic_replay,127204,matching,16,compatible,adam,0.003,broadcast,best_fixed_rank1_error,1,True,2.121640140116279,6,0.9797049387508818,0.9793517919967086,0.9763181374550357,256,0.9788209811474917,0.9916805098293767,0.9931035879215503,0.1288293674919471,1.7246977069525804
frozen_algebraic_replay,127204,matching,16,compatible,adam,0.003,broadcast,uniform_projection,1,True,2.121640140116279,6,0.09070216861235902,0.08744993320458547,0.08322488151892737,256,0.055473427980120005,0.20753317095916787,0.4542959359071127,0.9782518980240946,1.7246977069525804
frozen_algebraic_replay,127204,matching,16,compatible,adam,0.003,broadcast,ancestry_K2,2,True,2.121640140116279,6,0.09329143585390565,0.08983382316822165,0.08492659540515568,256,0.06225720003178514,0.21224660561566416,0.45597603911632484,0.9773218476131256,1.7246977069525804
frozen_algebraic_replay,127204,matching,16,compatible,adam,0.003,broadcast,ancestry_K3,3,True,2.121640140116279,6,0.671514442503694,0.667876488268828,0.6673157777055228,256,0.663699108031852,0.9261789035323836,0.9340206036164191,0.4283926674978519,1.7246977069525804
frozen_algebraic_replay,127204,matching,16,compatible,adam,0.003,broadcast,ancestry_K4,4,True,2.121640140116279,6,0.9177547072410909,0.9187390830034563,0.9216973951282689,256,0.9313213259878601,0.9898764427431849,0.9916111814624874,0.14196397928848858,1.7246977069525804
frozen_algebraic_replay,127204,matching,16,compatible,adam,0.003,broadcast,ancestry_K5,5,True,2.121640140116279,6,0.9237480386617563,0.9242121098935977,0.9270074250236938,256,0.9326247340803209,0.9895249521483294,0.9913197477209846,0.1444157580722903,1.7246977069525804
frozen_algebraic_replay,127204,matching,16,compatible,adam,0.003,broadcast,ancestry_K6,6,True,2.121640140116279,6,1.0,1.0,1.0,256,1.0,1.0000000000000002,1.0000000000000002,4.056047322027319e-15,1.7246977069525804
frozen_algebraic_replay,127204,matching,16,compatible,adam,0.01,exact,unit_broadcast_fixed,1,False,1.260653896039268,6,-1.8050176990869629,-2.0467261233869976,-1.8092989300216962,256,-2.4867783614987307,0.10580507067978323,0.1791728904106098,1.7749910857052262,0.8451364358859303
frozen_algebraic_replay,127204,matching,16,compatible,adam,0.01,exact,initial_mean_fixed,1,False,1.260653896039268,6,0.8336286146370339,0.8090022498655514,0.8495884886936658,256,0.8314302463669718,0.9742338655228633,0.9735991784163903,0.40473569580300606,0.8451364358859303
frozen_algebraic_replay,127204,matching,16,compatible,adam,0.01,exact,initial_mean_projection,1,True,1.260653896039268,6,0.8965445686292703,0.896293215213219,0.9051008852664604,256,0.8931780207451924,0.9731004148110697,0.9760636816278032,0.24957877112332064,0.8451364358859303
frozen_algebraic_replay,127204,matching,16,compatible,adam,0.01,exact,best_fixed_rank1_q,1,True,1.260653896039268,6,0.9704076090699638,0.9681500464049952,0.9710229391383789,256,0.9660398587162022,0.98882518479809,0.9902335675885499,0.14932894103881414,0.8451364358859303
frozen_algebraic_replay,127204,matching,16,compatible,adam,0.01,exact,best_fixed_rank1_error,1,True,1.260653896039268,6,0.9701558423502795,0.9678811603136124,0.9712742841725625,256,0.9662497325319018,0.9885958094391922,0.9900375907479322,0.15059448874808032,0.8451364358859303
frozen_algebraic_replay,127204,matching,16,compatible,adam,0.01,exact,uniform_projection,1,True,1.260653896039268,6,0.20451330811327217,0.1976336474326184,0.19773534711950147,256,0.12133752548117904,0.12419678317636186,0.331925022569621,1.0256398935287263,0.8451364358859303
frozen_algebraic_replay,127204,matching,16,compatible,adam,0.01,exact,ancestry_K2,2,True,1.260653896039268,6,0.2110889704128721,0.2033173131180527,0.20285008998805498,256,0.13854158557403007,0.13336854013732258,0.3416112711501112,1.018229405109906,0.8451364358859303
frozen_algebraic_replay,127204,matching,16,compatible,adam,0.01,exact,ancestry_K3,3,True,1.260653896039268,6,0.6881705726464686,0.6738894327966312,0.6894611149895226,256,0.6612435178559386,0.9120432845830978,0.9224796568501761,0.42509398728087266,0.8451364358859303
frozen_algebraic_replay,127204,matching,16,compatible,adam,0.01,exact,ancestry_K4,4,True,1.260653896039268,6,0.8626317252216676,0.8537381245066074,0.8694319831411671,256,0.8586400540280923,0.9731332673698606,0.9765200917682649,0.23152509842502175,0.8451364358859303
frozen_algebraic_replay,127204,matching,16,compatible,adam,0.01,exact,ancestry_K5,5,True,1.260653896039268,6,0.8681562066944286,0.8584454087572168,0.8744388283440593,256,0.8580467532950161,0.9705010248121181,0.9742160708755727,0.24273604331268644,0.8451364358859303
frozen_algebraic_replay,127204,matching,16,compatible,adam,0.01,exact,ancestry_K6,6,True,1.260653896039268,6,1.0,1.0,1.0,256,1.0,0.9999999999999997,0.9999999999999998,4.385858801895578e-15,0.8451364358859303
frozen_algebraic_replay,127204,matching,16,compatible,adam,0.01,global_projection,unit_broadcast_fixed,1,False,1.6312052212329036,6,-1.9207183852113379,-2.289766304424662,-2.13572361111551,256,-2.0383454726038526,0.32664912608817404,0.42270297241543,1.399701594422778,1.2830853142926024
frozen_algebraic_replay,127204,matching,16,compatible,adam,0.01,global_projection,initial_mean_fixed,1,False,1.6312052212329036,6,0.7796831454471573,0.7461643465722567,0.8217447204807848,256,0.8278620362025576,0.9704145249054207,0.9715317315732807,0.3793121709081984,1.2830853142926024
frozen_algebraic_replay,127204,matching,16,compatible,adam,0.01,global_projection,initial_mean_projection,1,True,1.6312052212329036,6,0.8645265143817948,0.8697322896452877,0.8911816932754554,256,0.8946364802724107,0.9687656555396917,0.9746414192397254,0.25064305151306193,1.2830853142926024
frozen_algebraic_replay,127204,matching,16,compatible,adam,0.01,global_projection,best_fixed_rank1_q,1,True,1.6312052212329036,6,0.9283703272112982,0.9221239306051325,0.9115091923296654,256,0.9137943532644424,0.9723661101046769,0.9775869596773503,0.23498629825026662,1.2830853142926024
frozen_algebraic_replay,127204,matching,16,compatible,adam,0.01,global_projection,best_fixed_rank1_error,1,True,1.6312052212329036,6,0.9205539045857001,0.918636596241434,0.9190729877352377,256,0.9212632664026048,0.9733440251204724,0.9784302635049658,0.2295353285295519,1.2830853142926024
frozen_algebraic_replay,127204,matching,16,compatible,adam,0.01,global_projection,uniform_projection,1,True,1.6312052212329036,6,0.211131185621248,0.20169007880465145,0.1656624394927868,256,0.16079993439416562,0.3586484717614098,0.5396286619906373,0.9353901007765927,1.2830853142926024
frozen_algebraic_replay,127204,matching,16,compatible,adam,0.01,global_projection,ancestry_K2,2,True,1.6312052212329036,6,0.22019464426377355,0.2107979332816053,0.17167435233794215,256,0.17481895215792687,0.352904214743709,0.5366861689818255,0.9374267007624922,1.2830853142926024
frozen_algebraic_replay,127204,matching,16,compatible,adam,0.01,global_projection,ancestry_K3,3,True,1.6312052212329036,6,0.7051004395131018,0.6785794287816871,0.6796600738431642,256,0.6816062107134309,0.9270142585367425,0.9342859466420396,0.43685031082235315,1.2830853142926024
frozen_algebraic_replay,127204,matching,16,compatible,adam,0.01,global_projection,ancestry_K4,4,True,1.6312052212329036,6,0.8860728634292253,0.888030371511148,0.9026215666988734,256,0.9117220482209389,0.9877408974516065,0.9900673154866576,0.15618145413143641,1.2830853142926024
frozen_algebraic_replay,127204,matching,16,compatible,adam,0.01,global_projection,ancestry_K5,5,True,1.6312052212329036,6,0.8945021522330435,0.8950072464035544,0.9097319589258693,256,0.9148298861547483,0.9870760072988539,0.9895277385484281,0.16039541280281921,1.2830853142926024
frozen_algebraic_replay,127204,matching,16,compatible,adam,0.01,global_projection,ancestry_K6,6,True,1.6312052212329036,6,1.0,1.0,1.0,256,1.0,1.0000000000000002,1.0000000000000002,3.3996006809504773e-15,1.2830853142926024
frozen_algebraic_replay,127204,matching,16,compatible,adam,0.01,shuffled_projection,unit_broadcast_fixed,1,False,1.4392462426624937,6,-2.252246912024496,-2.362187516490006,-2.249323054982405,256,-2.913969779155783,0.10832201868099939,0.17973269605075143,1.794184552801331,0.9020059290201999
frozen_algebraic_replay,127204,matching,16,compatible,adam,0.01,shuffled_projection,initial_mean_fixed,1,False,1.4392462426624937,6,0.8693699849368289,0.8645606058067944,0.8752434942575885,256,0.8621772109411083,0.972367611189004,0.9725273453162324,0.38286637616771696,0.9020059290201999
frozen_algebraic_replay,127204,matching,16,compatible,adam,0.01,shuffled_projection,initial_mean_projection,1,True,1.4392462426624937,6,0.924148886345724,0.9282698302298976,0.926683981423744,256,0.9194180517104045,0.9726988059465941,0.9758878174508003,0.2426961298054402,0.9020059290201999
frozen_algebraic_replay,127204,matching,16,compatible,adam,0.01,shuffled_projection,best_fixed_rank1_q,1,True,1.4392462426624937,6,0.9826184854822384,0.9820577124007805,0.9842709879146173,256,0.9835173084252193,0.9911377269077855,0.9922480135217657,0.13288539178780365,0.9020059290201999
frozen_algebraic_replay,127204,matching,16,compatible,adam,0.01,shuffled_projection,best_fixed_rank1_error,1,True,1.4392462426624937,6,0.9826018941136867,0.9820816755997979,0.9842876122657885,256,0.9834994817889073,0.9910959807268782,0.9922119643879856,0.1331668764662685,0.9020059290201999
frozen_algebraic_replay,127204,matching,16,compatible,adam,0.01,shuffled_projection,uniform_projection,1,True,1.4392462426624937,6,0.12970633545234544,0.12823877947713175,0.12758079256986232,256,0.06894299625496358,0.12805689983262603,0.3489948985807426,1.0084623351968978,0.9020059290201999
frozen_algebraic_replay,127204,matching,16,compatible,adam,0.01,shuffled_projection,ancestry_K2,2,True,1.4392462426624937,6,0.13418893574630575,0.13342689190329898,0.13126726955418322,256,0.07457371361869658,0.12564623707581402,0.3439171833380806,1.012475174475109,0.9020059290201999
frozen_algebraic_replay,127204,matching,16,compatible,adam,0.01,shuffled_projection,ancestry_K3,3,True,1.4392462426624937,6,0.6429887703370583,0.6440952442282353,0.6439117602203761,256,0.6228768608439663,0.9013520702494143,0.9127106779397328,0.4519230828561335,0.9020059290201999
frozen_algebraic_replay,127204,matching,16,compatible,adam,0.01,shuffled_projection,ancestry_K4,4,True,1.4392462426624937,6,0.8228418453475663,0.8310044571689825,0.823293868082494,256,0.8158429803056471,0.9547564434061894,0.9605150300263277,0.2976003328995107,0.9020059290201999
frozen_algebraic_replay,127204,matching,16,compatible,adam,0.01,shuffled_projection,ancestry_K5,5,True,1.4392462426624937,6,0.8339812177961078,0.8413346978130951,0.8342924691375977,256,0.8201438482179031,0.9537123367825957,0.959600580426169,0.30110376863843236,0.9020059290201999
frozen_algebraic_replay,127204,matching,16,compatible,adam,0.01,shuffled_projection,ancestry_K6,6,True,1.4392462426624937,6,1.0,1.0,1.0,256,1.0,0.9999999999999999,0.9999999999999999,4.425491066392256e-15,0.9020059290201999
frozen_algebraic_replay,127204,matching,16,compatible,adam,0.03,subtree_projection,unit_broadcast_fixed,1,False,0.853603783371915,6,-3.0150105228837543,-17.449032763949894,-3.65776198670243,256,-2.7119976537672343,0.42686686903794074,0.4852156849096122,2.296360433602786,0.48622265096885076
frozen_algebraic_replay,127204,matching,16,compatible,adam,0.03,subtree_projection,initial_mean_fixed,1,False,0.853603783371915,6,-0.5740392560046124,-5.919965943372452,-0.31767804413604916,256,-0.31898125262046517,0.8428846548716828,0.8335698857177571,1.4257660727900088,0.48622265096885076
frozen_algebraic_replay,127204,matching,16,compatible,adam,0.03,subtree_projection,initial_mean_projection,1,True,0.853603783371915,6,0.4297239652317878,0.40471837616669826,0.5825931957670938,256,0.5888441897341178,0.9065907096960847,0.9351301080677231,0.43769087530606154,0.48622265096885076
frozen_algebraic_replay,127204,matching,16,compatible,adam,0.03,subtree_projection,best_fixed_rank1_q,1,True,0.853603783371915,6,0.7174086336083281,0.6793380591495369,0.6744711133623699,256,0.6646405812165057,0.8855766924811835,0.9226631186733623,0.4645214062725891,0.48622265096885076
frozen_algebraic_replay,127204,matching,16,compatible,adam,0.03,subtree_projection,best_fixed_rank1_error,1,True,0.853603783371915,6,0.6702627578807905,0.637460531301253,0.7170811508241866,256,0.6910695351588692,0.912718709181639,0.9379937308677558,0.4397890523474219,0.48622265096885076
frozen_algebraic_replay,127204,matching,16,compatible,adam,0.03,subtree_projection,uniform_projection,1,True,0.853603783371915,6,0.4550081925960807,0.42914151970656245,0.34319737010615703,256,0.4130519766935571,0.585414830533829,0.7381200914878234,0.8138637857854657,0.48622265096885076
frozen_algebraic_replay,127204,matching,16,compatible,adam,0.03,subtree_projection,ancestry_K2,2,True,0.853603783371915,6,0.5836621770696597,0.5779051101385433,0.44389267535214294,256,0.5734770252918616,0.5700958638193042,0.7244012764285257,0.8339752204642251,0.48622265096885076
frozen_algebraic_replay,127204,matching,16,compatible,adam,0.03,subtree_projection,ancestry_K3,3,True,0.853603783371915,6,0.7876278925735882,0.7202007892395359,0.7163163425382697,256,0.7779766009157697,0.8718278164117705,0.9084266503902567,0.5182228303356424,0.48622265096885076
frozen_algebraic_replay,127204,matching,16,compatible,adam,0.03,subtree_projection,ancestry_K4,4,True,0.853603783371915,6,0.9005524458906599,0.85299855710675,0.9356741855692529,256,0.946102643037366,0.9884186314727204,0.9920027929438221,0.1526840000070044,0.48622265096885076
frozen_algebraic_replay,127204,matching,16,compatible,adam,0.03,subtree_projection,ancestry_K5,5,True,0.853603783371915,6,0.9108698473600734,0.8622707227089098,0.9438174246572347,256,0.9526988234005315,0.9865576571670257,0.9907017776982406,0.16495380552812544,0.48622265096885076
frozen_algebraic_replay,127204,matching,16,compatible,adam,0.03,subtree_projection,ancestry_K6,6,True,0.853603783371915,6,1.0,1.0,1.0,256,1.0,1.0,1.0,3.534401390091987e-15,0.48622265096885076
frozen_algebraic_replay,127204,matching,64,compatible,sgd,0.03,exact,unit_broadcast_fixed,1,False,0.6275195037353498,6,-0.97142286680224,-1.0939589879947689,-0.9815798785654584,256,-1.8186810372115243,0.5347870337288032,0.5386894491932033,2.5342594820749347,0.2895115552894228
frozen_algebraic_replay,127204,matching,64,compatible,sgd,0.03,exact,initial_mean_fixed,1,False,0.6275195037353498,6,0.3001386869239123,0.2671556227226394,0.29934357579442084,256,0.000910702657978324,0.4597249948935645,0.48343786761196017,1.4892620906110423,0.2895115552894228
frozen_algebraic_replay,127204,matching,64,compatible,sgd,0.03,exact,initial_mean_projection,1,True,0.6275195037353498,6,0.5390365581987078,0.5357226019591804,0.540038784036937,256,0.38089753707601426,0.456538124793799,0.49984604045215036,1.0381829058556222,0.2895115552894228
frozen_algebraic_replay,127204,matching,64,compatible,sgd,0.03,exact,best_fixed_rank1_q,1,True,0.6275195037353498,6,0.984388818625183,0.9829776022806815,0.9860975294014747,256,0.9813914259535618,0.9976463273989593,0.9978287734355636,0.06934930858681433,0.2895115552894228
frozen_algebraic_replay,127204,matching,64,compatible,sgd,0.03,exact,best_fixed_rank1_error,1,True,0.6275195037353498,6,0.9843869219605779,0.9830038373404835,0.9860994313457689,256,0.9814005759766669,0.9976759342690577,0.9978560802207844,0.06891275019356312,0.2895115552894228
frozen_algebraic_replay,127204,matching,64,compatible,sgd,0.03,exact,uniform_projection,1,True,0.6275195037353498,6,0.5336526124819514,0.5281326866784033,0.5340947373072031,256,0.47249586761502793,0.5311022304961673,0.5654190956131282,1.011277904579851,0.2895115552894228
frozen_algebraic_replay,127204,matching,64,compatible,sgd,0.03,exact,ancestry_K2,2,True,0.6275195037353498,6,0.6053099119644529,0.6012167444914951,0.605645101786132,256,0.5451569840946289,0.6302580965641695,0.6567540802562014,0.9089038016110669,0.2895115552894228
frozen_algebraic_replay,127204,matching,64,compatible,sgd,0.03,exact,ancestry_K3,3,True,0.6275195037353498,6,0.7561837930478166,0.7492652645118296,0.7569138818283951,256,0.7063386754874647,0.796905172173587,0.8130814212979902,0.634829531810725,0.2895115552894228
frozen_algebraic_replay,127204,matching,64,compatible,sgd,0.03,exact,ancestry_K4,4,True,0.6275195037353498,6,0.8786070007502514,0.8708094480800137,0.8790726992790581,256,0.8512724055352827,0.8733624276517821,0.8827550639203665,0.5213771440504247,0.2895115552894228
frozen_algebraic_replay,127204,matching,64,compatible,sgd,0.03,exact,ancestry_K5,5,True,0.6275195037353498,6,0.8807527287199423,0.8727078319142796,0.8811321917693519,256,0.8493064990143178,0.8619012013177837,0.8721322262779856,0.544822924345979,0.2895115552894228
frozen_algebraic_replay,127204,matching,64,compatible,sgd,0.03,exact,ancestry_K6,6,True,0.6275195037353498,6,1.0,1.0,1.0,256,1.0,1.0000000000000002,1.0,5.071883355833316e-15,0.2895115552894228
frozen_algebraic_replay,127204,matching,64,compatible,sgd,0.03,broadcast,unit_broadcast_fixed,1,False,0.1783604071891482,6,-0.22644746901174373,-0.3972377252820211,-0.38346464357348964,256,0.21421274549365332,0.8931474850661807,0.8559072767130991,1.7984100947466417,0.18732490673172847
frozen_algebraic_replay,127204,matching,64,compatible,sgd,0.03,broadcast,initial_mean_fixed,1,False,0.1783604071891482,6,0.14750061719017982,0.0942893898000379,0.10266262169715556,256,0.48200327323612546,0.5281679518967572,0.6797473521911286,0.954992760320363,0.18732490673172847
frozen_algebraic_replay,127204,matching,64,compatible,sgd,0.03,broadcast,initial_mean_projection,1,True,0.1783604071891482,6,0.40113445542178017,0.4016182956960793,0.4021166520153028,256,0.6013769908764104,0.5100323402387582,0.7014876049106809,0.8604100642581525,0.18732490673172847
frozen_algebraic_replay,127204,matching,64,compatible,sgd,0.03,broadcast,best_fixed_rank1_q,1,True,0.1783604071891482,6,0.9836567993270652,0.9830164259427108,0.9818909181692862,256,0.98359243785502,0.9782134691161153,0.9850545821759341,0.20862793780190408,0.18732490673172847
frozen_algebraic_replay,127204,matching,64,compatible,sgd,0.03,broadcast,best_fixed_rank1_error,1,True,0.1783604071891482,6,0.9836092919824811,0.9829726666570249,0.9819383006963319,256,0.9836300038026875,0.9781175284303588,0.9850173703003,0.20845667047724847,0.18732490673172847
frozen_algebraic_replay,127204,matching,64,compatible,sgd,0.03,broadcast,uniform_projection,1,True,0.1783604071891482,6,0.7227539685426769,0.7212639568397461,0.7172742549688853,256,0.7148502994136152,0.881433648291125,0.9124826298139785,0.553404358579033,0.18732490673172847
frozen_algebraic_replay,127204,matching,64,compatible,sgd,0.03,broadcast,ancestry_K2,2,True,0.1783604071891482,6,0.7665530860011416,0.7646326043253766,0.7643467980788224,256,0.7819650104067078,0.8805349876393009,0.9181053246764481,0.48799366295549934,0.18732490673172847
frozen_algebraic_replay,127204,matching,64,compatible,sgd,0.03,broadcast,ancestry_K3,3,True,0.1783604071891482,6,0.8400427422231312,0.8377820549426056,0.838395054837616,256,0.8664950228256437,0.8863235545481801,0.922377957947469,0.4731046341081949,0.18732490673172847
frozen_algebraic_replay,127204,matching,64,compatible,sgd,0.03,broadcast,ancestry_K4,4,True,0.1783604071891482,6,0.949271394290146,0.946577923986517,0.9483230531723345,256,0.9638387341761107,0.9035304432879712,0.9348127346310395,0.42906647530409614,0.18732490673172847
frozen_algebraic_replay,127204,matching,64,compatible,sgd,0.03,broadcast,ancestry_K5,5,True,0.1783604071891482,6,0.9542837974304593,0.9516025006427362,0.9531013093764715,256,0.9681549019340634,0.9054507408721362,0.9357145125580587,0.42864508558446834,0.18732490673172847
frozen_algebraic_replay,127204,matching,64,compatible,sgd,0.03,broadcast,ancestry_K6,6,True,0.1783604071891482,6,1.0,1.0,1.0,256,1.0,1.0000000000000002,1.0,2.3232183076979447e-15,0.18732490673172847
frozen_algebraic_replay,127204,matching,64,compatible,sgd,0.03,global_projection,unit_broadcast_fixed,1,False,1.0250328022884354,6,-11.745558145858576,-17.536588922936808,-12.61624953677632,256,-15.65617352519168,0.42692062849335377,0.43997632196950653,4.605762856664882,0.2657159079274165
frozen_algebraic_replay,127204,matching,64,compatible,sgd,0.03,global_projection,initial_mean_fixed,1,False,1.0250328022884354,6,-2.995777485444922,-4.730108652199714,-3.1723173594459766,256,-4.400196942861021,0.7303152646832748,0.6714371548840771,3.309954986566362,0.2657159079274165
frozen_algebraic_replay,127204,matching,64,compatible,sgd,0.03,global_projection,initial_mean_projection,1,True,1.0250328022884354,6,0.3948814953431298,0.43970915759020424,0.4119931945656663,256,0.41356608063266265,0.7303847012809559,0.8772056619325964,0.7251313239904958,0.2657159079274165
frozen_algebraic_replay,127204,matching,64,compatible,sgd,0.03,global_projection,best_fixed_rank1_q,1,True,1.0250328022884354,6,0.9454720846537251,0.9319638051596164,0.9410909817898317,256,0.9231529369681373,0.9737698962255043,0.9878290828970073,0.229937878070371,0.2657159079274165
frozen_algebraic_replay,127204,matching,64,compatible,sgd,0.03,global_projection,best_fixed_rank1_error,1,True,1.0250328022884354,6,0.9449777544585933,0.9333522667034784,0.9415828145561398,256,0.9239840745283261,0.9743683930357165,0.98819028004205,0.2259259619564645,0.2657159079274165
frozen_algebraic_replay,127204,matching,64,compatible,sgd,0.03,global_projection,uniform_projection,1,True,1.0250328022884354,6,0.24370049186153797,0.2325664091218233,0.2338036378229027,256,0.18299395512190186,0.4183932051384661,0.7810123447972164,0.9221323447277584,0.2657159079274165
frozen_algebraic_replay,127204,matching,64,compatible,sgd,0.03,global_projection,ancestry_K2,2,True,1.0250328022884354,6,0.34640812411041855,0.3239779843742365,0.3273012843951768,256,0.2491793452477099,0.3903642803851827,0.7727917180490749,0.9376495795993204,0.2657159079274165
frozen_algebraic_replay,127204,matching,64,compatible,sgd,0.03,global_projection,ancestry_K3,3,True,1.0250328022884354,6,0.4409745060168889,0.4361061730146132,0.42993651184984405,256,0.37880109068501744,0.6123857842014114,0.8416781096879041,0.7964170724318244,0.2657159079274165
frozen_algebraic_replay,127204,matching,64,compatible,sgd,0.03,global_projection,ancestry_K4,4,True,1.0250328022884354,6,0.4885152714903006,0.5040561996091841,0.48423155997567213,256,0.44857319576671706,0.6960485261471663,0.8693680166121976,0.7328058831416719,0.2657159079274165
frozen_algebraic_replay,127204,matching,64,compatible,sgd,0.03,global_projection,ancestry_K5,5,True,1.0250328022884354,6,0.5186342822929739,0.5312984260025033,0.5133179432773968,256,0.45658678079807,0.679503854836967,0.8614202037135293,0.7560851569121497,0.2657159079274165
frozen_algebraic_replay,127204,matching,64,compatible,sgd,0.03,global_projection,ancestry_K6,6,True,1.0250328022884354,6,1.0,1.0,1.0,256,1.0,1.0,0.9999999999999998,2.1157653245484246e-15,0.2657159079274165
frozen_algebraic_replay,127204,matching,64,compatible,sgd,0.03,subtree_projection,unit_broadcast_fixed,1,False,1.0145048767654292,6,-11.809409197963177,-20.065236571453042,-12.701711008540215,256,-15.499064714054924,0.37952691053338294,0.4169371335647068,4.722647722050265,0.25621644823561196
frozen_algebraic_replay,127204,matching,64,compatible,sgd,0.03,subtree_projection,initial_mean_fixed,1,False,1.0145048767654292,6,-3.186604609209448,-5.770965705092277,-3.3629531739386618,256,-4.331435263994746,0.6584870031711043,0.6286939904392554,3.342246597334822,0.25621644823561196
frozen_algebraic_replay,127204,matching,64,compatible,sgd,0.03,subtree_projection,initial_mean_projection,1,True,1.0145048767654292,6,0.353056577865723,0.40518644387367253,0.36870049399511695,256,0.3567266637479648,0.6589383173035431,0.8708143359794757,0.7893971438432962,0.25621644823561196
frozen_algebraic_replay,127204,matching,64,compatible,sgd,0.03,subtree_projection,best_fixed_rank1_q,1,True,1.0145048767654292,6,0.939443452856398,0.9182076906155995,0.9340625708180501,256,0.9168095111116248,0.9698153616474462,0.9879072615047442,0.24554608889212448,0.25621644823561196
frozen_algebraic_replay,127204,matching,64,compatible,sgd,0.03,subtree_projection,best_fixed_rank1_error,1,True,1.0145048767654292,6,0.9389441025304623,0.9195445662372677,0.9345589178333347,256,0.9175683248872114,0.9705496620896176,0.9882490715890572,0.24177709214579107,0.25621644823561196
frozen_algebraic_replay,127204,matching,64,compatible,sgd,0.03,subtree_projection,uniform_projection,1,True,1.0145048767654292,6,0.23463793645932096,0.22141708918128594,0.22354099732579136,256,0.16831134516666724,0.37548194250271316,0.8019621136967582,0.9472469392297441,0.25621644823561196
frozen_algebraic_replay,127204,matching,64,compatible,sgd,0.03,subtree_projection,ancestry_K2,2,True,1.0145048767654292,6,0.3618464093563112,0.3351468763854082,0.3406936046768738,256,0.265728160550598,0.39786931598065867,0.8064500327925663,0.9378847364598697,0.25621644823561196
frozen_algebraic_replay,127204,matching,64,compatible,sgd,0.03,subtree_projection,ancestry_K3,3,True,1.0145048767654292,6,0.44382434556975103,0.44031085188013674,0.4303001734409212,256,0.3739613467191184,0.576653196281354,0.8529418962703974,0.827076558805506,0.25621644823561196
frozen_algebraic_replay,127204,matching,64,compatible,sgd,0.03,subtree_projection,ancestry_K4,4,True,1.0145048767654292,6,0.48374612707948383,0.5019562249381218,0.4763620660226733,256,0.43086538401559116,0.6462358241837454,0.8715655767656091,0.7792949146565461,0.25621644823561196
frozen_algebraic_replay,127204,matching,64,compatible,sgd,0.03,subtree_projection,ancestry_K5,5,True,1.0145048767654292,6,0.5135656496137897,0.5287712908245155,0.5055374410609529,256,0.44060721159685856,0.6303663730978178,0.8646168621227226,0.8015147796449064,0.25621644823561196
frozen_algebraic_replay,127204,matching,64,compatible,sgd,0.03,subtree_projection,ancestry_K6,6,True,1.0145048767654292,6,1.0,1.0,1.0,256,1.0,1.0000000000000004,1.0000000000000002,1.925146139174459e-15,0.25621644823561196
frozen_algebraic_replay,127204,matching,64,compatible,sgd,0.03,shuffled_projection,unit_broadcast_fixed,1,False,1.0348927647260668,6,-6.18507962316413,-6.865329566733567,-6.320630294046523,256,-6.859587379016048,0.4964813807219168,0.5027161141314178,2.5638331245687884,0.44575211077880883
frozen_algebraic_replay,127204,matching,64,compatible,sgd,0.03,shuffled_projection,initial_mean_fixed,1,False,1.0348927647260668,6,-0.45074104406161863,-0.6121719914045131,-0.4458009892890089,256,-0.5832528494859825,0.9107816492991488,0.9019243241553915,1.45216311285181,0.44575211077880883
frozen_algebraic_replay,127204,matching,64,compatible,sgd,0.03,shuffled_projection,initial_mean_projection,1,True,1.0348927647260668,6,0.7170381628162621,0.7227862294723864,0.7301240193332427,256,0.7372897886583867,0.9096641087594992,0.9173187145703618,0.42604785236239046,0.44575211077880883
frozen_algebraic_replay,127204,matching,64,compatible,sgd,0.03,shuffled_projection,best_fixed_rank1_q,1,True,1.0348927647260668,6,0.9702880680064585,0.9685040959305514,0.9733968727239037,256,0.9698049017037766,0.9937658133936323,0.9942859234421364,0.11278808048789032,0.44575211077880883
frozen_algebraic_replay,127204,matching,64,compatible,sgd,0.03,shuffled_projection,best_fixed_rank1_error,1,True,1.0348927647260668,6,0.9700418890277958,0.9687300012367667,0.9736447120635232,256,0.9701523031171349,0.9938570942474534,0.9943782470649579,0.11101475901183402,0.44575211077880883
frozen_algebraic_replay,127204,matching,64,compatible,sgd,0.03,shuffled_projection,uniform_projection,1,True,1.0348927647260668,6,0.297677090293073,0.2913070147901699,0.29163456300367974,256,0.25729964990763465,0.48762125986023225,0.5500942710386305,0.8731329357893923,0.44575211077880883
frozen_algebraic_replay,127204,matching,64,compatible,sgd,0.03,shuffled_projection,ancestry_K2,2,True,1.0348927647260668,6,0.3051753564060624,0.29783324511633613,0.29657577178007666,256,0.26473452801633945,0.4787284949131172,0.5429032863205906,0.8780325170180998,0.44575211077880883
frozen_algebraic_replay,127204,matching,64,compatible,sgd,0.03,shuffled_projection,ancestry_K3,3,True,1.0348927647260668,6,0.5607472370180234,0.5535345536949969,0.55950737385215,256,0.5515857821162512,0.8269043594940233,0.8419188998027133,0.5738578238157764,0.44575211077880883
frozen_algebraic_replay,127204,matching,64,compatible,sgd,0.03,shuffled_projection,ancestry_K4,4,True,1.0348927647260668,6,0.6994805466518978,0.700147827820434,0.703849993376044,256,0.710999160672175,0.9056365553915972,0.9139679401703923,0.42600187554674057,0.44575211077880883
frozen_algebraic_replay,127204,matching,64,compatible,sgd,0.03,shuffled_projection,ancestry_K5,5,True,1.0348927647260668,6,0.718852883883276,0.7176883600843267,0.7225902949084114,256,0.7182074147639925,0.9013057055601028,0.9099948561287889,0.4362919554314825,0.44575211077880883
frozen_algebraic_replay,127204,matching,64,compatible,sgd,0.03,shuffled_projection,ancestry_K6,6,True,1.0348927647260668,6,1.0,1.0,1.0,256,1.0,1.0000000000000002,1.0000000000000002,3.072660907160022e-15,0.44575211077880883
frozen_algebraic_replay,127204,matching,64,compatible,adam,0.003,broadcast,unit_broadcast_fixed,1,False,1.6481602131428275,6,-1.7532555897125524,-1.8490951837156857,-1.809397316027078,256,-1.3300462064046852,0.44231976564856545,0.5094299927456223,1.2317117237638526,1.4312637998071434
frozen_algebraic_replay,127204,matching,64,compatible,adam,0.003,broadcast,initial_mean_fixed,1,False,1.6481602131428275,6,0.8650807051150783,0.8599195656240255,0.8706535467876547,256,0.8899389897755956,0.9849561160617362,0.9842598023795184,0.311331324979935,1.4312637998071434
frozen_algebraic_replay,127204,matching,64,compatible,adam,0.003,broadcast,initial_mean_projection,1,True,1.6481602131428275,6,0.913072375812792,0.9150686593174195,0.9186810232779284,256,0.9361823481145186,0.9848195554861175,0.9871070012520718,0.1761248322430765,1.4312637998071434
frozen_algebraic_replay,127204,matching,64,compatible,adam,0.003,broadcast,best_fixed_rank1_q,1,True,1.6481602131428275,6,0.9852335907506798,0.9843346012933571,0.9835459112812582,256,0.9856700792261399,0.9960639175872907,0.9966422013728627,0.09083026950211197,1.4312637998071434
frozen_algebraic_replay,127204,matching,64,compatible,adam,0.003,broadcast,best_fixed_rank1_error,1,True,1.6481602131428275,6,0.9848322034484102,0.9841802087720001,0.9839461143872805,256,0.9864684143631842,0.9960015665073172,0.9966101041636042,0.08984204412045216,1.4312637998071434
frozen_algebraic_replay,127204,matching,64,compatible,adam,0.003,broadcast,uniform_projection,1,True,1.6481602131428275,6,0.21937022661002148,0.21457099475405325,0.2115266885772995,256,0.22237044671979167,0.4346084250352855,0.5523999622341315,0.908858388633275,1.4312637998071434
frozen_algebraic_replay,127204,matching,64,compatible,adam,0.003,broadcast,ancestry_K2,2,True,1.6481602131428275,6,0.22380413332671056,0.21877769192140517,0.2152362488773094,256,0.23497729344741913,0.44020440196098815,0.5551165781428828,0.9072523444475844,1.4312637998071434
frozen_algebraic_replay,127204,matching,64,compatible,adam,0.003,broadcast,ancestry_K3,3,True,1.6481602131428275,6,0.7098236123195313,0.707490198965737,0.7111832841459284,256,0.7372494455084461,0.9537990246117987,0.9533471176229419,0.39324444019038635,1.4312637998071434
frozen_algebraic_replay,127204,matching,64,compatible,adam,0.003,broadcast,ancestry_K4,4,True,1.6481602131428275,6,0.8929606657011913,0.8916726468506427,0.89812152519468,256,0.9252785733578721,0.9913836939819545,0.9927082955608753,0.1311291184418058,1.4312637998071434
frozen_algebraic_replay,127204,matching,64,compatible,adam,0.003,broadcast,ancestry_K5,5,True,1.6481602131428275,6,0.9008447016645129,0.8989749200852949,0.9056830327900957,256,0.9278365591231137,0.9906708374883842,0.992104127880063,0.13649621905272502,1.4312637998071434
frozen_algebraic_replay,127204,matching,64,compatible,adam,0.003,broadcast,ancestry_K6,6,True,1.6481602131428275,6,1.0,1.0,1.0,256,1.0,1.0000000000000002,1.0000000000000004,3.4277945309775442e-15,1.4312637998071434
frozen_algebraic_replay,127204,matching,64,compatible,adam,0.01,exact,unit_broadcast_fixed,1,False,0.47197382538305244,6,-1.5391099180719396,-2.373707920081034,-1.4504693142893617,256,-1.7190378213857063,-0.024825090503567928,0.04771696861987152,3.041178986291217,0.25724527374662354
frozen_algebraic_replay,127204,matching,64,compatible,adam,0.01,exact,initial_mean_fixed,1,False,0.47197382538305244,6,0.18157234859704108,-0.14397251492655586,0.2631779450102397,256,0.19664024794157564,0.7443089283237372,0.7449352682658344,1.7017954070420152,0.25724527374662354
frozen_algebraic_replay,127204,matching,64,compatible,adam,0.01,exact,initial_mean_projection,1,True,0.47197382538305244,6,0.4759920175768976,0.43828712435145,0.5233489504033234,256,0.4729474905395269,0.7595315336360627,0.789512353316928,0.874614397754456,0.25724527374662354
frozen_algebraic_replay,127204,matching,64,compatible,adam,0.01,exact,best_fixed_rank1_q,1,True,0.47197382538305244,6,0.8640892933429376,0.8482800237910817,0.8837147106119488,256,0.8763114446492835,0.9505928246584007,0.9589175374806389,0.329833107430031,0.25724527374662354
frozen_algebraic_replay,127204,matching,64,compatible,adam,0.01,exact,best_fixed_rank1_error,1,True,0.47197382538305244,6,0.8612549381966467,0.8394464775022619,0.8866309599589475,256,0.8790544990459008,0.9519390612833837,0.9593763532346522,0.34151110899061654,0.25724527374662354
frozen_algebraic_replay,127204,matching,64,compatible,adam,0.01,exact,uniform_projection,1,True,0.47197382538305244,6,0.2579670908812117,0.2803747422053311,0.2607820668058529,256,0.21598137478022306,0.013916372368139345,0.23556603961215908,1.2489466201332091,0.25724527374662354
frozen_algebraic_replay,127204,matching,64,compatible,adam,0.01,exact,ancestry_K2,2,True,0.47197382538305244,6,0.2942519423076262,0.3273357328781911,0.2882592802745282,256,0.257757317679834,0.014086449749160916,0.2327436559778057,1.2574415263187395,0.25724527374662354
frozen_algebraic_replay,127204,matching,64,compatible,adam,0.01,exact,ancestry_K3,3,True,0.47197382538305244,6,0.4914581283152566,0.4882940633872488,0.5178058933017329,256,0.47532151638849585,0.7515112605314639,0.8025400926961395,0.6599075766578144,0.25724527374662354
frozen_algebraic_replay,127204,matching,64,compatible,adam,0.01,exact,ancestry_K4,4,True,0.47197382538305244,6,0.5280923130925423,0.5292042133983551,0.5581211833695225,256,0.513028550921921,0.789677851798975,0.8311163424220893,0.6200251431473575,0.25724527374662354
frozen_algebraic_replay,127204,matching,64,compatible,adam,0.01,exact,ancestry_K5,5,True,0.47197382538305244,6,0.5424802337584652,0.5458469433159743,0.5699414331218364,256,0.5169427390868369,0.805822591181206,0.8439759165300452,0.5967060099357794,0.25724527374662354
frozen_algebraic_replay,127204,matching,64,compatible,adam,0.01,exact,ancestry_K6,6,True,0.47197382538305244,6,1.0,1.0,1.0,256,1.0,1.0,1.0,4.758104408723964e-15,0.25724527374662354
frozen_algebraic_replay,127204,matching,64,compatible,adam,0.01,global_projection,unit_broadcast_fixed,1,False,0.577251013701386,6,-2.392049559345143,-7.016093351673922,-3.1850900014848937,256,-2.7431938381026435,0.740006846379328,0.7323536296949166,2.0906809541579547,0.42760384690078773
frozen_algebraic_replay,127204,matching,64,compatible,adam,0.01,global_projection,initial_mean_fixed,1,False,0.577251013701386,6,-0.5687498706828049,-2.557873884970289,-0.7537011733762176,256,-1.1735445733980296,0.845047996967271,0.8270687897848484,1.8914609785542287,0.42760384690078773
frozen_algebraic_replay,127204,matching,64,compatible,adam,0.01,global_projection,initial_mean_projection,1,True,0.577251013701386,6,0.4290720281992956,0.36003944070393085,0.49279983923636417,256,0.5674635227376983,0.8860124066073598,0.9066967732585852,0.47799259936588595,0.42760384690078773
frozen_algebraic_replay,127204,matching,64,compatible,adam,0.01,global_projection,best_fixed_rank1_q,1,True,0.577251013701386,6,0.8321118675215861,0.7798417755317426,0.8560167626814162,256,0.8335522085202138,0.9738171660623771,0.9781145038278796,0.24317630928371492,0.42760384690078773
frozen_algebraic_replay,127204,matching,64,compatible,adam,0.01,global_projection,best_fixed_rank1_error,1,True,0.577251013701386,6,0.8278284722936583,0.7695748280608177,0.8604472815933579,256,0.837227501364421,0.9748013966689245,0.977958023327106,0.27108388413593854,0.42760384690078773
frozen_algebraic_replay,127204,matching,64,compatible,adam,0.01,global_projection,uniform_projection,1,True,0.577251013701386,6,0.5657237219237865,0.5427705355040187,0.5453206156126995,256,0.5578807517337039,0.7800354079812057,0.8239650563439241,0.6280845875673382,0.42760384690078773
frozen_algebraic_replay,127204,matching,64,compatible,adam,0.01,global_projection,ancestry_K2,2,True,0.577251013701386,6,0.7013315215764524,0.7337297022901776,0.6549083400900344,256,0.6722703615951984,0.7598037448369583,0.8017011705906067,0.6762602907139589,0.42760384690078773
frozen_algebraic_replay,127204,matching,64,compatible,adam,0.01,global_projection,ancestry_K3,3,True,0.577251013701386,6,0.8487576002844612,0.8452654253333655,0.8207939712330947,256,0.8418982794882193,0.9569047363081546,0.9583575651827309,0.36924087860346405,0.42760384690078773
frozen_algebraic_replay,127204,matching,64,compatible,adam,0.01,global_projection,ancestry_K4,4,True,0.577251013701386,6,0.9324729316377134,0.9216197257621522,0.9367634785119587,256,0.9492783829149772,0.9937241959537098,0.9948560363792222,0.11257903756064704,0.42760384690078773
frozen_algebraic_replay,127204,matching,64,compatible,adam,0.01,global_projection,ancestry_K5,5,True,0.577251013701386,6,0.9464933983779213,0.9369983202478934,0.9500247250926613,256,0.9606457608422606,0.992481259823808,0.9938157676343863,0.12442342301170671,0.42760384690078773
frozen_algebraic_replay,127204,matching,64,compatible,adam,0.01,global_projection,ancestry_K6,6,True,0.577251013701386,6,1.0,1.0,1.0,256,1.0,1.0,0.9999999999999999,2.2337236756439378e-15,0.42760384690078773
frozen_algebraic_replay,127204,matching,64,compatible,adam,0.01,shuffled_projection,unit_broadcast_fixed,1,False,0.6953616437724595,6,-1.8380253013309682,-10.180812188747241,-2.242088532740793,256,-2.073059675962024,0.6357998906564133,0.6344510072211583,2.4854621575821967,0.37862579291963905
frozen_algebraic_replay,127204,matching,64,compatible,adam,0.01,shuffled_projection,initial_mean_fixed,1,False,0.6953616437724595,6,-0.30623344491428584,-3.4047695381120064,-0.38217435054495286,256,-0.5416065900522609,0.8445911685906209,0.8338588129570529,1.9860809108488535,0.37862579291963905
frozen_algebraic_replay,127204,matching,64,compatible,adam,0.01,shuffled_projection,initial_mean_projection,1,True,0.6953616437724595,6,0.38749341726294895,0.4201311990575386,0.4302963535949197,256,0.4441373870059008,0.8729463415612337,0.8819931601650344,0.5929467972823323,0.37862579291963905
frozen_algebraic_replay,127204,matching,64,compatible,adam,0.01,shuffled_projection,best_fixed_rank1_q,1,True,0.6953616437724595,6,0.8420285072115119,0.780062248505121,0.8475609150546367,256,0.8335849869615013,0.9490850949238552,0.9537150671638074,0.32863541125366424,0.37862579291963905
frozen_algebraic_replay,127204,matching,64,compatible,adam,0.01,shuffled_projection,best_fixed_rank1_error,1,True,0.6953616437724595,6,0.8386869095732918,0.7858425132061257,0.8509784444041101,256,0.8310661691316096,0.9516234999974551,0.9551314574706804,0.3590321681226192,0.37862579291963905
frozen_algebraic_replay,127204,matching,64,compatible,adam,0.01,shuffled_projection,uniform_projection,1,True,0.6953616437724595,6,0.47686424527976534,0.4720797156985374,0.47755287819198555,256,0.49601370924749166,0.6700586193118645,0.7044227852991293,0.7775888647659043,0.37862579291963905
frozen_algebraic_replay,127204,matching,64,compatible,adam,0.01,shuffled_projection,ancestry_K2,2,True,0.6953616437724595,6,0.63869494773517,0.635091331437553,0.6152638357881675,256,0.6376261823486328,0.6394444049518634,0.6819569276484173,0.7708084290424734,0.37862579291963905
frozen_algebraic_replay,127204,matching,64,compatible,adam,0.01,shuffled_projection,ancestry_K3,3,True,0.6953616437724595,6,0.7877946587083515,0.8139122458385964,0.7840150784737314,256,0.8070291850995711,0.9445218947425558,0.9494783671568472,0.3408632563742225,0.37862579291963905
frozen_algebraic_replay,127204,matching,64,compatible,adam,0.01,shuffled_projection,ancestry_K4,4,True,0.6953616437724595,6,0.8149240437997666,0.8527210743361361,0.818274018848157,256,0.8400827888774429,0.9682312853803321,0.9711969278882571,0.2558235722217855,0.37862579291963905
frozen_algebraic_replay,127204,matching,64,compatible,adam,0.01,shuffled_projection,ancestry_K5,5,True,0.6953616437724595,6,0.8608151599748575,0.8921573120641862,0.860129535712316,256,0.8836401609978028,0.9658940359427826,0.9689931465596145,0.269045865051944,0.37862579291963905
frozen_algebraic_replay,127204,matching,64,compatible,adam,0.01,shuffled_projection,ancestry_K6,6,True,0.6953616437724595,6,1.0,1.0,1.0,256,1.0,0.9999999999999998,0.9999999999999998,2.2858410648397065e-15,0.37862579291963905
frozen_algebraic_replay,127204,matching,64,compatible,adam,0.03,subtree_projection,unit_broadcast_fixed,1,False,0.009427255018445506,6,-0.1507165210921393,-0.16658779705085275,-0.14549981453400318,256,0.2259277856838423,0.9247314626463644,0.924054641117841,0.8293761444247748,0.10248115838318578
frozen_algebraic_replay,127204,matching,64,compatible,adam,0.03,subtree_projection,initial_mean_fixed,1,False,0.009427255018445506,6,-0.34668848481194847,-0.3530832423134762,-0.34499461091164063,256,-0.16492814587423132,0.6282375413426657,0.77602947294888,1.0270326590311905,0.10248115838318578
frozen_algebraic_replay,127204,matching,64,compatible,adam,0.03,subtree_projection,initial_mean_projection,1,True,0.009427255018445506,6,0.19468381284003156,0.19528049524678842,0.19379023074041812,256,0.5234590889089863,0.6270970286562985,0.8228517405971394,0.7898539893879983,0.10248115838318578
frozen_algebraic_replay,127204,matching,64,compatible,adam,0.03,subtree_projection,best_fixed_rank1_q,1,True,0.009427255018445506,6,0.9975902100619373,0.9975811915040003,0.9962261231876033,256,0.9947513080955757,0.999005787507968,0.9994364669435987,0.04846333947610799,0.10248115838318578
frozen_algebraic_replay,127204,matching,64,compatible,adam,0.03,subtree_projection,best_fixed_rank1_error,1,True,0.009427255018445506,6,0.9975844201242019,0.997567975662287,0.9962318970623729,256,0.9949159910887466,0.9989836819731323,0.999423156029826,0.04906004313676421,0.10248115838318578
frozen_algebraic_replay,127204,matching,64,compatible,adam,0.03,subtree_projection,uniform_projection,1,True,0.009427255018445506,6,0.8241205260991217,0.8247845174561812,0.8224323817067551,256,0.8781648516291134,0.9282773989913188,0.9603363111015493,0.3960774506077492,0.10248115838318578
frozen_algebraic_replay,127204,matching,64,compatible,adam,0.03,subtree_projection,ancestry_K2,2,True,0.009427255018445506,6,0.8620006001977893,0.8621265666724441,0.8624195184075131,256,0.8800270151805312,0.9509367204354439,0.9714405594246354,0.3419101146352102,0.10248115838318578
frozen_algebraic_replay,127204,matching,64,compatible,adam,0.03,subtree_projection,ancestry_K3,3,True,0.009427255018445506,6,0.8737034807159132,0.8739301078851791,0.8739519551331904,256,0.9056667186428642,0.9590256936225223,0.9761271795279242,0.3134654252717713,0.10248115838318578
frozen_algebraic_replay,127204,matching,64,compatible,adam,0.03,subtree_projection,ancestry_K4,4,True,0.009427255018445506,6,0.890239865063232,0.8906605010549167,0.890531595982895,256,0.9298020184909789,0.9623799070788808,0.9796858668473214,0.28309489275675065,0.10248115838318578
frozen_algebraic_replay,127204,matching,64,compatible,adam,0.03,subtree_projection,ancestry_K5,5,True,0.009427255018445506,6,0.9419704824869947,0.9421860298803459,0.9422684663700664,256,0.9655447176786207,0.978305775242196,0.9885878365639491,0.21033192330741152,0.10248115838318578
frozen_algebraic_replay,127204,matching,64,compatible,adam,0.03,subtree_projection,ancestry_K6,6,True,0.009427255018445506,6,1.0,1.0,1.0,256,1.0,1.0,1.0,6.094202954606577e-16,0.10248115838318578
frozen_algebraic_replay,127204,matching,256,compatible,sgd,0.03,exact,unit_broadcast_fixed,1,False,0.2915593644422241,6,0.24576156737638277,0.227235818859706,0.2411328671384031,256,0.11107667418189049,0.2785031061235173,0.2852525327215535,5.35112644747525,0.09811033616882027
frozen_algebraic_replay,127204,matching,256,compatible,sgd,0.03,exact,initial_mean_fixed,1,False,0.2915593644422241,6,0.07637456026768286,0.07168814629760939,0.07518019353103766,256,-0.09560704303854894,0.2071468443657889,0.34235168311784164,1.1691153634050178,0.09811033616882027
frozen_algebraic_replay,127204,matching,256,compatible,sgd,0.03,exact,initial_mean_projection,1,True,0.2915593644422241,6,0.25919249441034,0.25923424907109566,0.2593105365095296,256,0.16738058504250064,0.2025507898206779,0.3985328315486984,1.0118749668893123,0.09811033616882027
frozen_algebraic_replay,127204,matching,256,compatible,sgd,0.03,exact,best_fixed_rank1_q,1,True,0.2915593644422241,6,0.993931900078934,0.9938029156295167,0.9940678308379334,256,0.9933473884260238,0.9980988618516627,0.9983821750440821,0.061680860839228066,0.09811033616882027
frozen_algebraic_replay,127204,matching,256,compatible,sgd,0.03,exact,best_fixed_rank1_error,1,True,0.2915593644422241,6,0.993927669053734,0.99382022311576,0.9940720629107337,256,0.9933550695831832,0.9983204224044933,0.9985710070465413,0.05793645106079828,0.09811033616882027
frozen_algebraic_replay,127204,matching,256,compatible,sgd,0.03,exact,uniform_projection,1,True,0.2915593644422241,6,0.699897038490136,0.696360788511558,0.699133314784595,256,0.6814861238611578,0.27367465459554907,0.3023722749055889,2.9527495661555108,0.09811033616882027
frozen_algebraic_replay,127204,matching,256,compatible,sgd,0.03,exact,ancestry_K2,2,True,0.2915593644422241,6,0.8059740003109802,0.8033721550113193,0.805105640536152,256,0.7980039800031907,0.4001162308010242,0.4403753477618121,1.8433487409540796,0.09811033616882027
frozen_algebraic_replay,127204,matching,256,compatible,sgd,0.03,exact,ancestry_K3,3,True,0.2915593644422241,6,0.821450475983988,0.8187960220289678,0.8205591871517534,256,0.8103910002027539,0.39496616284313485,0.43596884896858645,1.8420117871370951,0.09811033616882027
frozen_algebraic_replay,127204,matching,256,compatible,sgd,0.03,exact,ancestry_K4,4,True,0.2915593644422241,6,0.9029277007771107,0.9000595154189379,0.9019536212019224,256,0.8968492456674074,0.3964573558225056,0.43781828760363056,1.8262523506042785,0.09811033616882027
frozen_algebraic_replay,127204,matching,256,compatible,sgd,0.03,exact,ancestry_K5,5,True,0.2915593644422241,6,0.9035975495573867,0.900768381136392,0.9026426007235338,256,0.8976477861379556,0.4086844744221759,0.4491025110936712,1.805972615323655,0.09811033616882027
frozen_algebraic_replay,127204,matching,256,compatible,sgd,0.03,exact,ancestry_K6,6,True,0.2915593644422241,6,1.0,1.0,1.0,256,1.0,1.0000000000000004,1.0000000000000004,4.301285085147009e-15,0.09811033616882027
frozen_algebraic_replay,127204,matching,256,compatible,sgd,0.03,broadcast,unit_broadcast_fixed,1,False,0.002017992640256578,6,0.1629502176883436,0.16144881428907631,0.16132045807848694,256,0.5420378250662257,0.8716756319378226,0.8683369033857302,1.122481740587378,0.024327834536872733
frozen_algebraic_replay,127204,matching,256,compatible,sgd,0.03,broadcast,initial_mean_fixed,1,False,0.002017992640256578,6,0.15360066330842004,0.15287915361676446,0.15122815416853563,256,0.5351695583333371,0.43698629316380144,0.5503930927877407,1.2126352575192747,0.024327834536872733
frozen_algebraic_replay,127204,matching,256,compatible,sgd,0.03,broadcast,initial_mean_projection,1,True,0.002017992640256578,6,0.3607016319843702,0.36062603946322436,0.3600360987810166,256,0.5746826640195213,0.4349999847974135,0.6039407842621134,0.941959824377687,0.024327834536872733
frozen_algebraic_replay,127204,matching,256,compatible,sgd,0.03,broadcast,best_fixed_rank1_q,1,True,0.002017992640256578,6,0.9996520993640662,0.9996518578862453,0.9995444085831424,256,0.9996021401106554,0.999775249872393,0.9998183233415697,0.02407871092312925,0.024327834536872733
frozen_algebraic_replay,127204,matching,256,compatible,sgd,0.03,broadcast,best_fixed_rank1_error,1,True,0.002017992640256578,6,0.9996262882476744,0.9996277461291202,0.999570215451415,256,0.9996250622751677,0.9997756465044255,0.9998210288473821,0.02350096892899369,0.024327834536872733
frozen_algebraic_replay,127204,matching,256,compatible,sgd,0.03,broadcast,uniform_projection,1,True,0.002017992640256578,6,0.8053655620304019,0.8054537534461339,0.8062928033370657,256,0.8078001358171146,0.8719160544666525,0.9033184587231354,0.5049010972454384,0.024327834536872733
frozen_algebraic_replay,127204,matching,256,compatible,sgd,0.03,broadcast,ancestry_K2,2,True,0.002017992640256578,6,0.8126062830489171,0.8126699564597957,0.8128395195423681,256,0.8216170292047943,0.8802393333283455,0.9095137552823492,0.4891824984827478,0.024327834536872733
frozen_algebraic_replay,127204,matching,256,compatible,sgd,0.03,broadcast,ancestry_K3,3,True,0.002017992640256578,6,0.8711400604977069,0.8711784924008172,0.8707838382849385,256,0.8879749530317949,0.939142715057297,0.9543015035663835,0.34445350460966984,0.024327834536872733
frozen_algebraic_replay,127204,matching,256,compatible,sgd,0.03,broadcast,ancestry_K4,4,True,0.002017992640256578,6,0.9635763681415216,0.9635630617931319,0.9631233615827459,256,0.9682117727617221,0.9890671387925559,0.9912221737548036,0.16735122999719348,0.024327834536872733
frozen_algebraic_replay,127204,matching,256,compatible,sgd,0.03,broadcast,ancestry_K5,5,True,0.002017992640256578,6,0.9780285734731824,0.978020998380918,0.9777636975478922,256,0.9825924110585528,0.9946247255201003,0.9958551637373221,0.10806257632535542,0.024327834536872733
frozen_algebraic_replay,127204,matching,256,compatible,sgd,0.03,broadcast,ancestry_K6,6,True,0.002017992640256578,6,1.0,1.0,1.0,256,1.0,0.9999999999999998,0.9999999999999999,2.7099522917722283e-15,0.024327834536872733
frozen_algebraic_replay,127204,matching,256,compatible,sgd,0.03,global_projection,unit_broadcast_fixed,1,False,0.8162279403860295,6,-5.66644130892969,-7.027114721844409,-6.710168262637635,256,-7.466557500951577,0.31600805906381146,0.32533983471727523,5.106669479123533,0.24261665072834232
frozen_algebraic_replay,127204,matching,256,compatible,sgd,0.03,global_projection,initial_mean_fixed,1,False,0.8162279403860295,6,-2.2567086975465593,-2.7858975260313326,-2.659805506053981,256,-4.2301092493481836,0.17166351305763766,0.20736332133019664,4.5933447274143635,0.24261665072834232
frozen_algebraic_replay,127204,matching,256,compatible,sgd,0.03,global_projection,initial_mean_projection,1,True,0.8162279403860295,6,0.10739597184494587,0.10742995853975432,0.10335939368955105,256,0.06559812372361007,0.17523991553553014,0.4258765905373382,1.1169167742407708,0.24261665072834232
frozen_algebraic_replay,127204,matching,256,compatible,sgd,0.03,global_projection,best_fixed_rank1_q,1,True,0.8162279403860295,6,0.9397780141547318,0.9394809387837868,0.9378143162885738,256,0.9266798361150397,0.9889457911031249,0.9916167031041111,0.14829064367001007,0.24261665072834232
frozen_algebraic_replay,127204,matching,256,compatible,sgd,0.03,global_projection,best_fixed_rank1_error,1,True,0.8162279403860295,6,0.9389148016571713,0.9385873967698427,0.9386760032490008,256,0.9276056954627131,0.9893940869681633,0.9919563527251436,0.14526483955496186,0.24261665072834232
frozen_algebraic_replay,127204,matching,256,compatible,sgd,0.03,global_projection,uniform_projection,1,True,0.8162279403860295,6,0.2965929318015931,0.2968234786260627,0.2768174750390686,256,0.2401163351764225,0.3201528191210716,0.5026961603797296,1.0881838058724316,0.24261665072834232
frozen_algebraic_replay,127204,matching,256,compatible,sgd,0.03,global_projection,ancestry_K2,2,True,0.8162279403860295,6,0.5551670492603785,0.5531960960898773,0.5379587224260772,256,0.5348218521192396,0.5879934475277323,0.6961066640182627,0.8592989100101169,0.24261665072834232
frozen_algebraic_replay,127204,matching,256,compatible,sgd,0.03,global_projection,ancestry_K3,3,True,0.8162279403860295,6,0.565760585175081,0.562819515097301,0.5498777044196824,256,0.5501419580174254,0.5899132052164341,0.6974433124493923,0.8576789227671204,0.24261665072834232
frozen_algebraic_replay,127204,matching,256,compatible,sgd,0.03,global_projection,ancestry_K4,4,True,0.8162279403860295,6,0.5691562935258576,0.5667377947124417,0.5544866815017659,256,0.5564707968231508,0.5911968252968037,0.6982580087396549,0.8569756376514608,0.24261665072834232
frozen_algebraic_replay,127204,matching,256,compatible,sgd,0.03,global_projection,ancestry_K5,5,True,0.8162279403860295,6,0.6000090010300047,0.5986971627232391,0.5820309607360248,256,0.5687781820746011,0.5779092120993202,0.684475635441222,0.8907224774548795,0.24261665072834232
frozen_algebraic_replay,127204,matching,256,compatible,sgd,0.03,global_projection,ancestry_K6,6,True,0.8162279403860295,6,1.0,1.0,1.0,256,1.0,1.0000000000000002,1.0,1.8738709069113698e-15,0.24261665072834232
frozen_algebraic_replay,127204,matching,256,compatible,sgd,0.03,subtree_projection,unit_broadcast_fixed,1,False,0.3660296085454136,6,-2.233354759251308,-2.54752867586789,-2.291009429811305,256,-1.4566927893642378,-0.045000662203330856,0.0042783029507819596,3.1077309584639656,0.23776676469032113
frozen_algebraic_replay,127204,matching,256,compatible,sgd,0.03,subtree_projection,initial_mean_fixed,1,False,0.3660296085454136,6,-2.3078113052459983,-2.497337670638702,-2.341461010385985,256,-1.4786410438409,-0.7535597339617777,-0.6146689161973099,2.607095640618079,0.23776676469032113
frozen_algebraic_replay,127204,matching,256,compatible,sgd,0.03,subtree_projection,initial_mean_projection,1,True,0.3660296085454136,6,0.12718750317410665,0.12548564629190453,0.1249977316064036,256,0.0008026812938357608,0.7405191800836631,0.755717461059138,0.7366662251735319,0.23776676469032113
frozen_algebraic_replay,127204,matching,256,compatible,sgd,0.03,subtree_projection,best_fixed_rank1_q,1,True,0.3660296085454136,6,0.9755001146161666,0.9744049007933444,0.9770008551183436,256,0.9780969115859416,0.992034718288442,0.992954919469054,0.13222205992344813,0.23776676469032113
frozen_algebraic_replay,127204,matching,256,compatible,sgd,0.03,subtree_projection,best_fixed_rank1_error,1,True,0.3660296085454136,6,0.9754963072260743,0.9744205456777895,0.9770046730775559,256,0.9780788910091084,0.99203191147118,0.9929567439068094,0.13192328066537956,0.23776676469032113
frozen_algebraic_replay,127204,matching,256,compatible,sgd,0.03,subtree_projection,uniform_projection,1,True,0.3660296085454136,6,0.1894024658975434,0.19280508183544917,0.18999788999669243,256,0.28167444768534455,-0.06927889536250743,0.1289434022621614,1.2143904684360596,0.23776676469032113
frozen_algebraic_replay,127204,matching,256,compatible,sgd,0.03,subtree_projection,ancestry_K2,2,True,0.3660296085454136,6,0.5348826162515519,0.53570286115252,0.536577638332983,256,0.6099406412384698,0.5646813926186928,0.635456381544733,0.8270304016617518,0.23776676469032113
frozen_algebraic_replay,127204,matching,256,compatible,sgd,0.03,subtree_projection,ancestry_K3,3,True,0.3660296085454136,6,0.7379858184060883,0.7344260417420331,0.7379321160802029,256,0.7563292938034635,0.6875212866515468,0.72740590007488,0.7837036093447192,0.23776676469032113
frozen_algebraic_replay,127204,matching,256,compatible,sgd,0.03,subtree_projection,ancestry_K4,4,True,0.3660296085454136,6,0.8676063061039541,0.8664856067779132,0.8671096658182154,256,0.8543113546346629,0.9673673239893772,0.9713805740388264,0.2586986357330582,0.23776676469032113
frozen_algebraic_replay,127204,matching,256,compatible,sgd,0.03,subtree_projection,ancestry_K5,5,True,0.3660296085454136,6,0.902806636148908,0.9019098006652,0.9024596614855868,256,0.8999320416891589,0.9706261042715373,0.9741986214511045,0.2470079992495969,0.23776676469032113
frozen_algebraic_replay,127204,matching,256,compatible,sgd,0.03,subtree_projection,ancestry_K6,6,True,0.3660296085454136,6,1.0,1.0,1.0,256,1.0,1.0,1.0,7.533884951793172e-15,0.23776676469032113
frozen_algebraic_replay,127204,matching,256,compatible,sgd,0.03,shuffled_projection,unit_broadcast_fixed,1,False,0.10861428553681882,6,0.011915478302647942,-0.052396140842098475,-0.07019302855569687,256,0.28472898939518065,0.9008421300347932,0.8873999893208034,1.317934131864002,0.1692361105426036
frozen_algebraic_replay,127204,matching,256,compatible,sgd,0.03,shuffled_projection,initial_mean_fixed,1,False,0.10861428553681882,6,0.005068531548340305,-0.01914100332371,-0.027282079475609233,256,0.25390324910703677,0.41682913219166745,0.5344064987399453,1.0154150438836698,0.1692361105426036
frozen_algebraic_replay,127204,matching,256,compatible,sgd,0.03,shuffled_projection,initial_mean_projection,1,True,0.10861428553681882,6,0.30813061938371944,0.30835249242581036,0.3075170238709307,256,0.473898802106985,0.40090513716514137,0.559400608374848,0.9161262064936905,0.1692361105426036
frozen_algebraic_replay,127204,matching,256,compatible,sgd,0.03,shuffled_projection,best_fixed_rank1_q,1,True,0.10861428553681882,6,0.9905632738018385,0.9903848767930414,0.990578691451272,256,0.9897606981017638,0.9959026302663052,0.9966422298762306,0.09078578107641791,0.1692361105426036
frozen_algebraic_replay,127204,matching,256,compatible,sgd,0.03,shuffled_projection,best_fixed_rank1_error,1,True,0.10861428553681882,6,0.990559372380178,0.9903770627548407,0.99058259300518,256,0.9897690931987216,0.995925992619697,0.9966609221204796,0.09056063201419604,0.1692361105426036
frozen_algebraic_replay,127204,matching,256,compatible,sgd,0.03,shuffled_projection,uniform_projection,1,True,0.10861428553681882,6,0.7974434525755473,0.7972566107781119,0.7970383237806129,256,0.8058126292050805,0.8935967582649037,0.9121614611108977,0.4724418197938362,0.1692361105426036
frozen_algebraic_replay,127204,matching,256,compatible,sgd,0.03,shuffled_projection,ancestry_K2,2,True,0.10861428553681882,6,0.8049442787484848,0.8048626366491154,0.8045722637275634,256,0.815903167340117,0.8950625051378418,0.9133047595588687,0.470236258472895,0.1692361105426036
frozen_algebraic_replay,127204,matching,256,compatible,sgd,0.03,shuffled_projection,ancestry_K3,3,True,0.10861428553681882,6,0.8399811791753372,0.8400110968588764,0.8392950024973727,256,0.8600490524226359,0.8989213478007528,0.9164771057290723,0.46176123578521777,0.1692361105426036
frozen_algebraic_replay,127204,matching,256,compatible,sgd,0.03,shuffled_projection,ancestry_K4,4,True,0.10861428553681882,6,0.8938153452367745,0.8939392554037697,0.8928935401616327,256,0.9137744731793012,0.9093630525938085,0.9256127673783161,0.4287771231867597,0.1692361105426036
frozen_algebraic_replay,127204,matching,256,compatible,sgd,0.03,shuffled_projection,ancestry_K5,5,True,0.10861428553681882,6,0.9178450976722945,0.9178773309339896,0.9169142068264201,256,0.9361229460913735,0.9205822359901219,0.9346283510829276,0.40473622027528167,0.1692361105426036
frozen_algebraic_replay,127204,matching,256,compatible,sgd,0.03,shuffled_projection,ancestry_K6,6,True,0.10861428553681882,6,1.0,1.0,1.0,256,1.0,1.0000000000000002,1.0,1.6791755879496448e-15,0.1692361105426036
frozen_algebraic_replay,127204,matching,256,compatible,adam,0.003,broadcast,unit_broadcast_fixed,1,False,0.2810067036537576,6,0.046846677004438786,0.0466306036439728,0.04698075335280005,256,0.28878924618124113,0.8384438425843735,0.8386912539092312,0.9466563866650732,0.5653417148235484
frozen_algebraic_replay,127204,matching,256,compatible,adam,0.003,broadcast,initial_mean_fixed,1,False,0.2810067036537576,6,0.17567033649261288,0.17573015658156482,0.17563746726428242,256,0.31723342363146423,0.8859180811391197,0.885864249821145,0.9421569180615695,0.5653417148235484
frozen_algebraic_replay,127204,matching,256,compatible,adam,0.003,broadcast,initial_mean_projection,1,True,0.2810067036537576,6,0.36996068380039016,0.3700302602701291,0.3699139579746513,256,0.54393557137443,0.8859155793157546,0.8866280686692865,0.47520487801057265,0.5653417148235484
frozen_algebraic_replay,127204,matching,256,compatible,adam,0.003,broadcast,best_fixed_rank1_q,1,True,0.2810067036537576,6,0.9996292172051091,0.9996293281235475,0.9996316274967605,256,0.9996978421787409,0.9999876334002282,0.9999877097837179,0.004975038613726329,0.5653417148235484
frozen_algebraic_replay,127204,matching,256,compatible,adam,0.003,broadcast,best_fixed_rank1_error,1,True,0.2810067036537576,6,0.9996291942179144,0.9996292577201566,0.9996316504839594,256,0.9996978044561543,0.9999876056403565,0.999987682106175,0.0049835301307482455,0.5653417148235484
frozen_algebraic_replay,127204,matching,256,compatible,adam,0.003,broadcast,uniform_projection,1,True,0.2810067036537576,6,0.7363550834672749,0.7363380070132602,0.7363496430174928,256,0.7810333413540833,0.8383373796370344,0.8394302790172051,0.5454842909256653,0.5653417148235484
frozen_algebraic_replay,127204,matching,256,compatible,adam,0.003,broadcast,ancestry_K2,2,True,0.2810067036537576,6,0.7829043266644649,0.7828466870868014,0.7829374662374247,256,0.7764077214142164,0.8327135890840243,0.8335074172198422,0.5871732047565242,0.5653417148235484
frozen_algebraic_replay,127204,matching,256,compatible,adam,0.003,broadcast,ancestry_K3,3,True,0.2810067036537576,6,0.8837308421326399,0.88369205335833,0.8837432820164474,256,0.8996627594706378,0.9924165290460683,0.9922247068868879,0.24861810957333105,0.5653417148235484
frozen_algebraic_replay,127204,matching,256,compatible,adam,0.003,broadcast,ancestry_K4,4,True,0.2810067036537576,6,0.914729182591603,0.9146987668904412,0.9147453094371905,256,0.9382772787575135,0.9974093564515669,0.9974253062665042,0.07212413289767584,0.5653417148235484
frozen_algebraic_replay,127204,matching,256,compatible,adam,0.003,broadcast,ancestry_K5,5,True,0.2810067036537576,6,0.9593662036497473,0.9593182731769903,0.9594060429893726,256,0.9707248132521145,0.9983789364206216,0.9983888688774915,0.05719067319778555,0.5653417148235484
frozen_algebraic_replay,127204,matching,256,compatible,adam,0.003,broadcast,ancestry_K6,6,True,0.2810067036537576,6,1.0,1.0,1.0,256,1.0,1.0000000000000002,1.0,1.4243369385016934e-15,0.5653417148235484
frozen_algebraic_replay,127204,matching,256,compatible,adam,0.01,exact,unit_broadcast_fixed,1,False,0.0281883635343404,6,0.26644739998250844,0.23199617734063888,0.1377907017989971,256,0.1470048671015144,0.16835801446046614,0.22883497526767937,2.0659759969385774,0.041667261139862195
frozen_algebraic_replay,127204,matching,256,compatible,adam,0.01,exact,initial_mean_fixed,1,False,0.0281883635343404,6,-0.19831457618121617,-0.18166340774669348,-0.1585094250722332,256,-0.15625964093788536,0.5248207559087461,0.5877223009705478,1.020317702371511,0.041667261139862195
frozen_algebraic_replay,127204,matching,256,compatible,adam,0.01,exact,initial_mean_projection,1,True,0.0281883635343404,6,0.05454412182061974,0.06528389985109082,0.0865850212957413,256,0.05727090547355851,0.37206482206989283,0.47547225634186496,1.0371444015261202,0.041667261139862195
frozen_algebraic_replay,127204,matching,256,compatible,adam,0.01,exact,best_fixed_rank1_q,1,True,0.0281883635343404,6,0.9620142948943797,0.9598355061032903,0.9560673179933962,256,0.9572893444974794,0.44693434396460857,0.4998912179712579,1.3578107511271762,0.041667261139862195
frozen_algebraic_replay,127204,matching,256,compatible,adam,0.01,exact,best_fixed_rank1_error,1,True,0.0281883635343404,6,0.9531716662098471,0.9559073870500774,0.964934409240257,256,0.964298600300156,0.4986219044989497,0.5471120747462745,1.2813802843559683,0.041667261139862195
frozen_algebraic_replay,127204,matching,256,compatible,adam,0.01,exact,uniform_projection,1,True,0.0281883635343404,6,0.477405090214826,0.4730181959364392,0.4589389797098813,256,0.47109490846798174,0.2752265017138187,0.385959735178742,1.1589031115171051,0.041667261139862195
frozen_algebraic_replay,127204,matching,256,compatible,adam,0.01,exact,ancestry_K2,2,True,0.0281883635343404,6,0.6950457701826698,0.6822341689010941,0.6457112275391343,256,0.617346403293192,0.17515782648731046,0.28059118849461967,1.3742299634205273,0.041667261139862195
frozen_algebraic_replay,127204,matching,256,compatible,adam,0.01,exact,ancestry_K3,3,True,0.0281883635343404,6,0.7262100405986764,0.7105225476028199,0.6695656239181547,256,0.6416950664208294,0.4478093650664507,0.5389982536520418,0.9714818702021069,0.041667261139862195
frozen_algebraic_replay,127204,matching,256,compatible,adam,0.01,exact,ancestry_K4,4,True,0.0281883635343404,6,0.7362718695582752,0.7216362878457657,0.6842722488561294,256,0.6543957136871794,0.669725636039762,0.7260208526733012,0.7431301789706645,0.041667261139862195
frozen_algebraic_replay,127204,matching,256,compatible,adam,0.01,exact,ancestry_K5,5,True,0.0281883635343404,6,0.7438685386269785,0.7296656243550246,0.693409542796953,256,0.6561833505155834,0.6621359360371366,0.7200404115071264,0.7498493760564211,0.041667261139862195
frozen_algebraic_replay,127204,matching,256,compatible,adam,0.01,exact,ancestry_K6,6,True,0.0281883635343404,6,1.0,1.0,1.0,256,1.0,1.0,1.0,3.841946914258055e-15,0.041667261139862195
frozen_algebraic_replay,127204,matching,256,compatible,adam,0.01,global_projection,unit_broadcast_fixed,1,False,0.0005269727531614837,6,0.28583632895819366,0.2857249470198532,0.28521461516334967,256,0.5361402634693033,0.9544270116639441,0.9514016751735301,0.6278593373166897,0.02448446930715198
frozen_algebraic_replay,127204,matching,256,compatible,adam,0.01,global_projection,initial_mean_fixed,1,False,0.0005269727531614837,6,-0.030883648653740714,-0.030993679525547685,-0.03178960052863755,256,0.26102428028051416,0.811250774984334,0.8314360253309935,0.7967848116657908,0.02448446930715198
frozen_algebraic_replay,127204,matching,256,compatible,adam,0.01,global_projection,initial_mean_projection,1,True,0.0005269727531614837,6,0.25314078371038296,0.2531213918100748,0.2528692898001219,256,0.4900137623662324,0.8112323997207075,0.8420934850725234,0.6048386375835627,0.02448446930715198
frozen_algebraic_replay,127204,matching,256,compatible,adam,0.01,global_projection,best_fixed_rank1_q,1,True,0.0005269727531614837,6,0.9998850198391503,0.999885003864031,0.999886634784771,256,0.9999065917996599,0.9999806057914202,0.9999838509998059,0.006238425984274171,0.02448446930715198
frozen_algebraic_replay,127204,matching,256,compatible,adam,0.01,global_projection,best_fixed_rank1_error,1,True,0.0005269727531614837,6,0.9998847437270495,0.9998847311608996,0.999886910896203,256,0.9999066983097259,0.9999809507277605,0.9999841393360432,0.006181404430224545,0.02448446930715198
frozen_algebraic_replay,127204,matching,256,compatible,adam,0.01,global_projection,uniform_projection,1,True,0.0005269727531614837,6,0.8454596627724329,0.8454855675152173,0.8455556455246722,256,0.8700231349308214,0.954503910390791,0.9607887397513881,0.3228709874668001,0.02448446930715198
frozen_algebraic_replay,127204,matching,256,compatible,adam,0.01,global_projection,ancestry_K2,2,True,0.0005269727531614837,6,0.8621709452471019,0.862187931448266,0.862257401820194,256,0.8625631533036432,0.9409020750598266,0.9484900246016139,0.3724021601765791,0.02448446930715198
frozen_algebraic_replay,127204,matching,256,compatible,adam,0.01,global_projection,ancestry_K3,3,True,0.0005269727531614837,6,0.8931184017310225,0.8931319767357984,0.8930453182324549,256,0.9093458571984852,0.9656741023899466,0.9705828448772326,0.278831607876723,0.02448446930715198
frozen_algebraic_replay,127204,matching,256,compatible,adam,0.01,global_projection,ancestry_K4,4,True,0.0005269727531614837,6,0.9245982466755437,0.9246036476226911,0.9245937427262045,256,0.9475948025305064,0.9859591090462625,0.9883160381354298,0.16753603968376954,0.02448446930715198
frozen_algebraic_replay,127204,matching,256,compatible,adam,0.01,global_projection,ancestry_K5,5,True,0.0005269727531614837,6,0.9724072727796677,0.9724098249213409,0.9724443831303224,256,0.981148489558166,0.9937776723083582,0.9948024031609761,0.11281140854574047,0.02448446930715198
frozen_algebraic_replay,127204,matching,256,compatible,adam,0.01,global_projection,ancestry_K6,6,True,0.0005269727531614837,6,1.0,1.0,1.0,256,1.0,0.9999999999999998,1.0,8.871530319180914e-16,0.02448446930715198
frozen_algebraic_replay,127204,matching,256,compatible,adam,0.01,shuffled_projection,unit_broadcast_fixed,1,False,0.000651344636988258,6,0.3404531215610993,0.3402863140754214,0.3379022526153542,256,0.6439262404834124,0.9319535109353,0.9348779521843664,0.5895410474067895,0.03466341686535884
frozen_algebraic_replay,127204,matching,256,compatible,adam,0.01,shuffled_projection,initial_mean_fixed,1,False,0.000651344636988258,6,0.0431266480381467,0.04299652338339119,0.040988241360194744,256,0.39196445286205184,0.7163693939531451,0.7631838603370238,0.776645549848026,0.03466341686535884
frozen_algebraic_replay,127204,matching,256,compatible,adam,0.01,shuffled_projection,initial_mean_projection,1,True,0.000651344636988258,6,0.2726398475153553,0.2726214153321607,0.27226578395321854,256,0.5052558996048457,0.7163343787802529,0.7670995698261533,0.7169571353767642,0.03466341686535884
frozen_algebraic_replay,127204,matching,256,compatible,adam,0.01,shuffled_projection,best_fixed_rank1_q,1,True,0.000651344636988258,6,0.9998681703199104,0.9998681470994113,0.9998881724717759,256,0.9999137008052955,0.9999949713306971,0.9999956584645111,0.003556614001254179,0.03466341686535884
frozen_algebraic_replay,127204,matching,256,compatible,adam,0.01,shuffled_projection,best_fixed_rank1_error,1,True,0.000651344636988258,6,0.9998666202648449,0.9998666845938431,0.9998897225649976,256,0.999914781196735,0.9999955703022858,0.9999962084105347,0.003268497657143011,0.03466341686535884
frozen_algebraic_replay,127204,matching,256,compatible,adam,0.01,shuffled_projection,uniform_projection,1,True,0.000651344636988258,6,0.8305993851112389,0.8306311226025165,0.8310499691929994,256,0.8522598113796925,0.9320991142300219,0.9419741633274681,0.38938037931494623,0.03466341686535884
frozen_algebraic_replay,127204,matching,256,compatible,adam,0.01,shuffled_projection,ancestry_K2,2,True,0.000651344636988258,6,0.8415559664629244,0.8415791433641102,0.841906775531594,256,0.8506550051990502,0.9339304885419077,0.9433403637542409,0.386408335479448,0.03466341686535884
frozen_algebraic_replay,127204,matching,256,compatible,adam,0.01,shuffled_projection,ancestry_K3,3,True,0.000651344636988258,6,0.8770419937170253,0.8770632369831853,0.8774513907875898,256,0.8964367696231389,0.9527087046365831,0.9595906014107416,0.327409909232051,0.03466341686535884
frozen_algebraic_replay,127204,matching,256,compatible,adam,0.01,shuffled_projection,ancestry_K4,4,True,0.000651344636988258,6,0.9092294192130758,0.9092426188149577,0.9093923433485338,256,0.9296693266526622,0.9625112922393219,0.9688184996834369,0.27753706749225,0.03466341686535884
frozen_algebraic_replay,127204,matching,256,compatible,adam,0.01,shuffled_projection,ancestry_K5,5,True,0.000651344636988258,6,0.9551471842835516,0.955154839737387,0.9554926300888515,256,0.9678261310051827,0.9836652875821815,0.9863630906101314,0.18530566316105318,0.03466341686535884
frozen_algebraic_replay,127204,matching,256,compatible,adam,0.01,shuffled_projection,ancestry_K6,6,True,0.000651344636988258,6,1.0,1.0,1.0,256,1.0,1.0,1.0,8.13868210101203e-16,0.03466341686535884
frozen_algebraic_replay,127204,matching,256,compatible,adam,0.03,subtree_projection,unit_broadcast_fixed,1,False,0.0020876630860161977,6,-0.39296153750237295,-0.3956345482738739,-0.40618045986807005,256,0.1832119093594473,0.9377914134070147,0.9178238799504684,1.0462569432961137,0.049468061870070114
frozen_algebraic_replay,127204,matching,256,compatible,adam,0.03,subtree_projection,initial_mean_fixed,1,False,0.0020876630860161977,6,-0.4381088180596935,-0.4392388995086166,-0.4413992211357889,256,-0.15581651324452395,0.6715473336327165,0.8253277614082515,1.150154171788041,0.049468061870070114
frozen_algebraic_replay,127204,matching,256,compatible,adam,0.03,subtree_projection,initial_mean_projection,1,True,0.0020876630860161977,6,0.2066219430006725,0.20667959702141525,0.20808144311326826,256,0.5841511500618597,0.6717837941557235,0.8920403605650106,0.7495480557320173,0.049468061870070114
frozen_algebraic_replay,127204,matching,256,compatible,adam,0.03,subtree_projection,best_fixed_rank1_q,1,True,0.0020876630860161977,6,0.9996923244528775,0.999692110116353,0.9994828407065495,256,0.9991284295472241,0.9996448129538568,0.9998480513598184,0.03002145187906221,0.049468061870070114
frozen_algebraic_replay,127204,matching,256,compatible,adam,0.03,subtree_projection,best_fixed_rank1_error,1,True,0.0020876630860161977,6,0.9996579464962048,0.9996603072324475,0.9995172064216755,256,0.9993518513300675,0.9997338736227303,0.9998873526922085,0.02579284828979684,0.049468061870070114
frozen_algebraic_replay,127204,matching,256,compatible,adam,0.03,subtree_projection,uniform_projection,1,True,0.0020876630860161977,6,0.8371902028833754,0.8372780706739562,0.8385718512213567,256,0.8887733697796513,0.9372597109834424,0.9768375608819319,0.35662507164036694,0.049468061870070114
frozen_algebraic_replay,127204,matching,256,compatible,adam,0.03,subtree_projection,ancestry_K2,2,True,0.0020876630860161977,6,0.8650637477468466,0.8650873478153278,0.8648379046880472,256,0.878915577483599,0.9409882283220694,0.9776037649189016,0.35239884340817346,0.049468061870070114
frozen_algebraic_replay,127204,matching,256,compatible,adam,0.03,subtree_projection,ancestry_K3,3,True,0.0020876630860161977,6,0.8791135179183506,0.8791491529245996,0.8791510131555879,256,0.9118653230161764,0.9531437420097221,0.982404051588902,0.31210061255548227,0.049468061870070114
frozen_algebraic_replay,127204,matching,256,compatible,adam,0.03,subtree_projection,ancestry_K4,4,True,0.0020876630860161977,6,0.8985010859560449,0.898556078011786,0.898930563719474,256,0.9417370835865846,0.964627265671533,0.9872053676419481,0.2641658702133165,0.049468061870070114
frozen_algebraic_replay,127204,matching,256,compatible,adam,0.03,subtree_projection,ancestry_K5,5,True,0.0020876630860161977,6,0.9442252559706293,0.944257505440288,0.9441471052535263,256,0.9704252107105915,0.9799237305918209,0.9927162968834504,0.1994917342424896,0.049468061870070114
frozen_algebraic_replay,127204,matching,256,compatible,adam,0.03,subtree_projection,ancestry_K6,6,True,0.0020876630860161977,6,1.0,1.0,1.0,256,1.0,1.0,1.0,6.777949833247835e-16,0.049468061870070114
frozen_algebraic_replay,127204,matching,1024,compatible,sgd,0.03,exact,unit_broadcast_fixed,1,False,0.0001930492978730533,6,0.0015218322045562616,0.0015044628808023514,0.0013490911505912306,256,-0.0780226028968245,0.6247919133732772,0.6626370473497978,1.0413303451171199,0.014166882561149806
frozen_algebraic_replay,127204,matching,1024,compatible,sgd,0.03,exact,initial_mean_fixed,1,False,0.0001930492978730533,6,0.13884276400926343,0.1388356410723262,0.1393446757112572,256,0.0649309539186339,0.6652837207937132,0.7180501823065478,0.7579663781634741,0.014166882561149806
frozen_algebraic_replay,127204,matching,1024,compatible,sgd,0.03,exact,initial_mean_projection,1,True,0.0001930492978730533,6,0.24121295786397168,0.24121210818199024,0.24145872561129433,256,0.1870684992259648,0.6652942166223361,0.7120224955391778,0.7685139908425794,0.014166882561149806
frozen_algebraic_replay,127204,matching,1024,compatible,sgd,0.03,exact,best_fixed_rank1_q,1,True,0.0001930492978730533,6,0.9999850272941403,0.9999850272827668,0.9999832713335566,256,0.9999817784378116,0.9999946681313917,0.9999953921925048,0.0032716507276870956,0.014166882561149806
frozen_algebraic_replay,127204,matching,1024,compatible,sgd,0.03,exact,best_fixed_rank1_error,1,True,0.0001930492978730533,6,0.9999846412867995,0.9999846436039095,0.9999836573397882,256,0.9999822324538514,0.9999953936004835,0.9999960203388548,0.003037598360902939,0.014166882561149806
frozen_algebraic_replay,127204,matching,1024,compatible,sgd,0.03,exact,uniform_projection,1,True,0.0001930492978730533,6,0.4268327397241656,0.4268334381034738,0.42659195191561117,256,0.4088001278030765,0.6243432350548351,0.6875257483904782,0.7818298421661682,0.014166882561149806
frozen_algebraic_replay,127204,matching,1024,compatible,sgd,0.03,exact,ancestry_K2,2,True,0.0001930492978730533,6,0.5566456225869474,0.5566443607909158,0.5561028842076796,256,0.5225784768542286,0.7617402808671422,0.7982526229390124,0.6489074275211346,0.014166882561149806
frozen_algebraic_replay,127204,matching,1024,compatible,sgd,0.03,exact,ancestry_K3,3,True,0.0001930492978730533,6,0.5662369550026818,0.566235573851986,0.5657208127381417,256,0.5291114436800399,0.7655715755875693,0.8009502173195829,0.6481403130428406,0.014166882561149806
frozen_algebraic_replay,127204,matching,1024,compatible,sgd,0.03,exact,ancestry_K4,4,True,0.0001930492978730533,6,0.6298572472593,0.6298546494331112,0.6294414340519109,256,0.5902943032768933,0.8228323797791561,0.8490680658633584,0.5690528736102283,0.014166882561149806
frozen_algebraic_replay,127204,matching,1024,compatible,sgd,0.03,exact,ancestry_K5,5,True,0.0001930492978730533,6,0.6413291989819354,0.6413262645848362,0.6409311129090293,256,0.6005795859348739,0.840254351804567,0.8637252694331896,0.5425367037417116,0.014166882561149806
frozen_algebraic_replay,127204,matching,1024,compatible,sgd,0.03,exact,ancestry_K6,6,True,0.0001930492978730533,6,1.0,1.0,1.0,256,1.0,1.0000000000000002,1.0000000000000002,1.808701952819528e-15,0.014166882561149806
frozen_algebraic_replay,127204,matching,1024,compatible,sgd,0.03,broadcast,unit_broadcast_fixed,1,False,0.00025941562450290396,6,0.1744173016783206,0.17441006637244905,0.1732254894303824,256,0.5520920619853134,0.9277168148916596,0.9311232000665643,0.4714451022230369,0.022286607897193788
frozen_algebraic_replay,127204,matching,1024,compatible,sgd,0.03,broadcast,initial_mean_fixed,1,False,0.00025941562450290396,6,0.15100424298543957,0.15100265313551342,0.15047311123935125,256,0.5397884344204092,0.9144299917192582,0.9198826277072443,0.4471853199577886,0.022286607897193788
frozen_algebraic_replay,127204,matching,1024,compatible,sgd,0.03,broadcast,initial_mean_projection,1,True,0.00025941562450290396,6,0.35787232999979535,0.35787280537428084,0.3577773883635651,256,0.5758282666384086,0.9143892888095962,0.9139418275020715,0.49654879874089997,0.022286607897193788
frozen_algebraic_replay,127204,matching,1024,compatible,sgd,0.03,broadcast,best_fixed_rank1_q,1,True,0.00025941562450290396,6,0.9999632772533794,0.9999632772545218,0.9999614867628842,256,0.9999781496308092,0.9999941178563787,0.9999945479999642,0.0034404436092607643,0.022286607897193788
frozen_algebraic_replay,127204,matching,1024,compatible,sgd,0.03,broadcast,best_fixed_rank1_error,1,True,0.00025941562450290396,6,0.9999607367522176,0.9999607618954084,0.9999640272717505,256,0.9999795386936541,0.9999947559126733,0.9999951364150982,0.003261922839317858,0.022286607897193788
frozen_algebraic_replay,127204,matching,1024,compatible,sgd,0.03,broadcast,uniform_projection,1,True,0.00025941562450290396,6,0.808059561576769,0.8080593496669468,0.8079742880472442,256,0.8090499690387626,0.9276559617238497,0.9267561620095632,0.4686838632789713,0.022286607897193788
frozen_algebraic_replay,127204,matching,1024,compatible,sgd,0.03,broadcast,ancestry_K2,2,True,0.00025941562450290396,6,0.8147402803564867,0.8147389657297048,0.8144989840978742,256,0.822981433658497,0.9381084610325792,0.937832664697917,0.4338309167254226,0.022286607897193788
frozen_algebraic_replay,127204,matching,1024,compatible,sgd,0.03,broadcast,ancestry_K3,3,True,0.00025941562450290396,6,0.8720229553127867,0.8720205212019482,0.8714172042771277,256,0.8886530522539533,0.9581572258655026,0.959763966029019,0.3318379039256924,0.022286607897193788
frozen_algebraic_replay,127204,matching,1024,compatible,sgd,0.03,broadcast,ancestry_K4,4,True,0.00025941562450290396,6,0.9639337375617841,0.9639338567034005,0.9639285452422981,256,0.9689958737832262,0.9952821996786628,0.9956296184848309,0.09706985212977541,0.022286607897193788
frozen_algebraic_replay,127204,matching,1024,compatible,sgd,0.03,broadcast,ancestry_K5,5,True,0.00025941562450290396,6,0.9783821692860778,0.9783822755258247,0.9784099731773723,256,0.9831555664924797,0.9972770300852196,0.997477355247092,0.07378422069461366,0.022286607897193788
frozen_algebraic_replay,127204,matching,1024,compatible,sgd,0.03,broadcast,ancestry_K6,6,True,0.00025941562450290396,6,1.0,1.0,1.0,256,1.0,0.9999999999999998,0.9999999999999998,1.2882301168254545e-15,0.022286607897193788
frozen_algebraic_replay,127204,matching,1024,compatible,sgd,0.03,global_projection,unit_broadcast_fixed,1,False,0.000152653863600584,6,0.062190325565298576,0.06218788755414173,0.06033988763465292,256,0.37182808537277723,0.9457959218604101,0.9340648504194434,0.9193091832447388,0.01190770562306923
frozen_algebraic_replay,127204,matching,1024,compatible,sgd,0.03,global_projection,initial_mean_fixed,1,False,0.000152653863600584,6,-0.1958790474384422,-0.19587949242345523,-0.1951652269275741,256,0.06424455692469244,0.7352516692507707,0.7615341286387474,1.1228207823557508,0.01190770562306923
frozen_algebraic_replay,127204,matching,1024,compatible,sgd,0.03,global_projection,initial_mean_projection,1,True,0.000152653863600584,6,0.21347521092733912,0.2134752550652131,0.21386009076403933,256,0.4097485266321368,0.7352667020535092,0.7982503618848847,0.679717145825011,0.01190770562306923
frozen_algebraic_replay,127204,matching,1024,compatible,sgd,0.03,global_projection,best_fixed_rank1_q,1,True,0.000152653863600584,6,0.9999889996867559,0.9999889996869011,0.9999888593976586,256,0.999993246444626,0.9999973274860497,0.9999978936308473,0.0023123561851520636,0.01190770562306923
frozen_algebraic_replay,127204,matching,1024,compatible,sgd,0.03,global_projection,best_fixed_rank1_error,1,True,0.000152653863600584,6,0.9999866929556407,0.9999866974301331,0.9999911661373159,256,0.9999946521068682,0.999997786962413,0.999998255335116,0.0021054524494076806,0.01190770562306923
frozen_algebraic_replay,127204,matching,1024,compatible,sgd,0.03,global_projection,uniform_projection,1,True,0.000152653863600584,6,0.8177078808772402,0.8177072512670538,0.8169921909112745,256,0.8405909328874918,0.9457734893082878,0.9574555789846231,0.3258344609867094,0.01190770562306923
frozen_algebraic_replay,127204,matching,1024,compatible,sgd,0.03,global_projection,ancestry_K2,2,True,0.000152653863600584,6,0.8429644807457317,0.8429641482772392,0.8425838391738967,256,0.8550206921037509,0.939973522170642,0.951836341221309,0.35594842840365015,0.01190770562306923
frozen_algebraic_replay,127204,matching,1024,compatible,sgd,0.03,global_projection,ancestry_K3,3,True,0.000152653863600584,6,0.8584792862513423,0.8584787991490235,0.8580718667818368,256,0.8774082681987512,0.9580941067146022,0.9666630457679796,0.2941819755592411,0.01190770562306923
frozen_algebraic_replay,127204,matching,1024,compatible,sgd,0.03,global_projection,ancestry_K4,4,True,0.000152653863600584,6,0.8749019048650809,0.8749016704364454,0.8747488268014739,256,0.8964789640048239,0.9733396620769686,0.9790312900350577,0.22982809762679757,0.01190770562306923
frozen_algebraic_replay,127204,matching,1024,compatible,sgd,0.03,global_projection,ancestry_K5,5,True,0.000152653863600584,6,0.9195536740964771,0.9195535125977147,0.9194516814035281,256,0.9382870892317797,0.9832908705501182,0.9868511940334662,0.1821686315661555,0.01190770562306923
frozen_algebraic_replay,127204,matching,1024,compatible,sgd,0.03,global_projection,ancestry_K6,6,True,0.000152653863600584,6,1.0,1.0,1.0,256,1.0,1.0000000000000002,1.0000000000000002,7.159080865992727e-16,0.01190770562306923
frozen_algebraic_replay,127204,matching,1024,compatible,sgd,0.03,subtree_projection,unit_broadcast_fixed,1,False,0.35572395963821113,6,-1.5140094083383233,-1.514492925670095,-1.512572466704659,256,-0.5063849619597642,0.8261682886227705,0.8237460262729609,3.4005646116428467,0.1430675077202069
frozen_algebraic_replay,127204,matching,1024,compatible,sgd,0.03,subtree_projection,initial_mean_fixed,1,False,0.35572395963821113,6,-1.9691134983840772,-1.9693096609551226,-1.9694186121446497,256,-0.8332581229628822,-0.8075821070386785,-0.7947638569281928,2.7731922569644,0.1430675077202069
frozen_algebraic_replay,127204,matching,1024,compatible,sgd,0.03,subtree_projection,initial_mean_projection,1,True,0.35572395963821113,6,0.09103915001173335,0.09102820367750783,0.09130501265689439,256,-0.05744790263960575,0.8076529897245088,0.8077412740165928,0.6619633942912512,0.1430675077202069
frozen_algebraic_replay,127204,matching,1024,compatible,sgd,0.03,subtree_projection,best_fixed_rank1_q,1,True,0.35572395963821113,6,0.999568876598856,0.9995687191809854,0.999615548236341,256,0.9996866748179696,0.9999881633694748,0.9999883082881591,0.004869906826774804,0.1430675077202069
frozen_algebraic_replay,127204,matching,1024,compatible,sgd,0.03,subtree_projection,best_fixed_rank1_error,1,True,0.35572395963821113,6,0.9995679704600515,0.9995677707606594,0.999616454428474,256,0.9996876465773666,0.9999840798387831,0.9999842609623658,0.005846488474896116,0.1430675077202069
frozen_algebraic_replay,127204,matching,1024,compatible,sgd,0.03,subtree_projection,uniform_projection,1,True,0.35572395963821113,6,0.24750326601836503,0.24746775862567005,0.24760934625337727,256,0.4059987026283459,0.8252848849254221,0.8270913935910158,0.6465434613593493,0.1430675077202069
frozen_algebraic_replay,127204,matching,1024,compatible,sgd,0.03,subtree_projection,ancestry_K2,2,True,0.35572395963821113,6,0.5750283230612397,0.5749662436181413,0.5747615191649744,256,0.6834102163441468,-0.38385258411292217,-0.30359706453804625,1.120369797936857,0.1430675077202069
frozen_algebraic_replay,127204,matching,1024,compatible,sgd,0.03,subtree_projection,ancestry_K3,3,True,0.35572395963821113,6,0.7261448537639732,0.7260710706167932,0.7264992944004476,256,0.7665880950656694,0.33339609271360593,0.33984470042361514,1.3180370968751822,0.1430675077202069
frozen_algebraic_replay,127204,matching,1024,compatible,sgd,0.03,subtree_projection,ancestry_K4,4,True,0.35572395963821113,6,0.8812564072275746,0.8811956903787748,0.881302299670111,256,0.8642994535032582,0.9950250165739322,0.9950855688013064,0.10011808031938549,0.1430675077202069
frozen_algebraic_replay,127204,matching,1024,compatible,sgd,0.03,subtree_projection,ancestry_K5,5,True,0.35572395963821113,6,0.9270518997340013,0.9270016322782193,0.9270844075385399,256,0.9227889391360806,0.9975184880157028,0.9975485369503825,0.0708892689619955,0.1430675077202069
frozen_algebraic_replay,127204,matching,1024,compatible,sgd,0.03,subtree_projection,ancestry_K6,6,True,0.35572395963821113,6,1.0,1.0,1.0,256,1.0,1.0,1.0,1.5502139742493312e-14,0.1430675077202069
frozen_algebraic_replay,127204,matching,1024,compatible,sgd,0.03,shuffled_projection,unit_broadcast_fixed,1,False,0.0001515710639842999,6,0.2818476879993759,0.2818389544936526,0.28149710618061585,256,0.5731852506758939,0.9294666065697655,0.930096136602748,0.6676279848946645,0.013437857510109851
frozen_algebraic_replay,127204,matching,1024,compatible,sgd,0.03,shuffled_projection,initial_mean_fixed,1,False,0.0001515710639842999,6,0.045388369325278455,0.04537911365084557,0.04579933727005092,256,0.3620249292355848,0.8113165196104694,0.8362129635417506,0.6974528950510169,0.013437857510109851
frozen_algebraic_replay,127204,matching,1024,compatible,sgd,0.03,shuffled_projection,initial_mean_projection,1,True,0.0001515710639842999,6,0.28527546775034185,0.285273103023029,0.28543467791497845,256,0.46284571209954184,0.8112932772093103,0.8389116112514192,0.6145113843283704,0.013437857510109851
frozen_algebraic_replay,127204,matching,1024,compatible,sgd,0.03,shuffled_projection,best_fixed_rank1_q,1,True,0.0001515710639842999,6,0.9999847359251481,0.9999847358808598,0.9999821559246924,256,0.9999871434111052,0.9999960617633731,0.9999966980512766,0.002817878322689639,0.013437857510109851
frozen_algebraic_replay,127204,matching,1024,compatible,sgd,0.03,shuffled_projection,best_fixed_rank1_error,1,True,0.0001515710639842999,6,0.9999838301723949,0.9999838274175713,0.9999830616739248,256,0.9999877962477491,0.9999966968934751,0.9999972341297206,0.0025705069199429367,0.013437857510109851
frozen_algebraic_replay,127204,matching,1024,compatible,sgd,0.03,shuffled_projection,uniform_projection,1,True,0.0001515710639842999,6,0.8272218642811671,0.8272233694318372,0.8268886727866107,256,0.8370675653076602,0.9294419678680641,0.9400828743449556,0.3848839814978233,0.013437857510109851
frozen_algebraic_replay,127204,matching,1024,compatible,sgd,0.03,shuffled_projection,ancestry_K2,2,True,0.0001515710639842999,6,0.8290149426388598,0.8290163878947894,0.8287554231444287,256,0.8367766372976282,0.9249124899736769,0.9360534030401717,0.39865599666787926,0.013437857510109851
frozen_algebraic_replay,127204,matching,1024,compatible,sgd,0.03,shuffled_projection,ancestry_K3,3,True,0.0001515710639842999,6,0.8578358504215864,0.857836731742197,0.8575498985143792,256,0.8722883206291404,0.9416845671387315,0.951133447757117,0.3412353543659089,0.013437857510109851
frozen_algebraic_replay,127204,matching,1024,compatible,sgd,0.03,shuffled_projection,ancestry_K4,4,True,0.0001515710639842999,6,0.9071741185919803,0.9071740411019709,0.9070451463666649,256,0.9185830841555574,0.9795880423659993,0.9829244498942736,0.2014737237642904,0.013437857510109851
frozen_algebraic_replay,127204,matching,1024,compatible,sgd,0.03,shuffled_projection,ancestry_K5,5,True,0.0001515710639842999,6,0.939809448835396,0.9398093942091447,0.9397245476623375,256,0.9514276894595314,0.9856317807721441,0.9879701286932788,0.16947345019032553,0.013437857510109851
frozen_algebraic_replay,127204,matching,1024,compatible,sgd,0.03,shuffled_projection,ancestry_K6,6,True,0.0001515710639842999,6,1.0,1.0,1.0,256,1.0,0.9999999999999999,1.0,1.131727191797136e-15,0.013437857510109851
frozen_algebraic_replay,127204,matching,1024,compatible,adam,0.003,broadcast,unit_broadcast_fixed,1,False,0.00022154508582977254,6,0.4946376289936645,0.4946297316218883,0.4938567157945225,256,0.6424081333701158,0.9172777846583169,0.9199517869656697,0.706566851280427,0.015727724167505442
frozen_algebraic_replay,127204,matching,1024,compatible,adam,0.003,broadcast,initial_mean_fixed,1,False,0.00022154508582977254,6,0.09269610378978088,0.09269796799905945,0.09296646897619609,256,0.32882699795307246,0.5954712183007164,0.6783737434947047,0.914194663617493,0.015727724167505442
frozen_algebraic_replay,127204,matching,1024,compatible,adam,0.003,broadcast,initial_mean_projection,1,True,0.00022154508582977254,6,0.26520935593026473,0.2652118135727868,0.26549271862805557,256,0.4650515679490699,0.5954956501650526,0.700054704371072,0.8037197142568536,0.015727724167505442
frozen_algebraic_replay,127204,matching,1024,compatible,adam,0.003,broadcast,best_fixed_rank1_q,1,True,0.00022154508582977254,6,0.9999876443881034,0.9999876442885761,0.9999875620795949,256,0.9999905465272007,0.9999984257271461,0.9999987478082687,0.0018041878422928189,0.015727724167505442
frozen_algebraic_replay,127204,matching,1024,compatible,adam,0.003,broadcast,best_fixed_rank1_error,1,True,0.00022154508582977254,6,0.9999874552436474,0.9999874593729913,0.9999877512240092,256,0.9999907111078102,0.9999986033893539,0.9999988903733592,0.0016949011366982156,0.015727724167505442
frozen_algebraic_replay,127204,matching,1024,compatible,adam,0.003,broadcast,uniform_projection,1,True,0.00022154508582977254,6,0.8351696944604876,0.8351684293293089,0.8350264750539991,256,0.8575077020377028,0.9172296117085617,0.9352368044711634,0.39836371269631604,0.015727724167505442
frozen_algebraic_replay,127204,matching,1024,compatible,adam,0.003,broadcast,ancestry_K2,2,True,0.00022154508582977254,6,0.8515274722474145,0.8515256237133104,0.8513854917694095,256,0.8497852275447808,0.9221763179294955,0.9389818612448357,0.387866830873684,0.015727724167505442
frozen_algebraic_replay,127204,matching,1024,compatible,adam,0.003,broadcast,ancestry_K3,3,True,0.00022154508582977254,6,0.8873223618420272,0.8873207675619335,0.8872423805087692,256,0.9021282012590792,0.9440484770626811,0.9560781870875021,0.32986671789318794,0.015727724167505442
frozen_algebraic_replay,127204,matching,1024,compatible,adam,0.003,broadcast,ancestry_K4,4,True,0.00022154508582977254,6,0.922315935148124,0.9223150693896882,0.9223147625202605,256,0.9446599912043613,0.9695158548028839,0.976002961217884,0.24502984966031408,0.015727724167505442
frozen_algebraic_replay,127204,matching,1024,compatible,adam,0.003,broadcast,ancestry_K5,5,True,0.00022154508582977254,6,0.9766620590768296,0.9766606120215966,0.976576462034504,256,0.9833408720050424,0.9910287295017095,0.9929209999049039,0.1336632320612708,0.015727724167505442
frozen_algebraic_replay,127204,matching,1024,compatible,adam,0.003,broadcast,ancestry_K6,6,True,0.00022154508582977254,6,1.0,1.0,1.0,256,1.0,0.9999999999999998,0.9999999999999998,1.342297975147812e-15,0.015727724167505442
frozen_algebraic_replay,127204,matching,1024,compatible,adam,0.01,exact,unit_broadcast_fixed,1,False,0.009241952851760658,6,0.48969032667181733,0.4881267064819361,0.4839196464801854,256,0.5407819076243077,0.8427476811831929,0.8797493089642092,0.539367018778239,0.22503012796584054
frozen_algebraic_replay,127204,matching,1024,compatible,adam,0.01,exact,initial_mean_fixed,1,False,0.009241952851760658,6,-0.11667032315710446,-0.11444990552091167,-0.11266653130602866,256,0.011391713523946412,0.6199873789688066,0.719102586509586,0.7922202876531375,0.22503012796584054
frozen_algebraic_replay,127204,matching,1024,compatible,adam,0.01,exact,initial_mean_projection,1,True,0.009241952851760658,6,0.01897532400981161,0.020371624940654212,0.022602830469357293,256,0.053343282498721445,0.6072174414045425,0.6272642963473002,0.8937689985204026,0.22503012796584054
frozen_algebraic_replay,127204,matching,1024,compatible,adam,0.01,exact,best_fixed_rank1_q,1,True,0.009241952851760658,6,0.9908683971952209,0.9907484069633634,0.9935597333341789,256,0.9934630085825366,0.9985354667638372,0.9988534059914475,0.054717792474274725,0.22503012796584054
frozen_algebraic_replay,127204,matching,1024,compatible,adam,0.01,exact,best_fixed_rank1_error,1,True,0.009241952851760658,6,0.9904967750603462,0.9906136631277782,0.9939318983379023,256,0.9933482162453241,0.9985225516429049,0.9988225958251034,0.05716529927222287,0.22503012796584054
frozen_algebraic_replay,127204,matching,1024,compatible,adam,0.01,exact,uniform_projection,1,True,0.009241952851760658,6,0.5002210623218298,0.49997492281218747,0.5007968668818616,256,0.554138450216616,0.8477645215094001,0.8806691629035204,0.5477831791353529,0.22503012796584054
frozen_algebraic_replay,127204,matching,1024,compatible,adam,0.01,exact,ancestry_K2,2,True,0.009241952851760658,6,0.8039665839029838,0.8019124540479076,0.8002842761315897,256,0.7952650638469735,0.9357433803270746,0.9486594290566052,0.3806959367251786,0.22503012796584054
frozen_algebraic_replay,127204,matching,1024,compatible,adam,0.01,exact,ancestry_K3,3,True,0.009241952851760658,6,0.8164903703790225,0.8139753776633545,0.8088372870838615,256,0.810104179592405,0.94074421397368,0.9532768900670856,0.3540007429294266,0.22503012796584054
frozen_algebraic_replay,127204,matching,1024,compatible,adam,0.01,exact,ancestry_K4,4,True,0.009241952851760658,6,0.8296953501512928,0.8264037066742899,0.8188577555942272,256,0.8256481024707608,0.9478919076229301,0.9596443286410448,0.31859746682056383,0.22503012796584054
frozen_algebraic_replay,127204,matching,1024,compatible,adam,0.01,exact,ancestry_K5,5,True,0.009241952851760658,6,0.8348318995704604,0.8316434810261546,0.8243725208128103,256,0.8273260447813013,0.9485333433051696,0.9601381931745859,0.3166796786354499,0.22503012796584054
frozen_algebraic_replay,127204,matching,1024,compatible,adam,0.01,exact,ancestry_K6,6,True,0.009241952851760658,6,1.0,1.0,1.0,256,1.0,1.0,1.0,9.988364308517739e-16,0.22503012796584054
frozen_algebraic_replay,127204,matching,1024,compatible,adam,0.01,global_projection,unit_broadcast_fixed,1,False,0.0017493277106627545,6,0.25720689559013765,0.2558577236133633,0.27524500786780115,256,0.5629336018920351,0.9742224844812912,0.9726623308546422,0.4383048901174153,0.05525189261206017
frozen_algebraic_replay,127204,matching,1024,compatible,adam,0.01,global_projection,initial_mean_fixed,1,False,0.0017493277106627545,6,-0.05295299224432726,-0.05317428345782742,-0.05326963547361263,256,0.2842092352617429,0.86999940787495,0.8835926603884919,0.6377599870357403,0.05525189261206017
frozen_algebraic_replay,127204,matching,1024,compatible,adam,0.01,global_projection,initial_mean_projection,1,True,0.0017493277106627545,6,0.2500611719630792,0.25019257655093674,0.2468028073901466,256,0.5055092735019772,0.8710832007339295,0.8810460214286306,0.5589383179660626,0.05525189261206017
frozen_algebraic_replay,127204,matching,1024,compatible,adam,0.01,global_projection,best_fixed_rank1_q,1,True,0.0017493277106627545,6,0.999757820302932,0.999757735795222,0.9997585853704707,256,0.9998158425058842,0.9999484181016934,0.9999562004419487,0.01035857594678607,0.05525189261206017
frozen_algebraic_replay,127204,matching,1024,compatible,adam,0.01,global_projection,best_fixed_rank1_error,1,True,0.0017493277106627545,6,0.9997394653788552,0.9997386932468713,0.9997769409730708,256,0.999832437607664,0.9999524143689598,0.9999598293613232,0.009767227322056059,0.05525189261206017
frozen_algebraic_replay,127204,matching,1024,compatible,adam,0.01,global_projection,uniform_projection,1,True,0.0017493277106627545,6,0.8493323565349806,0.8492068136163742,0.8512188785120414,256,0.876482090662355,0.9748236015818891,0.9727368711778499,0.32426187148277963,0.05525189261206017
frozen_algebraic_replay,127204,matching,1024,compatible,adam,0.01,global_projection,ancestry_K2,2,True,0.0017493277106627545,6,0.8662643062543532,0.8661522633264027,0.8680963021033556,256,0.8680327169564372,0.9674504361435952,0.9649825348861373,0.35978921710581746,0.05525189261206017
frozen_algebraic_replay,127204,matching,1024,compatible,adam,0.01,global_projection,ancestry_K3,3,True,0.0017493277106627545,6,0.8953042530034032,0.8952055040301179,0.8957602739850389,256,0.9118608415887444,0.978602385240019,0.9782534717535039,0.28244099694322405,0.05525189261206017
frozen_algebraic_replay,127204,matching,1024,compatible,adam,0.01,global_projection,ancestry_K4,4,True,0.0017493277106627545,6,0.9282547240575736,0.9282232191536676,0.9286215630025215,256,0.9511548482448242,0.981944200220746,0.984623040208819,0.1948175653638958,0.05525189261206017
frozen_algebraic_replay,127204,matching,1024,compatible,adam,0.01,global_projection,ancestry_K5,5,True,0.0017493277106627545,6,0.9735359068261085,0.9735115897421105,0.9737994511251872,256,0.9825226453020044,0.9935892225697959,0.9945362784618202,0.11655969444365523,0.05525189261206017
frozen_algebraic_replay,127204,matching,1024,compatible,adam,0.01,global_projection,ancestry_K6,6,True,0.0017493277106627545,6,1.0,1.0,1.0,256,1.0,1.0,1.0000000000000002,4.783561517409835e-16,0.05525189261206017
frozen_algebraic_replay,127204,matching,1024,compatible,adam,0.01,shuffled_projection,unit_broadcast_fixed,1,False,0.0017344847198527522,6,0.3079140982191866,0.307070285505492,0.31011977429037785,256,0.6007573743882675,0.9668350876234112,0.9666531732451882,0.4398269290163048,0.0580695921629245
frozen_algebraic_replay,127204,matching,1024,compatible,adam,0.01,shuffled_projection,initial_mean_fixed,1,False,0.0017344847198527522,6,0.017671097117691548,0.017619676237174794,0.015003383497430134,256,0.34836564174212536,0.8656701909659118,0.8737916238258049,0.6194370078199897,0.0580695921629245
frozen_algebraic_replay,127204,matching,1024,compatible,adam,0.01,shuffled_projection,initial_mean_projection,1,True,0.0017344847198527522,6,0.2697624676904784,0.26987608724219525,0.26812572573999727,256,0.4967947376304277,0.8657015063355092,0.872181839140298,0.5543517298323964,0.0580695921629245
frozen_algebraic_replay,127204,matching,1024,compatible,adam,0.01,shuffled_projection,best_fixed_rank1_q,1,True,0.0017344847198527522,6,0.9997427895264045,0.9997426765664122,0.9997327700538055,256,0.9998185712184187,0.9999421382355911,0.9999470109948466,0.010757557026408337,0.0580695921629245
frozen_algebraic_replay,127204,matching,1024,compatible,adam,0.01,shuffled_projection,best_fixed_rank1_error,1,True,0.0017344847198527522,6,0.9997384789018463,0.9997379637430543,0.9997370807158269,256,0.9998261958855306,0.999940292046937,0.9999452431763894,0.011018687277671338,0.0580695921629245
frozen_algebraic_replay,127204,matching,1024,compatible,adam,0.01,shuffled_projection,uniform_projection,1,True,0.0017344847198527522,6,0.8386169520036841,0.8385044129920876,0.8390902300078108,256,0.8591896348735762,0.9671551697342082,0.9663168643449588,0.3432346044190965,0.0580695921629245
frozen_algebraic_replay,127204,matching,1024,compatible,adam,0.01,shuffled_projection,ancestry_K2,2,True,0.0017344847198527522,6,0.8493295111750397,0.8492346386435529,0.8498765058752568,256,0.8561833522168838,0.9597264788359036,0.9587703541792304,0.3734651109656887,0.0580695921629245
frozen_algebraic_replay,127204,matching,1024,compatible,adam,0.01,shuffled_projection,ancestry_K3,3,True,0.0017344847198527522,6,0.8846280723047657,0.8845408320541135,0.8846206276006541,256,0.9027954768489305,0.9744286734808065,0.9748252886966311,0.28417450332326905,0.0580695921629245
frozen_algebraic_replay,127204,matching,1024,compatible,adam,0.01,shuffled_projection,ancestry_K4,4,True,0.0017344847198527522,6,0.9175588802702341,0.9175388475442481,0.9171383552944095,256,0.9367907207589388,0.9795521461529537,0.9812299658978622,0.20460214781281022,0.0580695921629245
frozen_algebraic_replay,127204,matching,1024,compatible,adam,0.01,shuffled_projection,ancestry_K5,5,True,0.0017344847198527522,6,0.9618168911128107,0.9618032566709335,0.9616562155832534,256,0.972331688883012,0.9900376011341537,0.9908657054111922,0.14207228356140186,0.0580695921629245
frozen_algebraic_replay,127204,matching,1024,compatible,adam,0.01,shuffled_projection,ancestry_K6,6,True,0.0017344847198527522,6,1.0,1.0,1.0,256,1.0,0.9999999999999999,1.0,7.153130379718423e-16,0.0580695921629245
frozen_algebraic_replay,127204,matching,1024,compatible,adam,0.03,subtree_projection,unit_broadcast_fixed,1,False,0.002993227791014668,6,-1.0904589117322412,-1.0932514093063253,-1.1521505780663834,256,-0.07647065749623105,0.9207240260868573,0.9063888247432723,1.1295249036855168,0.0475426223507426
frozen_algebraic_replay,127204,matching,1024,compatible,adam,0.03,subtree_projection,initial_mean_fixed,1,False,0.002993227791014668,6,-0.7067142172127674,-0.7075037149062261,-0.7232518008399569,256,-0.12929144702548556,0.6072495675725132,0.6766255544367593,1.0588997317747089,0.0475426223507426
frozen_algebraic_replay,127204,matching,1024,compatible,adam,0.03,subtree_projection,initial_mean_projection,1,True,0.002993227791014668,6,0.22086040591065492,0.22095242689748576,0.22339556832416008,256,0.4845533289709534,0.6072012202587904,0.7060085167696072,0.8146702808018963,0.0475426223507426
frozen_algebraic_replay,127204,matching,1024,compatible,adam,0.03,subtree_projection,best_fixed_rank1_q,1,True,0.002993227791014668,6,0.9997126811581014,0.9997125984497058,0.9997278548084058,256,0.999827960325361,0.9999215092653115,0.9999379254797583,0.013243068386181318,0.0475426223507426
frozen_algebraic_replay,127204,matching,1024,compatible,adam,0.03,subtree_projection,best_fixed_rank1_error,1,True,0.002993227791014668,6,0.9996947941573053,0.9996963318260041,0.9997457422424161,256,0.9998163527256757,0.999934721333426,0.9999486338989637,0.011956640473289532,0.0475426223507426
frozen_algebraic_replay,127204,matching,1024,compatible,adam,0.03,subtree_projection,uniform_projection,1,True,0.002993227791014668,6,0.8409320311732078,0.8408099699000368,0.8389796671874905,256,0.8557002137926351,0.9210013545817758,0.9370171749694555,0.4147663359539337,0.0475426223507426
frozen_algebraic_replay,127204,matching,1024,compatible,adam,0.03,subtree_projection,ancestry_K2,2,True,0.002993227791014668,6,0.8565145018908744,0.8563790808630827,0.8541578708628419,256,0.8638834010680623,0.9390334364401154,0.9504641240102585,0.37502352457164123,0.0475426223507426
frozen_algebraic_replay,127204,matching,1024,compatible,adam,0.03,subtree_projection,ancestry_K3,3,True,0.002993227791014668,6,0.8687558438435149,0.8686291950262526,0.8666964325333335,256,0.8845893280247578,0.9430245760259477,0.9539248974945893,0.3610370447699383,0.0475426223507426
frozen_algebraic_replay,127204,matching,1024,compatible,adam,0.03,subtree_projection,ancestry_K4,4,True,0.002993227791014668,6,0.9010753527185728,0.9009768160225673,0.8999361095667833,256,0.9160022719832157,0.9547000635854834,0.9634274103231184,0.3226915167861389,0.0475426223507426
frozen_algebraic_replay,127204,matching,1024,compatible,adam,0.03,subtree_projection,ancestry_K5,5,True,0.002993227791014668,6,0.9404679127381061,0.940386447857955,0.939297422530327,256,0.955752152304275,0.9745603479886954,0.9796797388090618,0.2399474665873171,0.0475426223507426
frozen_algebraic_replay,127204,matching,1024,compatible,adam,0.03,subtree_projection,ancestry_K6,6,True,0.002993227791014668,6,1.0,1.0,1.0,256,1.0,1.0,1.0,7.710769935561968e-16,0.0475426223507426
frozen_algebraic_replay,127204,quartet,0,compatible,sgd,0.03,exact,unit_broadcast_fixed,1,False,2.4349308946689687,6,-2.4835995506393647,-3.6328911942747015,-1.4224474946770274,256,-1.7163249163475567,-0.8032651494953215,-0.2476742712241322,1.5305494484942581,3.440399793816984
frozen_algebraic_replay,127204,quartet,0,compatible,sgd,0.03,exact,initial_mean_fixed,1,False,2.4349308946689687,6,0.37809521668615975,0.4188642096430739,0.3081572399417978,256,0.41412219214150936,0.7066924864516747,0.7700145208322557,0.7285347579173396,3.440399793816984
frozen_algebraic_replay,127204,quartet,0,compatible,sgd,0.03,exact,initial_mean_projection,1,True,2.4349308946689687,6,0.4659564295415488,0.5310472041550001,0.3826997663424979,256,0.44915455480575117,0.7464314476146253,0.8062408783347501,0.6656087985981801,3.440399793816984
frozen_algebraic_replay,127204,quartet,0,compatible,sgd,0.03,exact,best_fixed_rank1_q,1,True,2.4349308946689687,6,0.534423494629746,0.5345311335907862,0.5295570596485426,256,0.4958959330740307,0.8405383211635143,0.8763645323725319,0.5420544543823574,3.440399793816984
frozen_algebraic_replay,127204,quartet,0,compatible,sgd,0.03,exact,best_fixed_rank1_error,1,True,2.4349308946689687,6,0.4526581281163844,0.3324653685941048,0.6738899638497323,256,0.6144991135689246,0.9163484036319788,0.9330699927833808,0.4149120387551628,3.440399793816984
frozen_algebraic_replay,127204,quartet,0,compatible,sgd,0.03,exact,uniform_projection,1,True,2.4349308946689687,6,0.21742862074428004,0.2500891632669703,0.1475985590570036,256,0.2392134660514933,0.7400420967370939,0.687580452099143,0.8430259325283783,3.440399793816984
frozen_algebraic_replay,127204,quartet,0,compatible,sgd,0.03,exact,ancestry_K2,2,True,2.4349308946689687,6,0.5497269220561518,0.4980417547913607,0.6413471523178178,256,0.6374643876589243,0.8963668680332874,0.9177866028385112,0.45463730338243213,3.440399793816984
frozen_algebraic_replay,127204,quartet,0,compatible,sgd,0.03,exact,ancestry_K3,3,True,2.4349308946689687,6,0.7288980126034096,0.7229331886788992,0.7274719420393867,256,0.6672616629495938,0.9059099008126855,0.9255971748305122,0.43169404705401,3.440399793816984
frozen_algebraic_replay,127204,quartet,0,compatible,sgd,0.03,exact,ancestry_K4,4,True,2.4349308946689687,6,0.9031567209212297,0.9448640610287995,0.8302110038146708,256,0.86153347837088,0.9581362542209954,0.9670695196719729,0.2863215657440005,3.440399793816984
frozen_algebraic_replay,127204,quartet,0,compatible,sgd,0.03,exact,ancestry_K5,5,True,2.4349308946689687,6,0.9765922209615322,0.9884894684363059,0.9472355781987905,256,0.9548034771669662,0.9894748375238159,0.9916920343382227,0.14471983956418816,3.440399793816984
frozen_algebraic_replay,127204,quartet,0,compatible,sgd,0.03,exact,ancestry_K6,6,True,2.4349308946689687,6,1.0,1.0,1.0,256,1.0,1.0,0.9999999999999999,1.2697730553721739e-15,3.440399793816984
frozen_algebraic_replay,127204,quartet,0,compatible,sgd,0.03,broadcast,unit_broadcast_fixed,1,False,2.4349308946689687,6,-2.4835995506393647,-3.6328911942747015,-1.4224474946770274,256,-1.7163249163475567,-0.8032651494953215,-0.2476742712241322,1.5305494484942581,3.440399793816984
frozen_algebraic_replay,127204,quartet,0,compatible,sgd,0.03,broadcast,initial_mean_fixed,1,False,2.4349308946689687,6,0.37809521668615975,0.4188642096430739,0.3081572399417978,256,0.41412219214150936,0.7066924864516747,0.7700145208322557,0.7285347579173396,3.440399793816984
frozen_algebraic_replay,127204,quartet,0,compatible,sgd,0.03,broadcast,initial_mean_projection,1,True,2.4349308946689687,6,0.4659564295415488,0.5310472041550001,0.3826997663424979,256,0.44915455480575117,0.7464314476146253,0.8062408783347501,0.6656087985981801,3.440399793816984
frozen_algebraic_replay,127204,quartet,0,compatible,sgd,0.03,broadcast,best_fixed_rank1_q,1,True,2.4349308946689687,6,0.534423494629746,0.5345311335907862,0.5295570596485426,256,0.4958959330740307,0.8405383211635143,0.8763645323725319,0.5420544543823574,3.440399793816984
frozen_algebraic_replay,127204,quartet,0,compatible,sgd,0.03,broadcast,best_fixed_rank1_error,1,True,2.4349308946689687,6,0.4526581281163844,0.3324653685941048,0.6738899638497323,256,0.6144991135689246,0.9163484036319788,0.9330699927833808,0.4149120387551628,3.440399793816984
frozen_algebraic_replay,127204,quartet,0,compatible,sgd,0.03,broadcast,uniform_projection,1,True,2.4349308946689687,6,0.21742862074428004,0.2500891632669703,0.1475985590570036,256,0.2392134660514933,0.7400420967370939,0.687580452099143,0.8430259325283783,3.440399793816984
frozen_algebraic_replay,127204,quartet,0,compatible,sgd,0.03,broadcast,ancestry_K2,2,True,2.4349308946689687,6,0.5497269220561518,0.4980417547913607,0.6413471523178178,256,0.6374643876589243,0.8963668680332874,0.9177866028385112,0.45463730338243213,3.440399793816984
frozen_algebraic_replay,127204,quartet,0,compatible,sgd,0.03,broadcast,ancestry_K3,3,True,2.4349308946689687,6,0.7288980126034096,0.7229331886788992,0.7274719420393867,256,0.6672616629495938,0.9059099008126855,0.9255971748305122,0.43169404705401,3.440399793816984
frozen_algebraic_replay,127204,quartet,0,compatible,sgd,0.03,broadcast,ancestry_K4,4,True,2.4349308946689687,6,0.9031567209212297,0.9448640610287995,0.8302110038146708,256,0.86153347837088,0.9581362542209954,0.9670695196719729,0.2863215657440005,3.440399793816984
frozen_algebraic_replay,127204,quartet,0,compatible,sgd,0.03,broadcast,ancestry_K5,5,True,2.4349308946689687,6,0.9765922209615322,0.9884894684363059,0.9472355781987905,256,0.9548034771669662,0.9894748375238159,0.9916920343382227,0.14471983956418816,3.440399793816984
frozen_algebraic_replay,127204,quartet,0,compatible,sgd,0.03,broadcast,ancestry_K6,6,True,2.4349308946689687,6,1.0,1.0,1.0,256,1.0,1.0,0.9999999999999999,1.2697730553721739e-15,3.440399793816984
frozen_algebraic_replay,127204,quartet,0,compatible,sgd,0.03,global_projection,unit_broadcast_fixed,1,False,2.4349308946689687,6,-2.4835995506393647,-3.6328911942747015,-1.4224474946770274,256,-1.7163249163475567,-0.8032651494953215,-0.2476742712241322,1.5305494484942581,3.440399793816984
frozen_algebraic_replay,127204,quartet,0,compatible,sgd,0.03,global_projection,initial_mean_fixed,1,False,2.4349308946689687,6,0.37809521668615975,0.4188642096430739,0.3081572399417978,256,0.41412219214150936,0.7066924864516747,0.7700145208322557,0.7285347579173396,3.440399793816984
frozen_algebraic_replay,127204,quartet,0,compatible,sgd,0.03,global_projection,initial_mean_projection,1,True,2.4349308946689687,6,0.4659564295415488,0.5310472041550001,0.3826997663424979,256,0.44915455480575117,0.7464314476146253,0.8062408783347501,0.6656087985981801,3.440399793816984
frozen_algebraic_replay,127204,quartet,0,compatible,sgd,0.03,global_projection,best_fixed_rank1_q,1,True,2.4349308946689687,6,0.534423494629746,0.5345311335907862,0.5295570596485426,256,0.4958959330740307,0.8405383211635143,0.8763645323725319,0.5420544543823574,3.440399793816984
frozen_algebraic_replay,127204,quartet,0,compatible,sgd,0.03,global_projection,best_fixed_rank1_error,1,True,2.4349308946689687,6,0.4526581281163844,0.3324653685941048,0.6738899638497323,256,0.6144991135689246,0.9163484036319788,0.9330699927833808,0.4149120387551628,3.440399793816984
frozen_algebraic_replay,127204,quartet,0,compatible,sgd,0.03,global_projection,uniform_projection,1,True,2.4349308946689687,6,0.21742862074428004,0.2500891632669703,0.1475985590570036,256,0.2392134660514933,0.7400420967370939,0.687580452099143,0.8430259325283783,3.440399793816984
frozen_algebraic_replay,127204,quartet,0,compatible,sgd,0.03,global_projection,ancestry_K2,2,True,2.4349308946689687,6,0.5497269220561518,0.4980417547913607,0.6413471523178178,256,0.6374643876589243,0.8963668680332874,0.9177866028385112,0.45463730338243213,3.440399793816984
frozen_algebraic_replay,127204,quartet,0,compatible,sgd,0.03,global_projection,ancestry_K3,3,True,2.4349308946689687,6,0.7288980126034096,0.7229331886788992,0.7274719420393867,256,0.6672616629495938,0.9059099008126855,0.9255971748305122,0.43169404705401,3.440399793816984
frozen_algebraic_replay,127204,quartet,0,compatible,sgd,0.03,global_projection,ancestry_K4,4,True,2.4349308946689687,6,0.9031567209212297,0.9448640610287995,0.8302110038146708,256,0.86153347837088,0.9581362542209954,0.9670695196719729,0.2863215657440005,3.440399793816984
frozen_algebraic_replay,127204,quartet,0,compatible,sgd,0.03,global_projection,ancestry_K5,5,True,2.4349308946689687,6,0.9765922209615322,0.9884894684363059,0.9472355781987905,256,0.9548034771669662,0.9894748375238159,0.9916920343382227,0.14471983956418816,3.440399793816984
frozen_algebraic_replay,127204,quartet,0,compatible,sgd,0.03,global_projection,ancestry_K6,6,True,2.4349308946689687,6,1.0,1.0,1.0,256,1.0,1.0,0.9999999999999999,1.2697730553721739e-15,3.440399793816984
frozen_algebraic_replay,127204,quartet,0,compatible,sgd,0.03,subtree_projection,unit_broadcast_fixed,1,False,2.4349308946689687,6,-2.4835995506393647,-3.6328911942747015,-1.4224474946770274,256,-1.7163249163475567,-0.8032651494953215,-0.2476742712241322,1.5305494484942581,3.440399793816984
frozen_algebraic_replay,127204,quartet,0,compatible,sgd,0.03,subtree_projection,initial_mean_fixed,1,False,2.4349308946689687,6,0.37809521668615975,0.4188642096430739,0.3081572399417978,256,0.41412219214150936,0.7066924864516747,0.7700145208322557,0.7285347579173396,3.440399793816984
frozen_algebraic_replay,127204,quartet,0,compatible,sgd,0.03,subtree_projection,initial_mean_projection,1,True,2.4349308946689687,6,0.4659564295415488,0.5310472041550001,0.3826997663424979,256,0.44915455480575117,0.7464314476146253,0.8062408783347501,0.6656087985981801,3.440399793816984
frozen_algebraic_replay,127204,quartet,0,compatible,sgd,0.03,subtree_projection,best_fixed_rank1_q,1,True,2.4349308946689687,6,0.534423494629746,0.5345311335907862,0.5295570596485426,256,0.4958959330740307,0.8405383211635143,0.8763645323725319,0.5420544543823574,3.440399793816984
frozen_algebraic_replay,127204,quartet,0,compatible,sgd,0.03,subtree_projection,best_fixed_rank1_error,1,True,2.4349308946689687,6,0.4526581281163844,0.3324653685941048,0.6738899638497323,256,0.6144991135689246,0.9163484036319788,0.9330699927833808,0.4149120387551628,3.440399793816984
frozen_algebraic_replay,127204,quartet,0,compatible,sgd,0.03,subtree_projection,uniform_projection,1,True,2.4349308946689687,6,0.21742862074428004,0.2500891632669703,0.1475985590570036,256,0.2392134660514933,0.7400420967370939,0.687580452099143,0.8430259325283783,3.440399793816984
frozen_algebraic_replay,127204,quartet,0,compatible,sgd,0.03,subtree_projection,ancestry_K2,2,True,2.4349308946689687,6,0.5497269220561518,0.4980417547913607,0.6413471523178178,256,0.6374643876589243,0.8963668680332874,0.9177866028385112,0.45463730338243213,3.440399793816984
frozen_algebraic_replay,127204,quartet,0,compatible,sgd,0.03,subtree_projection,ancestry_K3,3,True,2.4349308946689687,6,0.7288980126034096,0.7229331886788992,0.7274719420393867,256,0.6672616629495938,0.9059099008126855,0.9255971748305122,0.43169404705401,3.440399793816984
frozen_algebraic_replay,127204,quartet,0,compatible,sgd,0.03,subtree_projection,ancestry_K4,4,True,2.4349308946689687,6,0.9031567209212297,0.9448640610287995,0.8302110038146708,256,0.86153347837088,0.9581362542209954,0.9670695196719729,0.2863215657440005,3.440399793816984
frozen_algebraic_replay,127204,quartet,0,compatible,sgd,0.03,subtree_projection,ancestry_K5,5,True,2.4349308946689687,6,0.9765922209615322,0.9884894684363059,0.9472355781987905,256,0.9548034771669662,0.9894748375238159,0.9916920343382227,0.14471983956418816,3.440399793816984
frozen_algebraic_replay,127204,quartet,0,compatible,sgd,0.03,subtree_projection,ancestry_K6,6,True,2.4349308946689687,6,1.0,1.0,1.0,256,1.0,1.0,0.9999999999999999,1.2697730553721739e-15,3.440399793816984
frozen_algebraic_replay,127204,quartet,0,compatible,sgd,0.03,shuffled_projection,unit_broadcast_fixed,1,False,2.4349308946689687,6,-2.4835995506393647,-3.6328911942747015,-1.4224474946770274,256,-1.7163249163475567,-0.8032651494953215,-0.2476742712241322,1.5305494484942581,3.440399793816984
frozen_algebraic_replay,127204,quartet,0,compatible,sgd,0.03,shuffled_projection,initial_mean_fixed,1,False,2.4349308946689687,6,0.37809521668615975,0.4188642096430739,0.3081572399417978,256,0.41412219214150936,0.7066924864516747,0.7700145208322557,0.7285347579173396,3.440399793816984
frozen_algebraic_replay,127204,quartet,0,compatible,sgd,0.03,shuffled_projection,initial_mean_projection,1,True,2.4349308946689687,6,0.4659564295415488,0.5310472041550001,0.3826997663424979,256,0.44915455480575117,0.7464314476146253,0.8062408783347501,0.6656087985981801,3.440399793816984
frozen_algebraic_replay,127204,quartet,0,compatible,sgd,0.03,shuffled_projection,best_fixed_rank1_q,1,True,2.4349308946689687,6,0.534423494629746,0.5345311335907862,0.5295570596485426,256,0.4958959330740307,0.8405383211635143,0.8763645323725319,0.5420544543823574,3.440399793816984
frozen_algebraic_replay,127204,quartet,0,compatible,sgd,0.03,shuffled_projection,best_fixed_rank1_error,1,True,2.4349308946689687,6,0.4526581281163844,0.3324653685941048,0.6738899638497323,256,0.6144991135689246,0.9163484036319788,0.9330699927833808,0.4149120387551628,3.440399793816984
frozen_algebraic_replay,127204,quartet,0,compatible,sgd,0.03,shuffled_projection,uniform_projection,1,True,2.4349308946689687,6,0.21742862074428004,0.2500891632669703,0.1475985590570036,256,0.2392134660514933,0.7400420967370939,0.687580452099143,0.8430259325283783,3.440399793816984
frozen_algebraic_replay,127204,quartet,0,compatible,sgd,0.03,shuffled_projection,ancestry_K2,2,True,2.4349308946689687,6,0.5497269220561518,0.4980417547913607,0.6413471523178178,256,0.6374643876589243,0.8963668680332874,0.9177866028385112,0.45463730338243213,3.440399793816984
frozen_algebraic_replay,127204,quartet,0,compatible,sgd,0.03,shuffled_projection,ancestry_K3,3,True,2.4349308946689687,6,0.7288980126034096,0.7229331886788992,0.7274719420393867,256,0.6672616629495938,0.9059099008126855,0.9255971748305122,0.43169404705401,3.440399793816984
frozen_algebraic_replay,127204,quartet,0,compatible,sgd,0.03,shuffled_projection,ancestry_K4,4,True,2.4349308946689687,6,0.9031567209212297,0.9448640610287995,0.8302110038146708,256,0.86153347837088,0.9581362542209954,0.9670695196719729,0.2863215657440005,3.440399793816984
frozen_algebraic_replay,127204,quartet,0,compatible,sgd,0.03,shuffled_projection,ancestry_K5,5,True,2.4349308946689687,6,0.9765922209615322,0.9884894684363059,0.9472355781987905,256,0.9548034771669662,0.9894748375238159,0.9916920343382227,0.14471983956418816,3.440399793816984
frozen_algebraic_replay,127204,quartet,0,compatible,sgd,0.03,shuffled_projection,ancestry_K6,6,True,2.4349308946689687,6,1.0,1.0,1.0,256,1.0,1.0,0.9999999999999999,1.2697730553721739e-15,3.440399793816984
frozen_algebraic_replay,127204,quartet,0,compatible,adam,0.003,broadcast,unit_broadcast_fixed,1,False,2.4349308946689687,6,-2.4835995506393647,-3.6328911942747015,-1.4224474946770274,256,-1.7163249163475567,-0.8032651494953215,-0.2476742712241322,1.5305494484942581,3.440399793816984
frozen_algebraic_replay,127204,quartet,0,compatible,adam,0.003,broadcast,initial_mean_fixed,1,False,2.4349308946689687,6,0.37809521668615975,0.4188642096430739,0.3081572399417978,256,0.41412219214150936,0.7066924864516747,0.7700145208322557,0.7285347579173396,3.440399793816984
frozen_algebraic_replay,127204,quartet,0,compatible,adam,0.003,broadcast,initial_mean_projection,1,True,2.4349308946689687,6,0.4659564295415488,0.5310472041550001,0.3826997663424979,256,0.44915455480575117,0.7464314476146253,0.8062408783347501,0.6656087985981801,3.440399793816984
frozen_algebraic_replay,127204,quartet,0,compatible,adam,0.003,broadcast,best_fixed_rank1_q,1,True,2.4349308946689687,6,0.534423494629746,0.5345311335907862,0.5295570596485426,256,0.4958959330740307,0.8405383211635143,0.8763645323725319,0.5420544543823574,3.440399793816984
frozen_algebraic_replay,127204,quartet,0,compatible,adam,0.003,broadcast,best_fixed_rank1_error,1,True,2.4349308946689687,6,0.4526581281163844,0.3324653685941048,0.6738899638497323,256,0.6144991135689246,0.9163484036319788,0.9330699927833808,0.4149120387551628,3.440399793816984
frozen_algebraic_replay,127204,quartet,0,compatible,adam,0.003,broadcast,uniform_projection,1,True,2.4349308946689687,6,0.21742862074428004,0.2500891632669703,0.1475985590570036,256,0.2392134660514933,0.7400420967370939,0.687580452099143,0.8430259325283783,3.440399793816984
frozen_algebraic_replay,127204,quartet,0,compatible,adam,0.003,broadcast,ancestry_K2,2,True,2.4349308946689687,6,0.5497269220561518,0.4980417547913607,0.6413471523178178,256,0.6374643876589243,0.8963668680332874,0.9177866028385112,0.45463730338243213,3.440399793816984
frozen_algebraic_replay,127204,quartet,0,compatible,adam,0.003,broadcast,ancestry_K3,3,True,2.4349308946689687,6,0.7288980126034096,0.7229331886788992,0.7274719420393867,256,0.6672616629495938,0.9059099008126855,0.9255971748305122,0.43169404705401,3.440399793816984
frozen_algebraic_replay,127204,quartet,0,compatible,adam,0.003,broadcast,ancestry_K4,4,True,2.4349308946689687,6,0.9031567209212297,0.9448640610287995,0.8302110038146708,256,0.86153347837088,0.9581362542209954,0.9670695196719729,0.2863215657440005,3.440399793816984
frozen_algebraic_replay,127204,quartet,0,compatible,adam,0.003,broadcast,ancestry_K5,5,True,2.4349308946689687,6,0.9765922209615322,0.9884894684363059,0.9472355781987905,256,0.9548034771669662,0.9894748375238159,0.9916920343382227,0.14471983956418816,3.440399793816984
frozen_algebraic_replay,127204,quartet,0,compatible,adam,0.003,broadcast,ancestry_K6,6,True,2.4349308946689687,6,1.0,1.0,1.0,256,1.0,1.0,0.9999999999999999,1.2697730553721739e-15,3.440399793816984
frozen_algebraic_replay,127204,quartet,0,compatible,adam,0.01,exact,unit_broadcast_fixed,1,False,2.4349308946689687,6,-2.4835995506393647,-3.6328911942747015,-1.4224474946770274,256,-1.7163249163475567,-0.8032651494953215,-0.2476742712241322,1.5305494484942581,3.440399793816984
frozen_algebraic_replay,127204,quartet,0,compatible,adam,0.01,exact,initial_mean_fixed,1,False,2.4349308946689687,6,0.37809521668615975,0.4188642096430739,0.3081572399417978,256,0.41412219214150936,0.7066924864516747,0.7700145208322557,0.7285347579173396,3.440399793816984
frozen_algebraic_replay,127204,quartet,0,compatible,adam,0.01,exact,initial_mean_projection,1,True,2.4349308946689687,6,0.4659564295415488,0.5310472041550001,0.3826997663424979,256,0.44915455480575117,0.7464314476146253,0.8062408783347501,0.6656087985981801,3.440399793816984
frozen_algebraic_replay,127204,quartet,0,compatible,adam,0.01,exact,best_fixed_rank1_q,1,True,2.4349308946689687,6,0.534423494629746,0.5345311335907862,0.5295570596485426,256,0.4958959330740307,0.8405383211635143,0.8763645323725319,0.5420544543823574,3.440399793816984
frozen_algebraic_replay,127204,quartet,0,compatible,adam,0.01,exact,best_fixed_rank1_error,1,True,2.4349308946689687,6,0.4526581281163844,0.3324653685941048,0.6738899638497323,256,0.6144991135689246,0.9163484036319788,0.9330699927833808,0.4149120387551628,3.440399793816984
frozen_algebraic_replay,127204,quartet,0,compatible,adam,0.01,exact,uniform_projection,1,True,2.4349308946689687,6,0.21742862074428004,0.2500891632669703,0.1475985590570036,256,0.2392134660514933,0.7400420967370939,0.687580452099143,0.8430259325283783,3.440399793816984
frozen_algebraic_replay,127204,quartet,0,compatible,adam,0.01,exact,ancestry_K2,2,True,2.4349308946689687,6,0.5497269220561518,0.4980417547913607,0.6413471523178178,256,0.6374643876589243,0.8963668680332874,0.9177866028385112,0.45463730338243213,3.440399793816984
frozen_algebraic_replay,127204,quartet,0,compatible,adam,0.01,exact,ancestry_K3,3,True,2.4349308946689687,6,0.7288980126034096,0.7229331886788992,0.7274719420393867,256,0.6672616629495938,0.9059099008126855,0.9255971748305122,0.43169404705401,3.440399793816984
frozen_algebraic_replay,127204,quartet,0,compatible,adam,0.01,exact,ancestry_K4,4,True,2.4349308946689687,6,0.9031567209212297,0.9448640610287995,0.8302110038146708,256,0.86153347837088,0.9581362542209954,0.9670695196719729,0.2863215657440005,3.440399793816984
frozen_algebraic_replay,127204,quartet,0,compatible,adam,0.01,exact,ancestry_K5,5,True,2.4349308946689687,6,0.9765922209615322,0.9884894684363059,0.9472355781987905,256,0.9548034771669662,0.9894748375238159,0.9916920343382227,0.14471983956418816,3.440399793816984
frozen_algebraic_replay,127204,quartet,0,compatible,adam,0.01,exact,ancestry_K6,6,True,2.4349308946689687,6,1.0,1.0,1.0,256,1.0,1.0,0.9999999999999999,1.2697730553721739e-15,3.440399793816984
frozen_algebraic_replay,127204,quartet,0,compatible,adam,0.01,global_projection,unit_broadcast_fixed,1,False,2.4349308946689687,6,-2.4835995506393647,-3.6328911942747015,-1.4224474946770274,256,-1.7163249163475567,-0.8032651494953215,-0.2476742712241322,1.5305494484942581,3.440399793816984
frozen_algebraic_replay,127204,quartet,0,compatible,adam,0.01,global_projection,initial_mean_fixed,1,False,2.4349308946689687,6,0.37809521668615975,0.4188642096430739,0.3081572399417978,256,0.41412219214150936,0.7066924864516747,0.7700145208322557,0.7285347579173396,3.440399793816984
frozen_algebraic_replay,127204,quartet,0,compatible,adam,0.01,global_projection,initial_mean_projection,1,True,2.4349308946689687,6,0.4659564295415488,0.5310472041550001,0.3826997663424979,256,0.44915455480575117,0.7464314476146253,0.8062408783347501,0.6656087985981801,3.440399793816984
frozen_algebraic_replay,127204,quartet,0,compatible,adam,0.01,global_projection,best_fixed_rank1_q,1,True,2.4349308946689687,6,0.534423494629746,0.5345311335907862,0.5295570596485426,256,0.4958959330740307,0.8405383211635143,0.8763645323725319,0.5420544543823574,3.440399793816984
frozen_algebraic_replay,127204,quartet,0,compatible,adam,0.01,global_projection,best_fixed_rank1_error,1,True,2.4349308946689687,6,0.4526581281163844,0.3324653685941048,0.6738899638497323,256,0.6144991135689246,0.9163484036319788,0.9330699927833808,0.4149120387551628,3.440399793816984
frozen_algebraic_replay,127204,quartet,0,compatible,adam,0.01,global_projection,uniform_projection,1,True,2.4349308946689687,6,0.21742862074428004,0.2500891632669703,0.1475985590570036,256,0.2392134660514933,0.7400420967370939,0.687580452099143,0.8430259325283783,3.440399793816984
frozen_algebraic_replay,127204,quartet,0,compatible,adam,0.01,global_projection,ancestry_K2,2,True,2.4349308946689687,6,0.5497269220561518,0.4980417547913607,0.6413471523178178,256,0.6374643876589243,0.8963668680332874,0.9177866028385112,0.45463730338243213,3.440399793816984
frozen_algebraic_replay,127204,quartet,0,compatible,adam,0.01,global_projection,ancestry_K3,3,True,2.4349308946689687,6,0.7288980126034096,0.7229331886788992,0.7274719420393867,256,0.6672616629495938,0.9059099008126855,0.9255971748305122,0.43169404705401,3.440399793816984
frozen_algebraic_replay,127204,quartet,0,compatible,adam,0.01,global_projection,ancestry_K4,4,True,2.4349308946689687,6,0.9031567209212297,0.9448640610287995,0.8302110038146708,256,0.86153347837088,0.9581362542209954,0.9670695196719729,0.2863215657440005,3.440399793816984
frozen_algebraic_replay,127204,quartet,0,compatible,adam,0.01,global_projection,ancestry_K5,5,True,2.4349308946689687,6,0.9765922209615322,0.9884894684363059,0.9472355781987905,256,0.9548034771669662,0.9894748375238159,0.9916920343382227,0.14471983956418816,3.440399793816984
frozen_algebraic_replay,127204,quartet,0,compatible,adam,0.01,global_projection,ancestry_K6,6,True,2.4349308946689687,6,1.0,1.0,1.0,256,1.0,1.0,0.9999999999999999,1.2697730553721739e-15,3.440399793816984
frozen_algebraic_replay,127204,quartet,0,compatible,adam,0.01,shuffled_projection,unit_broadcast_fixed,1,False,2.4349308946689687,6,-2.4835995506393647,-3.6328911942747015,-1.4224474946770274,256,-1.7163249163475567,-0.8032651494953215,-0.2476742712241322,1.5305494484942581,3.440399793816984
frozen_algebraic_replay,127204,quartet,0,compatible,adam,0.01,shuffled_projection,initial_mean_fixed,1,False,2.4349308946689687,6,0.37809521668615975,0.4188642096430739,0.3081572399417978,256,0.41412219214150936,0.7066924864516747,0.7700145208322557,0.7285347579173396,3.440399793816984
frozen_algebraic_replay,127204,quartet,0,compatible,adam,0.01,shuffled_projection,initial_mean_projection,1,True,2.4349308946689687,6,0.4659564295415488,0.5310472041550001,0.3826997663424979,256,0.44915455480575117,0.7464314476146253,0.8062408783347501,0.6656087985981801,3.440399793816984
frozen_algebraic_replay,127204,quartet,0,compatible,adam,0.01,shuffled_projection,best_fixed_rank1_q,1,True,2.4349308946689687,6,0.534423494629746,0.5345311335907862,0.5295570596485426,256,0.4958959330740307,0.8405383211635143,0.8763645323725319,0.5420544543823574,3.440399793816984
frozen_algebraic_replay,127204,quartet,0,compatible,adam,0.01,shuffled_projection,best_fixed_rank1_error,1,True,2.4349308946689687,6,0.4526581281163844,0.3324653685941048,0.6738899638497323,256,0.6144991135689246,0.9163484036319788,0.9330699927833808,0.4149120387551628,3.440399793816984
frozen_algebraic_replay,127204,quartet,0,compatible,adam,0.01,shuffled_projection,uniform_projection,1,True,2.4349308946689687,6,0.21742862074428004,0.2500891632669703,0.1475985590570036,256,0.2392134660514933,0.7400420967370939,0.687580452099143,0.8430259325283783,3.440399793816984
frozen_algebraic_replay,127204,quartet,0,compatible,adam,0.01,shuffled_projection,ancestry_K2,2,True,2.4349308946689687,6,0.5497269220561518,0.4980417547913607,0.6413471523178178,256,0.6374643876589243,0.8963668680332874,0.9177866028385112,0.45463730338243213,3.440399793816984
frozen_algebraic_replay,127204,quartet,0,compatible,adam,0.01,shuffled_projection,ancestry_K3,3,True,2.4349308946689687,6,0.7288980126034096,0.7229331886788992,0.7274719420393867,256,0.6672616629495938,0.9059099008126855,0.9255971748305122,0.43169404705401,3.440399793816984
frozen_algebraic_replay,127204,quartet,0,compatible,adam,0.01,shuffled_projection,ancestry_K4,4,True,2.4349308946689687,6,0.9031567209212297,0.9448640610287995,0.8302110038146708,256,0.86153347837088,0.9581362542209954,0.9670695196719729,0.2863215657440005,3.440399793816984
frozen_algebraic_replay,127204,quartet,0,compatible,adam,0.01,shuffled_projection,ancestry_K5,5,True,2.4349308946689687,6,0.9765922209615322,0.9884894684363059,0.9472355781987905,256,0.9548034771669662,0.9894748375238159,0.9916920343382227,0.14471983956418816,3.440399793816984
frozen_algebraic_replay,127204,quartet,0,compatible,adam,0.01,shuffled_projection,ancestry_K6,6,True,2.4349308946689687,6,1.0,1.0,1.0,256,1.0,1.0,0.9999999999999999,1.2697730553721739e-15,3.440399793816984
frozen_algebraic_replay,127204,quartet,0,compatible,adam,0.03,subtree_projection,unit_broadcast_fixed,1,False,2.4349308946689687,6,-2.4835995506393647,-3.6328911942747015,-1.4224474946770274,256,-1.7163249163475567,-0.8032651494953215,-0.2476742712241322,1.5305494484942581,3.440399793816984
frozen_algebraic_replay,127204,quartet,0,compatible,adam,0.03,subtree_projection,initial_mean_fixed,1,False,2.4349308946689687,6,0.37809521668615975,0.4188642096430739,0.3081572399417978,256,0.41412219214150936,0.7066924864516747,0.7700145208322557,0.7285347579173396,3.440399793816984
frozen_algebraic_replay,127204,quartet,0,compatible,adam,0.03,subtree_projection,initial_mean_projection,1,True,2.4349308946689687,6,0.4659564295415488,0.5310472041550001,0.3826997663424979,256,0.44915455480575117,0.7464314476146253,0.8062408783347501,0.6656087985981801,3.440399793816984
frozen_algebraic_replay,127204,quartet,0,compatible,adam,0.03,subtree_projection,best_fixed_rank1_q,1,True,2.4349308946689687,6,0.534423494629746,0.5345311335907862,0.5295570596485426,256,0.4958959330740307,0.8405383211635143,0.8763645323725319,0.5420544543823574,3.440399793816984
frozen_algebraic_replay,127204,quartet,0,compatible,adam,0.03,subtree_projection,best_fixed_rank1_error,1,True,2.4349308946689687,6,0.4526581281163844,0.3324653685941048,0.6738899638497323,256,0.6144991135689246,0.9163484036319788,0.9330699927833808,0.4149120387551628,3.440399793816984
frozen_algebraic_replay,127204,quartet,0,compatible,adam,0.03,subtree_projection,uniform_projection,1,True,2.4349308946689687,6,0.21742862074428004,0.2500891632669703,0.1475985590570036,256,0.2392134660514933,0.7400420967370939,0.687580452099143,0.8430259325283783,3.440399793816984
frozen_algebraic_replay,127204,quartet,0,compatible,adam,0.03,subtree_projection,ancestry_K2,2,True,2.4349308946689687,6,0.5497269220561518,0.4980417547913607,0.6413471523178178,256,0.6374643876589243,0.8963668680332874,0.9177866028385112,0.45463730338243213,3.440399793816984
frozen_algebraic_replay,127204,quartet,0,compatible,adam,0.03,subtree_projection,ancestry_K3,3,True,2.4349308946689687,6,0.7288980126034096,0.7229331886788992,0.7274719420393867,256,0.6672616629495938,0.9059099008126855,0.9255971748305122,0.43169404705401,3.440399793816984
frozen_algebraic_replay,127204,quartet,0,compatible,adam,0.03,subtree_projection,ancestry_K4,4,True,2.4349308946689687,6,0.9031567209212297,0.9448640610287995,0.8302110038146708,256,0.86153347837088,0.9581362542209954,0.9670695196719729,0.2863215657440005,3.440399793816984
frozen_algebraic_replay,127204,quartet,0,compatible,adam,0.03,subtree_projection,ancestry_K5,5,True,2.4349308946689687,6,0.9765922209615322,0.9884894684363059,0.9472355781987905,256,0.9548034771669662,0.9894748375238159,0.9916920343382227,0.14471983956418816,3.440399793816984
frozen_algebraic_replay,127204,quartet,0,compatible,adam,0.03,subtree_projection,ancestry_K6,6,True,2.4349308946689687,6,1.0,1.0,1.0,256,1.0,1.0,0.9999999999999999,1.2697730553721739e-15,3.440399793816984
frozen_algebraic_replay,127204,quartet,1,compatible,sgd,0.03,exact,unit_broadcast_fixed,1,False,1.6756511088471435,6,-3.2371379791601393,-4.674261675724871,-2.160871643291571,256,-2.3831262359582697,-0.7978542674483408,-0.3028140219311024,1.610038835012002,2.054130322213125
frozen_algebraic_replay,127204,quartet,1,compatible,sgd,0.03,exact,initial_mean_fixed,1,False,1.6756511088471435,6,0.391650276106873,0.3946171404601644,0.35690636470330894,256,0.43213082550623516,0.7099873592766571,0.7756964955128731,0.7146992815671392,2.054130322213125
frozen_algebraic_replay,127204,quartet,1,compatible,sgd,0.03,exact,initial_mean_projection,1,True,1.6756511088471435,6,0.4882224631465617,0.5451677713194127,0.42746813489289326,256,0.47782858315549326,0.7572468971927523,0.8131770603434673,0.6545670468358369,2.054130322213125
frozen_algebraic_replay,127204,quartet,1,compatible,sgd,0.03,exact,best_fixed_rank1_q,1,True,1.6756511088471435,6,0.5352725454667518,0.5458101261398571,0.51814154181463,256,0.4879426047401788,0.8271235727571093,0.8657517919452365,0.5620988455339094,2.054130322213125
frozen_algebraic_replay,127204,quartet,1,compatible,sgd,0.03,exact,best_fixed_rank1_error,1,True,1.6756511088471435,6,0.4610949746367835,0.36366524746120926,0.6303168212521456,256,0.5751125746853116,0.9013507889112851,0.92171893831044,0.4418106234421659,2.054130322213125
frozen_algebraic_replay,127204,quartet,1,compatible,sgd,0.03,exact,uniform_projection,1,True,1.6756511088471435,6,0.22195559495393546,0.25048520020498816,0.1692025184302851,256,0.2353559673099349,0.7563516307409776,0.6832956127106595,0.8468019164230192,2.054130322213125
frozen_algebraic_replay,127204,quartet,1,compatible,sgd,0.03,exact,ancestry_K2,2,True,1.6756511088471435,6,0.5419816827732161,0.49483377939324713,0.6235907258773046,256,0.6093229604839856,0.8940863057854096,0.914282506129488,0.46975805704518464,2.054130322213125
frozen_algebraic_replay,127204,quartet,1,compatible,sgd,0.03,exact,ancestry_K3,3,True,1.6756511088471435,6,0.7198434451900003,0.71662517520133,0.719418174245193,256,0.6599397374683849,0.901144259170111,0.9213404344473273,0.4440864559960387,2.054130322213125
frozen_algebraic_replay,127204,quartet,1,compatible,sgd,0.03,exact,ancestry_K4,4,True,1.6756511088471435,6,0.9012518541525245,0.9401262661364784,0.8412760013514291,256,0.8658172211959329,0.9569348430358321,0.9660104754841026,0.29030887821577656,2.054130322213125
frozen_algebraic_replay,127204,quartet,1,compatible,sgd,0.03,exact,ancestry_K5,5,True,1.6756511088471435,6,0.976912953286237,0.9884580519177252,0.9498603619665348,256,0.9554975905730414,0.9888300862722796,0.9911532602238722,0.14906020768950565,2.054130322213125
frozen_algebraic_replay,127204,quartet,1,compatible,sgd,0.03,exact,ancestry_K6,6,True,1.6756511088471435,6,1.0,1.0,1.0,256,1.0,0.9999999999999996,0.9999999999999998,1.5740346702695968e-15,2.054130322213125
frozen_algebraic_replay,127204,quartet,1,compatible,sgd,0.03,broadcast,unit_broadcast_fixed,1,False,2.615602371792308,6,-2.401465754111159,-3.7863515018930483,-1.2658776629985926,256,-1.6258799535909323,-0.7823891852502121,-0.17198151127708092,1.5256044525019241,3.7062358432956617
frozen_algebraic_replay,127204,quartet,1,compatible,sgd,0.03,broadcast,initial_mean_fixed,1,False,2.615602371792308,6,0.3396559833544497,0.38108959256176467,0.2700040784260149,256,0.38655235069516325,0.6819910262236758,0.7651539009110578,0.7443426887585683,3.7062358432956617
frozen_algebraic_replay,127204,quartet,1,compatible,sgd,0.03,broadcast,initial_mean_projection,1,True,2.615602371792308,6,0.4279795597479257,0.5080137232713038,0.33772834092045,256,0.408006915633222,0.7216615748493734,0.7968422876679576,0.6932900718257423,3.7062358432956617
frozen_algebraic_replay,127204,quartet,1,compatible,sgd,0.03,broadcast,best_fixed_rank1_q,1,True,2.615602371792308,6,0.5157121731968486,0.5019406619613325,0.5366982248785988,256,0.48341151767312707,0.8353373763264873,0.8771993800978604,0.552036348474895,3.7062358432956617
frozen_algebraic_replay,127204,quartet,1,compatible,sgd,0.03,broadcast,best_fixed_rank1_error,1,True,2.615602371792308,6,0.4451411817599338,0.30224408819968906,0.6785770080567035,256,0.6020416915134645,0.9090247084672898,0.9302901892874039,0.42828259219081466,3.7062358432956617
frozen_algebraic_replay,127204,quartet,1,compatible,sgd,0.03,broadcast,uniform_projection,1,True,2.615602371792308,6,0.20795961728374412,0.2500668500381699,0.1326712916621574,256,0.2239970177012821,0.689671185501511,0.6804219821745265,0.8579794558798735,3.7062358432956617
frozen_algebraic_replay,127204,quartet,1,compatible,sgd,0.03,broadcast,ancestry_K2,2,True,2.615602371792308,6,0.5410704566372939,0.4912072185112199,0.6218120197812153,256,0.6153243347518031,0.882974239310959,0.911480009478563,0.47589982612743836,3.7062358432956617
frozen_algebraic_replay,127204,quartet,1,compatible,sgd,0.03,broadcast,ancestry_K3,3,True,2.615602371792308,6,0.7155387348712765,0.7163247538022858,0.7067169672817452,256,0.6419967694869406,0.8962104251756815,0.9213396010715911,0.44997363596148143,3.7062358432956617
frozen_algebraic_replay,127204,quartet,1,compatible,sgd,0.03,broadcast,ancestry_K4,4,True,2.615602371792308,6,0.8822890015032855,0.9356303013936265,0.8011524038145215,256,0.8359398966062893,0.9497222726259298,0.9619791804269355,0.3131033742264296,3.7062358432956617
frozen_algebraic_replay,127204,quartet,1,compatible,sgd,0.03,broadcast,ancestry_K5,5,True,2.615602371792308,6,0.9720269229470059,0.9868074657357265,0.9380646148149365,256,0.9463935407974031,0.9874538278349364,0.9904668512300372,0.15792487034563601,3.7062358432956617
frozen_algebraic_replay,127204,quartet,1,compatible,sgd,0.03,broadcast,ancestry_K6,6,True,2.615602371792308,6,1.0,1.0,1.0,256,1.0,1.0000000000000002,1.0000000000000002,1.2682625990492892e-15,3.7062358432956617
frozen_algebraic_replay,127204,quartet,1,compatible,sgd,0.03,global_projection,unit_broadcast_fixed,1,False,2.1445270758110206,6,-2.75429057620015,-4.112831294854622,-1.5961916818719182,256,-1.9061400148682481,-0.797113030823853,-0.24507453897027276,1.567818905497238,2.90116524153751
frozen_algebraic_replay,127204,quartet,1,compatible,sgd,0.03,global_projection,initial_mean_fixed,1,False,2.1445270758110206,6,0.37690221037001104,0.4027857276852679,0.3165655440221238,256,0.4191168435960604,0.7072438448017779,0.7769157131562078,0.7209014440099706,2.90116524153751
frozen_algebraic_replay,127204,quartet,1,compatible,sgd,0.03,global_projection,initial_mean_projection,1,True,2.1445270758110206,6,0.46507266106278333,0.532138730571854,0.38456148364063747,256,0.45101865005124286,0.7459977195382094,0.809127270871565,0.666061748402765,2.90116524153751
frozen_algebraic_replay,127204,quartet,1,compatible,sgd,0.03,global_projection,best_fixed_rank1_q,1,True,2.1445270758110206,6,0.5307393423446384,0.5274013928237298,0.5353771992861733,256,0.5010179231830303,0.8411560874378236,0.878711169355585,0.5415598545400714,2.90116524153751
frozen_algebraic_replay,127204,quartet,1,compatible,sgd,0.03,global_projection,best_fixed_rank1_error,1,True,2.1445270758110206,6,0.45374733685764046,0.3289148440504019,0.6730069360097597,256,0.6128333383237266,0.9163216866310226,0.9343618081858667,0.4117565554592782,2.90116524153751
frozen_algebraic_replay,127204,quartet,1,compatible,sgd,0.03,global_projection,uniform_projection,1,True,2.1445270758110206,6,0.21563961792787767,0.25049406691290893,0.145191481564231,256,0.22969076298804758,0.7294381745098725,0.6825134834426807,0.8510591466264096,2.90116524153751
frozen_algebraic_replay,127204,quartet,1,compatible,sgd,0.03,global_projection,ancestry_K2,2,True,2.1445270758110206,6,0.550808994855804,0.4982230318529035,0.6395909681161069,256,0.6341281213881256,0.8955818531240265,0.9184611105058603,0.4556435862919298,2.90116524153751
frozen_algebraic_replay,127204,quartet,1,compatible,sgd,0.03,global_projection,ancestry_K3,3,True,2.1445270758110206,6,0.7255709024296468,0.7196372809982114,0.7233001678165686,256,0.6677054563457776,0.9051875656175495,0.9261739794667022,0.4329509244624171,2.90116524153751
frozen_algebraic_replay,127204,quartet,1,compatible,sgd,0.03,global_projection,ancestry_K4,4,True,2.1445270758110206,6,0.8953896318692174,0.9406670237969008,0.8236661829152182,256,0.8539488495226432,0.9551879817929425,0.9652907477696767,0.2960088126648991,2.90116524153751
frozen_algebraic_replay,127204,quartet,1,compatible,sgd,0.03,global_projection,ancestry_K5,5,True,2.1445270758110206,6,0.974694183099934,0.9876664993877552,0.9444366142560964,256,0.9516051095257042,0.9885155852678421,0.9910699377894844,0.15113467514952447,2.90116524153751
frozen_algebraic_replay,127204,quartet,1,compatible,sgd,0.03,global_projection,ancestry_K6,6,True,2.1445270758110206,6,1.0,1.0,1.0,256,1.0,1.0,0.9999999999999999,1.5839185595595754e-15,2.90116524153751
frozen_algebraic_replay,127204,quartet,1,compatible,sgd,0.03,subtree_projection,unit_broadcast_fixed,1,False,1.7882644566627008,6,-3.1254208628863687,-4.466682030085856,-2.04785281367352,256,-2.287848215870941,-0.801464010712748,-0.295731303095866,1.6063892422942843,2.258249314001698
frozen_algebraic_replay,127204,quartet,1,compatible,sgd,0.03,subtree_projection,initial_mean_fixed,1,False,1.7882644566627008,6,0.39357819143715433,0.4093932916979699,0.3469751312385254,256,0.43381690299246456,0.7104847941405114,0.7770262106785383,0.7141680544513869,2.258249314001698
frozen_algebraic_replay,127204,quartet,1,compatible,sgd,0.03,subtree_projection,initial_mean_projection,1,True,1.7882644566627008,6,0.48622911353663634,0.5460477747778147,0.4160309176808701,256,0.47402426811203924,0.7556491023662533,0.8128967121912748,0.6559872753716272,2.258249314001698
frozen_algebraic_replay,127204,quartet,1,compatible,sgd,0.03,subtree_projection,best_fixed_rank1_q,1,True,1.7882644566627008,6,0.5333045585593107,0.5455990719497879,0.5088421004136016,256,0.4777447892700457,0.8232771934576407,0.8634040056052107,0.567758017139237,2.258249314001698
frozen_algebraic_replay,127204,quartet,1,compatible,sgd,0.03,subtree_projection,best_fixed_rank1_error,1,True,1.7882644566627008,6,0.45742121678139236,0.3583439082100733,0.6242345073102933,256,0.5631854397370887,0.8959654430494395,0.9176627004704041,0.4542135221544939,2.258249314001698
frozen_algebraic_replay,127204,quartet,1,compatible,sgd,0.03,subtree_projection,uniform_projection,1,True,1.7882644566627008,6,0.22361723127447708,0.25350052849775534,0.1689343553298145,256,0.2421034823620749,0.7520869196360037,0.687676035756186,0.8436886067228047,2.258249314001698
frozen_algebraic_replay,127204,quartet,1,compatible,sgd,0.03,subtree_projection,ancestry_K2,2,True,1.7882644566627008,6,0.5444617964008255,0.4988333311606721,0.6205777481346226,256,0.6088508043580263,0.8920689538061434,0.9130846826779989,0.4731819837926446,2.258249314001698
frozen_algebraic_replay,127204,quartet,1,compatible,sgd,0.03,subtree_projection,ancestry_K3,3,True,1.7882644566627008,6,0.7204324156823547,0.7183073881147827,0.7162583627302364,256,0.6517696507171966,0.8969069214566159,0.9183437336691074,0.45273128836145643,2.258249314001698
frozen_algebraic_replay,127204,quartet,1,compatible,sgd,0.03,subtree_projection,ancestry_K4,4,True,1.7882644566627008,6,0.9014168044734987,0.9407535920624635,0.8390870040873302,256,0.8665739345830987,0.9565739379639523,0.9658614379265521,0.2914955840055814,2.258249314001698
frozen_algebraic_replay,127204,quartet,1,compatible,sgd,0.03,subtree_projection,ancestry_K5,5,True,1.7882644566627008,6,0.976205782463388,0.987993791787907,0.9486527217062974,256,0.9551150512184667,0.9885453431946624,0.9909632459686503,0.15093278240453492,2.258249314001698
frozen_algebraic_replay,127204,quartet,1,compatible,sgd,0.03,subtree_projection,ancestry_K6,6,True,1.7882644566627008,6,1.0,1.0,1.0,256,1.0,0.9999999999999998,1.0,1.5889397725250767e-15,2.258249314001698
frozen_algebraic_replay,127204,quartet,1,compatible,sgd,0.03,shuffled_projection,unit_broadcast_fixed,1,False,2.084713433261752,6,-2.7978718788598544,-4.1698210208100495,-1.6386510376295655,256,-1.9392380008443397,-0.797319148118911,-0.25549619257945266,1.5723258993838145,2.8037749438590898
frozen_algebraic_replay,127204,quartet,1,compatible,sgd,0.03,shuffled_projection,initial_mean_fixed,1,False,2.084713433261752,6,0.38038261360135994,0.40687065771561387,0.31955472113683836,256,0.419932214368568,0.7084353484051358,0.776759898247159,0.7196102400094256,2.8037749438590898
frozen_algebraic_replay,127204,quartet,1,compatible,sgd,0.03,shuffled_projection,initial_mean_projection,1,True,2.084713433261752,6,0.46942368749157815,0.5369230390763263,0.3883353013175562,256,0.4533509873513687,0.7483213891202442,0.8098961764251569,0.6633556149010806,2.8037749438590898
frozen_algebraic_replay,127204,quartet,1,compatible,sgd,0.03,shuffled_projection,best_fixed_rank1_q,1,True,2.084713433261752,6,0.5332713006628487,0.5318106913750706,0.5339682207308453,256,0.5005275576661409,0.8412070297874126,0.8782236729089167,0.5411882885529514,2.8037749438590898
frozen_algebraic_replay,127204,quartet,1,compatible,sgd,0.03,shuffled_projection,best_fixed_rank1_error,1,True,2.084713433261752,6,0.45584689100660525,0.33554687052353754,0.6681646564015737,256,0.6086032054728252,0.9139006653037366,0.9322766318936749,0.41659881583755265,2.8037749438590898
frozen_algebraic_replay,127204,quartet,1,compatible,sgd,0.03,shuffled_projection,uniform_projection,1,True,2.084713433261752,6,0.2166609834361104,0.2509360982397467,0.14739171960637343,256,0.2306506288963318,0.7327284999009163,0.6822672997749697,0.8502362203397512,2.8037749438590898
frozen_algebraic_replay,127204,quartet,1,compatible,sgd,0.03,shuffled_projection,ancestry_K2,2,True,2.084713433261752,6,0.5512298186660898,0.5007444892795063,0.6376382569454364,256,0.6317233158050046,0.8955167353600609,0.9179133273125197,0.4568878247574332,2.8037749438590898
frozen_algebraic_replay,127204,quartet,1,compatible,sgd,0.03,shuffled_projection,ancestry_K3,3,True,2.084713433261752,6,0.7245981331066159,0.7195670935320089,0.7216981375426477,256,0.6661154577174022,0.9044204189157323,0.9251897114909131,0.4351953703025927,2.8037749438590898
frozen_algebraic_replay,127204,quartet,1,compatible,sgd,0.03,shuffled_projection,ancestry_K4,4,True,2.084713433261752,6,0.897238854032752,0.941632019385731,0.8260058253275523,256,0.85600204058355,0.9559593543537889,0.9657340265512458,0.29350736138628136,2.8037749438590898
frozen_algebraic_replay,127204,quartet,1,compatible,sgd,0.03,shuffled_projection,ancestry_K5,5,True,2.084713433261752,6,0.975174548338459,0.9879130909118751,0.945152203137498,256,0.9522802011329093,0.9886837693561207,0.991162123917706,0.15002903591607633,2.8037749438590898
frozen_algebraic_replay,127204,quartet,1,compatible,sgd,0.03,shuffled_projection,ancestry_K6,6,True,2.084713433261752,6,1.0,1.0,1.0,256,1.0,0.9999999999999999,1.0,1.3547191408781696e-15,2.8037749438590898
frozen_algebraic_replay,127204,quartet,1,compatible,adam,0.003,broadcast,unit_broadcast_fixed,1,False,2.4697060695728026,6,-2.46551474049368,-3.614646338644488,-1.4034184153132547,256,-1.703294352489392,-0.8029104518763408,-0.24098828365849662,1.5283370673011234,3.4952310482184816
frozen_algebraic_replay,127204,quartet,1,compatible,adam,0.003,broadcast,initial_mean_fixed,1,False,2.4697060695728026,6,0.37518677361914154,0.4172008969342883,0.30489558993011323,256,0.4126953744096383,0.7046537598019644,0.7693344545437322,0.7301819073959567,3.4952310482184816
frozen_algebraic_replay,127204,quartet,1,compatible,adam,0.003,broadcast,initial_mean_projection,1,True,2.4697060695728026,6,0.4630888064985085,0.5290639113332599,0.37937154496887404,256,0.4463778727904161,0.7447066986880996,0.8055762761228717,0.6675891523031359,3.4952310482184816
frozen_algebraic_replay,127204,quartet,1,compatible,adam,0.003,broadcast,best_fixed_rank1_q,1,True,2.4697060695728026,6,0.5325727685890775,0.5323903057380286,0.5283823395607361,256,0.4940726177791839,0.8397158561085635,0.8761087522020842,0.5433427014819696,3.4952310482184816
frozen_algebraic_replay,127204,quartet,1,compatible,adam,0.003,broadcast,best_fixed_rank1_error,1,True,2.4697060695728026,6,0.4508498090682376,0.3294404323480994,0.6740226558132171,256,0.6134560898702093,0.9157501050632254,0.9327469530721384,0.4165650695448903,3.4952310482184816
frozen_algebraic_replay,127204,quartet,1,compatible,adam,0.003,broadcast,uniform_projection,1,True,2.4697060695728026,6,0.21686131613414517,0.24969208868917409,0.14680236635244825,256,0.23983855925845954,0.7389080541978315,0.6885459993671269,0.8428060743047718,3.4952310482184816
frozen_algebraic_replay,127204,quartet,1,compatible,adam,0.003,broadcast,ancestry_K2,2,True,2.4697060695728026,6,0.5479849228350009,0.49632363213665603,0.6392736392506289,256,0.6356625609858193,0.895346277685869,0.9172516474722268,0.45644139683053425,3.4952310482184816
frozen_algebraic_replay,127204,quartet,1,compatible,adam,0.003,broadcast,ancestry_K3,3,True,2.4697060695728026,6,0.7279613597636119,0.7225980786119262,0.725694420542301,256,0.664886335331226,0.9053873064961511,0.9254130334533927,0.4326782775585524,3.4952310482184816
frozen_algebraic_replay,127204,quartet,1,compatible,adam,0.003,broadcast,ancestry_K4,4,True,2.4697060695728026,6,0.9025074318970883,0.9447652295507041,0.8281194671687316,256,0.8602137629248174,0.9578410711621004,0.9669321776730904,0.28730764401459746,3.4952310482184816
frozen_algebraic_replay,127204,quartet,1,compatible,adam,0.003,broadcast,ancestry_K5,5,True,2.4697060695728026,6,0.9763570207115541,0.9884214427806362,0.946428127923432,256,0.9542732814849734,0.9893967261730336,0.9916537976581776,0.1452533837363444,3.4952310482184816
frozen_algebraic_replay,127204,quartet,1,compatible,adam,0.003,broadcast,ancestry_K6,6,True,2.4697060695728026,6,1.0,1.0,1.0,256,1.0,1.0,0.9999999999999999,1.4742633099703852e-15,3.4952310482184816
frozen_algebraic_replay,127204,quartet,1,compatible,adam,0.01,exact,unit_broadcast_fixed,1,False,2.1750429542994025,6,-2.6695828914496236,-3.8598133840903706,-1.5889269540668547,256,-1.8665819606528227,-0.8042654297295085,-0.26461039604036724,1.5486592599465896,2.9880185838421025
frozen_algebraic_replay,127204,quartet,1,compatible,adam,0.01,exact,initial_mean_fixed,1,False,2.1750429542994025,6,0.3876117805923257,0.42160480029452524,0.3273112796946408,256,0.4245365876710767,0.7131578535441739,0.7747574700420743,0.7210420413938977,2.9880185838421025
frozen_algebraic_replay,127204,quartet,1,compatible,adam,0.01,exact,initial_mean_projection,1,True,2.1750429542994025,6,0.47593996486772316,0.5381834773334115,0.40024883866915395,256,0.4623765048921984,0.7538864625825871,0.8112775488040445,0.6570067419101719,2.9880185838421025
frozen_algebraic_replay,127204,quartet,1,compatible,adam,0.01,exact,best_fixed_rank1_q,1,True,2.1750429542994025,6,0.5382200002939806,0.5399366949951567,0.5350812074049376,256,0.5046599171641424,0.8449188704488062,0.8794276981057214,0.5350493740655665,2.9880185838421025
frozen_algebraic_replay,127204,quartet,1,compatible,adam,0.01,exact,best_fixed_rank1_error,1,True,2.1750429542994025,6,0.4567035831958608,0.34263109152565385,0.6741672265186863,256,0.6206736029640652,0.9205852799679565,0.9363754546206599,0.4041360103973483,2.9880185838421025
frozen_algebraic_replay,127204,quartet,1,compatible,adam,0.01,exact,uniform_projection,1,True,2.1750429542994025,6,0.21643804003590217,0.2457210046322461,0.1520132476206778,256,0.239829634391169,0.7532169963065478,0.6899506432018369,0.8410632092736884,2.9880185838421025
frozen_algebraic_replay,127204,quartet,1,compatible,adam,0.01,exact,ancestry_K2,2,True,2.1750429542994025,6,0.5464238060867944,0.49516346790331744,0.6402755658619568,256,0.6363315995203584,0.8996653044518014,0.9199341589950771,0.44997519167876177,2.9880185838421025
frozen_algebraic_replay,127204,quartet,1,compatible,adam,0.01,exact,ancestry_K3,3,True,2.1750429542994025,6,0.7276663922679677,0.7224557665748554,0.7268247111391867,256,0.6715616757074707,0.908874570415719,0.9276677602737422,0.42607159454279814,2.9880185838421025
frozen_algebraic_replay,127204,quartet,1,compatible,adam,0.01,exact,ancestry_K4,4,True,2.1750429542994025,6,0.9054614343606565,0.946555347793379,0.8322929378455455,256,0.862570800501838,0.9586255231130054,0.9673809519683368,0.28467766561770125,2.9880185838421025
frozen_algebraic_replay,127204,quartet,1,compatible,adam,0.01,exact,ancestry_K5,5,True,2.1750429542994025,6,0.9773523910965891,0.9890411727517938,0.9476810958818987,256,0.9550211162289034,0.9895114663009541,0.991702911290666,0.14446878836875174,2.9880185838421025
frozen_algebraic_replay,127204,quartet,1,compatible,adam,0.01,exact,ancestry_K6,6,True,2.1750429542994025,6,1.0,1.0,1.0,256,1.0,1.0000000000000002,1.0000000000000002,1.5924221985253953e-15,2.9880185838421025
frozen_algebraic_replay,127204,quartet,1,compatible,adam,0.01,global_projection,unit_broadcast_fixed,1,False,2.242056235877621,6,-2.633130207052757,-3.8474574890344035,-1.5206045815461575,256,-1.809336152191657,-0.8009678900307341,-0.26437249200479745,1.5507163134472466,3.1059095575622564
frozen_algebraic_replay,127204,quartet,1,compatible,adam,0.01,global_projection,initial_mean_fixed,1,False,2.242056235877621,6,0.3908820634740282,0.42452640380255346,0.32566152219552047,256,0.4247591483053985,0.7180159029807026,0.7781209606966852,0.716916089805536,3.1059095575622564
frozen_algebraic_replay,127204,quartet,1,compatible,adam,0.01,global_projection,initial_mean_projection,1,True,2.242056235877621,6,0.4785131176253432,0.5413613808539842,0.39932342597711235,256,0.4620047143246937,0.7557754775810226,0.8126622436700153,0.655029568204437,3.1059095575622564
frozen_algebraic_replay,127204,quartet,1,compatible,adam,0.01,global_projection,best_fixed_rank1_q,1,True,2.242056235877621,6,0.5452932748983862,0.5418231995261298,0.5512778196453958,256,0.5225857353957324,0.8538840316670815,0.8862302182219782,0.5210242099740242,3.1059095575622564
frozen_algebraic_replay,127204,quartet,1,compatible,adam,0.01,global_projection,best_fixed_rank1_error,1,True,2.242056235877621,6,0.46399732436991437,0.34540274435368334,0.6917945101608678,256,0.6422715820269027,0.9268997708139411,0.941465726324513,0.3879475705079914,3.1059095575622564
frozen_algebraic_replay,127204,quartet,1,compatible,adam,0.01,global_projection,uniform_projection,1,True,2.242056235877621,6,0.21558472358546865,0.246349197569757,0.14436687028247797,256,0.23244858462247198,0.7466308533834993,0.6854139821939702,0.8448125919543227,3.1059095575622564
frozen_algebraic_replay,127204,quartet,1,compatible,adam,0.01,global_projection,ancestry_K2,2,True,2.242056235877621,6,0.556600024028781,0.5025559276395208,0.6560605651870879,256,0.6520554651263994,0.9033309258016691,0.9232216504835672,0.4390112131449658,3.1059095575622564
frozen_algebraic_replay,127204,quartet,1,compatible,adam,0.01,global_projection,ancestry_K3,3,True,2.242056235877621,6,0.7339706682025322,0.7245312214266711,0.7374881719052917,256,0.6860133701969666,0.9130761163114861,0.9310446576074544,0.41606203266357156,3.1059095575622564
frozen_algebraic_replay,127204,quartet,1,compatible,adam,0.01,global_projection,ancestry_K4,4,True,2.242056235877621,6,0.9072913220858196,0.9479242067326266,0.8371346463380058,256,0.8659328504777659,0.9602290796123816,0.9686445063333996,0.27922100042223325,3.1059095575622564
frozen_algebraic_replay,127204,quartet,1,compatible,adam,0.01,global_projection,ancestry_K5,5,True,2.242056235877621,6,0.9780129910424421,0.9892855201104996,0.9505491379220953,256,0.957230458789388,0.9901407626198685,0.992201478193429,0.14008756488695795,3.1059095575622564
frozen_algebraic_replay,127204,quartet,1,compatible,adam,0.01,global_projection,ancestry_K6,6,True,2.242056235877621,6,1.0,1.0,1.0,256,1.0,1.0,0.9999999999999999,1.352247218932982e-15,3.1059095575622564
frozen_algebraic_replay,127204,quartet,1,compatible,adam,0.01,shuffled_projection,unit_broadcast_fixed,1,False,2.2439905477976714,6,-2.635881613750323,-3.8502913873051208,-1.5320849286750073,256,-1.8198556416868557,-0.8023375231663522,-0.26518856609019503,1.551380410958785,3.1062679391391916
frozen_algebraic_replay,127204,quartet,1,compatible,adam,0.01,shuffled_projection,initial_mean_fixed,1,False,2.2439905477976714,6,0.3913746869013178,0.4241783726740312,0.326902854081101,256,0.4260512685458743,0.718800924230782,0.7786674158281341,0.7162916470247763,3.1062679391391916
frozen_algebraic_replay,127204,quartet,1,compatible,adam,0.01,shuffled_projection,initial_mean_projection,1,True,2.2439905477976714,6,0.4793511388152858,0.5416007899077759,0.4012047941039957,256,0.46375169411592065,0.756577330355044,0.8132765658823512,0.6541034204502986,3.1062679391391916
frozen_algebraic_replay,127204,quartet,1,compatible,adam,0.01,shuffled_projection,best_fixed_rank1_q,1,True,2.2439905477976714,6,0.5458964206876478,0.5426878806242712,0.5513371235133787,256,0.5234785447984593,0.8543101197972225,0.8865763384178955,0.5202627850760868,3.1062679391391916
frozen_algebraic_replay,127204,quartet,1,compatible,adam,0.01,shuffled_projection,best_fixed_rank1_error,1,True,2.2439905477976714,6,0.46471119456292864,0.347262050043291,0.6909231280233041,256,0.6425158615829223,0.927317358185212,0.941784813331241,0.38708810946621375,3.1062679391391916
frozen_algebraic_replay,127204,quartet,1,compatible,adam,0.01,shuffled_projection,uniform_projection,1,True,2.2439905477976714,6,0.21591304879371942,0.24564668705804138,0.14807177610792277,256,0.23838882053810218,0.7521961065506317,0.6906140461251805,0.8404755892933247,3.1062679391391916
frozen_algebraic_replay,127204,quartet,1,compatible,adam,0.01,shuffled_projection,ancestry_K2,2,True,2.2439905477976714,6,0.5532363832453671,0.5009414920798084,0.6491270426978534,256,0.6470407310804676,0.9016179266292925,0.9218865473521777,0.4426365203573311,3.1062679391391916
frozen_algebraic_replay,127204,quartet,1,compatible,adam,0.01,shuffled_projection,ancestry_K3,3,True,2.2439905477976714,6,0.7309190813013615,0.722995098151201,0.73083118047866,256,0.6810383948533518,0.9113827361617854,0.9297258633137166,0.4198508705227508,3.1062679391391916
frozen_algebraic_replay,127204,quartet,1,compatible,adam,0.01,shuffled_projection,ancestry_K4,4,True,2.2439905477976714,6,0.9045446633642353,0.9464545787475511,0.8308533333336443,256,0.8614807788692667,0.9586802977537343,0.9674328890552794,0.2844927082809395,3.1062679391391916
frozen_algebraic_replay,127204,quartet,1,compatible,adam,0.01,shuffled_projection,ancestry_K5,5,True,2.2439905477976714,6,0.9767817780668998,0.9888545170237454,0.9465805945066846,256,0.9539033965599719,0.9892599729867709,0.9915065945941496,0.14617709152475622,3.1062679391391916
frozen_algebraic_replay,127204,quartet,1,compatible,adam,0.01,shuffled_projection,ancestry_K6,6,True,2.2439905477976714,6,1.0,1.0,1.0,256,1.0,1.0,1.0,1.3563746532149032e-15,3.1062679391391916
frozen_algebraic_replay,127204,quartet,1,compatible,adam,0.03,subtree_projection,unit_broadcast_fixed,1,False,1.8055686907824733,6,-3.07330547812672,-4.161572012725367,-2.11859277396452,256,-2.3294071942788896,-0.8073758317686305,-0.2951691819279717,1.588764427285736,2.3021902254178315
frozen_algebraic_replay,127204,quartet,1,compatible,adam,0.03,subtree_projection,initial_mean_fixed,1,False,1.8055686907824733,6,0.4040543003529794,0.4280054160646534,0.3641375488830386,256,0.4434637137554245,0.713016285164429,0.7764757072209978,0.7153738197071735,2.3021902254178315
frozen_algebraic_replay,127204,quartet,1,compatible,adam,0.03,subtree_projection,initial_mean_projection,1,True,1.8055686907824733,6,0.4955521543862924,0.5485065454454662,0.43479435033338265,256,0.4872693201540029,0.762056419712968,0.8165307912733608,0.6494479914231458,2.3021902254178315
frozen_algebraic_replay,127204,quartet,1,compatible,adam,0.03,subtree_projection,best_fixed_rank1_q,1,True,1.8055686907824733,6,0.5441264596351467,0.5605840753047148,0.5138984391215524,256,0.4767361764756878,0.8261003980379356,0.8648516272571073,0.5639798632372011,2.3021902254178315
frozen_algebraic_replay,127204,quartet,1,compatible,adam,0.03,subtree_projection,best_fixed_rank1_error,1,True,1.8055686907824733,6,0.46679421251710185,0.38002177661936437,0.6257283679880068,256,0.5712582201192875,0.9021829111483468,0.9216837961485593,0.4455061231151289,2.3021902254178315
frozen_algebraic_replay,127204,quartet,1,compatible,adam,0.03,subtree_projection,uniform_projection,1,True,1.8055686907824733,6,0.22211883009931765,0.24567653644901719,0.17916233263187853,256,0.255008725595515,0.7799202949715242,0.702147631955717,0.8310824706627127,2.3021902254178315
frozen_algebraic_replay,127204,quartet,1,compatible,adam,0.03,subtree_projection,ancestry_K2,2,True,1.8055686907824733,6,0.5369940839626759,0.4935784335327915,0.6169743535474839,256,0.6046968511578524,0.8958027992591374,0.9149791921631039,0.470607916431891,2.3021902254178315
frozen_algebraic_replay,127204,quartet,1,compatible,adam,0.03,subtree_projection,ancestry_K3,3,True,1.8055686907824733,6,0.7232362365285963,0.7238705388446234,0.7209007585966802,256,0.6523988971949248,0.89959494126787,0.919967424079583,0.44829732990198695,2.3021902254178315
frozen_algebraic_replay,127204,quartet,1,compatible,adam,0.03,subtree_projection,ancestry_K4,4,True,1.8055686907824733,6,0.9119761960292504,0.9473798638959705,0.8497438312643618,256,0.8778690818944482,0.959239800237346,0.9678061622379157,0.28259613691958624,2.3021902254178315
frozen_algebraic_replay,127204,quartet,1,compatible,adam,0.03,subtree_projection,ancestry_K5,5,True,1.8055686907824733,6,0.9782970846388811,0.9889980223735206,0.9520748035575126,256,0.9588120569657375,0.9890423834719778,0.9913173367681797,0.14763509615458317,2.3021902254178315
frozen_algebraic_replay,127204,quartet,1,compatible,adam,0.03,subtree_projection,ancestry_K6,6,True,1.8055686907824733,6,1.0,1.0,1.0,256,1.0,1.0,1.0000000000000002,1.384161304351755e-15,2.3021902254178315
frozen_algebraic_replay,127204,quartet,16,compatible,sgd,0.03,exact,unit_broadcast_fixed,1,False,0.8283054947759217,6,-6.747577362641887,-9.942509523443091,-7.239217179871201,256,-7.542767682715217,-0.40494979826134997,-0.37089013002550986,1.6367695009904553,0.34706665389025
frozen_algebraic_replay,127204,quartet,16,compatible,sgd,0.03,exact,initial_mean_fixed,1,False,0.8283054947759217,6,0.14763375879878127,-0.13520935577054352,0.18064463223858995,256,0.09724329567231604,0.4381365737640621,0.45564016753236164,0.9352967695343906,0.34706665389025
frozen_algebraic_replay,127204,quartet,16,compatible,sgd,0.03,exact,initial_mean_projection,1,True,0.8283054947759217,6,0.495835712985477,0.53046851699137,0.5334489461041445,256,0.46751837942809416,0.68861028857194,0.6948521666497085,0.7521780324934022,0.34706665389025
frozen_algebraic_replay,127204,quartet,16,compatible,sgd,0.03,exact,best_fixed_rank1_q,1,True,0.8283054947759217,6,0.5195919906690474,0.5580482248965851,0.5444996109301001,256,0.4689581596248714,0.7091038777289045,0.7153723534542535,0.7283684079997502,0.34706665389025
frozen_algebraic_replay,127204,quartet,16,compatible,sgd,0.03,exact,best_fixed_rank1_error,1,True,0.8283054947759217,6,0.5166118306510273,0.5563682592327261,0.547878271742456,256,0.4782917453876421,0.6875309139770448,0.6945636781475536,0.7469185041114149,0.34706665389025
frozen_algebraic_replay,127204,quartet,16,compatible,sgd,0.03,exact,uniform_projection,1,True,0.8283054947759217,6,0.21588430768874456,0.22792884084991646,0.21900412075995834,256,0.17402222103700948,0.6655287454372264,0.6198119769370235,0.8749931861674642,0.34706665389025
frozen_algebraic_replay,127204,quartet,16,compatible,sgd,0.03,exact,ancestry_K2,2,True,0.8283054947759217,6,0.46143929192756095,0.4419974854533457,0.4860505564366091,256,0.38800795006852484,0.8263107820059373,0.8277008038287378,0.624388508763811,0.34706665389025
frozen_algebraic_replay,127204,quartet,16,compatible,sgd,0.03,exact,ancestry_K3,3,True,0.8283054947759217,6,0.6664991435881196,0.6733468531748446,0.6863884016969972,256,0.5936780392578831,0.8997329718698797,0.9018667453133576,0.45346128134437746,0.34706665389025
frozen_algebraic_replay,127204,quartet,16,compatible,sgd,0.03,exact,ancestry_K4,4,True,0.8283054947759217,6,0.906709100002125,0.9201327587849348,0.915125925335431,256,0.914681354662601,0.9918767748903103,0.9920652429774821,0.12721584640038316,0.34706665389025
frozen_algebraic_replay,127204,quartet,16,compatible,sgd,0.03,exact,ancestry_K5,5,True,0.8283054947759217,6,0.9795294665486591,0.9877746326199105,0.9784252720231098,256,0.9776655923130129,0.9966446098269541,0.9967222869832976,0.08185349783982178,0.34706665389025
frozen_algebraic_replay,127204,quartet,16,compatible,sgd,0.03,exact,ancestry_K6,6,True,0.8283054947759217,6,1.0,1.0,1.0,256,1.0,1.0,1.0,2.509362324450238e-15,0.34706665389025
frozen_algebraic_replay,127204,quartet,16,compatible,sgd,0.03,broadcast,unit_broadcast_fixed,1,False,1.1497008357735379,6,-1.6693570860678948,-301.56320595742943,-0.9720785957333333,256,-1.8322587293756567,-0.1284454714522853,0.19378684853982678,1.1970042839969388,0.8724529033662215
frozen_algebraic_replay,127204,quartet,16,compatible,sgd,0.03,broadcast,initial_mean_fixed,1,False,1.1497008357735379,6,-0.31851945739794285,-74.24377367815555,-0.1998653280167919,256,-0.6410424308207618,0.0685127595354205,0.34014906609310036,1.085119956664707,0.8724529033662215
frozen_algebraic_replay,127204,quartet,16,compatible,sgd,0.03,broadcast,initial_mean_projection,1,True,1.1497008357735379,6,0.01798676288737311,0.11048726610578136,0.01378973000491801,256,0.016124943472180076,0.21682279722653833,0.464377738381505,0.981324343877809,0.8724529033662215
frozen_algebraic_replay,127204,quartet,16,compatible,sgd,0.03,broadcast,best_fixed_rank1_q,1,True,1.1497008357735379,6,0.8697631662012716,0.6231970074186086,0.8653190035429457,256,0.7879236660800264,0.8999570902125564,0.9158197771151704,0.46397011311383574,0.8724529033662215
frozen_algebraic_replay,127204,quartet,16,compatible,sgd,0.03,broadcast,best_fixed_rank1_error,1,True,1.1497008357735379,6,0.8685970958374573,0.6233508637649428,0.8664800574447763,256,0.7897219068125314,0.9003491838871193,0.9160456242468318,0.46387075267332584,0.8724529033662215
frozen_algebraic_replay,127204,quartet,16,compatible,sgd,0.03,broadcast,uniform_projection,1,True,1.1497008357735379,6,0.20487916445697463,0.23191518244187764,0.2012081420791877,256,-0.13871355620820003,0.6410209574478688,0.6789121010269784,0.8319078305966627,0.8724529033662215
frozen_algebraic_replay,127204,quartet,16,compatible,sgd,0.03,broadcast,ancestry_K2,2,True,1.1497008357735379,6,0.44290532866258014,0.4162632731189774,0.41350741767035526,256,0.24457613143931178,0.696899911029733,0.7605785515308737,0.7201291270208913,0.8724529033662215
frozen_algebraic_replay,127204,quartet,16,compatible,sgd,0.03,broadcast,ancestry_K3,3,True,1.1497008357735379,6,0.45551604181550476,0.47371968891240945,0.4227090522789516,256,0.2512934575829793,0.7175348653125561,0.7746338252877939,0.7047165934722548,0.8724529033662215
frozen_algebraic_replay,127204,quartet,16,compatible,sgd,0.03,broadcast,ancestry_K4,4,True,1.1497008357735379,6,0.4662746864997692,0.6112993651497957,0.42999457193158086,256,0.2822527445059375,0.732089457559547,0.7859685613059495,0.6888189299187493,0.8724529033662215
frozen_algebraic_replay,127204,quartet,16,compatible,sgd,0.03,broadcast,ancestry_K5,5,True,1.1497008357735379,6,0.8631035355800508,0.8996571678076701,0.8506355997090512,256,0.8051774233634693,0.9373562330332572,0.9490840124886262,0.34896459194469037,0.8724529033662215
frozen_algebraic_replay,127204,quartet,16,compatible,sgd,0.03,broadcast,ancestry_K6,6,True,1.1497008357735379,6,1.0,1.0,1.0,256,1.0,1.0,0.9999999999999999,1.2029851015570161e-15,0.8724529033662215
frozen_algebraic_replay,127204,quartet,16,compatible,sgd,0.03,global_projection,unit_broadcast_fixed,1,False,1.085924604937732,6,-6.255021544679983,-13.000285678494233,-5.097065266817437,256,-5.621161760701774,-0.6705605222085869,-0.23172169279825405,1.9490323705817687,0.7004004274348927
frozen_algebraic_replay,127204,quartet,16,compatible,sgd,0.03,global_projection,initial_mean_fixed,1,False,1.085924604937732,6,0.0649320445828484,-0.6327997407913,0.14968276929656,256,0.19193731195742825,0.6559406925513699,0.7608760308268747,0.7959714636276416,0.7004004274348927
frozen_algebraic_replay,127204,quartet,16,compatible,sgd,0.03,global_projection,initial_mean_projection,1,True,1.085924604937732,6,0.4109630289592595,0.49927251214641766,0.39883569341161185,256,0.4439592514567301,0.7136572023415999,0.8063112061672525,0.7006414941943232,0.7004004274348927
frozen_algebraic_replay,127204,quartet,16,compatible,sgd,0.03,global_projection,best_fixed_rank1_q,1,True,1.085924604937732,6,0.4760851221941762,0.3802559932291607,0.5592800514478052,256,0.4939110931518643,0.844910778487272,0.8909760265526321,0.5440744203373893,0.7004004274348927
frozen_algebraic_replay,127204,quartet,16,compatible,sgd,0.03,global_projection,best_fixed_rank1_error,1,True,1.085924604937732,6,0.46087721361311074,0.29429569126145255,0.5866759435528359,256,0.5242082687229638,0.891450830011698,0.9239256387443321,0.4531176844857358,0.7004004274348927
frozen_algebraic_replay,127204,quartet,16,compatible,sgd,0.03,global_projection,uniform_projection,1,True,1.085924604937732,6,0.20278837694053053,0.2610014760887698,0.15993583252100507,256,0.17459588297333584,0.6159887927693379,0.640932642130941,0.9154201559671237,0.7004004274348927
frozen_algebraic_replay,127204,quartet,16,compatible,sgd,0.03,global_projection,ancestry_K2,2,True,1.085924604937732,6,0.5351909225146061,0.4801529925295503,0.5865168125792299,256,0.5510763693638154,0.8610786851518322,0.901981880125089,0.5157152171733834,0.7004004274348927
frozen_algebraic_replay,127204,quartet,16,compatible,sgd,0.03,global_projection,ancestry_K3,3,True,1.085924604937732,6,0.6759843885389163,0.6766171326173807,0.6861074528754962,256,0.6384971736029855,0.8913952606595914,0.9229203833293977,0.46043785420648825,0.7004004274348927
frozen_algebraic_replay,127204,quartet,16,compatible,sgd,0.03,global_projection,ancestry_K4,4,True,1.085924604937732,6,0.8084773163107667,0.8846974354645089,0.7888696008448892,256,0.8023269331828794,0.9399390568385368,0.9575703245501974,0.34134477235921484,0.7004004274348927
frozen_algebraic_replay,127204,quartet,16,compatible,sgd,0.03,global_projection,ancestry_K5,5,True,1.085924604937732,6,0.9562076827212652,0.9791866339332632,0.9335471587578899,256,0.9347810470305444,0.9808423032528507,0.9863807463755292,0.19481694717969633,0.7004004274348927
frozen_algebraic_replay,127204,quartet,16,compatible,sgd,0.03,global_projection,ancestry_K6,6,True,1.085924604937732,6,1.0,1.0,1.0,256,1.0,1.0000000000000002,0.9999999999999999,1.9996302275379218e-15,0.7004004274348927
frozen_algebraic_replay,127204,quartet,16,compatible,sgd,0.03,subtree_projection,unit_broadcast_fixed,1,False,0.9295759228059053,6,-7.036000486093268,-9.918639858040432,-7.191378718602191,256,-7.402168488621674,-0.5432781383570923,-0.40278842774446244,1.878227746753665,0.4575237037024232
frozen_algebraic_replay,127204,quartet,16,compatible,sgd,0.03,subtree_projection,initial_mean_fixed,1,False,0.9295759228059053,6,0.21765728617438007,-0.0004695925204551282,0.24250671188174744,256,0.19502805096501197,0.5824942751786543,0.6308024424806652,0.8561329051359876,0.4575237037024232
frozen_algebraic_replay,127204,quartet,16,compatible,sgd,0.03,subtree_projection,initial_mean_projection,1,True,0.9295759228059053,6,0.5295759931568746,0.5709798390699696,0.5474139680485575,256,0.5010288055808549,0.7323485851573276,0.7553436599986989,0.7155200876949415,0.4575237037024232
frozen_algebraic_replay,127204,quartet,16,compatible,sgd,0.03,subtree_projection,best_fixed_rank1_q,1,True,0.9295759228059053,6,0.539335472064523,0.5917726842381634,0.5477680098081584,256,0.48995814299275586,0.7437179968491229,0.76399162824719,0.7083936352210591,0.4575237037024232
frozen_algebraic_replay,127204,quartet,16,compatible,sgd,0.03,subtree_projection,best_fixed_rank1_error,1,True,0.9295759228059053,6,0.5369284115987905,0.5853811723696292,0.5502542183792922,256,0.4996917729537903,0.7366883918900133,0.7585242622832963,0.7131692878796897,0.4575237037024232
frozen_algebraic_replay,127204,quartet,16,compatible,sgd,0.03,subtree_projection,uniform_projection,1,True,0.9295759228059053,6,0.24540945473081965,0.26807309923444234,0.24854854944617233,256,0.209811795063644,0.7017969800250521,0.6021034491800681,0.8788148777126781,0.4575237037024232
frozen_algebraic_replay,127204,quartet,16,compatible,sgd,0.03,subtree_projection,ancestry_K2,2,True,0.9295759228059053,6,0.5070875290836012,0.4895464791488311,0.521213076789808,256,0.42850857508514995,0.790812031589956,0.8054257399446368,0.6592993671775197,0.4575237037024232
frozen_algebraic_replay,127204,quartet,16,compatible,sgd,0.03,subtree_projection,ancestry_K3,3,True,0.9295759228059053,6,0.6760574306051227,0.685496855603852,0.6820756052156354,256,0.5796279152738284,0.839566971949048,0.8549043102698894,0.5645551197959584,0.4575237037024232
frozen_algebraic_replay,127204,quartet,16,compatible,sgd,0.03,subtree_projection,ancestry_K4,4,True,0.9295759228059053,6,0.8967479724268845,0.9188272938534531,0.904158009781936,256,0.9072138000210539,0.9796279547472091,0.9817255862242876,0.20082799068630675,0.4575237037024232
frozen_algebraic_replay,127204,quartet,16,compatible,sgd,0.03,subtree_projection,ancestry_K5,5,True,0.9295759228059053,6,0.9746153516740292,0.9852463413505248,0.9708607039708856,256,0.9701447498464089,0.9918362411654114,0.992672127804443,0.12752432974086061,0.4575237037024232
frozen_algebraic_replay,127204,quartet,16,compatible,sgd,0.03,subtree_projection,ancestry_K6,6,True,0.9295759228059053,6,1.0,1.0,1.0,256,1.0,1.0,1.0,2.9174490233059578e-15,0.4575237037024232
frozen_algebraic_replay,127204,quartet,16,compatible,sgd,0.03,shuffled_projection,unit_broadcast_fixed,1,False,1.0271840455808676,6,-6.350369504276767,-11.271457255519252,-5.5296054612779315,256,-5.846120270925954,-0.6638850751595188,-0.34380302202001267,1.9301320948291822,0.6422564621635418
frozen_algebraic_replay,127204,quartet,16,compatible,sgd,0.03,shuffled_projection,initial_mean_fixed,1,False,1.0271840455808676,6,0.157367898510116,-0.28494782505345573,0.21137696039719234,256,0.23615115226575878,0.6581212216010003,0.736331370606863,0.78451377357983,0.6422564621635418
frozen_algebraic_replay,127204,quartet,16,compatible,sgd,0.03,shuffled_projection,initial_mean_projection,1,True,1.0271840455808676,6,0.46754479157465656,0.5355704071794803,0.4585766802413641,256,0.47729086546994115,0.7407937800066867,0.8012194881845968,0.675407861737222,0.6422564621635418
frozen_algebraic_replay,127204,quartet,16,compatible,sgd,0.03,shuffled_projection,best_fixed_rank1_q,1,True,1.0271840455808676,6,0.5039096194967145,0.4996496881847806,0.5265502073016106,256,0.4944701658389027,0.8133913282834434,0.855891436096582,0.5818044571231277,0.6422564621635418
frozen_algebraic_replay,127204,quartet,16,compatible,sgd,0.03,shuffled_projection,best_fixed_rank1_error,1,True,1.0271840455808676,6,0.4796066291208816,0.3967995631092117,0.5584380030577729,256,0.5127205832118138,0.8541722088081697,0.8867418168505246,0.5200116633861476,0.6422564621635418
frozen_algebraic_replay,127204,quartet,16,compatible,sgd,0.03,shuffled_projection,uniform_projection,1,True,1.0271840455808676,6,0.21834158204494736,0.25911925387407797,0.18474847364381886,256,0.19321994011638222,0.6814109219721004,0.6230792594842699,0.8941090600081879,0.6422564621635418
frozen_algebraic_replay,127204,quartet,16,compatible,sgd,0.03,shuffled_projection,ancestry_K2,2,True,1.0271840455808676,6,0.5398500385392417,0.49359588860420656,0.5865572673384128,256,0.545414268291865,0.8569711416744417,0.8864801992844826,0.5308332192221122,0.6422564621635418
frozen_algebraic_replay,127204,quartet,16,compatible,sgd,0.03,shuffled_projection,ancestry_K3,3,True,1.0271840455808676,6,0.6915643394997737,0.6869978179120899,0.7010183593978322,256,0.6478532231239555,0.8933838981563176,0.9151724053780941,0.4627379838479859,0.6422564621635418
frozen_algebraic_replay,127204,quartet,16,compatible,sgd,0.03,shuffled_projection,ancestry_K4,4,True,1.0271840455808676,6,0.8587747337967092,0.9087432437509824,0.843283075071472,256,0.8535194965539384,0.9616669229087633,0.9698314940554245,0.2742226231220319,0.6422564621635418
frozen_algebraic_replay,127204,quartet,16,compatible,sgd,0.03,shuffled_projection,ancestry_K5,5,True,1.0271840455808676,6,0.9650578113560517,0.9822342359638173,0.9491870646614121,256,0.9497550455417499,0.9867359576788968,0.9895322041844417,0.16234039510382556,0.6422564621635418
frozen_algebraic_replay,127204,quartet,16,compatible,sgd,0.03,shuffled_projection,ancestry_K6,6,True,1.0271840455808676,6,1.0,1.0,1.0,256,1.0,1.0000000000000002,1.0,2.079077920907013e-15,0.6422564621635418
frozen_algebraic_replay,127204,quartet,16,compatible,adam,0.003,broadcast,unit_broadcast_fixed,1,False,3.0594886790190543,6,-2.254738406622801,-3.510546787477118,-1.161968585551378,256,-1.5613428164511203,-0.7807407351239594,-0.13317052743957922,1.5193954211679908,4.37727793516874
frozen_algebraic_replay,127204,quartet,16,compatible,adam,0.003,broadcast,initial_mean_fixed,1,False,3.0594886790190543,6,0.32869498841164835,0.3813451211803414,0.25488788813053553,256,0.3854956824131618,0.679784275015881,0.7696275631449759,0.7451157206145244,4.37727793516874
frozen_algebraic_replay,127204,quartet,16,compatible,adam,0.003,broadcast,initial_mean_projection,1,True,3.0594886790190543,6,0.41571081128258225,0.49829556667858416,0.3216510524509434,256,0.3948041171437525,0.7180343796082312,0.7987481212262513,0.6987661253291897,4.37727793516874
frozen_algebraic_replay,127204,quartet,16,compatible,adam,0.003,broadcast,best_fixed_rank1_q,1,True,3.0594886790190543,6,0.5134993580676477,0.5007252702708744,0.5316707425433842,256,0.4693031790166483,0.8337925077419892,0.8787968749224092,0.5544819812110815,4.37727793516874
frozen_algebraic_replay,127204,quartet,16,compatible,adam,0.003,broadcast,best_fixed_rank1_error,1,True,3.0594886790190543,6,0.4429495213077749,0.2968626155591176,0.6765932052279799,256,0.5908372087809726,0.9068902926787271,0.9298915665023783,0.43485731152363044,4.37727793516874
frozen_algebraic_replay,127204,quartet,16,compatible,adam,0.003,broadcast,uniform_projection,1,True,3.0594886790190543,6,0.20683066934046102,0.2504563760021052,0.13231816569868726,256,0.23596780800910466,0.6902421857797035,0.695681860320081,0.8497585662130448,4.37727793516874
frozen_algebraic_replay,127204,quartet,16,compatible,adam,0.003,broadcast,ancestry_K2,2,True,3.0594886790190543,6,0.5362767753765925,0.4891368155736676,0.6093780044848809,256,0.6048062879753708,0.8780208404403256,0.9101448536105847,0.4824892126968666,4.37727793516874
frozen_algebraic_replay,127204,quartet,16,compatible,adam,0.003,broadcast,ancestry_K3,3,True,3.0594886790190543,6,0.7131402772884079,0.7174333122376153,0.6979064514014128,256,0.6232768806189235,0.892330915362156,0.9202813950993384,0.4569221999736925,4.37727793516874
frozen_algebraic_replay,127204,quartet,16,compatible,adam,0.003,broadcast,ancestry_K4,4,True,3.0594886790190543,6,0.879012134212631,0.9352217902203603,0.7899403462763226,256,0.8305667532500564,0.9483795649345186,0.961797356668585,0.31715003126514885,4.37727793516874
frozen_algebraic_replay,127204,quartet,16,compatible,adam,0.003,broadcast,ancestry_K5,5,True,3.0594886790190543,6,0.9683722472413986,0.9851583227932119,0.9297124673063152,256,0.9400872435792447,0.9859583877084871,0.9895552643420493,0.16700854785480373,4.37727793516874
frozen_algebraic_replay,127204,quartet,16,compatible,adam,0.003,broadcast,ancestry_K6,6,True,3.0594886790190543,6,1.0,1.0,1.0,256,1.0,1.0,1.0000000000000002,1.4164982353086493e-15,4.37727793516874
frozen_algebraic_replay,127204,quartet,16,compatible,adam,0.01,exact,unit_broadcast_fixed,1,False,0.9142264755024307,6,-6.231784734456773,-9.591410692632103,-6.312549452560054,256,-6.63846169022047,-0.5423604267553163,-0.43045999804446644,1.6772033406931288,0.4469524084047377
frozen_algebraic_replay,127204,quartet,16,compatible,adam,0.01,exact,initial_mean_fixed,1,False,0.9142264755024307,6,0.24315442838228007,-0.060492007353433574,0.2890839726160611,256,0.22254281317753966,0.5578367506262186,0.5962782298371547,0.8359755087014897,0.4469524084047377
frozen_algebraic_replay,127204,quartet,16,compatible,adam,0.01,exact,initial_mean_projection,1,True,0.9142264755024307,6,0.5169975025193481,0.545387392124878,0.5499694807683437,256,0.5012480168834554,0.7335298504572884,0.7503381055145814,0.7030998641356645,0.4469524084047377
frozen_algebraic_replay,127204,quartet,16,compatible,adam,0.01,exact,best_fixed_rank1_q,1,True,0.9142264755024307,6,0.5314392428445847,0.5745761976580785,0.5523989488229426,256,0.4988321831181306,0.7426806591654468,0.7582136147901408,0.6962992795588957,0.4469524084047377
frozen_algebraic_replay,127204,quartet,16,compatible,adam,0.01,exact,best_fixed_rank1_error,1,True,0.9142264755024307,6,0.5265182925387544,0.553019630329192,0.5576509916431225,256,0.5039980906429091,0.741946116617396,0.7592716038846551,0.6880333349073592,0.4469524084047377
frozen_algebraic_replay,127204,quartet,16,compatible,adam,0.01,exact,uniform_projection,1,True,0.9142264755024307,6,0.22466926841472268,0.24074109084710238,0.22446401036544195,256,0.1966254679537911,0.757846642991294,0.6504202462693548,0.855275087124897,0.4469524084047377
frozen_algebraic_replay,127204,quartet,16,compatible,adam,0.01,exact,ancestry_K2,2,True,0.9142264755024307,6,0.4793359786781154,0.4422496409801904,0.5154823094482786,256,0.43638115104053055,0.8438033108287009,0.8504700591792833,0.5837350597040973,0.4469524084047377
frozen_algebraic_replay,127204,quartet,16,compatible,adam,0.01,exact,ancestry_K3,3,True,0.9142264755024307,6,0.6737102904744743,0.6678286922354773,0.6942029318839837,256,0.6182221971427716,0.9017132727185734,0.907598482844848,0.452106409267908,0.4469524084047377
frozen_algebraic_replay,127204,quartet,16,compatible,adam,0.01,exact,ancestry_K4,4,True,0.9142264755024307,6,0.8956520004665253,0.9190186706318092,0.9013821294027596,256,0.9031653740456955,0.9805512367550441,0.9818531263734095,0.19626332510438538,0.4469524084047377
frozen_algebraic_replay,127204,quartet,16,compatible,adam,0.01,exact,ancestry_K5,5,True,0.9142264755024307,6,0.9817552757911675,0.9900003405271445,0.9776192825114086,256,0.9782836650886191,0.9944263461650792,0.9947969883867813,0.10543415363308829,0.4469524084047377
frozen_algebraic_replay,127204,quartet,16,compatible,adam,0.01,exact,ancestry_K6,6,True,0.9142264755024307,6,1.0,1.0,1.0,256,1.0,1.0000000000000002,1.0,2.2684307261135367e-15,0.4469524084047377
frozen_algebraic_replay,127204,quartet,16,compatible,adam,0.01,global_projection,unit_broadcast_fixed,1,False,1.0348890311847962,6,-4.994527129447351,-6.435054331097968,-4.700722583569251,256,-4.809455278187772,-0.6981137484074964,-0.500819277083751,1.7639359549189473,0.7455100489390731
frozen_algebraic_replay,127204,quartet,16,compatible,adam,0.01,global_projection,initial_mean_fixed,1,False,1.0348890311847962,6,0.5027517897633307,0.4261214012164394,0.530693248438788,256,0.47609441241637396,0.7011935861498605,0.7389528697880033,0.7133028535344486,0.7455100489390731
frozen_algebraic_replay,127204,quartet,16,compatible,adam,0.01,global_projection,initial_mean_projection,1,True,1.0348890311847962,6,0.6232999745194059,0.6299720665622826,0.6380685184747851,256,0.5950342986138172,0.7958909303624018,0.8184679221349842,0.617801662680277,0.7455100489390731
frozen_algebraic_replay,127204,quartet,16,compatible,adam,0.01,global_projection,best_fixed_rank1_q,1,True,1.0348890311847962,6,0.6336875580399378,0.6416471092029157,0.6346505276437147,256,0.5865190483500073,0.8068877479415492,0.8280360836874933,0.6035855868954085,0.7455100489390731
frozen_algebraic_replay,127204,quartet,16,compatible,adam,0.01,global_projection,best_fixed_rank1_error,1,True,1.0348890311847962,6,0.6200772786614541,0.6080173141083942,0.6483500424190609,256,0.6017801994424847,0.8236038557845854,0.8432753069711991,0.5759708357911497,0.7455100489390731
frozen_algebraic_replay,127204,quartet,16,compatible,adam,0.01,global_projection,uniform_projection,1,True,1.0348890311847962,6,0.26077379581663507,0.2626194982665939,0.2504208912021463,256,0.2465620238340861,0.8104221201768304,0.707628311103031,0.8156767854684325,0.7455100489390731
frozen_algebraic_replay,127204,quartet,16,compatible,adam,0.01,global_projection,ancestry_K2,2,True,1.0348890311847962,6,0.5515282789633853,0.5044361840929326,0.6111047231827458,256,0.5650052854235001,0.8726167469243478,0.8842858603352314,0.5171996810867192,0.7455100489390731
frozen_algebraic_replay,127204,quartet,16,compatible,adam,0.01,global_projection,ancestry_K3,3,True,1.0348890311847962,6,0.7443394287151963,0.7162332371963565,0.7642249514582341,256,0.7133961967207477,0.9054792524279113,0.9152930711297087,0.43627797175735417,0.7455100489390731
frozen_algebraic_replay,127204,quartet,16,compatible,adam,0.01,global_projection,ancestry_K4,4,True,1.0348890311847962,6,0.9574876156781437,0.9641563029756606,0.9530805580971553,256,0.9541761440705628,0.9863590370634278,0.9878296422111313,0.16460832234245418,0.7455100489390731
frozen_algebraic_replay,127204,quartet,16,compatible,adam,0.01,global_projection,ancestry_K5,5,True,1.0348890311847962,6,0.9936970127987875,0.9960085103063784,0.9912320565359041,256,0.991534322233625,0.9975895509658202,0.9978480939041158,0.06939226558683083,0.7455100489390731
frozen_algebraic_replay,127204,quartet,16,compatible,adam,0.01,global_projection,ancestry_K6,6,True,1.0348890311847962,6,1.0,1.0,1.0,256,1.0,0.9999999999999998,1.0,2.7295952900885694e-15,0.7455100489390731
frozen_algebraic_replay,127204,quartet,16,compatible,adam,0.01,shuffled_projection,unit_broadcast_fixed,1,False,1.0256363499072645,6,-5.229944262451715,-6.82032563375077,-4.905696048852562,256,-5.049194935830262,-0.6759063153726337,-0.4788534266965488,1.8189627313134145,0.7126155123158762
frozen_algebraic_replay,127204,quartet,16,compatible,adam,0.01,shuffled_projection,initial_mean_fixed,1,False,1.0256363499072645,6,0.5065587566197984,0.4004355209948993,0.5312684760640328,256,0.4836540259069184,0.6900970131466402,0.7327588342855125,0.7244045932861018,0.7126155123158762
frozen_algebraic_replay,127204,quartet,16,compatible,adam,0.01,shuffled_projection,initial_mean_projection,1,True,1.0256363499072645,6,0.6299803010356421,0.6277658979555698,0.6436573354962525,256,0.6106550634955581,0.7892051362880672,0.815562498889297,0.6207791635682711,0.7126155123158762
frozen_algebraic_replay,127204,quartet,16,compatible,adam,0.01,shuffled_projection,best_fixed_rank1_q,1,True,1.0256363499072645,6,0.648124419480398,0.6362955519158544,0.6485057832736354,256,0.6183406741816881,0.8119662895933373,0.8352539888025217,0.5897266465999331,0.7126155123158762
frozen_algebraic_replay,127204,quartet,16,compatible,adam,0.01,shuffled_projection,best_fixed_rank1_error,1,True,1.0256363499072645,6,0.633132292265756,0.5996108488097702,0.6635060289796288,256,0.6346002894894647,0.826948985466737,0.8486304934635265,0.5646201348282154,0.7126155123158762
frozen_algebraic_replay,127204,quartet,16,compatible,adam,0.01,shuffled_projection,uniform_projection,1,True,1.0256363499072645,6,0.2690445997541602,0.2672956004022338,0.2542329814344918,256,0.2560619646994594,0.8066669304725415,0.7149234565024185,0.8086022986164765,0.7126155123158762
frozen_algebraic_replay,127204,quartet,16,compatible,adam,0.01,shuffled_projection,ancestry_K2,2,True,1.0256363499072645,6,0.5615239551519822,0.5034596521066168,0.6177350576190301,256,0.5872591881799228,0.8645892947822403,0.8793143623558526,0.5225415206040751,0.7126155123158762
frozen_algebraic_replay,127204,quartet,16,compatible,adam,0.01,shuffled_projection,ancestry_K3,3,True,1.0256363499072645,6,0.758680432573501,0.7147937177300829,0.7731217896055665,256,0.744838127163512,0.9053756011795423,0.916403061155917,0.4317175161815746,0.7126155123158762
frozen_algebraic_replay,127204,quartet,16,compatible,adam,0.01,shuffled_projection,ancestry_K4,4,True,1.0256363499072645,6,0.9494098964405003,0.9580482462123372,0.9412125368280209,256,0.9436623952443862,0.9827269985632646,0.984750254200456,0.1850614142405788,0.7126155123158762
frozen_algebraic_replay,127204,quartet,16,compatible,adam,0.01,shuffled_projection,ancestry_K5,5,True,1.0256363499072645,6,0.9874393798359372,0.9919509864812124,0.9821247772265533,256,0.9819170365907732,0.9945002092820989,0.995141028987266,0.10473462784487539,0.7126155123158762
frozen_algebraic_replay,127204,quartet,16,compatible,adam,0.01,shuffled_projection,ancestry_K6,6,True,1.0256363499072645,6,1.0,1.0,1.0,256,1.0,0.9999999999999998,1.0,2.543203626742193e-15,0.7126155123158762
frozen_algebraic_replay,127204,quartet,16,compatible,adam,0.03,subtree_projection,unit_broadcast_fixed,1,False,0.9077550645697681,6,-12.697811173792955,-17.96505903360515,-13.376927840309822,256,-15.924018101421474,-0.27763966453216954,0.12245114690204721,2.334630295584947,0.25093606160235926
frozen_algebraic_replay,127204,quartet,16,compatible,adam,0.03,subtree_projection,initial_mean_fixed,1,False,0.9077550645697681,6,-0.4828320190834243,-1.1305984983838215,-0.5271236242241795,256,-0.9089809615636875,0.2754106250718061,0.6035510358364455,1.2267354697032782,0.25093606160235926
frozen_algebraic_replay,127204,quartet,16,compatible,adam,0.03,subtree_projection,initial_mean_projection,1,True,0.9077550645697681,6,0.5085654980584435,0.5206749806895616,0.5173130884008303,256,0.3762348113687296,0.6021412592293668,0.7804644712761757,0.8575550374669325,0.25093606160235926
frozen_algebraic_replay,127204,quartet,16,compatible,adam,0.03,subtree_projection,best_fixed_rank1_q,1,True,0.9077550645697681,6,0.7104812025440858,0.7329580881325809,0.7357147705542211,256,0.6184751994133311,0.5255737603981617,0.7814136049000074,0.850889578774725,0.25093606160235926
frozen_algebraic_replay,127204,quartet,16,compatible,adam,0.03,subtree_projection,best_fixed_rank1_error,1,True,0.9077550645697681,6,0.7098999929484548,0.734802920794172,0.7363280213869654,256,0.6165558594012696,0.5349002625370757,0.7847628035889465,0.8451652456404589,0.25093606160235926
frozen_algebraic_replay,127204,quartet,16,compatible,adam,0.03,subtree_projection,uniform_projection,1,True,0.9077550645697681,6,0.24803777000001725,0.27858643375303005,0.2581133676464361,256,0.08227487136226475,0.5098466253298357,0.7632562782814118,0.8832470123941843,0.25093606160235926
frozen_algebraic_replay,127204,quartet,16,compatible,adam,0.03,subtree_projection,ancestry_K2,2,True,0.9077550645697681,6,0.3521356391935514,0.38019169044949985,0.35937254705244914,256,0.14858857881445897,0.7138805611513244,0.824592084498689,0.781891110288097,0.25093606160235926
frozen_algebraic_replay,127204,quartet,16,compatible,adam,0.03,subtree_projection,ancestry_K3,3,True,0.9077550645697681,6,0.552572957232254,0.5667194284337229,0.563003346660881,256,0.37699318458260456,0.7641796399400673,0.8703395723227185,0.6804578260437869,0.25093606160235926
frozen_algebraic_replay,127204,quartet,16,compatible,adam,0.03,subtree_projection,ancestry_K4,4,True,0.9077550645697681,6,0.8616493938849672,0.8403775918542866,0.8471413133452547,256,0.8241557708702938,0.8933923025728324,0.9441542580166902,0.44929399770134965,0.25093606160235926
frozen_algebraic_replay,127204,quartet,16,compatible,adam,0.03,subtree_projection,ancestry_K5,5,True,0.9077550645697681,6,0.9656885976486358,0.9688724884776174,0.9647247956882075,256,0.9581007385378849,0.9831166295677164,0.990951660515984,0.18304554962482067,0.25093606160235926
frozen_algebraic_replay,127204,quartet,16,compatible,adam,0.03,subtree_projection,ancestry_K6,6,True,0.9077550645697681,6,1.0,1.0,1.0,256,1.0,1.0,1.0000000000000002,1.4172811642141975e-15,0.25093606160235926
frozen_algebraic_replay,127204,quartet,64,compatible,sgd,0.03,exact,unit_broadcast_fixed,1,False,0.63796105423142,6,-5.920227731443867,-7.603188840036062,-6.444521457349665,256,-6.552556103830201,-0.3146766562780017,-0.10947324000671925,1.8416362083078721,0.22632543523910167
frozen_algebraic_replay,127204,quartet,64,compatible,sgd,0.03,exact,initial_mean_fixed,1,False,0.63796105423142,6,0.09491380350461442,-0.0005445349626474263,0.08086946608354184,256,-0.030677587752539592,0.37690217343488447,0.5143556664327553,1.0218504404190834,0.22632543523910167
frozen_algebraic_replay,127204,quartet,64,compatible,sgd,0.03,exact,initial_mean_projection,1,True,0.63796105423142,6,0.4361425581467273,0.46691726983903403,0.4468352162769954,256,0.3646544812121958,0.5165384129080001,0.6366012745559795,0.856527021936842,0.22632543523910167
frozen_algebraic_replay,127204,quartet,64,compatible,sgd,0.03,exact,best_fixed_rank1_q,1,True,0.63796105423142,6,0.45651550672210495,0.48824167316065176,0.4645785970186307,256,0.385058361088663,0.45813470452046945,0.599140535475585,0.8893129270732033,0.22632543523910167
frozen_algebraic_replay,127204,quartet,64,compatible,sgd,0.03,exact,best_fixed_rank1_error,1,True,0.63796105423142,6,0.45121362334093706,0.5006655579948884,0.4708709243039514,256,0.40508737302317,0.450244749446523,0.5938571771706515,0.8940369950617357,0.22632543523910167
frozen_algebraic_replay,127204,quartet,64,compatible,sgd,0.03,exact,uniform_projection,1,True,0.63796105423142,6,0.18488301517425265,0.18658347917336535,0.18549584536098618,256,0.12790361692046848,0.558843359397534,0.6561630512192962,0.8439742051996766,0.22632543523910167
frozen_algebraic_replay,127204,quartet,64,compatible,sgd,0.03,exact,ancestry_K2,2,True,0.63796105423142,6,0.4007305093731386,0.39743188522093037,0.3935278249643397,256,0.27924146207994915,0.6965745755464544,0.7557225137606566,0.7384728683438799,0.22632543523910167
frozen_algebraic_replay,127204,quartet,64,compatible,sgd,0.03,exact,ancestry_K3,3,True,0.63796105423142,6,0.6027566492425132,0.6149795608494293,0.5996388267581476,256,0.49972405042669665,0.8936637232530087,0.9146893077614048,0.449040622110015,0.22632543523910167
frozen_algebraic_replay,127204,quartet,64,compatible,sgd,0.03,exact,ancestry_K4,4,True,0.63796105423142,6,0.9291889395999672,0.9335492142761163,0.9341312310509757,256,0.937259527930128,0.9830332308745774,0.986263569338971,0.18342835315968212,0.22632543523910167
frozen_algebraic_replay,127204,quartet,64,compatible,sgd,0.03,exact,ancestry_K5,5,True,0.63796105423142,6,0.9820347758289136,0.9868926857646562,0.9833519987351131,256,0.983729329581688,0.9992055373466642,0.999355746237237,0.03986195263241738,0.22632543523910167
frozen_algebraic_replay,127204,quartet,64,compatible,sgd,0.03,exact,ancestry_K6,6,True,0.63796105423142,6,1.0,1.0,1.0,256,1.0,0.9999999999999999,1.0000000000000002,1.946821047315497e-15,0.22632543523910167
frozen_algebraic_replay,127204,quartet,64,compatible,sgd,0.03,broadcast,unit_broadcast_fixed,1,False,0.9878203463998266,6,-16.478527596276468,-166.85707127165628,-20.587804999123975,256,-38.97474384404213,-0.4450086081796988,0.02224726091248376,9.878760259347688,0.10602012601303629
frozen_algebraic_replay,127204,quartet,64,compatible,sgd,0.03,broadcast,initial_mean_fixed,1,False,0.9878203463998266,6,-3.312975194109706,-35.377182087586576,-4.126399332374992,256,-14.843893123155457,0.46348494384091066,0.3983190767835859,8.725539542611518,0.10602012601303629
frozen_algebraic_replay,127204,quartet,64,compatible,sgd,0.03,broadcast,initial_mean_projection,1,True,0.9878203463998266,6,0.03820515914982725,0.17035537696814676,0.04394707110910179,256,0.08479198445159519,0.5213990283894199,0.9337039026191721,0.8542388914288113,0.10602012601303629
frozen_algebraic_replay,127204,quartet,64,compatible,sgd,0.03,broadcast,best_fixed_rank1_q,1,True,0.9878203463998266,6,0.8566709559860692,0.6669600229653596,0.8446830906024061,256,0.7300674751352254,0.755896134146758,0.959578102296641,0.6727141495481592,0.10602012601303629
frozen_algebraic_replay,127204,quartet,64,compatible,sgd,0.03,broadcast,best_fixed_rank1_error,1,True,0.9878203463998266,6,0.856478567375909,0.6689597613020615,0.8448726183932433,256,0.7306690841345483,0.7666223708194398,0.9607484138357082,0.663338831869437,0.10602012601303629
frozen_algebraic_replay,127204,quartet,64,compatible,sgd,0.03,broadcast,uniform_projection,1,True,0.9878203463998266,6,0.18181302973550684,0.3178724855702117,0.18297094379620493,256,-0.10585246462555786,0.34875345988479495,0.8999332659445536,1.0545952602717703,0.10602012601303629
frozen_algebraic_replay,127204,quartet,64,compatible,sgd,0.03,broadcast,ancestry_K2,2,True,0.9878203463998266,6,0.4438314100689509,0.4939867621594066,0.43682538636271806,256,0.2922691155604119,0.7382155550647282,0.9583467917133109,0.6819644552201809,0.10602012601303629
frozen_algebraic_replay,127204,quartet,64,compatible,sgd,0.03,broadcast,ancestry_K3,3,True,0.9878203463998266,6,0.4543180046139834,0.5293619001433183,0.44813363201504874,256,0.30583977755401437,0.794397767810269,0.9652533577087442,0.6248380400336826,0.10602012601303629
frozen_algebraic_replay,127204,quartet,64,compatible,sgd,0.03,broadcast,ancestry_K4,4,True,0.9878203463998266,6,0.4622809520813922,0.557758524055749,0.45731812295937324,256,0.34269574736673136,0.8367554175921407,0.9732083801754666,0.5486660423981563,0.10602012601303629
frozen_algebraic_replay,127204,quartet,64,compatible,sgd,0.03,broadcast,ancestry_K5,5,True,0.9878203463998266,6,0.8779254304811401,0.900486490649457,0.8727050292417591,256,0.8459332456447723,0.9428422684420898,0.9901964858104263,0.3332400765521285,0.10602012601303629
frozen_algebraic_replay,127204,quartet,64,compatible,sgd,0.03,broadcast,ancestry_K6,6,True,0.9878203463998266,6,1.0,1.0,1.0,256,1.0,1.0,1.0,1.7467101325763396e-15,0.10602012601303629
frozen_algebraic_replay,127204,quartet,64,compatible,sgd,0.03,global_projection,unit_broadcast_fixed,1,False,0.9412997912576934,6,-11.806160979225009,-65.17767226347566,-12.959302306873008,256,-15.034063684580222,-0.4382616961802435,-0.2592469374724071,2.7180626198767004,0.23016767325703563
frozen_algebraic_replay,127204,quartet,64,compatible,sgd,0.03,global_projection,initial_mean_fixed,1,False,0.9412997912576934,6,-1.0795168017348602,-11.675451661444459,-1.1763975516576157,256,-1.3558328324164455,0.5232712030998611,0.5886252171820662,1.355435781501719,0.23016767325703563
frozen_algebraic_replay,127204,quartet,64,compatible,sgd,0.03,global_projection,initial_mean_projection,1,True,0.9412997912576934,6,0.29035963396166686,0.4246887943365408,0.32160107243741043,256,0.35936560034890674,0.6652428492459744,0.7519835421307338,0.7493432520939132,0.23016767325703563
frozen_algebraic_replay,127204,quartet,64,compatible,sgd,0.03,global_projection,best_fixed_rank1_q,1,True,0.9412997912576934,6,0.5470967643332867,0.2898943014992572,0.5332596928719853,256,0.4347986533873409,0.6820763158868466,0.7567563916004921,0.7508979270147795,0.23016767325703563
frozen_algebraic_replay,127204,quartet,64,compatible,sgd,0.03,global_projection,best_fixed_rank1_error,1,True,0.9412997912576934,6,0.5404831976376269,0.2866372004618839,0.5396155429408787,256,0.4332806282444701,0.7219869132200208,0.7887194518424788,0.7040966406704925,0.23016767325703563
frozen_algebraic_replay,127204,quartet,64,compatible,sgd,0.03,global_projection,uniform_projection,1,True,0.9412997912576934,6,0.18002067536700062,0.2541476775967107,0.17465897700030997,256,0.13467625866307675,0.32032880889878274,0.5494541130557206,0.9480483779478565,0.23016767325703563
frozen_algebraic_replay,127204,quartet,64,compatible,sgd,0.03,global_projection,ancestry_K2,2,True,0.9412997912576934,6,0.5081655346256606,0.46744182421161534,0.5229995851537312,256,0.4445075847490392,0.7892176157651437,0.8388531923203342,0.6231392516806241,0.23016767325703563
frozen_algebraic_replay,127204,quartet,64,compatible,sgd,0.03,global_projection,ancestry_K3,3,True,0.9412997912576934,6,0.6046592021071617,0.629358684343741,0.6203436032305991,256,0.5505767239815231,0.8955470390566149,0.9175355731045359,0.46347238635827454,0.23016767325703563
frozen_algebraic_replay,127204,quartet,64,compatible,sgd,0.03,global_projection,ancestry_K4,4,True,0.9412997912576934,6,0.6970647565135615,0.8116096904295649,0.7108537569405378,256,0.6982134878688357,0.9671482373130807,0.9745569459627523,0.25450428319668733,0.23016767325703563
frozen_algebraic_replay,127204,quartet,64,compatible,sgd,0.03,global_projection,ancestry_K5,5,True,0.9412997912576934,6,0.928938972891767,0.9668128629352741,0.9254020521001884,256,0.9190310118224362,0.9868089570328626,0.9897658629958107,0.16189985556091516,0.23016767325703563
frozen_algebraic_replay,127204,quartet,64,compatible,sgd,0.03,global_projection,ancestry_K6,6,True,0.9412997912576934,6,1.0,1.0,1.0,256,1.0,0.9999999999999999,1.0000000000000002,2.1326881193768444e-15,0.23016767325703563
frozen_algebraic_replay,127204,quartet,64,compatible,sgd,0.03,subtree_projection,unit_broadcast_fixed,1,False,0.8328085312494621,6,-9.146085323640952,-12.255123410911088,-9.983842249058904,256,-10.714637039739847,-0.3509711551072792,-0.2589841965101011,1.9330385497187255,0.2984664794186706
frozen_algebraic_replay,127204,quartet,64,compatible,sgd,0.03,subtree_projection,initial_mean_fixed,1,False,0.8328085312494621,6,0.06463816980228121,-0.2007133689915071,0.07157997424240503,256,-0.057485746779484925,0.4680800791653449,0.5160182575136579,1.021384843443441,0.2984664794186706
frozen_algebraic_replay,127204,quartet,64,compatible,sgd,0.03,subtree_projection,initial_mean_projection,1,True,0.8328085312494621,6,0.5582641193529048,0.5982646724084326,0.5954471616056011,256,0.5041375763935446,0.6426595738576046,0.6775334255885489,0.7808132769010147,0.2984664794186706
frozen_algebraic_replay,127204,quartet,64,compatible,sgd,0.03,subtree_projection,best_fixed_rank1_q,1,True,0.8328085312494621,6,0.5723921707386388,0.623364602554712,0.6136041775713965,256,0.5260007927499153,0.645427088451101,0.6803830904727537,0.7773434042124265,0.2984664794186706
frozen_algebraic_replay,127204,quartet,64,compatible,sgd,0.03,subtree_projection,best_fixed_rank1_error,1,True,0.8328085312494621,6,0.5715121767024401,0.6249236210474876,0.6147077606922693,256,0.5307578662245934,0.6287580631594823,0.6670062817453853,0.7876274646671311,0.2984664794186706
frozen_algebraic_replay,127204,quartet,64,compatible,sgd,0.03,subtree_projection,uniform_projection,1,True,0.8328085312494621,6,0.246389668300943,0.26413716675441884,0.2620927132552252,256,0.18751788243491296,0.4616031475451955,0.5262845243837132,0.8949345150111463,0.2984664794186706
frozen_algebraic_replay,127204,quartet,64,compatible,sgd,0.03,subtree_projection,ancestry_K2,2,True,0.8328085312494621,6,0.48808295687199754,0.4953458921680991,0.4996219681405898,256,0.3692441984522291,0.6754958998815923,0.7040540279626946,0.7597378473935386,0.2984664794186706
frozen_algebraic_replay,127204,quartet,64,compatible,sgd,0.03,subtree_projection,ancestry_K3,3,True,0.8328085312494621,6,0.6582922208001145,0.6809010106507802,0.6786409635453814,256,0.5580042380065169,0.8523266272591921,0.8638467157537032,0.5494448967162654,0.2984664794186706
frozen_algebraic_replay,127204,quartet,64,compatible,sgd,0.03,subtree_projection,ancestry_K4,4,True,0.8328085312494621,6,0.9207847519238108,0.9288512326164874,0.9328312255819492,256,0.9299719378953865,0.9925600244659301,0.993220828864238,0.12175690809479287,0.2984664794186706
frozen_algebraic_replay,127204,quartet,64,compatible,sgd,0.03,subtree_projection,ancestry_K5,5,True,0.8328085312494621,6,0.979652880950026,0.9869353236336502,0.9824396262932183,256,0.9806969744225653,0.9993029991142581,0.9993646712767984,0.03734427118014068,0.2984664794186706
frozen_algebraic_replay,127204,quartet,64,compatible,sgd,0.03,subtree_projection,ancestry_K6,6,True,0.8328085312494621,6,1.0,1.0,1.0,256,1.0,1.0000000000000002,1.0,2.5970234788542134e-15,0.2984664794186706
frozen_algebraic_replay,127204,quartet,64,compatible,sgd,0.03,shuffled_projection,unit_broadcast_fixed,1,False,0.8821345711333447,6,-10.80723846671087,-21.795750480365804,-11.783023913452364,256,-12.58468448194328,-0.43197066721454114,-0.3306241271989804,2.3317514067982072,0.28143248853793496
frozen_algebraic_replay,127204,quartet,64,compatible,sgd,0.03,shuffled_projection,initial_mean_fixed,1,False,0.8821345711333447,6,-0.41255020389396435,-1.9796250352886275,-0.4553050968736463,256,-0.49832719000657244,0.5324408567042817,0.5736218835664314,1.119607141824183,0.28143248853793496
frozen_algebraic_replay,127204,quartet,64,compatible,sgd,0.03,shuffled_projection,initial_mean_projection,1,True,0.8821345711333447,6,0.45845990359686517,0.5193100401136197,0.4912453629513822,256,0.4731192332170857,0.6957945122867806,0.7345138753029158,0.7257332926887363,0.28143248853793496
frozen_algebraic_replay,127204,quartet,64,compatible,sgd,0.03,shuffled_projection,best_fixed_rank1_q,1,True,0.8821345711333447,6,0.49375792162449383,0.48406036103158095,0.5153318582638005,256,0.4697044885409397,0.7516341958480144,0.7826190933361817,0.6646615257989478,0.28143248853793496
frozen_algebraic_replay,127204,quartet,64,compatible,sgd,0.03,shuffled_projection,best_fixed_rank1_error,1,True,0.8821345711333447,6,0.49154996838408516,0.49554236454351464,0.5178693239033609,256,0.47570348224837,0.742802565322568,0.7749556335203278,0.6751644449732921,0.28143248853793496
frozen_algebraic_replay,127204,quartet,64,compatible,sgd,0.03,shuffled_projection,uniform_projection,1,True,0.8821345711333447,6,0.2087935297590955,0.24258814512926263,0.21115342357255007,256,0.18334444563479757,0.4709649752486176,0.5449872593467713,0.8959085882534399,0.28143248853793496
frozen_algebraic_replay,127204,quartet,64,compatible,sgd,0.03,shuffled_projection,ancestry_K2,2,True,0.8821345711333447,6,0.5244477006709949,0.48748989766001594,0.5416897202559569,256,0.4672500478432364,0.7561281980263356,0.7846315313743011,0.6687299589555478,0.28143248853793496
frozen_algebraic_replay,127204,quartet,64,compatible,sgd,0.03,shuffled_projection,ancestry_K3,3,True,0.8821345711333447,6,0.6699570892860351,0.6664782936879979,0.6869873181784825,256,0.6182660003331227,0.8929684254291183,0.9035406283939651,0.4746445716827473,0.28143248853793496
frozen_algebraic_replay,127204,quartet,64,compatible,sgd,0.03,shuffled_projection,ancestry_K4,4,True,0.8821345711333447,6,0.8489772271056313,0.8871983753687638,0.8629250927149169,256,0.8628058605950649,0.9939042127692411,0.9945896782369767,0.11032855660798402,0.28143248853793496
frozen_algebraic_replay,127204,quartet,64,compatible,sgd,0.03,shuffled_projection,ancestry_K5,5,True,0.8821345711333447,6,0.9604353898432791,0.9782398324571562,0.9613601140455602,256,0.9590953043682163,0.9981356757809751,0.9983451314098194,0.06104574232943739,0.28143248853793496
frozen_algebraic_replay,127204,quartet,64,compatible,sgd,0.03,shuffled_projection,ancestry_K6,6,True,0.8821345711333447,6,1.0,1.0,1.0,256,1.0,1.0000000000000004,1.0000000000000002,2.4704622721662676e-15,0.28143248853793496
frozen_algebraic_replay,127204,quartet,64,compatible,adam,0.003,broadcast,unit_broadcast_fixed,1,False,5.561710200010756,6,-1.6620672460201074,-3.062572114369541,-0.7577102681775247,256,-1.3530666075253306,-0.7048438923130199,0.15636781335476427,1.4969547192045791,7.729171737337022
frozen_algebraic_replay,127204,quartet,64,compatible,adam,0.003,broadcast,initial_mean_fixed,1,False,5.561710200010756,6,0.20018089751131807,0.27313519703803923,0.14613115853783465,256,0.30590209581832195,0.6027365346016568,0.7810886977687976,0.7979695653337417,7.729171737337022
frozen_algebraic_replay,127204,quartet,64,compatible,adam,0.003,broadcast,initial_mean_projection,1,True,5.561710200010756,6,0.2917237638982806,0.4029586268877534,0.1961962203136256,256,0.2511825070003765,0.6477897922833225,0.7996985198215197,0.7723998593582879,7.729171737337022
frozen_algebraic_replay,127204,quartet,64,compatible,adam,0.003,broadcast,best_fixed_rank1_q,1,True,5.561710200010756,6,0.46464586504933014,0.3980065761151205,0.5170045246287787,256,0.3367076434636034,0.7656081202135536,0.8622264223715318,0.6520553012578082,7.729171737337022
frozen_algebraic_replay,127204,quartet,64,compatible,adam,0.003,broadcast,best_fixed_rank1_error,1,True,5.561710200010756,6,0.4216246874473085,0.22882570449512196,0.6267527314643069,256,0.4333256611858214,0.810867319764538,0.8884096733695154,0.5878898695552698,7.729171737337022
frozen_algebraic_replay,127204,quartet,64,compatible,adam,0.003,broadcast,uniform_projection,1,True,5.561710200010756,6,0.18208270798125492,0.24649180119665198,0.11985717864348433,256,0.2342910433576254,0.5812021280436651,0.7482767713156381,0.8532793573521039,7.729171737337022
frozen_algebraic_replay,127204,quartet,64,compatible,adam,0.003,broadcast,ancestry_K2,2,True,5.561710200010756,6,0.478541505977797,0.4450259574732106,0.506679079728442,256,0.4752443985722612,0.8232964499293586,0.895937740795095,0.5676419186723668,7.729171737337022
frozen_algebraic_replay,127204,quartet,64,compatible,adam,0.003,broadcast,ancestry_K3,3,True,5.561710200010756,6,0.6634094284347891,0.7024135342092598,0.6273895909227232,256,0.4310296269191979,0.8403610591302557,0.9052539159623464,0.5438736206237024,7.729171737337022
frozen_algebraic_replay,127204,quartet,64,compatible,adam,0.003,broadcast,ancestry_K4,4,True,5.561710200010756,6,0.8272159061563877,0.9101311546862467,0.7169675275801658,256,0.7747959763488268,0.9302212598383656,0.957873072878008,0.3670208601091604,7.729171737337022
frozen_algebraic_replay,127204,quartet,64,compatible,adam,0.003,broadcast,ancestry_K5,5,True,5.561710200010756,6,0.9508800537945319,0.9770200819800607,0.8988759887291154,256,0.9161781542575932,0.980508314786346,0.9881081306830359,0.1965185476053928,7.729171737337022
frozen_algebraic_replay,127204,quartet,64,compatible,adam,0.003,broadcast,ancestry_K6,6,True,5.561710200010756,6,1.0,1.0,1.0,256,1.0,1.0000000000000002,1.0000000000000002,1.0344212992817139e-15,7.729171737337022
frozen_algebraic_replay,127204,quartet,64,compatible,adam,0.01,exact,unit_broadcast_fixed,1,False,0.6544025650979945,6,-6.536444918083061,-7.456589870242079,-6.962558381350069,256,-7.359291848220291,-0.21153496937276486,-0.030832663053480206,1.5937228134897645,0.2556641620721099
frozen_algebraic_replay,127204,quartet,64,compatible,adam,0.01,exact,initial_mean_fixed,1,False,0.6544025650979945,6,0.10329638257161977,0.06943606136017849,0.10062169215061623,256,-0.04977328810416615,0.30023749299028596,0.44323395089093043,1.027310340934933,0.2556641620721099
frozen_algebraic_replay,127204,quartet,64,compatible,adam,0.01,exact,initial_mean_projection,1,True,0.6544025650979945,6,0.4675262975389525,0.4873870616345919,0.4818266909149044,256,0.393392024125479,0.5719410195262002,0.6426327876203973,0.8435592160202815,0.2556641620721099
frozen_algebraic_replay,127204,quartet,64,compatible,adam,0.01,exact,best_fixed_rank1_q,1,True,0.6544025650979945,6,0.5281571981077973,0.5702530921491361,0.5526970421999613,256,0.4735963437403583,0.40941414213675226,0.5445029267342041,0.9126393079664691,0.2556641620721099
frozen_algebraic_replay,127204,quartet,64,compatible,adam,0.01,exact,best_fixed_rank1_error,1,True,0.6544025650979945,6,0.5271915051824337,0.5718398024465431,0.5538272648433735,256,0.4759191764503692,0.4007966483659469,0.5392627000048018,0.9161995626141816,0.2556641620721099
frozen_algebraic_replay,127204,quartet,64,compatible,adam,0.01,exact,uniform_projection,1,True,0.6544025650979945,6,0.14349857321783155,0.13936733358806663,0.14059341261700065,256,0.11099867815950237,0.5857546494534243,0.6223098507649006,0.8679799230618196,0.2556641620721099
frozen_algebraic_replay,127204,quartet,64,compatible,adam,0.01,exact,ancestry_K2,2,True,0.6544025650979945,6,0.3846139078490508,0.36850394912433554,0.3830487596971539,256,0.2698665047930442,0.7581910859735651,0.7659406046162,0.7398975549284845,0.2556641620721099
frozen_algebraic_replay,127204,quartet,64,compatible,adam,0.01,exact,ancestry_K3,3,True,0.6544025650979945,6,0.6017753944647549,0.6068740229568537,0.6002271273981614,256,0.5077043591320782,0.8746119567910003,0.893621353769389,0.49893136054573045,0.2556641620721099
frozen_algebraic_replay,127204,quartet,64,compatible,adam,0.01,exact,ancestry_K4,4,True,0.6544025650979945,6,0.9405133114273908,0.9496217694861392,0.9455473279393264,256,0.9534256877195776,0.9944668706785932,0.9953271256135641,0.10505106924811997,0.2556641620721099
frozen_algebraic_replay,127204,quartet,64,compatible,adam,0.01,exact,ancestry_K5,5,True,0.6544025650979945,6,0.9824260865302492,0.9859990660992639,0.9836214065955977,256,0.9857238516346177,0.9986452455743876,0.9988554795005469,0.05203863189641538,0.2556641620721099
frozen_algebraic_replay,127204,quartet,64,compatible,adam,0.01,exact,ancestry_K6,6,True,0.6544025650979945,6,1.0,1.0,1.0,256,1.0,1.0000000000000002,1.0000000000000004,1.930139621841616e-15,0.2556641620721099
frozen_algebraic_replay,127204,quartet,64,compatible,adam,0.01,global_projection,unit_broadcast_fixed,1,False,0.8054427568216187,6,-6.819355994001925,-7.836626660425319,-7.19766932671223,256,-8.81162972115349,0.03916013347305429,0.13375751577766745,1.3008899700136802,0.2910906242585872
frozen_algebraic_replay,127204,quartet,64,compatible,adam,0.01,global_projection,initial_mean_fixed,1,False,0.8054427568216187,6,0.4775250587000365,0.42541007935341446,0.49589565312849204,256,0.22839490748428815,0.14142252065349303,0.2507319838979179,1.1055819865401357,0.2910906242585872
frozen_algebraic_replay,127204,quartet,64,compatible,adam,0.01,global_projection,initial_mean_projection,1,True,0.8054427568216187,6,0.675100352720966,0.685157535434307,0.6966432445038299,256,0.5359624749546652,0.45701216973497827,0.5246724980423879,0.8932013713344458,0.2910906242585872
frozen_algebraic_replay,127204,quartet,64,compatible,adam,0.01,global_projection,best_fixed_rank1_q,1,True,0.8054427568216187,6,0.7287970448198576,0.7484534342588082,0.7595194673435552,256,0.6232592211279948,0.39287733030214633,0.4770919310418054,0.9202147372461587,0.2910906242585872
frozen_algebraic_replay,127204,quartet,64,compatible,adam,0.01,global_projection,best_fixed_rank1_error,1,True,0.8054427568216187,6,0.7284888147419672,0.7489153489878216,0.7598635282107724,256,0.6233807596629279,0.39047800952832895,0.47511865643891404,0.9215310997287008,0.2910906242585872
frozen_algebraic_replay,127204,quartet,64,compatible,adam,0.01,global_projection,uniform_projection,1,True,0.8054427568216187,6,0.20399083915322747,0.20194305694905193,0.20667019758506466,256,0.125170288805856,0.46320332424938143,0.5089778659558412,0.9106459967503945,0.2910906242585872
frozen_algebraic_replay,127204,quartet,64,compatible,adam,0.01,global_projection,ancestry_K2,2,True,0.8054427568216187,6,0.46442128917320546,0.4608409971798205,0.4677264987234421,256,0.30991075078375874,0.649164651617154,0.6589171204332493,0.8192540487030823,0.2910906242585872
frozen_algebraic_replay,127204,quartet,64,compatible,adam,0.01,global_projection,ancestry_K3,3,True,0.8054427568216187,6,0.6781671703782883,0.6787149620791525,0.6878651663321489,256,0.5630064947547295,0.8019369502227299,0.8182393236372639,0.6195030801591807,0.2910906242585872
frozen_algebraic_replay,127204,quartet,64,compatible,adam,0.01,global_projection,ancestry_K4,4,True,0.8054427568216187,6,0.9938214887314867,0.9933195555140144,0.9945257812833282,256,0.9926044793249778,0.9974416561479431,0.997664652537568,0.0714853137439182,0.2910906242585872
frozen_algebraic_replay,127204,quartet,64,compatible,adam,0.01,global_projection,ancestry_K5,5,True,0.8054427568216187,6,0.9995839753837663,0.9996229242818657,0.9996367713071858,256,0.9995425830882562,0.9998471919000584,0.9998604965848377,0.017481291838553372,0.2910906242585872
frozen_algebraic_replay,127204,quartet,64,compatible,adam,0.01,global_projection,ancestry_K6,6,True,0.8054427568216187,6,1.0,1.0,1.0,256,1.0,0.9999999999999999,1.0,2.8886982623521088e-15,0.2910906242585872
frozen_algebraic_replay,127204,quartet,64,compatible,adam,0.01,shuffled_projection,unit_broadcast_fixed,1,False,0.7196823015715729,6,-5.902519979838031,-6.9856687544817335,-6.267672282122299,256,-6.868868389061067,-0.03809687961758802,0.10448732993609322,1.3759133892577806,0.352568163271226
frozen_algebraic_replay,127204,quartet,64,compatible,adam,0.01,shuffled_projection,initial_mean_fixed,1,False,0.7196823015715729,6,0.4029327030656805,0.3026669718621076,0.38246360486752917,256,0.1830361069615276,0.20268082687861,0.34522779536689435,1.070179638353181,0.352568163271226
frozen_algebraic_replay,127204,quartet,64,compatible,adam,0.01,shuffled_projection,initial_mean_projection,1,True,0.7196823015715729,6,0.6076034875536012,0.5944855725065679,0.6061043833399389,256,0.490476878112731,0.5432631777493637,0.6139393840642232,0.8501778244496452,0.352568163271226
frozen_algebraic_replay,127204,quartet,64,compatible,adam,0.01,shuffled_projection,best_fixed_rank1_q,1,True,0.7196823015715729,6,0.6539141394715402,0.6532039825777529,0.6593977902906581,256,0.5507702518272029,0.4992496655354526,0.5854324161783221,0.8685536774038529,0.352568163271226
frozen_algebraic_replay,127204,quartet,64,compatible,adam,0.01,shuffled_projection,best_fixed_rank1_error,1,True,0.7196823015715729,6,0.6497009432411722,0.6651036871238374,0.6638483600726595,256,0.5516268821946416,0.44896198138440696,0.549927843536887,0.8935707566946519,0.352568163271226
frozen_algebraic_replay,127204,quartet,64,compatible,adam,0.01,shuffled_projection,uniform_projection,1,True,0.7196823015715729,6,0.1803449323420333,0.16378420191495768,0.17351717316374993,256,0.13911900995913418,0.5249704764181284,0.5723276533938063,0.8897975796460789,0.352568163271226
frozen_algebraic_replay,127204,quartet,64,compatible,adam,0.01,shuffled_projection,ancestry_K2,2,True,0.7196823015715729,6,0.4399764402723396,0.40453460244919737,0.4218213845217147,256,0.3253422403007724,0.6819481337261004,0.6956929634262214,0.7999688126299258,0.352568163271226
frozen_algebraic_replay,127204,quartet,64,compatible,adam,0.01,shuffled_projection,ancestry_K3,3,True,0.7196823015715729,6,0.653368509425803,0.6074703343036794,0.6331328124336673,256,0.5581233809615049,0.8193192881629864,0.8350665969391696,0.6223028510449742,0.352568163271226
frozen_algebraic_replay,127204,quartet,64,compatible,adam,0.01,shuffled_projection,ancestry_K4,4,True,0.7196823015715729,6,0.9874832896570336,0.9860628915894998,0.9882107275954941,256,0.9868681404087734,0.9964391653607665,0.9968896960102671,0.0843162817288928,0.352568163271226
frozen_algebraic_replay,127204,quartet,64,compatible,adam,0.01,shuffled_projection,ancestry_K5,5,True,0.7196823015715729,6,0.9979585234668374,0.998246141876067,0.9981348603661432,256,0.99795766725761,0.9994103543277135,0.9994848572080799,0.03433749140912493,0.352568163271226
frozen_algebraic_replay,127204,quartet,64,compatible,adam,0.01,shuffled_projection,ancestry_K6,6,True,0.7196823015715729,6,1.0,1.0,1.0,256,1.0,1.0000000000000002,1.0000000000000002,2.8513559338703975e-15,0.352568163271226
frozen_algebraic_replay,127204,quartet,64,compatible,adam,0.03,subtree_projection,unit_broadcast_fixed,1,False,0.6471969123245466,6,-5.404421648978157,-5.7881988256399435,-5.73254893899755,256,-5.977751019068964,-0.375975772589465,-0.20215278059880035,1.9603244993179507,0.31080059161785567
frozen_algebraic_replay,127204,quartet,64,compatible,adam,0.03,subtree_projection,initial_mean_fixed,1,False,0.6471969123245466,6,0.3745093377211589,0.41907295411770124,0.393207603801877,256,0.26510163003036946,0.6310349800222184,0.6983362851810153,0.8054411413384611,0.31080059161785567
frozen_algebraic_replay,127204,quartet,64,compatible,adam,0.03,subtree_projection,initial_mean_projection,1,True,0.6471969123245466,6,0.5575950035444741,0.5921361527201171,0.57333971668797,256,0.4507189290074871,0.6990100594278266,0.7560408242529357,0.7155282110882935,0.31080059161785567
frozen_algebraic_replay,127204,quartet,64,compatible,adam,0.03,subtree_projection,best_fixed_rank1_q,1,True,0.6471969123245466,6,0.6025056891174422,0.6467487882121283,0.6335108547710452,256,0.5431488041564654,0.6989830542414712,0.7560559502965759,0.7154279054086963,0.31080059161785567
frozen_algebraic_replay,127204,quartet,64,compatible,adam,0.03,subtree_projection,best_fixed_rank1_error,1,True,0.6471969123245466,6,0.6016340986459332,0.6456849289865209,0.6346007998112091,256,0.5477412231683355,0.6949904587167652,0.7529576718236779,0.7193495524637618,0.31080059161785567
frozen_algebraic_replay,127204,quartet,64,compatible,adam,0.03,subtree_projection,uniform_projection,1,True,0.6471969123245466,6,0.18081440719378872,0.18561280868691477,0.17772077412947218,256,0.12323959006459917,0.45290988214642947,0.5757455876619167,0.894861536621456,0.31080059161785567
frozen_algebraic_replay,127204,quartet,64,compatible,adam,0.03,subtree_projection,ancestry_K2,2,True,0.6471969123245466,6,0.40880230826848785,0.42238033919271467,0.4050545057789595,256,0.26715548054483773,0.649883462204878,0.7171612868516024,0.7640929237596539,0.31080059161785567
frozen_algebraic_replay,127204,quartet,64,compatible,adam,0.03,subtree_projection,ancestry_K3,3,True,0.6471969123245466,6,0.6031991405127739,0.6289622544393318,0.6069599905978431,256,0.4749161197044378,0.9007109857124389,0.9168617029279647,0.4424187433376293,0.31080059161785567
frozen_algebraic_replay,127204,quartet,64,compatible,adam,0.03,subtree_projection,ancestry_K4,4,True,0.6471969123245466,6,0.9895034822871362,0.9888116259058698,0.9888505345264207,256,0.9896872714078551,0.9978528850347074,0.9982022274586282,0.0654964737889932,0.31080059161785567
frozen_algebraic_replay,127204,quartet,64,compatible,adam,0.03,subtree_projection,ancestry_K5,5,True,0.6471969123245466,6,0.995509149278194,0.9952107139480788,0.9952026227487648,256,0.9951562726247148,0.9989063129174182,0.9990841595935295,0.04676079544599385,0.31080059161785567
frozen_algebraic_replay,127204,quartet,64,compatible,adam,0.03,subtree_projection,ancestry_K6,6,True,0.6471969123245466,6,1.0,1.0,1.0,256,1.0,1.0,1.0,2.497231229843918e-15,0.31080059161785567
frozen_algebraic_replay,127204,quartet,256,compatible,sgd,0.03,exact,unit_broadcast_fixed,1,False,0.5057433440305739,6,-4.2940812349996715,-4.40869990568557,-4.312699977760408,256,-4.230873420393704,-0.07569086542474067,0.0744501232141417,1.4400288089086366,0.05717444996568402
frozen_algebraic_replay,127204,quartet,256,compatible,sgd,0.03,exact,initial_mean_fixed,1,False,0.5057433440305739,6,0.1299346330934883,0.11582420902847407,0.12916333289012705,256,0.06422440860256384,0.23311349773358628,0.41359994118565524,0.9854480042186147,0.05717444996568402
frozen_algebraic_replay,127204,quartet,256,compatible,sgd,0.03,exact,initial_mean_projection,1,True,0.5057433440305739,6,0.38199436877871684,0.3770761532912217,0.38067313127544944,256,0.34138585741886884,0.6487571488412938,0.6588091278942384,0.8358554949773104,0.05717444996568402
frozen_algebraic_replay,127204,quartet,256,compatible,sgd,0.03,exact,best_fixed_rank1_q,1,True,0.5057433440305739,6,0.40695210230742307,0.4053161768877026,0.406057078205427,256,0.3759615105393308,0.3471192767082306,0.47997933154068284,0.9451865637596567,0.05717444996568402
frozen_algebraic_replay,127204,quartet,256,compatible,sgd,0.03,exact,best_fixed_rank1_error,1,True,0.5057433440305739,6,0.4068981360003878,0.4055539233637976,0.40611053596547475,256,0.3758661536286759,0.3345436955576854,0.47331976779384805,0.9487762883455332,0.05717444996568402
frozen_algebraic_replay,127204,quartet,256,compatible,sgd,0.03,exact,uniform_projection,1,True,0.5057433440305739,6,0.16315676999791562,0.16246729899484796,0.16335556091730852,256,0.12753609671254862,0.6294643088176843,0.6324124428969168,0.8573083897972212,0.05717444996568402
frozen_algebraic_replay,127204,quartet,256,compatible,sgd,0.03,exact,ancestry_K2,2,True,0.5057433440305739,6,0.3581596110894075,0.34924897088373663,0.35465154638171836,256,0.2760769253222941,0.8900163739407784,0.8669474862600962,0.6276974231115227,0.05717444996568402
frozen_algebraic_replay,127204,quartet,256,compatible,sgd,0.03,exact,ancestry_K3,3,True,0.5057433440305739,6,0.5672888868164871,0.562234100444283,0.5666263601816368,256,0.5159317250467673,0.9397959541453078,0.9462958940486026,0.37065785596091827,0.05717444996568402
frozen_algebraic_replay,127204,quartet,256,compatible,sgd,0.03,exact,ancestry_K4,4,True,0.5057433440305739,6,0.9557293852359313,0.9550330852571047,0.9558902254592292,256,0.9633173930737103,0.9862481325316914,0.9881126330263938,0.16552682779547737,0.05717444996568402
frozen_algebraic_replay,127204,quartet,256,compatible,sgd,0.03,exact,ancestry_K5,5,True,0.5057433440305739,6,0.9847054034695054,0.9848890160445509,0.9847380573555776,256,0.9866392959656423,0.9869334099166021,0.9886886555805219,0.16222522087707814,0.05717444996568402
frozen_algebraic_replay,127204,quartet,256,compatible,sgd,0.03,exact,ancestry_K6,6,True,0.5057433440305739,6,1.0,1.0,1.0,256,1.0,1.0,1.0,1.0392429339262151e-15,0.05717444996568402
frozen_algebraic_replay,127204,quartet,256,compatible,sgd,0.03,broadcast,unit_broadcast_fixed,1,False,0.8686100082074348,6,-12.852048527103268,-16.06477652519021,-13.836651544064022,256,-16.56998124016393,-0.003019720425168234,0.3272840748122777,1.6597814572455338,0.1911104581185356
frozen_algebraic_replay,127204,quartet,256,compatible,sgd,0.03,broadcast,initial_mean_fixed,1,False,0.8686100082074348,6,-4.914919270821102,-5.950928685538507,-5.299254109775333,256,-6.03643493458506,-0.0554171872593533,0.37102710417191204,1.4307059273061529,0.1911104581185356
frozen_algebraic_replay,127204,quartet,256,compatible,sgd,0.03,broadcast,initial_mean_projection,1,True,0.8686100082074348,6,0.05448053703509059,0.06474960142625368,0.05750736580093585,256,0.06295579313020006,0.5113953616680239,0.6876147324330433,0.9368208511231079,0.1911104581185356
frozen_algebraic_replay,127204,quartet,256,compatible,sgd,0.03,broadcast,best_fixed_rank1_q,1,True,0.8686100082074348,6,0.6015321373396887,0.5446485015923179,0.6108291047819492,256,0.550301356016021,0.6303826981273309,0.7688002935766208,0.8309543503637845,0.1911104581185356
frozen_algebraic_replay,127204,quartet,256,compatible,sgd,0.03,broadcast,best_fixed_rank1_error,1,True,0.8686100082074348,6,0.5999146925149603,0.5517508187979815,0.6124840816493581,256,0.5465714740825189,0.6201332868380575,0.7598051997411124,0.8442827361230131,0.1911104581185356
frozen_algebraic_replay,127204,quartet,256,compatible,sgd,0.03,broadcast,uniform_projection,1,True,0.8686100082074348,6,0.30586883736184145,0.3021233243267254,0.3183659441485899,256,0.26100271836612154,0.7187252794977447,0.7509157225829322,0.859819062948277,0.1911104581185356
frozen_algebraic_replay,127204,quartet,256,compatible,sgd,0.03,broadcast,ancestry_K2,2,True,0.8686100082074348,6,0.459406832376796,0.44024281722054864,0.4680727271850973,256,0.3981986919309707,0.9037242082804814,0.8557359859902894,0.7012481125534344,0.1911104581185356
frozen_algebraic_replay,127204,quartet,256,compatible,sgd,0.03,broadcast,ancestry_K3,3,True,0.8686100082074348,6,0.5202148249155318,0.4952099059093792,0.5214950665726148,256,0.466143727551401,0.8613705119617773,0.8893677347435281,0.6175785600175112,0.1911104581185356
frozen_algebraic_replay,127204,quartet,256,compatible,sgd,0.03,broadcast,ancestry_K4,4,True,0.8686100082074348,6,0.5617826877646712,0.5413131091608823,0.5630487509449766,256,0.5250887214414992,0.8517338546253932,0.9078572752629679,0.5506701763236781,0.1911104581185356
frozen_algebraic_replay,127204,quartet,256,compatible,sgd,0.03,broadcast,ancestry_K5,5,True,0.8686100082074348,6,0.7839280403426228,0.7478030311987234,0.7903865515217388,256,0.7773883023594064,0.9258089207457436,0.9532922280111155,0.3990735168207834,0.1911104581185356
frozen_algebraic_replay,127204,quartet,256,compatible,sgd,0.03,broadcast,ancestry_K6,6,True,0.8686100082074348,6,1.0,1.0,1.0,256,1.0,1.0,1.0,8.082481905690234e-16,0.1911104581185356
frozen_algebraic_replay,127204,quartet,256,compatible,sgd,0.03,global_projection,unit_broadcast_fixed,1,False,0.9038736587160237,6,-18.310268198246828,-34.822657830318335,-20.007250207529914,256,-22.276795504866477,-0.3375409320590055,-0.28327182632656,2.7355557986996177,0.18291298011192697
frozen_algebraic_replay,127204,quartet,256,compatible,sgd,0.03,global_projection,initial_mean_fixed,1,False,0.9038736587160237,6,-1.8928935950861159,-4.408866968713669,-2.044936260401676,256,-2.2422626455039776,0.43663745310470403,0.45976473110375177,1.6128443137699753,0.18291298011192697
frozen_algebraic_replay,127204,quartet,256,compatible,sgd,0.03,global_projection,initial_mean_projection,1,True,0.9038736587160237,6,0.3656814441547097,0.47256467037850336,0.403445307892337,256,0.4183884785259766,0.6131633288198477,0.6464594183464178,0.8086059247008164,0.18291298011192697
frozen_algebraic_replay,127204,quartet,256,compatible,sgd,0.03,global_projection,best_fixed_rank1_q,1,True,0.9038736587160237,6,0.5426424375510747,0.41772510912854455,0.5595591880879067,256,0.45151082488700456,0.6588431542776747,0.6915651617345016,0.7576761670769206,0.18291298011192697
frozen_algebraic_replay,127204,quartet,256,compatible,sgd,0.03,global_projection,best_fixed_rank1_error,1,True,0.9038736587160237,6,0.5383618543782088,0.4354551972417209,0.5644529210876142,256,0.45935504786383274,0.6772520645556523,0.7078699660085279,0.7408374193951488,0.18291298011192697
frozen_algebraic_replay,127204,quartet,256,compatible,sgd,0.03,global_projection,uniform_projection,1,True,0.9038736587160237,6,0.14394493769797323,0.1898121187772174,0.13982452449597815,256,0.12102995328530652,0.07154552304910412,0.2605457644838833,1.014090511789286,0.18291298011192697
frozen_algebraic_replay,127204,quartet,256,compatible,sgd,0.03,global_projection,ancestry_K2,2,True,0.9038736587160237,6,0.5275854255602439,0.4831997544270892,0.5472940714062793,256,0.4550369019384899,0.7270805121600975,0.7463912832071186,0.7171136544433047,0.18291298011192697
frozen_algebraic_replay,127204,quartet,256,compatible,sgd,0.03,global_projection,ancestry_K3,3,True,0.9038736587160237,6,0.6567321905391593,0.6916927418106578,0.6809027282927873,256,0.5957408001857011,0.878846964235529,0.888299982132139,0.4916559529367118,0.18291298011192697
frozen_algebraic_replay,127204,quartet,256,compatible,sgd,0.03,global_projection,ancestry_K4,4,True,0.9038736587160237,6,0.7915183902566134,0.8714382550313757,0.8061557936614425,256,0.8105443988723375,0.9925884887903172,0.9931898766798234,0.12156252044033458,0.18291298011192697
frozen_algebraic_replay,127204,quartet,256,compatible,sgd,0.03,global_projection,ancestry_K5,5,True,0.9038736587160237,6,0.9494137682365393,0.9731585032612058,0.9504832348329078,256,0.9500471722922793,0.9958409461214149,0.9961781137653509,0.09110878190960879,0.18291298011192697
frozen_algebraic_replay,127204,quartet,256,compatible,sgd,0.03,global_projection,ancestry_K6,6,True,0.9038736587160237,6,1.0,1.0,1.0,256,1.0,0.9999999999999998,1.0,2.5001559723316767e-15,0.18291298011192697
frozen_algebraic_replay,127204,quartet,256,compatible,sgd,0.03,subtree_projection,unit_broadcast_fixed,1,False,0.6466599088380893,6,-4.4642544596378455,-5.317731695767989,-4.857716057867199,256,-4.860105136965489,-0.17162679282655693,-0.15185342452079537,1.431298927277858,0.25772824614278483
frozen_algebraic_replay,127204,quartet,256,compatible,sgd,0.03,subtree_projection,initial_mean_fixed,1,False,0.6466599088380893,6,0.330924854446461,0.3905443546953122,0.34430287645986735,256,0.2041186342909327,0.3417729782811039,0.355422968643278,0.9958350985296007,0.25772824614278483
frozen_algebraic_replay,127204,quartet,256,compatible,sgd,0.03,subtree_projection,initial_mean_projection,1,True,0.6466599088380893,6,0.4981139621514272,0.557242092237662,0.511704527802791,256,0.381819071792997,0.43299151874985137,0.44633575975741185,0.9024209246932742,0.25772824614278483
frozen_algebraic_replay,127204,quartet,256,compatible,sgd,0.03,subtree_projection,best_fixed_rank1_q,1,True,0.6466599088380893,6,0.5279626839601133,0.5842543323088767,0.5374337769129258,256,0.4030495411488807,0.4110348463604682,0.42557281477046344,0.9116494430365712,0.25772824614278483
frozen_algebraic_replay,127204,quartet,256,compatible,sgd,0.03,subtree_projection,best_fixed_rank1_error,1,True,0.6466599088380893,6,0.5194785237407125,0.590039803635807,0.5481503115194077,256,0.43743928505154783,0.45337790628135977,0.46602354439120874,0.8913600343078105,0.25772824614278483
frozen_algebraic_replay,127204,quartet,256,compatible,sgd,0.03,subtree_projection,uniform_projection,1,True,0.6466599088380893,6,0.22175425609393606,0.23961532287548504,0.22234697538887171,256,0.13481684730451948,0.45682102147577247,0.4645811476393002,0.9058480116564549,0.25772824614278483
frozen_algebraic_replay,127204,quartet,256,compatible,sgd,0.03,subtree_projection,ancestry_K2,2,True,0.6466599088380893,6,0.4067698485131138,0.4341778784164073,0.39859545278325503,256,0.25317381201646694,0.5727731525300854,0.5784108718339754,0.8417701501428638,0.25772824614278483
frozen_algebraic_replay,127204,quartet,256,compatible,sgd,0.03,subtree_projection,ancestry_K3,3,True,0.6466599088380893,6,0.6058046373591552,0.6467895923685716,0.602120565343271,256,0.46500727335358505,0.8070391934392588,0.8101912074593537,0.5907726230269031,0.25772824614278483
frozen_algebraic_replay,127204,quartet,256,compatible,sgd,0.03,subtree_projection,ancestry_K4,4,True,0.6466599088380893,6,0.9743158686634692,0.9762135850712776,0.9760768563118449,256,0.9763679180811579,0.995068432110941,0.9951407773678407,0.09921274253580167,0.25772824614278483
frozen_algebraic_replay,127204,quartet,256,compatible,sgd,0.03,subtree_projection,ancestry_K5,5,True,0.6466599088380893,6,0.9927174665483143,0.9943154316276057,0.9931361399474674,256,0.9928564850913795,0.9986170554244463,0.9986372822119128,0.05261813398765165,0.25772824614278483
frozen_algebraic_replay,127204,quartet,256,compatible,sgd,0.03,subtree_projection,ancestry_K6,6,True,0.6466599088380893,6,1.0,1.0,1.0,256,1.0,0.9999999999999998,1.0,3.1300343523924535e-15,0.25772824614278483
frozen_algebraic_replay,127204,quartet,256,compatible,sgd,0.03,shuffled_projection,unit_broadcast_fixed,1,False,0.6909054679174769,6,-5.700760612540677,-7.686906955309791,-6.4734441472708255,256,-6.51664889892105,-0.15698886878869475,-0.11315111818025664,1.6365111554663645,0.21960154619180994
frozen_algebraic_replay,127204,quartet,256,compatible,sgd,0.03,shuffled_projection,initial_mean_fixed,1,False,0.6909054679174769,6,0.1897917333887279,0.13568126929347424,0.2043363969801203,256,0.09510679380647369,0.28271909733893535,0.31885229547535054,1.1124254681373842,0.21960154619180994
frozen_algebraic_replay,127204,quartet,256,compatible,sgd,0.03,shuffled_projection,initial_mean_projection,1,True,0.6909054679174769,6,0.4903538210732301,0.5425384952262207,0.5253758039322305,256,0.4264984012397436,0.4257800115109248,0.4654280100882395,0.9049643482900294,0.21960154619180994
frozen_algebraic_replay,127204,quartet,256,compatible,sgd,0.03,shuffled_projection,best_fixed_rank1_q,1,True,0.6909054679174769,6,0.5549617181572065,0.5378788613455088,0.548986080821662,256,0.4533628795332004,0.32544235302176405,0.3791558897954957,0.9474293258256484,0.21960154619180994
frozen_algebraic_replay,127204,quartet,256,compatible,sgd,0.03,shuffled_projection,best_fixed_rank1_error,1,True,0.6909054679174769,6,0.542803517803484,0.5693338570272762,0.561931632283879,256,0.4580233675346701,0.3271938431904896,0.3791775722452823,0.9501293509524155,0.21960154619180994
frozen_algebraic_replay,127204,quartet,256,compatible,sgd,0.03,shuffled_projection,uniform_projection,1,True,0.6909054679174769,6,0.19390822750526593,0.1960285506452385,0.19606960613452862,256,0.14944131297368457,0.438948193211343,0.47100668048179645,0.9085839140724556,0.21960154619180994
frozen_algebraic_replay,127204,quartet,256,compatible,sgd,0.03,shuffled_projection,ancestry_K2,2,True,0.6909054679174769,6,0.43248452718488606,0.43552200002556085,0.4398699947207899,256,0.3336757829449908,0.6454469553866325,0.6609886370474554,0.7834165753694075,0.21960154619180994
frozen_algebraic_replay,127204,quartet,256,compatible,sgd,0.03,shuffled_projection,ancestry_K3,3,True,0.6909054679174769,6,0.6450164340445259,0.6635195156511238,0.6590201051197768,256,0.5566292168307775,0.8472672035779193,0.8543943623112992,0.5323171357563306,0.21960154619180994
frozen_algebraic_replay,127204,quartet,256,compatible,sgd,0.03,shuffled_projection,ancestry_K4,4,True,0.6909054679174769,6,0.9697909899124508,0.9716287710462959,0.9730719058586657,256,0.9735791514279393,0.9962851389647693,0.9964458744889988,0.08613876800382463,0.21960154619180994
frozen_algebraic_replay,127204,quartet,256,compatible,sgd,0.03,shuffled_projection,ancestry_K5,5,True,0.6909054679174769,6,0.992135476061893,0.9939393045426486,0.9931140012608971,256,0.9930013155158981,0.9996584712444387,0.9996732200601595,0.026144497877289372,0.21960154619180994
frozen_algebraic_replay,127204,quartet,256,compatible,sgd,0.03,shuffled_projection,ancestry_K6,6,True,0.6909054679174769,6,1.0,1.0,1.0,256,1.0,1.0,1.0,3.152378361785283e-15,0.21960154619180994
frozen_algebraic_replay,127204,quartet,256,compatible,adam,0.003,broadcast,unit_broadcast_fixed,1,False,1.1368286778901384,6,-15.492268063030501,-23.850345020477505,-13.341872528728842,256,-32.72064093506474,-0.5308703720459854,0.8825179044104303,5.523630262907854,0.4228598689359641
frozen_algebraic_replay,127204,quartet,256,compatible,adam,0.003,broadcast,initial_mean_fixed,1,False,1.1368286778901384,6,-3.1038780388482747,-5.321176274867611,-2.407995325505996,256,-16.119488610397113,0.44282422922121795,0.9207303438651613,4.576297112581957,0.4228598689359641
frozen_algebraic_replay,127204,quartet,256,compatible,adam,0.003,broadcast,initial_mean_projection,1,True,1.1368286778901384,6,0.09752074160880952,0.11466641711664043,0.10156329630092442,256,-0.14755518373211163,0.5015322120409255,0.9958186600429285,0.9768942391741772,0.4228598689359641
frozen_algebraic_replay,127204,quartet,256,compatible,adam,0.003,broadcast,best_fixed_rank1_q,1,True,1.1368286778901384,6,0.5473533182289377,0.5079412250927438,0.5369240017085464,256,0.305181157978204,0.5124179543532212,0.9967589534052901,0.859529471286977,0.4228598689359641
frozen_algebraic_replay,127204,quartet,256,compatible,adam,0.003,broadcast,best_fixed_rank1_error,1,True,1.1368286778901384,6,0.5293829990884401,0.45204546829535314,0.5578374426483856,256,0.37460034868035075,0.6501843286144877,0.9974432867044866,0.7635521765085564,0.4228598689359641
frozen_algebraic_replay,127204,quartet,256,compatible,adam,0.003,broadcast,uniform_projection,1,True,1.1368286778901384,6,0.15325464945307365,0.14548598447277267,0.1968417648106715,256,-0.37207920821927853,0.6029609410280846,0.9971881373854973,0.8006949091870919,0.4228598689359641
frozen_algebraic_replay,127204,quartet,256,compatible,adam,0.003,broadcast,ancestry_K2,2,True,1.1368286778901384,6,0.3331806166216733,0.3333434467180178,0.3679083981412642,256,-0.014442497418300837,0.6631606598803135,0.9965775780434215,0.8846252371288312,0.4228598689359641
frozen_algebraic_replay,127204,quartet,256,compatible,adam,0.003,broadcast,ancestry_K3,3,True,1.1368286778901384,6,0.4763993903553866,0.47095130745469294,0.5132647378260038,256,-0.022977173800973416,0.7632669084864151,0.9981598108427351,0.6478994792651197,0.4228598689359641
frozen_algebraic_replay,127204,quartet,256,compatible,adam,0.003,broadcast,ancestry_K4,4,True,1.1368286778901384,6,0.5722776079531768,0.6092501473696926,0.5907917899692925,256,0.6304842217351022,0.9030423455660844,0.9991914693993488,0.42956588084853825,0.4228598689359641
frozen_algebraic_replay,127204,quartet,256,compatible,adam,0.003,broadcast,ancestry_K5,5,True,1.1368286778901384,6,0.8915935070124839,0.884393458541122,0.9148906839194686,256,0.9265707479775823,0.9859161482586275,0.9998774362440926,0.16727759918404092,0.4228598689359641
frozen_algebraic_replay,127204,quartet,256,compatible,adam,0.003,broadcast,ancestry_K6,6,True,1.1368286778901384,6,1.0,1.0,1.0,256,1.0,1.0,1.0000000000000002,2.7580166077906574e-15,0.4228598689359641
frozen_algebraic_replay,127204,quartet,256,compatible,adam,0.01,exact,unit_broadcast_fixed,1,False,0.001693882420713974,6,-2.2530144276823196,-2.2486793876204834,-2.2176190202862918,256,-2.231317516456009,-0.10499760247092971,0.015455229714816103,1.6407671325274775,0.04982278014334341
frozen_algebraic_replay,127204,quartet,256,compatible,adam,0.01,exact,initial_mean_fixed,1,False,0.001693882420713974,6,0.11387629704439184,0.11368437983183818,0.1916828106536076,256,0.13666002130284405,0.5933625032758802,0.6586281420750297,0.8085463633640868,0.04982278014334341
frozen_algebraic_replay,127204,quartet,256,compatible,adam,0.01,exact,initial_mean_projection,1,True,0.001693882420713974,6,0.24599148736654175,0.24570282629833096,0.2945686294500315,256,0.24816143540508218,0.6322166921007879,0.6898352414250933,0.7764814080351016,0.04982278014334341
frozen_algebraic_replay,127204,quartet,256,compatible,adam,0.01,exact,best_fixed_rank1_q,1,True,0.001693882420713974,6,0.4541308364876542,0.4540353569345728,0.4517872364219532,256,0.3878717095468991,0.61657067261597,0.6778837150233892,0.7873062446284722,0.04982278014334341
frozen_algebraic_replay,127204,quartet,256,compatible,adam,0.01,exact,best_fixed_rank1_error,1,True,0.001693882420713974,6,0.414448871015075,0.4158007794967553,0.4999075436728536,256,0.4460253385666316,0.7406270090098447,0.7782014943660767,0.674541491632322,0.04982278014334341
frozen_algebraic_replay,127204,quartet,256,compatible,adam,0.01,exact,uniform_projection,1,True,0.001693882420713974,6,0.09326379293038656,0.09249143134960362,0.07838254825119229,256,0.0674530976569816,0.6943091106569176,0.6083236842979786,0.8789576826481948,0.04982278014334341
frozen_algebraic_replay,127204,quartet,256,compatible,adam,0.01,exact,ancestry_K2,2,True,0.001693882420713974,6,0.3282635924749304,0.328336187213991,0.43488482616894564,256,0.3843273939087236,0.8115529560518817,0.8370229792634514,0.5918484807733159,0.04982278014334341
frozen_algebraic_replay,127204,quartet,256,compatible,adam,0.01,exact,ancestry_K3,3,True,0.001693882420713974,6,0.4605441324155669,0.46064317477340666,0.5634214266372308,256,0.5243158024346599,0.8960511667095313,0.9081968772041493,0.4646054423739857,0.04982278014334341
frozen_algebraic_replay,127204,quartet,256,compatible,adam,0.01,exact,ancestry_K4,4,True,0.001693882420713974,6,0.6979539591845025,0.6985605032386222,0.7601601422968991,256,0.7441058367694819,0.9340511101561885,0.9425651490738266,0.36071793177381334,0.04982278014334341
frozen_algebraic_replay,127204,quartet,256,compatible,adam,0.01,exact,ancestry_K5,5,True,0.001693882420713974,6,0.8040242180484404,0.8057650842689039,0.861867895936326,256,0.8571908007733637,0.9610432071917353,0.9660566987673944,0.2781208184644546,0.04982278014334341
frozen_algebraic_replay,127204,quartet,256,compatible,adam,0.01,exact,ancestry_K6,6,True,0.001693882420713974,6,1.0,1.0,1.0,256,1.0,1.0,1.0,1.9142709684928466e-15,0.04982278014334341
frozen_algebraic_replay,127204,quartet,256,compatible,adam,0.01,global_projection,unit_broadcast_fixed,1,False,0.3183131449052412,6,-3.4867868507320052,-3.553736993061014,-3.6154904031450643,256,-3.4249436612213353,0.26686599424295476,0.44925982909751017,1.7144925903702712,0.2750574034065557
frozen_algebraic_replay,127204,quartet,256,compatible,adam,0.01,global_projection,initial_mean_fixed,1,False,0.3183131449052412,6,0.28754523037859303,0.260897554385136,0.2902000482043523,256,0.18898800260796134,0.2056454183016761,0.6220701097514539,0.9964553899902331,0.2750574034065557
frozen_algebraic_replay,127204,quartet,256,compatible,adam,0.01,global_projection,initial_mean_projection,1,True,0.3183131449052412,6,0.4108960578966556,0.3970825238866047,0.42794903879047685,256,0.35796514356327147,0.23435203722767325,0.6397123886214435,0.9750690880424898,0.2750574034065557
frozen_algebraic_replay,127204,quartet,256,compatible,adam,0.01,global_projection,best_fixed_rank1_q,1,True,0.3183131449052412,6,0.4985185365279209,0.478408685473463,0.46871432040924754,256,0.3871180833232253,-0.04110038443023906,0.5358938758878963,1.0876571230741332,0.2750574034065557
frozen_algebraic_replay,127204,quartet,256,compatible,adam,0.01,global_projection,best_fixed_rank1_error,1,True,0.3183131449052412,6,0.4813002793048553,0.46984714396842603,0.4854898739200967,256,0.40647450024290566,0.23251655495544343,0.6314955863043944,0.985957678513397,0.2750574034065557
frozen_algebraic_replay,127204,quartet,256,compatible,adam,0.01,global_projection,uniform_projection,1,True,0.3183131449052412,6,0.2927799923665848,0.27076223570910884,0.24347776041137137,256,0.1834539193240029,-0.0682943708012361,0.54853648077444,1.070448453752273,0.2750574034065557
frozen_algebraic_replay,127204,quartet,256,compatible,adam,0.01,global_projection,ancestry_K2,2,True,0.3183131449052412,6,0.3916676283005873,0.3708287795008385,0.3677265654241433,256,0.29422454903623785,0.5447720368597594,0.7409531215200127,0.8546520558462105,0.2750574034065557
frozen_algebraic_replay,127204,quartet,256,compatible,adam,0.01,global_projection,ancestry_K3,3,True,0.3183131449052412,6,0.583339870768739,0.5513064247612589,0.5587988111793971,256,0.514521448531384,0.5583957040179918,0.7520895126037999,0.8377211467611604,0.2750574034065557
frozen_algebraic_replay,127204,quartet,256,compatible,adam,0.01,global_projection,ancestry_K4,4,True,0.3183131449052412,6,0.947165986825155,0.9437201381330573,0.9527655123773658,256,0.9541609262142224,0.7233610131788587,0.8342774971305035,0.7040111347484751,0.2750574034065557
frozen_algebraic_replay,127204,quartet,256,compatible,adam,0.01,global_projection,ancestry_K5,5,True,0.3183131449052412,6,0.9712804860603487,0.9695361018661086,0.9706021773577816,256,0.9733997086078263,0.863595099480725,0.9138695056430577,0.5238165971622919,0.2750574034065557
frozen_algebraic_replay,127204,quartet,256,compatible,adam,0.01,global_projection,ancestry_K6,6,True,0.3183131449052412,6,1.0,1.0,1.0,256,1.0,1.0,1.0,2.301370129168082e-15,0.2750574034065557
frozen_algebraic_replay,127204,quartet,256,compatible,adam,0.01,shuffled_projection,unit_broadcast_fixed,1,False,0.2501297030746155,6,-3.4228909411187933,-3.416530493864008,-3.5201681206874165,256,-3.323857329676952,-0.2623110097815107,-0.1753331544017258,1.4655392385219164,0.30239486977318053
frozen_algebraic_replay,127204,quartet,256,compatible,adam,0.01,shuffled_projection,initial_mean_fixed,1,False,0.2501297030746155,6,0.19228697260915173,0.16875683041562534,0.1966689318121828,256,0.18370283196438375,0.34682848160883045,0.41305375581188875,0.9402580280487295,0.30239486977318053
frozen_algebraic_replay,127204,quartet,256,compatible,adam,0.01,shuffled_projection,initial_mean_projection,1,True,0.2501297030746155,6,0.35623033497354306,0.34326134381235507,0.3655295009998759,256,0.342191511771638,0.3696496584919146,0.4292428494911828,0.9329466219342433,0.30239486977318053
frozen_algebraic_replay,127204,quartet,256,compatible,adam,0.01,shuffled_projection,best_fixed_rank1_q,1,True,0.2501297030746155,6,0.4554545078695258,0.43422920382373315,0.46696896046723224,256,0.4125744345687149,0.4403738672741094,0.48587411113990847,0.9056259172209054,0.30239486977318053
frozen_algebraic_replay,127204,quartet,256,compatible,adam,0.01,shuffled_projection,best_fixed_rank1_error,1,True,0.2501297030746155,6,0.455428850297515,0.4342168893189726,0.46699625899241215,256,0.41248128862969047,0.44127217977600885,0.48658065395653993,0.9052852426843656,0.30239486977318053
frozen_algebraic_replay,127204,quartet,256,compatible,adam,0.01,shuffled_projection,uniform_projection,1,True,0.2501297030746155,6,0.2412047435369492,0.23147681130446282,0.24100340994764835,256,0.19271627184754547,0.6605649778649537,0.6434709022907468,0.8375242307259021,0.30239486977318053
frozen_algebraic_replay,127204,quartet,256,compatible,adam,0.01,shuffled_projection,ancestry_K2,2,True,0.2501297030746155,6,0.3485578151336072,0.3364250474973776,0.34551270302789594,256,0.28430674646369136,0.8322345091588986,0.8026489850054535,0.7262691838749162,0.30239486977318053
frozen_algebraic_replay,127204,quartet,256,compatible,adam,0.01,shuffled_projection,ancestry_K3,3,True,0.2501297030746155,6,0.5252152865736404,0.5033801221005765,0.5261777469331647,256,0.4756663313750227,0.8404389996868459,0.8239169217056999,0.6881396347108304,0.30239486977318053
frozen_algebraic_replay,127204,quartet,256,compatible,adam,0.01,shuffled_projection,ancestry_K4,4,True,0.2501297030746155,6,0.8939939933947652,0.8918883154135174,0.9070028923568934,256,0.921533631953723,0.8366196065895464,0.8411833642120288,0.6058240027935722,0.30239486977318053
frozen_algebraic_replay,127204,quartet,256,compatible,adam,0.01,shuffled_projection,ancestry_K5,5,True,0.2501297030746155,6,0.933094076312074,0.9327734656655167,0.9317106944752087,256,0.9454941984186169,0.9343933418505381,0.935758091593167,0.4179974984120604,0.30239486977318053
frozen_algebraic_replay,127204,quartet,256,compatible,adam,0.01,shuffled_projection,ancestry_K6,6,True,0.2501297030746155,6,1.0,1.0,1.0,256,1.0,1.0,1.0000000000000002,1.5696272156950012e-15,0.30239486977318053
frozen_algebraic_replay,127204,quartet,256,compatible,adam,0.03,subtree_projection,unit_broadcast_fixed,1,False,0.009300697093911322,6,-2.1650750062768562,-2.158267236276073,-2.0666612871168657,256,-2.03352417224078,-0.15440625007647127,0.007524445915790883,1.1985993721124213,0.09999401980908393
frozen_algebraic_replay,127204,quartet,256,compatible,adam,0.03,subtree_projection,initial_mean_fixed,1,False,0.009300697093911322,6,0.1643353903176853,0.16062365487463975,0.21369443048899706,256,0.18568316573128518,0.15650204308847884,0.3183348588603445,0.9877590740964544,0.09999401980908393
frozen_algebraic_replay,127204,quartet,256,compatible,adam,0.03,subtree_projection,initial_mean_projection,1,True,0.009300697093911322,6,0.27197507185484393,0.2691924099526112,0.31068740246660564,256,0.2759468836236001,0.28822706642130924,0.3835921123600682,0.9639491815075408,0.09999401980908393
frozen_algebraic_replay,127204,quartet,256,compatible,adam,0.03,subtree_projection,best_fixed_rank1_q,1,True,0.009300697093911322,6,0.3416076965319904,0.33644509324592087,0.29851881599848384,256,0.2765015046621294,0.5889434948631466,0.5867503814566551,0.8714032194688301,0.09999401980908393
frozen_algebraic_replay,127204,quartet,256,compatible,adam,0.03,subtree_projection,best_fixed_rank1_error,1,True,0.009300697093911322,6,0.3125139863342964,0.31630725479649924,0.39200283920112744,256,0.3703851694443351,0.6421918812364479,0.625690505291922,0.8509240648846823,0.09999401980908393
frozen_algebraic_replay,127204,quartet,256,compatible,adam,0.03,subtree_projection,uniform_projection,1,True,0.009300697093911322,6,0.13250398562629762,0.12733696185448906,0.12347446779468552,256,0.10978450792801941,0.8266932097611325,0.680894946174822,0.8413527211334657,0.09999401980908393
frozen_algebraic_replay,127204,quartet,256,compatible,adam,0.03,subtree_projection,ancestry_K2,2,True,0.009300697093911322,6,0.3338046712008108,0.32753260288689523,0.3933334269389581,256,0.35981207460875997,0.916930933366681,0.8569867607734957,0.6904167772828181,0.09999401980908393
frozen_algebraic_replay,127204,quartet,256,compatible,adam,0.03,subtree_projection,ancestry_K3,3,True,0.009300697093911322,6,0.45859281888536696,0.4538411400604796,0.5227032907007245,256,0.4979185341355169,0.8566318103090392,0.839960877484989,0.6635404357881681,0.09999401980908393
frozen_algebraic_replay,127204,quartet,256,compatible,adam,0.03,subtree_projection,ancestry_K4,4,True,0.009300697093911322,6,0.731348005360783,0.7300682476133109,0.7602124701312919,256,0.7605198665835072,0.8354274418804243,0.835502000242636,0.6376500181665579,0.09999401980908393
frozen_algebraic_replay,127204,quartet,256,compatible,adam,0.03,subtree_projection,ancestry_K5,5,True,0.009300697093911322,6,0.8174009309010968,0.8205993999045912,0.8442635421293313,256,0.8497801965473013,0.9153095785007073,0.9175132556138139,0.47089611914978663,0.09999401980908393
frozen_algebraic_replay,127204,quartet,256,compatible,adam,0.03,subtree_projection,ancestry_K6,6,True,0.009300697093911322,6,1.0,1.0,1.0,256,1.0,1.0,1.0000000000000002,1.1310138070699938e-15,0.09999401980908393
frozen_algebraic_replay,127204,quartet,1024,compatible,sgd,0.03,exact,unit_broadcast_fixed,1,False,0.00224173617756475,6,-1.7137503454345402,-1.7221710481297683,-1.8279639226809001,256,-1.9031298035208013,-0.055262252837863554,0.19289845345115944,1.4857715437032792,0.039669311341830917
frozen_algebraic_replay,127204,quartet,1024,compatible,sgd,0.03,exact,initial_mean_fixed,1,False,0.00224173617756475,6,0.16738181704755295,0.16691259985960694,0.1548165418125571,256,0.08354050206132124,0.46821266227602465,0.6354669213478826,0.8918075092680348,0.039669311341830917
frozen_algebraic_replay,127204,quartet,1024,compatible,sgd,0.03,exact,initial_mean_projection,1,True,0.00224173617756475,6,0.25831348752305094,0.25712043236970317,0.23955094344062045,256,0.19054730128145236,0.5901831287684021,0.6889613444718917,0.8427266518337078,0.039669311341830917
frozen_algebraic_replay,127204,quartet,1024,compatible,sgd,0.03,exact,best_fixed_rank1_q,1,True,0.00224173617756475,6,0.4971257398633635,0.4970975206231265,0.497053366730577,256,0.4142772787107022,0.62337853348017,0.7329604844900266,0.782045992385744,0.039669311341830917
frozen_algebraic_replay,127204,quartet,1024,compatible,sgd,0.03,exact,best_fixed_rank1_error,1,True,0.00224173617756475,6,0.4925233692323965,0.4927605460613862,0.5008970491866601,256,0.41934147867787186,0.6558025489662402,0.7541118276690135,0.7549347207836338,0.039669311341830917
frozen_algebraic_replay,127204,quartet,1024,compatible,sgd,0.03,exact,uniform_projection,1,True,0.00224173617756475,6,0.08518595159491882,0.08134950266454292,0.03853473759836168,256,0.03109097343079248,0.6668297862750568,0.5829523774356965,0.9388175368028677,0.039669311341830917
frozen_algebraic_replay,127204,quartet,1024,compatible,sgd,0.03,exact,ancestry_K2,2,True,0.00224173617756475,6,0.3305925849597229,0.32392764951042796,0.2453357274942617,256,0.17825792024949205,0.7870106012863911,0.7763691406094385,0.76009532131898,0.039669311341830917
frozen_algebraic_replay,127204,quartet,1024,compatible,sgd,0.03,exact,ancestry_K3,3,True,0.00224173617756475,6,0.4542269155193699,0.45095725494819483,0.4017794403229008,256,0.35154229088947775,0.746839223202033,0.8031937630555481,0.7012548675288723,0.039669311341830917
frozen_algebraic_replay,127204,quartet,1024,compatible,sgd,0.03,exact,ancestry_K4,4,True,0.00224173617756475,6,0.7121524221227153,0.7083598944664181,0.6632129930694237,256,0.6333424989472063,0.8922846106946278,0.91916789649782,0.4554910721346919,0.039669311341830917
frozen_algebraic_replay,127204,quartet,1024,compatible,sgd,0.03,exact,ancestry_K5,5,True,0.00224173617756475,6,0.8145114630106377,0.8152091038946622,0.8269357046465596,256,0.8102840351399141,0.9730268481255806,0.979652219754128,0.2307580284041624,0.039669311341830917
frozen_algebraic_replay,127204,quartet,1024,compatible,sgd,0.03,exact,ancestry_K6,6,True,0.00224173617756475,6,1.0,1.0,1.0,256,1.0,1.0,1.0,2.481698675940884e-15,0.039669311341830917
frozen_algebraic_replay,127204,quartet,1024,compatible,sgd,0.03,broadcast,unit_broadcast_fixed,1,False,0.9958645988371492,6,-1.4311245591593384,-3.7468751665418596,-1.8444424933432595,256,-2.1920831197092974,0.4715868246805693,0.51426315478117,0.8823774994447859,0.3723135912713758
frozen_algebraic_replay,127204,quartet,1024,compatible,sgd,0.03,broadcast,initial_mean_fixed,1,False,0.9958645988371492,6,-0.6434223873580294,-1.359609035120193,-0.7384263012183314,256,-0.6399501252677027,-0.004094196898967286,0.16553226088887207,1.0269535709537745,0.3723135912713758
frozen_algebraic_replay,127204,quartet,1024,compatible,sgd,0.03,broadcast,initial_mean_projection,1,True,0.9958645988371492,6,0.0004712660724351947,0.0010530839213674162,0.0005459827032409104,256,0.0005321467215904097,0.009954911428836767,0.23322717338872576,0.9999638997483891,0.3723135912713758
frozen_algebraic_replay,127204,quartet,1024,compatible,sgd,0.03,broadcast,best_fixed_rank1_q,1,True,0.9958645988371492,6,0.726344495236889,0.35021714351240774,0.6517053295612301,256,0.7939562182038054,0.9314165165927856,0.9352516380942157,0.36478576900267273,0.3723135912713758
frozen_algebraic_replay,127204,quartet,1024,compatible,sgd,0.03,broadcast,best_fixed_rank1_error,1,True,0.9958645988371492,6,0.7193852672395511,0.3534488118064336,0.6566159189105778,256,0.8003500471850244,0.9274571799653328,0.9315430383799392,0.373940829997901,0.3723135912713758
frozen_algebraic_replay,127204,quartet,1024,compatible,sgd,0.03,broadcast,uniform_projection,1,True,0.9958645988371492,6,0.21675720115921915,0.16163375858206652,0.19194580989223065,256,0.19950380785325117,0.7451757417505105,0.7060083704506019,0.8086296542861656,0.3723135912713758
frozen_algebraic_replay,127204,quartet,1024,compatible,sgd,0.03,broadcast,ancestry_K2,2,True,0.9958645988371492,6,0.4218538046302346,0.3041071435458903,0.3724483187175196,256,0.3726636275501314,0.8237512041230545,0.8245733289501826,0.6457476706749571,0.3723135912713758
frozen_algebraic_replay,127204,quartet,1024,compatible,sgd,0.03,broadcast,ancestry_K3,3,True,0.9958645988371492,6,0.4231358868271273,0.306471150515123,0.37395742182838143,256,0.3744008152426844,0.8238193084658253,0.8246613017745945,0.6455515755788233,0.3723135912713758
frozen_algebraic_replay,127204,quartet,1024,compatible,sgd,0.03,broadcast,ancestry_K4,4,True,0.9958645988371492,6,0.4231495239785419,0.3064990669350484,0.3739731449839484,256,0.3744159282600147,0.8238045537917076,0.8246536362482927,0.6455361970535655,0.3723135912713758
frozen_algebraic_replay,127204,quartet,1024,compatible,sgd,0.03,broadcast,ancestry_K5,5,True,0.9958645988371492,6,0.6231572576755426,0.4503679037200724,0.5535207859412374,256,0.5694197696788197,0.9263283824404706,0.928431558253667,0.4274645682433499,0.3723135912713758
frozen_algebraic_replay,127204,quartet,1024,compatible,sgd,0.03,broadcast,ancestry_K6,6,True,0.9958645988371492,6,1.0,1.0,1.0,256,1.0,1.0,0.9999999999999998,5.665826801688087e-16,0.3723135912713758
frozen_algebraic_replay,127204,quartet,1024,compatible,sgd,0.03,global_projection,unit_broadcast_fixed,1,False,0.9593128703198295,6,-10.259294350010753,-11.997186741897465,-10.274072608544554,256,-17.648926632477377,-0.34570772517089265,-0.2574399524008891,6.649868410317558,0.14410464066966575
frozen_algebraic_replay,127204,quartet,1024,compatible,sgd,0.03,global_projection,initial_mean_fixed,1,False,0.9593128703198295,6,-2.64412101303931,-2.970585916803505,-2.6533023525726254,256,-5.702087292112003,0.49508347595439534,0.47633924225296187,5.471499094408508,0.14410464066966575
frozen_algebraic_replay,127204,quartet,1024,compatible,sgd,0.03,global_projection,initial_mean_projection,1,True,0.9593128703198295,6,0.03228269512184645,0.03794883765728205,0.031757538303600175,256,0.062133756162924825,0.49904367469592703,0.6533539687151626,0.8668020608012579,0.14410464066966575
frozen_algebraic_replay,127204,quartet,1024,compatible,sgd,0.03,global_projection,best_fixed_rank1_q,1,True,0.9593128703198295,6,0.9258565281760138,0.9062476950165239,0.9245545707183395,256,0.8955922484330896,0.7037064649204005,0.7813964092256815,0.723249732155839,0.14410464066966575
frozen_algebraic_replay,127204,quartet,1024,compatible,sgd,0.03,global_projection,best_fixed_rank1_error,1,True,0.9593128703198295,6,0.9256773659859613,0.9072191239553071,0.9247332451013139,256,0.8957010892906205,0.7048933881827438,0.7822578478775899,0.7218826219481983,0.14410464066966575
frozen_algebraic_replay,127204,quartet,1024,compatible,sgd,0.03,global_projection,uniform_projection,1,True,0.9593128703198295,6,0.17968826793417447,0.16123342055638534,0.17916503928825156,256,-0.027324739443148616,-0.2862915857944064,0.054371347297873955,1.4954978308272429,0.14410464066966575
frozen_algebraic_replay,127204,quartet,1024,compatible,sgd,0.03,global_projection,ancestry_K2,2,True,0.9593128703198295,6,0.6031216585349584,0.5844330879182191,0.5989750508570243,256,0.5145825383061101,0.7881175008632173,0.8347231837246437,0.6467088781560884,0.14410464066966575
frozen_algebraic_replay,127204,quartet,1024,compatible,sgd,0.03,global_projection,ancestry_K3,3,True,0.9593128703198295,6,0.6042260923657998,0.5855375471962663,0.6000599166878882,256,0.5158515986619874,0.7954988322343619,0.8405627669214812,0.6363276606657224,0.14410464066966575
frozen_algebraic_replay,127204,quartet,1024,compatible,sgd,0.03,global_projection,ancestry_K4,4,True,0.9593128703198295,6,0.60604946318249,0.5869705022405773,0.6019827842361936,256,0.5228282495936868,0.8019641868385996,0.851887602428839,0.603233358424342,0.14410464066966575
frozen_algebraic_replay,127204,quartet,1024,compatible,sgd,0.03,global_projection,ancestry_K5,5,True,0.9593128703198295,6,0.9141480747345505,0.8811693222977653,0.90816291842516,256,0.8885602102860586,0.8382258529584284,0.8785509412612972,0.550892111972388,0.14410464066966575
frozen_algebraic_replay,127204,quartet,1024,compatible,sgd,0.03,global_projection,ancestry_K6,6,True,0.9593128703198295,6,1.0,1.0,1.0,256,1.0,0.9999999999999998,0.9999999999999998,1.505366483890596e-15,0.14410464066966575
frozen_algebraic_replay,127204,quartet,1024,compatible,sgd,0.03,subtree_projection,unit_broadcast_fixed,1,False,0.28319944594236535,6,-1.9735784512270276,-2.0709131101577096,-2.1305188801723562,256,-1.9907614348136446,0.2398978805080402,0.28360383079286033,1.1550430937890073,0.3564067302270738
frozen_algebraic_replay,127204,quartet,1024,compatible,sgd,0.03,subtree_projection,initial_mean_fixed,1,False,0.28319944594236535,6,0.1628662193159437,0.15722120351463204,0.17947194750532014,256,0.11984003251239084,0.23637016711831213,0.32124275042805467,0.9718805487227755,0.3564067302270738
frozen_algebraic_replay,127204,quartet,1024,compatible,sgd,0.03,subtree_projection,initial_mean_projection,1,True,0.28319944594236535,6,0.2641515383129931,0.2689555202867897,0.29124872967126225,256,0.2724341126302994,0.30377729186069563,0.3417073622267382,0.9681769464875722,0.3564067302270738
frozen_algebraic_replay,127204,quartet,1024,compatible,sgd,0.03,subtree_projection,best_fixed_rank1_q,1,True,0.28319944594236535,6,0.4716269488411583,0.4618301051162713,0.46464150514517744,256,0.3395562360357143,0.13267848705435423,0.20995064926802068,1.061286918097589,0.3564067302270738
frozen_algebraic_replay,127204,quartet,1024,compatible,sgd,0.03,subtree_projection,best_fixed_rank1_error,1,True,0.28319944594236535,6,0.4603081823722799,0.4575849403477376,0.47742886222457204,256,0.353670193381073,0.31281827252432765,0.3689322156338044,0.9746259198874827,0.3564067302270738
frozen_algebraic_replay,127204,quartet,1024,compatible,sgd,0.03,subtree_projection,uniform_projection,1,True,0.28319944594236535,6,0.3012387660383332,0.290452758941034,0.2849518420736661,256,0.19444474300209114,-0.019016662660134253,0.1527371855339927,1.026042801414239,0.3564067302270738
frozen_algebraic_replay,127204,quartet,1024,compatible,sgd,0.03,subtree_projection,ancestry_K2,2,True,0.28319944594236535,6,0.3936169374865731,0.38687133512907435,0.37437460763969677,256,0.28599421678334913,0.369784193839245,0.39858259052665695,0.9483720689045203,0.3564067302270738
frozen_algebraic_replay,127204,quartet,1024,compatible,sgd,0.03,subtree_projection,ancestry_K3,3,True,0.28319944594236535,6,0.522474872844743,0.5039094958865198,0.507723566821378,256,0.45356448609135114,0.3596695559455621,0.41199663615619464,0.9376501482608212,0.3564067302270738
frozen_algebraic_replay,127204,quartet,1024,compatible,sgd,0.03,subtree_projection,ancestry_K4,4,True,0.28319944594236535,6,0.8339642298067439,0.8289381209631241,0.8541237608660757,256,0.8567134800494596,0.572761083294016,0.6014597934138498,0.820292962590371,0.3564067302270738
frozen_algebraic_replay,127204,quartet,1024,compatible,sgd,0.03,subtree_projection,ancestry_K5,5,True,0.28319944594236535,6,0.9151579095296996,0.9097957230258761,0.9197701322613844,256,0.9130663662890625,0.6875504701725034,0.7065891853514967,0.7261873031508987,0.3564067302270738
frozen_algebraic_replay,127204,quartet,1024,compatible,sgd,0.03,subtree_projection,ancestry_K6,6,True,0.28319944594236535,6,1.0,1.0,1.0,256,1.0,1.0,1.0,1.9416287327443045e-15,0.3564067302270738
frozen_algebraic_replay,127204,quartet,1024,compatible,sgd,0.03,shuffled_projection,unit_broadcast_fixed,1,False,0.3117404010489812,6,-1.9681119323821763,-2.0081923072104826,-2.0272818779139965,256,-1.8604726340609323,0.3203642676188101,0.358865385544915,1.1329530240529115,0.3416088116167037
frozen_algebraic_replay,127204,quartet,1024,compatible,sgd,0.03,shuffled_projection,initial_mean_fixed,1,False,0.3117404010489812,6,0.21259828190708407,0.19909159822360556,0.22180986797868385,256,0.19016526808601197,-0.036160307736215064,0.1713261564130951,1.018891600064188,0.3416088116167037
frozen_algebraic_replay,127204,quartet,1024,compatible,sgd,0.03,shuffled_projection,initial_mean_projection,1,True,0.3117404010489812,6,0.3257383562073616,0.31524597055394943,0.3405430271927993,256,0.32838909890070533,0.31547890230909825,0.34883196934659016,0.9674290240084211,0.3416088116167037
frozen_algebraic_replay,127204,quartet,1024,compatible,sgd,0.03,shuffled_projection,best_fixed_rank1_q,1,True,0.3117404010489812,6,0.4880919373405713,0.4634990159920486,0.5004977699437749,256,0.5111148394491861,0.44817476295563297,0.49107992766877295,0.8987421426320119,0.3416088116167037
frozen_algebraic_replay,127204,quartet,1024,compatible,sgd,0.03,shuffled_projection,best_fixed_rank1_error,1,True,0.3117404010489812,6,0.48656495988049475,0.4657128936164113,0.5027370121937761,256,0.5312892534256854,0.48329298721489333,0.5225013982594835,0.8792369517964568,0.3416088116167037
frozen_algebraic_replay,127204,quartet,1024,compatible,sgd,0.03,shuffled_projection,uniform_projection,1,True,0.3117404010489812,6,0.2972650847001198,0.28117592996645985,0.27709559421223307,256,0.21684686588301272,-0.024673603312169372,0.1412319600183675,1.0374387025073353,0.3416088116167037
frozen_algebraic_replay,127204,quartet,1024,compatible,sgd,0.03,shuffled_projection,ancestry_K2,2,True,0.3117404010489812,6,0.39147152161916177,0.37601802510320703,0.3750132973313227,256,0.3144811267033172,0.5415703630688403,0.5352041656543775,0.8945926979691667,0.3416088116167037
frozen_algebraic_replay,127204,quartet,1024,compatible,sgd,0.03,shuffled_projection,ancestry_K3,3,True,0.3117404010489812,6,0.5383388891217971,0.5121091148710232,0.5240063460434043,256,0.4835714524341548,0.5424437036806796,0.5620964649984677,0.868369756980163,0.3416088116167037
frozen_algebraic_replay,127204,quartet,1024,compatible,sgd,0.03,shuffled_projection,ancestry_K4,4,True,0.3117404010489812,6,0.9032725316846975,0.8961625008269274,0.9067639589633381,256,0.9189785294702727,0.646735275722593,0.6701393667696912,0.7644625858792579,0.3416088116167037
frozen_algebraic_replay,127204,quartet,1024,compatible,sgd,0.03,shuffled_projection,ancestry_K5,5,True,0.3117404010489812,6,0.9526561001056567,0.9472205680201414,0.948566950866399,256,0.9532001640812723,0.7708297256685785,0.7846943796524167,0.638552678223778,0.3416088116167037
frozen_algebraic_replay,127204,quartet,1024,compatible,sgd,0.03,shuffled_projection,ancestry_K6,6,True,0.3117404010489812,6,1.0,1.0,1.0,256,1.0,1.0,1.0,2.0414148770374637e-15,0.3416088116167037
frozen_algebraic_replay,127204,quartet,1024,compatible,adam,0.003,broadcast,unit_broadcast_fixed,1,False,0.7146947116001451,6,-0.07136905972365182,-0.21394385315946818,-0.0880632209625567,256,-0.9044990784070739,-0.0232736187448287,0.09459682202903807,1.2259963908916685,1.666587210782117
frozen_algebraic_replay,127204,quartet,1024,compatible,adam,0.003,broadcast,initial_mean_fixed,1,False,0.7146947116001451,6,-0.0859461429102153,-0.16643782346764727,-0.09692416176963992,256,-0.7752939003581456,0.009093647860259447,0.12222545748771324,1.210920871321677,1.666587210782117
frozen_algebraic_replay,127204,quartet,1024,compatible,adam,0.003,broadcast,initial_mean_projection,1,True,0.7146947116001451,6,0.0001207947587763547,0.0002348853369590143,0.00012535450899964218,256,-0.0002567421322985375,0.012926090463769246,0.28750924819363965,0.9999265447171392,1.666587210782117
frozen_algebraic_replay,127204,quartet,1024,compatible,adam,0.003,broadcast,best_fixed_rank1_q,1,True,0.7146947116001451,6,0.7643274623717525,0.5403949370604976,0.7349157569987697,256,0.8606432885156113,0.9923137804442069,0.9929408758002037,0.12470552803872881,1.666587210782117
frozen_algebraic_replay,127204,quartet,1024,compatible,adam,0.003,broadcast,best_fixed_rank1_error,1,True,0.7146947116001451,6,0.7642441175974852,0.541213707811157,0.7349899614861479,256,0.8597884513781631,0.9922950925821055,0.9929193407255896,0.1252878267979154,1.666587210782117
frozen_algebraic_replay,127204,quartet,1024,compatible,adam,0.003,broadcast,uniform_projection,1,True,0.7146947116001451,6,0.1838431934981607,0.1759504378823205,0.1833371000569991,256,-0.11910513102238185,0.4907791078019953,0.540224965566613,0.8869918462721132,1.666587210782117
frozen_algebraic_replay,127204,quartet,1024,compatible,adam,0.003,broadcast,ancestry_K2,2,True,0.7146947116001451,6,0.37320892793963634,0.3615445380707016,0.37222672123646494,256,0.36003238227680934,0.970731208694646,0.8835229567668427,0.6808898330841945,1.666587210782117
frozen_algebraic_replay,127204,quartet,1024,compatible,adam,0.003,broadcast,ancestry_K3,3,True,0.7146947116001451,6,0.37334537246402344,0.36180675614420665,0.37236636323079797,256,0.36023162718740576,0.9708978420647364,0.8836388327864456,0.6808125236029295,1.666587210782117
frozen_algebraic_replay,127204,quartet,1024,compatible,adam,0.003,broadcast,ancestry_K4,4,True,0.7146947116001451,6,0.37340612419761243,0.36192404795540845,0.37242988319332093,256,0.36077269806876766,0.9704156965254342,0.8835272625079633,0.6806915826548232,1.666587210782117
frozen_algebraic_replay,127204,quartet,1024,compatible,adam,0.003,broadcast,ancestry_K5,5,True,0.7146947116001451,6,0.563139512155481,0.5489565904488275,0.5622404681005467,256,0.5940696367292277,0.9804856740012277,0.9533781873108094,0.5181360158295842,1.666587210782117
frozen_algebraic_replay,127204,quartet,1024,compatible,adam,0.003,broadcast,ancestry_K6,6,True,0.7146947116001451,6,1.0,1.0,1.0,256,1.0,1.0,1.0000000000000002,4.527837774640387e-16,1.666587210782117
frozen_algebraic_replay,127204,quartet,1024,compatible,adam,0.01,exact,unit_broadcast_fixed,1,False,0.0016063514673468815,6,-2.4867761648554714,-2.484832948222733,-2.3365509309831825,256,-2.352158095487503,-0.06173561995053087,0.1913137192427323,1.7536349707105496,0.052877513952607154
frozen_algebraic_replay,127204,quartet,1024,compatible,adam,0.01,exact,initial_mean_fixed,1,False,0.0016063514673468815,6,0.11136660748436844,0.11087258401020478,0.07624896111222512,256,0.03652976999857682,0.5305992004860158,0.6940858317716919,0.883130470386627,0.052877513952607154
frozen_algebraic_replay,127204,quartet,1024,compatible,adam,0.01,exact,initial_mean_projection,1,True,0.0016063514673468815,6,0.2576261007420694,0.2569747317825907,0.24796619824585764,256,0.20927836395732924,0.554352718074424,0.714800734709238,0.8405128009053512,0.052877513952607154
frozen_algebraic_replay,127204,quartet,1024,compatible,adam,0.01,exact,best_fixed_rank1_q,1,True,0.0016063514673468815,6,0.45560064698778,0.45557456994560885,0.4561173532343966,256,0.4173705423361659,0.739895760359364,0.8275474292211641,0.6727358814485177,0.052877513952607154
frozen_algebraic_replay,127204,quartet,1024,compatible,adam,0.01,exact,best_fixed_rank1_error,1,True,0.0016063514673468815,6,0.44918604525282335,0.4494946666085701,0.4627057068154018,256,0.4251434842106967,0.7452486075860867,0.830888827499349,0.6667882773756917,0.052877513952607154
frozen_algebraic_replay,127204,quartet,1024,compatible,adam,0.01,exact,uniform_projection,1,True,0.0016063514673468815,6,0.0940162178851045,0.09259977018424725,0.0959207547907629,256,0.07243309296616296,0.26674953457659417,0.5942345682912842,0.9637974529866106,0.052877513952607154
frozen_algebraic_replay,127204,quartet,1024,compatible,adam,0.01,exact,ancestry_K2,2,True,0.0016063514673468815,6,0.3327601776037977,0.330616820846007,0.3491071453892999,256,0.29465572427696773,0.536908590992804,0.7100582383458549,0.8438855734767544,0.052877513952607154
frozen_algebraic_replay,127204,quartet,1024,compatible,adam,0.01,exact,ancestry_K3,3,True,0.0016063514673468815,6,0.46828272517774805,0.4672156630191511,0.45362625598805895,256,0.4105208392755818,0.6496641578576572,0.7727193332655297,0.7609787589386683,0.052877513952607154
frozen_algebraic_replay,127204,quartet,1024,compatible,adam,0.01,exact,ancestry_K4,4,True,0.0016063514673468815,6,0.7147396122009699,0.7139373173487891,0.7195857584471932,256,0.7088603792346273,0.8724903932567935,0.913025857079262,0.4890916136093219,0.052877513952607154
frozen_algebraic_replay,127204,quartet,1024,compatible,adam,0.01,exact,ancestry_K5,5,True,0.0016063514673468815,6,0.8179807748019848,0.8190704602716263,0.8319018834312446,256,0.8309179194167333,0.8938886355792984,0.9272856680896755,0.4491878460100081,0.052877513952607154
frozen_algebraic_replay,127204,quartet,1024,compatible,adam,0.01,exact,ancestry_K6,6,True,0.0016063514673468815,6,1.0,1.0,1.0,256,1.0,1.0000000000000002,1.0,2.896630339929632e-15,0.052877513952607154
frozen_algebraic_replay,127204,quartet,1024,compatible,adam,0.01,global_projection,unit_broadcast_fixed,1,False,0.013884979412819194,6,-0.5182574989339739,-0.5299460176607529,-0.503217312310319,256,-0.3850113637644694,-0.14968492400156955,-0.11454385101470009,1.0707800388069018,0.39332863668888907
frozen_algebraic_replay,127204,quartet,1024,compatible,adam,0.01,global_projection,initial_mean_fixed,1,False,0.013884979412819194,6,0.09271327529239393,0.09392914273979633,0.11787328027899069,256,0.06573279411729427,0.2799121878280804,0.2804105803387299,0.971390902785685,0.39332863668888907
frozen_algebraic_replay,127204,quartet,1024,compatible,adam,0.01,global_projection,initial_mean_projection,1,True,0.013884979412819194,6,0.18635041100380034,0.18791146632002975,0.21646630836624847,256,0.1998529124039492,0.709285963517826,0.7082708882254085,0.7767902927673187,0.39332863668888907
frozen_algebraic_replay,127204,quartet,1024,compatible,adam,0.01,global_projection,best_fixed_rank1_q,1,True,0.013884979412819194,6,0.39214304493725294,0.39142799550764895,0.3810308318756521,256,0.4304261165019866,0.9242736540854687,0.9248581637371739,0.3817305897016879,0.39332863668888907
frozen_algebraic_replay,127204,quartet,1024,compatible,adam,0.01,global_projection,best_fixed_rank1_error,1,True,0.013884979412819194,6,0.3502682638047857,0.3464210188367788,0.4212448056630077,256,0.43517585275983595,0.938338570739449,0.9368814364567197,0.5201758624207545,0.39332863668888907
frozen_algebraic_replay,127204,quartet,1024,compatible,adam,0.01,global_projection,uniform_projection,1,True,0.013884979412819194,6,0.20091428449749515,0.20600273113639778,0.19174667884457408,256,0.1696878842302273,0.6648358212031964,0.6578956503929958,0.8418738636493488,0.39332863668888907
frozen_algebraic_replay,127204,quartet,1024,compatible,adam,0.01,global_projection,ancestry_K2,2,True,0.013884979412819194,6,0.3257458427100539,0.33043870574462814,0.326110095999959,256,0.33396335967141466,0.7905806166536666,0.7898029082254001,0.6996731059045773,0.39332863668888907
frozen_algebraic_replay,127204,quartet,1024,compatible,adam,0.01,global_projection,ancestry_K3,3,True,0.013884979412819194,6,0.42326652041283486,0.42758587248330204,0.43094290916149036,256,0.4670371925421317,0.895347380427902,0.8950867901967868,0.5397807003869782,0.39332863668888907
frozen_algebraic_replay,127204,quartet,1024,compatible,adam,0.01,global_projection,ancestry_K4,4,True,0.013884979412819194,6,0.6923805772537923,0.6957494537154039,0.6556277264703871,256,0.6499993700188749,0.9565556713115805,0.956884808705799,0.29170081220691163,0.39332863668888907
frozen_algebraic_replay,127204,quartet,1024,compatible,adam,0.01,global_projection,ancestry_K5,5,True,0.013884979412819194,6,0.7689560877578427,0.7749568742701101,0.7197560873372687,256,0.7321357102619301,0.9577082605087366,0.9580274270074673,0.28834261121300075,0.39332863668888907
frozen_algebraic_replay,127204,quartet,1024,compatible,adam,0.01,global_projection,ancestry_K6,6,True,0.013884979412819194,6,1.0,1.0,1.0,256,1.0,1.0000000000000002,1.0000000000000002,1.4589341670994415e-15,0.39332863668888907
frozen_algebraic_replay,127204,quartet,1024,compatible,adam,0.01,shuffled_projection,unit_broadcast_fixed,1,False,0.0018992550119682802,6,-3.8259125584050446,-3.830721179727786,-3.889281395198294,256,-4.275409428570454,-0.2979653575629152,0.05080508652456893,1.8373703751002104,0.03630381800648984
frozen_algebraic_replay,127204,quartet,1024,compatible,adam,0.01,shuffled_projection,initial_mean_fixed,1,False,0.0018992550119682802,6,0.07640791789850632,0.07706894382814136,0.1713760374434392,256,0.06416737107100257,0.2383581691853705,0.5808685289772556,0.992446900442697,0.03630381800648984
frozen_algebraic_replay,127204,quartet,1024,compatible,adam,0.01,shuffled_projection,initial_mean_projection,1,True,0.0018992550119682802,6,0.28712136870949967,0.28725965945968085,0.34632408257678116,256,0.24610477061534242,0.40662489258751183,0.6335536674839773,0.9391805338399382,0.03630381800648984
frozen_algebraic_replay,127204,quartet,1024,compatible,adam,0.01,shuffled_projection,best_fixed_rank1_q,1,True,0.0018992550119682802,6,0.4173925978323283,0.41753787510819773,0.41589322225489156,256,0.41326474363198895,0.5974575428490043,0.7496191999085383,0.801902049745422,0.03630381800648984
frozen_algebraic_replay,127204,quartet,1024,compatible,adam,0.01,shuffled_projection,best_fixed_rank1_error,1,True,0.0018992550119682802,6,0.3920752080685411,0.3927159275806398,0.4608452376505583,256,0.4512834163109086,0.6256597023788418,0.7569943097185515,0.796907204801419,0.03630381800648984
frozen_algebraic_replay,127204,quartet,1024,compatible,adam,0.01,shuffled_projection,uniform_projection,1,True,0.0018992550119682802,6,0.22785491225217602,0.22832286638616395,0.25544006550637754,256,0.26041713047469683,0.7226701518603817,0.7019253522017633,0.87443071641704,0.03630381800648984
frozen_algebraic_replay,127204,quartet,1024,compatible,adam,0.01,shuffled_projection,ancestry_K2,2,True,0.0018992550119682802,6,0.3319037643042366,0.33231272776989784,0.38370537313834563,256,0.35457149295147583,0.6032660619981643,0.7180878825646632,0.8519118139629053,0.03630381800648984
frozen_algebraic_replay,127204,quartet,1024,compatible,adam,0.01,shuffled_projection,ancestry_K3,3,True,0.0018992550119682802,6,0.5164422781809151,0.5181311291370027,0.5678743968622448,256,0.5229592188511513,0.6340041694766143,0.766995235875584,0.779874793957742,0.03630381800648984
frozen_algebraic_replay,127204,quartet,1024,compatible,adam,0.01,shuffled_projection,ancestry_K4,4,True,0.0018992550119682802,6,0.8245732839377811,0.8254501354406323,0.8094084591849002,256,0.7496398813677181,0.7416214905540124,0.8324170479727327,0.6719939903472902,0.03630381800648984
frozen_algebraic_replay,127204,quartet,1024,compatible,adam,0.01,shuffled_projection,ancestry_K5,5,True,0.0018992550119682802,6,0.9161655570887607,0.9161855696413372,0.8947524755716155,256,0.8683123143916978,0.8833606188006508,0.9211206876701874,0.47565501824176637,0.03630381800648984
frozen_algebraic_replay,127204,quartet,1024,compatible,adam,0.01,shuffled_projection,ancestry_K6,6,True,0.0018992550119682802,6,1.0,1.0,1.0,256,1.0,1.0000000000000002,1.0000000000000002,2.251076435079154e-15,0.03630381800648984
frozen_algebraic_replay,127204,quartet,1024,compatible,adam,0.03,subtree_projection,unit_broadcast_fixed,1,False,0.0032048541057171087,6,-3.2354520152958557,-3.2336974015295636,-3.5462690276332447,256,-3.4882608319064117,-0.3267843637274029,0.20562459312933287,1.7754756725138057,0.05945250984408365
frozen_algebraic_replay,127204,quartet,1024,compatible,adam,0.03,subtree_projection,initial_mean_fixed,1,False,0.0032048541057171087,6,0.3603652079707802,0.35996258591862085,0.46939925569102103,256,0.5135154862143693,0.6928578980661781,0.8419449645959718,0.7223094708756989,0.05945250984408365
frozen_algebraic_replay,127204,quartet,1024,compatible,adam,0.03,subtree_projection,initial_mean_projection,1,True,0.0032048541057171087,6,0.43356822529592776,0.433471047445815,0.5185621330519075,256,0.506807107688249,0.792445041617972,0.83809321149798,0.7476952881671491,0.05945250984408365
frozen_algebraic_replay,127204,quartet,1024,compatible,adam,0.03,subtree_projection,best_fixed_rank1_q,1,True,0.0032048541057171087,6,0.5802411063248365,0.580332380123104,0.5839596345992785,256,0.6286425462026368,0.7507233248569011,0.8695822203601268,0.660649969874333,0.05945250984408365
frozen_algebraic_replay,127204,quartet,1024,compatible,adam,0.03,subtree_projection,best_fixed_rank1_error,1,True,0.0032048541057171087,6,0.5534021953890386,0.5528875334441399,0.6150080545434494,256,0.6486595492444334,0.7724882854692205,0.8751114908287371,0.6533643101099067,0.05945250984408365
frozen_algebraic_replay,127204,quartet,1024,compatible,adam,0.03,subtree_projection,uniform_projection,1,True,0.0032048541057171087,6,0.12828178886083652,0.1284410877098603,0.18263002195766143,256,0.11907444371557441,0.2619029312275756,0.6925671092435821,0.9650945417684071,0.05945250984408365
frozen_algebraic_replay,127204,quartet,1024,compatible,adam,0.03,subtree_projection,ancestry_K2,2,True,0.0032048541057171087,6,0.33280356094099406,0.3347441262663602,0.4116228524474522,256,0.35199022428492766,0.5749740778806062,0.7764986009866685,0.8469541874319785,0.05945250984408365
frozen_algebraic_replay,127204,quartet,1024,compatible,adam,0.03,subtree_projection,ancestry_K3,3,True,0.0032048541057171087,6,0.4857768318052139,0.4873051310808642,0.5928140631824588,256,0.5484606926671354,0.7659868576249769,0.8632113092104822,0.6864387202582622,0.05945250984408365
frozen_algebraic_replay,127204,quartet,1024,compatible,adam,0.03,subtree_projection,ancestry_K4,4,True,0.0032048541057171087,6,0.8555157318825627,0.8572704899642967,0.8583212387391999,256,0.8790393132993394,0.9377138567426894,0.9656518564896586,0.34790237985637945,0.05945250984408365
frozen_algebraic_replay,127204,quartet,1024,compatible,adam,0.03,subtree_projection,ancestry_K5,5,True,0.0032048541057171087,6,0.9175177749276784,0.917993154886262,0.904692959741881,256,0.9130414826138517,0.9482048467638485,0.971266356303951,0.3193264274722294,0.05945250984408365
frozen_algebraic_replay,127204,quartet,1024,compatible,adam,0.03,subtree_projection,ancestry_K6,6,True,0.0032048541057171087,6,1.0,1.0,1.0,256,1.0,1.0,1.0,2.0429987891737618e-15,0.05945250984408365
frozen_algebraic_replay,127204,nested,0,compatible,sgd,0.03,exact,unit_broadcast_fixed,1,False,1.2475145175215296,6,-4.2367160205251535,-24.306918417966735,-3.409986345083574,256,-3.846701418371288,-0.5126316549838602,0.33806680961495417,2.266271512354721,0.7790810818507385
frozen_algebraic_replay,127204,nested,0,compatible,sgd,0.03,exact,initial_mean_fixed,1,False,1.2475145175215296,6,0.518839758684142,-1.9866177955425766,0.4951845329916603,256,0.5261821520886248,0.9076539672518884,0.947932030017269,0.5747599323989563,0.7790810818507385
frozen_algebraic_replay,127204,nested,0,compatible,sgd,0.03,exact,initial_mean_projection,1,True,1.2475145175215296,6,0.669326638650302,0.6479186142906446,0.6408664799845617,256,0.688873095037171,0.927498787306446,0.969142971299675,0.44524805638947357,0.7790810818507385
frozen_algebraic_replay,127204,nested,0,compatible,sgd,0.03,exact,best_fixed_rank1_q,1,True,1.2475145175215296,6,0.6781386681657652,0.6259001077994086,0.6826080355247295,256,0.7309049169252317,0.912751589463635,0.969326095143725,0.4378622128820304,0.7790810818507385
frozen_algebraic_replay,127204,nested,0,compatible,sgd,0.03,exact,best_fixed_rank1_error,1,True,1.2475145175215296,6,0.653470954260714,0.5630902482539302,0.7118703332925647,256,0.7551132143858552,0.8801506295347467,0.9621591922405781,0.4798829326318451,0.7790810818507385
frozen_algebraic_replay,127204,nested,0,compatible,sgd,0.03,exact,uniform_projection,1,True,1.2475145175215296,6,0.044537368867791916,0.06369268405664125,0.027721314761023574,256,-0.009823650508255843,0.2171076581274981,0.8285174132983173,0.9836532071886258,0.7790810818507385
frozen_algebraic_replay,127204,nested,0,compatible,sgd,0.03,exact,ancestry_K2,2,True,1.2475145175215296,6,0.4215305599853981,0.5400578025640027,0.2905062815426064,256,0.26712862630282885,0.6407687425210028,0.8970244373836026,0.7774799470566525,0.7790810818507385
frozen_algebraic_replay,127204,nested,0,compatible,sgd,0.03,exact,ancestry_K3,3,True,1.2475145175215296,6,0.5779681317369858,0.6734421256010056,0.4623583126501768,256,0.45227683903431315,0.7848024780974315,0.9303056720615043,0.6483522563223846,0.7790810818507385
frozen_algebraic_replay,127204,nested,0,compatible,sgd,0.03,exact,ancestry_K4,4,True,1.2475145175215296,6,0.6450449169456371,0.7244992975344714,0.5444946310101975,256,0.5233886473405345,0.8481309120887225,0.9532793459155593,0.5309179171307956,0.7790810818507385
frozen_algebraic_replay,127204,nested,0,compatible,sgd,0.03,exact,ancestry_K5,5,True,1.2475145175215296,6,0.7244209938696493,0.7896047104379783,0.6416392208056245,256,0.5942303892615499,0.814589069133371,0.9437694459747362,0.5809720512387528,0.7790810818507385
frozen_algebraic_replay,127204,nested,0,compatible,sgd,0.03,exact,ancestry_K6,6,True,1.2475145175215296,6,1.0,1.0,1.0,256,1.0,0.9999999999999998,1.0,5.336786838707865e-16,0.7790810818507385
frozen_algebraic_replay,127204,nested,0,compatible,sgd,0.03,broadcast,unit_broadcast_fixed,1,False,1.2475145175215296,6,-4.2367160205251535,-24.306918417966735,-3.409986345083574,256,-3.846701418371288,-0.5126316549838602,0.33806680961495417,2.266271512354721,0.7790810818507385
frozen_algebraic_replay,127204,nested,0,compatible,sgd,0.03,broadcast,initial_mean_fixed,1,False,1.2475145175215296,6,0.518839758684142,-1.9866177955425766,0.4951845329916603,256,0.5261821520886248,0.9076539672518884,0.947932030017269,0.5747599323989563,0.7790810818507385
frozen_algebraic_replay,127204,nested,0,compatible,sgd,0.03,broadcast,initial_mean_projection,1,True,1.2475145175215296,6,0.669326638650302,0.6479186142906446,0.6408664799845617,256,0.688873095037171,0.927498787306446,0.969142971299675,0.44524805638947357,0.7790810818507385
frozen_algebraic_replay,127204,nested,0,compatible,sgd,0.03,broadcast,best_fixed_rank1_q,1,True,1.2475145175215296,6,0.6781386681657652,0.6259001077994086,0.6826080355247295,256,0.7309049169252317,0.912751589463635,0.969326095143725,0.4378622128820304,0.7790810818507385
frozen_algebraic_replay,127204,nested,0,compatible,sgd,0.03,broadcast,best_fixed_rank1_error,1,True,1.2475145175215296,6,0.653470954260714,0.5630902482539302,0.7118703332925647,256,0.7551132143858552,0.8801506295347467,0.9621591922405781,0.4798829326318451,0.7790810818507385
frozen_algebraic_replay,127204,nested,0,compatible,sgd,0.03,broadcast,uniform_projection,1,True,1.2475145175215296,6,0.044537368867791916,0.06369268405664125,0.027721314761023574,256,-0.009823650508255843,0.2171076581274981,0.8285174132983173,0.9836532071886258,0.7790810818507385
frozen_algebraic_replay,127204,nested,0,compatible,sgd,0.03,broadcast,ancestry_K2,2,True,1.2475145175215296,6,0.4215305599853981,0.5400578025640027,0.2905062815426064,256,0.26712862630282885,0.6407687425210028,0.8970244373836026,0.7774799470566525,0.7790810818507385
frozen_algebraic_replay,127204,nested,0,compatible,sgd,0.03,broadcast,ancestry_K3,3,True,1.2475145175215296,6,0.5779681317369858,0.6734421256010056,0.4623583126501768,256,0.45227683903431315,0.7848024780974315,0.9303056720615043,0.6483522563223846,0.7790810818507385
frozen_algebraic_replay,127204,nested,0,compatible,sgd,0.03,broadcast,ancestry_K4,4,True,1.2475145175215296,6,0.6450449169456371,0.7244992975344714,0.5444946310101975,256,0.5233886473405345,0.8481309120887225,0.9532793459155593,0.5309179171307956,0.7790810818507385
frozen_algebraic_replay,127204,nested,0,compatible,sgd,0.03,broadcast,ancestry_K5,5,True,1.2475145175215296,6,0.7244209938696493,0.7896047104379783,0.6416392208056245,256,0.5942303892615499,0.814589069133371,0.9437694459747362,0.5809720512387528,0.7790810818507385
frozen_algebraic_replay,127204,nested,0,compatible,sgd,0.03,broadcast,ancestry_K6,6,True,1.2475145175215296,6,1.0,1.0,1.0,256,1.0,0.9999999999999998,1.0,5.336786838707865e-16,0.7790810818507385
frozen_algebraic_replay,127204,nested,0,compatible,sgd,0.03,global_projection,unit_broadcast_fixed,1,False,1.2475145175215296,6,-4.2367160205251535,-24.306918417966735,-3.409986345083574,256,-3.846701418371288,-0.5126316549838602,0.33806680961495417,2.266271512354721,0.7790810818507385
frozen_algebraic_replay,127204,nested,0,compatible,sgd,0.03,global_projection,initial_mean_fixed,1,False,1.2475145175215296,6,0.518839758684142,-1.9866177955425766,0.4951845329916603,256,0.5261821520886248,0.9076539672518884,0.947932030017269,0.5747599323989563,0.7790810818507385
frozen_algebraic_replay,127204,nested,0,compatible,sgd,0.03,global_projection,initial_mean_projection,1,True,1.2475145175215296,6,0.669326638650302,0.6479186142906446,0.6408664799845617,256,0.688873095037171,0.927498787306446,0.969142971299675,0.44524805638947357,0.7790810818507385
frozen_algebraic_replay,127204,nested,0,compatible,sgd,0.03,global_projection,best_fixed_rank1_q,1,True,1.2475145175215296,6,0.6781386681657652,0.6259001077994086,0.6826080355247295,256,0.7309049169252317,0.912751589463635,0.969326095143725,0.4378622128820304,0.7790810818507385
frozen_algebraic_replay,127204,nested,0,compatible,sgd,0.03,global_projection,best_fixed_rank1_error,1,True,1.2475145175215296,6,0.653470954260714,0.5630902482539302,0.7118703332925647,256,0.7551132143858552,0.8801506295347467,0.9621591922405781,0.4798829326318451,0.7790810818507385
frozen_algebraic_replay,127204,nested,0,compatible,sgd,0.03,global_projection,uniform_projection,1,True,1.2475145175215296,6,0.044537368867791916,0.06369268405664125,0.027721314761023574,256,-0.009823650508255843,0.2171076581274981,0.8285174132983173,0.9836532071886258,0.7790810818507385
frozen_algebraic_replay,127204,nested,0,compatible,sgd,0.03,global_projection,ancestry_K2,2,True,1.2475145175215296,6,0.4215305599853981,0.5400578025640027,0.2905062815426064,256,0.26712862630282885,0.6407687425210028,0.8970244373836026,0.7774799470566525,0.7790810818507385
frozen_algebraic_replay,127204,nested,0,compatible,sgd,0.03,global_projection,ancestry_K3,3,True,1.2475145175215296,6,0.5779681317369858,0.6734421256010056,0.4623583126501768,256,0.45227683903431315,0.7848024780974315,0.9303056720615043,0.6483522563223846,0.7790810818507385
frozen_algebraic_replay,127204,nested,0,compatible,sgd,0.03,global_projection,ancestry_K4,4,True,1.2475145175215296,6,0.6450449169456371,0.7244992975344714,0.5444946310101975,256,0.5233886473405345,0.8481309120887225,0.9532793459155593,0.5309179171307956,0.7790810818507385
frozen_algebraic_replay,127204,nested,0,compatible,sgd,0.03,global_projection,ancestry_K5,5,True,1.2475145175215296,6,0.7244209938696493,0.7896047104379783,0.6416392208056245,256,0.5942303892615499,0.814589069133371,0.9437694459747362,0.5809720512387528,0.7790810818507385
frozen_algebraic_replay,127204,nested,0,compatible,sgd,0.03,global_projection,ancestry_K6,6,True,1.2475145175215296,6,1.0,1.0,1.0,256,1.0,0.9999999999999998,1.0,5.336786838707865e-16,0.7790810818507385
frozen_algebraic_replay,127204,nested,0,compatible,sgd,0.03,subtree_projection,unit_broadcast_fixed,1,False,1.2475145175215296,6,-4.2367160205251535,-24.306918417966735,-3.409986345083574,256,-3.846701418371288,-0.5126316549838602,0.33806680961495417,2.266271512354721,0.7790810818507385
frozen_algebraic_replay,127204,nested,0,compatible,sgd,0.03,subtree_projection,initial_mean_fixed,1,False,1.2475145175215296,6,0.518839758684142,-1.9866177955425766,0.4951845329916603,256,0.5261821520886248,0.9076539672518884,0.947932030017269,0.5747599323989563,0.7790810818507385
frozen_algebraic_replay,127204,nested,0,compatible,sgd,0.03,subtree_projection,initial_mean_projection,1,True,1.2475145175215296,6,0.669326638650302,0.6479186142906446,0.6408664799845617,256,0.688873095037171,0.927498787306446,0.969142971299675,0.44524805638947357,0.7790810818507385
frozen_algebraic_replay,127204,nested,0,compatible,sgd,0.03,subtree_projection,best_fixed_rank1_q,1,True,1.2475145175215296,6,0.6781386681657652,0.6259001077994086,0.6826080355247295,256,0.7309049169252317,0.912751589463635,0.969326095143725,0.4378622128820304,0.7790810818507385
frozen_algebraic_replay,127204,nested,0,compatible,sgd,0.03,subtree_projection,best_fixed_rank1_error,1,True,1.2475145175215296,6,0.653470954260714,0.5630902482539302,0.7118703332925647,256,0.7551132143858552,0.8801506295347467,0.9621591922405781,0.4798829326318451,0.7790810818507385
frozen_algebraic_replay,127204,nested,0,compatible,sgd,0.03,subtree_projection,uniform_projection,1,True,1.2475145175215296,6,0.044537368867791916,0.06369268405664125,0.027721314761023574,256,-0.009823650508255843,0.2171076581274981,0.8285174132983173,0.9836532071886258,0.7790810818507385
frozen_algebraic_replay,127204,nested,0,compatible,sgd,0.03,subtree_projection,ancestry_K2,2,True,1.2475145175215296,6,0.4215305599853981,0.5400578025640027,0.2905062815426064,256,0.26712862630282885,0.6407687425210028,0.8970244373836026,0.7774799470566525,0.7790810818507385
frozen_algebraic_replay,127204,nested,0,compatible,sgd,0.03,subtree_projection,ancestry_K3,3,True,1.2475145175215296,6,0.5779681317369858,0.6734421256010056,0.4623583126501768,256,0.45227683903431315,0.7848024780974315,0.9303056720615043,0.6483522563223846,0.7790810818507385
frozen_algebraic_replay,127204,nested,0,compatible,sgd,0.03,subtree_projection,ancestry_K4,4,True,1.2475145175215296,6,0.6450449169456371,0.7244992975344714,0.5444946310101975,256,0.5233886473405345,0.8481309120887225,0.9532793459155593,0.5309179171307956,0.7790810818507385
frozen_algebraic_replay,127204,nested,0,compatible,sgd,0.03,subtree_projection,ancestry_K5,5,True,1.2475145175215296,6,0.7244209938696493,0.7896047104379783,0.6416392208056245,256,0.5942303892615499,0.814589069133371,0.9437694459747362,0.5809720512387528,0.7790810818507385
frozen_algebraic_replay,127204,nested,0,compatible,sgd,0.03,subtree_projection,ancestry_K6,6,True,1.2475145175215296,6,1.0,1.0,1.0,256,1.0,0.9999999999999998,1.0,5.336786838707865e-16,0.7790810818507385
frozen_algebraic_replay,127204,nested,0,compatible,sgd,0.03,shuffled_projection,unit_broadcast_fixed,1,False,1.2475145175215296,6,-4.2367160205251535,-24.306918417966735,-3.409986345083574,256,-3.846701418371288,-0.5126316549838602,0.33806680961495417,2.266271512354721,0.7790810818507385
frozen_algebraic_replay,127204,nested,0,compatible,sgd,0.03,shuffled_projection,initial_mean_fixed,1,False,1.2475145175215296,6,0.518839758684142,-1.9866177955425766,0.4951845329916603,256,0.5261821520886248,0.9076539672518884,0.947932030017269,0.5747599323989563,0.7790810818507385
frozen_algebraic_replay,127204,nested,0,compatible,sgd,0.03,shuffled_projection,initial_mean_projection,1,True,1.2475145175215296,6,0.669326638650302,0.6479186142906446,0.6408664799845617,256,0.688873095037171,0.927498787306446,0.969142971299675,0.44524805638947357,0.7790810818507385
frozen_algebraic_replay,127204,nested,0,compatible,sgd,0.03,shuffled_projection,best_fixed_rank1_q,1,True,1.2475145175215296,6,0.6781386681657652,0.6259001077994086,0.6826080355247295,256,0.7309049169252317,0.912751589463635,0.969326095143725,0.4378622128820304,0.7790810818507385
frozen_algebraic_replay,127204,nested,0,compatible,sgd,0.03,shuffled_projection,best_fixed_rank1_error,1,True,1.2475145175215296,6,0.653470954260714,0.5630902482539302,0.7118703332925647,256,0.7551132143858552,0.8801506295347467,0.9621591922405781,0.4798829326318451,0.7790810818507385
frozen_algebraic_replay,127204,nested,0,compatible,sgd,0.03,shuffled_projection,uniform_projection,1,True,1.2475145175215296,6,0.044537368867791916,0.06369268405664125,0.027721314761023574,256,-0.009823650508255843,0.2171076581274981,0.8285174132983173,0.9836532071886258,0.7790810818507385
frozen_algebraic_replay,127204,nested,0,compatible,sgd,0.03,shuffled_projection,ancestry_K2,2,True,1.2475145175215296,6,0.4215305599853981,0.5400578025640027,0.2905062815426064,256,0.26712862630282885,0.6407687425210028,0.8970244373836026,0.7774799470566525,0.7790810818507385
frozen_algebraic_replay,127204,nested,0,compatible,sgd,0.03,shuffled_projection,ancestry_K3,3,True,1.2475145175215296,6,0.5779681317369858,0.6734421256010056,0.4623583126501768,256,0.45227683903431315,0.7848024780974315,0.9303056720615043,0.6483522563223846,0.7790810818507385
frozen_algebraic_replay,127204,nested,0,compatible,sgd,0.03,shuffled_projection,ancestry_K4,4,True,1.2475145175215296,6,0.6450449169456371,0.7244992975344714,0.5444946310101975,256,0.5233886473405345,0.8481309120887225,0.9532793459155593,0.5309179171307956,0.7790810818507385
frozen_algebraic_replay,127204,nested,0,compatible,sgd,0.03,shuffled_projection,ancestry_K5,5,True,1.2475145175215296,6,0.7244209938696493,0.7896047104379783,0.6416392208056245,256,0.5942303892615499,0.814589069133371,0.9437694459747362,0.5809720512387528,0.7790810818507385
frozen_algebraic_replay,127204,nested,0,compatible,sgd,0.03,shuffled_projection,ancestry_K6,6,True,1.2475145175215296,6,1.0,1.0,1.0,256,1.0,0.9999999999999998,1.0,5.336786838707865e-16,0.7790810818507385
frozen_algebraic_replay,127204,nested,0,compatible,adam,0.003,broadcast,unit_broadcast_fixed,1,False,1.2475145175215296,6,-4.2367160205251535,-24.306918417966735,-3.409986345083574,256,-3.846701418371288,-0.5126316549838602,0.33806680961495417,2.266271512354721,0.7790810818507385
frozen_algebraic_replay,127204,nested,0,compatible,adam,0.003,broadcast,initial_mean_fixed,1,False,1.2475145175215296,6,0.518839758684142,-1.9866177955425766,0.4951845329916603,256,0.5261821520886248,0.9076539672518884,0.947932030017269,0.5747599323989563,0.7790810818507385
frozen_algebraic_replay,127204,nested,0,compatible,adam,0.003,broadcast,initial_mean_projection,1,True,1.2475145175215296,6,0.669326638650302,0.6479186142906446,0.6408664799845617,256,0.688873095037171,0.927498787306446,0.969142971299675,0.44524805638947357,0.7790810818507385
frozen_algebraic_replay,127204,nested,0,compatible,adam,0.003,broadcast,best_fixed_rank1_q,1,True,1.2475145175215296,6,0.6781386681657652,0.6259001077994086,0.6826080355247295,256,0.7309049169252317,0.912751589463635,0.969326095143725,0.4378622128820304,0.7790810818507385
frozen_algebraic_replay,127204,nested,0,compatible,adam,0.003,broadcast,best_fixed_rank1_error,1,True,1.2475145175215296,6,0.653470954260714,0.5630902482539302,0.7118703332925647,256,0.7551132143858552,0.8801506295347467,0.9621591922405781,0.4798829326318451,0.7790810818507385
frozen_algebraic_replay,127204,nested,0,compatible,adam,0.003,broadcast,uniform_projection,1,True,1.2475145175215296,6,0.044537368867791916,0.06369268405664125,0.027721314761023574,256,-0.009823650508255843,0.2171076581274981,0.8285174132983173,0.9836532071886258,0.7790810818507385
frozen_algebraic_replay,127204,nested,0,compatible,adam,0.003,broadcast,ancestry_K2,2,True,1.2475145175215296,6,0.4215305599853981,0.5400578025640027,0.2905062815426064,256,0.26712862630282885,0.6407687425210028,0.8970244373836026,0.7774799470566525,0.7790810818507385
frozen_algebraic_replay,127204,nested,0,compatible,adam,0.003,broadcast,ancestry_K3,3,True,1.2475145175215296,6,0.5779681317369858,0.6734421256010056,0.4623583126501768,256,0.45227683903431315,0.7848024780974315,0.9303056720615043,0.6483522563223846,0.7790810818507385
frozen_algebraic_replay,127204,nested,0,compatible,adam,0.003,broadcast,ancestry_K4,4,True,1.2475145175215296,6,0.6450449169456371,0.7244992975344714,0.5444946310101975,256,0.5233886473405345,0.8481309120887225,0.9532793459155593,0.5309179171307956,0.7790810818507385
frozen_algebraic_replay,127204,nested,0,compatible,adam,0.003,broadcast,ancestry_K5,5,True,1.2475145175215296,6,0.7244209938696493,0.7896047104379783,0.6416392208056245,256,0.5942303892615499,0.814589069133371,0.9437694459747362,0.5809720512387528,0.7790810818507385
frozen_algebraic_replay,127204,nested,0,compatible,adam,0.003,broadcast,ancestry_K6,6,True,1.2475145175215296,6,1.0,1.0,1.0,256,1.0,0.9999999999999998,1.0,5.336786838707865e-16,0.7790810818507385
frozen_algebraic_replay,127204,nested,0,compatible,adam,0.01,exact,unit_broadcast_fixed,1,False,1.2475145175215296,6,-4.2367160205251535,-24.306918417966735,-3.409986345083574,256,-3.846701418371288,-0.5126316549838602,0.33806680961495417,2.266271512354721,0.7790810818507385
frozen_algebraic_replay,127204,nested,0,compatible,adam,0.01,exact,initial_mean_fixed,1,False,1.2475145175215296,6,0.518839758684142,-1.9866177955425766,0.4951845329916603,256,0.5261821520886248,0.9076539672518884,0.947932030017269,0.5747599323989563,0.7790810818507385
frozen_algebraic_replay,127204,nested,0,compatible,adam,0.01,exact,initial_mean_projection,1,True,1.2475145175215296,6,0.669326638650302,0.6479186142906446,0.6408664799845617,256,0.688873095037171,0.927498787306446,0.969142971299675,0.44524805638947357,0.7790810818507385
frozen_algebraic_replay,127204,nested,0,compatible,adam,0.01,exact,best_fixed_rank1_q,1,True,1.2475145175215296,6,0.6781386681657652,0.6259001077994086,0.6826080355247295,256,0.7309049169252317,0.912751589463635,0.969326095143725,0.4378622128820304,0.7790810818507385
frozen_algebraic_replay,127204,nested,0,compatible,adam,0.01,exact,best_fixed_rank1_error,1,True,1.2475145175215296,6,0.653470954260714,0.5630902482539302,0.7118703332925647,256,0.7551132143858552,0.8801506295347467,0.9621591922405781,0.4798829326318451,0.7790810818507385
frozen_algebraic_replay,127204,nested,0,compatible,adam,0.01,exact,uniform_projection,1,True,1.2475145175215296,6,0.044537368867791916,0.06369268405664125,0.027721314761023574,256,-0.009823650508255843,0.2171076581274981,0.8285174132983173,0.9836532071886258,0.7790810818507385
frozen_algebraic_replay,127204,nested,0,compatible,adam,0.01,exact,ancestry_K2,2,True,1.2475145175215296,6,0.4215305599853981,0.5400578025640027,0.2905062815426064,256,0.26712862630282885,0.6407687425210028,0.8970244373836026,0.7774799470566525,0.7790810818507385
frozen_algebraic_replay,127204,nested,0,compatible,adam,0.01,exact,ancestry_K3,3,True,1.2475145175215296,6,0.5779681317369858,0.6734421256010056,0.4623583126501768,256,0.45227683903431315,0.7848024780974315,0.9303056720615043,0.6483522563223846,0.7790810818507385
frozen_algebraic_replay,127204,nested,0,compatible,adam,0.01,exact,ancestry_K4,4,True,1.2475145175215296,6,0.6450449169456371,0.7244992975344714,0.5444946310101975,256,0.5233886473405345,0.8481309120887225,0.9532793459155593,0.5309179171307956,0.7790810818507385
frozen_algebraic_replay,127204,nested,0,compatible,adam,0.01,exact,ancestry_K5,5,True,1.2475145175215296,6,0.7244209938696493,0.7896047104379783,0.6416392208056245,256,0.5942303892615499,0.814589069133371,0.9437694459747362,0.5809720512387528,0.7790810818507385
frozen_algebraic_replay,127204,nested,0,compatible,adam,0.01,exact,ancestry_K6,6,True,1.2475145175215296,6,1.0,1.0,1.0,256,1.0,0.9999999999999998,1.0,5.336786838707865e-16,0.7790810818507385
frozen_algebraic_replay,127204,nested,0,compatible,adam,0.01,global_projection,unit_broadcast_fixed,1,False,1.2475145175215296,6,-4.2367160205251535,-24.306918417966735,-3.409986345083574,256,-3.846701418371288,-0.5126316549838602,0.33806680961495417,2.266271512354721,0.7790810818507385
frozen_algebraic_replay,127204,nested,0,compatible,adam,0.01,global_projection,initial_mean_fixed,1,False,1.2475145175215296,6,0.518839758684142,-1.9866177955425766,0.4951845329916603,256,0.5261821520886248,0.9076539672518884,0.947932030017269,0.5747599323989563,0.7790810818507385
frozen_algebraic_replay,127204,nested,0,compatible,adam,0.01,global_projection,initial_mean_projection,1,True,1.2475145175215296,6,0.669326638650302,0.6479186142906446,0.6408664799845617,256,0.688873095037171,0.927498787306446,0.969142971299675,0.44524805638947357,0.7790810818507385
frozen_algebraic_replay,127204,nested,0,compatible,adam,0.01,global_projection,best_fixed_rank1_q,1,True,1.2475145175215296,6,0.6781386681657652,0.6259001077994086,0.6826080355247295,256,0.7309049169252317,0.912751589463635,0.969326095143725,0.4378622128820304,0.7790810818507385
frozen_algebraic_replay,127204,nested,0,compatible,adam,0.01,global_projection,best_fixed_rank1_error,1,True,1.2475145175215296,6,0.653470954260714,0.5630902482539302,0.7118703332925647,256,0.7551132143858552,0.8801506295347467,0.9621591922405781,0.4798829326318451,0.7790810818507385
frozen_algebraic_replay,127204,nested,0,compatible,adam,0.01,global_projection,uniform_projection,1,True,1.2475145175215296,6,0.044537368867791916,0.06369268405664125,0.027721314761023574,256,-0.009823650508255843,0.2171076581274981,0.8285174132983173,0.9836532071886258,0.7790810818507385
frozen_algebraic_replay,127204,nested,0,compatible,adam,0.01,global_projection,ancestry_K2,2,True,1.2475145175215296,6,0.4215305599853981,0.5400578025640027,0.2905062815426064,256,0.26712862630282885,0.6407687425210028,0.8970244373836026,0.7774799470566525,0.7790810818507385
frozen_algebraic_replay,127204,nested,0,compatible,adam,0.01,global_projection,ancestry_K3,3,True,1.2475145175215296,6,0.5779681317369858,0.6734421256010056,0.4623583126501768,256,0.45227683903431315,0.7848024780974315,0.9303056720615043,0.6483522563223846,0.7790810818507385
frozen_algebraic_replay,127204,nested,0,compatible,adam,0.01,global_projection,ancestry_K4,4,True,1.2475145175215296,6,0.6450449169456371,0.7244992975344714,0.5444946310101975,256,0.5233886473405345,0.8481309120887225,0.9532793459155593,0.5309179171307956,0.7790810818507385
frozen_algebraic_replay,127204,nested,0,compatible,adam,0.01,global_projection,ancestry_K5,5,True,1.2475145175215296,6,0.7244209938696493,0.7896047104379783,0.6416392208056245,256,0.5942303892615499,0.814589069133371,0.9437694459747362,0.5809720512387528,0.7790810818507385
frozen_algebraic_replay,127204,nested,0,compatible,adam,0.01,global_projection,ancestry_K6,6,True,1.2475145175215296,6,1.0,1.0,1.0,256,1.0,0.9999999999999998,1.0,5.336786838707865e-16,0.7790810818507385
frozen_algebraic_replay,127204,nested,0,compatible,adam,0.01,shuffled_projection,unit_broadcast_fixed,1,False,1.2475145175215296,6,-4.2367160205251535,-24.306918417966735,-3.409986345083574,256,-3.846701418371288,-0.5126316549838602,0.33806680961495417,2.266271512354721,0.7790810818507385
frozen_algebraic_replay,127204,nested,0,compatible,adam,0.01,shuffled_projection,initial_mean_fixed,1,False,1.2475145175215296,6,0.518839758684142,-1.9866177955425766,0.4951845329916603,256,0.5261821520886248,0.9076539672518884,0.947932030017269,0.5747599323989563,0.7790810818507385
frozen_algebraic_replay,127204,nested,0,compatible,adam,0.01,shuffled_projection,initial_mean_projection,1,True,1.2475145175215296,6,0.669326638650302,0.6479186142906446,0.6408664799845617,256,0.688873095037171,0.927498787306446,0.969142971299675,0.44524805638947357,0.7790810818507385
frozen_algebraic_replay,127204,nested,0,compatible,adam,0.01,shuffled_projection,best_fixed_rank1_q,1,True,1.2475145175215296,6,0.6781386681657652,0.6259001077994086,0.6826080355247295,256,0.7309049169252317,0.912751589463635,0.969326095143725,0.4378622128820304,0.7790810818507385
frozen_algebraic_replay,127204,nested,0,compatible,adam,0.01,shuffled_projection,best_fixed_rank1_error,1,True,1.2475145175215296,6,0.653470954260714,0.5630902482539302,0.7118703332925647,256,0.7551132143858552,0.8801506295347467,0.9621591922405781,0.4798829326318451,0.7790810818507385
frozen_algebraic_replay,127204,nested,0,compatible,adam,0.01,shuffled_projection,uniform_projection,1,True,1.2475145175215296,6,0.044537368867791916,0.06369268405664125,0.027721314761023574,256,-0.009823650508255843,0.2171076581274981,0.8285174132983173,0.9836532071886258,0.7790810818507385
frozen_algebraic_replay,127204,nested,0,compatible,adam,0.01,shuffled_projection,ancestry_K2,2,True,1.2475145175215296,6,0.4215305599853981,0.5400578025640027,0.2905062815426064,256,0.26712862630282885,0.6407687425210028,0.8970244373836026,0.7774799470566525,0.7790810818507385
frozen_algebraic_replay,127204,nested,0,compatible,adam,0.01,shuffled_projection,ancestry_K3,3,True,1.2475145175215296,6,0.5779681317369858,0.6734421256010056,0.4623583126501768,256,0.45227683903431315,0.7848024780974315,0.9303056720615043,0.6483522563223846,0.7790810818507385
frozen_algebraic_replay,127204,nested,0,compatible,adam,0.01,shuffled_projection,ancestry_K4,4,True,1.2475145175215296,6,0.6450449169456371,0.7244992975344714,0.5444946310101975,256,0.5233886473405345,0.8481309120887225,0.9532793459155593,0.5309179171307956,0.7790810818507385
frozen_algebraic_replay,127204,nested,0,compatible,adam,0.01,shuffled_projection,ancestry_K5,5,True,1.2475145175215296,6,0.7244209938696493,0.7896047104379783,0.6416392208056245,256,0.5942303892615499,0.814589069133371,0.9437694459747362,0.5809720512387528,0.7790810818507385
frozen_algebraic_replay,127204,nested,0,compatible,adam,0.01,shuffled_projection,ancestry_K6,6,True,1.2475145175215296,6,1.0,1.0,1.0,256,1.0,0.9999999999999998,1.0,5.336786838707865e-16,0.7790810818507385
frozen_algebraic_replay,127204,nested,0,compatible,adam,0.03,subtree_projection,unit_broadcast_fixed,1,False,1.2475145175215296,6,-4.2367160205251535,-24.306918417966735,-3.409986345083574,256,-3.846701418371288,-0.5126316549838602,0.33806680961495417,2.266271512354721,0.7790810818507385
frozen_algebraic_replay,127204,nested,0,compatible,adam,0.03,subtree_projection,initial_mean_fixed,1,False,1.2475145175215296,6,0.518839758684142,-1.9866177955425766,0.4951845329916603,256,0.5261821520886248,0.9076539672518884,0.947932030017269,0.5747599323989563,0.7790810818507385
frozen_algebraic_replay,127204,nested,0,compatible,adam,0.03,subtree_projection,initial_mean_projection,1,True,1.2475145175215296,6,0.669326638650302,0.6479186142906446,0.6408664799845617,256,0.688873095037171,0.927498787306446,0.969142971299675,0.44524805638947357,0.7790810818507385
frozen_algebraic_replay,127204,nested,0,compatible,adam,0.03,subtree_projection,best_fixed_rank1_q,1,True,1.2475145175215296,6,0.6781386681657652,0.6259001077994086,0.6826080355247295,256,0.7309049169252317,0.912751589463635,0.969326095143725,0.4378622128820304,0.7790810818507385
frozen_algebraic_replay,127204,nested,0,compatible,adam,0.03,subtree_projection,best_fixed_rank1_error,1,True,1.2475145175215296,6,0.653470954260714,0.5630902482539302,0.7118703332925647,256,0.7551132143858552,0.8801506295347467,0.9621591922405781,0.4798829326318451,0.7790810818507385
frozen_algebraic_replay,127204,nested,0,compatible,adam,0.03,subtree_projection,uniform_projection,1,True,1.2475145175215296,6,0.044537368867791916,0.06369268405664125,0.027721314761023574,256,-0.009823650508255843,0.2171076581274981,0.8285174132983173,0.9836532071886258,0.7790810818507385
frozen_algebraic_replay,127204,nested,0,compatible,adam,0.03,subtree_projection,ancestry_K2,2,True,1.2475145175215296,6,0.4215305599853981,0.5400578025640027,0.2905062815426064,256,0.26712862630282885,0.6407687425210028,0.8970244373836026,0.7774799470566525,0.7790810818507385
frozen_algebraic_replay,127204,nested,0,compatible,adam,0.03,subtree_projection,ancestry_K3,3,True,1.2475145175215296,6,0.5779681317369858,0.6734421256010056,0.4623583126501768,256,0.45227683903431315,0.7848024780974315,0.9303056720615043,0.6483522563223846,0.7790810818507385
frozen_algebraic_replay,127204,nested,0,compatible,adam,0.03,subtree_projection,ancestry_K4,4,True,1.2475145175215296,6,0.6450449169456371,0.7244992975344714,0.5444946310101975,256,0.5233886473405345,0.8481309120887225,0.9532793459155593,0.5309179171307956,0.7790810818507385
frozen_algebraic_replay,127204,nested,0,compatible,adam,0.03,subtree_projection,ancestry_K5,5,True,1.2475145175215296,6,0.7244209938696493,0.7896047104379783,0.6416392208056245,256,0.5942303892615499,0.814589069133371,0.9437694459747362,0.5809720512387528,0.7790810818507385
frozen_algebraic_replay,127204,nested,0,compatible,adam,0.03,subtree_projection,ancestry_K6,6,True,1.2475145175215296,6,1.0,1.0,1.0,256,1.0,0.9999999999999998,1.0,5.336786838707865e-16,0.7790810818507385
frozen_algebraic_replay,127204,nested,1,compatible,sgd,0.03,exact,unit_broadcast_fixed,1,False,1.139866165877213,6,-4.999863327044923,-31.12662960467682,-4.352454847722542,256,-4.755830251131892,-0.46783580229012195,0.3544223462312893,2.3938853710264123,0.6162250285305633
frozen_algebraic_replay,127204,nested,1,compatible,sgd,0.03,exact,initial_mean_fixed,1,False,1.139866165877213,6,0.5479799487560009,-2.6220622467508647,0.5346164054238711,256,0.5626232204244238,0.9120077148826984,0.9594464078223992,0.5274215001971678,0.6162250285305633
frozen_algebraic_replay,127204,nested,1,compatible,sgd,0.03,exact,initial_mean_projection,1,True,1.139866165877213,6,0.6918286674195029,0.6586375023319426,0.6782767063367114,256,0.7157881177778724,0.9354038120738929,0.9746351889882395,0.4190315293679484,0.6162250285305633
frozen_algebraic_replay,127204,nested,1,compatible,sgd,0.03,exact,best_fixed_rank1_q,1,True,1.139866165877213,6,0.6937547470746689,0.6481639686194214,0.6941401683539007,256,0.7331126679902191,0.9295294641799621,0.975054689705514,0.41289010965837564,0.6162250285305633
frozen_algebraic_replay,127204,nested,1,compatible,sgd,0.03,exact,best_fixed_rank1_error,1,True,1.139866165877213,6,0.67080454484514,0.5905431585257913,0.7204595800005078,256,0.7586808603686566,0.8961604235682034,0.9687877321033761,0.4543211594679473,0.6162250285305633
frozen_algebraic_replay,127204,nested,1,compatible,sgd,0.03,exact,uniform_projection,1,True,1.139866165877213,6,0.04550020220148154,0.06404559767350437,0.02906094035119533,256,-0.009848938372818195,0.16063595579042575,0.8401460742575557,0.9890720604257782,0.6162250285305633
frozen_algebraic_replay,127204,nested,1,compatible,sgd,0.03,exact,ancestry_K2,2,True,1.139866165877213,6,0.4523762214322712,0.5572747512601176,0.32618922061048006,256,0.30045774295068106,0.6628565192694559,0.9099013182032116,0.7574807741971903,0.6162250285305633
frozen_algebraic_replay,127204,nested,1,compatible,sgd,0.03,exact,ancestry_K3,3,True,1.139866165877213,6,0.603581591593078,0.68727375317524,0.49727502706315263,256,0.48422895193415183,0.7956928702815409,0.9389468155769475,0.6309520131031138,0.6162250285305633
frozen_algebraic_replay,127204,nested,1,compatible,sgd,0.03,exact,ancestry_K4,4,True,1.139866165877213,6,0.6691696405148283,0.7373406202411026,0.576811711729616,256,0.5540329132054518,0.8589740767043049,0.9596387080928265,0.5131186143278821,0.6162250285305633
frozen_algebraic_replay,127204,nested,1,compatible,sgd,0.03,exact,ancestry_K5,5,True,1.139866165877213,6,0.7419153857005982,0.7986603285833762,0.6666136646742706,256,0.6232709159688214,0.8281767908876486,0.9515098501838842,0.5611435891222939,0.6162250285305633
frozen_algebraic_replay,127204,nested,1,compatible,sgd,0.03,exact,ancestry_K6,6,True,1.139866165877213,6,1.0,1.0,1.0,256,1.0,1.0,0.9999999999999998,3.26167731271311e-16,0.6162250285305633
frozen_algebraic_replay,127204,nested,1,compatible,sgd,0.03,broadcast,unit_broadcast_fixed,1,False,1.1942609227371408,6,-4.648958358756329,-28.99165267516442,-3.866878742043932,256,-4.33355356656635,-0.49812602243335175,0.3777356918288202,2.363514879184186,0.6920531783939445
frozen_algebraic_replay,127204,nested,1,compatible,sgd,0.03,broadcast,initial_mean_fixed,1,False,1.1942609227371408,6,0.5301052984790673,-2.4627372554151705,0.5119485807165804,256,0.5434959809273511,0.9060438397626357,0.9575890671806977,0.5500822685998398,0.6920531783939445
frozen_algebraic_replay,127204,nested,1,compatible,sgd,0.03,broadcast,initial_mean_projection,1,True,1.1942609227371408,6,0.67471101669009,0.6501084724335837,0.652760667335881,256,0.6969366203843352,0.9258607933107775,0.9730893298287254,0.43947968270831,0.6920531783939445
frozen_algebraic_replay,127204,nested,1,compatible,sgd,0.03,broadcast,best_fixed_rank1_q,1,True,1.1942609227371408,6,0.6786865906688683,0.6347018724808864,0.6790374833936299,256,0.7236503350226362,0.9175544186305996,0.9733199655220709,0.4345455156088443,0.6920531783939445
frozen_algebraic_replay,127204,nested,1,compatible,sgd,0.03,broadcast,best_fixed_rank1_error,1,True,1.1942609227371408,6,0.6532110210085744,0.5707290193982519,0.7089173105967663,256,0.7501666903426283,0.8829046226191638,0.9670187695718795,0.47662854490536366,0.6920531783939445
frozen_algebraic_replay,127204,nested,1,compatible,sgd,0.03,broadcast,uniform_projection,1,True,1.1942609227371408,6,0.04587982583665229,0.0642400578134057,0.02944248705896446,256,-0.01368985923405086,0.14908922681551298,0.8475728291539405,0.9900499945615471,0.6920531783939445
frozen_algebraic_replay,127204,nested,1,compatible,sgd,0.03,broadcast,ancestry_K2,2,True,1.1942609227371408,6,0.4404231232738751,0.5515548642927759,0.3083608088420934,256,0.28009665198584444,0.6467508821344355,0.9107034965814635,0.7715066412859477,0.6920531783939445
frozen_algebraic_replay,127204,nested,1,compatible,sgd,0.03,broadcast,ancestry_K3,3,True,1.1942609227371408,6,0.5878380141171846,0.6783068831726815,0.47316286071192026,256,0.4580774413628217,0.7869702600795138,0.9392278510993695,0.6438248345109178,0.6920531783939445
frozen_algebraic_replay,127204,nested,1,compatible,sgd,0.03,broadcast,ancestry_K4,4,True,1.1942609227371408,6,0.6494933951314819,0.7252443088240965,0.5489630048065302,256,0.524803923503963,0.8485051063931084,0.9587824824203435,0.5303420629361835,0.6920531783939445
frozen_algebraic_replay,127204,nested,1,compatible,sgd,0.03,broadcast,ancestry_K5,5,True,1.1942609227371408,6,0.7293661201864434,0.7916026338783417,0.6471983731626431,256,0.5982997523043048,0.8143657240180562,0.9502476885776759,0.5813577333675259,0.6920531783939445
frozen_algebraic_replay,127204,nested,1,compatible,sgd,0.03,broadcast,ancestry_K6,6,True,1.1942609227371408,6,1.0,1.0,1.0,256,1.0,1.0000000000000002,1.0,5.086072426982439e-16,0.6920531783939445
frozen_algebraic_replay,127204,nested,1,compatible,sgd,0.03,global_projection,unit_broadcast_fixed,1,False,1.1719300171845122,6,-4.829743658812126,-29.73544502540825,-4.101373163181827,256,-4.549892682506784,-0.48006623830086614,0.36670392638123295,2.375333422743644,0.6571639975849402
frozen_algebraic_replay,127204,nested,1,compatible,sgd,0.03,global_projection,initial_mean_fixed,1,False,1.1719300171845122,6,0.5389256154856541,-2.507430342771986,0.5237241223112221,256,0.5538878901960257,0.9105125434975485,0.958769419451215,0.5369018498679695,0.6571639975849402
frozen_algebraic_replay,127204,nested,1,compatible,sgd,0.03,global_projection,initial_mean_projection,1,True,1.1719300171845122,6,0.6832566869687673,0.6543018858515747,0.6661131341626285,256,0.7078404346466283,0.9319349517729287,0.9741280296120055,0.42690990022004105,0.6571639975849402
frozen_algebraic_replay,127204,nested,1,compatible,sgd,0.03,global_projection,best_fixed_rank1_q,1,True,1.1719300171845122,6,0.6860367674755385,0.6415690435242778,0.6865880998976597,256,0.729456830792699,0.9247406123477044,0.9744442758365522,0.42135429907287025,0.6571639975849402
frozen_algebraic_replay,127204,nested,1,compatible,sgd,0.03,global_projection,best_fixed_rank1_error,1,True,1.1719300171845122,6,0.6624820456920648,0.5823905348647902,0.7138628217353268,256,0.7549552659598309,0.8906013918918289,0.9681123160295356,0.4635674064604021,0.6571639975849402
frozen_algebraic_replay,127204,nested,1,compatible,sgd,0.03,global_projection,uniform_projection,1,True,1.1719300171845122,6,0.0457757761945593,0.06400642708431047,0.029400395586328565,256,-0.013345124917113704,0.1487774553827573,0.8434523470146833,0.990127014419459,0.6571639975849402
frozen_algebraic_replay,127204,nested,1,compatible,sgd,0.03,global_projection,ancestry_K2,2,True,1.1719300171845122,6,0.44613524810180694,0.5530030955292011,0.31804782959860567,256,0.2902284830333818,0.6545640918353388,0.9101266256999458,0.7645792689605111,0.6571639975849402
frozen_algebraic_replay,127204,nested,1,compatible,sgd,0.03,global_projection,ancestry_K3,3,True,1.1719300171845122,6,0.5957416808115261,0.6820071652195514,0.48537545682536143,256,0.4703608433849231,0.7901498963834791,0.9387360488328051,0.6386006418497321,0.6571639975849402
frozen_algebraic_replay,127204,nested,1,compatible,sgd,0.03,global_projection,ancestry_K4,4,True,1.1719300171845122,6,0.6599362473035162,0.7309974439764185,0.564077683787356,256,0.539273531418025,0.8535780344131827,0.9590905592365043,0.5220102873320612,0.6571639975849402
frozen_algebraic_replay,127204,nested,1,compatible,sgd,0.03,global_projection,ancestry_K5,5,True,1.1719300171845122,6,0.7359578614756672,0.7948275278020382,0.6572622563795184,256,0.6094947078630756,0.8210776784185948,0.9507149099983073,0.5716863440490025,0.6571639975849402
frozen_algebraic_replay,127204,nested,1,compatible,sgd,0.03,global_projection,ancestry_K6,6,True,1.1719300171845122,6,1.0,1.0,1.0,256,1.0,1.0000000000000002,1.0,5.193867502857973e-16,0.6571639975849402
frozen_algebraic_replay,127204,nested,1,compatible,sgd,0.03,subtree_projection,unit_broadcast_fixed,1,False,1.1638300837248423,6,-4.866548451336947,-30.826687650436988,-4.148694142499072,256,-4.596572259151019,-0.48250807746491986,0.36267296699400065,2.387189680764729,0.6485133174180994
frozen_algebraic_replay,127204,nested,1,compatible,sgd,0.03,subtree_projection,initial_mean_fixed,1,False,1.1638300837248423,6,0.5393786134458362,-2.628485954939676,0.5235540300957795,256,0.5539949354279392,0.9090472250312297,0.958737392671235,0.5366134442191907,0.6485133174180994
frozen_algebraic_replay,127204,nested,1,compatible,sgd,0.03,subtree_projection,initial_mean_projection,1,True,1.1638300837248423,6,0.6836637937061911,0.6545120076844297,0.6660318566581203,256,0.7075933088917952,0.9312262262195918,0.9738887022407648,0.42853993122704,0.6485133174180994
frozen_algebraic_replay,127204,nested,1,compatible,sgd,0.03,subtree_projection,best_fixed_rank1_q,1,True,1.1638300837248423,6,0.6860838074322437,0.6424976178533277,0.6851953095535259,256,0.7279256656393789,0.9246010954648446,0.974281954019933,0.4225381662494392,0.6485133174180994
frozen_algebraic_replay,127204,nested,1,compatible,sgd,0.03,subtree_projection,best_fixed_rank1_error,1,True,1.1638300837248423,6,0.6614601438428986,0.5814369855790609,0.7136700430654912,256,0.7546323475137569,0.8901918202561095,0.9679720151675243,0.46429324881086736,0.6485133174180994
frozen_algebraic_replay,127204,nested,1,compatible,sgd,0.03,subtree_projection,uniform_projection,1,True,1.1638300837248423,6,0.045939264407223734,0.06419609512188185,0.02936874408826018,256,-0.01333251707743921,0.14463269348384455,0.8431151707413503,0.9905473674828972,0.6485133174180994
frozen_algebraic_replay,127204,nested,1,compatible,sgd,0.03,subtree_projection,ancestry_K2,2,True,1.1638300837248423,6,0.44850415463560256,0.5549869543050989,0.31840734568687534,256,0.29042277830466656,0.6522772057317877,0.909545995562056,0.7664855768943878,0.6485133174180994
frozen_algebraic_replay,127204,nested,1,compatible,sgd,0.03,subtree_projection,ancestry_K3,3,True,1.1638300837248423,6,0.5977877036938918,0.6836671832196619,0.4865864358441804,256,0.47157459828679793,0.7895912279528913,0.9384991137347699,0.6394433058175409,0.6485133174180994
frozen_algebraic_replay,127204,nested,1,compatible,sgd,0.03,subtree_projection,ancestry_K4,4,True,1.1638300837248423,6,0.6618735162943672,0.732531209077373,0.5650740259750375,256,0.5404539677736049,0.8530496996663305,0.9589058619510341,0.5228686136272512,0.6485133174180994
frozen_algebraic_replay,127204,nested,1,compatible,sgd,0.03,subtree_projection,ancestry_K5,5,True,1.1638300837248423,6,0.7374030958691411,0.7959634612269966,0.6583169714591992,256,0.6107227609821615,0.8206270303402964,0.9505410416986595,0.5723525730958219,0.6485133174180994
frozen_algebraic_replay,127204,nested,1,compatible,sgd,0.03,subtree_projection,ancestry_K6,6,True,1.1638300837248423,6,1.0,1.0,1.0,256,1.0,1.0000000000000002,1.0,3.581926250263077e-16,0.6485133174180994
frozen_algebraic_replay,127204,nested,1,compatible,sgd,0.03,shuffled_projection,unit_broadcast_fixed,1,False,1.167797925869079,6,-4.850412685006361,-29.748146622492094,-4.132091488301967,256,-4.577708671485908,-0.47639472335833505,0.3653307097304416,2.3758285046744754,0.6516322197126684
frozen_algebraic_replay,127204,nested,1,compatible,sgd,0.03,shuffled_projection,initial_mean_fixed,1,False,1.167797925869079,6,0.5404835430864182,-2.4995903208910115,0.5257342009340261,256,0.5556042555038474,0.9112720391686231,0.9589323706776919,0.5349038736945058,0.6516322197126684
frozen_algebraic_replay,127204,nested,1,compatible,sgd,0.03,shuffled_projection,initial_mean_projection,1,True,1.167797925869079,6,0.684478923193147,0.654838960774787,0.6682542228652284,256,0.709459374661336,0.9327187380218955,0.9742886302674885,0.424839155241553,0.6516322197126684
frozen_algebraic_replay,127204,nested,1,compatible,sgd,0.03,shuffled_projection,best_fixed_rank1_q,1,True,1.167797925869079,6,0.68699378250183,0.642718589435999,0.6873922004777647,256,0.7298113739124947,0.9258822204962948,0.9746106029099368,0.4193235104652712,0.6516322197126684
frozen_algebraic_replay,127204,nested,1,compatible,sgd,0.03,shuffled_projection,best_fixed_rank1_error,1,True,1.167797925869079,6,0.6637795750011874,0.5842192248853949,0.7142041514585754,256,0.7551506298124079,0.8919009612688849,0.968290772344631,0.4614223311839693,0.6516322197126684
frozen_algebraic_replay,127204,nested,1,compatible,sgd,0.03,shuffled_projection,uniform_projection,1,True,1.167797925869079,6,0.045823947378580976,0.06404643977465331,0.02948735689962012,256,-0.013372156885833375,0.14471693661783602,0.8425948823616514,0.9905249768774913,0.6516322197126684
frozen_algebraic_replay,127204,nested,1,compatible,sgd,0.03,shuffled_projection,ancestry_K2,2,True,1.167797925869079,6,0.44769533157016606,0.5539595760597403,0.32041593343301333,256,0.2924902725593128,0.6563803841851402,0.9101414890976707,0.7629242560570647,0.6516322197126684
frozen_algebraic_replay,127204,nested,1,compatible,sgd,0.03,shuffled_projection,ancestry_K3,3,True,1.167797925869079,6,0.5974825968365806,0.6831526438009883,0.48782007526420845,256,0.47256919530056385,0.7908174447803414,0.9387012029722132,0.63744161908201,0.6516322197126684
frozen_algebraic_replay,127204,nested,1,compatible,sgd,0.03,shuffled_projection,ancestry_K4,4,True,1.167797925869079,6,0.6619595260056705,0.7323657652036131,0.5668743672385108,256,0.5417179156564159,0.8545734345600227,0.9591797576364499,0.5203597909996094,0.6516322197126684
frozen_algebraic_replay,127204,nested,1,compatible,sgd,0.03,shuffled_projection,ancestry_K5,5,True,1.167797925869079,6,0.7373827323208919,0.7957631856596042,0.6591991610129323,256,0.6114745748573287,0.8223451454227005,0.9508298709660828,0.569837268198677,0.6516322197126684
frozen_algebraic_replay,127204,nested,1,compatible,sgd,0.03,shuffled_projection,ancestry_K6,6,True,1.167797925869079,6,1.0,1.0,1.0,256,1.0,0.9999999999999999,1.0000000000000002,4.989984885387131e-16,0.6516322197126684
frozen_algebraic_replay,127204,nested,1,compatible,adam,0.003,broadcast,unit_broadcast_fixed,1,False,1.2410474301017176,6,-4.284559037798148,-24.050116397214783,-3.4581775111831075,256,-3.8960959921063347,-0.5153280366167782,0.34200430157874273,2.2805988048535037,0.7693719129288332
frozen_algebraic_replay,127204,nested,1,compatible,adam,0.003,broadcast,initial_mean_fixed,1,False,1.2410474301017176,6,0.5183092424751072,-1.9523241844804895,0.49481614409280505,256,0.5261135085952291,0.9061245835485364,0.9489294375904836,0.5734111604602412,0.7693719129288332
frozen_algebraic_replay,127204,nested,1,compatible,adam,0.003,broadcast,initial_mean_projection,1,True,1.2410474301017176,6,0.6684504491136403,0.6472252958869507,0.6394500598918766,256,0.687078328929239,0.9261058374323381,0.9692019724774954,0.44789286872496203,0.7693719129288332
frozen_algebraic_replay,127204,nested,1,compatible,adam,0.003,broadcast,best_fixed_rank1_q,1,True,1.2410474301017176,6,0.6770088588827067,0.6254511764799359,0.6810297774235121,256,0.7287607193127211,0.9116728587127627,0.9694295206503943,0.4404676453304474,0.7693719129288332
frozen_algebraic_replay,127204,nested,1,compatible,adam,0.003,broadcast,best_fixed_rank1_error,1,True,1.2410474301017176,6,0.6515458817633418,0.5613476262764051,0.7112985113293525,256,0.7537036886140114,0.8790694981214022,0.9624417456676015,0.48188736549201977,0.7693719129288332
frozen_algebraic_replay,127204,nested,1,compatible,adam,0.003,broadcast,uniform_projection,1,True,1.2410474301017176,6,0.04461163793428902,0.06370586097991777,0.027748029812816988,256,-0.009693517912577665,0.21659286643479042,0.8314406720077409,0.9837553675551438,0.7693719129288332
frozen_algebraic_replay,127204,nested,1,compatible,adam,0.003,broadcast,ancestry_K2,2,True,1.2410474301017176,6,0.42241141671092486,0.5404187725201499,0.2899251531087006,256,0.2663384943415942,0.6388988736087159,0.89829348738061,0.7790330268840048,0.7693719129288332
frozen_algebraic_replay,127204,nested,1,compatible,adam,0.003,broadcast,ancestry_K3,3,True,1.2410474301017176,6,0.5785012389160152,0.6736710362800613,0.46242626733536396,256,0.4521132270971415,0.7850616545898114,0.931420412830083,0.6483949304913875,0.7693719129288332
frozen_algebraic_replay,127204,nested,1,compatible,adam,0.003,broadcast,ancestry_K4,4,True,1.2410474301017176,6,0.6446451248663576,0.7240682969838772,0.5432221005541347,256,0.522666220971043,0.8478163090576126,0.9539335791943505,0.531464081008639,0.7693719129288332
frozen_algebraic_replay,127204,nested,1,compatible,adam,0.003,broadcast,ancestry_K5,5,True,1.2410474301017176,6,0.7246845432181295,0.7897477452902867,0.6416196416104973,256,0.5948396408419007,0.8139934902914144,0.9445086018006502,0.5818326787004023,0.7693719129288332
frozen_algebraic_replay,127204,nested,1,compatible,adam,0.003,broadcast,ancestry_K6,6,True,1.2410474301017176,6,1.0,1.0,1.0,256,1.0,1.0000000000000002,1.0,5.436533949255109e-16,0.7693719129288332
frozen_algebraic_replay,127204,nested,1,compatible,adam,0.01,exact,unit_broadcast_fixed,1,False,1.1678028121103696,6,-4.719833396985501,-34.546593321979934,-3.9993719369027865,256,-4.369176920032331,-0.489922025773328,0.3336775806818186,2.3483513387173414,0.6634940936869247
frozen_algebraic_replay,127204,nested,1,compatible,adam,0.01,exact,initial_mean_fixed,1,False,1.1678028121103696,6,0.5378236460922531,-3.096719695585712,0.5158625318563588,256,0.5446588573877776,0.9058887659611579,0.9533206772841772,0.5505878284041823,0.6634940936869247
frozen_algebraic_replay,127204,nested,1,compatible,adam,0.01,exact,initial_mean_projection,1,True,1.1678028121103696,6,0.6849350189428427,0.6578993900544534,0.6606442967531596,256,0.7011338445590112,0.9311101225517129,0.971149932752364,0.4356403705755544,0.6634940936869247
frozen_algebraic_replay,127204,nested,1,compatible,adam,0.01,exact,best_fixed_rank1_q,1,True,1.1678028121103696,6,0.6906897430870272,0.6396650534862567,0.6924457296836277,256,0.7342417930122174,0.9203556411037211,0.9717205901608386,0.4265558672388359,0.6634940936869247
frozen_algebraic_replay,127204,nested,1,compatible,adam,0.01,exact,best_fixed_rank1_error,1,True,1.1678028121103696,6,0.6653614237230789,0.5756974815105846,0.7219067838313167,256,0.7603475530309678,0.8874582620067992,0.9649085043251341,0.46811100882920464,0.6634940936869247
frozen_algebraic_replay,127204,nested,1,compatible,adam,0.01,exact,uniform_projection,1,True,1.1678028121103696,6,0.04432735114758635,0.06369533022207147,0.027506898174627592,256,-0.006846294395338459,0.20587387159819479,0.8322545986928913,0.9848325021564434,0.6634940936869247
frozen_algebraic_replay,127204,nested,1,compatible,adam,0.01,exact,ancestry_K2,2,True,1.1678028121103696,6,0.43185100975274615,0.5484887560422015,0.3003411364486932,256,0.278511135332301,0.6456336720497964,0.9006166942247721,0.7731007548133567,0.6634940936869247
frozen_algebraic_replay,127204,nested,1,compatible,adam,0.01,exact,ancestry_K3,3,True,1.1678028121103696,6,0.589194339495621,0.6816711368635263,0.4780307316610011,256,0.469144820385901,0.7875837950365594,0.9329194632848581,0.6435017302635447,0.6634940936869247
frozen_algebraic_replay,127204,nested,1,compatible,adam,0.01,exact,ancestry_K4,4,True,1.1678028121103696,6,0.6575371731530179,0.7333664859481748,0.5604464567521963,256,0.5420317265556931,0.8511762884274648,0.955192457193784,0.5260560578357891,0.6634940936869247
frozen_algebraic_replay,127204,nested,1,compatible,adam,0.01,exact,ancestry_K5,5,True,1.1678028121103696,6,0.7315873617730282,0.7943696144975264,0.6531107336792747,256,0.6138359746477349,0.8210522468767684,0.9468602608181164,0.5715292580087431,0.6634940936869247
frozen_algebraic_replay,127204,nested,1,compatible,adam,0.01,exact,ancestry_K6,6,True,1.1678028121103696,6,1.0,1.0,1.0,256,1.0,0.9999999999999999,1.0000000000000002,5.392743978541216e-16,0.6634940936869247
frozen_algebraic_replay,127204,nested,1,compatible,adam,0.01,global_projection,unit_broadcast_fixed,1,False,1.2072267980865008,6,-4.47479124677245,-32.80856280640857,-3.665274868077316,256,-4.0736770053153535,-0.5001652737184166,0.3512889773671332,2.317933258253435,0.7157277532577802
frozen_algebraic_replay,127204,nested,1,compatible,adam,0.01,global_projection,initial_mean_fixed,1,False,1.2072267980865008,6,0.524574619556816,-2.9498973187075537,0.49971218901394965,256,0.529891555291587,0.9016352051872031,0.9517219558039143,0.5653175174710273,0.7157277532577802
frozen_algebraic_replay,127204,nested,1,compatible,adam,0.01,global_projection,initial_mean_projection,1,True,1.2072267980865008,6,0.6713403600084024,0.6507933205206236,0.6429157463585635,256,0.686907194748438,0.9239291789569992,0.9697092283110169,0.45005239672688047,0.7157277532577802
frozen_algebraic_replay,127204,nested,1,compatible,adam,0.01,global_projection,best_fixed_rank1_q,1,True,1.2072267980865008,6,0.6787058852500107,0.6290142685774435,0.6817931550983963,256,0.7258032939461518,0.9115243424641464,0.9700899210716093,0.44236089190339983,0.7157277532577802
frozen_algebraic_replay,127204,nested,1,compatible,adam,0.01,global_projection,best_fixed_rank1_error,1,True,1.2072267980865008,6,0.6522357032958808,0.5608448640803867,0.7132724571409339,256,0.7522302710180565,0.8788523104023978,0.9634460710130025,0.4827800187709283,0.7157277532577802
frozen_algebraic_replay,127204,nested,1,compatible,adam,0.01,global_projection,uniform_projection,1,True,1.2072267980865008,6,0.044662059993721304,0.06394189733314773,0.02783826572817083,256,-0.009445040889358713,0.18724156680452247,0.8358933862862766,0.9865507137172832,0.7157277532577802
frozen_algebraic_replay,127204,nested,1,compatible,adam,0.01,global_projection,ancestry_K2,2,True,1.2072267980865008,6,0.42507216481209453,0.5470767666217092,0.28961023618210324,256,0.2661723795362124,0.6338776719273981,0.9005729855936712,0.7822401471176359,0.7157277532577802
frozen_algebraic_replay,127204,nested,1,compatible,adam,0.01,global_projection,ancestry_K3,3,True,1.2072267980865008,6,0.5794723870840384,0.6775531667541366,0.4628092296878761,256,0.45151171968633863,0.7805274007423649,0.9326046427424928,0.6522987327531344,0.7157277532577802
frozen_algebraic_replay,127204,nested,1,compatible,adam,0.01,global_projection,ancestry_K4,4,True,1.2072267980865008,6,0.644696784592963,0.7267879183851721,0.5423622071595018,256,0.5235819265243145,0.8445184636140303,0.9544231837442673,0.5366842413922854,0.7157277532577802
frozen_algebraic_replay,127204,nested,1,compatible,adam,0.01,global_projection,ancestry_K5,5,True,1.2072267980865008,6,0.7238368087221423,0.7910783310894862,0.6405795757364483,256,0.599280695326277,0.8125674059153317,0.9458221736464415,0.5837850365898358,0.7157277532577802
frozen_algebraic_replay,127204,nested,1,compatible,adam,0.01,global_projection,ancestry_K6,6,True,1.2072267980865008,6,1.0,1.0,1.0,256,1.0,1.0,0.9999999999999999,3.784749141224759e-16,0.7157277532577802
frozen_algebraic_replay,127204,nested,1,compatible,adam,0.01,shuffled_projection,unit_broadcast_fixed,1,False,1.1919532287493948,6,-4.581223715925149,-33.335218580413276,-3.7767616563390645,256,-4.212709361363271,-0.4965053729149118,0.33926103510267275,2.3313309541273655,0.6991583544914599
frozen_algebraic_replay,127204,nested,1,compatible,adam,0.01,shuffled_projection,initial_mean_fixed,1,False,1.1919532287493948,6,0.5280574640126978,-2.981802116352373,0.502771155074537,256,0.5343851114178788,0.9049927576601902,0.9523488060042586,0.5574365403473623,0.6991583544914599
frozen_algebraic_replay,127204,nested,1,compatible,adam,0.01,shuffled_projection,initial_mean_projection,1,True,1.1919532287493948,6,0.6728605418860554,0.6513038901200112,0.6454384849305544,256,0.6909792024871864,0.9266861840970546,0.9700089163595046,0.44445810658052665,0.6991583544914599
frozen_algebraic_replay,127204,nested,1,compatible,adam,0.01,shuffled_projection,best_fixed_rank1_q,1,True,1.1919532287493948,6,0.6782861970017046,0.6322723198770581,0.677109766751989,256,0.7235207427363783,0.9160690122471215,0.9706290230025425,0.43528613133574673,0.6991583544914599
frozen_algebraic_replay,127204,nested,1,compatible,adam,0.01,shuffled_projection,best_fixed_rank1_error,1,True,1.1919532287493948,6,0.6516537447260761,0.5637347752092968,0.7083287992541019,256,0.7504517548012754,0.8821903218548646,0.9636630571999886,0.4772273341110953,0.6991583544914599
frozen_algebraic_replay,127204,nested,1,compatible,adam,0.01,shuffled_projection,uniform_projection,1,True,1.1919532287493948,6,0.04501884154686342,0.06409323561546455,0.02823687497148797,256,-0.01038334819560549,0.1746280469107806,0.8321291968595356,0.9878027569864013,0.6991583544914599
frozen_algebraic_replay,127204,nested,1,compatible,adam,0.01,shuffled_projection,ancestry_K2,2,True,1.1919532287493948,6,0.4329529502153886,0.5523672005682068,0.29812446593203534,256,0.2728641518797813,0.6388905344311996,0.8997782433107514,0.7781810272807966,0.6991583544914599
frozen_algebraic_replay,127204,nested,1,compatible,adam,0.01,shuffled_projection,ancestry_K3,3,True,1.1919532287493948,6,0.5860560471354201,0.6821386744432316,0.4700039874626104,256,0.4572560346244169,0.7820257610817316,0.9318254731520345,0.650107812772368,0.6991583544914599
frozen_algebraic_replay,127204,nested,1,compatible,adam,0.01,shuffled_projection,ancestry_K4,4,True,1.1919532287493948,6,0.6535671624459193,0.7333159765413297,0.5521871709963841,256,0.5325828772298017,0.8490156614420092,0.9548522507128618,0.5293817454306361,0.6991583544914599
frozen_algebraic_replay,127204,nested,1,compatible,adam,0.01,shuffled_projection,ancestry_K5,5,True,1.1919532287493948,6,0.7311450521068861,0.7964252332258213,0.6484427394402084,256,0.6052082611568459,0.8175399699751773,0.9461552597643226,0.5768148716215771,0.6991583544914599
frozen_algebraic_replay,127204,nested,1,compatible,adam,0.01,shuffled_projection,ancestry_K6,6,True,1.1919532287493948,6,1.0,1.0,1.0,256,1.0,1.0,1.0,5.488219776861805e-16,0.6991583544914599
frozen_algebraic_replay,127204,nested,1,compatible,adam,0.03,subtree_projection,unit_broadcast_fixed,1,False,1.0961404989080872,6,-5.484892241214664,-100.5046576180273,-4.734339947437949,256,-5.126520678209205,-0.4753734963140817,0.3369410083295759,2.5221760674261793,0.5529831520628369
frozen_algebraic_replay,127204,nested,1,compatible,adam,0.03,subtree_projection,initial_mean_fixed,1,False,1.0961404989080872,6,0.5300818598564039,-10.581551897131202,0.5020589091478955,256,0.53627142664819,0.8904470576527341,0.959848334464971,0.5285135443654673,0.5529831520628369
frozen_algebraic_replay,127204,nested,1,compatible,adam,0.03,subtree_projection,initial_mean_projection,1,True,1.0961404989080872,6,0.6722280724127068,0.65086089296321,0.6434128294521897,256,0.6842204340595743,0.9174175056867679,0.9698140402637595,0.46077682720256663,0.5529831520628369
frozen_algebraic_replay,127204,nested,1,compatible,adam,0.03,subtree_projection,best_fixed_rank1_q,1,True,1.0961404989080872,6,0.6753473889628789,0.6366557971729644,0.6661484692266535,256,0.7076392540706394,0.9100737367483633,0.9706891846133818,0.4510966256941083,0.5529831520628369
frozen_algebraic_replay,127204,nested,1,compatible,adam,0.03,subtree_projection,best_fixed_rank1_error,1,True,1.0961404989080872,6,0.640303831243107,0.5497461508545941,0.7071601397905554,256,0.7436881619536844,0.8806386326197936,0.9658433387312679,0.4809245067083983,0.5529831520628369
frozen_algebraic_replay,127204,nested,1,compatible,adam,0.03,subtree_projection,uniform_projection,1,True,1.0961404989080872,6,0.04666978406614164,0.06602280703601053,0.02909651289400661,256,-0.02205313296475797,0.025393807546789708,0.8404931927395772,1.0025158083328174,0.5529831520628369
frozen_algebraic_replay,127204,nested,1,compatible,adam,0.03,subtree_projection,ancestry_K2,2,True,1.0961404989080872,6,0.44128761923675164,0.5679269761319309,0.2916358257982907,256,0.2589513304249893,0.5934395752420006,0.8991431517696593,0.8102716029956014,0.5529831520628369
frozen_algebraic_replay,127204,nested,1,compatible,adam,0.03,subtree_projection,ancestry_K3,3,True,1.0961404989080872,6,0.6070495202794081,0.7050767125111816,0.48752278208471866,256,0.4620431105141073,0.7652121178648383,0.9331756975666263,0.6679814404928538,0.5529831520628369
frozen_algebraic_replay,127204,nested,1,compatible,adam,0.03,subtree_projection,ancestry_K4,4,True,1.0961404989080872,6,0.6764862850800872,0.7564265158548842,0.5707772838001834,256,0.5374858671884435,0.8359369158275974,0.9549163904566569,0.5494176259934418,0.5529831520628369
frozen_algebraic_replay,127204,nested,1,compatible,adam,0.03,subtree_projection,ancestry_K5,5,True,1.0961404989080872,6,0.7476754884464807,0.8132888371039868,0.6639779280150611,256,0.6153538792659708,0.8097315726382159,0.9481944669729124,0.5881039482004669,0.5529831520628369
frozen_algebraic_replay,127204,nested,1,compatible,adam,0.03,subtree_projection,ancestry_K6,6,True,1.0961404989080872,6,1.0,1.0,1.0,256,1.0,1.0000000000000002,1.0000000000000002,3.882602525312359e-16,0.5529831520628369
frozen_algebraic_replay,127204,nested,16,compatible,sgd,0.03,exact,unit_broadcast_fixed,1,False,0.8151021427474179,6,-11.490689284445722,-73.8379418687131,-13.245060290148517,256,-13.636519417650952,0.29053948218100006,0.5740049293447723,1.82423459107833,0.19609951966560188
frozen_algebraic_replay,127204,nested,16,compatible,sgd,0.03,exact,initial_mean_fixed,1,False,0.8151021427474179,6,0.1305094010270339,-6.488078915474421,0.04662342511546724,256,0.05231807444745473,0.8992757818260673,0.958790357018746,0.4456391809789307,0.19609951966560188
frozen_algebraic_replay,127204,nested,16,compatible,sgd,0.03,exact,initial_mean_projection,1,True,0.8151021427474179,6,0.6085643920108101,0.5640054907324881,0.643429829794314,256,0.645552399279983,0.9562678349635242,0.9661439413178625,0.4288173984176964,0.19609951966560188
frozen_algebraic_replay,127204,nested,16,compatible,sgd,0.03,exact,best_fixed_rank1_q,1,True,0.8151021427474179,6,0.73193991416276,0.7057602727990193,0.6848426633561685,256,0.6718517759298697,0.8780583286547597,0.9509952808277179,0.48380629360063826,0.19609951966560188
frozen_algebraic_replay,127204,nested,16,compatible,sgd,0.03,exact,best_fixed_rank1_error,1,True,0.8151021427474179,6,0.7184070943491536,0.681882376591412,0.6964761035950093,256,0.6886433402863796,0.9202291314903369,0.9642352472843313,0.4218970100309966,0.19609951966560188
frozen_algebraic_replay,127204,nested,16,compatible,sgd,0.03,exact,uniform_projection,1,True,0.8151021427474179,6,0.09833689373016441,0.10633301576127205,0.08366379750303765,256,0.05142508532566248,0.5255497403067774,0.8008705754652947,0.934873320092275,0.19609951966560188
frozen_algebraic_replay,127204,nested,16,compatible,sgd,0.03,exact,ancestry_K2,2,True,0.8151021427474179,6,0.7037530015920965,0.7020333149443864,0.6244492068006876,256,0.5977621874988006,0.8322981118151758,0.9346254445686712,0.5546810550683158,0.19609951966560188
frozen_algebraic_replay,127204,nested,16,compatible,sgd,0.03,exact,ancestry_K3,3,True,0.8151021427474179,6,0.7952253098520179,0.7983644629352367,0.7462765941131291,256,0.7277086268109868,0.9124491272313584,0.9645173510430612,0.41299230093295225,0.19609951966560188
frozen_algebraic_replay,127204,nested,16,compatible,sgd,0.03,exact,ancestry_K4,4,True,0.8151021427474179,6,0.8362412342820122,0.8336955265055908,0.7913345945086392,256,0.7744400464853519,0.9491424953879134,0.9793913415340132,0.31501635038176773,0.19609951966560188
frozen_algebraic_replay,127204,nested,16,compatible,sgd,0.03,exact,ancestry_K5,5,True,0.8151021427474179,6,0.869610787335568,0.8713516085891307,0.8370550368835057,256,0.8222825252263259,0.9413358242604725,0.9762966968543019,0.33753076448470337,0.19609951966560188
frozen_algebraic_replay,127204,nested,16,compatible,sgd,0.03,exact,ancestry_K6,6,True,0.8151021427474179,6,1.0,1.0,1.0,256,1.0,0.9999999999999998,0.9999999999999999,1.2282959422117536e-15,0.19609951966560188
frozen_algebraic_replay,127204,nested,16,compatible,sgd,0.03,broadcast,unit_broadcast_fixed,1,False,0.8085263838194316,6,-14.316406506391216,-28.77465551447996,-17.181835971925462,256,-18.822401750420735,0.5036935559842621,0.7890600098990432,1.7322045553633396,0.14939288154914176
frozen_algebraic_replay,127204,nested,16,compatible,sgd,0.03,broadcast,initial_mean_fixed,1,False,0.8085263838194316,6,-0.08267401961263077,-1.5999376690659417,-0.23827720606942027,256,-0.3451824949846638,0.9366845681958093,0.9874843562712041,0.3502074444736758,0.14939288154914176
frozen_algebraic_replay,127204,nested,16,compatible,sgd,0.03,broadcast,initial_mean_projection,1,True,0.8085263838194316,6,0.5454602449061258,0.5149812282120452,0.5804945855341845,256,0.5677487249160629,0.9429970616659811,0.9792279733961878,0.4602604409444794,0.14939288154914176
frozen_algebraic_replay,127204,nested,16,compatible,sgd,0.03,broadcast,best_fixed_rank1_q,1,True,0.8085263838194316,6,0.8258293660676823,0.7841446043038225,0.7813903066902486,256,0.7672936912722549,0.9095308223733037,0.9823139733732196,0.4157832066134661,0.14939288154914176
frozen_algebraic_replay,127204,nested,16,compatible,sgd,0.03,broadcast,best_fixed_rank1_error,1,True,0.8085263838194316,6,0.8216685276020396,0.7769934816905828,0.7850453410762941,256,0.7723981760635726,0.919462273561616,0.9841139191328406,0.39442059865373463,0.14939288154914176
frozen_algebraic_replay,127204,nested,16,compatible,sgd,0.03,broadcast,uniform_projection,1,True,0.8085263838194316,6,0.12558322795301757,0.12407323577154032,0.11392947639648521,256,0.07693669887299737,0.6034480928054667,0.9116139903729065,0.913392641779354,0.14939288154914176
frozen_algebraic_replay,127204,nested,16,compatible,sgd,0.03,broadcast,ancestry_K2,2,True,0.8085263838194316,6,0.8261601248411757,0.7899161567856006,0.7703981653844378,256,0.7479857268419551,0.9039497462118204,0.9812750839177492,0.42769185368328866,0.14939288154914176
frozen_algebraic_replay,127204,nested,16,compatible,sgd,0.03,broadcast,ancestry_K3,3,True,0.8085263838194316,6,0.8628188360780298,0.8371235683802427,0.8236771558458181,256,0.8073708563303972,0.9504671605990369,0.9900917183203677,0.31201027030910267,0.14939288154914176
frozen_algebraic_replay,127204,nested,16,compatible,sgd,0.03,broadcast,ancestry_K4,4,True,0.8085263838194316,6,0.8756754193161148,0.8495857188211415,0.8369377867474694,256,0.8234663285108739,0.9661205122042268,0.9932190755390357,0.25815591448273595,0.14939288154914176
frozen_algebraic_replay,127204,nested,16,compatible,sgd,0.03,broadcast,ancestry_K5,5,True,0.8085263838194316,6,0.9074509575899843,0.8921420400400015,0.8826564144242706,256,0.8712672397084085,0.9603544528373558,0.9920822114778209,0.278885644479726,0.14939288154914176
frozen_algebraic_replay,127204,nested,16,compatible,sgd,0.03,broadcast,ancestry_K6,6,True,0.8085263838194316,6,1.0,1.0,1.0,256,1.0,0.9999999999999999,1.0,6.518169203232178e-16,0.14939288154914176
frozen_algebraic_replay,127204,nested,16,compatible,sgd,0.03,global_projection,unit_broadcast_fixed,1,False,0.8455562272241575,6,-13.05732071668082,-43.66431003639706,-15.048712937719152,256,-16.016400184979027,0.42922225046539436,0.700702375273153,1.7570576689133504,0.19806052705543611
frozen_algebraic_replay,127204,nested,16,compatible,sgd,0.03,global_projection,initial_mean_fixed,1,False,0.8455562272241575,6,0.035371643532962516,-2.9465890937098176,-0.05273045269809806,256,-0.08256629952344152,0.9366730649780446,0.9809889832608139,0.3532357577315268,0.19806052705543611
frozen_algebraic_replay,127204,nested,16,compatible,sgd,0.03,global_projection,initial_mean_projection,1,True,0.8455562272241575,6,0.591819927107646,0.5674951610698549,0.6315363711927845,256,0.6292491318751652,0.9576097184577285,0.9741373239650735,0.4285505488384965,0.19806052705543611
frozen_algebraic_replay,127204,nested,16,compatible,sgd,0.03,global_projection,best_fixed_rank1_q,1,True,0.8455562272241575,6,0.75990203273364,0.7371602887240889,0.7174635812053309,256,0.6994988886414422,0.9058465521908567,0.9722426074293046,0.4253871027757154,0.19806052705543611
frozen_algebraic_replay,127204,nested,16,compatible,sgd,0.03,global_projection,best_fixed_rank1_error,1,True,0.8455562272241575,6,0.7505407015093117,0.7241681066669041,0.725720758006279,256,0.712167889973929,0.929797608198684,0.9781747680754072,0.3801566521416603,0.19806052705543611
frozen_algebraic_replay,127204,nested,16,compatible,sgd,0.03,global_projection,uniform_projection,1,True,0.8455562272241575,6,0.10659965776230151,0.11066717208083224,0.09268405651101219,256,0.04661655934622866,0.5846629226083129,0.8616846993177787,0.9225805946861841,0.19806052705543611
frozen_algebraic_replay,127204,nested,16,compatible,sgd,0.03,global_projection,ancestry_K2,2,True,0.8455562272241575,6,0.743418491318665,0.7291092300432903,0.6757400915385132,256,0.642942253902449,0.8808647963811838,0.9654150030581657,0.47356955992494904,0.19806052705543611
frozen_algebraic_replay,127204,nested,16,compatible,sgd,0.03,global_projection,ancestry_K3,3,True,0.8455562272241575,6,0.8119129486400524,0.805583519552618,0.7658442708514193,256,0.7408498060456452,0.930098535966457,0.9791781588919748,0.36917651586087236,0.19806052705543611
frozen_algebraic_replay,127204,nested,16,compatible,sgd,0.03,global_projection,ancestry_K4,4,True,0.8455562272241575,6,0.8413649375487268,0.831362271105998,0.7980838611550722,256,0.7746233793563703,0.9560039016486926,0.9868658867650365,0.29341033267590155,0.19806052705543611
frozen_algebraic_replay,127204,nested,16,compatible,sgd,0.03,global_projection,ancestry_K5,5,True,0.8455562272241575,6,0.8766876977754329,0.873365889932304,0.845464398507821,256,0.8234517870537004,0.9488147770748829,0.984757148580075,0.3159311076971588,0.19806052705543611
frozen_algebraic_replay,127204,nested,16,compatible,sgd,0.03,global_projection,ancestry_K6,6,True,0.8455562272241575,6,1.0,1.0,1.0,256,1.0,1.0,1.0,1.0305405409525802e-15,0.19806052705543611
frozen_algebraic_replay,127204,nested,16,compatible,sgd,0.03,subtree_projection,unit_broadcast_fixed,1,False,0.8231272646902447,6,-12.362180833455199,-340.8429983648092,-14.530127089929714,256,-15.425067568045666,0.3447070909830197,0.6549826316590249,1.8151515926686983,0.18566813220127198
frozen_algebraic_replay,127204,nested,16,compatible,sgd,0.03,subtree_projection,initial_mean_fixed,1,False,0.8231272646902447,6,0.05610885453752901,-36.28073197414441,-0.05110277905799654,256,-0.07885030101843449,0.9156719677823247,0.9730682417437787,0.40714843643187915,0.18566813220127198
frozen_algebraic_replay,127204,nested,16,compatible,sgd,0.03,subtree_projection,initial_mean_projection,1,True,0.8231272646902447,6,0.5854001630991539,0.5497317467684093,0.6234880667332952,256,0.6204365520841126,0.9557020216709945,0.9715176089723854,0.4367131609515312,0.18566813220127198
frozen_algebraic_replay,127204,nested,16,compatible,sgd,0.03,subtree_projection,best_fixed_rank1_q,1,True,0.8231272646902447,6,0.7613161030021297,0.7308337344511369,0.7091792274531974,256,0.6900806036789865,0.8788928228680966,0.9623395991995422,0.4790977865152275,0.18566813220127198
frozen_algebraic_replay,127204,nested,16,compatible,sgd,0.03,subtree_projection,best_fixed_rank1_error,1,True,0.8231272646902447,6,0.7511291078483333,0.7146828529743068,0.7178077491100109,256,0.7030686126208756,0.9094310971895001,0.9702599113073974,0.429258165580313,0.18566813220127198
frozen_algebraic_replay,127204,nested,16,compatible,sgd,0.03,subtree_projection,uniform_projection,1,True,0.8231272646902447,6,0.10820747200605707,0.11233388305133366,0.09392532663946385,256,0.04953354263972276,0.5329829530943538,0.8491363905957409,0.9306337718064113,0.18566813220127198
frozen_algebraic_replay,127204,nested,16,compatible,sgd,0.03,subtree_projection,ancestry_K2,2,True,0.8231272646902447,6,0.747997070439224,0.7309313974811253,0.6725317508452222,256,0.6398076171548175,0.8503296579692892,0.954251067147609,0.5264348619514652,0.18566813220127198
frozen_algebraic_replay,127204,nested,16,compatible,sgd,0.03,subtree_projection,ancestry_K3,3,True,0.8231272646902447,6,0.8169250926524216,0.8089549882244678,0.7671796830134614,256,0.7428631039214346,0.9179130647692778,0.9740078860182614,0.3994854033571571,0.18566813220127198
frozen_algebraic_replay,127204,nested,16,compatible,sgd,0.03,subtree_projection,ancestry_K4,4,True,0.8231272646902447,6,0.8468284731900798,0.8355703459095712,0.800425850363726,256,0.7780851368675648,0.9496510160169366,0.984030228446866,0.3133873414696019,0.18566813220127198
frozen_algebraic_replay,127204,nested,16,compatible,sgd,0.03,subtree_projection,ancestry_K5,5,True,0.8231272646902447,6,0.8806074745689599,0.8760098913434017,0.8475713750473858,256,0.826438862734636,0.9409795188419416,0.9813317700308909,0.3386244367095843,0.18566813220127198
frozen_algebraic_replay,127204,nested,16,compatible,sgd,0.03,subtree_projection,ancestry_K6,6,True,0.8231272646902447,6,1.0,1.0,1.0,256,1.0,0.9999999999999998,1.0000000000000002,9.767555652238578e-16,0.18566813220127198
frozen_algebraic_replay,127204,nested,16,compatible,sgd,0.03,shuffled_projection,unit_broadcast_fixed,1,False,0.844575984503448,6,-12.744761106294932,-42.66322968600699,-14.630935958741421,256,-15.571202353929166,0.41816910827118087,0.6893192759644398,1.7521730322520448,0.20174373974425733
frozen_algebraic_replay,127204,nested,16,compatible,sgd,0.03,shuffled_projection,initial_mean_fixed,1,False,0.844575984503448,6,0.055067352697317995,-2.859412834003685,-0.027385130794779444,256,-0.05394235580042217,0.9342350645643508,0.979245861372862,0.361022814549695,0.20174373974425733
frozen_algebraic_replay,127204,nested,16,compatible,sgd,0.03,shuffled_projection,initial_mean_projection,1,True,0.844575984503448,6,0.5940970675294202,0.5685966556228468,0.6332845209005682,256,0.6315928245615181,0.9577890821698583,0.9732001894227114,0.4275410603600588,0.20174373974425733
frozen_algebraic_replay,127204,nested,16,compatible,sgd,0.03,shuffled_projection,best_fixed_rank1_q,1,True,0.844575984503448,6,0.7554144477977585,0.7325247067089456,0.7131559381822519,256,0.6949639603156124,0.9043176530181268,0.9704611684587321,0.42890751995037085,0.20174373974425733
frozen_algebraic_replay,127204,nested,16,compatible,sgd,0.03,shuffled_projection,best_fixed_rank1_error,1,True,0.844575984503448,6,0.745753102120211,0.7188856520394165,0.7216848934386955,256,0.7082019979052123,0.9295658422833316,0.9769608690926623,0.38217789255703655,0.20174373974425733
frozen_algebraic_replay,127204,nested,16,compatible,sgd,0.03,shuffled_projection,uniform_projection,1,True,0.844575984503448,6,0.10536589747864766,0.10967605045698481,0.09142812240866971,256,0.04477124743591221,0.5804767926729076,0.8543884490833394,0.9236653347137277,0.20174373974425733
frozen_algebraic_replay,127204,nested,16,compatible,sgd,0.03,shuffled_projection,ancestry_K2,2,True,0.844575984503448,6,0.737351332447838,0.7239519786101711,0.6687535141787093,256,0.6351739412677306,0.877246253015976,0.9627362929482104,0.48025982649885185,0.20174373974425733
frozen_algebraic_replay,127204,nested,16,compatible,sgd,0.03,shuffled_projection,ancestry_K3,3,True,0.844575984503448,6,0.8089294120879951,0.8034665072549874,0.7623117969199705,256,0.7369281059698104,0.9274497701940078,0.9773977992681335,0.37590761121892213,0.20174373974425733
frozen_algebraic_replay,127204,nested,16,compatible,sgd,0.03,shuffled_projection,ancestry_K4,4,True,0.844575984503448,6,0.8400566237970956,0.8306027718936088,0.7964918478962569,256,0.7729281948446148,0.9547879224830733,0.9858806207872377,0.2973447238269487,0.20174373974425733
frozen_algebraic_replay,127204,nested,16,compatible,sgd,0.03,shuffled_projection,ancestry_K5,5,True,0.844575984503448,6,0.8752739689662967,0.8723650726616369,0.8435085165572729,256,0.8212853961339492,0.9476443126585051,0.9836888652369833,0.31942567676034556,0.20174373974425733
frozen_algebraic_replay,127204,nested,16,compatible,sgd,0.03,shuffled_projection,ancestry_K6,6,True,0.844575984503448,6,1.0,1.0,1.0,256,1.0,1.0000000000000002,1.0,6.179035314983223e-16,0.20174373974425733
frozen_algebraic_replay,127204,nested,16,compatible,adam,0.003,broadcast,unit_broadcast_fixed,1,False,1.15043781410919,6,-5.085256603447186,-54.06270697040918,-4.231488012117979,256,-4.715858188568782,-0.5361520094734439,0.39695697146955083,2.512185975954579,0.6353290556979065
frozen_algebraic_replay,127204,nested,16,compatible,adam,0.003,broadcast,initial_mean_fixed,1,False,1.15043781410919,6,0.5216757393345283,-5.332688693373473,0.49884560521276466,256,0.5340937168938538,0.8938126955792592,0.9635064979456641,0.5423249238400446,0.6353290556979065
frozen_algebraic_replay,127204,nested,16,compatible,adam,0.003,broadcast,initial_mean_projection,1,True,1.15043781410919,6,0.6636176770731868,0.6483534207564745,0.6299607120098082,256,0.6733306676039175,0.9102240528696868,0.9733989998450049,0.463114737952044,0.6353290556979065
frozen_algebraic_replay,127204,nested,16,compatible,adam,0.003,broadcast,best_fixed_rank1_q,1,True,1.15043781410919,6,0.6707485519081684,0.6239824618875762,0.670756421992768,256,0.7121409263320566,0.9011647229794822,0.9734606989323522,0.4600215676332649,0.6353290556979065
frozen_algebraic_replay,127204,nested,16,compatible,adam,0.003,broadcast,best_fixed_rank1_error,1,True,1.15043781410919,6,0.6394651381309263,0.5403361155439412,0.7083381728258009,256,0.7418047600891169,0.8706519970379046,0.9684608216381528,0.4973437356307047,0.6353290556979065
frozen_algebraic_replay,127204,nested,16,compatible,adam,0.003,broadcast,uniform_projection,1,True,1.15043781410919,6,0.044209440479145434,0.0649581217840825,0.027791156684264795,256,-0.007313258195162264,0.09197008751723643,0.8661186846291128,0.9957775809566782,0.6353290556979065
frozen_algebraic_replay,127204,nested,16,compatible,adam,0.003,broadcast,ancestry_K2,2,True,1.15043781410919,6,0.4270525751068849,0.5610828218918857,0.2874278235658222,256,0.25844303220516507,0.6299214062889742,0.9191066923003602,0.7856690866115408,0.6353290556979065
frozen_algebraic_replay,127204,nested,16,compatible,adam,0.003,broadcast,ancestry_K3,3,True,1.15043781410919,6,0.5781429077784833,0.6854076877821036,0.46535305559174844,256,0.4545921226383275,0.7910162898458938,0.9471471535967397,0.6422796377107692,0.6353290556979065
frozen_algebraic_replay,127204,nested,16,compatible,adam,0.003,broadcast,ancestry_K4,4,True,1.15043781410919,6,0.6363785318158441,0.7290116386101271,0.5333313031114155,256,0.518282002968889,0.8485040810451134,0.9638866055402034,0.5308459526098447,0.6353290556979065
frozen_algebraic_replay,127204,nested,16,compatible,adam,0.003,broadcast,ancestry_K5,5,True,1.15043781410919,6,0.7227235841239381,0.7963992119370649,0.643752979388574,256,0.5998811918233494,0.8121574174944175,0.9560215900108694,0.5845139997170424,0.6353290556979065
frozen_algebraic_replay,127204,nested,16,compatible,adam,0.003,broadcast,ancestry_K6,6,True,1.15043781410919,6,1.0,1.0,1.0,256,1.0,1.0,0.9999999999999999,4.2846177207233685e-16,0.6353290556979065
frozen_algebraic_replay,127204,nested,16,compatible,adam,0.01,exact,unit_broadcast_fixed,1,False,0.7735502176174933,6,-12.733458994266519,-26.09511645123544,-14.439670343429365,256,-13.777711863540386,0.2458241892434827,0.5275051635902881,2.2374153281466698,0.16014006776267328
frozen_algebraic_replay,127204,nested,16,compatible,adam,0.01,exact,initial_mean_fixed,1,False,0.7735502176174933,6,0.3585476745910632,-1.0124540935892394,0.2693242614225845,256,0.3078729235810461,0.8438636853427751,0.9446570802609549,0.5428792832844102,0.16014006776267328
frozen_algebraic_replay,127204,nested,16,compatible,adam,0.01,exact,initial_mean_projection,1,True,0.7735502176174933,6,0.7315418297741325,0.6639299970659629,0.746608767363415,256,0.7462775435717766,0.9395561444314668,0.9694162452468652,0.42041848199993065,0.16014006776267328
frozen_algebraic_replay,127204,nested,16,compatible,adam,0.01,exact,best_fixed_rank1_q,1,True,0.7735502176174933,6,0.7810194009183813,0.7404032743548702,0.7679318107987072,256,0.7690963631371539,0.9291040598918983,0.9724582592068088,0.3895252930545028,0.16014006776267328
frozen_algebraic_replay,127204,nested,16,compatible,adam,0.01,exact,best_fixed_rank1_error,1,True,0.7735502176174933,6,0.7738927279897946,0.7201785228759491,0.7748574542116091,256,0.7753741983144213,0.9413934578821682,0.9744069143781404,0.3811857877009369,0.16014006776267328
frozen_algebraic_replay,127204,nested,16,compatible,adam,0.01,exact,uniform_projection,1,True,0.7735502176174933,6,0.06909102843381043,0.08687205534822498,0.06213281225717493,256,0.06028929154705365,0.429096071827542,0.8200268036625238,0.9439825963687383,0.16014006776267328
frozen_algebraic_replay,127204,nested,16,compatible,adam,0.01,exact,ancestry_K2,2,True,0.7735502176174933,6,0.6227102190840446,0.6720872417169148,0.5641165761760891,256,0.5642275661996501,0.8449989612154267,0.9458770630053066,0.5350293896771633,0.16014006776267328
frozen_algebraic_replay,127204,nested,16,compatible,adam,0.01,exact,ancestry_K3,3,True,0.7735502176174933,6,0.7665152554513124,0.7976975774056178,0.7433534802193713,256,0.7392062034095546,0.9263721811555089,0.973304725666071,0.3791236550087525,0.16014006776267328
frozen_algebraic_replay,127204,nested,16,compatible,adam,0.01,exact,ancestry_K4,4,True,0.7735502176174933,6,0.8298154686694387,0.8475288120972913,0.8076792080616533,256,0.8041196157901702,0.9596691411544714,0.9853372600168943,0.2813128567657187,0.16014006776267328
frozen_algebraic_replay,127204,nested,16,compatible,adam,0.01,exact,ancestry_K5,5,True,0.7735502176174933,6,0.8542484751485369,0.8716379399966376,0.8404589637802886,256,0.8482174669329513,0.9578515907872617,0.9846983580990191,0.2872680648105359,0.16014006776267328
frozen_algebraic_replay,127204,nested,16,compatible,adam,0.01,exact,ancestry_K6,6,True,0.7735502176174933,6,1.0,1.0,1.0,256,1.0,1.0,1.0,8.393131506326813e-16,0.16014006776267328
frozen_algebraic_replay,127204,nested,16,compatible,adam,0.01,global_projection,unit_broadcast_fixed,1,False,0.86300499981692,6,-10.505054221230255,-65.67208706465611,-11.183810550873435,256,-11.13202484618828,-0.15808964498688935,0.5251326725936348,2.906837520114761,0.21248262069853013
frozen_algebraic_replay,127204,nested,16,compatible,adam,0.01,global_projection,initial_mean_fixed,1,False,0.86300499981692,6,0.4430583191465236,-5.687163902685748,0.42045018803226064,256,0.4372168942046677,0.8795709437323377,0.9792219371835977,0.477504501108229,0.21248262069853013
frozen_algebraic_replay,127204,nested,16,compatible,adam,0.01,global_projection,initial_mean_projection,1,True,0.86300499981692,6,0.7115847471745673,0.6716922444694258,0.735572755852317,256,0.7403255182666577,0.9269044288686071,0.9852549571910217,0.4060859417813279,0.21248262069853013
frozen_algebraic_replay,127204,nested,16,compatible,adam,0.01,global_projection,best_fixed_rank1_q,1,True,0.86300499981692,6,0.7259629414234975,0.7127137727865134,0.7166392729961633,256,0.7205174956115574,0.9292909939382514,0.984897852406873,0.4118851619591192,0.21248262069853013
frozen_algebraic_replay,127204,nested,16,compatible,adam,0.01,global_projection,best_fixed_rank1_error,1,True,0.86300499981692,6,0.6993659159461558,0.6443284866564775,0.7453845789658791,256,0.7496976895674721,0.9293525724119083,0.9847721826751115,0.41371316831659166,0.21248262069853013
frozen_algebraic_replay,127204,nested,16,compatible,adam,0.01,global_projection,uniform_projection,1,True,0.86300499981692,6,0.061874533480473115,0.08082627749682612,0.04606902118151368,256,0.02632714708434436,0.052051029001439535,0.9045817269830586,1.003239674118202,0.21248262069853013
frozen_algebraic_replay,127204,nested,16,compatible,adam,0.01,global_projection,ancestry_K2,2,True,0.86300499981692,6,0.5435930446805954,0.6453877701710637,0.41867976870946455,256,0.40320585336328496,0.6995860095062458,0.952623678492891,0.7158785759037907,0.21248262069853013
frozen_algebraic_replay,127204,nested,16,compatible,adam,0.01,global_projection,ancestry_K3,3,True,0.86300499981692,6,0.6430239718723583,0.7280923129934286,0.5537928181605611,256,0.5408641448930605,0.8043873245297793,0.9669109657233261,0.6010604715700509,0.21248262069853013
frozen_algebraic_replay,127204,nested,16,compatible,adam,0.01,global_projection,ancestry_K4,4,True,0.86300499981692,6,0.6876514152297155,0.7596831155793615,0.6041841676159931,256,0.6044354877898119,0.8664132752604157,0.9771579233389909,0.5002338285225549,0.21248262069853013
frozen_algebraic_replay,127204,nested,16,compatible,adam,0.01,global_projection,ancestry_K5,5,True,0.86300499981692,6,0.7520903209159514,0.8136700362817181,0.6925216881351348,256,0.7061805196224794,0.8572473056753619,0.9757583520805876,0.5150439672374898,0.21248262069853013
frozen_algebraic_replay,127204,nested,16,compatible,adam,0.01,global_projection,ancestry_K6,6,True,0.86300499981692,6,1.0,1.0,1.0,256,1.0,1.0000000000000002,1.0000000000000002,7.760271728845204e-16,0.21248262069853013
frozen_algebraic_replay,127204,nested,16,compatible,adam,0.01,shuffled_projection,unit_broadcast_fixed,1,False,0.8313418289537964,6,-11.740912477071454,-43.29851758341972,-13.315386646169856,256,-13.782275251397046,0.07950761709569724,0.47833475647627827,2.6004429163064535,0.1954974769274985
frozen_algebraic_replay,127204,nested,16,compatible,adam,0.01,shuffled_projection,initial_mean_fixed,1,False,0.8313418289537964,6,0.41789815288673493,-3.023077326623272,0.3574315917763078,256,0.3667297381230865,0.9032206566047973,0.9719060830218551,0.4326064325890762,0.1954974769274985
frozen_algebraic_replay,127204,nested,16,compatible,adam,0.01,shuffled_projection,initial_mean_projection,1,True,0.8313418289537964,6,0.722642484621357,0.6774549263522854,0.7525929034568596,256,0.7594884457633818,0.9486419215157942,0.9801826392656456,0.3735965331567236,0.1954974769274985
frozen_algebraic_replay,127204,nested,16,compatible,adam,0.01,shuffled_projection,best_fixed_rank1_q,1,True,0.8313418289537964,6,0.7771179308432437,0.766766248133407,0.7530250749892132,256,0.7528900441751474,0.9425004971265764,0.9817061388304776,0.3534073444995354,0.1954974769274985
frozen_algebraic_replay,127204,nested,16,compatible,adam,0.01,shuffled_projection,best_fixed_rank1_error,1,True,0.8313418289537964,6,0.7618424021488731,0.733154594369454,0.7678775330681257,256,0.7712908266076113,0.9571723461431536,0.9838983373241132,0.33703070880718294,0.1954974769274985
frozen_algebraic_replay,127204,nested,16,compatible,adam,0.01,shuffled_projection,uniform_projection,1,True,0.8313418289537964,6,0.07152937006998117,0.08670811744368431,0.05949557623227253,256,0.027140653343158516,0.2464070731636745,0.8475900180446797,0.9732202741871125,0.1954974769274985
frozen_algebraic_replay,127204,nested,16,compatible,adam,0.01,shuffled_projection,ancestry_K2,2,True,0.8313418289537964,6,0.6416357011288785,0.6941598537528613,0.5500277637112239,256,0.5247674990647575,0.8214947482160273,0.950360681377643,0.5707389173131001,0.1954974769274985
frozen_algebraic_replay,127204,nested,16,compatible,adam,0.01,shuffled_projection,ancestry_K3,3,True,0.8313418289537964,6,0.7453869354366165,0.7872746983578912,0.692211613014807,256,0.6781412822630388,0.8893147848456767,0.9680481828332812,0.4606430968961076,0.1954974769274985
frozen_algebraic_replay,127204,nested,16,compatible,adam,0.01,shuffled_projection,ancestry_K4,4,True,0.8313418289537964,6,0.7975217764121204,0.8267760753738681,0.7497039657291542,256,0.7472824525485798,0.9379551894301733,0.9819498295396526,0.34691467053573233,0.1954974769274985
frozen_algebraic_replay,127204,nested,16,compatible,adam,0.01,shuffled_projection,ancestry_K5,5,True,0.8313418289537964,6,0.837060115080229,0.8643584142714231,0.8036676160859996,256,0.8030770651992768,0.9319078404183602,0.9802438163011926,0.36275471265355885,0.1954974769274985
frozen_algebraic_replay,127204,nested,16,compatible,adam,0.01,shuffled_projection,ancestry_K6,6,True,0.8313418289537964,6,1.0,1.0,1.0,256,1.0,1.0000000000000002,0.9999999999999998,8.18321504610815e-16,0.1954974769274985
frozen_algebraic_replay,127204,nested,16,compatible,adam,0.03,subtree_projection,unit_broadcast_fixed,1,False,0.7692023035778726,6,-16.344792379706387,-24.581852557307283,-18.608842901274404,256,-18.8050217905933,0.472354997673983,0.7165634979480084,2.8287681627050545,0.08303068808925587
frozen_algebraic_replay,127204,nested,16,compatible,adam,0.03,subtree_projection,initial_mean_fixed,1,False,0.7692023035778726,6,-1.1096824548392528,-1.6055415651295353,-1.5706202986407782,256,-1.69523666394146,-0.10364281893493872,0.8357864086397732,1.5710582727766416,0.08303068808925587
frozen_algebraic_replay,127204,nested,16,compatible,adam,0.03,subtree_projection,initial_mean_projection,1,True,0.7692023035778726,6,0.25080026717727166,0.3071421107684821,0.23065149803451634,256,0.16661525654894183,0.7080603236163114,0.9570345358022759,0.7898987997878104,0.08303068808925587
frozen_algebraic_replay,127204,nested,16,compatible,adam,0.03,subtree_projection,best_fixed_rank1_q,1,True,0.7692023035778726,6,0.7940522254289614,0.7987172133641764,0.7366688506535163,256,0.7332589351998448,0.7499732090851916,0.9684774880863759,0.6781272572505419,0.08303068808925587
frozen_algebraic_replay,127204,nested,16,compatible,adam,0.03,subtree_projection,best_fixed_rank1_error,1,True,0.7692023035778726,6,0.7760128209428547,0.7662934991006887,0.7520799811186083,256,0.7475112012140444,0.82831813825587,0.9755569010369082,0.599567311164639,0.08303068808925587
frozen_algebraic_replay,127204,nested,16,compatible,adam,0.03,subtree_projection,uniform_projection,1,True,0.7692023035778726,6,0.14149882848559148,0.15021032153294162,0.11891276205620027,256,0.11762079841473372,0.4811354295740306,0.9395245427371851,0.9313571526825173,0.08303068808925587
frozen_algebraic_replay,127204,nested,16,compatible,adam,0.03,subtree_projection,ancestry_K2,2,True,0.7692023035778726,6,0.7448423184148236,0.7848151532576427,0.6550391072798272,256,0.6236322620091317,0.4864858025260107,0.9465053176040965,0.877496605092203,0.08303068808925587
frozen_algebraic_replay,127204,nested,16,compatible,adam,0.03,subtree_projection,ancestry_K3,3,True,0.7692023035778726,6,0.8433461172456364,0.8720132890241111,0.8088073366614377,256,0.7778318352716531,0.8014404721901374,0.9755026247478105,0.5980975722111095,0.08303068808925587
frozen_algebraic_replay,127204,nested,16,compatible,adam,0.03,subtree_projection,ancestry_K4,4,True,0.7692023035778726,6,0.8893384923464611,0.9076874119082801,0.8534151011360391,256,0.836546483338642,0.8871484608176152,0.985410908496355,0.4628759920307987,0.08303068808925587
frozen_algebraic_replay,127204,nested,16,compatible,adam,0.03,subtree_projection,ancestry_K5,5,True,0.7692023035778726,6,0.9116540775425166,0.9277098265075339,0.8870330942889274,256,0.8816605202176001,0.8978984247885483,0.9866937191981527,0.4422986786300131,0.08303068808925587
frozen_algebraic_replay,127204,nested,16,compatible,adam,0.03,subtree_projection,ancestry_K6,6,True,0.7692023035778726,6,1.0,1.0,1.0,256,1.0,1.0,1.0000000000000002,7.080738173400078e-16,0.08303068808925587
frozen_algebraic_replay,127204,nested,64,compatible,sgd,0.03,exact,unit_broadcast_fixed,1,False,0.7423487655881844,6,-18.824771231987505,-24.337974057539647,-21.98468788893975,256,-22.357106113714543,0.8648151356976002,0.8876204727478043,0.9438792250554856,0.1040573645150567
frozen_algebraic_replay,127204,nested,64,compatible,sgd,0.03,exact,initial_mean_fixed,1,False,0.7423487655881844,6,-0.6342879110541253,-1.1624164168637208,-0.9012046973518075,256,-0.9490932762541049,0.8693642911201699,0.9357319794821165,0.4955817314513844,0.1040573645150567
frozen_algebraic_replay,127204,nested,64,compatible,sgd,0.03,exact,initial_mean_projection,1,True,0.7423487655881844,6,0.4441622467099795,0.4459100415979574,0.44984195917099035,256,0.4403158385923872,0.966089545782431,0.9319692216996813,0.5515701619599028,0.1040573645150567
frozen_algebraic_replay,127204,nested,64,compatible,sgd,0.03,exact,best_fixed_rank1_q,1,True,0.7423487655881844,6,0.8703701307431939,0.8297908780193332,0.8404001144449627,256,0.8346234075674904,0.8745311294068142,0.9383782668759744,0.4849694769402757,0.1040573645150567
frozen_algebraic_replay,127204,nested,64,compatible,sgd,0.03,exact,best_fixed_rank1_error,1,True,0.7423487655881844,6,0.8703619402705406,0.8297736574289567,0.8404079929327756,256,0.834642070435953,0.8745393823705133,0.9383821810177305,0.4849545400521593,0.1040573645150567
frozen_algebraic_replay,127204,nested,64,compatible,sgd,0.03,exact,uniform_projection,1,True,0.7423487655881844,6,0.15316003881530982,0.14572886125683876,0.14647794414144155,256,0.137632673572481,0.7713465703851929,0.7793138858734099,0.8846136128833001,0.1040573645150567
frozen_algebraic_replay,127204,nested,64,compatible,sgd,0.03,exact,ancestry_K2,2,True,0.7423487655881844,6,0.8789424244878643,0.8373313306335473,0.8480687187980608,256,0.8396711926460194,0.8689691776004519,0.9357368544505964,0.49495728977750664,0.1040573645150567
frozen_algebraic_replay,127204,nested,64,compatible,sgd,0.03,exact,ancestry_K3,3,True,0.7423487655881844,6,0.921224337040262,0.8950940816066233,0.907442997591424,256,0.9019485704057351,0.965547382895,0.982555849082622,0.2616150294392866,0.1040573645150567
frozen_algebraic_replay,127204,nested,64,compatible,sgd,0.03,exact,ancestry_K4,4,True,0.7423487655881844,6,0.9395106438701729,0.9149988635634103,0.9260609014017566,256,0.9240246309415527,0.9877402741262441,0.9937921613516318,0.15611924817320996,0.1040573645150567
frozen_algebraic_replay,127204,nested,64,compatible,sgd,0.03,exact,ancestry_K5,5,True,0.7423487655881844,6,0.9513176346117767,0.9337815788578336,0.9431367674989767,256,0.9441920016695153,0.988857204176944,0.9943563789222779,0.14887375314570708,0.1040573645150567
frozen_algebraic_replay,127204,nested,64,compatible,sgd,0.03,exact,ancestry_K6,6,True,0.7423487655881844,6,1.0,1.0,1.0,256,1.0,1.0,1.0,7.580793254245761e-16,0.1040573645150567
frozen_algebraic_replay,127204,nested,64,compatible,sgd,0.03,broadcast,unit_broadcast_fixed,1,False,0.7584375169557158,6,-21.63184185899771,-21.84785942870397,-22.48468849896766,256,-24.32160171637191,0.9247988662447643,0.9545690937290793,1.313177274709836,0.055644873468778194
frozen_algebraic_replay,127204,nested,64,compatible,sgd,0.03,broadcast,initial_mean_fixed,1,False,0.7584375169557158,6,-0.563257659912656,-0.5776686895621177,-0.6159555270227326,256,-0.7909505828621624,0.9771898446628653,0.9976800174539828,0.2667833761394169,0.055644873468778194
frozen_algebraic_replay,127204,nested,64,compatible,sgd,0.03,broadcast,initial_mean_projection,1,True,0.7584375169557158,6,0.47226601411333335,0.4730613967967069,0.47640338487576195,256,0.45114742832988863,0.9789565267996281,0.9901544796685035,0.5436459170287525,0.055644873468778194
frozen_algebraic_replay,127204,nested,64,compatible,sgd,0.03,broadcast,best_fixed_rank1_q,1,True,0.7584375169557158,6,0.9962165196451057,0.9960381462498078,0.9958733359933188,256,0.9956913629142996,0.9949592855670022,0.9996619530283014,0.1002799314874792,0.055644873468778194
frozen_algebraic_replay,127204,nested,64,compatible,sgd,0.03,broadcast,best_fixed_rank1_error,1,True,0.7584375169557158,6,0.9961812366729322,0.9960151612663495,0.9959085887053123,256,0.9957268195060495,0.9949652828003933,0.9996623554381768,0.10022022505137783,0.055644873468778194
frozen_algebraic_replay,127204,nested,64,compatible,sgd,0.03,broadcast,uniform_projection,1,True,0.7584375169557158,6,0.16141309195053477,0.1616503758800417,0.16137072267630448,256,0.14805054141575769,0.9155870675427001,0.9759082326869429,0.8422415112136614,0.055644873468778194
frozen_algebraic_replay,127204,nested,64,compatible,sgd,0.03,broadcast,ancestry_K2,2,True,0.7584375169557158,6,0.9957065246023958,0.9954551451966182,0.9950161478437087,256,0.9946548496317273,0.994295839552351,0.999617562029183,0.10666007093508703,0.055644873468778194
frozen_algebraic_replay,127204,nested,64,compatible,sgd,0.03,broadcast,ancestry_K3,3,True,0.7584375169557158,6,0.9965993283782841,0.9964103142083016,0.9962294650639656,256,0.9959948795381857,0.9987178588622155,0.9999138481183756,0.0506276949237312,0.055644873468778194
frozen_algebraic_replay,127204,nested,64,compatible,sgd,0.03,broadcast,ancestry_K4,4,True,0.7584375169557158,6,0.9969112969272266,0.9967206953455543,0.9964714917478023,256,0.996351683281707,0.9993081309747337,0.9999535067947894,0.03719219784822424,0.055644873468778194
frozen_algebraic_replay,127204,nested,64,compatible,sgd,0.03,broadcast,ancestry_K5,5,True,0.7584375169557158,6,0.9977271420449557,0.9976119586922323,0.9975758876824616,256,0.9976001550612407,0.9995345663869524,0.9999687196454399,0.030506660793805953,0.055644873468778194
frozen_algebraic_replay,127204,nested,64,compatible,sgd,0.03,broadcast,ancestry_K6,6,True,0.7584375169557158,6,1.0,1.0,1.0,256,1.0,1.0,1.0000000000000002,9.14541416733241e-16,0.055644873468778194
frozen_algebraic_replay,127204,nested,64,compatible,sgd,0.03,global_projection,unit_broadcast_fixed,1,False,0.8089779664256765,6,-28.570707855745084,-30.238864244799885,-30.861643583159033,256,-32.848864142643585,0.9904663985265748,0.9182516792952023,1.327268325250065,0.11397680054670319
frozen_algebraic_replay,127204,nested,64,compatible,sgd,0.03,global_projection,initial_mean_fixed,1,False,0.8089779664256765,6,-1.2587915611263396,-1.4041939149627916,-1.4446574657668414,256,-1.6463131055012563,0.9919953667802494,0.9893497258590948,0.29841977791605745,0.11397680054670319
frozen_algebraic_replay,127204,nested,64,compatible,sgd,0.03,global_projection,initial_mean_projection,1,True,0.8089779664256765,6,0.43088197470574485,0.43011207027275544,0.43156509957179245,256,0.4082018639356859,0.9938716412142199,0.9391874746660722,0.558412482495911,0.11397680054670319
frozen_algebraic_replay,127204,nested,64,compatible,sgd,0.03,global_projection,best_fixed_rank1_q,1,True,0.8089779664256765,6,0.9754056927264835,0.9723246455445191,0.9727796025045552,256,0.9712209511272863,0.9926541518336207,0.9968242009774146,0.12098663138895421,0.11397680054670319
frozen_algebraic_replay,127204,nested,64,compatible,sgd,0.03,global_projection,best_fixed_rank1_error,1,True,0.8089779664256765,6,0.9754005703029307,0.972322664226805,0.9727847105536498,256,0.9712279212525925,0.9926543794462547,0.9968242990507714,0.12098476798176666,0.11397680054670319
frozen_algebraic_replay,127204,nested,64,compatible,sgd,0.03,global_projection,uniform_projection,1,True,0.8089779664256765,6,0.16636601763617775,0.16554438905585156,0.16524647568364903,256,0.15485226624192627,0.9832091159876397,0.8381987697341362,0.8368759888937563,0.11397680054670319
frozen_algebraic_replay,127204,nested,64,compatible,sgd,0.03,global_projection,ancestry_K2,2,True,0.8089779664256765,6,0.977098312344619,0.9738113510731253,0.9741244116874876,256,0.972129012575475,0.9919360838158887,0.9965143521777848,0.12674323926636327,0.11397680054670319
frozen_algebraic_replay,127204,nested,64,compatible,sgd,0.03,global_projection,ancestry_K3,3,True,0.8089779664256765,6,0.9832264291249161,0.981003676220985,0.9820588624209597,256,0.9806692590346239,0.9979260961803177,0.9991018373883096,0.06438355623564201,0.11397680054670319
frozen_algebraic_replay,127204,nested,64,compatible,sgd,0.03,global_projection,ancestry_K4,4,True,0.8089779664256765,6,0.9858473750442623,0.9836453268236074,0.9842534510524453,256,0.983481773184965,0.9990593392145674,0.999592586185877,0.043364010317996075,0.11397680054670319
frozen_algebraic_replay,127204,nested,64,compatible,sgd,0.03,global_projection,ancestry_K5,5,True,0.8089779664256765,6,0.9890110760312946,0.9875740312381207,0.9884414316157176,256,0.9883221151198659,0.9992568468437774,0.9996781104944622,0.03854560024269449,0.11397680054670319
frozen_algebraic_replay,127204,nested,64,compatible,sgd,0.03,global_projection,ancestry_K6,6,True,0.8089779664256765,6,1.0,1.0,1.0,256,1.0,1.0,1.0000000000000002,8.340215379385261e-16,0.11397680054670319
frozen_algebraic_replay,127204,nested,64,compatible,sgd,0.03,subtree_projection,unit_broadcast_fixed,1,False,0.7667864006356111,6,-21.996599623752406,-23.856111485107895,-24.371754951611962,256,-25.76285048052901,0.9699974227535583,0.927966093966209,1.0623253897424054,0.08764332574029127
frozen_algebraic_replay,127204,nested,64,compatible,sgd,0.03,subtree_projection,initial_mean_fixed,1,False,0.7667864006356111,6,-0.7236661142847438,-0.8786895132721586,-0.905461772908809,256,-1.0460358963445957,0.9741793215866794,0.9896010712779352,0.2554772631070689,0.08764332574029127
frozen_algebraic_replay,127204,nested,64,compatible,sgd,0.03,subtree_projection,initial_mean_projection,1,True,0.7667864006356111,6,0.4410804052512677,0.4410095380415139,0.44316613765919877,256,0.42278447063213787,0.9877080706571142,0.951917681498103,0.5468129487743382,0.08764332574029127
frozen_algebraic_replay,127204,nested,64,compatible,sgd,0.03,subtree_projection,best_fixed_rank1_q,1,True,0.7667864006356111,6,0.9687946531492919,0.9631165301138602,0.9631905547505285,256,0.9610079684507495,0.9753974986434665,0.9915459668365229,0.22045345487787793,0.08764332574029127
frozen_algebraic_replay,127204,nested,64,compatible,sgd,0.03,subtree_projection,best_fixed_rank1_error,1,True,0.7667864006356111,6,0.9687929681815921,0.963113641791943,0.9631922282099417,256,0.9610113177196479,0.9753994281483247,0.9915466248395916,0.220444908947649,0.08764332574029127
frozen_algebraic_replay,127204,nested,64,compatible,sgd,0.03,subtree_projection,uniform_projection,1,True,0.7667864006356111,6,0.16389924454562965,0.16276201858563039,0.16237848618711048,256,0.15196677487266896,0.9425906138657095,0.8684920854489011,0.8472337322034117,0.08764332574029127
frozen_algebraic_replay,127204,nested,64,compatible,sgd,0.03,subtree_projection,ancestry_K2,2,True,0.7667864006356111,6,0.9711013336374689,0.9651964202929152,0.9652060430196656,256,0.9624383256238301,0.972800825033681,0.9906603689029085,0.23167023634695183,0.08764332574029127
frozen_algebraic_replay,127204,nested,64,compatible,sgd,0.03,subtree_projection,ancestry_K3,3,True,0.7667864006356111,6,0.9790635709516827,0.9750727970748833,0.9762597326436676,256,0.974349714693669,0.9934555039292139,0.997735182482919,0.1143132259682951,0.08764332574029127
frozen_algebraic_replay,127204,nested,64,compatible,sgd,0.03,subtree_projection,ancestry_K4,4,True,0.7667864006356111,6,0.9825072025674875,0.9786328653691994,0.9793926699436589,256,0.9783266779279388,0.997485331360394,0.9991295468688924,0.07087340777510454,0.08764332574029127
frozen_algebraic_replay,127204,nested,64,compatible,sgd,0.03,subtree_projection,ancestry_K5,5,True,0.7667864006356111,6,0.9863605534046329,0.9837620833997258,0.9848066871747148,256,0.9845616251782052,0.9979762993635439,0.9992993706385415,0.06358801078127405,0.08764332574029127
frozen_algebraic_replay,127204,nested,64,compatible,sgd,0.03,subtree_projection,ancestry_K6,6,True,0.7667864006356111,6,1.0,1.0,1.0,256,1.0,1.0,1.0000000000000002,8.334633263221303e-16,0.08764332574029127
frozen_algebraic_replay,127204,nested,64,compatible,sgd,0.03,shuffled_projection,unit_broadcast_fixed,1,False,0.8044646600240388,6,-27.776958967617997,-30.221853560540524,-30.43656222589698,256,-32.59935081139022,0.9856199954332318,0.919095574954867,1.287301369361996,0.11543813038460037
frozen_algebraic_replay,127204,nested,64,compatible,sgd,0.03,shuffled_projection,initial_mean_fixed,1,False,0.8044646600240388,6,-1.2119273405119877,-1.4289858970236278,-1.4273782378239646,256,-1.648485139138181,0.9868764802111547,0.9879850186683778,0.2967600334472204,0.11543813038460037
frozen_algebraic_replay,127204,nested,64,compatible,sgd,0.03,shuffled_projection,initial_mean_projection,1,True,0.8044646600240388,6,0.43255855114960196,0.4313870441460419,0.43396539561620495,256,0.40779828634753734,0.9913380649316577,0.9386635295840131,0.5569731682238659,0.11543813038460037
frozen_algebraic_replay,127204,nested,64,compatible,sgd,0.03,shuffled_projection,best_fixed_rank1_q,1,True,0.8044646600240388,6,0.9634774739560737,0.957780300441605,0.9590101918576117,256,0.9562684703685289,0.9877748027850082,0.9946327318798301,0.15588770984752098,0.11543813038460037
frozen_algebraic_replay,127204,nested,64,compatible,sgd,0.03,shuffled_projection,best_fixed_rank1_error,1,True,0.8044646600240388,6,0.963471298543446,0.9577769994764842,0.9590163417281936,256,0.9562780468261749,0.9877754275125549,0.9946330056223323,0.1558837405402794,0.11543813038460037
frozen_algebraic_replay,127204,nested,64,compatible,sgd,0.03,shuffled_projection,uniform_projection,1,True,0.8044646600240388,6,0.16488209334529236,0.16357402682066427,0.1632327662141695,256,0.15101739796620883,0.9745071062153918,0.8341827257783484,0.8391856201541501,0.11543813038460037
frozen_algebraic_replay,127204,nested,64,compatible,sgd,0.03,shuffled_projection,ancestry_K2,2,True,0.8044646600240388,6,0.9660374841287053,0.9600108869370148,0.9610896565731317,256,0.9577706975838114,0.9869279196966207,0.9942620903595717,0.1611676449336549,0.11543813038460037
frozen_algebraic_replay,127204,nested,64,compatible,sgd,0.03,shuffled_projection,ancestry_K3,3,True,0.8044646600240388,6,0.97540865510237,0.9713523510178512,0.9733548299865038,256,0.9710962082794496,0.9962928481505948,0.9983678326510167,0.08605868557981772,0.11543813038460037
frozen_algebraic_replay,127204,nested,64,compatible,sgd,0.03,shuffled_projection,ancestry_K4,4,True,0.8044646600240388,6,0.9794425207916629,0.9754347998476621,0.9768141536238469,256,0.9756227153873392,0.9983596542343192,0.9992776810984667,0.05725385841550374,0.11543813038460037
frozen_algebraic_replay,127204,nested,64,compatible,sgd,0.03,shuffled_projection,ancestry_K5,5,True,0.8044646600240388,6,0.983973419281396,0.9813258112709895,0.982873704591039,256,0.982637310523945,0.9986793927427625,0.9994184207091795,0.05137609707906236,0.11543813038460037
frozen_algebraic_replay,127204,nested,64,compatible,sgd,0.03,shuffled_projection,ancestry_K6,6,True,0.8044646600240388,6,1.0,1.0,1.0,256,1.0,1.0,1.0,5.491636793759222e-16,0.11543813038460037
frozen_algebraic_replay,127204,nested,64,compatible,adam,0.003,broadcast,unit_broadcast_fixed,1,False,0.8830939303166021,6,-12.194671969734426,-23.780600692897075,-12.894568006524683,256,-14.08461465718784,-0.48804085737688574,0.5655961889172428,4.354443445534931,0.2106872177137337
frozen_algebraic_replay,127204,nested,64,compatible,adam,0.003,broadcast,initial_mean_fixed,1,False,0.8830939303166021,6,0.4636353282112511,-0.36165771168390853,0.4636120681513677,256,0.45912731496319603,0.869443939822945,0.9869883050946281,0.6068707747350929,0.2106872177137337
frozen_algebraic_replay,127204,nested,64,compatible,adam,0.003,broadcast,initial_mean_projection,1,True,0.8830939303166021,6,0.7157612462200631,0.7255262325608378,0.7421701947610517,256,0.7518824523331801,0.8794532848020663,0.9917150425794448,0.47618911631583766,0.2106872177137337
frozen_algebraic_replay,127204,nested,64,compatible,adam,0.003,broadcast,best_fixed_rank1_q,1,True,0.8830939303166021,6,0.7444137168034659,0.7809106215962135,0.7318990026403234,256,0.7405851936164195,0.9052989424915794,0.9923211356417351,0.4598519650126532,0.2106872177137337
frozen_algebraic_replay,127204,nested,64,compatible,adam,0.003,broadcast,best_fixed_rank1_error,1,True,0.8830939303166021,6,0.7183557460511529,0.7292504147862165,0.7588946371423891,256,0.7689815073338184,0.9060334739410149,0.9926948989661418,0.4482967424731529,0.2106872177137337
frozen_algebraic_replay,127204,nested,64,compatible,adam,0.003,broadcast,uniform_projection,1,True,0.8830939303166021,6,0.05937077143245362,0.0750164116733466,0.04758467779022468,256,0.009542584935423037,-0.27812446635130517,0.957819677664898,1.0655105439717438,0.2106872177137337
frozen_algebraic_replay,127204,nested,64,compatible,adam,0.003,broadcast,ancestry_K2,2,True,0.8830939303166021,6,0.5820484589504087,0.6524219054046315,0.4677730856024762,256,0.4326211971575389,0.685551861220765,0.9801417123972549,0.7352570048753744,0.2106872177137337
frozen_algebraic_replay,127204,nested,64,compatible,adam,0.003,broadcast,ancestry_K3,3,True,0.8830939303166021,6,0.6812779605502424,0.7398406098380064,0.611842187775065,256,0.6006361848119608,0.8464651965543146,0.9886080228220703,0.5588301216336516,0.2106872177137337
frozen_algebraic_replay,127204,nested,64,compatible,adam,0.003,broadcast,ancestry_K4,4,True,0.8830939303166021,6,0.7110782200537755,0.7635685091494815,0.6410985078204277,256,0.6399022421106368,0.8793235306199368,0.9915993519610597,0.4796481645379086,0.2106872177137337
frozen_algebraic_replay,127204,nested,64,compatible,adam,0.003,broadcast,ancestry_K5,5,True,0.8830939303166021,6,0.7905523340861732,0.8313345133719952,0.752162619083053,256,0.7399605533282347,0.8474531986490924,0.9896765036832769,0.5312925172207452,0.2106872177137337
frozen_algebraic_replay,127204,nested,64,compatible,adam,0.003,broadcast,ancestry_K6,6,True,0.8830939303166021,6,1.0,1.0,1.0,256,1.0,0.9999999999999999,1.0,6.141252670929232e-16,0.2106872177137337
frozen_algebraic_replay,127204,nested,64,compatible,adam,0.01,exact,unit_broadcast_fixed,1,False,0.4853674037806931,6,-6.400600117659028,-8.027336032237212,-6.049292223888198,256,-5.846576159583198,0.3379997986510244,0.513949411499869,1.1475660485665686,0.09690277272375325
frozen_algebraic_replay,127204,nested,64,compatible,adam,0.01,exact,initial_mean_fixed,1,False,0.4853674037806931,6,-0.2589331566372137,-0.4312262398078075,-0.2698574674481675,256,-0.24991009280159804,0.5061875989690222,0.6714106166921384,0.8652369901603079,0.09690277272375325
frozen_algebraic_replay,127204,nested,64,compatible,adam,0.01,exact,initial_mean_projection,1,True,0.4853674037806931,6,0.4015408553372276,0.42332476181259066,0.3980999135797266,256,0.38126616100897526,0.8049443895813776,0.8212583895664282,0.7000464866231938,0.09690277272375325
frozen_algebraic_replay,127204,nested,64,compatible,adam,0.01,exact,best_fixed_rank1_q,1,True,0.4853674037806931,6,0.5128989388693665,0.4221054279348436,0.49980363930138616,256,0.504714476556408,0.5589603750455455,0.7023911351008365,0.8307505118534356,0.09690277272375325
frozen_algebraic_replay,127204,nested,64,compatible,adam,0.01,exact,best_fixed_rank1_error,1,True,0.4853674037806931,6,0.5120140350456506,0.4271471336233589,0.5003480871917003,256,0.5036195517093718,0.5886714472777534,0.7177460873701715,0.8144697087260172,0.09690277272375325
frozen_algebraic_replay,127204,nested,64,compatible,adam,0.01,exact,uniform_projection,1,True,0.4853674037806931,6,0.09419894573205934,0.08389271272858034,0.08934852400210247,256,0.0856551081547654,0.608863188647157,0.6330219263523138,0.9103065936925221,0.09690277272375325
frozen_algebraic_replay,127204,nested,64,compatible,adam,0.01,exact,ancestry_K2,2,True,0.4853674037806931,6,0.5207613827385604,0.43429356800084196,0.5046328989617486,256,0.5046944024658467,0.6170434720423825,0.7368916303456732,0.789594752244224,0.09690277272375325
frozen_algebraic_replay,127204,nested,64,compatible,adam,0.01,exact,ancestry_K3,3,True,0.4853674037806931,6,0.8157860713673208,0.7687333051734526,0.8279841946227599,256,0.8252318658438655,0.7778687013076478,0.8391756722090817,0.6410580500330613,0.09690277272375325
frozen_algebraic_replay,127204,nested,64,compatible,adam,0.01,exact,ancestry_K4,4,True,0.4853674037806931,6,0.8962463816233387,0.8513022708389726,0.9023186645276794,256,0.9136478681256975,0.9336964628284508,0.9513541110145562,0.3619762534270282,0.09690277272375325
frozen_algebraic_replay,127204,nested,64,compatible,adam,0.01,exact,ancestry_K5,5,True,0.4853674037806931,6,0.9044988964108094,0.8620066044183199,0.9131299736497355,256,0.9330125535652027,0.965417504533512,0.9746919686212779,0.2607121829653183,0.09690277272375325
frozen_algebraic_replay,127204,nested,64,compatible,adam,0.01,exact,ancestry_K6,6,True,0.4853674037806931,6,1.0,1.0,1.0,256,1.0,0.9999999999999998,0.9999999999999999,1.1376293485131014e-15,0.09690277272375325
frozen_algebraic_replay,127204,nested,64,compatible,adam,0.01,global_projection,unit_broadcast_fixed,1,False,0.7503698851210405,6,-26.155806922807816,-26.39786233166414,-27.595121295392897,256,-25.946980175619956,0.7740668121510792,0.9445174492110889,2.126731711785461,0.02936416144005776
frozen_algebraic_replay,127204,nested,64,compatible,adam,0.01,global_projection,initial_mean_fixed,1,False,0.7503698851210405,6,-1.2106571463648224,-1.232615387162753,-1.3620028468752494,256,-1.1950832222034133,0.8905412754135812,0.9945734757219611,0.6197617843122385,0.02936416144005776
frozen_algebraic_replay,127204,nested,64,compatible,adam,0.01,global_projection,initial_mean_projection,1,True,0.7503698851210405,6,0.3728056087589523,0.37206354841491884,0.3620485496524043,256,0.3830058982487924,0.9235669002070704,0.9951249492106365,0.5820360342756966,0.02936416144005776
frozen_algebraic_replay,127204,nested,64,compatible,adam,0.01,global_projection,best_fixed_rank1_q,1,True,0.7503698851210405,6,0.9909095775880151,0.9906818489342816,0.9897031919656687,256,0.9901192922618979,0.9669476032177892,0.9990622531058192,0.2550217141962084,0.02936416144005776
frozen_algebraic_replay,127204,nested,64,compatible,adam,0.01,global_projection,best_fixed_rank1_error,1,True,0.7503698851210405,6,0.990641513681797,0.9904666211863427,0.9899705489356107,256,0.9903858790560929,0.966961892100831,0.9990623225413579,0.2550134959662362,0.02936416144005776
frozen_algebraic_replay,127204,nested,64,compatible,adam,0.01,global_projection,uniform_projection,1,True,0.7503698851210405,6,0.17346641629473702,0.17267292607873846,0.1700966671297537,256,0.17587628927666443,0.7883093204265703,0.9895011806514843,0.8514988960326847,0.02936416144005776
frozen_algebraic_replay,127204,nested,64,compatible,adam,0.01,global_projection,ancestry_K2,2,True,0.7503698851210405,6,0.9867621837427771,0.9863188378460166,0.9833418189394801,256,0.9839348620379934,0.965549308765424,0.9990235681951615,0.26022511158777384,0.02936416144005776
frozen_algebraic_replay,127204,nested,64,compatible,adam,0.01,global_projection,ancestry_K3,3,True,0.7503698851210405,6,0.9894831970847845,0.9891479601692917,0.9872455981707495,256,0.98758138758202,0.9969370277638933,0.9999118047869193,0.07822574992866436,0.02936416144005776
frozen_algebraic_replay,127204,nested,64,compatible,adam,0.01,global_projection,ancestry_K4,4,True,0.7503698851210405,6,0.9904256077555171,0.9900795370468394,0.9880787999650363,256,0.9886606390769903,0.9985455793538395,0.9999581064221197,0.05391421366003977,0.02936416144005776
frozen_algebraic_replay,127204,nested,64,compatible,adam,0.01,global_projection,ancestry_K5,5,True,0.7503698851210405,6,0.9925667340098855,0.9923664764345157,0.9913509952010936,256,0.9927441897575623,0.9989097449687624,0.9999685905726476,0.04668320471994136,0.02936416144005776
frozen_algebraic_replay,127204,nested,64,compatible,adam,0.01,global_projection,ancestry_K6,6,True,0.7503698851210405,6,1.0,1.0,1.0,256,1.0,1.0,1.0,3.565072296493599e-16,0.02936416144005776
frozen_algebraic_replay,127204,nested,64,compatible,adam,0.01,shuffled_projection,unit_broadcast_fixed,1,False,0.5805472912666041,6,-9.57982348210012,-11.908602911000843,-10.167167629462606,256,-11.609847973626433,0.2923524369844118,0.7760565789687843,1.0583495125132463,0.1364199852111349
frozen_algebraic_replay,127204,nested,64,compatible,adam,0.01,shuffled_projection,initial_mean_fixed,1,False,0.5805472912666041,6,-0.30248388553365024,-0.5188574011002121,-0.45509181767365914,256,-0.6721025992751721,0.36773623436288017,0.8233702861905101,0.9304851297844258,0.1364199852111349
frozen_algebraic_replay,127204,nested,64,compatible,adam,0.01,shuffled_projection,initial_mean_projection,1,True,0.5805472912666041,6,0.41370203777194625,0.43414061454940694,0.4164858018597778,256,0.36546484716191907,0.8962779256694197,0.92504921887624,0.6397638370500885,0.1364199852111349
frozen_algebraic_replay,127204,nested,64,compatible,adam,0.01,shuffled_projection,best_fixed_rank1_q,1,True,0.5805472912666041,6,0.6969938701976167,0.6149107615466513,0.6236787013605922,256,0.5749651044375801,0.4505789186938759,0.8387427439878011,0.892784059582746,0.1364199852111349
frozen_algebraic_replay,127204,nested,64,compatible,adam,0.01,shuffled_projection,best_fixed_rank1_error,1,True,0.5805472912666041,6,0.6967520317705314,0.6146497030057917,0.6238707137169038,256,0.5753137702421868,0.452180964297999,0.8390538323283959,0.8920007158668479,0.1364199852111349
frozen_algebraic_replay,127204,nested,64,compatible,adam,0.01,shuffled_projection,uniform_projection,1,True,0.5805472912666041,6,0.12917596847988222,0.11643773225008645,0.1096751452186907,256,0.07156897485931346,0.2710787325919771,0.803794409823678,0.9754744791714004,0.1364199852111349
frozen_algebraic_replay,127204,nested,64,compatible,adam,0.01,shuffled_projection,ancestry_K2,2,True,0.5805472912666041,6,0.7084196420242719,0.6292771912234386,0.6306386823612387,256,0.5702004445894787,0.4360619585590099,0.8357925809871224,0.9002193400287317,0.1364199852111349
frozen_algebraic_replay,127204,nested,64,compatible,adam,0.01,shuffled_projection,ancestry_K3,3,True,0.5805472912666041,6,0.8409729538479435,0.7894708557043584,0.822484403067686,256,0.7989970095162,0.7817473991788428,0.9228342539529678,0.6336433276109583,0.1364199852111349
frozen_algebraic_replay,127204,nested,64,compatible,adam,0.01,shuffled_projection,ancestry_K4,4,True,0.5805472912666041,6,0.88234300981034,0.8315401146414043,0.8629970242223097,256,0.8726004061690513,0.9042654153217117,0.965454975101301,0.427331192661096,0.1364199852111349
frozen_algebraic_replay,127204,nested,64,compatible,adam,0.01,shuffled_projection,ancestry_K5,5,True,0.5805472912666041,6,0.9058765908456685,0.866480206724424,0.8961640368376087,256,0.9072621056207455,0.9330546751658895,0.9756314523497416,0.3597465570776026,0.1364199852111349
frozen_algebraic_replay,127204,nested,64,compatible,adam,0.01,shuffled_projection,ancestry_K6,6,True,0.5805472912666041,6,1.0,1.0,1.0,256,1.0,0.9999999999999998,1.0000000000000002,8.280275530745356e-16,0.1364199852111349
frozen_algebraic_replay,127204,nested,64,compatible,adam,0.03,subtree_projection,unit_broadcast_fixed,1,False,0.7633997139926623,6,-22.30601618401288,-24.54813901388362,-24.829094335670312,256,-28.166237089932054,0.2762500132692137,0.88711747558071,6.270992256855847,0.02883487831504266
frozen_algebraic_replay,127204,nested,64,compatible,adam,0.03,subtree_projection,initial_mean_fixed,1,False,0.7633997139926623,6,-1.0072768338468587,-1.1398395551017484,-1.2672747712960764,256,-1.6863895004051819,0.10489683953127595,0.9825653003872897,2.2567839821569162,0.02883487831504266
frozen_algebraic_replay,127204,nested,64,compatible,adam,0.03,subtree_projection,initial_mean_projection,1,True,0.7633997139926623,6,0.35230467500299467,0.3665430860623756,0.33722091085048667,256,0.23770606812015083,0.2121984985667742,0.9962417435656101,1.0383880132291061,0.02883487831504266
frozen_algebraic_replay,127204,nested,64,compatible,adam,0.03,subtree_projection,best_fixed_rank1_q,1,True,0.7633997139926623,6,0.9049613987204099,0.9276292456965336,0.9239897973479927,256,0.9238181150213606,0.8496005568712992,0.9990301845129583,0.5277891578522101,0.02883487831504266
frozen_algebraic_replay,127204,nested,64,compatible,adam,0.03,subtree_projection,best_fixed_rank1_error,1,True,0.7633997139926623,6,0.9011725918065684,0.9257290145911776,0.9279257527836557,256,0.927661166129319,0.8617296844175364,0.9991026586507241,0.5076946349911902,0.02883487831504266
frozen_algebraic_replay,127204,nested,64,compatible,adam,0.03,subtree_projection,uniform_projection,1,True,0.7633997139926623,6,0.1568658291981747,0.1627269610311162,0.15238158694610593,256,0.12419900469787126,0.24828231749890098,0.9965332075771797,0.9973032667701873,0.02883487831504266
frozen_algebraic_replay,127204,nested,64,compatible,adam,0.03,subtree_projection,ancestry_K2,2,True,0.7633997139926623,6,0.9091717453354926,0.9328797896564506,0.922300819815711,256,0.9142180559697513,0.7691148713920027,0.9985482052004551,0.6457100813777349,0.02883487831504266
frozen_algebraic_replay,127204,nested,64,compatible,adam,0.03,subtree_projection,ancestry_K3,3,True,0.7633997139926623,6,0.9434568650749945,0.9577277581713759,0.9511522423842571,256,0.9456566453998271,0.8223882916543712,0.9988241109179478,0.5812076237229691,0.02883487831504266
frozen_algebraic_replay,127204,nested,64,compatible,adam,0.03,subtree_projection,ancestry_K4,4,True,0.7633997139926623,6,0.9511817844936781,0.9632963241840105,0.9555560212928311,256,0.9544402688642972,0.8876136427857002,0.9992586298973479,0.4614894497312877,0.02883487831504266
frozen_algebraic_replay,127204,nested,64,compatible,adam,0.03,subtree_projection,ancestry_K5,5,True,0.7633997139926623,6,0.9629367458583686,0.9733886942494662,0.9682203911793963,256,0.9712732813758866,0.9085062902615598,0.9993876266448879,0.41944162895575154,0.02883487831504266
frozen_algebraic_replay,127204,nested,64,compatible,adam,0.03,subtree_projection,ancestry_K6,6,True,0.7633997139926623,6,1.0,1.0,1.0,256,1.0,1.0,1.0,1.1730834228128669e-15,0.02883487831504266
frozen_algebraic_replay,127204,nested,256,compatible,sgd,0.03,exact,unit_broadcast_fixed,1,False,0.5293379099914985,6,-6.435106258448285,-7.69644963422876,-6.367454957626119,256,-6.377337636288845,0.2715202115175617,0.4138736953667362,0.9687118848520773,0.12092304476449331
frozen_algebraic_replay,127204,nested,256,compatible,sgd,0.03,exact,initial_mean_fixed,1,False,0.5293379099914985,6,-0.20323596362946983,-0.34516807588968423,-0.302142692180712,256,-0.3298565356367593,0.24530894341753515,0.4015671828083018,0.9716067551911765,0.12092304476449331
frozen_algebraic_replay,127204,nested,256,compatible,sgd,0.03,exact,initial_mean_projection,1,True,0.5293379099914985,6,0.4080271123585919,0.42618789094821274,0.40733281853229175,256,0.39705255982689025,0.8670214587370333,0.8408205283489086,0.6677823290777836,0.12092304476449331
frozen_algebraic_replay,127204,nested,256,compatible,sgd,0.03,exact,best_fixed_rank1_q,1,True,0.5293379099914985,6,0.5435583837763742,0.46840612789939384,0.4890904119996393,256,0.4617728956233028,0.2679346049408505,0.41773836972239436,0.9634688036831891,0.12092304476449331
frozen_algebraic_replay,127204,nested,256,compatible,sgd,0.03,exact,best_fixed_rank1_error,1,True,0.5293379099914985,6,0.5423313978309819,0.4688892093975029,0.48936111248205005,256,0.4628130204405181,0.3079591402530442,0.43943732003779545,0.9531179691325036,0.12092304476449331
frozen_algebraic_replay,127204,nested,256,compatible,sgd,0.03,exact,uniform_projection,1,True,0.5293379099914985,6,0.10239642517710956,0.09496830192289532,0.0896155175998462,256,0.06772981404564005,0.28791902598436897,0.4143358762344233,0.966575647212621,0.12092304476449331
frozen_algebraic_replay,127204,nested,256,compatible,sgd,0.03,exact,ancestry_K2,2,True,0.5293379099914985,6,0.5566115925050067,0.4884206988261229,0.49821146445085307,256,0.4580559218257946,0.3566721613955776,0.4713901491579331,0.9359130526698677,0.12092304476449331
frozen_algebraic_replay,127204,nested,256,compatible,sgd,0.03,exact,ancestry_K3,3,True,0.5293379099914985,6,0.8114438389054612,0.7712684023577258,0.8082591247003614,256,0.7881254334651662,0.7624338274055009,0.7890789429577934,0.6642901051491118,0.12092304476449331
frozen_algebraic_replay,127204,nested,256,compatible,sgd,0.03,exact,ancestry_K4,4,True,0.5293379099914985,6,0.9036886853726943,0.8679274670747008,0.8950128287000191,256,0.9025147582255254,0.901814785216032,0.9130890901748818,0.4340111385250569,0.12092304476449331
frozen_algebraic_replay,127204,nested,256,compatible,sgd,0.03,exact,ancestry_K5,5,True,0.5293379099914985,6,0.9188287351922655,0.8878250507875105,0.9156488597631851,256,0.9267397614152963,0.9419645983487598,0.9485580810806719,0.3358632636782235,0.12092304476449331
frozen_algebraic_replay,127204,nested,256,compatible,sgd,0.03,exact,ancestry_K6,6,True,0.5293379099914985,6,1.0,1.0,1.0,256,1.0,1.0000000000000002,1.0,5.933229553260018e-16,0.12092304476449331
frozen_algebraic_replay,127204,nested,256,compatible,sgd,0.03,broadcast,unit_broadcast_fixed,1,False,0.7410573861090408,6,-18.895725581870703,-21.51598802883253,-21.939725490124978,256,-23.333962077650682,0.06276665457124592,0.48692634443666005,3.110207297717076,0.02870161291000535
frozen_algebraic_replay,127204,nested,256,compatible,sgd,0.03,broadcast,initial_mean_fixed,1,False,0.7410573861090408,6,-0.42705951962477684,-0.6478809782914194,-0.6378760116752324,256,-0.7672140276267252,0.4350132293319542,0.872493814606443,1.0634816611676827,0.02870161291000535
frozen_algebraic_replay,127204,nested,256,compatible,sgd,0.03,broadcast,initial_mean_projection,1,True,0.7410573861090408,6,0.47421106552681536,0.4740639620833667,0.48400321994653894,256,0.4686946440164026,0.8657903853982454,0.9649173912812115,0.558400325436002,0.02870161291000535
frozen_algebraic_replay,127204,nested,256,compatible,sgd,0.03,broadcast,best_fixed_rank1_q,1,True,0.7410573861090408,6,0.9478000629618767,0.9326539811532928,0.935645582157536,256,0.9329890300346374,0.49982933984476574,0.9114861573440712,0.8661587650462141,0.02870161291000535
frozen_algebraic_replay,127204,nested,256,compatible,sgd,0.03,broadcast,best_fixed_rank1_error,1,True,0.7410573861090408,6,0.9476640713141878,0.9325402041474984,0.9357775209586353,256,0.933126286597503,0.5017802070435664,0.9117239126842687,0.865049795877347,0.02870161291000535
frozen_algebraic_replay,127204,nested,256,compatible,sgd,0.03,broadcast,uniform_projection,1,True,0.7410573861090408,6,0.15607167384655607,0.15398906379506994,0.15320370410347472,256,0.1410421348985491,0.031906302319826864,0.8715253482859198,1.0333720036143588,0.02870161291000535
frozen_algebraic_replay,127204,nested,256,compatible,sgd,0.03,broadcast,ancestry_K2,2,True,0.7410573861090408,6,0.9515233927261677,0.935726339992897,0.938218306272382,256,0.933574428264102,0.4027350496640083,0.8989844843471833,0.9228198684498691,0.02870161291000535
frozen_algebraic_replay,127204,nested,256,compatible,sgd,0.03,broadcast,ancestry_K3,3,True,0.7410573861090408,6,0.9634685830322716,0.9517336856949637,0.9560644162343807,256,0.9528794688366067,0.9078435726170936,0.9797457343724155,0.4221699300756874,0.02870161291000535
frozen_algebraic_replay,127204,nested,256,compatible,sgd,0.03,broadcast,ancestry_K4,4,True,0.7410573861090408,6,0.9673522271804824,0.9558072470473151,0.9591660759687121,256,0.9570016938848539,0.9518394755578815,0.9893433386131841,0.30659948195403564,0.02870161291000535
frozen_algebraic_replay,127204,nested,256,compatible,sgd,0.03,broadcast,ancestry_K5,5,True,0.7410573861090408,6,0.9768274759723529,0.9696907143042027,0.9731467081524868,256,0.9723372502104227,0.9494847431582485,0.9888046965297318,0.31431726531277265,0.02870161291000535
frozen_algebraic_replay,127204,nested,256,compatible,sgd,0.03,broadcast,ancestry_K6,6,True,0.7410573861090408,6,1.0,1.0,1.0,256,1.0,1.0000000000000002,1.0000000000000002,9.79706913489914e-16,0.02870161291000535
frozen_algebraic_replay,127204,nested,256,compatible,sgd,0.03,global_projection,unit_broadcast_fixed,1,False,0.7823178380597321,6,-23.239533314750425,-30.03121015803838,-27.46283161485427,256,-28.900585781093536,0.9163186163269472,0.9115116167148224,1.233045781045929,0.10821067008835623
frozen_algebraic_replay,127204,nested,256,compatible,sgd,0.03,global_projection,initial_mean_fixed,1,False,0.7823178380597321,6,-0.8751016326704886,-1.5330579728366867,-1.21219769549095,256,-1.3512142160900913,0.9413638118876975,0.9441430470706859,0.38356933167682233,0.10821067008835623
frozen_algebraic_replay,127204,nested,256,compatible,sgd,0.03,global_projection,initial_mean_projection,1,True,0.7823178380597321,6,0.46688250153427113,0.4594639469789902,0.4773461935907277,256,0.45913384212187114,0.9776231137259339,0.9546270416481764,0.5328846196359316,0.10821067008835623
frozen_algebraic_replay,127204,nested,256,compatible,sgd,0.03,global_projection,best_fixed_rank1_q,1,True,0.7823178380597321,6,0.887360710672034,0.860062905163129,0.862229695781466,256,0.8542299528910353,0.9419606308364162,0.9454876137692332,0.3357242701618734,0.10821067008835623
frozen_algebraic_replay,127204,nested,256,compatible,sgd,0.03,global_projection,best_fixed_rank1_error,1,True,0.7823178380597321,6,0.8872709073130709,0.8597837941993509,0.8623132119807885,256,0.8543517813370827,0.9420319664044948,0.9455544894568526,0.3355238866603475,0.10821067008835623
frozen_algebraic_replay,127204,nested,256,compatible,sgd,0.03,global_projection,uniform_projection,1,True,0.7823178380597321,6,0.1508267038091985,0.1468150592859336,0.14530128065062886,256,0.12845728196840822,0.8471119870632466,0.656501493460016,0.8638707590207929,0.10821067008835623
frozen_algebraic_replay,127204,nested,256,compatible,sgd,0.03,global_projection,ancestry_K2,2,True,0.7823178380597321,6,0.8951074806749032,0.8670904581845292,0.8688307113563907,256,0.8583960708725954,0.9379470216451197,0.9417245253821851,0.3468301508260898,0.10821067008835623
frozen_algebraic_replay,127204,nested,256,compatible,sgd,0.03,global_projection,ancestry_K3,3,True,0.7823178380597321,6,0.9239480010462277,0.9051737826417925,0.9098821006774274,256,0.9023240676652242,0.9812130191940259,0.9823288870440385,0.1932506147674713,0.10821067008835623
frozen_algebraic_replay,127204,nested,256,compatible,sgd,0.03,global_projection,ancestry_K4,4,True,0.7823178380597321,6,0.9361518191739637,0.9177325863880437,0.9215513398293836,256,0.9165015440330464,0.9911250387150575,0.9916514183986243,0.1329344922877416,0.10821067008835623
frozen_algebraic_replay,127204,nested,256,compatible,sgd,0.03,global_projection,ancestry_K5,5,True,0.7823178380597321,6,0.9504063968547496,0.9382916149831445,0.9420281305200011,256,0.9398638844351109,0.9908918133922856,0.9914319764959206,0.13467627588812983,0.10821067008835623
frozen_algebraic_replay,127204,nested,256,compatible,sgd,0.03,global_projection,ancestry_K6,6,True,0.7823178380597321,6,1.0,1.0,1.0,256,1.0,1.0,1.0,7.039858713485655e-16,0.10821067008835623
frozen_algebraic_replay,127204,nested,256,compatible,sgd,0.03,subtree_projection,unit_broadcast_fixed,1,False,0.7318468362474941,6,-16.904240474059335,-20.987225110486627,-20.534559832540328,256,-21.485668943317265,0.23051632714563858,0.4077927797021136,1.5875467979801055,0.05299294663850076
frozen_algebraic_replay,127204,nested,256,compatible,sgd,0.03,subtree_projection,initial_mean_fixed,1,False,0.7318468362474941,6,-0.3803471123942037,-0.7866845505148363,-0.6602935211403582,256,-0.7547715042611192,0.491867366042298,0.6900626760363558,0.8796173489211809,0.05299294663850076
frozen_algebraic_replay,127204,nested,256,compatible,sgd,0.03,subtree_projection,initial_mean_projection,1,True,0.7318468362474941,6,0.4721937840482937,0.4687504267407968,0.48193901300515973,256,0.46482738148548475,0.9479126423648385,0.924827959692966,0.527291438737847,0.05299294663850076
frozen_algebraic_replay,127204,nested,256,compatible,sgd,0.03,subtree_projection,best_fixed_rank1_q,1,True,0.7318468362474941,6,0.8928119587678326,0.8455661632954802,0.8602974078040236,256,0.8528806532985799,0.4979863459315304,0.6972794208661637,0.8671867066888053,0.05299294663850076
frozen_algebraic_replay,127204,nested,256,compatible,sgd,0.03,subtree_projection,best_fixed_rank1_error,1,True,0.7318468362474941,6,0.8927068028477627,0.8453807062478141,0.8603937787539379,256,0.8529879490367542,0.4994103524082834,0.6979730695061862,0.8663707516811051,0.05299294663850076
frozen_algebraic_replay,127204,nested,256,compatible,sgd,0.03,subtree_projection,uniform_projection,1,True,0.7318468362474941,6,0.1502295804599061,0.14303387828447042,0.1446178375287448,256,0.12941293139479315,0.15016574182756234,0.5751032333672633,0.9898056482742287,0.05299294663850076
frozen_algebraic_replay,127204,nested,256,compatible,sgd,0.03,subtree_projection,ancestry_K2,2,True,0.7318468362474941,6,0.8997490259295633,0.8521098614725735,0.866259907774602,256,0.8561376623399943,0.4469930787797672,0.6715247573082331,0.897553732068559,0.05299294663850076
frozen_algebraic_replay,127204,nested,256,compatible,sgd,0.03,subtree_projection,ancestry_K3,3,True,0.7318468362474941,6,0.9280316672006337,0.8956176350371744,0.9100781012045769,256,0.9030950618486988,0.8709218283430701,0.9123491701020618,0.5003254023730562,0.05299294663850076
frozen_algebraic_replay,127204,nested,256,compatible,sgd,0.03,subtree_projection,ancestry_K4,4,True,0.7318468362474941,6,0.9400328285240989,0.9094951032789322,0.922345406753716,256,0.9182826684564225,0.9390249447649278,0.9587566884531983,0.3438806604299561,0.05299294663850076
frozen_algebraic_replay,127204,nested,256,compatible,sgd,0.03,subtree_projection,ancestry_K5,5,True,0.7318468362474941,6,0.9531865708293764,0.932043960935665,0.9426219091413238,256,0.9412896399828413,0.9374363056377396,0.9576711197197918,0.34845995616577136,0.05299294663850076
frozen_algebraic_replay,127204,nested,256,compatible,sgd,0.03,subtree_projection,ancestry_K6,6,True,0.7318468362474941,6,1.0,1.0,1.0,256,1.0,1.0,1.0,1.0859588688702585e-15,0.05299294663850076
frozen_algebraic_replay,127204,nested,256,compatible,sgd,0.03,shuffled_projection,unit_broadcast_fixed,1,False,0.7577404788544722,6,-19.009149728403898,-29.680326472902408,-22.5896028179344,256,-24.444044826319818,0.8396144671133826,0.8406382692526836,1.0355900892183805,0.12312083944585465
frozen_algebraic_replay,127204,nested,256,compatible,sgd,0.03,shuffled_projection,initial_mean_fixed,1,False,0.7577404788544722,6,-0.7084048056083827,-1.8277092836288895,-1.0251086503866778,256,-1.2228503805882873,0.8574750437179315,0.8644705734648154,0.5199812299343608,0.12312083944585465
frozen_algebraic_replay,127204,nested,256,compatible,sgd,0.03,shuffled_projection,initial_mean_projection,1,True,0.7577404788544722,6,0.45897260737148293,0.45364697466483506,0.47117287767296756,256,0.44573604170371217,0.9641353269256175,0.9479239621420521,0.5370101003160084,0.12312083944585465
frozen_algebraic_replay,127204,nested,256,compatible,sgd,0.03,shuffled_projection,best_fixed_rank1_q,1,True,0.7577404788544722,6,0.806113232978919,0.7483666733791966,0.7592478617559939,256,0.7349195230934492,0.8576578476212701,0.864808916201203,0.5142215059503004,0.12312083944585465
frozen_algebraic_replay,127204,nested,256,compatible,sgd,0.03,shuffled_projection,best_fixed_rank1_error,1,True,0.7577404788544722,6,0.8059780584115073,0.7479572906043052,0.7593639621608377,256,0.735178552079474,0.857785793248241,0.864929871885297,0.5140086674811348,0.12312083944585465
frozen_algebraic_replay,127204,nested,256,compatible,sgd,0.03,shuffled_projection,uniform_projection,1,True,0.7577404788544722,6,0.14325104547146073,0.13404673446244142,0.13305493441055227,256,0.10544686726672259,0.7497076975708413,0.6057386184984507,0.8855881438815009,0.12312083944585465
frozen_algebraic_replay,127204,nested,256,compatible,sgd,0.03,shuffled_projection,ancestry_K2,2,True,0.7577404788544722,6,0.819112580062678,0.7601127463510369,0.7703546093402831,256,0.743356514718811,0.85949685032096,0.8665476935792634,0.5111468816183997,0.12312083944585465
frozen_algebraic_replay,127204,nested,256,compatible,sgd,0.03,shuffled_projection,ancestry_K3,3,True,0.7577404788544722,6,0.8737031349568167,0.834732823195204,0.8478113106038442,256,0.8303003147590998,0.9424261217452311,0.9451572855701358,0.3359374006211169,0.12312083944585465
frozen_algebraic_replay,127204,nested,256,compatible,sgd,0.03,shuffled_projection,ancestry_K4,4,True,0.7577404788544722,6,0.8961381408543851,0.8577438684715888,0.870332609901863,256,0.8612776323928668,0.9719547557618082,0.9732790494034249,0.23517440049214794,0.12312083944585465
frozen_algebraic_replay,127204,nested,256,compatible,sgd,0.03,shuffled_projection,ancestry_K5,5,True,0.7577404788544722,6,0.9186342749271269,0.8926910699216171,0.9023290534258224,256,0.8967393831794039,0.9721168720957545,0.9734325340094376,0.23458149318006866,0.12312083944585465
frozen_algebraic_replay,127204,nested,256,compatible,sgd,0.03,shuffled_projection,ancestry_K6,6,True,0.7577404788544722,6,1.0,1.0,1.0,256,1.0,1.0000000000000002,0.9999999999999998,6.024282700179308e-16,0.12312083944585465
frozen_algebraic_replay,127204,nested,256,compatible,adam,0.003,broadcast,unit_broadcast_fixed,1,False,0.7470217053583407,6,-24.61750097742757,-27.312490702935754,-27.988368279665625,256,-30.429601520792232,0.7307396018844188,0.7452207614178787,1.4823978758520981,0.034617113018771836
frozen_algebraic_replay,127204,nested,256,compatible,adam,0.003,broadcast,initial_mean_fixed,1,False,0.7470217053583407,6,-0.9417148315600463,-1.1790487788644668,-1.21329770561763,256,-1.4609613577481722,0.770006120276329,0.8279058010628251,0.6839430907907025,0.034617113018771836
frozen_algebraic_replay,127204,nested,256,compatible,adam,0.003,broadcast,initial_mean_projection,1,True,0.7470217053583407,6,0.44337126358941037,0.4440272512401128,0.44605559851836407,256,0.4250013886446301,0.9447897184123841,0.9110430874305512,0.5597162079113653,0.034617113018771836
frozen_algebraic_replay,127204,nested,256,compatible,adam,0.003,broadcast,best_fixed_rank1_q,1,True,0.7470217053583407,6,0.9478345876676258,0.9326975667639619,0.9374316159611709,256,0.9352524840556794,0.8028064482866548,0.8573893415749485,0.5962397235889922,0.034617113018771836
frozen_algebraic_replay,127204,nested,256,compatible,adam,0.003,broadcast,best_fixed_rank1_error,1,True,0.7470217053583407,6,0.94783358652699,0.9326966952415379,0.9374325950410084,256,0.9352535699148554,0.8028214591449706,0.8573998141305191,0.5962195117211601,0.034617113018771836
frozen_algebraic_replay,127204,nested,256,compatible,adam,0.003,broadcast,uniform_projection,1,True,0.7470217053583407,6,0.16272526218935357,0.15949150675359072,0.15960148566191934,256,0.14831290077133485,0.5487878065317267,0.6357870255440311,0.9015216118595326,0.034617113018771836
frozen_algebraic_replay,127204,nested,256,compatible,adam,0.003,broadcast,ancestry_K2,2,True,0.7470217053583407,6,0.9540790586473281,0.9379204611196005,0.9416868917139724,256,0.9376471058791096,0.7887961091167781,0.8475722871900088,0.615046642650961,0.034617113018771836
frozen_algebraic_replay,127204,nested,256,compatible,adam,0.003,broadcast,ancestry_K3,3,True,0.7470217053583407,6,0.9643183005179281,0.9523692583136893,0.9573858114661618,256,0.9557392960226093,0.9749938521226948,0.9813882521299708,0.22310472164820833,0.034617113018771836
frozen_algebraic_replay,127204,nested,256,compatible,adam,0.003,broadcast,ancestry_K4,4,True,0.7470217053583407,6,0.9669583639633328,0.9554083279863761,0.959492839137297,256,0.9589851877057333,0.9850868915046004,0.9889081033192669,0.1721027047233401,0.034617113018771836
frozen_algebraic_replay,127204,nested,256,compatible,adam,0.003,broadcast,ancestry_K5,5,True,0.7470217053583407,6,0.9769705781606035,0.9697057571706914,0.974161762220938,256,0.9744648991042222,0.9876804356270252,0.9908343933223497,0.15651316309648033,0.034617113018771836
frozen_algebraic_replay,127204,nested,256,compatible,adam,0.003,broadcast,ancestry_K6,6,True,0.7470217053583407,6,1.0,1.0,1.0,256,1.0,1.0,1.0000000000000002,9.570350215577532e-16,0.034617113018771836
frozen_algebraic_replay,127204,nested,256,compatible,adam,0.01,exact,unit_broadcast_fixed,1,False,0.0017784239827609185,6,-2.2998460491356716,-3.3086154979394244,-1.8197430630302276,256,-2.740587874246183,-0.10232309649573883,0.6309524475702513,1.1500072897648428,0.05261824803987413
frozen_algebraic_replay,127204,nested,256,compatible,adam,0.01,exact,initial_mean_fixed,1,False,0.0017784239827609185,6,-0.08937936413704706,-0.22111459410195072,-0.007404692835693671,256,-0.06995723357167649,0.5161239102001144,0.7734773542478884,0.9209747041470573,0.05261824803987413
frozen_algebraic_replay,127204,nested,256,compatible,adam,0.01,exact,initial_mean_projection,1,True,0.0017784239827609185,6,0.24537560803196412,0.22685154449954997,0.18296346342706726,256,0.1380747160211956,0.5245838226204745,0.7832680805736524,0.9038018174121865,0.05261824803987413
frozen_algebraic_replay,127204,nested,256,compatible,adam,0.01,exact,best_fixed_rank1_q,1,True,0.0017784239827609185,6,0.33744087270195067,0.24842428483886989,0.3707019825872724,256,0.298499309836863,0.4227734609259138,0.7807407720936308,0.9062361837474694,0.05261824803987413
frozen_algebraic_replay,127204,nested,256,compatible,adam,0.01,exact,best_fixed_rank1_error,1,True,0.0017784239827609185,6,0.3021081316348663,0.2231835515984183,0.4429590410302944,256,0.3674460035370828,0.6105947283494904,0.8307152132288793,0.8100679784529048,0.05261824803987413
frozen_algebraic_replay,127204,nested,256,compatible,adam,0.01,exact,uniform_projection,1,True,0.0017784239827609185,6,0.17237994116876854,0.17467757609166346,0.2150114087102919,256,0.009223201488928634,0.31820695953818506,0.7532489172913753,0.9549213880471433,0.05261824803987413
frozen_algebraic_replay,127204,nested,256,compatible,adam,0.01,exact,ancestry_K2,2,True,0.0017784239827609185,6,0.4766964573148045,0.408231229763909,0.5456494343242694,256,0.3092863404849334,0.5437107139895662,0.8132949118615372,0.8456043619006476,0.05261824803987413
frozen_algebraic_replay,127204,nested,256,compatible,adam,0.01,exact,ancestry_K3,3,True,0.0017784239827609185,6,0.6891215663664847,0.6277779690393364,0.7331898967497672,256,0.41169449460963026,0.6328504974798949,0.8413343353723859,0.7892631750191998,0.05261824803987413
frozen_algebraic_replay,127204,nested,256,compatible,adam,0.01,exact,ancestry_K4,4,True,0.0017784239827609185,6,0.7896327699848618,0.7603686869483632,0.8588111974596888,256,0.8867990456882276,0.9675463446368842,0.9846900402958623,0.2529078276212553,0.05261824803987413
frozen_algebraic_replay,127204,nested,256,compatible,adam,0.01,exact,ancestry_K5,5,True,0.0017784239827609185,6,0.8544741466634178,0.8271149636340673,0.902462648729892,256,0.9259165109472548,0.9759736047534481,0.9885791616654273,0.2191214592399485,0.05261824803987413
frozen_algebraic_replay,127204,nested,256,compatible,adam,0.01,exact,ancestry_K6,6,True,0.0017784239827609185,6,1.0,1.0,1.0,256,1.0,1.0,1.0000000000000002,8.290150952971101e-16,0.05261824803987413
frozen_algebraic_replay,127204,nested,256,compatible,adam,0.01,global_projection,unit_broadcast_fixed,1,False,0.7507434156239287,6,-25.327533107520697,-25.33294419525378,-25.55802754610066,256,-24.044382604985167,0.5117067656405221,0.6397721807020235,3.8737216125843603,0.011877335903880569
frozen_algebraic_replay,127204,nested,256,compatible,adam,0.01,global_projection,initial_mean_fixed,1,False,0.7507434156239287,6,-0.9027210112584123,-0.9030825857596766,-0.9174639381852121,256,-0.7822679634997789,0.7624037947966483,0.939557224859281,1.039938693076257,0.011877335903880569
frozen_algebraic_replay,127204,nested,256,compatible,adam,0.01,global_projection,initial_mean_projection,1,True,0.7507434156239287,6,0.4487337952072499,0.44875742049046374,0.449955528779843,256,0.4679696042243836,0.7703179984364733,0.9707999066360092,0.6667769792205228,0.011877335903880569
frozen_algebraic_replay,127204,nested,256,compatible,adam,0.01,global_projection,best_fixed_rank1_q,1,True,0.7507434156239287,6,0.9998002212502712,0.9997992623106229,0.9997602496428184,256,0.9997686255906453,0.9927018273088477,0.9990545261291128,0.12059470207589064,0.011877335903880569
frozen_algebraic_replay,127204,nested,256,compatible,adam,0.01,global_projection,best_fixed_rank1_error,1,True,0.7507434156239287,6,0.9997971066248025,0.9997962703758481,0.9997633639869489,256,0.9997717400267019,0.9926986416935826,0.9990541147395211,0.12062092319333073,0.011877335903880569
frozen_algebraic_replay,127204,nested,256,compatible,adam,0.01,global_projection,uniform_projection,1,True,0.7507434156239287,6,0.1662505779732043,0.16625631081797848,0.16642658110985886,256,0.17523354016068404,0.5135631933667735,0.9484499232974383,0.8794445257151451,0.011877335903880569
frozen_algebraic_replay,127204,nested,256,compatible,adam,0.01,global_projection,ancestry_K2,2,True,0.7507434156239287,6,0.9997752953749817,0.9997738798457798,0.9997132707139805,256,0.9997202168268202,0.9932872756815402,0.9991301296882742,0.11567502540830818,0.011877335903880569
frozen_algebraic_replay,127204,nested,256,compatible,adam,0.01,global_projection,ancestry_K3,3,True,0.7507434156239287,6,0.9998404256330079,0.999839584987648,0.9998063241436589,256,0.9998110030757715,0.9999970027055094,0.9999996104648767,0.0024483833334133275,0.011877335903880569
frozen_algebraic_replay,127204,nested,256,compatible,adam,0.01,global_projection,ancestry_K4,4,True,0.7507434156239287,6,0.9998588774697548,0.9998579626450896,0.9998210397151723,256,0.999828470255048,0.9999976774587854,0.9999996981572659,0.002155244138716754,0.011877335903880569
frozen_algebraic_replay,127204,nested,256,compatible,adam,0.01,global_projection,ancestry_K5,5,True,0.7507434156239287,6,0.9998925533713069,0.999892083245064,0.9998741574393168,256,0.9998891777196215,0.999998088198405,0.999999751537888,0.0019554026537043244,0.011877335903880569
frozen_algebraic_replay,127204,nested,256,compatible,adam,0.01,global_projection,ancestry_K6,6,True,0.7507434156239287,6,1.0,1.0,1.0,256,1.0,1.0,0.9999999999999998,1.4170319855237134e-15,0.011877335903880569
frozen_algebraic_replay,127204,nested,256,compatible,adam,0.01,shuffled_projection,unit_broadcast_fixed,1,False,0.21043863660568152,6,-6.594214832545458,-11.3416277997331,-4.668448917874563,256,-30.556795367742293,-0.5656097112941806,0.5196526418217848,1.1303613562502286,0.7670636922377212
frozen_algebraic_replay,127204,nested,256,compatible,adam,0.01,shuffled_projection,initial_mean_fixed,1,False,0.21043863660568152,6,-0.2659172129482692,-0.8888163346126631,0.2433326375035051,256,-2.661411690651595,0.576139768636314,0.6768282890202869,0.9616166978986778,0.7670636922377212
frozen_algebraic_replay,127204,nested,256,compatible,adam,0.01,shuffled_projection,initial_mean_projection,1,True,0.21043863660568152,6,0.37023974728478437,0.3479863699585187,0.37279796480957184,256,-0.8803605298716202,0.9738603132872636,0.8156940044989096,0.7798764598138939,0.7670636922377212
frozen_algebraic_replay,127204,nested,256,compatible,adam,0.01,shuffled_projection,best_fixed_rank1_q,1,True,0.21043863660568152,6,0.6952471680663519,0.5871109248890412,0.8192258896679068,256,0.19156399097772936,0.08895611491000167,0.6461460417577274,0.9960364300013308,0.7670636922377212
frozen_algebraic_replay,127204,nested,256,compatible,adam,0.01,shuffled_projection,best_fixed_rank1_error,1,True,0.21043863660568152,6,0.6945702370069846,0.5865948666739551,0.8200533729135492,256,0.18945614786966802,0.08669020531432915,0.6459643071409249,0.9962371868253805,0.7670636922377212
frozen_algebraic_replay,127204,nested,256,compatible,adam,0.01,shuffled_projection,uniform_projection,1,True,0.21043863660568152,6,0.1601491275267657,0.14385893633670438,0.1478483448887452,256,-0.6871872327087458,-0.8052186321922986,0.5323709398574341,1.1156126011633,0.7670636922377212
frozen_algebraic_replay,127204,nested,256,compatible,adam,0.01,shuffled_projection,ancestry_K2,2,True,0.21043863660568152,6,0.7485478101825314,0.6422750250171787,0.8375561716563569,256,0.03627098875923129,-0.638394937405913,0.5280066558609221,1.1209437537397995,0.7670636922377212
frozen_algebraic_replay,127204,nested,256,compatible,adam,0.01,shuffled_projection,ancestry_K3,3,True,0.21043863660568152,6,0.8964107411653475,0.8409725374266646,0.9597623431005056,256,0.35581325145239573,0.6633436726032313,0.7354079044427909,0.8901823615149196,0.7670636922377212
frozen_algebraic_replay,127204,nested,256,compatible,adam,0.01,shuffled_projection,ancestry_K4,4,True,0.21043863660568152,6,0.9207583921488945,0.8789428710915577,0.9891514395485248,256,0.9964777434238598,0.9986797122929505,0.9992243266085827,0.05142501733107692,0.7670636922377212
frozen_algebraic_replay,127204,nested,256,compatible,adam,0.01,shuffled_projection,ancestry_K5,5,True,0.21043863660568152,6,0.9703637945457052,0.930492849437242,0.9969240642703372,256,0.9985611652231805,0.9994190724432568,0.9996589541139423,0.03408113595956787,0.7670636922377212
frozen_algebraic_replay,127204,nested,256,compatible,adam,0.01,shuffled_projection,ancestry_K6,6,True,0.21043863660568152,6,1.0,1.0,1.0,256,1.0,1.0,1.0000000000000002,3.440954680688484e-16,0.7670636922377212
frozen_algebraic_replay,127204,nested,256,compatible,adam,0.03,subtree_projection,unit_broadcast_fixed,1,False,0.7407553936888118,6,-10.640308872966708,-13.116808010095179,-12.649891930477873,256,-28.5851800018166,-3.427465958278522e-05,0.26219763551429304,4.152358295405308,0.08835582775381211
frozen_algebraic_replay,127204,nested,256,compatible,adam,0.03,subtree_projection,initial_mean_fixed,1,False,0.7407553936888118,6,-0.10609397809436771,-0.16566078027278852,-0.13597479505154175,256,-1.5515960605621721,0.5461403070020601,0.8099362309074348,1.1223084421520588,0.08835582775381211
frozen_algebraic_replay,127204,nested,256,compatible,adam,0.03,subtree_projection,initial_mean_projection,1,True,0.7407553936888118,6,0.3560070265470995,0.3931399446923806,0.39896104777432806,256,-0.01922739355482528,0.5761696622385278,0.8496610144194522,0.9418531374424408,0.08835582775381211
frozen_algebraic_replay,127204,nested,256,compatible,adam,0.03,subtree_projection,best_fixed_rank1_q,1,True,0.7407553936888118,6,0.7618360363783716,0.8545192674879247,0.8357207980999801,256,0.8175185657535695,0.5737507023051504,0.8768905907103752,0.8190299947805477,0.08835582775381211
frozen_algebraic_replay,127204,nested,256,compatible,adam,0.03,subtree_projection,best_fixed_rank1_error,1,True,0.7407553936888118,6,0.7614839726968767,0.8546018729030629,0.8361225434517274,256,0.8179467024365057,0.5850282036455691,0.8794515775534968,0.8110201024310056,0.08835582775381211
frozen_algebraic_replay,127204,nested,256,compatible,adam,0.03,subtree_projection,uniform_projection,1,True,0.7407553936888118,6,0.16775364302147733,0.16279187866076206,0.16262795761029392,256,-0.11551133136107006,-0.020114704745486957,0.7095208203886333,1.2515380365502908,0.08835582775381211
frozen_algebraic_replay,127204,nested,256,compatible,adam,0.03,subtree_projection,ancestry_K2,2,True,0.7407553936888118,6,0.8172500780796588,0.8800028934632713,0.8633773122416906,256,0.581850794552027,0.35736108298972946,0.7986208269893889,1.0585224637743582,0.08835582775381211
frozen_algebraic_replay,127204,nested,256,compatible,adam,0.03,subtree_projection,ancestry_K3,3,True,0.7407553936888118,6,0.9391888031688482,0.9526885879760881,0.9070632744057548,256,0.7478185866055436,0.2301412254237536,0.7130854212274155,1.321078100934897,0.08835582775381211
frozen_algebraic_replay,127204,nested,256,compatible,adam,0.03,subtree_projection,ancestry_K4,4,True,0.7407553936888118,6,0.9470757417284051,0.9604432409213566,0.9175262893721639,256,0.752307138291106,0.15080106381693043,0.6354370335094913,1.5756162431813185,0.08835582775381211
frozen_algebraic_replay,127204,nested,256,compatible,adam,0.03,subtree_projection,ancestry_K5,5,True,0.7407553936888118,6,0.9550799043598263,0.9678991583055414,0.9325975653298653,256,0.6355930260569262,0.05836676577393456,0.5126254796869895,2.0447913685850096,0.08835582775381211
frozen_algebraic_replay,127204,nested,256,compatible,adam,0.03,subtree_projection,ancestry_K6,6,True,0.7407553936888118,6,1.0,1.0,1.0,256,1.0,1.0000000000000002,1.0,1.0054621852976281e-15,0.08835582775381211
frozen_algebraic_replay,127204,nested,1024,compatible,sgd,0.03,exact,unit_broadcast_fixed,1,False,0.0011502553391617098,6,-2.1278034672261845,-3.3426109669559922,-2.0410733228150924,256,-2.551620623418954,0.0023085092313898984,0.31625189398531955,1.1914142337447122,0.019688008537898535
frozen_algebraic_replay,127204,nested,1024,compatible,sgd,0.03,exact,initial_mean_fixed,1,False,0.0011502553391617098,6,-0.07066634059296195,-0.21278780002183117,-0.1268386160582855,256,-0.200184201861203,-0.17198548287494775,0.3840865883288159,1.068694036277668,0.019688008537898535
frozen_algebraic_replay,127204,nested,1024,compatible,sgd,0.03,exact,initial_mean_projection,1,True,0.0011502553391617098,6,0.25955888246797865,0.23897998763480444,0.2531673447734164,256,0.1838534085130651,0.5831410295017713,0.6759646321033345,0.852720515601082,0.019688008537898535
frozen_algebraic_replay,127204,nested,1024,compatible,sgd,0.03,exact,best_fixed_rank1_q,1,True,0.0011502553391617098,6,0.37110247486272796,0.2716003673490792,0.3383888658997529,256,0.2555264770355874,0.2302804121292731,0.525079115656401,0.9731243159789231,0.019688008537898535
frozen_algebraic_replay,127204,nested,1024,compatible,sgd,0.03,exact,best_fixed_rank1_error,1,True,0.0011502553391617098,6,0.36636259933572246,0.2706691880469694,0.34252082166325826,256,0.25973771056569495,0.285441597992031,0.5441366169679964,0.9595133066944094,0.019688008537898535
frozen_algebraic_replay,127204,nested,1024,compatible,sgd,0.03,exact,uniform_projection,1,True,0.0011502553391617098,6,0.15576274737656504,0.15569448285652537,0.20383852697257976,256,0.11687947738774396,0.6249333338686996,0.6825134281279644,0.8500095411011733,0.019688008537898535
frozen_algebraic_replay,127204,nested,1024,compatible,sgd,0.03,exact,ancestry_K2,2,True,0.0011502553391617098,6,0.4838160769349418,0.4041447380468002,0.5118245422645185,256,0.3623675558908016,0.6703911040463599,0.7374347450496452,0.7879917179637324,0.019688008537898535
frozen_algebraic_replay,127204,nested,1024,compatible,sgd,0.03,exact,ancestry_K3,3,True,0.0011502553391617098,6,0.7289340374028392,0.6536057671459382,0.7551943652255222,256,0.5345415545231842,0.8089389970188176,0.8483623593341219,0.6249748484480457,0.019688008537898535
frozen_algebraic_replay,127204,nested,1024,compatible,sgd,0.03,exact,ancestry_K4,4,True,0.0011502553391617098,6,0.8439134333111434,0.8220713819346678,0.8814023101713236,256,0.9065319329677274,0.9007713435972154,0.9212117977154659,0.463100252690289,0.019688008537898535
frozen_algebraic_replay,127204,nested,1024,compatible,sgd,0.03,exact,ancestry_K5,5,True,0.0011502553391617098,6,0.9011219907815319,0.8774300056237397,0.933156580203342,256,0.9458347884042678,0.9559033645285339,0.9661768695463547,0.298013020343845,0.019688008537898535
frozen_algebraic_replay,127204,nested,1024,compatible,sgd,0.03,exact,ancestry_K6,6,True,0.0011502553391617098,6,1.0,1.0,1.0,256,1.0,1.0,1.0,7.352210345266475e-16,0.019688008537898535
frozen_algebraic_replay,127204,nested,1024,compatible,sgd,0.03,broadcast,unit_broadcast_fixed,1,False,0.7477088419067452,6,-20.210870569554814,-20.930266711139204,-21.779123381030445,256,-21.491021091474114,0.20792208703407938,0.7125736353170086,3.855813832826991,0.018333934279672948
frozen_algebraic_replay,127204,nested,1024,compatible,sgd,0.03,broadcast,initial_mean_fixed,1,False,0.7477088419067452,6,-0.4192534779863215,-0.46871986928522846,-0.5033146804877151,256,-0.48377675076627513,0.6340091215051945,0.9632603346396341,1.0975289260400207,0.018333934279672948
frozen_algebraic_replay,127204,nested,1024,compatible,sgd,0.03,broadcast,initial_mean_projection,1,True,0.7477088419067452,6,0.49461007573164195,0.49608324713069235,0.5055368122317726,256,0.5066042756202253,0.7664828030026699,0.9864934879703775,0.6491190698215075,0.018333934279672948
frozen_algebraic_replay,127204,nested,1024,compatible,sgd,0.03,broadcast,best_fixed_rank1_q,1,True,0.7477088419067452,6,0.9810028402946955,0.9799801848927777,0.9803643144724764,256,0.9805679116906417,0.8025836865655328,0.9885927579716901,0.5966784518811915,0.018333934279672948
frozen_algebraic_replay,127204,nested,1024,compatible,sgd,0.03,broadcast,best_fixed_rank1_error,1,True,0.7477088419067452,6,0.9806713648178729,0.9797702692692901,0.980695108114742,256,0.9808972406939621,0.8035861872877461,0.9886429693499051,0.5953731786584766,0.018333934279672948
frozen_algebraic_replay,127204,nested,1024,compatible,sgd,0.03,broadcast,uniform_projection,1,True,0.7477088419067452,6,0.15959855081270302,0.1590269246597319,0.15501005332710027,256,0.1534902231405505,0.11273106568662912,0.9661218170204638,1.0226843130978458,0.018333934279672948
frozen_algebraic_replay,127204,nested,1024,compatible,sgd,0.03,broadcast,ancestry_K2,2,True,0.7477088419067452,6,0.979686192906225,0.9784394249280928,0.9781563745649561,256,0.9770135455155229,0.7447753894042887,0.9856171336104272,0.6695835054537485,0.018333934279672948
frozen_algebraic_replay,127204,nested,1024,compatible,sgd,0.03,broadcast,ancestry_K3,3,True,0.7477088419067452,6,0.9837957715701565,0.9828272942246654,0.9837074784053509,256,0.982403850497623,0.9597672250426443,0.9974848108206715,0.2808022258854389,0.018333934279672948
frozen_algebraic_replay,127204,nested,1024,compatible,sgd,0.03,broadcast,ancestry_K4,4,True,0.7477088419067452,6,0.9859788521120061,0.9848504732996122,0.9850957587580835,256,0.9844536672726397,0.9808986201480437,0.9987932281618574,0.19457028000368554,0.018333934279672948
frozen_algebraic_replay,127204,nested,1024,compatible,sgd,0.03,broadcast,ancestry_K5,5,True,0.7477088419067452,6,0.9901779736924422,0.9895570176925937,0.9900433200124787,256,0.9904217485663191,0.9822050719325436,0.9988742984482581,0.18792922060779285,0.018333934279672948
frozen_algebraic_replay,127204,nested,1024,compatible,sgd,0.03,broadcast,ancestry_K6,6,True,0.7477088419067452,6,1.0,1.0,1.0,256,1.0,1.0,0.9999999999999999,9.324572835970447e-16,0.018333934279672948
frozen_algebraic_replay,127204,nested,1024,compatible,sgd,0.03,global_projection,unit_broadcast_fixed,1,False,0.7417005976853961,6,-18.829257237348106,-22.64900244559273,-22.610940504287658,256,-22.914993701456922,0.7036895332702677,0.723022737351775,1.135085608269052,0.06640406761905651
frozen_algebraic_replay,127204,nested,1024,compatible,sgd,0.03,global_projection,initial_mean_fixed,1,False,0.7417005976853961,6,-0.5411252624636926,-0.9113573990032663,-0.8418791749446375,256,-0.8743103765280396,0.7772580827924868,0.8093300587529395,0.6326750700045924,0.06640406761905651
frozen_algebraic_replay,127204,nested,1024,compatible,sgd,0.03,global_projection,initial_mean_projection,1,True,0.7417005976853961,6,0.46283913957682965,0.46030246613943654,0.4733267352729926,256,0.4624791179408053,0.9653644431541812,0.9372918551488915,0.5177545381342458,0.06640406761905651
frozen_algebraic_replay,127204,nested,1024,compatible,sgd,0.03,global_projection,best_fixed_rank1_q,1,True,0.7417005976853961,6,0.8880546349270526,0.8511801891933911,0.855166946136781,256,0.8521504845372114,0.7694886719668667,0.8032613144001564,0.6386619666819556,0.06640406761905651
frozen_algebraic_replay,127204,nested,1024,compatible,sgd,0.03,global_projection,best_fixed_rank1_error,1,True,0.7417005976853961,6,0.887976761208993,0.8510170403418738,0.8552377800313964,256,0.8522339287547813,0.7698115830468509,0.8035303071681528,0.6382732190867441,0.06640406761905651
frozen_algebraic_replay,127204,nested,1024,compatible,sgd,0.03,global_projection,uniform_projection,1,True,0.7417005976853961,6,0.1509892106333045,0.14508969411920475,0.14460421422666325,256,0.13307621229465438,0.5086898458723564,0.5109089653435414,0.9310427042546096,0.06640406761905651
frozen_algebraic_replay,127204,nested,1024,compatible,sgd,0.03,global_projection,ancestry_K2,2,True,0.7417005976853961,6,0.8946234022793014,0.8573971921078546,0.8606059414590191,256,0.8532014281624704,0.7454683584091454,0.7832180448394042,0.667178210998283,0.06640406761905651
frozen_algebraic_replay,127204,nested,1024,compatible,sgd,0.03,global_projection,ancestry_K3,3,True,0.7417005976853961,6,0.9246250443148956,0.8996670824132182,0.9064947232964098,256,0.8997808107191327,0.9309419289191181,0.9401572640472738,0.36639888332704923,0.06640406761905651
frozen_algebraic_replay,127204,nested,1024,compatible,sgd,0.03,global_projection,ancestry_K4,4,True,0.7417005976853961,6,0.9376430399894835,0.9137624280310347,0.9194965043127825,256,0.9152126562405001,0.9656952136714159,0.9702310706800404,0.25968146738454895,0.06640406761905651
frozen_algebraic_replay,127204,nested,1024,compatible,sgd,0.03,global_projection,ancestry_K5,5,True,0.7417005976853961,6,0.9509809165378749,0.9345049332171781,0.9397660470497795,256,0.939946984835615,0.9657107470799267,0.9702403113071024,0.25975633568070355,0.06640406761905651
frozen_algebraic_replay,127204,nested,1024,compatible,sgd,0.03,global_projection,ancestry_K6,6,True,0.7417005976853961,6,1.0,1.0,1.0,256,1.0,1.0000000000000002,1.0,6.369553727397626e-16,0.06640406761905651
frozen_algebraic_replay,127204,nested,1024,compatible,sgd,0.03,subtree_projection,unit_broadcast_fixed,1,False,0.7327580882086997,6,-16.65958004439268,-19.949696955071097,-20.095430821271457,256,-20.584282075213274,-0.050339397948266945,0.31188439967428505,1.3777619283729794,0.043350071677020326
frozen_algebraic_replay,127204,nested,1024,compatible,sgd,0.03,subtree_projection,initial_mean_fixed,1,False,0.7327580882086997,6,-0.34510433759852877,-0.6526252640799063,-0.6052974138546388,256,-0.6550132369019053,0.3884257918850842,0.6509444143635127,0.9216490337236007,0.043350071677020326
frozen_algebraic_replay,127204,nested,1024,compatible,sgd,0.03,subtree_projection,initial_mean_projection,1,True,0.7327580882086997,6,0.4689616667397445,0.4672678545494493,0.47756720084233073,256,0.4641695947077268,0.9527954387135443,0.9224725256691346,0.5378858687694092,0.043350071677020326
frozen_algebraic_replay,127204,nested,1024,compatible,sgd,0.03,subtree_projection,best_fixed_rank1_q,1,True,0.7327580882086997,6,0.9083852193591401,0.8731688663463746,0.8801271577336007,256,0.876572412568172,0.2900044142028617,0.6152544131071545,0.9570715918048113,0.043350071677020326
frozen_algebraic_replay,127204,nested,1024,compatible,sgd,0.03,subtree_projection,best_fixed_rank1_error,1,True,0.7327580882086997,6,0.9083119197316003,0.8730596284163783,0.8801952564641694,256,0.8766428768714034,0.2924560298284133,0.6160086843335326,0.956361295750197,0.043350071677020326
frozen_algebraic_replay,127204,nested,1024,compatible,sgd,0.03,subtree_projection,uniform_projection,1,True,0.7327580882086997,6,0.15225693058798628,0.14679291439712142,0.14716681280073907,256,0.1354545873422286,-0.18380464687903925,0.5207278772569601,1.0390230698219947,0.043350071677020326
frozen_algebraic_replay,127204,nested,1024,compatible,sgd,0.03,subtree_projection,ancestry_K2,2,True,0.7327580882086997,6,0.9135218695583741,0.8779604355495566,0.8841110940269857,256,0.8774410084217344,0.13656549552096373,0.56178823027137,1.0072761818166744,0.043350071677020326
frozen_algebraic_replay,127204,nested,1024,compatible,sgd,0.03,subtree_projection,ancestry_K3,3,True,0.7327580882086997,6,0.9395744158576842,0.9164160560089409,0.9245780950629982,256,0.919407471694862,0.8609951353757269,0.9068746848829882,0.5153832726480715,0.043350071677020326
frozen_algebraic_replay,127204,nested,1024,compatible,sgd,0.03,subtree_projection,ancestry_K4,4,True,0.7327580882086997,6,0.9501363216363032,0.9283112784399206,0.9352943413948261,256,0.9319747772753602,0.9309876221470195,0.9537218968514486,0.3650508601990334,0.043350071677020326
frozen_algebraic_replay,127204,nested,1024,compatible,sgd,0.03,subtree_projection,ancestry_K5,5,True,0.7327580882086997,6,0.960775679308112,0.9456152466636419,0.9517984397750993,256,0.9515039092633345,0.9305413310461347,0.9533930666713096,0.3665561658904851,0.043350071677020326
frozen_algebraic_replay,127204,nested,1024,compatible,sgd,0.03,subtree_projection,ancestry_K6,6,True,0.7327580882086997,6,1.0,1.0,1.0,256,1.0,0.9999999999999998,0.9999999999999999,5.710973320963627e-16,0.043350071677020326
frozen_algebraic_replay,127204,nested,1024,compatible,sgd,0.03,shuffled_projection,unit_broadcast_fixed,1,False,0.5731085784028227,6,-8.540873665367293,-10.387956915776286,-7.911851294225283,256,-9.975054115376976,0.20975336875880257,0.4401086982175993,1.0487000587264501,0.1473909770899439
frozen_algebraic_replay,127204,nested,1024,compatible,sgd,0.03,shuffled_projection,initial_mean_fixed,1,False,0.5731085784028227,6,-0.3103913287549682,-0.4681592758755846,-0.401050864814281,256,-0.6930617217599029,0.2459021633090279,0.5057603224079689,0.9692987571331605,0.1473909770899439
frozen_algebraic_replay,127204,nested,1024,compatible,sgd,0.03,shuffled_projection,initial_mean_projection,1,True,0.5731085784028227,6,0.4058717072602135,0.41850385968614756,0.41232293865522085,256,0.3008001382350679,0.8675383527511469,0.8397707348232624,0.6734011620658913,0.1473909770899439
frozen_algebraic_replay,127204,nested,1024,compatible,sgd,0.03,shuffled_projection,best_fixed_rank1_q,1,True,0.5731085784028227,6,0.6462693405745719,0.5876821692304585,0.5975258272525324,256,0.5259571115231714,0.32207930775652704,0.5385804249191937,0.9467141753818734,0.1473909770899439
frozen_algebraic_replay,127204,nested,1024,compatible,sgd,0.03,shuffled_projection,best_fixed_rank1_error,1,True,0.5731085784028227,6,0.6461443798076114,0.5875843091287951,0.5976300605484447,256,0.5260077982500938,0.32391628057236443,0.5394533792564441,0.9460861976207126,0.1473909770899439
frozen_algebraic_replay,127204,nested,1024,compatible,sgd,0.03,shuffled_projection,uniform_projection,1,True,0.5731085784028227,6,0.12374244817417512,0.12010195116904068,0.10760329836306437,256,0.02697139146399785,0.03421447070439992,0.44592822817986133,1.0062421108364519,0.1473909770899439
frozen_algebraic_replay,127204,nested,1024,compatible,sgd,0.03,shuffled_projection,ancestry_K2,2,True,0.5731085784028227,6,0.6641898975031981,0.6137999745573095,0.608088514846395,256,0.5010355365106929,0.2755792782498653,0.5144448529051312,0.9645830315565387,0.1473909770899439
frozen_algebraic_replay,127204,nested,1024,compatible,sgd,0.03,shuffled_projection,ancestry_K3,3,True,0.5731085784028227,6,0.7843325865484996,0.7479675595053401,0.7571921243561975,256,0.7025233385126322,0.48689169817225975,0.6279926773107084,0.8750796531070061,0.1473909770899439
frozen_algebraic_replay,127204,nested,1024,compatible,sgd,0.03,shuffled_projection,ancestry_K4,4,True,0.5731085784028227,6,0.8275549433059809,0.7894433953397213,0.7979735163991242,256,0.8050867675568283,0.7122613529492089,0.780861742772528,0.701917473750489,0.1473909770899439
frozen_algebraic_replay,127204,nested,1024,compatible,sgd,0.03,shuffled_projection,ancestry_K5,5,True,0.5731085784028227,6,0.8632650047822059,0.8359154865612216,0.8434941705877889,256,0.8536848726850598,0.8026329077603236,0.8470920676859232,0.5989698768586417,0.1473909770899439
frozen_algebraic_replay,127204,nested,1024,compatible,sgd,0.03,shuffled_projection,ancestry_K6,6,True,0.5731085784028227,6,1.0,1.0,1.0,256,1.0,0.9999999999999999,1.0,8.111219635993768e-16,0.1473909770899439
frozen_algebraic_replay,127204,nested,1024,compatible,adam,0.003,broadcast,unit_broadcast_fixed,1,False,0.7492913731054348,6,-25.681006770255767,-25.852555588764897,-26.423120221522638,256,-26.581296329270906,0.7277645218969627,0.9520367303931024,2.0372319050113834,0.012452381127432589
frozen_algebraic_replay,127204,nested,1024,compatible,adam,0.003,broadcast,initial_mean_fixed,1,False,0.7492913731054348,6,-0.9048159446745616,-0.9175538665893512,-0.9556974202692952,256,-0.9835634480749258,0.8860157915573232,0.995450424515219,0.5927255740081686,0.012452381127432589
frozen_algebraic_replay,127204,nested,1024,compatible,adam,0.003,broadcast,initial_mean_projection,1,True,0.7492913731054348,6,0.459143072061178,0.45951439001118394,0.4614820340549963,256,0.4596505061470252,0.9285098119471861,0.9956738445583471,0.5745088780739711,0.012452381127432589
frozen_algebraic_replay,127204,nested,1024,compatible,adam,0.003,broadcast,best_fixed_rank1_q,1,True,0.7492913731054348,6,0.9957432478762079,0.9955597837062609,0.9956946534941675,256,0.9957164503393791,0.9384023188570385,0.9984312634172496,0.3455455573043679,0.012452381127432589
frozen_algebraic_replay,127204,nested,1024,compatible,adam,0.003,broadcast,best_fixed_rank1_error,1,True,0.7492913731054348,6,0.99573069355523,0.995549879064477,0.9957072000163106,256,0.9957290111448129,0.9384307344677986,0.9984319612548114,0.3454687616076292,0.012452381127432589
frozen_algebraic_replay,127204,nested,1024,compatible,adam,0.003,broadcast,uniform_projection,1,True,0.7492913731054348,6,0.16463054378390118,0.16478396176453963,0.1641105683668077,256,0.16374311077377512,0.6838023931310385,0.9898179757073364,0.8785733467040409,0.012452381127432589
frozen_algebraic_replay,127204,nested,1024,compatible,adam,0.003,broadcast,ancestry_K2,2,True,0.7492913731054348,6,0.9958979001603016,0.9956801692247587,0.9956317673600474,256,0.9954903845865558,0.9268401831596066,0.9981457318363679,0.37565649114561267,0.012452381127432589
frozen_algebraic_replay,127204,nested,1024,compatible,adam,0.003,broadcast,ancestry_K3,3,True,0.7492913731054348,6,0.9965784806222714,0.996384808711247,0.9965277142322868,256,0.9964366258162758,0.9970445818434671,0.9999224945764283,0.07683511849306168,0.012452381127432589
frozen_algebraic_replay,127204,nested,1024,compatible,adam,0.003,broadcast,ancestry_K4,4,True,0.7492913731054348,6,0.9968847843901624,0.9966949850913502,0.9967290729752385,256,0.9967313825400336,0.9984350861459144,0.9999589428078406,0.0559230494543271,0.012452381127432589
frozen_algebraic_replay,127204,nested,1024,compatible,adam,0.003,broadcast,ancestry_K5,5,True,0.7492913731054348,6,0.9977416044038383,0.99762553711666,0.9978479812281792,256,0.9979831639322847,0.9986969357918162,0.9999658063521211,0.051035224220258184,0.012452381127432589
frozen_algebraic_replay,127204,nested,1024,compatible,adam,0.003,broadcast,ancestry_K6,6,True,0.7492913731054348,6,1.0,1.0,1.0,256,1.0,1.0,0.9999999999999999,9.454089379136632e-16,0.012452381127432589
frozen_algebraic_replay,127204,nested,1024,compatible,adam,0.01,exact,unit_broadcast_fixed,1,False,0.0009185032890199186,6,-2.3984918909524047,-3.4277240202056323,-3.3011087648922137,256,-3.607234720491739,-0.3129635603801268,0.25160739280441036,1.3291106456244781,0.027254319982621837
frozen_algebraic_replay,127204,nested,1024,compatible,adam,0.01,exact,initial_mean_fixed,1,False,0.0009185032890199186,6,-0.09936874788732353,-0.2299482414583439,-0.2575048016055599,256,-0.292083782160248,0.057417579213739973,0.5568512720391932,1.0100824072419143,0.027254319982621837
frozen_algebraic_replay,127204,nested,1024,compatible,adam,0.01,exact,initial_mean_projection,1,True,0.0009185032890199186,6,0.24812575054755714,0.2283586878631102,0.26398024123622954,256,0.2095154797031421,0.679937567931204,0.7114923377572921,0.8650836300232606,0.027254319982621837
frozen_algebraic_replay,127204,nested,1024,compatible,adam,0.01,exact,best_fixed_rank1_q,1,True,0.0009185032890199186,6,0.3385174746700904,0.2506936534109983,0.27034594959127967,256,0.23475039994347924,0.2502879272668364,0.6040649882598952,0.9681714486697353,0.027254319982621837
frozen_algebraic_replay,127204,nested,1024,compatible,adam,0.01,exact,best_fixed_rank1_error,1,True,0.0009185032890199186,6,0.22669046014410055,0.23114461056646204,0.30741275171566873,256,0.23295834542856664,0.46934075401134456,0.680740175620709,0.8916460154636727,0.027254319982621837
frozen_algebraic_replay,127204,nested,1024,compatible,adam,0.01,exact,uniform_projection,1,True,0.0009185032890199186,6,0.1717389323675993,0.1743637460608064,0.12163209024106025,256,0.06921291104017835,0.5040006193496785,0.6979581319455407,0.8719631689807948,0.027254319982621837
frozen_algebraic_replay,127204,nested,1024,compatible,adam,0.01,exact,ancestry_K2,2,True,0.0009185032890199186,6,0.4768942877339074,0.4097841249334222,0.39668765347264956,256,0.29949559645715484,0.6087184876199393,0.7559565902612467,0.7964334540964726,0.027254319982621837
frozen_algebraic_replay,127204,nested,1024,compatible,adam,0.01,exact,ancestry_K3,3,True,0.0009185032890199186,6,0.6941670091100965,0.6336518037394441,0.6308022016673158,256,0.4453521905583536,0.6337780859226512,0.7692268498593032,0.7793374553449132,0.027254319982621837
frozen_algebraic_replay,127204,nested,1024,compatible,adam,0.01,exact,ancestry_K4,4,True,0.0009185032890199186,6,0.7970632358386622,0.7711230330165908,0.7480571742008274,256,0.7893105897275103,0.8641176361855112,0.9101294527345655,0.5034397639179363,0.027254319982621837
frozen_algebraic_replay,127204,nested,1024,compatible,adam,0.01,exact,ancestry_K5,5,True,0.0009185032890199186,6,0.8595812081014325,0.8351443141468782,0.792982876509468,256,0.833030917229191,0.8924678775497532,0.92827224925379,0.4528787779428271,0.027254319982621837
frozen_algebraic_replay,127204,nested,1024,compatible,adam,0.01,exact,ancestry_K6,6,True,0.0009185032890199186,6,1.0,1.0,1.0,256,1.0,1.0,1.0,8.311159652592725e-16,0.027254319982621837
frozen_algebraic_replay,127204,nested,1024,compatible,adam,0.01,global_projection,unit_broadcast_fixed,1,False,0.2851857949530656,6,-2.5052256747935604,-14.341410625208578,-1.6732596986315404,256,-3.5228879499934758,0.29083509854495393,0.8430800146597238,1.2015750916274632,0.2220250529861196
frozen_algebraic_replay,127204,nested,1024,compatible,adam,0.01,global_projection,initial_mean_fixed,1,False,0.2851857949530656,6,0.0704484910307317,-1.2299155973790792,0.11007653862396871,256,-0.21885785503693111,0.3850071655264698,0.9022847314393431,0.9229140324853129,0.2220250529861196
frozen_algebraic_replay,127204,nested,1024,compatible,adam,0.01,global_projection,initial_mean_projection,1,True,0.2851857949530656,6,0.3576443062025124,0.26262762323864225,0.32942957596326694,256,-0.6640009652925021,0.5230171093667969,0.9139826309721676,0.8691284637015886,0.2220250529861196
frozen_algebraic_replay,127204,nested,1024,compatible,adam,0.01,global_projection,best_fixed_rank1_q,1,True,0.2851857949530656,6,0.7556028912289943,0.47256074081650457,0.777631726814807,256,0.7066381744844474,0.6367373374808678,0.932869254534593,0.7710894093860761,0.2220250529861196
frozen_algebraic_replay,127204,nested,1024,compatible,adam,0.01,global_projection,best_fixed_rank1_error,1,True,0.2851857949530656,6,0.7468329309067374,0.46619834190580256,0.7868672636198827,256,0.7297369271155687,0.6430267489886924,0.9337867850168111,0.765999392666721,0.2220250529861196
frozen_algebraic_replay,127204,nested,1024,compatible,adam,0.01,global_projection,uniform_projection,1,True,0.2851857949530656,6,0.20218368446491952,0.14686737012377055,0.2588013362854952,256,-0.35366833173987766,0.2359865227908029,0.8491839285044738,1.161358700986867,0.2220250529861196
frozen_algebraic_replay,127204,nested,1024,compatible,adam,0.01,global_projection,ancestry_K2,2,True,0.2851857949530656,6,0.8337687732451171,0.5506622026235679,0.8583150955657686,256,0.6747281265875418,0.5349173640023995,0.9027878275957334,0.9385351189631876,0.2220250529861196
frozen_algebraic_replay,127204,nested,1024,compatible,adam,0.01,global_projection,ancestry_K3,3,True,0.2851857949530656,6,0.8794889650928459,0.7332079654053391,0.894806961934686,256,0.7055461063590849,0.5603697536505766,0.8919761676759144,1.0140443942792918,0.2220250529861196
frozen_algebraic_replay,127204,nested,1024,compatible,adam,0.01,global_projection,ancestry_K4,4,True,0.2851857949530656,6,0.901920328862862,0.8230178399399244,0.9156889972221085,256,0.9209706901802763,0.9016421344148683,0.9791257230735204,0.4356199565526853,0.2220250529861196
frozen_algebraic_replay,127204,nested,1024,compatible,adam,0.01,global_projection,ancestry_K5,5,True,0.2851857949530656,6,0.949520340303105,0.8947677531503094,0.9435152875984263,256,0.9565289660207238,0.9176181290319934,0.9823696573059025,0.40075754404475605,0.2220250529861196
frozen_algebraic_replay,127204,nested,1024,compatible,adam,0.01,global_projection,ancestry_K6,6,True,0.2851857949530656,6,1.0,1.0,1.0,256,1.0,1.0000000000000002,1.0,1.0735090873682379e-15,0.2220250529861196
frozen_algebraic_replay,127204,nested,1024,compatible,adam,0.01,shuffled_projection,unit_broadcast_fixed,1,False,0.2650361155296277,6,-5.05747459327552,-6.48548592447789,-4.987267325867957,256,-16.350392036986406,0.8866523894876442,0.9695723129348517,0.5112320181944623,1.065177747955663
frozen_algebraic_replay,127204,nested,1024,compatible,adam,0.01,shuffled_projection,initial_mean_fixed,1,False,0.2650361155296277,6,-0.2090003829956073,-0.3338183028340379,0.1482209481459693,256,-2.391809101337001,-0.8103320706292185,0.8226126443514615,1.180553572148993,1.065177747955663
frozen_algebraic_replay,127204,nested,1024,compatible,adam,0.01,shuffled_projection,initial_mean_projection,1,True,0.2650361155296277,6,0.3338999724204291,0.3311862195937937,0.37240095563530096,256,-0.8962186178921603,0.43482480484219294,0.8842521853138472,0.964681974724128,1.065177747955663
frozen_algebraic_replay,127204,nested,1024,compatible,adam,0.01,shuffled_projection,best_fixed_rank1_q,1,True,0.2650361155296277,6,0.5572209315003939,0.5392500004687455,0.7782278688706745,256,0.12189580924908139,0.17557849685266919,0.8783496613210457,0.9872783122691897,1.065177747955663
frozen_algebraic_replay,127204,nested,1024,compatible,adam,0.01,shuffled_projection,best_fixed_rank1_error,1,True,0.2650361155296277,6,0.5556224635932112,0.5377034660024128,0.780501345111812,256,0.1465648993706099,0.27688778495136723,0.8812038867803281,0.9764102013805309,1.065177747955663
frozen_algebraic_replay,127204,nested,1024,compatible,adam,0.01,shuffled_projection,uniform_projection,1,True,0.2650361155296277,6,0.1854477096347108,0.17141577917143155,0.1742504988261908,256,0.06376424465083697,0.7541707519868486,0.9063206950358329,0.8745965235079695,1.065177747955663
frozen_algebraic_replay,127204,nested,1024,compatible,adam,0.01,shuffled_projection,ancestry_K2,2,True,0.2650361155296277,6,0.6653742277816177,0.6386499555230822,0.8056954250164703,256,0.2500934719214212,0.47746738623798646,0.890870759293916,0.9385771876816894,1.065177747955663
frozen_algebraic_replay,127204,nested,1024,compatible,adam,0.01,shuffled_projection,ancestry_K3,3,True,0.2650361155296277,6,0.8571279815462921,0.8556655007517814,0.9235034844648736,256,0.30712460546190856,0.7585126448667888,0.9106811125690618,0.8554794391610717,1.065177747955663
frozen_algebraic_replay,127204,nested,1024,compatible,adam,0.01,shuffled_projection,ancestry_K4,4,True,0.2650361155296277,6,0.8901741449980355,0.890966993346206,0.9757882215734749,256,0.9958906798518276,0.9993390822516927,0.9998450812523585,0.036353681547283065,1.065177747955663
frozen_algebraic_replay,127204,nested,1024,compatible,adam,0.01,shuffled_projection,ancestry_K5,5,True,0.2650361155296277,6,0.9606896476959447,0.9463747685010473,0.9865096273180421,256,0.9984236853602813,0.9996247587463404,0.9999120435163995,0.027392422984115393,1.065177747955663
frozen_algebraic_replay,127204,nested,1024,compatible,adam,0.01,shuffled_projection,ancestry_K6,6,True,0.2650361155296277,6,1.0,1.0,1.0,256,1.0,1.0,1.0,3.3866934351939693e-16,1.065177747955663
frozen_algebraic_replay,127204,nested,1024,compatible,adam,0.03,subtree_projection,unit_broadcast_fixed,1,False,0.7399748596246846,6,-1.49898708063502,-2.1429035999475756,-1.3900545274030827,256,-7.652432049805711,0.4854101901880005,0.6008890608864496,0.8753975642152917,0.5642394817049247
frozen_algebraic_replay,127204,nested,1024,compatible,adam,0.03,subtree_projection,initial_mean_fixed,1,False,0.7399748596246846,6,0.38879886217139614,0.3199026884787701,0.39686897133961685,256,-0.18848395759454384,0.6042165280030808,0.6188156299078127,0.8769347125040167,0.5642394817049247
frozen_algebraic_replay,127204,nested,1024,compatible,adam,0.03,subtree_projection,initial_mean_projection,1,True,0.7399748596246846,6,0.4332262447692168,0.4172594799603474,0.4357149870466738,256,-0.24462584776961394,0.723769426199377,0.7750021835031788,0.6950083191526518,0.5642394817049247
frozen_algebraic_replay,127204,nested,1024,compatible,adam,0.03,subtree_projection,best_fixed_rank1_q,1,True,0.7399748596246846,6,0.9397625376471405,0.8909660420494265,0.9006144533196775,256,0.7869659998226977,0.5606599200089813,0.6539107876925904,0.8280461855362299,0.5642394817049247
frozen_algebraic_replay,127204,nested,1024,compatible,adam,0.03,subtree_projection,best_fixed_rank1_error,1,True,0.7399748596246846,6,0.9393702634670368,0.8904526538158634,0.9009707040325113,256,0.787756043102791,0.5629263617320666,0.6555340049226058,0.8265077932136461,0.5642394817049247
frozen_algebraic_replay,127204,nested,1024,compatible,adam,0.03,subtree_projection,uniform_projection,1,True,0.7399748596246846,6,0.15899870510845415,0.15072583584567037,0.15885874395496646,256,-0.3215131892570955,-0.3048219822770798,0.1993279606364154,1.114964395515954,0.5642394817049247
frozen_algebraic_replay,127204,nested,1024,compatible,adam,0.03,subtree_projection,ancestry_K2,2,True,0.7399748596246846,6,0.9422942591109296,0.8936985832677684,0.9067815157705831,256,0.6788283757592924,0.2524243441411543,0.42303602730600504,1.0381649547402372,0.5642394817049247
frozen_algebraic_replay,127204,nested,1024,compatible,adam,0.03,subtree_projection,ancestry_K3,3,True,0.7399748596246846,6,0.9465256884206821,0.9024264923316673,0.9095642663285685,256,0.6408820606092424,0.1792666569998436,0.36055957991244875,1.1012368142931102,0.5642394817049247
frozen_algebraic_replay,127204,nested,1024,compatible,adam,0.03,subtree_projection,ancestry_K4,4,True,0.7399748596246846,6,0.947840835109016,0.903824679522431,0.9114329083152686,256,0.6060658749539525,0.06757607053039487,0.26920172017122534,1.1836611829534422,0.5642394817049247
frozen_algebraic_replay,127204,nested,1024,compatible,adam,0.03,subtree_projection,ancestry_K5,5,True,0.7399748596246846,6,0.9559984623159065,0.9219179078954766,0.9223826337060141,256,0.4241054004270849,-0.17940026786884497,0.027510570458088194,1.4827104684577792,0.5642394817049247
frozen_algebraic_replay,127204,nested,1024,compatible,adam,0.03,subtree_projection,ancestry_K6,6,True,0.7399748596246846,6,1.0,1.0,1.0,256,1.0,1.0,1.0,9.959113894615594e-16,0.5642394817049247
