{
  "exc_layer0": {
    "standard_dendritic_shunting": {
      "mu": "-2.6754165",
      "sigma": "0.9489869",
      "ks_stat": {
        "mean": 0.17271578036011007,
        "std": 0.0022017505910736836
      },
      "ks_p": {
        "mean": 0.0,
        "std": 0.0
      },
      "median": "0.04948929",
      "mean": "0.12290583",
      "cv": "1.5605662",
      "skewness": {
        "mean": 1.0460432046616366,
        "std": 0.03147317730684136
      },
      "kurtosis": {
        "mean": 0.2857266839036607,
        "std": 0.1162325593824667
      },
      "n": {
        "mean": 46080.0,
        "std": 0.0
      }
    },
    "standard_dendritic_additive": {
      "mu": "-2.486801",
      "sigma": "1.1399946",
      "ks_stat": {
        "mean": 0.17463915501298805,
        "std": 0.001323305405793724
      },
      "ks_p": {
        "mean": 0.0,
        "std": 0.0
      },
      "median": "0.05448167",
      "mean": "0.18122351",
      "cv": "1.6281236",
      "skewness": {
        "mean": 0.8746398648665521,
        "std": 0.0083337352470924
      },
      "kurtosis": {
        "mean": -0.3977273729956149,
        "std": 0.02160431880743042
      },
      "n": {
        "mean": 46080.0,
        "std": 0.0
      }
    },
    "local_ca_dendritic_shunting": {
      "mu": "-2.6125307",
      "sigma": "1.2079325",
      "ks_stat": {
        "mean": 0.2455223507772851,
        "std": 0.028323671827152782
      },
      "ks_p": {
        "mean": 0.0,
        "std": 0.0
      },
      "median": "0.0366987",
      "mean": "0.19417958",
      "cv": "1.9962547",
      "skewness": {
        "mean": 1.4242008728411863,
        "std": 0.1882203144035364
      },
      "kurtosis": {
        "mean": 1.0164676147910439,
        "std": 0.5921534555969834
      },
      "n": {
        "mean": 46080.0,
        "std": 0.0
      }
    },
    "local_ca_dendritic_additive": {
      "mu": "-2.0422852",
      "sigma": "1.5896467",
      "ks_stat": {
        "mean": 0.22272145385887493,
        "std": 0.016247217086266752
      },
      "ks_p": {
        "mean": 0.0,
        "std": 0.0
      },
      "median": "0.07455146",
      "mean": "0.46726957",
      "cv": "1.843155",
      "skewness": {
        "mean": 0.7695709196297527,
        "std": 0.2784099531338381
      },
      "kurtosis": {
        "mean": -0.7504798728966033,
        "std": 0.6004761573476736
      },
      "n": {
        "mean": 46080.0,
        "std": 0.0
      }
    }
  },
  "inh_layer0": {
    "standard_dendritic_shunting": {
      "mu": "-1.6739995",
      "sigma": "0.8798832",
      "ks_stat": {
        "mean": 0.19597627895092506,
        "std": 0.001837389276489855
      },
      "ks_p": {
        "mean": 0.0,
        "std": 0.0
      },
      "median": "0.1261422",
      "mean": "0.3055007",
      "cv": "1.3301",
      "skewness": {
        "mean": 1.0875070338518662,
        "std": 0.04051090106288436
      },
      "kurtosis": {
        "mean": 0.2006205906998634,
        "std": 0.14084465155886908
      },
      "n": {
        "mean": 23040.0,
        "std": 0.0
      }
    },
    "standard_dendritic_additive": {
      "mu": "-1.3011589",
      "sigma": "1.0729635",
      "ks_stat": {
        "mean": 0.14624450259501312,
        "std": 0.002634970243193904
      },
      "ks_p": {
        "mean": 0.0,
        "std": 0.0
      },
      "median": "0.21244758",
      "mean": "0.5003787",
      "cv": "1.2220746",
      "skewness": {
        "mean": 0.5207942741734113,
        "std": 0.01082186047371796
      },
      "kurtosis": {
        "mean": -1.0456786756635288,
        "std": 0.016891839591432336
      },
      "n": {
        "mean": 23040.0,
        "std": 0.0
      }
    },
    "local_ca_dendritic_shunting": {
      "mu": "-0.77971995",
      "sigma": "1.7303876",
      "ks_stat": {
        "mean": 0.22923506097069452,
        "std": 0.015470216465185713
      },
      "ks_p": {
        "mean": 0.0,
        "std": 0.0
      },
      "median": "0.21362054",
      "mean": "1.790714",
      "cv": "1.5269126",
      "skewness": {
        "mean": 0.5393807429408202,
        "std": 0.11775188004346465
      },
      "kurtosis": {
        "mean": -1.3215072823206502,
        "std": 0.1504820316183326
      },
      "n": {
        "mean": 23040.0,
        "std": 0.0
      }
    },
    "local_ca_dendritic_additive": {
      "mu": "-1.2028623",
      "sigma": "1.3135629",
      "ks_stat": {
        "mean": 0.1993567579527183,
        "std": 0.013456187969700835
      },
      "ks_p": {
        "mean": 0.0,
        "std": 0.0
      },
      "median": "0.18019184",
      "mean": "0.787362",
      "cv": "1.6967412",
      "skewness": {
        "mean": 0.580470702513367,
        "std": 0.10533138041457088
      },
      "kurtosis": {
        "mean": -1.1068195046794809,
        "std": 0.2009195791636765
      },
      "n": {
        "mean": 23040.0,
        "std": 0.0
      }
    }
  },
  "exc_layer1": {
    "standard_dendritic_shunting": {
      "mu": "-2.9363601",
      "sigma": "0.8160419",
      "ks_stat": {
        "mean": 0.22292120067448304,
        "std": 0.0017589470810092194
      },
      "ks_p": {
        "mean": 0.0,
        "std": 0.0
      },
      "median": "0.034738638",
      "mean": "0.08868349",
      "cv": "1.8708779",
      "skewness": {
        "mean": 1.6860053510269686,
        "std": 0.04563327531660332
      },
      "kurtosis": {
        "mean": 2.5950222328764894,
        "std": 0.2733746616435744
      },
      "n": {
        "mean": 15360.0,
        "std": 0.0
      }
    },
    "standard_dendritic_additive": {
      "mu": "-2.354844",
      "sigma": "1.1966846",
      "ks_stat": {
        "mean": 0.15707757947242074,
        "std": 0.001658032032244426
      },
      "ks_p": {
        "mean": 1.8445e-319,
        "std": 0.0
      },
      "median": "0.06714291",
      "mean": "0.21492796",
      "cv": "1.6075138",
      "skewness": {
        "mean": 0.7399344734645823,
        "std": 0.015441667577835426
      },
      "kurtosis": {
        "mean": -0.6020189813377537,
        "std": 0.03333381410020709
      },
      "n": {
        "mean": 15360.0,
        "std": 0.0
      }
    },
    "local_ca_dendritic_shunting": {
      "mu": "-2.976062",
      "sigma": "0.8687758",
      "ks_stat": {
        "mean": 0.2701300245179722,
        "std": 0.013434378641331967
      },
      "ks_p": {
        "mean": 0.0,
        "std": 0.0
      },
      "median": "0.031572267",
      "mean": "0.09591995",
      "cv": "2.0882714",
      "skewness": {
        "mean": 2.2940525509007474,
        "std": 0.24893787431266365
      },
      "kurtosis": {
        "mean": 5.441914802437411,
        "std": 1.602547453549657
      },
      "n": {
        "mean": 15360.0,
        "std": 0.0
      }
    },
    "local_ca_dendritic_additive": {
      "mu": "-2.1614027",
      "sigma": "1.551727",
      "ks_stat": {
        "mean": 0.23482968801804924,
        "std": 0.023837815153842947
      },
      "ks_p": {
        "mean": 0.0,
        "std": 0.0
      },
      "median": "0.054205358",
      "mean": "0.4185746",
      "cv": "1.9367746",
      "skewness": {
        "mean": 0.9007896894472385,
        "std": 0.31468823098478443
      },
      "kurtosis": {
        "mean": -0.45216008163508936,
        "std": 0.7933181152537161
      },
      "n": {
        "mean": 15360.0,
        "std": 0.0
      }
    }
  },
  "inh_layer1": {
    "standard_dendritic_shunting": {
      "mu": "-1.6627252",
      "sigma": "0.84635395",
      "ks_stat": {
        "mean": 0.18586407767700502,
        "std": 0.002987686106475515
      },
      "ks_p": {
        "mean": 4.677369272964217e-217,
        "std": 0.0
      },
      "median": "0.13593781",
      "mean": "0.29560617",
      "cv": "1.262419",
      "skewness": {
        "mean": 1.0300651473698967,
        "std": 0.029517041223885522
      },
      "kurtosis": {
        "mean": 0.11165222412189676,
        "std": 0.09070613731134256
      },